0.423963
-0.486025
-0.776655
0.645265
-0.355201
0.733008
-0.813175
0.449770
-0.511209
-0.446475
0.760829
-0.12642
-0.474613
0.476369
0.953966
-0.873586
0.147986
0.456119
0.440881
0.911332
-0.464475
0.456810
0.581451
0.503549
0.433987
0.394066
-0.613742
-0.801236
-0.687923
-0.806910
-0.57006
-0.536170
0.556460
0.645986
0.610026
-0.342480
0.718010
0.868504
0.222224
0.424826
0.838429
0.883732
0.741952
0.56879
-0.995278
0.104468
-0.60638
0.289981
-0.665632
-0.647144
-0.9637
0.866512
-0.788915
-0.543461
0.107069
-0.700055
0.303531
-0.914022
0.301460
0.991710
-0.351043
-0.381727
0.253168
-0.545132
0.124027
-0.710812
0.181901
-0.861312
-0.828693
-0.14660
0.889412
-0.913965
0.331206
-0.754778
-0.831592
0.445758
-0.875370
-0.110670
0.15546
0.80043
0.848079
-0.789590
0.884532
0.33500
-0.572027
0.681691
0.311931
-0.170734
-0.456347
0.275805
0.704704
-0.986928
0.65400
-0.224964
-0.269752
-0.736872
0.612215
0.180515
-0.693716
-0.759028
-0.811232
0.759886
0.69080
0.766302
0.405188
-0.846072
0.796374
0.689966
-0.963302
0.975425
0.252642
-0.867238
0.271463
-0.394309
0.294473
0.263626
-0.626762
0.228870
0.503188
0.253974
-0.69983
-0.534620
-0.965750
-0.760835
0.172220
0.678459
0.997613
-0.806073
-0.626154
0.266959
-0.386424
-0.26334
-0.586801
-0.225381
0.283080
-0.31069
-0.95754
-0.252124
0.306627
0.506909
-0.298276
-0.420063
-0.247417
-0.81318
0.459222
-0.310551
-0.395215
-0.891537
-0.624793
-0.104710
0.112626
-0.293640
0.217821
0.786236
-0.591428
-0.519648
-0.994865
0.701945
0.198551
0.148558
-0.647893
-0.536125
-0.312347
0.541476
0.60933
-0.877718
0.814670
-0.898291
0.233475
-0.556939
0.494025
0.747311
0.49003
-0.763877
-0.748872
-0.421681
-0.887896
-0.956225
0.418172
0.170088
-0.692944
-0.685368
0.219164
0.540105
-0.300891
-0.793894
-0.722688
-0.316510
0.506814
-0.19247
-0.509174
0.685155
0.947790
0.113666
0.171785
0.877772
-0.331560
0.888695
-0.179504
0.36068
-0.74901
0.791663
-0.887520
-0.569281
0.221265
0.166372
-0.578512
-0.643862
0.9259
0.924969
-0.73987
0.78478
0.398585
0.988977
-0.912326
-0.574836
-0.371360
0.301169
0.507377
0.169567
0.491683
0.459081
-0.220171
-0.112850
0.893177
-0.959532
-0.356912
0.405416
-0.521536
0.849939
-0.935791
-0.453794
0.307627
0.82384
-0.141766
0.59998
0.136948
0.736348
0.654727
0.135606
-0.919721
-0.547773
0.649501
0.548483
-0.380287
0.121252
-0.339549
-0.139581
-0.330010
-0.494884
-0.506622
0.654281
0.106666
0.33393
-0.756180
0.858354
0.780490
-0.468887
0.392020
0.601029
-0.448496
0.604737
-0.813680
-0.984278
0.482637
-0.648171
-0.66749
-0.665533
-0.209435
-0.967513
-0.384278
-0.674221
0.748346
-0.627464
-0.193183
0.429026
0.467127
0.462430
-0.294434
-0.457202
0.442223
0.282682
-0.924179
-0.198740
-0.163494
-0.131933
0.508472
-0.745245
0.981968
0.429889
0.117555
-0.333183
0.925382
-0.381842
-0.275026
0.996888
0.460770
0.258926
0.744138
-0.67619
0.656624
-0.488109
-0.38412
0.454619
0.122416
0.711883
0.776127
-0.857358
0.873384
0.437679
0.594597
-0.382012
-0.230490
0.989373
-0.131309
0.398613
-0.289249
0.985735
0.636429
-0.864393
-0.873919
-0.515169
-0.621344
-0.384260
0.128080
-0.159491
-0.772859
-0.327101
-0.215145
-0.494330
-0.406170
0.167093
0.296018
0.539433
-0.142238
-0.207645
-0.980104
-0.698908
0.128046
-0.128880
-0.421460
0.527860
-0.862578
0.714020
-0.204139
0.456883
0.617647
-0.305730
-0.809508
-0.362465
-0.765342
0.484256
-0.325628
-0.895950
-0.299036
0.742506
-0.345906
-0.431167
-0.641680
-0.802561
-0.869891
-0.972481
0.916124
0.917555
0.156079
0.193730
0.882834
-0.699572
-0.410206
0.694842
0.136705
-0.946091
0.224066
-0.207449
-0.38799
0.227918
0.302158
-0.428932
0.994963
-0.460266
0.659212
-0.588815
-0.881039
-0.783213
-0.400262
-0.516840
-0.948107
0.52283
0.356543
0.554272
0.302446
0.336736
-0.15294
-0.855590
-0.628507
-0.677651
0.518909
-0.862470
-0.103910
-0.207545
0.156443
-0.73843
0.703670
-0.793076
0.418563
0.971907
0.678595
-0.358318
-0.590663
0.220498
0.562469
0.23242
0.713672
0.514030
0.564099
-0.838106
0.962314
0.857797
0.70780
-0.242549
0.547278
-0.726706
0.555803
-0.436115
-0.331637
0.881988
-0.587467
0.8189
0.823646
0.635073
-0.760148
0.657344
0.934185
0.904798
-0.198719
-0.527013
-0.394507
0.488223
0.371448
-0.613128
-0.97305
-0.629896
0.916699
-0.18616
-0.676658
0.160795
-0.675925
0.159268
0.849633
-0.131427
0.727765
0.310702
0.944864
-0.588934
0.239616
0.535750
0.697178
-0.538046
-0.803732
0.386927
0.243055
0.433548
0.882214
-0.529090
-0.689586
0.780200
0.351663
0.55975
-0.406180
-0.129192
-0.363323
0.499070
0.830588
-0.190731
0.110130
0.147415
-0.641733
0.788518
-0.690132
0.772147
-0.527182
0.313422
-0.675954
0.691725
-0.47011
-0.244283
-0.518563
-0.470837
0.296821
0.16176
0.788283
0.792840
-0.260908
0.986667
0.931671
-0.363463
0.343867
-0.854051
0.562636
-0.618308
-0.399397
0.19982
0.638648
0.299815
0.701444
0.891476
-0.512288
-0.436095
-0.298379
0.756940
0.697929
0.205255
-0.313642
-0.577970
-0.637786
-0.2277
0.91573
0.471495
0.545783
0.698394
-0.603655
0.769658
0.306890
-0.405491
-0.144868
0.351671
-0.799187
-0.400946
-0.132585
-0.505459
0.691546
-0.323907
0.562701
0.546044
-0.83066
-0.388416
0.350660
-0.835368
0.396532
-0.779172
0.919642
0.416901
0.204122
-0.864363
-0.829467
0.107080
-0.393912
-0.336836
0.742742
0.97801
0.160022
-0.61585
0.160644
0.684585
-0.137812
-0.131280
-0.110952
0.808989
-0.398733
0.168135
0.559527
-0.781918
0.222554
-0.942756
-0.34339
-0.340161
0.43127
-0.221396
0.298700
0.793651
-0.402442
0.526672
-0.989465
0.861173
0.41717
0.649102
-0.337227
0.103740
0.98831
-0.74135
0.603407
-0.843883
0.332395
0.883010
-0.3964
0.583961
-0.117945
-0.468857
0.478998
0.528312
-0.392043
-0.671016
0.157491
-0.321756
0.337606
0.905844
0.326540
-0.103899
-0.847711
0.806383
-0.179923
-0.290786
0.533681
0.437982
0.122377
-0.566099
0.176412
-0.276395
-0.528224
0.106577
0.26747
0.839547
-0.794853
-0.528574
-0.963060
-0.526943
0.241654
-0.957203
-0.93724
-0.820719
0.394183
0.763226
-0.656638
0.937203
0.154125
0.83397
0.605258
0.50511
0.382743
-0.75379
0.430395
0.5139
0.420052
-0.480090
-0.390232
0.762583
-0.720332
-0.904068
0.565431
0.594536
-0.917756
-0.933132
-0.117230
0.955830
-0.79080
0.362129
-0.633533
0.214230
-0.878668
0.600066
0.27833
-0.86020
-0.888459
-0.674191
0.347712
-0.722502
0.463013
0.821187
-0.155629
0.112921
0.324580
0.776889
-0.391375
0.44402
0.234495
-0.55296
0.523470
-0.43198
0.647757
0.414875
0.502470
-0.293641
-0.309363
0.94783
0.924551
0.216054
0.715458
-0.239948
0.533119
0.893229
0.961523
-0.62647
0.606194
-0.929627
0.855940
0.765772
0.481880
-0.356597
0.723298
0.772588
0.175436
0.446036
-0.530642
0.514081
0.3039
0.347727
0.872188
-0.449556
0.32573
0.732333
-0.723687
-0.763275
-0.106574
0.29515
0.571253
-0.510426
0.823450
0.153936
0.158799
-0.934205
-0.108032
-0.126401
0.725012
-0.458602
-0.471493
-0.678802
0.721744
-0.949804
0.78301
-0.174543
-0.814127
0.428948
-0.157785
-0.508022
0.283606
0.478423
-0.273217
0.371858
-0.697133
0.272166
-0.54099
-0.880159
-0.909397
0.636865
0.325635
0.186309
0.529083
-0.293692
-0.230845
-0.3452
0.792999
-0.938793
-0.86699
0.64445
0.173815
0.468812
-0.320283
0.36461
0.695287
-0.766434
0.517440
0.677036
0.84352
-0.733391
0.805148
0.378705
-0.735071
-0.664363
0.660854
0.121955
0.614475
-0.95288
-0.456091
0.680790
-0.837781
-0.688652
0.916320
0.401744
0.369121
-0.864926
-0.388330
0.288768
0.77483
0.945172
-0.714643
-0.605711
-0.690599
0.780228
0.349102
0.814420
0.940947
0.58456
-0.901464
0.890643
-0.595335
0.444855
-0.515554
0.623419
-0.203107
0.364078
0.668422
0.763221
0.187142
0.505711
-0.37172
0.755831
-0.855907
-0.351738
0.274487
0.27958
0.30656
0.886191
0.722789
0.171951
-0.594553
-0.360000
-0.505819
0.138349
0.699375
0.261909
0.996896
0.231019
-0.832027
0.126528
-0.374196
-0.9040
0.143651
0.467414
0.437546
-0.792338
0.691746
0.327780
-0.824615
-0.406879
0.142894
0.776891
0.202881
0.25299
0.139724
-0.174127
0.822665
0.435124
-0.627456
0.349109
0.58255
-0.613454
0.326489
0.463920
-0.923716
0.191448
0.572292
-0.239105
-0.8953
-0.842787
0.448935
-0.178950
0.232786
-0.754269
0.549317
-0.441597
-0.761178
0.390279
-0.512638
-0.755124
-0.757702
0.52020
-0.431263
-0.137873
-0.588234
0.621599
0.30278
0.825122
-0.447328
0.156011
-0.682770
-0.636923
-0.169012
0.47967
0.397753
0.667060
-0.782368
0.1802
0.526558
-0.686553
0.153039
0.668315
-0.141405
-0.962735
-0.72829
-0.618084
0.716355
-0.232251
-0.314913
-0.116073
-0.116014
0.900825
0.502213
0.628367
0.75007
0.659917
-0.623072
0.411365
-0.338021
0.385915
0.492846
0.682801
0.291710
0.127272
-0.711623
-0.351993
-0.542830
-0.242372
-0.671799
-0.106520
-0.185659
-0.491205
0.611021
0.605913
0.276670
0.876245
-0.28532
-0.527774
0.506803
-0.959570
-0.414744
0.562415
-0.80734
0.35323
0.191879
0.15692
0.424632
-0.218974
-0.409468
-0.501047
0.849420
0.4711
0.969043
-0.230898
-0.703885
-0.726976
0.502032
0.108908
-0.610531
0.851652
0.286074
-0.212654
-0.890593
0.779063
0.289220
0.535256
0.690107
-0.49296
0.588805
0.167700
0.987015
-0.444024
-0.700420
0.104517
0.729868
-0.146066
0.339865
0.759353
0.823053
-0.79576
-0.334879
0.799969
-0.671152
-0.716841
-0.645811
0.585352
-0.295570
-0.638225
0.615012
0.339646
0.215264
0.877175
0.877137
0.818293
0.691296
-0.361519
-0.29054
-0.83867
-0.527105
0.476515
-0.234306
-0.322095
-0.607595
0.558571
0.219415
-0.600192
0.416634
-0.22514
0.146599
-0.26665
-0.255028
0.413128
0.549672
-0.500640
-0.330407
-0.766045
-0.71727
0.610943
-0.81165
0.934635
0.584084
-0.251612
-0.44899
-0.810841
0.147637
-0.62098
-0.742042
-0.719452
-0.4925
-0.401195
-0.746305
0.932751
0.804437
-0.13707
0.229560
0.702534
-0.515874
-0.330714
-0.260977
-0.784975
-0.11765
0.843985
-0.838652
-0.78225
-0.816234
0.211615
-0.679365
-0.380572
0.204412
0.885756
0.891678
0.280321
0.575141
-0.1029
0.785295
0.277438
0.149430
0.583572
0.201212
-0.348013
-0.657570
-0.96338
-0.220346
0.853441
-0.903894
-0.375082
0.843839
0.719476
0.299143
-0.287804
0.506509
0.914202
0.203017
0.676727
-0.675924
0.938028
-0.100720
-0.219485
-0.511277
-0.262176
0.328475
-0.727095
-0.809014
0.623999
-0.683428
-0.225299
0.993397
0.394934
0.153628
0.116996
0.612753
0.195750
-0.89391
-0.67243
0.488161
-0.48544
-0.483029
0.21654
-0.254915
-0.432904
-0.590161
0.677338
0.797705
0.812677
0.660285
-0.297237
-0.501050
-0.502863
0.908222
-0.223814
-0.415877
-0.762075
-0.80703
0.223654
0.462087
-0.823018
0.314762
-0.184864
-0.605332
0.96504
-0.443567
0.538655
-0.403080
0.567762
0.644328
-0.740389
-0.580288
-0.991816
0.318897
0.512961
-0.388380
0.865938
0.869040
0.848313
0.564695
-0.739990
0.854910
-0.501935
0.352868
-0.601996
-0.861275
-0.90106
0.877553
0.618906
0.813744
-0.493788
-0.500551
-0.937971
0.443232
-0.360317
-0.763806
-0.48894
-0.411657
-0.909411
-0.136879
-0.794427
0.370145
0.956069
0.482808
-0.960502
0.223195
0.15029
-0.846720
0.126042
0.771990
0.330583
-0.619371
-0.670865
0.446659
-0.828258
-0.608037
-0.98045
0.539923
0.258585
0.145442
-0.835635
-0.706081
-0.125087
0.320018
0.875457
0.770193
0.144156
0.101870
0.453297
-0.428003
-0.648420
0.936945
-0.46926
-0.316931
0.15951
0.40951
-0.347362
-0.218603
0.332538
0.756284
-0.663333
-0.930389
0.432394
-0.655216
0.580789
-0.683598
0.635611
-0.8378
-0.130115
-0.504401
-0.787683
-0.514005
-0.325090
0.640199
0.820286
-0.381976
-0.955665
-0.323813
0.860977
-0.306454
-0.578600
0.703679
0.643300
-0.413101
-0.37366
0.952186
0.495559
0.509151
-0.231503
0.510982
0.578538
-0.568113
0.721676
-0.438614
-0.387308
-0.57123
-0.767824
0.696472
0.989211
-0.700892
-0.59779
0.400683
-0.151973
0.892340
-0.575536
0.467970
0.812633
0.204629
0.444361
-0.149666
-0.421015
0.797578
0.295
0.116316
-0.636327
0.48787
-0.502990
0.284149
-0.359304
0.71144
0.96164
-0.121619
-0.91549
-0.992162
0.2196
-0.883932
0.381321
0.128404
-0.208264
0.371122
0.94633
0.573401
0.385732
0.285291
-0.550393
-0.712582
-0.411901
0.588059
0.676802
0.72064
0.238402
-0.134915
0.670210
-0.1340
0.540743
0.239417
-0.825076
-0.749352
-0.186722
0.472198
-0.391078
0.900024
0.535333
0.855485
-0.68305
-0.407487
-0.399898
0.442782
-0.838425
0.464935
-0.332937
0.14545
-0.33523
-0.885174
-0.314892
0.473712
0.542152
-0.58005
-0.861820
0.805974
-0.841039
0.269536
-0.788567
-0.343750
0.672793
-0.6160
0.545741
-0.196448
-0.817306
0.832214
-0.438995
-0.870872
-0.196016
-0.574985
-0.842367
-0.20666
-0.110772
0.473400
0.2521
0.42683
-0.142187
-0.713749
-0.102253
-0.783546
0.991820
0.568110
-0.438039
-0.928314
-0.884212
0.208244
0.916963
0.442691
-0.35464
0.959779
-0.249594
0.746005
0.567659
0.596062
0.886304
-0.622176
0.511721
-0.825291
0.661974
-0.100168
-0.289609
0.305470
0.53674
0.750661
0.696957
0.159828
0.229255
-0.854684
0.398292
-0.499531
-0.346707
-0.162720
0.828346
0.324541
0.774320
0.552859
0.249473
-0.786855
-0.639195
-0.424989
0.764308
0.282703
0.523355
-0.306830
-0.620838
0.722595
-0.928069
-0.858678
-0.906030
-0.246736
0.640632
-0.260633
-0.174276
0.225956
0.617708
-0.149623
-0.268468
-0.375580
-0.118770
0.746175
-0.5124
0.223506
0.386790
-0.689609
0.781756
-0.489523
-0.768644
-0.828846
0.346700
0.272744
-0.222101
-0.346425
0.887398
-0.831448
-0.437120
-0.262128
-0.79098
-0.891790
-0.567820
0.275060
-0.550448
-0.288317
0.63796
0.778365
-0.171967
0.374905
0.506180
0.433693
0.992392
0.432450
0.359117
-0.904461
-0.180214
0.420455
-0.410355
-0.130314
0.492803
0.796248
0.535796
-0.967097
-0.658426
0.650887
-0.612389
0.74537
0.866073
0.66997
0.717919
-0.179757
-0.284063
0.678871
-0.812080
-0.171574
0.744169
-0.377835
-0.575140
0.536784
-0.719639
0.914526
-0.788603
-0.453161
-0.528755
-0.912571
-0.491617
0.177511
0.725245
0.986451
-0.698272
-0.874913
0.642200
-0.755111
0.114033
-0.483612
0.995919
0.165700
0.936257
0.471903
0.139019
-0.744391
-0.509508
0.439021
-0.810989
0.804783
0.99850
-0.468055
0.448796
-0.508447
-0.515061
-0.396501
0.906549
0.328207
-0.697414
0.824172
-0.733641
-0.499775
-0.523170
-0.510607
0.880621
0.843421
0.27790
-0.271577
-0.50994
-0.72120
-0.288436
0.109740
-0.63527
-0.70497
0.270762
-0.630079
0.979584
0.763905
-0.585003
0.353267
0.622606
-0.478799
-0.24517
-0.159686
0.46753
-0.157919
0.733132
0.46528
-0.221959
-0.73952
0.528046
0.13477
0.350238
0.43089
0.568246
-0.917217
0.109397
-0.357600
0.662745
-0.209425
-0.265445
-0.561040
-0.667709
-0.827940
-0.240945
0.898742
0.638628
-0.309326
-0.205953
-0.440460
-0.748772
0.481403
-0.270046
-0.508435
0.388993
0.158642
0.117909
0.685719
-0.843603
-0.191639
-0.931904
0.369892
0.518952
-0.75751
-0.547985
0.15456
-0.390242
0.671278
0.368566
-0.625784
-0.930278
-0.928350
-0.536812
0.350158
-0.644081
-0.981316
-0.148530
0.146517
0.546778
0.425091
0.254833
-0.907873
-0.970110
0.338067
-0.791569
0.612587
-0.780981
-0.286386
-0.671359
-0.214561
0.211045
-0.407777
-0.579789
-0.59761
-0.809267
0.254035
0.441751
-0.741879
0.257411
-0.266889
0.592854
-0.287179
-0.936766
-0.724334
-0.759166
-0.956269
0.167477
-0.362491
-0.467397
-0.906538
0.423457
0.373469
0.838833
0.309774
0.227999
0.661577
-0.972493
-0.227394
-0.71378
-0.550089
-0.406975
-0.317109
0.903109
0.354423
-0.618205
0.163522
-0.421534
0.455928
-0.168692
0.872963
0.858718
0.250249
0.32353
0.256823
0.429371
0.934276
-0.829622
-0.443503
0.447338
-0.103237
-0.58887
0.656262
0.803751
0.773492
-0.394245
-0.918191
0.730052
0.600527
-0.162436
0.382489
-0.180614
-0.460858
-0.600855
0.742968
0.702288
-0.146440
-0.145669
0.274301
0.914893
-0.954568
-0.243306
-0.78454
-0.557552
0.252116
-0.52683
-0.828147
-0.467722
-0.243533
-0.709720
0.149474
-0.381763
-0.689536
0.98618
0.993205
0.560688
-0.355354
0.336885
-0.777352
-0.112789
0.130777
0.180425
-0.915121
0.280635
0.749429
-0.177860
0.918715
0.711171
0.87055
-0.121146
0.856004
0.60739
-0.485828
-0.645166
0.324766
-0.325353
-0.956131
0.447172
0.186630
-0.29907
0.234514
-0.867668
0.800094
-0.794186
0.904980
0.114
0.113518
0.972343
-0.974830
0.895230
-0.408169
-0.787843
0.759066
-0.235553
-0.479175
0.430812
0.505931
0.899624
-0.393671
0.709526
0.641846
0.575988
0.286846
0.871062
-0.198544
0.593976
0.19580
0.487366
-0.133188
-0.273398
-0.21083
0.358757
-0.35395
0.865743
-0.984895
0.244070
0.317614
0.898457
0.401093
-0.415193
-0.568516
0.722703
-0.907342
-0.915798
0.449340
-0.685597
-0.409759
-0.30141
-0.335440
0.390574
-0.987506
-0.979781
0.487407
-0.942285
0.164110
-0.4490
-0.883001
-0.353426
-0.969967
0.863577
0.974773
-0.922435
0.626233
-0.862391
-0.364813
-0.314714
0.920314
-0.690144
0.689086
0.812573
-0.22612
-0.102175
-0.576962
0.728660
-0.241178
-0.482589
0.174116
-0.116836
-0.390306
-0.278375
-0.748545
0.140143
-0.920289
-0.592932
-0.495420
-0.978924
-0.738921
0.456350
-0.569406
0.379165
0.293600
-0.542888
-0.299483
-0.784418
0.155303
-0.961261
0.688587
0.605411
-0.448043
0.734603
-0.603849
-0.494200
0.310980
0.691358
-0.651914
-0.207322
0.481333
0.929583
-0.442638
0.503310
0.809498
0.534494
-0.82327
-0.623313
0.338249
-0.506538
0.587797
0.833925
-0.467641
-0.295515
-0.628510
-0.581422
-0.285752
-0.923364
0.774062
-0.842684
0.407598
-0.597998
-0.33437
0.53000
-0.611932
0.346489
-0.592981
0.614858
0.738401
-0.212882
0.445915
0.993106
-0.338013
0.492761
-0.859498
-0.211987
-0.228977
-0.789726
0.580353
-0.150452
-0.434969
0.908367
0.193707
-0.121277
-0.466303
-0.815371
0.644815
0.676589
-0.757653
0.611255
0.21148
0.916951
-0.665932
0.512539
-0.582109
0.954922
0.676285
-0.77733
-0.902867
0.318453
0.49521
-0.314092
-0.975007
0.193516
0.676383
0.382515
0.660717
-0.947657
0.38848
-0.605638
-0.155893
0.154388
0.940202
0.734875
0.463835
0.244943
-0.219858
-0.724044
-0.66068
0.443877
0.755035
0.439984
0.642210
0.291458
-0.396894
-0.302016
-0.974009
-0.417670
0.721229
-0.789985
-0.238578
0.214772
-0.110316
-0.653301
-0.889080
0.435189
-0.439922
-0.608924
0.811870
0.763192
-0.313830
0.277904
0.554317
-0.234756
-0.880824
0.493315
0.92374
-0.94191
0.195960
0.411780
0.877375
0.761860
-0.754846
-0.399430
-0.303870
0.291833
0.260535
0.421892
0.298016
-0.639454
0.197742
-0.814595
-0.873561
-0.525511
0.172630
0.670913
-0.816964
-0.883655
0.836261
-0.654879
0.478412
0.274184
-0.32802
-0.586503
0.869077
-0.26011
0.875079
-0.389639
0.265744
0.334513
-0.368794
-0.4732
0.954552
-0.273921
-0.687825
0.480001
-0.391865
-0.937888
-0.482965
0.788190
0.266700
0.451565
0.687512
-0.923123
-0.272708
-0.907984
0.779415
-0.859965
-0.833808
-0.557484
-0.95391
-0.720574
-0.824374
0.944628
0.699205
-0.175734
-0.63372
0.140389
-0.984857
0.220494
-0.837501
0.448123
-0.590250
0.867235
-0.474680
0.462043
0.11261
-0.573680
-0.357431
-0.142975
-0.767478
0.55246
0.462362
-0.98088
0.291851
0.737488
0.479764
0.262620
0.526404
-0.10425
0.103631
-0.87508
0.171438
0.950527
0.695848
-0.618210
-0.444917
-0.810529
-0.385443
-0.387202
-0.743551
0.839351
-0.826653
0.809682
-0.780883
-0.870494
-0.808927
0.515758
-0.135542
-0.25587
0.108844
-0.327421
0.833605
0.977392
0.562920
0.929046
0.5636
-0.46139
0.903073
0.701700
-0.675928
-0.601174
-0.46549
0.981573
0.132273
0.562538
-0.683661
0.311231
-0.60613
0.769018
0.169570
-0.446357
-0.15518
-0.523849
0.864669
-0.635251
-0.314095
-0.541804
-0.386061
-0.91792
-0.79593
0.275804
0.60641
-0.313224
0.392012
0.261140
0.813011
-0.736789
0.716345
0.779824
0.2539
-0.637963
-0.684204
-0.226335
-0.735849
-0.621303
0.488809
0.95049
0.516848
0.187057
0.6868
-0.986794
0.672046
-0.681112
0.16926
-0.969405
-0.908715
0.885157
0.819839
0.695888
-0.945972
0.887483
0.247003
0.500584
0.390805
0.189063
-0.652190
0.250256
-0.932146
0.712627
0.425008
0.484890
-0.322104
-0.475698
0.997892
-0.697632
0.521482
-0.894997
-0.83999
0.565041
-0.83222
0.905182
0.446314
0.59648
0.119511
-0.843885
0.487011
-0.427299
-0.731527
-0.467411
0.107288
0.705987
0.266510
0.429959
0.996566
0.858017
-0.265457
0.331553
0.951342
0.122936
-0.196181
0.164428
0.328300
-0.525012
-0.527429
0.821950
-0.673818
-0.812543
0.128922
0.323541
-0.270207
-0.721628
0.461110
0.763787
0.477087
0.32361
0.369896
-0.389164
-0.304869
-0.274376
0.422951
-0.16071
-0.140616
0.553449
-0.587468
0.911378
-0.574901
-0.393339
0.235244
-0.481167
0.76554
-0.418303
0.226669
0.661000
0.754348
-0.912892
0.64407
0.790421
0.757577
0.990914
-0.737213
-0.719073
-0.84356
-0.380829
0.818596
-0.548284
0.408228
-0.857953
0.806759
0.199140
0.487034
0.771112
0.557348
-0.272817
-0.938108
0.176324
0.198729
-0.20140
-0.40514
0.119037
0.812022
0.754261
0.150261
-0.887853
0.163872
0.67184
-0.715378
-0.202347
-0.916182
-0.104005
0.771601
-0.45964
0.692078
-0.769767
-0.499779
-0.108055
0.72478
-0.48404
0.507235
-0.728815
-0.539603
0.322013
0.634296
0.44060
0.32229
-0.437473
0.944746
-0.290512
-0.582246
0.402122
-0.981788
-0.426531
-0.888846
-0.826061
0.443897
-0.583540
0.867228
-0.754833
-0.978969
0.84707
-0.463311
0.331381
-0.521970
-0.561235
-0.714877
-0.218946
-0.989886
-0.299987
0.636764
-0.307517
0.197277
-0.580513
-0.345666
-0.82382
-0.166945
0.335835
-0.205622
-0.554666
0.321814
0.864513
0.595610
-0.766061
-0.245288
-0.496933
0.708449
0.995418
-0.728212
0.486584
-0.460334
-0.398515
-0.252408
0.773888
0.950622
0.734679
-0.960808
0.825481
0.199003
0.174619
0.173943
-0.359048
-0.508708
-0.304471
0.479453
-0.343503
-0.876374
0.567067
0.509072
-0.619517
-0.185862
-0.248484
0.469741
-0.735792
-0.698211
0.145740
-0.614669
0.787252
-0.891958
0.393001
0.399131
-0.311200
-0.994875
-0.920639
0.251927
-0.996347
-0.927058
0.100811
0.351500
-0.614600
0.779719
0.954570
0.781481
0.66821
0.349898
0.77556
-0.712680
-0.540886
-0.816079
-0.760559
-0.34386
-0.505795
-0.34441
-0.907300
0.475914
0.952005
-0.798593
-0.199078
-0.164750
-0.286219
-0.242074
-0.780029
-0.301587
-0.695014
-0.815144
-0.185673
0.245184
0.843679
-0.330779
-0.181919
-0.789232
0.95030
-0.556851
-0.684252
0.76360
0.752601
0.366950
0.789541
-0.369897
-0.302556
0.972832
0.550925
-0.212401
0.13994
0.661936
0.382577
-0.846189
0.555345
0.804420
-0.124642
0.726421
-0.199215
0.926226
-0.278261
-0.506015
-0.997517
-0.101750
0.213216
0.459399
0.890036
-0.939475
-0.605207
0.299278
0.705056
-0.400150
0.500831
0.739646
-0.736296
0.721506
-0.994699
0.144431
-0.739072
0.57011
0.76685
0.212202
0.670449
-0.272040
-0.453693
0.952561
0.191368
0.21152
0.995635
-0.424949
0.943022
-0.295545
0.923032
-0.446291
-0.202509
0.130745
-0.52417
-0.762269
-0.10977
0.31227
0.638331
-0.656125
0.852851
-0.70955
-0.438076
-0.129474
-0.675064
0.318820
-0.381347
0.776553
-0.784766
-0.379404
-0.766599
-0.592753
-0.725038
0.758599
0.640472
0.225772
-0.92002
-0.374515
0.825336
0.427528
0.961713
0.614848
0.544164
0.959621
0.815053
-0.198817
0.29754
0.875580
0.448255
0.634513
-0.81608
-0.98404
0.189717
0.736392
0.525964
0.31805
-0.459326
-0.863442
0.70760
-0.365125
0.711145
0.983817
-0.388217
-0.495692
0.42633
-0.441553
0.23195
-0.330556
0.561932
0.744318
-0.263574
0.91926
0.939130
0.242742
0.327487
-0.412055
0.204514
0.295884
0.804325
-0.945556
-0.954485
0.487553
0.959770
-0.223298
0.917762
-0.609599
-0.743740
-0.420588
0.689597
0.725464
0.787550
-0.572069
0.566095
0.101148
0.175881
0.733732
-0.950166
-0.140751
-0.72098
-0.947991
0.331666
0.171197
-0.291819
-0.790981
-0.287821
-0.31204
0.170317
0.583788
0.987578
-0.623185
-0.764344
-0.810178
0.610906
-0.657151
-0.831331
0.672866
-0.195436
-0.754755
-0.468553
-0.501375
0.578534
-0.348098
0.135853
-0.485263
0.165878
0.803243
0.498070
0.161085
-0.597054
-0.308334
-0.456082
0.107734
-0.857967
0.655125
0.924578
0.599247
0.205431
-0.768315
0.428287
-0.981068
-0.394732
0.524388
0.946788
-0.1779
0.536413
0.488580
-0.807665
0.160365
-0.975156
0.24858
-0.488342
-0.435551
0.604155
-0.551410
0.973798
0.142960
0.865845
-0.777684
0.385525
0.872827
-0.605929
-0.430785
-0.474074
0.111932
0.922992
0.381669
0.277247
0.621459
0.53792
0.946549
0.738051
-0.428824
-0.273209
-0.932881
0.502324
-0.97024
-0.167116
0.554553
0.635311
-0.123125
-0.319627
-0.2341
0.354719
0.510981
0.313022
0.468805
-0.63391
-0.171322
0.104138
-0.511686
0.426264
0.747420
0.169223
0.267275
0.484810
0.395541
-0.927899
0.917664
0.21682
-0.723834
-0.402527
-0.418482
-0.606621
-0.318870
-0.726711
-0.833573
-0.471970
0.779061
0.399319
-0.962079
0.469441
0.204919
0.755502
0.712662
-0.67580
-0.660945
-0.145488
-0.452377
-0.218287
-0.979220
0.118155
-0.130678
-0.910139
0.747670
0.988780
-0.709941
0.583721
0.371913
0.553796
-0.149112
-0.37424
-0.607836
0.922188
-0.451373
-0.347813
0.601825
0.759738
0.88798
0.674947
-0.528393
-0.62570
0.638300
0.669546
-0.501867
0.127493
-0.361071
-0.977388
-0.380533
-0.61824
-0.556403
-0.778851
-0.908310
0.407084
0.757523
0.866280
-0.745759
0.40602
0.575142
-0.426977
0.449843
0.244340
-0.235739
0.812525
0.154008
0.480882
0.316691
0.868639
0.831027
-0.254813
0.874108
0.390819
-0.566296
0.36631
0.657922
0.251151
-0.534431
0.951384
0.749923
0.419147
0.670964
0.130694
-0.676115
-0.245361
0.307762
0.128397
0.137620
-0.350793
-0.983341
-0.878059
0.883738
0.781734
0.141054
-0.221044
0.13380
0.827613
0.572926
-0.188352
0.473994
0.305240
-0.450239
-0.512682
0.469205
-0.808129
-0.767252
0.610162
0.331751
-0.585512
-0.641367
-0.880136
-0.995804
0.855444
0.182409
-0.850476
-0.477509
-0.987215
-0.105705
-0.31960
0.363373
0.543808
-0.558982
0.781616
-0.578571
-0.396243
0.206388
0.907390
0.16833
-0.287275
0.322982
0.888350
0.809819
-0.760943
0.375463
-0.6786
-0.182049
-0.385813
0.253622
0.664469
-0.567261
0.84836
0.369796
-0.975843
-0.787764
-0.102223
-0.917222
0.460293
0.382491
-0.158918
-0.46844
-0.529494
0.265355
-0.486277
-0.115441
-0.867523
0.244163
0.456352
-0.977289
-0.588
-0.211666
0.908503
0.609737
-0.888633
0.106384
0.782886
-0.245960
0.898475
-0.744039
0.546645
0.568203
0.58535
-0.915583
-0.426325
0.463435
-0.690629
0.562428
0.836693
-0.484280
-0.197097
0.289230
0.260245
0.808715
0.79209
-0.59825
0.928587
-0.556374
0.440394
-0.18362
0.881181
-0.842688
0.705954
-0.203646
-0.609986
-0.300677
0.794943
-0.303419
0.157801
0.730261
0.181241
-0.379217
-0.934466
0.613303
0.440253
-0.790635
-0.662518
0.925949
0.554791
-0.427471
-0.333874
-0.971861
-0.350760
0.216710
0.903766
0.261925
-0.769761
0.711189
-0.609438
0.628143
0.988862
0.403831
0.568453
0.536205
-0.492080
-0.804374
-0.724529
-0.987476
0.84219
-0.100204
-0.183861
0.105697
0.35975
-0.206905
-0.174083
0.727810
-0.286530
0.847029
-0.494125
0.10932
-0.863263
-0.328513
0.624245
0.179434
0.552880
-0.729153
0.158119
0.239420
-0.168089
-0.872213
0.314078
-0.21469
-0.764368
-0.971944
-0.768085
-0.761051
0.314534
-0.251845
-0.954610
-0.163595
0.710918
-0.793287
-0.727599
-0.95836
0.995385
0.754213
0.600776
-0.910071
0.676886
-0.139990
0.381243
0.109024
-0.539662
-0.150908
0.792148
0.34466
-0.207252
0.921160
0.376813
-0.863244
-0.17750
0.198013
-0.942197
-0.500023
-0.22804
-0.96758
-0.90110
0.132529
0.83003
-0.156748
0.597941
0.927274
-0.535320
0.772748
0.381783
-0.800683
-0.286155
-0.50763
0.623132
-0.880139
-0.223503
-0.82688
0.215384
-0.459738
-0.498654
-0.206243
-0.324053
-0.934492
0.498304
0.771506
-0.375938
0.312324
0.87237
-0.406797
0.430226
-0.389010
0.296537
0.483696
0.203267
-0.326661
0.592625
0.831221
0.182774
-0.292404
0.505659
0.593870
-0.668804
-0.576394
0.785635
0.499116
0.786479
-0.385943
-0.392529
0.111290
-0.362130
0.330422
-0.487207
-0.387786
0.476414
0.867413
-0.293158
-0.896374
0.400182
-0.267060
-0.972311
-0.434383
0.687007
-0.358158
-0.722670
-0.708036
0.423751
0.555907
-0.232807
-0.97293
0.172941
-0.207646
-0.458693
0.460765
-0.93140
-0.77397
0.526706
0.856945
0.848459
0.325953
0.200904
0.172281
-0.588801
-0.51966
0.704586
-0.47181
-0.630317
-0.859978
0.907903
0.980591
-0.564922
-0.99198
0.86121
0.338046
0.687598
-0.22061
0.697989
0.29510
0.955234
-0.141102
0.747088
-0.537348
-0.475814
-0.499120
-0.234423
0.417464
-0.570404
0.923677
-0.472805
0.591105
0.442075
-0.565258
0.356564
0.943207
-0.708949
-0.487971
-0.788945
0.382498
0.455351
0.197533
-0.394034
-0.38175
-0.648012
0.620963
-0.739928
0.797573
0.374290
0.838419
0.990304
-0.559005
-0.382288
-0.187994
-0.588648
-0.985048
0.484816
0.766477
0.313931
0.359641
0.282857
-0.599112
-0.225377
-0.237492
-0.792222
0.846874
-0.890242
-0.514484
0.969207
0.476467
-0.305675
-0.634559
0.676801
-0.185694
0.722041
-0.469027
0.558643
-0.576739
0.981177
0.416392
-0.406495
-0.72278
-0.185497
0.85619
-0.805592
-0.745264
0.56305
-0.934463
-0.813565
-0.756542
-0.181844
-0.573209
0.810061
-0.557212
0.480532
0.597342
-0.753222
0.700116
-0.772734
-0.609776
-0.864173
0.238650
0.767568
0.202641
0.809623
0.633092
-0.701105
0.764660
-0.388953
0.335108
-0.295477
0.789216
-0.118422
0.503771
-0.791419
-0.18539
0.984939
-0.125127
0.946655
-0.849993
-0.286951
-0.264099
-0.238442
-0.15574
-0.350631
0.529585
0.799485
0.727512
-0.324486
0.841768
-0.861182
-0.287850
0.150201
-0.631333
-0.740745
-0.853135
-0.997116
0.48457
0.145993
0.895659
-0.931067
-0.175437
0.260398
-0.164812
-0.650584
0.217143
-0.899592
-0.874240
0.434323
-0.146650
0.19604
-0.751821
0.633372
-0.768632
-0.380663
0.308694
0.122239
0.558634
0.903433
-0.227
-0.762732
0.582136
-0.755067
-0.228470
0.994654
0.913515
-0.407609
-0.547331
0.981967
-0.853051
0.12958
-0.190712
0.162229
-0.550540
-0.505498
-0.652385
0.317193
0.963258
0.723602
-0.294355
-0.599552
0.732514
0.389558
-0.80847
-0.628513
0.250508
0.611996
0.293022
-0.706920
0.388944
-0.943385
0.480648
-0.308555
-0.849190
-0.151987
-0.266765
0.384119
0.307757
-0.311829
-0.661556
0.355207
0.98167
-0.353285
0.774133
-0.267455
-0.272623
0.237111
0.504122
-0.229882
0.610527
0.13210
0.166112
-0.909275
0.687359
-0.378827
-0.161448
0.260980
-0.217590
-0.167156
-0.190823
0.703856
-0.194507
-0.249422
-0.519337
-0.568293
0.893877
-0.523508
0.11537
0.50211
-0.653889
0.564164
-0.195777
0.107656
-0.472113
0.954146
-0.258479
0.159087
-0.631674
0.151615
0.920517
0.797228
0.334116
-0.907087
0.786224
0.560901
-0.419041
-0.288154
0.466561
0.577241
-0.703326
-0.117963
-0.705742
0.931143
-0.718263
0.4779
0.835371
-0.485878
-0.155448
-0.31492
0.866617
0.898138
0.233811
0.933181
0.614807
0.155399
0.558162
-0.796291
0.583117
0.117672
0.326545
0.972865
-0.440811
-0.847755
-0.368062
-0.54283
-0.504344
0.553041
-0.655066
0.954880
0.512997
0.104358
0.416346
-0.367767
-0.144436
-0.849901
0.124242
-0.149249
-0.314214
-0.677664
-0.908955
-0.433307
0.200721
0.184159
-0.505275
-0.642012
0.282022
0.122135
-0.163372
0.730537
-0.491693
-0.778789
-0.919556
0.213693
0.957746
-0.432399
0.139658
-0.312705
-0.884760
0.712519
-0.152255
0.924660
-0.100902
-0.648998
-0.53050
-0.88435
-0.476325
-0.193383
0.311615
-0.146005
0.814787
-0.168767
-0.476815
0.327528
-0.494688
-0.784315
-0.910931
-0.597573
-0.272122
0.308812
0.658811
-0.418972
-0.264473
-0.563722
0.535784
-0.878154
0.320836
0.854072
0.44746
0.191931
-0.738000
-0.219082
0.717925
-0.177117
-0.95931
-0.347924
0.399529
-0.922582
0.411955
-0.272795
0.712384
0.847367
0.230575
0.347224
0.883041
-0.847461
0.548105
0.269973
0.399551
0.288781
0.965723
-0.282928
0.436305
0.545607
0.691815
0.828705
0.2056
0.437420
0.377512
-0.24305
-0.872855
-0.397947
0.454662
0.719694
0.147714
-0.382399
-0.161533
-0.478690
-0.870837
0.962452
0.875404
-0.483205
0.499933
-0.142796
-0.737974
0.654351
0.71572
0.64494
0.752922
-0.896799
-0.309016
-0.14074
0.944525
-0.584741
0.549766
-0.410719
0.371054
0.335335
-0.330902
0.264785
-0.161585
-0.712409
-0.4139
-0.275743
0.593796
0.657698
0.968092
0.373362
-0.713593
-0.760683
-0.54352
0.721234
-0.581679
0.329098
0.51053
0.14161
0.545724
0.478499
0.536178
0.306926
0.959488
-0.32787
0.669101
0.356549
-0.913309
-0.162405
0.321340
0.909420
0.972914
-0.848305
-0.348753
-0.269310
-0.621741
0.444342
0.534756
0.804246
0.748596
-0.938177
-0.792239
-0.833095
0.961015
0.189561
-0.428197
0.701727
0.370203
0.941430
-0.445202
0.129787
0.991254
0.741216
0.874453
0.52958
0.931552
-0.589803
0.318566
0.945691
0.451103
0.78289
0.783290
-0.796763
0.846400
-0.388802
0.981638
0.874898
0.125422
-0.531606
-0.194281
-0.139277
0.575700
0.365976
-0.668330
-0.690200
-0.995975
-0.547790
-0.64857
0.449111
-0.599100
-0.719211
0.389207
0.586335
0.242928
0.547209
0.702506
-0.595746
-0.931918
0.688825
0.306093
-0.268738
0.663866
0.114038
0.677435
-0.156332
-0.917415
-0.889977
0.502358
0.853955
-0.110606
0.731552
0.604002
-0.607671
0.805373
-0.685225
-0.708226
0.962591
-0.286844
0.617168
0.639779
0.789870
-0.165397
0.380168
-0.188864
-0.445745
0.151640
-0.112583
0.20948
-0.807915
0.49455
0.486843
0.963456
-0.162479
0.526065
-0.247284
0.69500
-0.239391
-0.749706
0.451708
0.886387
-0.754393
0.107455
-0.310023
0.619935
-0.471076
0.611079
0.976128
-0.923707
-0.857539
0.434607
-0.131968
-0.174682
0.288061
0.23623
-0.895663
0.153575
-0.980742
0.33385
-0.905786
0.925056
0.871767
-0.851135
-0.143374
0.986503
-0.740966
0.138441
0.957921
0.760646
0.753863
0.502104
-0.243335
-0.815936
-0.916710
0.31195
-0.535346
0.715712
0.525090
-0.771360
-0.374393
-0.702082
0.211677
-0.504645
0.669998
0.448285
0.598616
-0.106092
0.122421
-0.582382
0.287702
-0.377980
0.602533
0.262865
-0.209595
-0.345144
0.308441
-0.732051
0.404101
-0.722421
0.51044
-0.47016
0.153800
-0.491613
0.591489
-0.315353
0.203924
-0.218591
-0.336082
-0.966785
-0.32034
-0.646018
-0.875507
0.376945
0.647470
-0.386411
-0.819130
-0.864528
0.102888
0.249152
-0.430136
-0.89921
0.290542
-0.473222
-0.822673
-0.688654
-0.751936
0.711534
0.261797
0.423403
0.220551
-0.640487
0.275945
-0.528963
0.861156
-0.589564
0.858972
-0.474408
-0.504350
0.808843
0.387637
-0.698083
0.381225
-0.283368
0.14450
0.68643
0.32937
0.791034
-0.214145
-0.204069
0.614465
-0.915649
-0.989470
-0.655656
0.337688
0.853549
-0.994701
0.897603
-0.961250
0.18950
0.404095
0.727053
0.313075
-0.778619
0.870789
-0.635225
0.292673
0.475043
-0.940931
0.325021
0.627904
0.553001
-0.730202
0.514884
0.631575
-0.183505
0.654131
0.989055
-0.461350
0.10778
0.266715
0.333745
0.196877
0.390588
0.488545
-0.965484
-0.894179
-0.255406
0.969089
0.348539
-0.853181
0.669039
0.958955
-0.990871
-0.458473
0.785149
0.647653
-0.317280
0.476740
-0.15044
-0.939830
-0.598086
0.499014
0.974744
-0.656487
0.101472
0.371679
0.533334
-0.461310
-0.783645
0.42207
-0.161323
0.236745
-0.50744
-0.219177
-0.195122
-0.46316
-0.509369
0.163053
0.46138
0.323748
0.361913
0.434474
-0.58767
-0.452157
0.331920
0.960262
0.700577
-0.4552
0.426845
-0.333461
-0.382736
0.415176
-0.957812
0.892571
0.430474
0.667913
-0.944452
-0.720339
0.30876
-0.878335
-0.699564
-0.372393
0.551957
-0.667815
0.117026
-0.117123
0.413759
0.908220
0.143233
0.891874
-0.49816
-0.398798
0.694878
-0.30191
-0.324337
-0.604904
0.779827
-0.940396
-0.870594
0.826940
0.158544
0.3734
0.992714
-0.976579
-0.229099
-0.742358
-0.460944
-0.789535
0.292998
-0.397929
-0.760956
0.673942
-0.496482
0.388920
-0.255253
0.871048
-0.192627
0.502453
0.786738
0.353993
-0.863837
0.811104
0.270213
0.513308
0.453069
-0.213251
-0.430423
-0.787512
-0.534235
-0.326686
0.424997
0.719639
-0.588869
0.319319
-0.733829
0.424148
-0.286016
0.438800
0.868595
0.152145
-0.379697
-0.568393
0.285294
-0.286082
0.48691
-0.641722
-0.326854
0.607665
0.616158
-0.324035
-0.116649
0.464005
-0.16140
-0.991599
-0.887617
-0.722752
-0.541844
-0.626491
0.647052
0.679372
-0.41693
0.685783
-0.198808
0.800624
-0.253137
-0.197657
-0.389195
0.805156
-0.597172
-0.806424
0.973203
-0.301160
-0.853026
0.374890
0.356577
0.228525
0.891708
0.766819
-0.240462
0.454538
-0.208454
-0.896090
0.830210
-0.35690
0.530705
-0.944875
0.920346
-0.51659
0.690040
0.789803
-0.513515
0.444888
-0.965342
-0.528444
0.811854
-0.215755
-0.667882
-0.650663
0.329443
-0.958178
0.561171
0.913112
-0.665442
0.254890
0.907673
-0.918451
0.95727
0.859117
0.91399
0.783225
0.403248
0.439915
0.143530
0.569223
-0.809635
0.365826
-0.946808
-0.368675
0.760062
-0.484084
-0.700964
-0.121629
0.282227
-0.890464
-0.884659
0.309585
-0.705373
0.359039
0.872782
0.838229
-0.488368
-0.53223
-0.515697
-0.80130
0.561816
-0.459848
0.999454
-0.92175
0.78575
0.688012
0.689032
-0.767494
-0.779801
0.276013
0.87500
0.335000
-0.867353
-0.527397
0.842826
-0.658811
0.204446
0.700127
0.732840
0.518285
-0.323998
0.291001
0.236599
-0.440140
0.701381
0.668984
0.863100
-0.881102
0.424912
0.113505
-0.48730
-0.188733
-0.440031
0.489780
0.230218
-0.16990
-0.247068
0.83599
-0.399191
-0.16420
0.756245
-0.405806
-0.238446
0.866152
-0.728111
-0.447449
0.784677
0.579074
-0.74098
-0.913931
-0.109625
0.858533
-0.271616
0.873064
-0.465871
-0.287733
-0.607594
0.357815
0.13152
-0.25750
0.719976
0.550809
-0.142085
0.762065
0.231443
-0.520500
-0.639621
0.214113
-0.837517
-0.98397
-0.9366
0.558209
0.112374
0.979352
-0.656343
-0.383141
0.511006
0.430028
0.96539
0.385627
0.384441
-0.185402
0.317864
-0.451652
0.519396
0.975122
0.968884
0.662075
-0.965708
0.723136
0.679235
-0.547427
0.72932
-0.876037
0.169549
-0.497453
0.684144
-0.94405
-0.598722
-0.157390
0.645162
0.163234
-0.182196
0.211656
0.499441
0.802659
-0.73774
-0.401622
-0.327542
-0.316178
0.539324
0.83785
0.529191
0.258182
-0.273303
0.278736
-0.580789
0.532512
-0.299984
0.427241
-0.711665
0.10806
-0.96339
-0.448498
0.206439
-0.953676
0.611011
0.1937
0.248356
-0.300820
0.708395
-0.956477
0.54231
0.568521
-0.265863
0.669992
0.258367
-0.795672
-0.609578
0.811291
-0.525198
-0.78134
0.835132
0.309116
0.856542
-0.637852
-0.738548
-0.370474
-0.599671
-0.663346
-0.967462
-0.875767
0.530489
-0.613239
-0.431961
0.472438
-0.222201
0.126072
-0.146995
-0.173526
-0.77828
-0.84826
-0.922059
0.125508
0.427000
-0.419969
0.638546
-0.652995
-0.483527
-0.825455
0.239820
-0.388999
0.364817
0.35706
0.466612
0.31701
0.536962
0.393522
0.604532
0.13457
0.824237
-0.942346
0.245515
0.664523
0.410631
-0.677235
0.820576
-0.628824
0.614010
0.213558
0.390115
-0.657768
0.878139
0.418804
0.570320
0.30556
0.382039
0.890045
-0.600948
-0.905653
0.560899
-0.662031
-0.681826
-0.566868
-0.471739
-0.376460
-0.542038
0.337988
-0.601870
0.419201
0.705405
-0.599452
-0.939013
-0.747703
0.44066
-0.551541
-0.752596
0.502792
0.20781
0.730260
0.366439
0.870726
-0.173652
-0.845007
0.481859
-0.980416
-0.230318
0.823766
0.102071
-0.225645
-0.741178
-0.783807
-0.507111
-0.444549
0.356260
0.536764
0.314233
0.147529
-0.648910
-0.296111
-0.773097
0.350738
-0.889101
0.689099
0.262326
0.170013
-0.208282
0.529982
0.240420
0.759638
0.665693
-0.352084
-0.736598
-0.16868
-0.524854
0.32629
0.622212
0.817719
-0.590576
0.535189
0.937914
0.372758
-0.175375
0.377942
-0.393625
0.45179
0.983040
-0.71949
-0.929582
0.621498
-0.434502
-0.268740
0.586551
-0.600731
-0.109629
0.30030
-0.357474
0.226443
-0.821882
-0.464996
-0.291023
-0.307529
0.423792
-0.510053
-0.501001
0.324162
0.818382
0.508569
0.195713
0.582062
0.761572
0.385589
-0.47585
-0.168248
-0.249123
0.601326
-0.659772
-0.814209
-0.804687
0.469642
-0.972165
-0.757543
-0.419411
0.711833
-0.375412
-0.436819
0.938692
0.772382
-0.467146
0.372097
-0.90227
-0.772767
0.914983
-0.866268
0.427590
0.541710
-0.162419
-0.223006
0.81717
0.196956
0.261439
-0.626817
0.488888
0.702761
0.856182
0.188655
0.80985
0.729113
0.64750
0.748343
0.447643
-0.441151
0.622011
-0.708246
-0.631702
0.193562
0.571681
0.125977
0.735932
0.16604
-0.936300
0.571228
-0.683034
0.45958
-0.412074
0.756477
-0.117060
0.502484
0.378139
0.959152
0.632284
-0.935686
-0.489447
0.264536
-0.406753
0.850197
-0.519104
-0.393043
0.238118
0.466276
0.266007
-0.542614
-0.453086
-0.122139
-0.255829
0.873770
-0.750358
-0.608431
-0.387472
-0.981536
-0.186812
0.653631
-0.769511
-0.940759
0.34732
-0.690526
0.662493
0.200159
0.794591
0.495861
0.436293
0.971237
0.695440
-0.942809
0.968988
-0.393491
0.272432
0.894421
-0.126501
0.82277
-0.274920
0.494676
-0.5944
-0.85696
-0.566189
-0.367307
-0.467541
-0.221839
0.434566
0.278598
-0.121698
-0.592059
0.235564
0.468778
-0.354364
-0.556002
0.840211
-0.599401
-0.778218
0.163043
-0.299359
0.863242
0.901600
0.962586
-0.282434
0.772424
0.913274
0.347319
-0.367315
-0.543607
0.399856
-0.383668
-0.666639
0.602576
-0.184520
-0.789265
-0.812322
-0.767132
0.770293
-0.82792
-0.487254
-0.5915
-0.219700
-0.65718
-0.202035
-0.857752
0.225286
0.841960
-0.740842
-0.853135
0.726507
0.441946
0.327612
-0.801808
-0.455148
0.183336
0.739818
0.859283
0.575190
0.95590
-0.567031
0.895469
-0.194763
0.200595
-0.214669
0.893672
-0.212483
-0.29063
-0.61048
0.154352
-0.715472
0.491302
0.75996
-0.447513
-0.308291
0.944763
0.496446
-0.183991
0.610366
-0.659518
-0.438318
0.798917
0.888808
0.707249
-0.658851
0.498756
0.748346
-0.345966
0.856996
-0.991880
-0.336583
-0.556961
0.809580
0.556942
-0.641892
0.277687
0.286003
0.763715
0.420936
-0.157372
-0.881622
-0.970463
-0.162539
0.970662
-0.626261
0.184823
-0.448241
-0.828577
0.999090
0.194121
0.634684
0.237544
-0.64764
0.128202
0.504928
0.81839
0.458055
0.532870
0.885085
0.156482
-0.498778
-0.506895
-0.599443
0.721193
-0.753696
-0.272219
0.419826
-0.341771
0.543726
0.2994
-0.271900
0.467908
-0.653489
-0.866901
-0.20662
0.598976
0.881042
0.499164
-0.474048
-0.628074
-0.168376
0.648828
0.442760
-0.105497
-0.976924
0.67845
0.226029
0.495131
-0.536532
-0.450796
-0.418121
0.625691
-0.188348
-0.328704
-0.861564
-0.922844
0.373423
0.650847
0.594975
-0.319021
0.897539
-0.337076
-0.922620
-0.519439
0.226945
-0.49050
-0.52713
0.976933
0.315948
-0.419810
-0.262415
0.240157
0.947031
-0.968373
-0.680052
0.113906
0.190613
0.733865
0.799543
0.88737
-0.256244
-0.187906
-0.845233
-0.550019
0.986828
0.855046
0.345187
-0.401433
-0.18912
-0.834225
-0.173552
0.825613
-0.915466
-0.993750
-0.329134
-0.257849
-0.769331
-0.894336
0.126946
-0.292097
0.963240
0.879369
-0.275052
0.600646
-0.683312
0.25633
-0.899355
-0.253734
0.927076
-0.46183
0.879028
0.357942
-0.782492
0.779275
0.245690
0.539565
0.734869
-0.517358
0.248793
-0.336589
-0.585580
-0.821674
-0.246173
0.816109
0.871950
0.462165
0.715380
-0.915690
0.105089
-0.923663
-0.799042
0.76062
0.914866
0.60184
0.744129
0.612117
0.791701
0.330997
0.58256
-0.727476
-0.558454
0.713889
-0.526100
0.771707
0.357248
0.498321
0.191302
0.206554
0.684156
0.302532
-0.696217
0.790699
-0.897497
-0.42144
0.301507
0.402312
0.475614
0.133797
-0.778484
-0.149257
0.633579
0.808375
0.738314
0.963754
0.314373
-0.883459
0.213640
-0.531212
-0.312208
-0.583243
-0.859329
-0.473677
0.618108
-0.853011
0.545683
0.48676
0.682550
0.36847
-0.904686
0.392390
0.783241
0.778705
0.982713
-0.624371
0.883273
0.424988
0.709521
-0.593899
-0.538844
0.240573
-0.481882
0.812845
0.179005
0.134353
0.366647
0.335454
-0.318945
-0.663121
0.940428
0.112931
0.495106
0.566305
-0.469290
0.48608
-0.123466
0.641718
0.611135
0.802484
0.304256
-0.906536
0.979933
0.337143
0.388854
-0.633241
0.804109
0.152984
-0.316796
0.536547
-0.912197
-0.826925
-0.390689
0.673715
-0.439558
0.824669
-0.445741
-0.931070
-0.5899
0.273609
-0.784831
0.240388
0.685726
0.920860
0.145366
-0.821313
-0.42564
-0.125931
-0.633233
-0.984134
0.308550
-0.332959
0.572712
-0.212670
0.48595
-0.6069
-0.909481
-0.455071
-0.672533
0.114083
0.833339
-0.908167
-0.99987
0.858213
0.866448
-0.322364
-0.683854
-0.445643
-0.952057
-0.867881
0.660945
0.350431
-0.153111
0.681986
-0.697785
0.676248
-0.247818
-0.439732
-0.651217
-0.113729
-0.172996
-0.692665
0.124121
0.629768
-0.829325
0.593183
0.404304
-0.93401
-0.781820
-0.415765
-0.604161
-0.527082
-0.709133
-0.716136
0.297464
-0.878016
0.298663
0.843663
-0.741693
0.15315
-0.3786
-0.93993
0.584816
0.998210
-0.479134
-0.846242
-0.538693
-0.451626
-0.372843
0.608176
-0.30331
-0.657121
-0.89578
-0.268132
0.6920
-0.918643
-0.408298
-0.935149
0.716383
0.359751
-0.380039
-0.795164
0.612021
0.682910
-0.447256
-0.687877
-0.809983
-0.322934
0.878486
-0.247186
-0.390866
-0.412465
-0.178465
-0.824982
-0.313678
0.606717
-0.423430
0.645153
0.681375
-0.53021
0.168205
-0.638923
-0.602248
-0.394103
0.585628
-0.366141
-0.807118
-0.808362
-0.158925
0.913136
0.334430
-0.199024
0.954439
-0.826016
0.204944
-0.280798
0.136287
0.867691
-0.397930
0.219270
0.419435
0.992756
-0.396722
0.761192
-0.950815
-0.544603
-0.226886
0.75809
-0.620509
-0.333491
-0.813567
-0.714956
-0.50362
-0.688390
-0.360793
0.464555
0.525776
0.39485
0.291134
-0.510850
-0.991358
-0.559898
0.831786
0.399569
-0.86590
0.310453
-0.380054
-0.850012
-0.124408
-0.911413
0.478767
-0.298133
-0.349633
-0.959746
-0.654648
-0.399069
-0.42402
-0.864250
0.143731
0.359188
0.29583
0.130479
-0.211403
0.356406
0.35246
-0.853717
-0.160140
0.551261
-0.522173
-0.183245
0.497956
-0.822827
0.90337
-0.447251
-0.499952
0.464390
-0.992432
-0.455525
-0.91713
0.572351
0.596102
0.673677
-0.126974
-0.815072
-0.252298
-0.342320
0.613335
-0.806965
0.884928
-0.454094
0.93359
0.430768
0.29706
0.322331
-0.214576
0.281082
0.353454
0.599625
0.696051
0.645928
-0.445719
-0.214956
-0.186100
0.795432
-0.792489
-0.972261
0.684362
-0.4343
-0.805674
0.351839
0.254060
0.863632
-0.587682
0.120647
-0.910660
-0.748434
0.787527
0.448138
-0.501663
0.561008
0.9448
-0.212704
0.452650
-0.407879
0.60074
-0.794926
-0.392641
-0.954353
-0.154520
0.296760
0.357927
-0.937912
-0.41289
0.635434
0.145973
0.353457
0.729711
0.365584
0.299561
-0.957037
-0.565887
-0.190123
0.443226
-0.487907
-0.735829
-0.662927
-0.862565
0.755563
0.19593
0.963159
-0.103792
-0.353692
-0.915481
-0.48569
0.41796
-0.91031
0.790274
-0.598915
0.941982
0.831247
0.387841
-0.287920
-0.644069
-0.670613
0.467185
0.861933
0.983092
-0.437186
-0.967605
-0.146321
0.524066
0.133437
0.34858
-0.64193
0.335527
0.687356
-0.938670
-0.490128
-0.51463
0.762754
-0.343570
-0.605979
0.356664
-0.257940
-0.561624
0.850023
0.641613
0.916384
0.748518
-0.202368
-0.425074
0.840118
0.865000
-0.462836
0.523692
0.951464
0.850277
-0.710276
0.633312
-0.47562
-0.372478
-0.796980
0.913751
0.239619
0.726645
-0.779018
-0.331711
-0.31816
0.465735
0.145879
-0.720242
-0.373041
0.687491
-0.293812
0.567887
0.32092
-0.755312
0.503513
-0.58788
0.880388
-0.701472
-0.453505
0.794896
0.262599
0.496325
0.282763
-0.538526
-0.819790
-0.255474
0.63172
0.487681
-0.796431
-0.440689
0.461113
0.559429
0.833968
0.517260
-0.810438
-0.805499
-0.605492
-0.514220
-0.67448
-0.576763
0.795115
0.33545
-0.688303
-0.469904
-0.796923
-0.817383
-0.959128
0.115890
-0.154066
0.113273
-0.461659
0.70246
0.736949
-0.988110
-0.153564
-0.724339
-0.429815
-0.323318
0.311814
-0.635557
0.252873
0.399478
0.862457
-0.37801
0.664871
0.13732
0.69847
-0.226385
-0.701148
-0.643897
0.295720
-0.319743
-0.158825
0.876359
-0.985340
-0.612081
0.997561
0.482918
-0.43280
-0.392893
0.671794
-0.867385
0.6955
0.97493
0.824617
0.79167
-0.142330
0.878578
-0.74676
-0.771795
-0.299557
-0.814582
-0.911788
0.673488
0.334572
0.695924
-0.473007
0.297063
-0.173432
-0.704418
0.652298
-0.634740
0.215200
-0.612136
-0.784607
0.866245
0.800511
-0.897635
0.11031
0.700073
-0.637505
-0.384673
-0.992011
-0.139532
-0.592644
0.679846
0.660240
-0.72275
0.344256
0.681669
0.101046
-0.729379
-0.261445
0.130209
-0.198138
0.650784
-0.775336
-0.495212
-0.233546
0.965495
0.995047
0.620189
-0.476279
-0.47080
-0.409579
0.465750
-0.309368
0.928535
-0.822144
-0.875995
0.921731
-0.404982
-0.562237
0.980766
-0.534939
0.171031
-0.107955
0.217977
-0.516389
0.921122
0.542864
0.469298
0.582003
-0.455750
-0.489281
-0.457134
0.858525
-0.140783
0.278662
0.765602
0.100516
0.892643
0.760558
0.792706
-0.408383
0.235619
-0.617054
-0.319831
-0.135454
0.635908
-0.623679
0.584804
0.471510
-0.419319
-0.363490
0.596478
-0.637907
0.672477
-0.116095
-0.708116
-0.211717
-0.508429
0.681357
0.60532
0.636546
0.990603
-0.305835
-0.742430
-0.300996
0.43870
-0.379375
0.644844
0.645823
0.932099
-0.331561
-0.802748
0.100302
-0.404753
0.655789
-0.631175
-0.161726
-0.68914
0.197186
0.761258
0.5798
0.195372
0.478182
-0.918807
-0.706594
-0.402275
-0.523825
-0.614138
-0.548904
0.438491
-0.516881
-0.529733
-0.207796
-0.178872
-0.926344
0.452221
0.777963
-0.833667
-0.520514
0.412854
0.119732
0.297968
-0.52856
-0.300388
0.480053
-0.839158
0.324897
0.708245
0.483891
-0.970381
-0.343600
0.858729
0.586548
-0.894061
-0.961222
-0.366875
-0.154749
-0.757215
-0.126005
0.842070
-0.796483
0.119345
0.599175
0.170426
-0.714708
-0.526005
0.79762
0.212576
0.593482
-0.806077
0.446256
-0.668362
-0.870500
-0.324963
-0.483181
-0.118917
-0.397317
0.917396
0.582205
-0.112263
-0.744982
-0.387926
-0.539355
0.523759
-0.223491
-0.203894
-0.19141
-0.787105
0.814186
0.918852
-0.311805
0.93383
0.792383
0.254671
0.131306
0.704207
0.5202
0.250089
-0.692636
-0.193747
-0.103685
0.102227
-0.302601
0.561524
-0.517753
-0.930506
0.34497
0.87737
0.583725
-0.234174
0.225694
0.624024
-0.546866
-0.808158
0.164314
-0.188334
0.432250
0.423530
0.696246
-0.367991
0.981783
-0.592615
0.355091
0.392217
-0.539113
0.170200
-0.81124
-0.28408
0.701042
-0.383845
-0.354824
0.649708
-0.895445
0.38279
0.90997
0.838395
0.221120
0.638116
0.627715
0.31380
0.173077
0.964339
0.28509
0.398545
0.345667
0.111260
0.903626
0.3918
0.383263
-0.907114
0.481172
0.579744
0.209224
0.311208
-0.764547
0.36471
-0.576873
0.224530
0.26263
-0.367638
0.954522
-0.588773
-0.272571
0.657219
-0.667593
0.162799
-0.342547
0.400114
0.993109
0.905063
-0.86615
-0.727984
0.975050
-0.301575
0.91942
0.889595
0.148112
0.420964
-0.103764
0.109222
0.158869
0.469179
-0.530918
0.53188
-0.96968
0.798035
-0.416139
-0.879776
-0.994886
0.908854
-0.850565
-0.649645
-0.793169
0.968417
-0.665145
-0.217348
0.349661
-0.841783
-0.72173
0.404606
0.885927
0.385428
-0.245013
-0.209607
-0.962909
0.843080
-0.433262
-0.361208
0.596040
-0.672422
-0.923616
0.601552
-0.576297
-0.670209
0.854658
-0.333963
-0.310161
0.559004
-0.500949
0.827778
-0.919777
-0.310036
0.679936
0.612176
-0.517221
-0.53514
-0.174368
-0.230468
-0.98401
-0.431840
0.8197
-0.726349
0.517899
-0.906237
-0.86670
-0.999058
-0.921226
-0.875839
0.496691
-0.909843
-0.288965
-0.971103
-0.618423
0.246703
-0.134952
-0.218939
0.993402
-0.494213
0.746995
0.46502
-0.167170
0.356464
-0.387360
-0.722262
0.236671
-0.930668
-0.595462
0.505322
-0.652398
-0.479765
0.979624
-0.446853
-0.643994
-0.484329
0.890572
0.773710
0.609096
0.178842
-0.395182
-0.396860
0.49562
0.673843
-0.262004
-0.891614
0.480247
0.218105
0.586437
0.432898
0.155080
-0.654124
0.480763
0.136099
-0.74360
0.86316
0.732399
-0.617749
0.843408
0.459690
0.19813
-0.52519
0.239037
0.476284
0.968287
0.572257
-0.859114
0.685372
-0.686919
0.429736
0.652766
0.747174
-0.548284
-0.199830
0.205571
0.529809
-0.527178
-0.241797
-0.369305
0.624393
0.143616
0.493663
0.455735
-0.858959
0.516860
-0.420285
-0.353804
0.587495
-0.81439
-0.810133
0.963198
-0.28748
-0.954975
-0.289295
0.504979
-0.694576
-0.626690
0.684029
-0.883628
0.257783
0.380739
0.602818
-0.878233
-0.669336
0.10342
-0.279387
0.852116
-0.980269
0.95033
-0.647724
0.699605
0.281311
-0.46893
0.957777
0.57384
0.363713
0.409982
0.205371
-0.189548
-0.280591
0.354176
0.689783
0.384466
-0.529737
0.972322
0.628567
-0.36114
-0.547279
-0.907922
-0.46232
-0.720618
-0.919782
0.409180
0.451519
-0.999860
0.314971
-0.324793
-0.593033
0.223863
0.221463
-0.816584
0.900817
0.276261
-0.484762
-0.469505
0.182194
-0.973644
-0.353427
0.743481
-0.497905
0.86113
-0.130082
-0.366686
-0.636518
0.362238
0.303087
0.740717
-0.64224
0.684705
-0.233866
0.596333
0.377038
-0.550741
-0.469153
0.84468
0.553916
0.812638
0.97839
-0.439818
0.286227
-0.625044
-0.13582
0.825923
-0.415443
0.143145
0.697542
0.614427
0.825807
-0.354102
0.459391
0.294723
0.125503
0.246362
0.319390
0.474052
-0.520940
-0.227636
0.13913
0.645033
-0.596891
0.627723
-0.560360
0.401718
-0.407318
0.713831
0.227094
-0.912722
-0.148620
-0.92291
0.877969
-0.622684
0.214496
0.482488
0.936583
0.174119
-0.948403
0.860611
-0.560344
0.927634
0.567205
-0.350724
-0.682724
-0.663248
-0.455235
0.848410
-0.354588
0.764817
-0.837766
-0.830198
0.407530
-0.340527
0.322511
0.381048
-0.12524
0.366870
0.982852
0.890381
-0.13745
0.529624
0.341874
0.318536
0.849129
-0.298250
-0.363363
-0.493949
0.649118
-0.126827
0.584671
-0.887189
-0.849262
-0.209630
0.488006
0.14042
0.169993
-0.487083
-0.921700
0.724681
0.921676
0.490429
-0.667733
0.572285
0.367910
0.837537
0.239691
-0.66130
0.495138
0.437419
-0.892123
0.517599
-0.511479
0.90336
0.326653
-0.236713
0.870654
0.49721
-0.260576
-0.887942
-0.353822
0.581069
0.966559
0.198819
-0.955663
0.477546
-0.120404
-0.426255
0.516180
0.581416
0.847962
0.607515
-0.577976
-0.773355
0.311947
-0.983391
0.419481
0.775636
0.244363
-0.880442
-0.159750
0.564165
-0.385837
0.912039
-0.507012
-0.261203
0.344288
-0.589942
0.558659
-0.277169
-0.57299
0.569081
0.857725
-0.411877
-0.351876
0.818467
-0.683011
0.308134
-0.373052
-0.487218
-0.746332
0.751391
0.133491
-0.529237
0.737335
-0.595462
-0.99670
0.304119
-0.25612
-0.92188
0.41019
-0.921819
0.809639
-0.309230
0.482830
0.95460
0.577573
0.836135
-0.220890
0.435920
-0.204482
0.785564
0.712277
-0.294252
0.838383
0.148081
0.813447
0.603432
-0.848910
0.838481
0.741815
0.593607
-0.813498
0.546805
0.827818
-0.25317
0.530459
0.369157
-0.416916
0.13329
-0.82553
0.134701
0.264016
-0.35438
-0.199852
-0.477371
-0.324213
-0.293759
0.17073
-0.204803
0.855994
0.909896
0.557354
-0.145542
0.975166
0.262274
-0.352987
-0.470071
0.167813
-0.246281
-0.895781
-0.342036
0.310984
-0.390410
-0.992713
0.205653
-0.341686
0.751513
0.427307
-0.906016
0.88632
0.976545
-0.81618
-0.574974
0.468478
-0.649801
0.577612
0.616958
-0.143986
-0.249358
0.602581
0.18110
0.86913
-0.392365
0.699384
0.433047
-0.983023
0.262339
0.372561
-0.863130
0.207624
0.238003
-0.537473
0.706537
0.378681
-0.367214
-0.927259
-0.958235
0.187653
0.44745
-0.165333
0.707757
-0.403737
-0.762054
0.840113
-0.650042
-0.687172
-0.865678
-0.775711
-0.938809
0.560815
-0.652008
-0.724052
-0.534951
-0.993547
-0.315094
0.57489
0.856292
-0.25651
-0.270228
0.276235
0.946206
-0.841021
-0.704405
0.416804
-0.287477
0.981941
-0.14750
0.582432
0.617699
-0.645750
0.251211
0.471997
0.197169
-0.242203
-0.879765
0.904020
0.998198
0.154208
-0.878126
0.378521
-0.581336
0.137793
-0.66456
-0.662140
-0.812557
0.133302
0.43833
-0.203976
0.102948
0.708400
0.997322
0.808685
0.873814
0.730827
0.566610
-0.950247
-0.469810
0.776737
-0.324618
-0.736775
-0.263120
-0.233647
-0.475376
0.64308
-0.400155
-0.77391
-0.901481
-0.425701
-0.365322
-0.43587
0.782228
0.596230
-0.598227
-0.304658
-0.328198
-0.92724
0.944214
0.930976
0.280347
-0.30619
0.284345
0.110684
-0.510439
-0.477473
0.209266
0.840397
-0.547599
-0.759886
-0.325947
-0.585023
-0.138681
-0.794520
-0.520470
-0.535189
-0.237133
-0.997673
0.190171
-0.740009
0.161095
-0.609075
0.771247
0.878209
-0.402452
-0.981024
0.218991
-0.415249
0.760146
0.473271
-0.451617
0.597787
0.606973
0.759286
-0.220169
-0.530459
-0.749482
-0.267979
0.105359
-0.872280
0.300635
-0.268915
-0.935704
-0.910002
0.926637
-0.9172
-0.940789
-0.616061
0.235123
-0.861260
0.390995
0.869261
-0.563958
0.693911
-0.799780
0.209833
-0.935849
-0.652745
0.195616
-0.600108
-0.978724
0.533212
0.732591
0.983629
0.40973
0.939359
-0.269312
0.88797
0.462213
-0.18941
-0.865253
0.395113
0.223875
0.189007
0.643310
-0.574449
0.914748
0.57900
0.289638
0.131406
0.919122
-0.762579
-0.395738
-0.54410
0.666790
0.152648
-0.818477
0.849497
0.111972
-0.494548
0.860324
-0.893668
0.209362
0.938765
0.542154
0.829612
-0.657289
0.166064
-0.476272
0.427330
0.810177
0.707809
-0.644092
-0.703711
-0.628515
-0.544050
0.783608
0.296616
0.421991
0.491970
-0.821905
0.941775
-0.946478
0.564925
0.361017
-0.114869
0.604937
-0.316200
0.896337
0.37797
0.734522
-0.562747
0.52270
0.511100
0.94745
0.954759
0.357357
-0.944900
-0.37077
-0.759290
0.51136
-0.85640
-0.213189
0.454159
-0.454456
-0.667082
0.590156
0.223461
-0.605546
0.633040
0.770337
0.649646
-0.517038
-0.464234
-0.137076
-0.468562
0.130387
0.876990
-0.505099
0.969455
-0.339459
-0.181239
-0.899071
0.604746
-0.171966
-0.721261
0.858289
-0.102702
-0.998157
-0.962147
-0.306812
0.356150
-0.17615
0.297127
-0.80642
0.514975
0.935824
0.898773
-0.617266
-0.339513
0.257657
0.247888
-0.948033
0.40330
0.917526
-0.114128
0.949538
-0.694241
0.736122
-0.6220
-0.774303
-0.269570
-0.733761
0.545023
-0.188214
-0.656613
0.978014
0.110874
-0.771444
0.388589
0.153681
-0.946013
-0.5699
-0.586724
0.147975
-0.74939
-0.630492
-0.148758
-0.29205
0.231634
-0.611021
-0.695995
-0.309100
-0.31434
0.958073
-0.285867
0.955445
0.731325
-0.904838
-0.219319
-0.427346
-0.491445
0.155119
-0.454797
0.366689
0.918096
0.91030
0.83098
0.420960
0.997027
0.567260
0.7139
-0.31126
0.203
-0.56513
0.21482
0.30132
-0.574403
0.185835
0.369576
-0.748335
0.562938
-0.418115
-0.755847
-0.793273
0.218108
0.552120
-0.399591
-0.480063
-0.551915
-0.652020
-0.536788
0.119029
0.867404
0.173095
0.890092
0.557356
0.277147
0.131771
-0.814546
0.302221
-0.801929
0.290605
0.470292
0.634019
-0.823596
0.111957
-0.484544
-0.20632
0.568554
0.137984
-0.147862
0.428028
0.187163
-0.490709
0.484843
0.583419
0.679976
-0.4646
-0.677396
-0.688828
-0.441057
-0.894082
0.64475
-0.826606
-0.141146
0.91675
-0.176283
0.230371
-0.79503
0.397860
-0.30362
0.367472
-0.371656
-0.860608
0.527135
-0.582750
-0.866574
0.442851
-0.424250
-0.564079
-0.266752
-0.370758
-0.691810
-0.839187
-0.322209
-0.368365
0.734679
-0.579262
-0.624307
0.188093
0.505659
0.668691
-0.764027
0.335986
-0.897352
-0.270026
-0.588524
0.639844
-0.758265
0.84352
0.232431
-0.949398
0.221258
0.622502
-0.484883
-0.29712
0.581438
0.395479
-0.326298
-0.566447
0.147883
0.420458
-0.993610
0.49445
-0.55686
-0.348702
-0.619219
0.804284
-0.343112
-0.202395
-0.237382
-0.851241
0.446863
0.196990
0.978186
-0.29515
-0.116262
0.378828
0.26628
0.861748
-0.78423
0.919488
0.541254
0.54473
-0.666911
-0.745066
0.5328
-0.755817
0.843028
-0.774408
-0.748948
0.979987
0.770248
-0.491435
-0.819792
-0.911896
-0.596337
0.112211
0.71509
0.538310
0.939904
-0.159065
0.396035
0.946479
-0.416746
-0.92981
0.524810
0.547257
0.464487
-0.124640
0.940932
-0.698848
0.900624
-0.191213
-0.494095
-0.226905
-0.45603
0.895584
-0.849909
0.713406
-0.79303
0.432349
-0.912060
-0.931876
0.567356
-0.693532
-0.125756
0.561910
0.719791
0.31218
-0.515351
-0.680589
-0.676798
0.518946
-0.934589
0.309714
0.555092
-0.650709
-0.270727
-0.392757
0.155454
-0.346371
0.995021
0.340296
0.177758
-0.961402
0.662342
0.286768
0.734517
0.898552
-0.554419
-0.715702
0.983035
0.609368
0.465349
-0.91845
-0.88414
-0.451071
-0.379202
-0.830951
0.195585
0.282774
-0.950697
0.229773
0.375257
-0.387024
-0.852944
-0.71891
-0.985489
0.89741
-0.199737
-0.587995
0.652507
-0.404291
-0.346785
0.105022
0.543948
-0.916650
-0.473690
-0.696211
-0.307453
-0.811327
-0.702313
-0.512729
0.80831
0.654994
-0.333113
0.85072
0.314759
-0.17329
0.757311
0.720266
-0.542851
-0.312257
0.332396
0.381841
-0.124408
-0.316599
0.592740
0.547228
0.464502
0.470491
-0.477915
-0.299587
0.77632
-0.454218
0.471972
-0.652554
0.360458
0.547718
0.522336
-0.849056
-0.639080
-0.506169
0.511335
0.421743
-0.771972
-0.806157
-0.480503
-0.558914
-0.455365
-0.909430
0.220322
-0.974866
0.559500
0.306338
-0.452143
0.761284
0.321049
0.839396
-0.837203
0.840926
-0.186079
-0.891768
0.785531
0.741069
-0.980167
0.200939
0.761539
-0.330325
-0.698389
0.435579
0.792058
0.274460
0.464317
-0.978196
0.891349
0.459752
0.498909
0.260362
0.318555
0.41690
0.200986
-0.48268
-0.934786
0.799917
-0.15257
-0.300059
-0.432360
0.953128
-0.204729
0.230901
0.783151
-0.206210
0.74878
0.82853
-0.500707
0.724860
0.883524
0.664218
0.668073
-0.967837
0.215984
-0.523351
0.358769
-0.61373
0.924155
-0.692280
-0.15632
0.505719
0.881414
0.516648
0.229468
0.600166
0.47340
-0.447655
-0.761224
0.431449
-0.199741
0.141904
0.947631
-0.154712
-0.528255
0.611797
0.261834
-0.667103
0.222440
0.558073
0.457964
0.81253
-0.455328
0.253422
0.460752
0.226464
-0.672375
-0.251708
-0.87997
0.524497
0.769765
-0.192844
0.286514
-0.207552
-0.76403
-0.993567
-0.956569
0.72375
-0.636432
0.661153
-0.43373
-0.790382
-0.772337
0.368459
0.481216
-0.992939
0.61954
0.315285
-0.562083
0.890127
-0.321168
0.689205
-0.991218
0.205987
0.120082
0.241186
-0.271110
0.911909
-0.106364
-0.420134
0.689677
-0.871265
0.631560
0.616452
-0.742093
0.348481
0.906625
-0.340998
0.348323
-0.41845
-0.930478
0.180917
0.863656
-0.277739
0.889547
-0.73952
-0.143650
0.363559
0.164473
0.485206
-0.519294
0.969827
0.420430
-0.356466
-0.890515
0.269863
-0.714047
0.571637
0.576311
-0.64076
-0.579954
0.77786
0.115950
-0.15167
0.937709
-0.703341
-0.883118
0.915627
0.16698
0.105006
-0.186757
0.277262
0.858353
0.478507
0.730979
0.416874
0.196964
0.550890
0.452358
-0.109690
-0.99135
0.396126
-0.2552
0.318506
0.583847
0.475519
0.347437
0.671408
0.634384
-0.156807
0.208851
0.676297
-0.101046
-0.751433
-0.309596
-0.492527
0.190507
0.423689
0.200407
-0.761365
-0.714763
0.587562
0.22369
0.784343
0.441589
0.538468
0.547535
-0.88959
0.474656
0.751041
-0.217868
-0.225689
-0.648574
0.150490
0.940630
-0.665939
0.148739
0.717594
-0.28823
-0.344213
0.475791
0.637205
-0.613799
-0.704612
-0.599261
0.905413
0.215574
0.258209
-0.813184
0.745833
0.836907
0.409208
-0.181625
0.189459
0.661443
0.713564
0.932707
0.193264
-0.109638
-0.151314
-0.869882
-0.558733
-0.704181
0.465956
-0.741995
0.787532
0.139913
0.597253
0.872598
0.564690
0.320386
0.187627
0.661728
0.315951
-0.795120
-0.996617
0.556697
0.266810
0.888646
-0.327301
0.493611
0.242247
0.344278
0.987766
-0.626214
-0.267270
0.863415
-0.716045
0.868493
-0.296509
0.48318
-0.844968
-0.364829
0.414951
-0.393601
0.916820
0.373437
-0.37089
-0.998569
-0.450944
0.610016
0.87735
0.205815
0.514926
-0.384832
-0.254275
0.137266
0.70871
-0.243726
0.271923
-0.228074
0.40893
0.864163
0.835579
0.619190
0.3867
-0.521089
0.218990
0.928086
-0.317565
-0.61704
0.262422
0.187436
0.733770
0.335467
0.584842
0.710788
-0.197756
0.736422
-0.954036
0.352562
0.617523
0.565858
-0.116908
-0.603135
-0.323216
-0.522666
0.380162
0.951635
0.173968
0.635977
0.883347
-0.417250
-0.954421
0.147143
0.25637
-0.899066
0.406061
0.512378
0.475221
0.990146
-0.296705
0.933131
-0.255618
-0.823503
-0.204572
0.188398
0.838949
0.201727
0.275673
0.734533
0.881279
-0.977174
0.614875
0.326661
-0.605066
-0.437590
0.345972
0.611342
0.288192
-0.31178
-0.410677
-0.97036
-0.374280
-0.592054
0.680337
-0.467615
-0.992890
0.365309
-0.450695
0.730566
0.525131
-0.506589
-0.571583
0.505398
-0.69129
-0.868892
-0.305208
0.762137
-0.297396
0.845794
0.713482
0.55703
0.790904
0.830490
0.629335
-0.846416
-0.761917
-0.58274
0.987289
0.709628
-0.132953
0.52576
0.577153
-0.634002
0.717961
-0.852284
0.309559
-0.137816
-0.845351
-0.891118
-0.562067
0.661857
0.90540
0.657485
-0.800156
-0.650599
0.978337
-0.403974
0.66945
-0.430041
-0.34126
-0.216351
-0.223016
-0.476852
-0.355178
0.575758
-0.621856
-0.241229
-0.474099
-0.306577
-0.298531
-0.240068
0.693056
0.348712
0.198372
-0.544908
-0.610134
0.92535
0.148131
-0.934221
0.970061
0.936906
-0.780300
-0.820666
-0.625906
-0.561359
-0.117124
-0.717658
0.961822
0.602885
0.394179
0.909044
0.941757
0.353815
-0.603670
-0.625901
0.830721
-0.682001
0.773647
-0.381772
0.662614
0.840342
0.260911
0.622622
-0.657075
-0.899280
-0.889654
-0.571920
0.842608
-0.437652
0.246477
-0.52714
0.659065
-0.720923
0.270086
-0.348617
0.562179
0.261495
0.779664
-0.78527
0.625977
-0.520699
0.818836
-0.379747
-0.534707
0.140426
0.913656
0.374734
0.960559
-0.521785
-0.714705
0.712402
-0.92066
-0.132678
0.374366
-0.341174
0.705365
0.548679
0.470845
-0.218349
0.262177
-0.786737
0.68268
0.264907
-0.289833
-0.808529
-0.689799
0.797774
-0.494828
0.169948
-0.658009
0.902242
-0.889348
0.920279
-0.895700
-0.882097
-0.13756
-0.850064
0.863010
0.143555
0.418016
0.673733
-0.989367
-0.406033
-0.434663
0.386094
0.636160
-0.488751
0.255610
0.918405
0.64011
0.309189
-0.502041
-0.192495
0.306928
0.34246
-0.804487
0.865465
0.212190
0.794402
-0.396536
-0.772229
-0.501536
0.74556
-0.219067
0.908458
0.309815
-0.393549
-0.925956
0.693259
0.438446
-0.474181
0.468188
-0.553140
0.643849
0.359935
-0.44390
-0.73081
-0.942201
-0.819425
-0.656950
-0.960698
-0.978234
-0.778622
0.456643
0.653427
0.715739
-0.138023
-0.983607
0.380658
-0.555057
-0.667841
-0.905462
0.178078
-0.404911
0.525284
0.241739
0.544978
-0.356582
0.156868
-0.311834
-0.708316
0.970607
0.727852
-0.53855
0.98022
0.881808
-0.241064
0.55841
0.151286
0.932997
0.38965
-0.678906
0.943766
0.423896
-0.365066
0.943633
0.763303
0.952426
-0.901159
0.116018
0.647897
-0.314101
0.301449
0.340807
-0.347047
-0.162010
0.481245
-0.486308
0.909109
-0.41997
-0.162287
0.896614
0.932575
0.449451
-0.888025
0.865619
0.596000
0.457588
-0.549663
-0.382888
0.72200
-0.799074
-0.418519
-0.494809
0.228292
-0.150860
0.71493
0.865226
0.412866
-0.870506
0.912851
-0.353165
0.432198
-0.922652
0.125501
0.911275
0.366791
0.783851
0.544789
0.145643
0.364524
0.712716
-0.343977
0.472790
-0.408972
-0.90438
-0.112126
0.863378
-0.770709
0.558890
0.124275
-0.126616
-0.729572
-0.309081
0.221832
-0.80146
-0.267580
0.538726
0.370805
-0.401105
0.387516
0.134305
0.451500
-0.560320
0.816418
0.151124
0.138432
0.948112
0.737263
-0.658717
-0.228270
0.578156
0.531726
0.140113
0.161102
0.715013
-0.549114
0.48262
-0.879707
0.255528
-0.244144
0.153171
-0.233448
-0.766933
0.391180
0.446159
0.680866
-0.148006
0.657550
0.631476
0.862041
0.367272
-0.228512
0.444474
-0.540468
0.320697
0.139358
0.199893
-0.607855
-0.376222
-0.908830
0.651190
-0.363049
-0.318641
0.603667
-0.355605
-0.329310
-0.393217
0.171115
0.182394
0.54046
0.528899
-0.9663
0.115267
-0.211972
-0.132906
0.830222
-0.226850
0.583293
0.246576
0.11960
0.685373
0.841410
0.415446
-0.432634
0.240460
0.617284
0.229140
-0.14504
-0.760818
-0.835896
0.379982
0.677820
-0.892095
-0.185028
0.997130
-0.740852
0.54612
0.277446
-0.627491
0.584250
0.229464
0.186366
0.344834
0.803012
0.460051
0.515728
-0.337731
-0.479571
-0.487366
0.884849
-0.894292
0.166999
0.240667
-0.935314
0.670877
-0.285165
0.753803
0.358946
-0.188755
0.720641
-0.833570
-0.521544
0.946270
-0.433832
-0.698419
0.434484
0.460735
-0.57968
-0.78633
0.118617
0.545551
-0.166204
-0.908019
0.914344
0.236164
-0.261932
-0.387707
-0.273740
-0.333648
-0.283965
-0.58959
-0.141131
-0.836285
0.253801
-0.741437
0.180780
0.808906
-0.102696
-0.421190
0.330051
0.684730
-0.243441
0.408164
0.922767
-0.773810
-0.290232
-0.441534
-0.868816
0.179518
-0.225441
-0.527740
0.724297
-0.785910
-0.86275
0.393089
-0.380807
0.41014
-0.182962
0.174134
-0.223695
0.345166
0.780714
0.494347
0.97224
-0.804851
-0.111174
0.761592
0.701942
0.695168
-0.270955
-0.720896
0.682429
0.792363
0.243793
-0.487473
0.430794
-0.14120
0.652044
-0.893742
-0.698686
0.588287
0.547537
-0.645331
0.413733
0.70402
-0.461460
0.336452
0.585913
-0.525633
-0.128017
-0.329898
0.362098
-0.803023
0.368839
-0.279763
-0.911710
0.877385
-0.250633
-0.225080
-0.412271
0.865408
0.603132
0.533973
-0.363379
-0.51455
-0.589065
0.566559
-0.241725
0.998010
-0.582699
-0.710793
0.694880
-0.470010
0.143598
0.126232
-0.506924
0.945952
-0.709852
-0.848158
0.55885
0.80980
0.797319
0.628818
-0.49826
0.682312
-0.937305
-0.643288
-0.497635
-0.94051
0.324740
0.713454
-0.728276
-0.974424
-0.139333
0.27712
-0.238548
-0.356520
-0.305289
0.591264
-0.644870
-0.503993
-0.183034
0.247065
0.260579
-0.838255
-0.77752
0.933335
-0.727468
0.244156
0.763046
0.94723
0.929618
-0.553814
-0.469286
0.590022
-0.451358
-0.729037
0.757649
0.347766
-0.833571
0.119900
0.770434
-0.717351
-0.993700
-0.397408
-0.782432
0.274693
0.976080
-0.946957
-0.6289
0.75875
-0.663700
0.608392
-0.297367
0.955930
0.174883
0.558613
-0.161771
0.475924
0.270175
0.944921
-0.398169
-0.281010
-0.80825
-0.335967
0.797652
-0.61114
0.765811
-0.915405
-0.142016
-0.710468
0.979871
0.778568
0.577749
-0.813465
-0.644178
-0.416885
-0.10705
-0.932948
0.442215
-0.211349
-0.229814
0.733923
-0.458321
-0.575156
-0.520665
-0.949940
-0.587410
0.158530
0.15705
-0.529437
-0.763085
0.734934
0.160569
0.414377
-0.485854
-0.875356
-0.898189
0.711294
0.258609
0.989551
-0.604780
0.312514
0.184351
0.873702
-0.959391
0.892644
-0.382165
0.45323
-0.844517
0.178224
0.601778
0.46040
-0.662860
-0.889181
0.592841
0.733447
0.818223
0.906164
-0.517005
-0.751687
-0.215710
0.747929
-0.304615
0.656962
0.769304
-0.479504
0.405119
-0.903753
0.831934
0.538505
-0.671666
0.138749
0.834266
0.41519
0.341132
-0.860372
0.953891
0.187421
-0.917905
-0.440342
0.712274
-0.90995
-0.994446
-0.734429
0.304034
0.767509
0.544886
-0.498293
0.467524
0.246776
-0.849371
0.398202
0.748153
0.610824
-0.946359
-0.385971
-0.487365
-0.808731
0.988066
0.824545
0.816094
0.784152
0.14664
-0.256485
-0.338609
0.323548
0.643113
0.23947
-0.823726
0.573676
-0.202291
-0.461423
-0.952965
-0.687820
0.813315
-0.749483
0.620771
-0.23095
-0.816080
0.150328
0.815546
-0.859023
0.195627
0.882630
-0.34094
-0.822143
-0.448658
-0.442394
0.553721
-0.859007
-0.675284
0.29151
-0.142126
-0.964195
-0.364530
-0.629248
-0.104753
0.187792
0.887594
0.836086
0.559432
-0.674426
0.458147
0.409714
-0.796090
0.895258
-0.393563
0.316486
-0.9359
0.10248
-0.427909
-0.70318
0.127768
0.349395
0.844884
0.969754
-0.360062
0.928759
-0.310056
-0.346430
-0.639898
0.93873
0.198801
0.569151
0.723745
-0.98402
0.218895
0.684317
-0.459534
0.394729
0.735545
0.741438
-0.525016
-0.946520
0.525022
0.457572
0.567343
-0.198382
-0.994509
-0.7009
0.863284
0.869908
0.823187
-0.977899
0.620641
-0.619843
-0.253464
0.484497
0.547831
0.129906
0.756673
0.754126
-0.171627
0.122865
-0.752745
-0.400742
0.784342
0.247265
0.857580
0.406603
0.114144
-0.350760
-0.904081
0.662442
0.298980
0.41118
-0.412530
-0.412373
-0.780457
0.266646
-0.214170
0.698288
0.970743
-0.606042
-0.687069
-0.339250
-0.555445
0.685175
-0.557972
-0.911438
0.172669
-0.461661
-0.780506
-0.685708
0.441978
-0.126870
-0.652447
-0.654660
0.287064
-0.484218
-0.789701
-0.808052
-0.546183
-0.321024
-0.357196
0.510164
-0.217723
-0.631416
-0.362212
-0.559193
0.302183
0.460338
0.27574
0.610524
-0.408406
0.805125
-0.434563
-0.575957
-0.622756
0.117606
0.645795
0.542521
-0.599595
-0.378100
-0.523765
0.765998
0.139709
-0.813282
0.374040
-0.998274
-0.34902
0.496905
-0.449280
0.966564
-0.486195
0.84692
0.711940
0.28213
-0.833854
0.789695
0.343607
-0.216272
-0.331087
-0.683304
-0.969714
-0.3925
-0.1330
0.474081
0.606396
-0.555351
0.41167
0.257285
-0.783609
-0.97347
0.691813
0.491435
0.475440
0.67793
-0.253615
-0.28006
-0.949027
0.744297
-0.81817
-0.433672
-0.691728
0.813508
-0.145418
-0.518707
-0.388997
0.62843
0.19448
0.148934
0.294690
-0.334120
-0.528
-0.804338
-0.943114
-0.416265
0.283366
-0.745849
0.871664
-0.224341
0.662856
-0.462462
0.359102
-0.649015
0.628640
0.906144
0.47381
-0.504340
-0.151447
-0.997465
0.373666
0.635846
0.812724
-0.148478
-0.457405
-0.217824
0.115868
-0.172114
0.238296
-0.886225
-0.135431
0.306618
0.65338
-0.747073
-0.635989
0.827699
-0.707326
-0.183039
0.361593
-0.720791
-0.220688
-0.455612
-0.135254
-0.327879
0.965208
0.240486
0.39178
0.316155
-0.874415
0.837653
0.356823
0.36411
-0.645250
0.100552
-0.583671
-0.342194
-0.276311
-0.657268
-0.941884
-0.785115
0.715603
0.524083
0.89057
0.375649
0.936171
-0.990228
0.911360
0.873496
0.278793
0.596158
-0.828095
0.183176
-0.252510
0.32323
-0.341943
-0.134191
-0.359391
0.328680
0.14865
0.444625
-0.950336
-0.760382
-0.494197
0.934659
0.640630
-0.668159
-0.501873
-0.89484
-0.208131
-0.981481
0.939246
0.123973
0.290299
0.296143
-0.673334
-0.288904
0.691974
-0.518071
0.232221
0.475515
0.16251
-0.857929
0.511362
0.788859
0.69222
0.269568
0.402365
0.856162
0.362546
-0.30532
0.409426
-0.692255
0.401427
-0.803924
-0.695761
0.22851
0.455818
0.230137
0.344547
-0.203025
-0.822042
-0.454941
-0.898838
-0.433424
0.979761
-0.329969
-0.783393
-0.6940
0.265255
0.334820
-0.606656
0.189382
-0.754804
0.546006
0.471220
0.29472
0.254329
-0.34022
-0.828222
-0.447256
-0.931402
-0.713523
-0.315801
0.932319
-0.47679
0.574778
-0.173867
0.233161
0.700031
-0.60727
0.77255
-0.497218
-0.607317
0.517455
-0.515038
0.276227
0.258288
0.193940
0.226565
0.187851
0.942455
-0.444932
0.43141
-0.561346
0.489965
0.463480
0.228624
-0.931508
0.8291
-0.787833
0.930027
0.486123
-0.570162
0.795109
-0.839027
0.587324
0.778293
-0.414157
0.226701
0.597311
-0.113928
0.316590
0.21490
-0.694847
0.213414
0.69464
0.579445
-0.364460
-0.752002
0.462687
0.175234
0.888865
-0.598619
0.291314
0.794878
-0.58339
-0.949417
0.767711
-0.139380
-0.517041
-0.977943
-0.45291
-0.658444
0.223347
-0.602025
-0.34181
0.768749
-0.247140
-0.742420
0.192689
-0.943432
0.962457
-0.658661
-0.380108
0.192727
0.699891
0.516359
0.244410
-0.187638
-0.617955
-0.186496
-0.599627
-0.607886
-0.322614
-0.417926
-0.403957
-0.315387
0.254207
0.96582
-0.804794
0.47817
-0.492683
-0.282572
-0.255333
0.237555
0.292577
0.558128
-0.895648
0.288028
0.32672
0.282621
-0.67312
-0.803043
0.88409
-0.988539
-0.221639
-0.946944
-0.116885
-0.484120
0.732430
-0.278210
0.662078
0.949917
-0.35056
-0.808693
-0.460252
-0.20710
-0.205675
0.881788
0.756084
-0.219991
-0.939387
-0.724750
-0.912804
0.461195
-0.963250
-0.186595
-0.124800
0.215760
-0.407161
0.743938
-0.632120
-0.427682
-0.104754
0.648232
-0.212501
0.354914
0.551512
-0.240865
-0.321239
0.625903
0.990523
0.426171
0.498066
0.791532
0.182736
0.805345
-0.300119
-0.652653
-0.58849
-0.782064
0.685461
0.455943
-0.765698
0.733994
-0.431573
-0.887780
-0.721452
0.53772
-0.472234
0.641098
0.897127
0.469827
-0.195823
0.634823
0.456070
-0.558727
0.586569
0.927561
-0.744183
-0.955558
-0.537804
-0.630557
-0.673641
0.995127
-0.562337
-0.317197
0.599021
-0.173062
-0.942209
-0.565870
0.741125
-0.88867
-0.171972
-0.196315
-0.194335
-0.124615
0.27915
0.24100
-0.988557
-0.363783
-0.171804
0.10359
-0.984357
0.82023
-0.991308
-0.873902
0.805194
0.576480
-0.495549
-0.409673
0.957372
0.938376
-0.838517
-0.203195
-0.498055
-0.377970
0.764311
-0.473389
0.88103
0.224291
0.236009
-0.328197
0.93667
-0.534722
-0.710177
-0.795453
0.511389
0.685541
-0.729009
-0.693333
-0.972067
0.929628
0.975985
-0.34102
0.991134
-0.176204
0.389292
0.784699
-0.441782
0.588528
0.263818
0.368565
-0.150515
-0.157817
-0.459194
0.139293
0.438806
0.716695
0.504643
-0.511584
-0.525544
-0.239272
-0.708541
0.914147
-0.343394
-0.334987
0.919362
0.415123
-0.274010
0.498458
0.940443
0.197170
0.739377
-0.310393
0.181015
-0.256149
-0.26117
0.137747
-0.35746
-0.401334
0.587275
0.19056
-0.956225
0.92866
-0.39823
-0.479791
-0.745429
0.359517
-0.107179
0.761531
0.8240
0.511106
-0.29454
0.285368
0.733452
0.477044
-0.455727
0.827364
0.962983
0.158539
-0.544260
0.499426
0.347996
-0.323551
-0.561557
0.259721
-0.619115
-0.120507
-0.936033
-0.746474
-0.125281
-0.990213
-0.235971
-0.509312
0.286864
0.718113
-0.855237
0.153517
0.109186
-0.174760
0.78503
0.756893
-0.721661
0.862540
0.832331
0.843532
0.832532
-0.538620
-0.684026
0.783810
0.264839
-0.834719
-0.752167
-0.323310
0.498010
0.48449
0.965257
-0.274132
-0.231799
0.860965
0.262038
-0.21743
0.54594
-0.195778
0.157352
0.742215
0.514215
-0.542269
0.597876
0.644088
-0.396354
-0.188751
0.530584
-0.564882
0.632259
-0.826515
-0.130344
0.21572
0.441326
0.956262
-0.713290
0.20871
-0.308117
0.10240
-0.461423
0.34583
0.379569
-0.735741
0.718922
0.188890
0.726470
-0.278183
-0.896367
-0.74456
0.517105
0.452725
-0.761901
-0.490604
0.69440
-0.525067
0.187876
0.421345
-0.815688
-0.993952
0.974062
0.918496
-0.714599
-0.590051
-0.12786
0.465012
0.244283
-0.792990
0.424037
-0.108906
-0.817143
0.540693
-0.709975
-0.605169
-0.635477
0.92978
0.814667
0.342777
-0.724505
0.656585
0.146392
-0.783534
-0.72039
-0.913211
-0.892822
-0.505906
-0.172442
-0.747689
-0.524989
-0.440785
-0.468332
0.286359
-0.545237
-0.328618
0.594668
0.39737
0.139504
0.131736
0.432499
-0.223972
0.583417
-0.67991
0.292829
0.154629
0.168538
0.494637
0.129177
-0.919870
-0.442836
-0.493212
-0.750043
-0.294918
-0.872572
0.617443
0.987954
-0.663097
0.603997
0.327232
-0.63120
0.230996
0.593628
-0.901233
-0.539334
-0.946276
0.102295
-0.52380
0.488790
-0.774589
0.290304
0.182786
-0.266151
0.849631
-0.609675
0.283326
-0.175076
-0.937157
-0.272661
0.524214
-0.692197
0.826870
0.426330
0.679534
0.742900
-0.792835
-0.878860
0.311464
0.337856
-0.47864
0.854310
0.136678
-0.361866
-0.314443
-0.944930
-0.479226
-0.341851
-0.464324
0.218051
0.716006
0.630686
0.510509
-0.814
-0.687263
0.15772
-0.318905
0.582670
-0.415820
-0.562122
-0.128119
0.601624
-0.176884
-0.946147
0.260713
0.817770
0.157854
-0.1912
-0.990708
-0.39392
0.374100
0.929450
-0.441598
0.181292
-0.5713
0.104034
0.283171
0.773883
-0.198190
0.133967
0.916932
-0.951974
-0.916546
-0.775854
-0.505668
-0.101577
0.386763
0.605477
0.92205
-0.202133
0.46536
-0.264455
-0.44530
-0.306114
0.274720
0.217976
0.908170
0.782792
-0.672893
-0.764675
0.406597
-0.91034
0.446337
0.654427
0.999633
0.669164
-0.679079
0.892228
0.488310
0.999035
0.671127
0.954684
-0.936018
-0.436719
0.812474
0.303826
0.100351
0.45137
-0.607724
0.601582
-0.72476
-0.169879
-0.720719
0.507869
-0.293154
-0.488412
0.756620
-0.59932
-0.696924
0.817902
0.214397
0.761175
-0.549293
0.377789
-0.22228
0.280727
0.766471
-0.362611
0.545419
0.728923
-0.893737
-0.319207
-0.176784
0.375700
-0.392142
0.899460
0.348035
-0.437641
0.983299
0.87049
-0.311154
-0.616583
-0.851088
-0.113871
-0.882379
-0.751432
-0.576483
0.459178
-0.998835
-0.143328
-0.544833
0.30222
0.736127
0.822900
-0.799645
-0.757657
0.794078
0.221129
-0.386139
0.558025
-0.210500
0.560987
-0.412802
-0.572954
-0.371396
0.835319
0.275423
0.841801
0.333404
0.247329
0.607355
-0.276554
0.411931
-0.562952
0.865388
-0.582941
0.946787
-0.895575
0.680446
0.803931
0.701165
0.484424
0.504792
-0.20843
-0.23631
-0.3950
-0.305864
-0.548772
-0.810892
0.32218
0.232701
0.784873
0.791791
-0.571782
-0.665330
-0.40433
-0.531316
-0.892140
0.883787
0.907008
-0.213860
0.54757
-0.224167
0.270224
-0.231605
0.744044
-0.950305
-0.676500
-0.725717
0.214334
-0.656700
-0.790247
-0.295977
-0.256828
0.111723
-0.603535
-0.107499
-0.878012
-0.294526
-0.883078
0.967030
0.23143
-0.156039
0.659431
-0.464277
-0.305509
-0.161237
-0.825345
-0.294496
0.669683
0.762362
-0.764506
0.447863
-0.717880
0.790754
-0.784874
0.744433
-0.191471
-0.24012
0.814934
-0.757373
0.125619
0.216199
-0.408529
-0.65842
0.949618
-0.351430
-0.214417
-0.872995
0.574388
0.565961
0.937886
0.683631
0.727219
0.12965
-0.712284
-0.178948
-0.205300
0.337924
-0.938547
-0.208393
-0.748322
-0.634995
0.391822
0.444093
0.688092
0.358176
0.836801
-0.788041
0.265802
-0.622526
-0.87696
-0.365046
-0.229326
0.939530
-0.623088
0.88744
0.740451
-0.883205
0.748081
-0.131187
-0.337353
0.611209
-0.531170
0.254527
0.232960
-0.807763
-0.227583
0.646356
0.392131
-0.657488
-0.766514
0.419333
-0.986323
-0.155591
-0.629837
-0.203282
0.776142
0.174049
0.246445
-0.136989
-0.854685
0.316413
-0.150265
0.55531
-0.97712
-0.590319
-0.975603
0.371192
-0.828542
0.729034
0.813561
-0.974627
0.779512
-0.929720
-0.609957
-0.21715
0.44165
0.579615
0.333603
-0.769530
-0.348165
0.811894
-0.402205
-0.802046
-0.226221
0.205479
0.979750
-0.145838
0.845135
-0.301572
0.658619
-0.952438
0.177769
-0.929918
0.683552
0.975391
0.92001
-0.388190
-0.970371
-0.724953
0.754022
-0.752727
0.626891
-0.9386
-0.490475
0.959822
0.150599
0.368230
0.477019
0.872444
0.30300
-0.224993
0.635121
-0.132859
0.836125
0.834789
-0.820949
-0.840271
0.518785
-0.436219
0.193320
0.191058
0.824655
0.704991
0.890140
-0.978597
0.941623
0.559093
-0.849479
0.731292
0.582468
0.792103
0.186301
-0.367611
-0.514735
0.747050
-0.716224
-0.601031
0.13748
0.875257
-0.399810
-0.340680
-0.90150
-0.950881
-0.624429
-0.141585
0.280959
-0.643020
0.598766
0.205051
0.847165
0.854261
0.406562
0.653325
0.277668
0.356903
-0.898790
0.535264
0.630061
-0.928569
0.717375
0.977741
-0.520194
0.981948
0.664096
0.748813
0.655453
-0.107355
-0.91072
0.515031
0.289264
-0.562570
0.85870
-0.693346
0.133036
-0.486775
0.208421
-0.848746
-0.117981
-0.363927
-0.50398
0.809690
0.264871
-0.316923
0.677727
-0.241035
0.736593
-0.671397
0.934144
-0.54747
0.503010
0.433944
0.38742
0.989102
0.662441
0.455152
-0.498473
0.451394
-0.181889
-0.635640
-0.632976
-0.342959
-0.712986
-0.708385
0.895451
0.230663
0.337359
-0.658948
0.980001
0.49177
0.517431
-0.871633
-0.769172
0.811953
0.124050
-0.327029
-0.356974
-0.126596
0.200696
0.233442
-0.114465
-0.43664
0.161416
0.344278
0.383366
-0.816564
-0.414136
-0.949406
0.527578
0.167074
-0.241657
-0.925006
0.680444
0.184943
0.886583
-0.526344
0.915195
0.969225
0.305325
-0.250734
0.223310
-0.105841
-0.755496
-0.853460
-0.849311
-0.967406
0.547342
0.722304
-0.944015
-0.657984
0.358337
-0.864352
0.270689
-0.866497
-0.179785
0.297411
-0.184529
0.73246
-0.491204
-0.772156
-0.496297
0.464187
-0.148328
0.304130
-0.126443
0.471998
0.662795
0.274665
-0.202632
0.542203
-0.774745
0.301864
-0.759219
0.932005
-0.850873
0.623642
0.960076
0.907162
0.307025
0.233452
0.689759
0.950952
-0.558153
-0.318742
-0.883132
-0.659554
-0.733264
-0.617153
-0.369233
0.775610
-0.769671
0.83629
-0.3434
0.354504
0.234788
-0.776631
-0.809759
-0.309805
0.469553
-0.161401
-0.522197
-0.526916
0.298725
-0.264297
-0.209579
0.404418
0.955512
-0.741702
-0.27895
-0.818461
0.200515
0.703582
-0.355380
-0.927242
-0.674638
0.693971
-0.909598
-0.485002
0.881308
0.392635
-0.821911
-0.619194
0.317804
-0.769074
0.457103
-0.124734
0.215332
-0.216949
0.874407
0.911998
-0.232835
0.778586
0.859561
0.867110
0.45591
-0.380813
0.573150
-0.161279
-0.360903
0.269358
-0.34241
0.24682
0.255113
0.336638
0.902175
-0.227622
0.887310
0.793797
0.302500
-0.520444
0.437004
-0.731947
-0.417616
-0.450164
0.339931
0.629231
0.146319
0.140099
0.411896
-0.563656
0.241726
0.965435
-0.830191
0.424963
0.452843
-0.513488
-0.363017
-0.449057
-0.138661
0.591857
0.618744
-0.369117
0.875001
-0.682847
0.502306
-0.117322
0.586838
-0.422124
0.391045
-0.582426
0.308846
0.766439
-0.341349
-0.485201
0.631069
-0.474954
-0.298147
0.47580
0.869640
-0.492750
-0.9635
0.148682
0.725533
-0.529855
-0.934245
0.993170
0.724547
-0.431307
-0.491457
-0.62258
-0.993567
-0.888692
-0.897637
0.13918
-0.183052
-0.171928
-0.149445
0.821865
-0.407769
0.507909
0.980354
0.585106
0.777041
0.287150
0.449274
0.423730
0.919325
0.283611
0.281399
0.616944
0.804199
0.689843
0.625834
-0.344975
-0.379781
-0.891970
-0.386669
-0.97740
0.526194
0.464913
-0.767003
-0.451014
0.233770
-0.535995
0.32156
0.12325
-0.974515
0.822703
0.730229
-0.666657
0.53268
-0.19201
-0.68407
0.636351
0.534536
-0.86423
-0.22612
-0.20572
0.272063
-0.804256
0.258562
0.173278
-0.551454
0.866130
-0.680013
-0.424398
0.607766
0.689570
-0.76894
0.787128
0.459890
0.429322
-0.927340
-0.287941
-0.39165
-0.536327
-0.941483
-0.47156
-0.221940
-0.290973
-0.446074
0.151586
0.191676
-0.762718
0.716133
-0.912704
0.972453
-0.691231
0.824624
0.131902
0.587722
0.194220
-0.410539
-0.22142
0.154663
-0.567136
-0.61192
0.203633
-0.108934
0.554142
-0.548902
-0.517444
-0.841577
-0.937502
0.704199
-0.562695
0.286689
-0.337478
0.998292
0.362412
-0.189089
0.302748
0.197327
0.535853
0.505437
-0.647682
0.73193
-0.92048
0.890153
0.97324
0.648010
-0.402626
-0.933286
0.148280
0.616077
-0.117237
-0.989298
-0.604503
-0.959071
-0.9239
-0.230351
0.35200
-0.338399
0.734667
0.705854
0.339257
0.8362
-0.804916
-0.514691
-0.389579
0.496593
-0.968639
0.475858
0.188869
-0.229851
0.415790
0.371382
0.280100
0.127295
-0.971038
-0.879463
-0.703366
-0.84882
0.862178
0.977830
0.763046
-0.791279
-0.993019
-0.821181
-0.734771
0.896349
0.27587
0.634255
-0.10216
0.871511
-0.111052
0.807901
0.671503
-0.839052
0.525061
0.301792
-0.324010
0.536145
0.392912
-0.15270
-0.924711
0.310948
0.212054
0.809042
0.223106
0.236229
0.947879
0.181280
0.485970
0.153064
0.869919
-0.299139
-0.580631
0.27311
0.708963
0.617579
-0.986905
-0.135028
0.390084
0.970287
0.140975
-0.463701
0.283351
0.708237
0.181666
0.296705
-0.832510
-0.278218
0.463833
0.903037
-0.864464
-0.355526
-0.481849
0.83033
0.950977
0.1475
0.776189
-0.180807
0.142862
-0.861566
0.783049
0.408817
0.786820
-0.61405
0.508917
0.939801
0.517763
-0.257455
0.302234
-0.387897
0.393809
-0.861515
0.403605
0.262242
-0.964070
-0.903699
0.282081
-0.395383
0.32256
0.835907
-0.453935
0.947259
0.103740
0.4015
0.61554
0.175537
-0.330341
0.658065
-0.595727
-0.280414
-0.44117
-0.823269
0.45686
-0.427803
0.224497
0.135468
0.72123
-0.682835
0.320145
0.581837
-0.627818
-0.353415
0.310778
0.692107
-0.448140
0.982655
-0.705691
-0.851159
-0.573633
0.829320
0.59025
0.992915
-0.596571
0.823363
-0.911656
0.298416
-0.195278
0.497635
-0.696015
0.928914
-0.711319
0.636413
0.266550
0.168389
0.282888
0.154666
0.995202
0.989414
0.856036
-0.24842
0.734330
0.823520
-0.7793
-0.952017
0.543601
0.364316
0.341557
0.188283
-0.521007
0.964643
-0.387086
-0.662160
0.783243
-0.490413
0.497056
-0.923325
-0.871217
-0.677346
0.100704
-0.615523
-0.543000
-0.415577
-0.496921
0.9017
0.993237
0.854527
0.92969
-0.278963
-0.200966
-0.548197
0.317336
0.445760
0.251071
-0.583916
-0.268823
-0.512432
-0.695631
0.729084
0.564574
0.243185
0.228113
0.454487
-0.130752
0.746352
-0.535532
-0.29741
0.282423
0.557774
-0.114961
0.401621
-0.373834
-0.744663
-0.874766
-0.294722
0.244553
-0.29857
-0.151971
0.342805
0.734147
-0.614443
-0.900058
-0.638900
0.152390
-0.748679
0.887421
0.683839
-0.580705
0.363425
0.934954
-0.927517
-0.712406
0.168525
-0.958070
0.147102
-0.116840
-0.478249
-0.954785
0.715732
-0.862880
0.407231
0.131064
0.44261
0.35925
-0.199946
0.582186
0.666738
0.601189
-0.158971
-0.379299
-0.251477
-0.100322
-0.29390
-0.879580
0.194987
0.725887
-0.9114
0.209642
-0.85073
-0.977414
-0.732799
0.928834
-0.854194
0.783857
-0.605635
-0.351942
0.175648
-0.619543
0.540075
-0.466513
-0.757936
0.853634
0.49352
-0.853130
-0.825195
0.452149
-0.390145
0.990236
0.427359
-0.806560
0.969954
0.406458
0.643470
0.866992
-0.557830
-0.951313
-0.42258
-0.115521
0.384575
0.775092
0.315547
0.800469
-0.608224
-0.982736
-0.597502
-0.101281
-0.980503
0.229410
0.566446
-0.840224
-0.462613
-0.956394
0.629188
-0.145538
-0.73270
0.739885
-0.147871
-0.610863
-0.363763
0.340735
-0.415600
-0.45074
0.466108
-0.536430
0.887240
-0.673182
-0.200895
-0.887428
0.734196
-0.360198
-0.469948
-0.712637
0.189494
0.922971
-0.949803
-0.30875
-0.705722
0.794212
0.866787
0.237089
-0.223648
0.136584
-0.572553
0.287330
-0.89683
0.630568
0.296667
-0.210155
0.183057
-0.39419
0.396832
-0.530969
-0.178948
0.823441
-0.172175
0.832466
-0.487155
0.853070
-0.542119
0.882809
0.820632
-0.707785
-0.372935
0.603461
-0.567418
0.721558
0.262230
-0.615861
-0.610412
0.519618
-0.499833
-0.211114
0.353839
-0.563048
0.237288
-0.44112
0.475588
0.691571
0.218894
0.920868
-0.970616
-0.783267
-0.444009
0.706730
0.354783
-0.353360
-0.94785
-0.874309
-0.177714
-0.377287
0.399567
0.505626
-0.722354
-0.240031
-0.8582
0.243913
0.352382
0.761102
0.459013
0.850813
-0.694180
-0.701117
-0.317704
-0.753943
0.45487
0.943125
-0.585334
0.836562
-0.162301
-0.248937
-0.270197
0.699139
-0.552735
0.418970
-0.928073
-0.341897
0.23013
-0.927571
-0.167496
0.868839
0.845449
0.174391
0.777068
-0.738472
0.636603
0.142957
0.512963
-0.45731
-0.818689
0.593800
0.283541
-0.885368
-0.11416
-0.679975
0.10806
0.908248
-0.877131
0.287038
0.642649
0.626272
0.561975
0.702404
0.644030
-0.656990
0.245540
0.725834
0.219191
0.868339
-0.424142
0.925872
0.613481
0.807555
0.949464
-0.177515
-0.669160
-0.387717
-0.605721
0.338778
0.870960
0.745176
0.279262
0.161934
0.82213
0.729061
-0.94940
-0.974007
0.521758
0.715385
0.908859
0.96039
0.729391
-0.841859
-0.606581
-0.617569
0.692758
-0.110393
0.833755
-0.470474
0.335305
-0.971379
-0.403525
-0.655018
0.759652
-0.912857
0.296007
-0.279235
-0.525356
0.393215
-0.818084
0.642182
0.889881
-0.515566
-0.57607
0.188661
0.218281
0.855861
-0.621779
-0.63442
0.397634
0.566296
0.17900
0.751744
-0.999330
-0.224250
0.155744
0.360960
-0.135360
-0.801966
-0.378919
-0.618584
0.667021
-0.251711
0.501677
0.186584
0.807804
0.625657
-0.631116
0.918017
-0.522361
-0.964212
-0.8699
0.272786
0.201698
0.369732
0.581733
-0.210522
0.462762
0.53906
0.777386
0.896456
0.26075
0.959951
0.415867
-0.320341
0.536587
-0.649037
-0.642429
-0.205699
0.512928
0.457450
0.563747
0.376119
0.646558
-0.23654
0.703221
0.41839
-0.958575
0.935544
0.396111
-0.829022
-0.573143
0.994338
0.432587
-0.92404
-0.291820
0.589233
-0.734179
0.431133
-0.911730
-0.321033
0.891249
-0.376952
-0.397368
-0.740619
-0.84733
0.242530
-0.596757
-0.389801
-0.953257
-0.7564
-0.548412
-0.649701
0.78501
0.179680
0.51974
-0.637887
-0.896290
-0.825752
-0.843687
0.603490
0.168718
0.619001
-0.599241
0.311172
0.523712
-0.830280
0.948237
0.871067
-0.77167
-0.533322
0.584164
0.105069
-0.186049
0.806817
-0.529897
-0.990862
-0.772680
0.980443
0.651370
-0.957123
0.643055
-0.763558
0.783736
-0.134382
-0.718076
-0.22749
0.838915
0.331751
0.91344
-0.87405
0.65228
-0.836209
0.204483
0.758885
-0.624619
-0.547287
-0.19764
-0.375318
0.978174
0.213461
0.693757
0.31194
0.396733
-0.73989
-0.17867
0.625670
-0.756014
-0.470060
-0.794883
-0.849054
0.461306
0.203528
0.223538
-0.317276
0.121251
-0.414314
-0.283299
0.864033
0.841158
0.684461
-0.615768
0.974825
0.804715
-0.848631
-0.190182
-0.19101
-0.610378
0.648912
-0.834180
-0.68332
0.496925
-0.803144
-0.960859
-0.492961
-0.121551
0.177395
-0.520258
0.625454
0.113457
-0.924573
0.204475
-0.471480
-0.199008
0.681474
0.602932
-0.537676
-0.748805
0.912786
0.524349
-0.28033
0.615873
-0.415924
0.874000
-0.977458
-0.31815
0.323801
0.878409
0.83848
0.432026
0.659663
-0.547832
-0.167520
-0.54512
-0.522653
0.2405
-0.257466
-0.756115
0.270762
-0.231120
0.650277
-0.666603
-0.531930
-0.802064
0.655135
0.413804
-0.785400
-0.28489
0.774626
0.549578
-0.694567
0.364318
-0.686614
0.658127
-0.783254
-0.721949
0.184886
0.923962
-0.966269
-0.365298
-0.476468
0.452554
0.257091
-0.731141
-0.596749
0.328996
-0.865407
-0.276053
0.330101
0.25749
-0.339779
-0.63238
-0.652603
0.757834
0.229578
0.756629
-0.418587
-0.484267
-0.239283
0.707395
-0.45183
0.160053
0.762411
-0.978963
0.886639
-0.238571
-0.785115
-0.267437
-0.805362
0.572943
0.664756
0.773691
-0.87811
-0.275374
-0.506070
0.195832
0.535514
-0.978196
-0.308344
0.423141
0.510928
0.937755
0.996225
0.250114
-0.263167
-0.869232
-0.185333
0.43972
-0.417233
-0.632944
0.818468
-0.990908
0.701013
-0.684611
-0.958968
0.204342
-0.802168
-0.282292
0.379993
-0.116333
0.871816
-0.87436
0.144840
0.362999
0.967107
-0.1728
-0.857423
-0.655910
-0.994445
0.84146
-0.480978
-0.456014
-0.463289
-0.597892
0.787065
-0.2795
0.732495
0.232384
-0.737992
-0.955761
0.624030
0.523378
0.982831
-0.556241
-0.36162
-0.963394
0.445228
0.832990
-0.674066
0.268152
0.661461
-0.636366
-0.877531
0.787644
-0.496837
-0.353326
-0.733600
0.118672
0.572345
-0.726411
-0.831653
-0.158351
0.658269
0.701752
-0.938576
-0.826172
-0.757204
-0.510346
-0.847640
0.282962
-0.590452
0.981696
0.545696
-0.73187
0.291633
0.242900
-0.38460
0.432873
0.425297
-0.545418
0.137233
0.480263
-0.350480
0.561876
0.321303
0.58949
-0.513830
-0.268512
-0.141013
0.693920
-0.174003
0.588637
-0.370776
0.425545
-0.188839
-0.676299
0.375257
0.253214
-0.179875
0.440209
-0.692633
-0.445638
0.539803
0.782343
-0.572203
0.662519
-0.445788
-0.475021
-0.789019
-0.645342
-0.420586
0.820283
0.994555
-0.37933
0.404941
0.191961
0.493653
-0.304038
-0.868102
0.263329
-0.595349
-0.702863
-0.177005
-0.374054
-0.627508
-0.460234
0.857390
-0.843938
-0.870368
0.542728
-0.876367
0.372883
0.404993
0.436181
-0.312359
0.229753
-0.141711
-0.948846
-0.143205
0.801092
0.858649
-0.818808
0.574549
-0.600690
-0.577322
0.236578
-0.910812
0.856414
-0.835439
-0.105252
-0.24810
-0.55507
0.783974
-0.1590
0.843606
0.214245
-0.96714
0.450999
0.212151
-0.632532
0.711460
0.759515
0.511275
-0.970781
-0.941229
-0.10866
-0.443743
-0.132561
-0.103431
0.187600
-0.453187
-0.681996
0.434898
-0.253868
0.701037
0.952876
-0.788214
0.67473
0.361025
0.678908
0.146992
-0.784645
-0.788852
-0.851156
-0.567711
-0.872024
0.956954
0.603503
0.203368
0.71606
-0.776475
0.349607
-0.285930
0.380530
-0.971687
0.465561
-0.781917
-0.225766
0.683765
0.495756
-0.115679
0.305078
-0.438153
0.497189
0.798656
-0.62279
0.625982
-0.656172
0.345320
0.558867
-0.612494
0.952039
0.790987
-0.997885
0.771080
0.242581
0.861422
0.992096
-0.488945
-0.457448
0.574433
0.895437
-0.964319
-0.628680
0.588312
0.659350
-0.244680
0.627922
-0.821899
-0.510420
-0.635800
0.512442
0.333364
-0.829501
0.510175
0.658967
0.839382
0.801377
0.106013
-0.146044
-0.650309
-0.444188
0.449488
0.930657
-0.730621
-0.897070
0.743134
0.379996
0.430402
0.931512
-0.12800
-0.541538
0.661235
-0.688587
-0.805677
0.494279
-0.189081
-0.867328
0.526930
-0.942660
0.271767
0.140325
0.249242
0.124105
0.762524
-0.136574
-0.162449
0.660210
0.53732
-0.107285
-0.216132
0.831747
0.540032
-0.560135
0.13414
-0.840865
0.858878
0.332787
0.17865
0.820469
0.28862
0.588417
0.151507
-0.531347
-0.113776
0.581000
0.240197
-0.251473
-0.628176
0.363543
0.347108
-0.959475
-0.701952
-0.346810
-0.781859
-0.532910
0.124322
-0.518384
0.369954
0.997421
0.204717
0.846342
-0.507522
-0.741496
0.458480
0.326344
-0.342152
0.44278
0.610786
-0.280273
-0.74720
-0.203367
0.450862
0.507576
-0.804188
-0.337250
-0.599772
0.970171
-0.830464
-0.275696
0.365763
0.610884
-0.404211
0.268372
0.562602
-0.923996
0.394533
-0.352717
-0.398171
0.182564
-0.881643
-0.211264
-0.252463
-0.105061
-0.925807
-0.888223
0.15501
-0.515838
0.670621
0.467415
0.849207
0.386898
0.551478
-0.605488
0.116260
0.152009
0.340570
-0.995671
-0.577414
-0.708664
0.514194
-0.311144
-0.95994
0.465761
-0.611192
-0.516191
0.324587
-0.220492
-0.159056
0.858419
-0.130384
-0.305924
-0.406407
-0.613044
0.918681
-0.3394
-0.918596
0.478923
0.657872
0.813910
-0.877860
0.762168
-0.749542
0.111217
0.841344
-0.216618
0.496417
-0.991738
-0.340491
0.919349
0.442843
-0.208399
-0.269986
0.408733
0.148359
0.745979
0.69096
-0.745019
0.523511
-0.276292
-0.342225
0.369287
0.531806
-0.290523
-0.482160
0.164173
0.648968
0.802794
-0.92599
-0.879518
-0.950523
-0.267179
0.649997
-0.870962
0.901139
-0.87420
-0.156518
-0.114710
-0.850437
0.593325
-0.131458
0.773953
-0.162774
0.215733
0.820980
0.496333
0.237101
0.791123
-0.808414
-0.93310
0.325693
0.469269
0.153790
0.686887
-0.21917
0.853177
-0.554062
0.933802
-0.236583
-0.488562
0.761139
-0.829066
0.297463
0.401690
-0.314980
0.331783
-0.708435
0.639236
-0.417737
0.382804
0.122687
0.109382
0.895817
-0.426289
0.225423
0.706315
0.448803
0.501154
-0.704627
-0.368497
-0.430549
0.692984
0.534037
0.517561
0.174695
-0.907781
0.652699
0.523187
-0.93051
-0.197268
0.413385
-0.821389
-0.988021
-0.641159
-0.258092
-0.744960
0.742641
0.860329
-0.286517
0.228453
0.794607
-0.307651
-0.669749
-0.28527
0.296667
-0.597626
0.162083
-0.88593
0.774263
0.359105
-0.255761
-0.270052
0.58361
0.275080
0.24623
-0.838795
0.672471
-0.815593
0.493636
0.137724
0.69917
0.16708
0.670718
0.898457
0.351406
0.510040
-0.394331
0.121921
0.943177
0.313923
0.933239
0.819735
0.331868
-0.980635
0.479449
0.615808
-0.886414
-0.330423
0.254170
0.34818
-0.519146
0.729095
-0.357655
-0.366169
0.280722
0.784985
0.865514
0.852375
0.756401
0.22887
0.984074
-0.334273
-0.303916
-0.943973
-0.409928
0.196367
-0.40003
-0.358903
0.809183
0.214843
-0.954221
-0.336570
-0.637253
-0.533470
-0.538308
-0.662209
0.744108
0.909223
-0.693882
-0.122464
0.864692
0.65588
-0.276998
0.335058
0.182267
0.692439
-0.66082
0.472576
-0.734308
-0.613342
-0.595107
0.827703
-0.821089
-0.419944
0.139178
0.135133
0.893944
0.424918
0.141564
-0.773476
0.309878
-0.460320
0.527630
-0.595648
0.971646
0.567258
0.517246
0.938673
-0.680943
-0.853307
0.417378
0.340345
0.705514
0.998616
-0.525240
0.170911
0.270713
0.243782
0.596832
0.576633
-0.81126
0.651584
0.571557
-0.453060
0.465226
0.105326
0.327513
0.710278
-0.727287
-0.912810
-0.997340
0.120349
-0.747657
0.582748
0.236266
0.429319
0.335976
-0.432117
-0.703864
-0.709090
0.224249
-0.568047
0.776440
-0.133846
-0.19925
-0.756254
-0.646730
-0.318022
-0.273438
0.771580
-0.92855
0.827097
0.314507
-0.369069
0.177096
-0.703814
-0.408927
0.502164
-0.66540
0.689094
-0.199018
0.620082
-0.354655
0.756487
0.355226
-0.137799
0.761671
-0.909616
-0.256815
-0.610901
0.389548
-0.384312
-0.586578
-0.500195
-0.38838
0.255935
-0.667342
-0.116309
-0.330473
-0.650092
-0.433568
0.650132
-0.301843
0.271417
-0.871138
-0.25273
-0.713387
-0.575514
-0.812414
0.469435
-0.781352
0.638166
0.601387
-0.470692
0.143624
-0.133911
0.457731
-0.772432
-0.892847
0.834585
-0.958873
0.541024
0.302149
-0.488577
0.192248
0.998520
0.683382
-0.422295
0.907514
-0.249333
-0.562828
-0.144683
-0.716343
-0.296486
0.993670
0.373176
0.507283
0.141155
0.547090
0.440347
0.104096
0.229291
0.108258
-0.621303
0.93630
-0.583263
-0.286584
-0.193369
-0.161414
-0.128469
0.137280
-0.623979
-0.448549
-0.486699
0.427570
-0.251331
-0.398618
0.351848
-0.681265
0.555353
-0.360139
-0.947705
-0.382915
-0.682354
0.663634
-0.732118
-0.345173
-0.478181
0.153936
0.305715
-0.924631
-0.145877
-0.586724
-0.346478
-0.987229
0.559236
0.556800
0.543148
-0.197072
0.33101
-0.552678
-0.694325
0.637668
-0.724279
-0.170091
0.922167
0.619744
0.934323
-0.598473
0.990810
0.698986
-0.965775
-0.89692
0.744558
-0.250777
-0.180174
-0.59230
-0.734012
-0.563358
0.521207
0.4637
0.344523
0.27770
-0.863553
0.76000
0.728298
-0.437114
-0.579829
-0.719348
-0.329922
-0.134750
-0.322637
0.900948
-0.890878
-0.31292
-0.230459
0.371811
0.693014
0.886532
0.542177
-0.443635
-0.286575
-0.997252
0.923907
0.223495
0.719429
-0.796630
-0.552225
-0.615068
-0.678236
0.887893
-0.714994
-0.516381
0.691990
-0.513633
-0.398150
-0.537346
-0.838018
0.67482
-0.283902
-0.532107
0.649223
-0.78103
-0.542667
0.160905
-0.372236
0.162302
0.341207
-0.44296
0.114300
-0.816421
0.515197
-0.713529
-0.921070
0.631493
0.588341
0.241009
-0.525041
0.955366
0.44987
0.321315
0.197773
-0.537159
0.195004
-0.604883
0.139384
0.338107
0.291424
-0.40501
-0.865352
-0.933820
0.868298
-0.691258
0.10293
0.493751
0.279247
-0.988856
0.331387
-0.48706
0.623822
-0.868399
-0.591245
-0.450492
0.290847
0.611517
-0.195691
-0.609893
0.236518
0.490032
0.464128
-0.818443
-0.347905
0.769452
0.366019
-0.238387
0.471747
-0.269400
-0.829645
0.462015
0.243589
0.276692
0.135221
-0.19621
-0.220441
-0.134902
0.526140
-0.977000
-0.793349
0.586041
-0.564611
-0.665563
0.931215
0.132056
0.171208
0.397705
-0.183955
0.370430
-0.110039
0.207267
0.416057
0.531401
-0.328218
0.848947
-0.771207
0.797289
0.775769
0.404881
-0.914167
-0.500548
-0.680064
-0.532877
-0.121708
-0.215899
-0.293358
-0.562228
-0.798039
0.200669
-0.634735
-0.764178
0.517308
-0.774465
-0.540671
-0.32765
0.265340
0.572918
0.464272
-0.325776
0.525454
-0.817727
0.481194
-0.77284
0.22641
0.921843
-0.327569
0.96023
-0.763840
0.654307
0.598890
0.308406
0.736738
-0.325987
0.19823
-0.786990
-0.226142
0.913145
-0.533729
-0.502922
0.268382
-0.730099
0.627139
0.957181
0.245666
0.244547
-0.331264
-0.741491
0.466981
0.785365
-0.751945
-0.64785
-0.209778
0.718128
-0.968360
0.816230
0.162167
0.349046
-0.921507
-0.729342
0.466771
0.44433
-0.559546
0.382390
-0.886106
-0.546035
0.256464
0.648843
0.105102
0.726101
0.104373
0.342909
0.605012
-0.604903
0.547238
-0.210044
-0.340838
0.812044
-0.73106
-0.475967
0.878543
0.113616
-0.665526
-0.601249
-0.645782
0.876795
-0.386034
-0.533048
-0.944363
0.550270
0.988548
-0.505610
-0.47496
-0.778826
-0.544793
0.596168
-0.276795
-0.558343
0.988596
0.229301
0.519647
-0.900886
0.358504
-0.929431
-0.88237
0.310820
-0.272720
0.438875
-0.166789
0.473523
0.988846
0.651271
0.812180
-0.724314
-0.401911
-0.467858
0.608768
0.859943
0.835382
0.786492
-0.785428
0.33108
0.946447
-0.927420
-0.722388
-0.857522
0.503339
0.493227
-0.751112
0.632647
0.203861
-0.590933
-0.501954
-0.296253
-0.756602
-0.777308
0.696410
-0.149234
-0.798752
-0.272445
0.510303
-0.748727
0.155113
-0.845514
-0.459496
0.575600
-0.611371
-0.992338
-0.650113
0.967015
-0.404041
0.497802
0.71092
-0.776012
-0.240043
-0.423690
-0.694777
-0.280341
0.414372
-0.788819
0.120368
0.569930
0.563656
0.361418
0.883565
0.653188
-0.589108
0.904410
0.314379
0.46398
0.245232
-0.821121
0.642505
0.338955
-0.743669
-0.963451
-0.524897
0.628481
-0.128354
0.335026
0.351036
-0.815878
-0.171909
0.600346
-0.433414
0.557062
-0.633184
-0.651359
-0.512349
0.848919
-0.634440
0.152760
-0.862104
0.280594
-0.803845
0.518730
0.152891
0.95026
0.603952
0.327440
-0.374820
0.232365
0.295390
-0.283694
-0.906743
0.580110
-0.461336
0.733225
0.30463
0.830250
-0.178496
0.505542
-0.716292
-0.172539
-0.812293
0.873963
0.417185
0.711470
-0.22756
0.520315
-0.644129
-0.987035
-0.865999
0.428905
0.766783
-0.247123
0.124488
-0.793018
0.869585
-0.193729
0.498240
0.901696
-0.206724
-0.144353
0.608330
-0.191684
0.797797
-0.874277
-0.931683
0.560259
-0.595042
0.676450
0.592751
0.593016
-0.467730
-0.176919
0.887142
-0.914101
-0.208133
0.356051
-0.239475
-0.101626
0.242807
-0.701069
0.311790
0.905662
0.101414
0.142715
-0.84285
0.672853
-0.555181
0.550691
-0.444739
0.568893
0.39598
-0.502039
0.989033
-0.316346
0.95921
-0.439035
0.311447
-0.830896
0.443162
0.139730
-0.258399
-0.595815
0.695060
-0.288607
0.644002
0.825376
0.298797
-0.479026
0.447433
0.68727
-0.845491
0.983770
0.368812
-0.602503
-0.337334
-0.855773
0.103873
0.925665
-0.630799
0.971436
0.588124
0.474755
0.156932
0.723808
-0.265506
-0.180424
-0.816650
-0.300640
0.11565
-0.546492
-0.678081
-0.460984
-0.886558
-0.613591
-0.117273
-0.308512
0.414544
-0.625024
-0.737048
0.692193
-0.657720
0.146256
0.69517
-0.208888
0.382743
0.429982
0.673997
-0.359130
-0.793968
0.110618
0.590453
0.649343
-0.202397
-0.92825
-0.139552
0.974704
0.690340
0.304346
-0.600560
-0.840940
0.784966
0.560480
-0.194592
0.52223
0.925036
0.416154
-0.98323
-0.520486
0.856217
0.272870
0.431033
-0.825745
-0.401238
0.397583
-0.159677
-0.501453
-0.58501
0.952662
0.497896
-0.758006
0.200431
0.454773
-0.272362
0.115827
0.621274
-0.157052
-0.668975
-0.206385
-0.629240
-0.104715
-0.875196
-0.766264
0.668102
-0.703144
0.756516
0.105282
-0.668015
-0.255703
-0.568018
0.101660
0.276580
0.757952
-0.241509
-0.48473
0.84658
-0.692370
-0.275709
0.409905
0.693912
0.626162
-0.123255
-0.407377
0.840556
0.247999
-0.67314
0.597867
0.124723
-0.322154
0.836509
-0.786037
-0.40167
-0.397374
-0.937041
0.259689
-0.953032
0.597735
-0.166352
0.383910
-0.700896
0.415484
0.14273
0.628457
-0.401875
0.54285
0.837590
0.159551
-0.835082
-0.193634
0.396909
-0.435782
0.888231
-0.458934
-0.71333
0.94196
-0.507458
0.56791
0.555736
-0.209785
0.152211
0.195995
0.620745
-0.867559
-0.945176
-0.744304
-0.63573
-0.208380
0.729955
0.39091
-0.510158
-0.89869
-0.159320
0.572053
-0.348261
0.189019
0.78612
-0.6626
0.773265
-0.187890
0.968082
0.576879
-0.628632
-0.499811
-0.452573
0.192579
0.672191
0.13053
0.461812
-0.579272
0.399648
0.826898
0.186010
-0.693970
-0.740413
0.710420
-0.846758
0.256503
0.588911
-0.866681
-0.327921
0.36921
0.374412
-0.864328
-0.667784
0.162650
0.728243
0.578396
-0.855776
-0.906232
-0.186931
-0.821037
0.936657
0.25432
-0.382910
0.83405
0.467726
-0.227296
-0.686652
0.194716
-0.535224
-0.454572
0.863267
-0.210425
-0.821688
0.831585
0.766015
0.558661
0.279218
0.744592
-0.992560
-0.372960
-0.948324
-0.335129
-0.691881
-0.22117
-0.403564
0.39630
0.542363
-0.502226
0.915769
0.889022
-0.535489
-0.417160
-0.64482
0.993188
0.989751
-0.33680
-0.482757
0.122108
0.415007
-0.434449
0.653620
0.601754
0.756838
0.76386
0.470496
0.387096
-0.445796
-0.337045
-0.966010
0.83672
0.212734
-0.442892
0.518867
0.386482
0.225579
0.268798
0.844066
0.591534
-0.7237
0.306217
0.666032
0.72
0.497570
-0.654811
0.700055
0.452045
-0.888541
-0.124632
-0.976291
-0.857634
0.364750
0.113773
-0.513337
-0.326074
0.922283
0.514660
-0.325604
0.732848
-0.884554
0.803107
0.158848
0.13750
-0.666443
0.454797
-0.165849
0.877308
0.955216
0.255769
0.729092
-0.989127
-0.730486
-0.756042
0.534872
0.911969
-0.909255
-0.553091
-0.486582
0.631844
-0.737928
0.828463
-0.915424
0.467081
0.213204
0.855545
-0.337397
0.626375
-0.864813
-0.156678
-0.904012
-0.368168
-0.300076
-0.914074
0.4453
0.488739
0.665263
0.678862
0.539325
-0.484032
0.901498
-0.727529
-0.700603
-0.339483
-0.769026
0.997805
0.597513
-0.519010
-0.803585
-0.716952
0.11707
0.583123
0.39246
-0.290362
0.924281
-0.363805
0.630325
-0.97380
-0.477943
0.412696
-0.449377
0.436359
0.292827
0.460831
0.937510
-0.453506
-0.416179
-0.658891
-0.814966
0.550348
0.240001
-0.597732
-0.38192
0.201254
-0.648327
0.795808
-0.540803
-0.177298
0.220241
0.479098
0.332265
0.623320
-0.969233
0.720221
0.747817
0.72504
-0.217427
-0.858144
0.398052
0.804458
-0.706052
-0.176788
-0.348786
-0.113190
-0.992216
-0.759482
0.524893
0.105630
-0.181365
0.311031
-0.645478
-0.949705
-0.570123
0.151229
-0.899952
-0.530906
-0.588658
0.369213
0.578133
0.539175
-0.74692
-0.927535
-0.197811
-0.126417
-0.891722
0.341063
0.853687
0.432809
0.131323
0.424689
-0.572430
-0.637280
-0.695994
0.614884
-0.488897
-0.360828
0.452716
0.195879
-0.837882
-0.62407
-0.792448
0.299508
-0.726944
-0.102649
-0.349060
-0.889542
0.515638
-0.598930
0.566020
0.485759
-0.367873
-0.651211
0.651303
0.503820
-0.685739
-0.767845
-0.2402
-0.640675
-0.832375
0.103965
-0.787015
0.619277
0.553035
-0.514285
-0.948373
-0.690325
-0.879335
-0.169539
-0.704978
0.536176
-0.272290
0.901609
-0.887727
0.36743
0.801960
0.417889
-0.166921
-0.407980
-0.288077
-0.355363
0.955013
0.585400
-0.419928
0.881340
-0.461002
-0.64680
-0.237890
-0.557042
0.24925
-0.878424
-0.250846
-0.448565
-0.882536
-0.170427
0.811515
0.923416
0.120535
-0.633582
0.296460
0.698075
-0.448790
-0.523460
0.761749
0.361355
0.190639
0.646264
-0.568797
0.408309
-0.467728
-0.654652
-0.620880
0.594828
-0.119589
0.798231
0.259684
-0.689865
-0.808118
-0.427860
-0.326531
-0.872893
0.545346
-0.507712
-0.613988
0.598182
-0.11111
-0.910015
0.863606
0.406110
-0.733254
0.399246
-0.733352
0.217766
0.851492
-0.627689
0.951193
0.727897
0.19741
0.643387
0.667984
0.748149
-0.527107
0.343790
0.679360
0.373910
-0.470594
-0.921906
-0.411323
0.778121
-0.818002
0.957190
-0.906394
-0.782086
-0.437049
-0.592568
-0.699747
-0.816832
-0.31585
0.133921
-0.426875
0.123561
0.313691
-0.134120
0.217843
0.987829
-0.834405
-0.321392
0.146458
-0.699638
0.561656
-0.721245
0.665627
0.4611
0.731404
0.408158
-0.646363
0.572101
-0.609890
0.201420
0.651167
0.379930
0.166972
0.742723
0.321153
0.413290
-0.767271
-0.144213
0.705318
0.646463
0.803708
0.111354
0.619045
-0.442829
-0.906028
-0.573021
-0.866202
0.559120
0.170626
-0.862957
0.293261
-0.407292
-0.443487
-0.526135
-0.216682
-0.101880
0.743572
0.986814
-0.413041
0.107904
0.590245
-0.908969
-0.182933
0.5974
0.802638
0.878042
-0.177883
0.672784
0.353192
0.286528
-0.887870
0.622970
0.117994
-0.26763
-0.72132
0.882808
-0.364649
-0.635178
0.259868
0.417493
-0.26436
-0.674757
-0.97222
0.342041
0.579166
0.52993
-0.49681
0.614831
-0.318452
-0.731414
0.808966
0.569314
-0.406001
0.721198
0.878349
0.761079
-0.950579
-0.141808
0.816082
-0.14568
0.145123
0.894989
0.743525
0.878832
-0.184118
-0.968913
-0.224469
-0.683053
0.259072
0.329043
0.59295
0.74910
-0.558663
-0.574028
-0.700568
-0.802698
0.656158
-0.556847
-0.723859
0.494364
-0.78630
-0.417414
0.34209
-0.966274
0.537423
-0.463407
-0.418144
-0.122945
-0.755036
0.384256
-0.801922
-0.333999
0.917345
-0.374115
-0.359230
0.581886
0.364461
0.257312
0.132472
-0.208304
-0.551607
0.782965
0.210030
0.946558
-0.119237
-0.453375
-0.550473
0.379240
-0.194573
-0.625375
0.170891
0.508016
0.722914
-0.450374
-0.21618
0.41633
-0.363095
-0.542977
-0.246861
-0.570895
-0.853055
0.803610
0.327997
0.904051
0.968909
-0.109078
0.253040
-0.707856
-0.898775
0.380396
0.849614
-0.493620
-0.762980
-0.818538
0.558837
0.892292
0.930056
0.848125
-0.395104
-0.329679
-0.797955
-0.536518
-0.572205
-0.576006
0.435309
0.907726
0.894784
-0.13984
0.470648
0.183958
-0.738308
0.990434
-0.288504
-0.475473
-0.107087
0.80325
-0.760262
0.505095
-0.377570
0.319800
0.553856
-0.130507
0.661577
0.106405
-0.493366
-0.710766
-0.882965
0.932742
-0.56111
-0.371429
0.729719
-0.100946
0.584950
0.338801
0.203494
0.808104
0.402480
0.205992
-0.599454
-0.228986
0.635465
0.357198
0.157305
0.722604
-0.730859
-0.892967
0.62140
-0.466913
0.116306
-0.642315
0.980668
-0.109856
0.905382
0.479909
-0.660949
-0.114009
-0.164999
-0.363901
0.793852
-0.52073
0.213242
0.17995
-0.455306
0.955178
0.323326
0.924117
0.564265
0.203494
-0.866173
-0.974484
-0.425002
0.372593
0.76054
0.428658
-0.855703
0.427322
-0.425772
-0.860681
0.446577
-0.485394
0.929704
0.590250
-0.959837
-0.963617
0.509852
0.902190
-0.59299
0.41209
0.527630
-0.521612
0.466951
-0.968631
-0.910604
0.806505
0.161523
-0.159789
-0.217763
0.585197
0.576489
-0.552668
0.519620
-0.53900
-0.729641
0.230625
0.597681
-0.673309
0.733875
0.473707
0.471253
0.34365
-0.88463
0.240356
-0.460546
-0.32884
-0.407072
0.672433
0.556762
-0.538316
-0.854147
0.576379
-0.553882
-0.32812
-0.407980
-0.964941
0.303083
-0.28362
-0.226164
0.730477
0.126976
0.272802
0.865265
-0.9797
-0.187921
0.224783
0.833406
0.10248
-0.83554
0.707750
0.65931
0.370768
-0.704701
0.793264
-0.216904
0.650280
0.319807
0.910634
-0.384670
0.123452
0.984897
-0.647363
0.182101
0.721944
-0.733375
0.757190
-0.135089
0.201024
0.76144
0.287007
0.550735
0.669633
0.893075
-0.88319
-0.533403
0.366689
0.592711
0.852955
-0.704368
-0.73172
-0.520945
0.269754
0.991024
0.12176
0.497771
-0.392921
-0.269176
0.951753
0.675526
0.956348
-0.284548
-0.727229
0.853442
0.168425
0.671436
-0.28257
0.588312
0.364768
-0.801494
-0.679209
-0.708832
0.380476
0.167388
0.172963
0.405005
0.51843
0.968701
0.566814
-0.875609
0.412657
-0.9540
-0.772130
0.255278
0.209893
0.546547
0.872390
0.993936
-0.782444
0.101447
-0.4239
0.601071
0.712358
0.351507
0.908268
-0.47115
-0.806865
-0.794545
-0.170860
0.232246
0.622948
0.786207
-0.66876
0.264556
0.941468
-0.321080
-0.905159
0.518141
-0.491924
-0.413042
-0.613116
-0.753823
0.33166
0.998977
-0.114543
-0.584780
0.42720
-0.749181
-0.667483
-0.475269
0.896092
-0.71010
0.718500
0.935122
-0.975152
0.159674
0.324674
-0.524602
0.494569
0.78219
0.303858
0.862956
-0.66690
-0.972526
0.142227
-0.859476
0.760496
-0.872275
-0.552342
-0.722126
0.188266
0.632114
0.828001
-0.903485
0.229351
0.964386
-0.161055
0.396139
-0.472184
-0.478271
0.332813
-0.201786
0.300938
0.88659
0.914163
-0.897126
0.241641
0.648074
0.718661
-0.424916
0.533263
0.997574
0.732997
0.954767
0.278731
0.852296
-0.803490
0.221207
0.160848
-0.474060
0.669707
-0.210145
0.416778
-0.13694
0.926130
0.116156
-0.344264
0.186415
0.23795
0.315146
-0.90573
0.946776
-0.254229
-0.31195
-0.510553
-0.6441
0.392793
-0.124312
0.107510
-0.977715
0.92968
0.525738
0.723953
0.30846
0.369689
0.82980
0.546139
-0.903382
0.714091
-0.248149
-0.956185
0.953960
0.503882
0.191254
0.732630
0.161385
0.295545
0.295534
-0.915630
0.283600
-0.705077
0.778285
-0.912688
-0.84288
0.616245
-0.400479
0.103380
0.954112
0.465415
-0.735007
-0.863393
0.56347
-0.99868
0.694789
-0.194614
0.817169
0.377673
-0.183611
0.277122
-0.949844
-0.116688
-0.14853
-0.737466
-0.343683
0.663389
0.917278
0.7787
-0.202072
-0.841859
0.123154
0.907955
0.452516
-0.535778
-0.92342
0.420378
-0.255324
-0.425214
0.273487
0.271848
0.881914
-0.728565
-0.978371
0.805522
0.844008
0.593657
0.716558
0.940189
0.787242
0.321553
0.321573
0.954475
-0.311702
0.879779
0.575075
-0.235064
0.603216
0.288886
-0.216334
0.278383
0.774494
0.576560
0.373653
0.176479
-0.509070
0.73184
-0.272668
-0.956596
0.923701
-0.685912
-0.20707
-0.472118
-0.917310
-0.238215
-0.888117
-0.226691
0.904991
0.153665
0.836354
0.472244
0.344529
-0.692419
-0.89439
-0.717920
0.1743
0.28269
0.357513
-0.679079
0.810448
0.924820
-0.950245
0.877529
-0.987468
-0.650232
0.877691
-0.685598
0.667904
-0.872122
0.543384
-0.286837
0.26579
-0.600283
0.364550
0.175268
-0.713008
0.389915
0.800656
-0.34841
0.814991
0.128298
0.807550
-0.463959
-0.191913
0.265503
0.442476
0.829482
-0.900150
-0.885852
0.225479
0.956050
-0.193913
-0.634445
-0.129763
-0.299046
-0.354360
0.186493
0.241241
0.670070
-0.502885
0.201156
0.4265
-0.447122
-0.976755
0.201820
-0.910447
0.173426
0.536540
0.131633
-0.477157
-0.160114
0.858024
-0.26133
-0.29763
0.48771
0.148128
0.510714
0.313270
-0.89512
-0.323515
0.8612
0.481907
0.371026
-0.22613
-0.717455
0.933339
0.363993
-0.256880
-0.406980
0.602681
0.335643
-0.738383
0.419554
0.836898
-0.858032
-0.316751
-0.427079
0.81387
-0.849809
0.817117
-0.636475
-0.477537
-0.574523
-0.906946
-0.53764
-0.469958
0.776788
0.268470
0.776348
0.705409
0.298486
0.533728
-0.853522
-0.556375
0.751820
0.303300
-0.156652
-0.421468
-0.547959
0.229030
0.354394
0.23835
0.423682
-0.843877
0.430378
-0.867114
-0.604150
-0.487133
0.565014
0.193707
-0.933352
-0.737834
-0.310549
0.337531
0.4068
0.492935
0.298254
0.522349
-0.325428
-0.471023
-0.948216
-0.517374
-0.288036
0.42742
0.80720
0.686237
-0.766161
0.136781
0.616077
-0.967922
-0.589930
-0.527664
-0.493980
-0.642825
-0.448943
0.91567
0.484689
0.982229
-0.162506
0.142129
-0.294125
-0.806355
-0.285142
-0.169700
0.450154
0.70421
-0.114831
-0.960973
0.680803
0.944573
-0.750350
0.559610
0.677786
0.40469
0.83163
-0.116223
0.527317
-0.470278
0.382067
-0.262734
0.293952
-0.905010
-0.447594
0.50300
-0.502485
0.290848
-0.547365
-0.520578
0.908651
0.581796
-0.259998
-0.918159
-0.620598
-0.148830
-0.544768
-0.351239
0.777425
-0.280208
0.638584
-0.386120
-0.325381
0.910256
-0.560132
-0.97899
-0.24586
-0.493301
-0.894067
0.620956
-0.316250
-0.33682
-0.214056
0.216090
0.157522
-0.249204
-0.826807
-0.453527
0.344997
-0.541288
-0.343674
-0.890264
0.351586
-0.685549
0.827730
-0.276670
0.592645
-0.521350
0.211626
0.830886
0.750092
0.681607
-0.231766
-0.761792
-0.531622
0.998245
-0.974971
0.759909
-0.821132
0.88563
0.784668
-0.309195
-0.708291
-0.216718
-0.84338
-0.321770
0.644046
0.927682
-0.171217
0.485281
0.508907
-0.610840
-0.921092
0.326788
0.848911
0.907439
0.813290
0.527245
0.563531
-0.474202
0.824272
0.998652
0.315703
-0.376836
0.648513
-0.222463
0.894699
-0.157650
0.236756
-0.558016
-0.416143
-0.235600
-0.198441
-0.783718
-0.55865
0.442547
-0.86597
0.381161
0.400238
-0.921924
0.652818
0.722523
-0.10395
0.879661
0.880964
-0.849172
-0.419485
0.75596
-0.880321
0.412604
-0.149939
0.816325
-0.812702
-0.155189
0.471835
0.294395
-0.254205
-0.704874
0.413444
-0.28105
-0.538566
-0.624220
0.962049
-0.92330
0.75483
0.778557
0.876437
0.461958
0.825072
-0.934784
-0.726965
0.454264
0.762450
-0.245771
0.743675
-0.986655
0.667505
-0.756644
0.827043
-0.988277
-0.870261
-0.160652
0.910773
0.468543
-0.272462
-0.549105
-0.148859
-0.980598
0.678860
0.119908
-0.16598
-0.221128
-0.750142
0.830010
-0.343100
-0.512416
0.134177
-0.992764
0.812032
-0.297148
0.380987
-0.83922
-0.365974
0.473860
-0.323593
-0.983722
0.216684
0.56999
-0.698976
0.576717
-0.738000
-0.771789
-0.278554
-0.949832
-0.742213
0.207785
0.609585
-0.685751
0.388931
0.53098
0.269732
0.569068
-0.790728
-0.969596
0.29428
-0.48132
0.668150
0.188661
-0.617179
0.69995
-0.901825
0.515297
0.85839
-0.519674
0.877012
0.187295
0.158649
-0.149513
-0.898782
0.955433
0.698126
-0.244694
-0.372543
-0.829334
0.571849
-0.381819
0.177110
-0.501437
0.130869
0.254072
0.142939
-0.670978
0.230434
0.767318
-0.972305
0.90130
0.759021
0.36708
0.284531
0.637639
0.281724
0.846407
-0.949279
-0.754487
-0.918011
0.604382
0.482630
0.395243
0.612204
0.358632
-0.918018
0.771292
0.299938
0.841308
0.190395
-0.957202
0.531109
0.963657
0.700509
-0.593242
0.759408
-0.195823
0.505689
-0.987807
0.269980
0.218754
0.827906
-0.897742
-0.314399
0.228667
-0.734349
0.9618
0.538535
-0.294903
0.240477
-0.373917
-0.602122
0.274628
0.193510
-0.742056
0.125228
0.684193
-0.983560
-0.113683
0.353689
0.835459
-0.560924
-0.386201
0.367409
0.371207
-0.569250
0.124124
0.347568
0.795535
0.693892
0.37274
0.531105
-0.804959
-0.852459
0.328977
-0.777345
-0.810539
-0.42218
0.470432
-0.877844
-0.17514
-0.103116
0.167522
-0.89446
-0.24467
-0.533352
0.118811
-0.815913
0.95475
0.842413
0.874520
-0.105241
-0.474379
0.881799
0.73438
-0.302802
0.755794
0.781646
-0.889307
0.402726
0.654432
-0.975516
0.516888
0.213366
-0.976153
-0.69520
-0.191889
0.52085
0.354924
-0.643783
0.242584
-0.35667
-0.868856
-0.921696
0.204758
0.188289
0.293205
-0.148786
-0.987938
0.455161
0.934283
0.331117
0.215794
0.308792
-0.349790
-0.515433
-0.415512
0.107106
0.401117
0.75235
-0.902280
-0.981418
-0.943682
-0.521932
0.525060
-0.412064
0.18127
0.101867
0.159087
0.837344
0.395938
-0.133957
0.936581
-0.128523
0.818921
-0.976278
0.467284
-0.916687
-0.120605
0.858939
-0.448417
-0.105009
-0.563241
-0.733169
0.650240
-0.263911
-0.955994
0.373982
-0.187987
-0.262978
-0.222616
-0.728109
0.713305
-0.133571
0.116120
0.479577
-0.296218
-0.547433
0.824167
-0.98141
-0.400172
0.36939
-0.308976
0.281446
-0.946130
-0.20223
-0.300033
0.891351
0.942185
0.363601
-0.50137
0.139195
-0.460469
0.722167
-0.516288
0.275396
0.731416
-0.788979
0.755960
-0.570059
0.647554
0.387190
-0.887671
0.993630
-0.303464
0.404514
0.749466
0.216308
-0.263043
-0.527275
0.307840
0.695791
-0.147711
0.112353
0.587901
0.122115
-0.789047
-0.699395
0.787846
-0.22927
0.599312
0.477615
-0.487503
-0.75065
-0.665104
0.46229
-0.921365
0.44905
-0.743144
-0.489100
-0.839672
-0.82852
0.120520
-0.338142
-0.24328
0.32381
0.821214
-0.972419
0.236625
-0.91968
-0.682530
-0.391025
-0.396571
0.189323
-0.109542
-0.503464
0.805991
-0.610637
0.401268
0.867583
-0.858904
0.565589
0.926313
0.21541
-0.618198
0.581019
-0.768059
-0.420975
0.440680
0.337049
0.321426
0.15788
-0.943182
-0.570282
0.607909
-0.286398
-0.854181
0.179636
-0.939053
-0.976137
0.831039
-0.890683
0.45554
-0.796433
-0.438308
0.552808
-0.490348
-0.403505
0.227725
-0.294332
-0.444356
0.335152
-0.465422
-0.628088
-0.232318
-0.994430
-0.161383
0.211511
-0.713123
0.725875
0.657779
-0.943871
-0.879983
-0.98009
0.870219
0.976047
-0.489423
0.645816
-0.858691
-0.392025
0.394483
-0.187070
-0.787921
0.795507
-0.922878
0.168829
-0.832769
0.761488
0.492780
-0.853164
-0.768190
0.193926
-0.173114
0.761516
-0.146351
0.155519
0.56349
0.96700
0.773876
-0.861668
0.929941
-0.310116
0.175901
-0.991814
0.447454
-0.548032
-0.706894
0.505962
-0.614404
-0.944519
-0.937372
-0.817942
0.958980
-0.387048
-0.839554
-0.945963
-0.311917
0.48558
0.360387
-0.189203
0.918056
-0.56190
0.511897
0.21311
0.862335
0.403410
-0.65869
0.342484
0.652347
0.790410
0.494601
0.777750
0.25156
-0.327041
0.383033
-0.709737
0.286184
-0.442392
0.360783
0.440736
0.945886
-0.55529
-0.65498
0.585660
-0.643899
0.726100
0.628795
0.977723
0.846510
-0.39495
-0.853714
0.563337
-0.547863
0.937980
-0.502137
-0.680821
0.739214
0.976130
0.650716
0.38911
-0.454213
0.465820
-0.785213
0.253312
0.264660
-0.377619
-0.74743
-0.774625
-0.979390
-0.80308
-0.124026
-0.929550
0.13832
0.184305
-0.500175
-0.475516
0.20931
-0.70100
0.901231
0.954220
0.132571
0.316970
-0.305500
-0.378976
0.353257
-0.282770
0.220414
0.856875
-0.667057
0.415147
0.297101
-0.154324
-0.864703
-0.156881
-0.547837
0.480882
0.475645
-0.436779
-0.922152
-0.582388
0.275041
0.269044
-0.110184
0.762406
0.199805
0.460826
-0.100920
0.847643
-0.355927
-0.764261
-0.631978
-0.133230
0.75701
-0.405121
-0.385765
-0.305967
-0.885372
0.705318
-0.733635
0.289150
0.161629
-0.979403
-0.397830
-0.744524
0.347923
-0.206579
0.786633
-0.603877
0.909818
-0.376540
-0.512860
-0.505446
0.290222
0.393789
0.678488
0.506354
-0.465619
-0.619018
0.829156
0.649911
0.388680
0.189685
-0.712651
0.554000
0.802561
0.950758
0.645751
0.230006
0.666969
-0.476183
-0.339438
-0.701927
-0.984647
-0.701210
0.684488
0.507235
0.240316
0.281185
-0.6835
-0.91790
-0.798429
0.157522
0.15104
-0.896506
-0.527675
0.60235
-0.387931
0.704874
-0.83107
-0.702734
-0.789911
0.389819
-0.939594
-0.499547
-0.538894
-0.788530
-0.666589
0.814208
-0.333581
0.396471
-0.116108
-0.761074
-0.735220
-0.392970
0.904738
-0.134979
-0.338378
-0.757580
0.712156
0.740754
0.881169
0.621078
0.991689
-0.262157
0.662353
0.219232
0.148039
-0.798853
-0.478959
-0.734291
-0.803880
0.78346
0.394070
-0.452935
-0.125759
-0.906332
-0.239326
0.587391
-0.995402
0.588990
-0.540881
0.468921
0.821233
-0.604883
0.492301
-0.683890
0.208446
-0.471145
-0.630867
0.257798
-0.634122
0.279907
0.207893
-0.137167
-0.233199
-0.893755
0.50732
-0.495704
-0.146802
-0.688510
0.956114
0.451637
0.683692
0.799780
0.363215
-0.587538
-0.221709
-0.387137
0.767448
-0.665602
-0.766814
-0.807431
-0.922033
-0.238568
-0.436426
0.224290
0.332182
0.589805
-0.631414
-0.846787
0.447164
-0.24670
-0.850827
-0.647532
-0.452464
0.135274
0.388843
-0.585881
-0.794896
0.412415
0.267880
-0.656567
-0.345337
0.648642
0.152311
-0.4085
-0.962458
-0.301053
-0.956915
-0.947912
0.778071
-0.177714
0.542243
-0.994142
0.104397
-0.601166
0.559614
0.5045
0.20458
-0.914408
-0.665468
-0.288597
-0.979953
0.957564
-0.570939
-0.862600
0.505015
0.32276
0.320262
0.417102
-0.949327
-0.313289
0.792353
-0.962949
0.488373
-0.501933
0.828555
0.814472
-0.929236
-0.261729
-0.710216
0.881889
0.680996
-0.295194
0.973287
-0.458622
0.246916
0.464260
0.122950
0.884785
-0.337271
-0.314221
-0.209953
-0.490686
0.933433
-0.155717
0.393098
-0.891585
-0.984476
-0.624409
0.415427
0.396730
-0.887646
0.734316
-0.804552
0.654624
-0.522173
-0.824001
-0.613890
-0.387668
-0.99807
-0.223676
-0.613697
0.116056
0.818392
-0.555937
0.339848
-0.928866
0.330010
0.754443
0.798637
-0.309089
0.894264
0.569288
-0.480482
-0.88181
0.533047
-0.622251
0.459823
-0.261269
-0.995124
-0.544739
0.286227
-0.78818
-0.169492
0.783504
-0.275032
0.805291
-0.742036
0.193802
0.847889
0.835511
-0.626545
0.44032
-0.712421
0.880935
-0.638860
0.558869
-0.415632
0.574029
0.20005
0.69606
-0.966478
-0.464334
0.249477
-0.963736
-0.456472
-0.994654
-0.773362
-0.169385
-0.376692
0.709681
0.508699
0.973344
0.455295
-0.25808
0.937610
-0.770338
-0.486663
-0.128955
0.925514
0.866211
-0.891939
-0.981356
0.448608
0.183790
0.750118
0.357205
-0.711078
0.183149
-0.910626
-0.158026
-0.337075
-0.268676
0.195741
0.592584
-0.490323
-0.535946
0.352365
0.596620
0.700747
0.142626
-0.706586
0.709684
0.346732
-0.100390
0.650847
-0.138298
0.735836
-0.328013
0.804606
-0.85537
0.412097
0.709896
0.655137
-0.598140
-0.119631
-0.323103
-0.240598
-0.760233
0.474676
-0.877393
0.151743
0.629798
0.939019
0.851862
-0.911113
-0.71259
0.75235
-0.120376
0.120375
-0.118961
-0.975636
-0.582575
0.507555
-0.836269
0.236136
-0.624107
0.762059
-0.791812
0.244421
-0.477407
0.97425
-0.511448
0.362525
0.935737
0.866693
-0.755611
-0.13115
-0.574916
0.197348
-0.535606
0.157552
0.337716
0.929971
0.653393
0.805906
0.846278
0.195819
-0.108696
-0.505903
0.73950
-0.615484
0.731278
0.167748
-0.181973
-0.750083
0.314933
-0.909998
-0.343599
-0.298530
0.530714
-0.644146
0.40472
-0.283775
-0.914662
-0.709954
0.194978
0.818174
-0.986741
0.265154
-0.383723
-0.918999
-0.439226
-0.867657
-0.185318
-0.812522
0.786976
-0.642081
0.812986
-0.492969
-0.231886
-0.232613
0.77418
-0.869473
0.69413
-0.265579
-0.666217
-0.668144
-0.529927
0.920973
-0.701989
-0.463982
-0.706516
0.349118
0.548271
-0.763502
-0.594067
-0.207021
-0.563254
-0.251998
-0.243826
-0.85804
-0.702155
-0.564543
0.289751
-0.463679
0.735363
0.29762
0.550076
0.477733
-0.770023
-0.878504
0.753703
-0.35577
-0.711076
-0.949626
0.321504
0.414002
-0.822083
-0.772093
0.980413
0.136279
-0.679786
0.674008
0.577625
0.844562
-0.425681
-0.228091
-0.357648
0.12695
-0.583947
0.539979
0.546807
0.445462
0.932526
-0.997077
0.969680
-0.145068
-0.332101
-0.428384
-0.519873
-0.290079
-0.28717
0.157644
-0.814543
0.455090
0.681716
0.303942
-0.981755
0.113766
0.483312
-0.859925
0.276904
-0.651514
-0.373125
-0.551436
-0.869197
-0.871258
0.392390
0.284279
0.748297
0.605423
0.767144
-0.174888
-0.691474
-0.179533
-0.432203
0.660482
-0.77156
-0.350817
0.908246
-0.343281
-0.776473
0.191709
0.276145
0.892148
0.764415
0.970807
-0.439641
-0.796810
-0.467054
-0.822253
-0.48507
-0.641069
-0.827435
-0.92297
0.410492
0.545829
-0.682821
0.872181
-0.762584
0.499760
-0.778254
-0.574910
-0.132615
0.349011
-0.380768
-0.15279
-0.686704
-0.587643
0.164586
0.282525
-0.148223
-0.278397
0.114950
-0.306363
0.431260
0.404533
0.276691
0.943762
-0.867515
0.525327
0.496741
-0.710263
-0.229658
-0.213937
-0.494199
0.485676
0.357521
0.989818
0.431003
0.866357
0.618657
0.588130
-0.766685
0.821006
0.341017
-0.398837
-0.435996
0.21204
0.923359
0.576251
0.764308
-0.92684
0.826000
0.627005
-0.895036
0.151972
0.280605
0.925393
0.788347
0.714195
-0.125436
0.483475
0.738485
0.743439
-0.288877
0.628458
-0.897970
0.207719
0.319996
-0.13678
0.360790
0.245077
-0.422105
0.237742
0.433221
-0.372520
0.581322
-0.669146
-0.393380
-0.14355
-0.248628
0.251795
-0.880307
-0.386920
0.326942
-0.415336
0.82601
0.878184
-0.347236
-0.231510
-0.67863
0.888171
-0.976379
-0.485344
-0.486255
0.568368
0.175216
0.397833
0.796029
0.255827
0.701705
-0.359760
-0.364280
-0.805365
-0.870222
-0.8326
-0.157258
-0.619975
-0.970167
-0.536100
0.637723
-0.707658
-0.440984
0.868463
-0.890246
0.909041
0.828157
0.892609
-0.23097
0.420306
0.251202
0.864109
0.357833
0.574802
0.105755
0.817128
0.731723
-0.72770
0.146630
-0.442426
-0.98227
-0.661531
-0.136621
0.151525
0.768467
0.85742
-0.33167
0.944482
0.466639
0.268058
-0.662890
-0.348577
0.642676
-0.600026
-0.395284
0.858887
0.910271
-0.968951
0.590912
-0.239315
-0.725012
-0.379049
0.307612
0.698236
0.875519
0.379349
-0.567832
-0.449375
0.665625
0.516168
0.608205
-0.103476
-0.411826
-0.81721
0.709256
-0.878470
0.162445
0.225151
-0.613754
0.760660
-0.922386
0.544034
0.384288
0.733432
-0.559163
0.143527
-0.141007
-0.202198
-0.835783
-0.588276
0.121308
-0.12011
0.756969
-0.270163
-0.193255
-0.892700
0.203537
-0.638564
-0.462849
-0.154092
0.137948
0.189381
-0.577327
-0.864494
0.191851
0.990854
-0.952221
-0.113264
0.272733
-0.112618
0.446955
0.614333
0.474757
-0.238318
-0.141246
0.959619
-0.239086
0.74503
-0.573284
-0.262228
-0.424471
-0.78294
0.288653
0.602235
-0.607690
0.576430
-0.752875
0.705137
-0.960013
-0.681591
0.368570
0.896807
-0.339267
0.456774
0.943011
0.677686
0.4789
0.260527
0.980242
0.887532
0.93967
0.158929
0.171078
-0.590827
0.323875
0.265055
-0.462685
0.332806
0.165876
0.230855
-0.24934
0.509074
-0.697225
0.355870
0.665067
-0.298104
0.740069
0.122228
-0.321101
-0.74943
-0.534531
-0.370125
-0.18213
0.315521
0.8863
-0.325681
0.971270
-0.96226
-0.637060
-0.378667
-0.728203
0.577513
-0.650158
0.412124
0.961853
-0.648939
-0.859770
0.526305
0.238348
-0.94776
0.904554
-0.313713
-0.287916
-0.577024
-0.378388
0.259807
0.665167
0.607568
-0.569766
-0.802936
0.539464
-0.60708
0.987292
-0.793569
0.461543
-0.505555
-0.825155
-0.758274
0.745560
0.554400
-0.323693
-0.263244
0.167880
0.304186
-0.923209
-0.301970
0.75350
0.861908
0.982395
0.320986
-0.60176
0.326387
0.645811
0.514755
0.969015
-0.31672
-0.399716
-0.797922
-0.682080
0.337947
0.241935
-0.584316
-0.35299
0.412632
-0.618054
-0.494336
0.560161
-0.79914
0.938089
0.630047
0.180177
0.716165
0.472987
-0.663842
0.132548
-0.793062
-0.158058
-0.724473
-0.339954
-0.760107
0.870725
0.185295
-0.107870
0.185914
0.892583
0.985768
0.510385
0.169006
0.732373
-0.687496
0.350989
-0.272108
-0.374288
0.735108
-0.133688
-0.704956
-0.266010
0.984355
0.188165
0.936192
-0.18934
0.669860
-0.623893
-0.545396
-0.188066
0.253891
-0.229803
0.564454
0.38934
0.834686
0.311129
0.726091
-0.462598
-0.951020
0.913419
0.731511
-0.325524
0.978025
-0.756590
0.338388
-0.272665
0.516416
-0.634631
0.622912
-0.413137
-0.878891
-0.29945
0.817758
0.831780
0.659658
0.688694
0.710257
-0.825244
0.479987
-0.244407
-0.559195
0.443359
0.52245
0.189185
-0.784260
0.132755
0.359293
0.300838
0.171595
0.494885
-0.910522
-0.255126
0.714149
0.341765
-0.694909
0.45216
-0.135948
-0.362419
0.599269
-0.863350
0.702983
-0.79385
-0.191510
-0.272031
-0.545545
-0.227063
-0.466847
0.109550
-0.595265
-0.407837
-0.553839
0.576983
-0.974332
0.394333
0.7359
0.473483
0.770142
0.288971
0.965795
-0.873814
0.360623
0.112
0.615772
0.524819
-0.77330
-0.533915
-0.902061
0.837309
0.566653
0.966347
0.5679
0.317059
0.25402
0.770177
-0.199738
0.535241
0.261222
-0.904184
-0.161368
-0.637087
0.394364
0.902571
-0.314605
0.689171
-0.487876
-0.487974
-0.611700
0.785728
0.443769
-0.661003
-0.716249
-0.236572
0.247950
-0.403521
0.602465
-0.680720
-0.244315
0.809607
0.839525
-0.956530
0.670649
-0.820956
0.765890
-0.435804
-0.678941
-0.369518
0.809405
0.921718
-0.779552
0.499378
-0.882200
0.411550
-0.796094
-0.201787
-0.236289
-0.479372
-0.119174
-0.705640
-0.423364
-0.127428
-0.754605
-0.46553
0.135741
0.137717
-0.293511
-0.330014
0.366250
-0.818579
0.479075
-0.797964
0.695036
-0.138654
0.610369
-0.248331
0.18444
-0.168743
0.905409
-0.369763
0.699920
0.989148
0.177280
0.201847
0.577080
-0.705874
-0.557146
0.287871
0.330231
-0.99097
0.303524
-0.490685
-0.239539
-0.611369
-0.391077
0.218803
-0.4965
0.117133
-0.43467
0.242127
-0.855759
0.193054
-0.896
-0.697792
-0.423802
-0.271727
-0.660669
0.565647
-0.938193
-0.561508
0.190853
0.969324
-0.504616
-0.410767
0.921790
0.684982
-0.633600
-0.706807
-0.391665
-0.998327
-0.717840
-0.59146
-0.65170
-0.795069
-0.834515
-0.881691
-0.169593
-0.737539
-0.453825
-0.738644
-0.317553
-0.153164
-0.334366
0.134705
0.780922
0.57851
0.919438
-0.909975
0.290847
-0.20676
0.94326
-0.667083
-0.753383
0.454481
-0.69280
-0.99175
-0.649456
-0.887042
0.145015
-0.742558
-0.154779
0.457404
-0.950110
-0.91530
-0.588776
-0.882672
0.530926
-0.463373
0.987081
-0.524221
0.660036
-0.475899
0.392087
0.326018
0.901041
-0.979392
0.385337
-0.162742
0.804175
0.92758
0.882831
0.592405
-0.557890
0.214418
0.522689
0.117685
-0.878387
-0.8569
0.989231
-0.323929
0.919516
0.462445
-0.740117
-0.673006
0.395812
-0.969948
0.773898
-0.208752
-0.167188
0.393112
-0.194513
-0.872603
0.653438
-0.859727
0.732113
-0.565646
0.3329
0.989187
-0.169631
-0.320442
0.460661
0.360439
0.885448
0.599052
-0.508714
0.742514
-0.19314
0.292480
0.528995
-0.831774
0.852215
0.461793
-0.458215
0.631694
-0.629526
-0.709643
0.275231
0.357452
-0.155626
0.213316
0.465021
0.883921
-0.120004
0.673439
-0.844961
-0.942811
-0.451689
-0.585425
-0.371938
-0.537752
-0.685608
-0.640708
0.350181
0.637871
0.471017
-0.202853
0.839722
0.453077
-0.779527
-0.125078
-0.180786
0.354369
-0.505198
0.542380
-0.673265
0.911305
-0.360231
0.352418
-0.66526
-0.248925
-0.357829
-0.506285
0.54904
0.673629
0.602230
-0.975272
-0.899301
0.415492
-0.785787
0.797988
0.554357
0.334278
-0.777658
-0.657705
0.676986
0.898079
-0.874760
0.265070
-0.880078
0.796800
-0.286463
0.781677
0.134417
-0.106615
0.671394
0.379256
0.130248
-0.173043
-0.916583
-0.268443
0.737379
0.177440
0.87239
0.574508
-0.413914
0.965979
-0.176084
-0.402493
0.461178
-0.747057
0.930064
-0.391027
0.872553
0.484571
-0.394819
-0.931762
0.435890
0.293395
-0.68065
0.6799
0.271916
-0.698708
0.236787
0.274854
-0.643013
0.346889
-0.664577
-0.666094
0.818338
-0.358971
-0.420032
0.378061
0.399935
-0.411756
0.55711
-0.982683
-0.907686
0.291980
-0.331648
0.358790
0.588745
0.64091
-0.476299
-0.823157
-0.397203
-0.24147
-0.472861
-0.705862
-0.590016
-0.889853
-0.52525
-0.489707
0.586632
-0.137388
0.348521
0.892943
-0.234561
0.223294
0.203572
0.521850
-0.744932
-0.934362
-0.464558
0.639646
0.274194
0.216654
0.918389
0.319635
0.488049
-0.939654
0.985906
-0.322894
0.305984
0.964032
-0.625343
0.626683
-0.548232
-0.620773
0.717622
-0.100068
-0.789919
0.351240
-0.539437
-0.729682
-0.160604
-0.896761
0.18286
-0.399682
0.798547
-0.350178
0.365949
0.310518
0.54258
0.476027
0.191711
-0.280049
0.892819
0.722643
-0.334869
-0.976094
0.121661
-0.158336
-0.125215
-0.496921
0.921733
-0.347654
-0.340312
0.234568
0.589464
-0.199155
-0.803044
-0.795509
0.143198
0.644471
-0.486829
-0.489893
0.42477
-0.781142
0.206247
0.91456
0.641515
0.448368
0.613634
-0.409103
0.909884
-0.533329
-0.120167
-0.925143
-0.363343
-0.257784
0.739236
-0.975016
0.912258
-0.949406
-0.34222
0.279191
-0.512676
-0.690270
0.926847
0.878465
0.223983
-0.582364
0.740634
0.123867
-0.626178
0.470502
0.645681
-0.147128
0.201677
-0.192798
0.170101
-0.944341
-0.715900
0.841792
-0.250336
-0.512183
0.132053
0.851174
-0.634760
0.9368
0.389398
0.142705
0.441741
0.625723
0.902719
0.428374
0.806862
-0.788302
0.523679
0.198214
-0.866704
-0.281039
-0.837649
-0.420500
0.139960
0.766052
-0.942444
-0.597141
-0.714942
-0.60308
0.557738
0.723186
0.861397
-0.436419
-0.657934
0.708148
0.861383
-0.72452
0.637753
0.720498
-0.439174
0.339775
-0.911659
-0.282155
0.159782
0.276966
0.831145
0.631177
-0.544344
-0.626675
0.218582
0.759622
-0.324011
-0.811702
-0.841379
0.288534
-0.535102
-0.178523
0.565226
-0.622418
0.319494
-0.991585
0.932241
0.359535
-0.206711
0.711568
-0.321034
0.537963
-0.335969
-0.155865
-0.398217
-0.974254
0.72709
-0.929136
-0.646160
0.912000
-0.967291
-0.632647
0.42699
0.408821
0.494744
0.707409
0.107932
0.9879
0.111390
-0.137602
-0.126496
-0.991983
-0.297337
0.386197
-0.989026
-0.425505
-0.718134
0.888553
0.566686
-0.42948
0.934116
-0.426265
0.512082
-0.2302
0.634593
-0.682135
0.284464
-0.509351
0.111590
-0.41652
-0.193745
-0.605989
-0.41661
0.189065
-0.824620
0.702481
-0.498723
-0.833490
-0.81243
0.666981
-0.8401
-0.509630
-0.539587
0.874667
-0.914530
-0.784497
-0.899828
-0.52859
0.401380
-0.582540
0.990290
0.501089
-0.930120
-0.16170
-0.686724
0.759904
-0.548619
-0.987990
-0.804868
0.255735
0.811681
0.376731
0.947070
0.169351
0.704219
0.607155
-0.553266
0.699874
-0.959176
-0.527454
0.431899
-0.857377
0.589596
-0.101429
-0.740729
0.146568
0.430101
-0.780273
0.469241
0.758326
0.217868
0.384321
-0.990077
-0.770873
-0.349295
-0.627857
-0.102037
0.794417
-0.846954
-0.602450
0.769362
0.656446
0.788669
-0.92987
0.902696
-0.947723
0.249498
-0.924403
-0.448944
-0.221533
0.509955
0.95786
0.334625
-0.336329
0.818753
0.801966
-0.720502
0.303931
0.411484
-0.799787
0.764583
0.951097
0.595907
0.286361
0.87128
0.359444
-0.357284
0.758131
0.378138
0.422544
0.582296
0.301359
-0.199276
0.844675
0.518561
0.441293
-0.908324
0.813578
0.784242
-0.581788
0.124185
0.501157
0.912814
-0.206083
0.870100
-0.520548
-0.369491
-0.271548
-0.943550
0.212231
0.277037
0.745257
0.562266
-0.205945
-0.691479
0.734230
0.245317
-0.813486
0.11027
0.481788
0.648198
-0.366229
0.340596
-0.619160
-0.270352
0.746258
0.484916
-0.249102
0.599407
0.426395
-0.275485
-0.106550
0.912365
-0.195287
0.455959
-0.837224
-0.712116
0.154550
0.357582
0.853210
-0.121453
0.208027
0.123688
0.686256
-0.461234
0.530333
-0.789628
-0.773874
0.589625
0.658090
0.678941
0.182445
-0.215120
-0.476473
0.143409
0.233341
0.445504
0.387584
-0.447554
0.324992
-0.219195
-0.645508
0.524914
0.227169
-0.904896
-0.676475
-0.380573
0.7598
-0.712267
0.201100
-0.813754
0.120538
0.908513
0.377508
-0.131018
0.264856
0.590530
-0.359037
0.362451
-0.229983
-0.987817
0.367536
0.281730
-0.996788
-0.375557
-0.366025
0.148681
-0.481274
-0.543742
0.445966
0.593987
-0.541326
-0.653891
0.816314
0.2921
-0.800041
0.985460
-0.391833
0.575415
0.293892
0.102861
-0.172988
0.695537
0.857792
0.545749
-0.430393
-0.530934
-0.840605
-0.388435
-0.233872
-0.219569
-0.414799
0.234195
0.504923
0.711605
-0.793287
-0.491437
-0.615064
0.653241
-0.942606
0.292967
0.855078
0.861071
-0.41431
-0.868955
-0.157214
-0.341920
-0.326257
-0.894997
0.934782
0.662700
-0.970124
-0.727048
0.373816
-0.90749
0.579280
-0.722126
-0.240322
-0.646394
-0.349055
0.589760
0.152930
0.110987
0.540500
-0.343073
0.161643
-0.719703
-0.708967
0.749660
0.827040
0.431909
0.773181
-0.357031
-0.253584
-0.327960
-0.67831
0.625261
0.882105
0.732654
-0.774936
-0.414239
-0.114204
0.101051
0.580693
0.938658
-0.723824
-0.846758
-0.524603
-0.26861
-0.239918
0.897179
0.305246
0.561216
0.291392
0.642660
0.885949
-0.35612
-0.190841
0.372381
-0.503726
-0.211971
0.681607
-0.240908
0.778870
0.17103
0.171646
0.359243
0.953075
0.696947
-0.730681
-0.827148
0.396506
0.165839
-0.515776
0.391585
0.365612
-0.763405
0.178638
-0.286134
-0.821138
-0.9002
-0.217520
-0.502381
-0.805056
-0.931414
-0.55288
-0.701423
-0.654028
0.71846
0.438187
0.705659
-0.99693
-0.367370
0.506082
-0.752192
0.989446
0.836358
-0.129439
-0.410265
-0.54420
0.19288
-0.649299
0.77856
-0.620678
0.989483
-0.645838
0.379016
0.680560
-0.23863
0.432595
-0.30215
0.53602
0.661712
0.721665
-0.150241
-0.446362
0.885794
0.922945
0.915340
0.146057
0.602488
-0.116318
0.53779
0.760594
0.16225
0.886401
0.131584
0.429366
-0.639397
0.381626
-0.443468
-0.991871
-0.923649
-0.325617
-0.458439
-0.260165
-0.296274
-0.75135
0.206066
0.460399
0.545272
0.785083
-0.286804
0.502856
0.914536
0.232191
-0.228823
0.203620
-0.655231
-0.24166
0.33616
0.207302
0.693519
-0.712647
-0.150871
-0.638228
0.519846
0.889351
0.186817
-0.249203
0.793043
0.975710
-0.221809
0.207043
0.741272
0.507062
0.31893
-0.137482
0.545858
-0.141349
-0.23175
-0.392873
0.751945
-0.866024
0.190784
-0.556467
-0.112974
-0.38398
-0.227860
0.244527
0.509355
0.260372
-0.15010
-0.783013
-0.764335
-0.257597
0.736644
0.363236
-0.965399
0.943703
-0.860839
0.172715
-0.548701
-0.857652
0.489258
0.262046
0.886473
0.56215
0.952977
0.978703
0.796295
0.537527
0.403123
-0.54233
0.162727
-0.41057
-0.530812
0.30084
0.457589
-0.372426
0.22620
0.461814
0.705947
0.326928
0.389961
0.408940
-0.58283
-0.751901
-0.879934
-0.346280
0.836775
-0.582580
-0.117462
-0.963452
0.533104
0.554604
0.519407
0.981169
0.567151
-0.400630
0.130080
0.659721
0.272390
0.166122
-0.250461
0.227690
-0.416093
0.487528
-0.455638
0.141311
0.819563
-0.544467
0.745037
-0.80677
-0.350086
-0.785653
-0.807231
-0.184883
0.406053
-0.264650
-0.379760
0.776454
0.818963
0.362113
0.747667
0.779697
0.232044
-0.938905
0.366153
-0.805622
0.17243
-0.229111
-0.553001
0.936799
-0.281351
0.648272
0.726495
-0.973317
0.205061
0.852764
-0.355207
0.552663
0.989330
-0.80684
-0.27503
-0.104427
-0.477581
-0.901924
-0.263884
-0.22341
-0.589230
0.239052
-0.611693
0.893887
-0.580504
0.802187
0.895465
0.555666
-0.362770
0.272983
-0.39009
0.467724
0.227301
0.579877
-0.757429
0.69125
-0.305537
-0.178736
0.36899
0.766688
-0.335627
-0.585818
-0.440077
0.148592
-0.294186
-0.709474
-0.798986
0.366138
-0.579551
-0.550176
0.580938
0.199991
-0.927479
-0.836409
0.451351
-0.614485
0.688325
-0.50775
0.374491
-0.447603
0.620943
-0.518225
0.850627
-0.478920
0.863083
-0.799863
0.648399
-0.363201
0.411286
0.89313
-0.319060
0.682320
-0.453158
-0.652141
-0.932463
0.12679
-0.773173
-0.6040
0.447972
0.86683
-0.30410
-0.304133
0.919106
0.803743
0.383296
-0.225734
-0.629559
0.742447
-0.641149
-0.426718
-0.10684
-0.159724
-0.3007
-0.924009
0.683429
0.311091
-0.929944
0.909000
0.798910
0.212146
-0.122152
0.917267
0.345934
0.350780
-0.54302
-0.109753
-0.733249
-0.365195
-0.467945
-0.703587
-0.816250
-0.865214
-0.146254
-0.627948
0.519663
-0.643723
-0.794327
0.909879
0.737057
0.160049
0.554510
0.889050
0.55631
-0.540367
-0.59802
-0.191304
0.291337
0.654950
0.863437
-0.899108
0.639345
0.57620
0.620174
0.122989
0.260862
0.664942
-0.585545
0.135836
-0.324590
-0.197458
0.952863
0.776797
0.961632
-0.714496
0.230998
-0.240874
-0.156436
-0.853071
0.298697
0.650193
0.775451
-0.407637
-0.901832
0.518526
0.736029
0.127167
0.621098
-0.965797
0.852063
-0.440504
0.810250
0.986108
-0.12577
-0.776001
-0.331592
-0.903539
0.774035
-0.468040
-0.371001
-0.418642
0.218902
0.828627
0.482477
-0.939083
0.507422
-0.450306
0.93670
-0.800711
0.791946
-0.450227
0.35612
-0.746933
-0.664942
-0.1866
-0.234244
-0.175678
-0.482669
-0.325851
-0.831434
0.332391
-0.160874
-0.689233
-0.735463
-0.393496
0.99361
0.683651
0.197489
-0.460972
0.678263
-0.931079
-0.399699
-0.398358
0.143767
0.880219
0.989144
0.346762
0.511659
-0.437267
0.42292
0.807236
-0.190839
-0.309331
0.437825
0.283464
0.749494
-0.61299
0.354004
-0.547915
0.183868
-0.989326
0.673449
-0.355735
-0.888436
0.948583
-0.656469
0.105085
-0.763060
-0.751989
-0.184720
-0.349677
0.282700
-0.599760
-0.870634
-0.167180
0.124866
-0.260219
-0.8947
-0.983423
0.441660
-0.344463
-0.204179
-0.461790
-0.863965
-0.684476
-0.765584
0.15603
-0.445129
0.234044
-0.795743
-0.886618
-0.557731
-0.718924
-0.795495
0.980413
-0.667059
-0.851637
-0.774425
-0.354829
0.43558
-0.719779
0.589810
0.406482
0.383450
-0.383407
0.41751
-0.616155
-0.449567
0.198865
0.70132
-0.998570
0.504155
-0.124781
0.196338
0.949674
-0.35267
-0.81742
-0.437540
0.692720
0.645103
-0.516536
-0.862506
0.835393
-0.984124
-0.589840
-0.729890
0.307799
-0.471322
0.545330
0.428542
0.423909
-0.197162
0.605238
0.510228
-0.972044
0.890438
0.358538
-0.137625
0.97722
0.744542
0.208709
0.792325
-0.741182
-0.465440
0.447661
0.814220
0.390495
0.377222
-0.162436
0.810043
0.559134
0.139414
0.486130
-0.144308
0.915140
0.787767
0.395987
0.673061
0.360092
0.456385
-0.65187
-0.195676
0.798340
0.484119
-0.493053
0.95257
0.27348
0.2564
-0.28062
0.613683
0.68427
0.99755
-0.14247
-0.634287
0.427669
0.214797
-0.877629
0.981242
-0.499723
0.636746
-0.792228
-0.77669
-0.999379
-0.849407
0.259810
0.486996
-0.897245
0.825355
0.875920
0.802184
0.66666
0.829150
-0.943806
0.652969
0.792106
-0.469010
-0.54422
-0.436614
0.659617
0.597595
-0.781817
0.764016
0.704046
0.106907
-0.81717
0.432612
-0.442424
0.641734
0.588506
0.862463
0.100770
-0.514002
-0.910857
-0.241698
0.752991
0.489901
-0.956588
-0.730222
-0.392344
-0.273305
0.262572
-0.655148
-0.484031
0.123930
0.107938
-0.2206
0.866924
-0.396606
0.466826
-0.348256
-0.510302
-0.270977
0.641131
0.127525
-0.354681
0.23889
-0.623100
-0.354954
0.492272
-0.212374
0.14334
0.841624
-0.730789
0.659040
-0.909238
-0.450136
0.394509
-0.402783
0.755017
-0.585468
-0.963843
-0.243303
0.837450
-0.210428
0.109846
0.962638
0.153734
0.5439
-0.558844
0.631195
0.220831
0.920327
0.318797
0.167333
0.369770
0.699864
0.911214
0.436910
0.574129
0.594739
-0.102844
-0.324508
0.877991
-0.690158
-0.543482
0.937622
0.402686
0.896005
-0.697411
0.311650
0.848843
-0.433499
-0.987386
-0.25074
-0.550451
-0.278195
-0.693543
-0.942578
-0.481706
-0.41074
-0.470442
-0.305853
0.869349
0.627316
0.297901
-0.666645
-0.983184
-0.939506
0.486906
0.564791
0.133450
-0.723357
-0.478394
-0.431231
0.331376
-0.501641
-0.967353
0.191299
0.42057
-0.436166
-0.790285
0.519408
0.235661
-0.776744
-0.972551
-0.792629
0.700874
-0.449346
-0.214626
-0.655720
0.869235
0.864173
0.481208
0.222347
-0.906791
-0.379576
-0.794029
0.986897
0.390603
0.784962
0.137881
0.985507
-0.126282
-0.50727
0.348134
-0.403263
-0.863809
-0.86662
-0.355612
-0.384635
-0.226
0.475831
-0.179548
0.856650
0.775427
0.449657
-0.251908
-0.784768
0.902721
-0.751803
-0.541943
-0.468225
-0.455207
-0.783474
0.896600
-0.105927
-0.448673
-0.207434
0.77192
-0.714724
0.222049
0.282279
-0.632249
-0.884852
0.418895
-0.785825
0.824426
0.399295
0.357993
0.606806
0.867231
0.667772
-0.810844
-0.460477
-0.939291
0.773359
0.372286
0.668002
-0.155390
-0.55857
-0.222214
0.51476
0.128437
0.326274
0.666245
0.741024
-0.678518
-0.882085
0.800355
0.926455
-0.550468
0.933691
-0.788157
-0.443642
-0.703604
0.517833
-0.341183
0.972459
0.52785
-0.956051
0.780870
-0.768859
-0.138576
-0.981454
0.509860
-0.194930
-0.124076
0.499435
0.279371
-0.855781
-0.442578
-0.908794
0.975628
-0.286085
0.729043
-0.263796
0.488269
-0.485653
-0.199952
-0.82129
0.891369
0.286493
-0.954736
0.444030
-0.245358
0.733436
-0.706131
0.20753
0.556188
0.742877
0.581680
-0.311496
-0.555680
0.213146
-0.296960
-0.498149
0.605038
0.236478
-0.119627
-0.310235
-0.13025
0.85626
-0.202253
0.433619
0.445922
-0.76376
0.215873
0.613903
-0.217725
0.76243
-0.155029
0.735719
-0.391739
0.836195
-0.169059
0.392703
-0.190101
0.933944
-0.617413
0.183500
-0.576764
-0.607290
-0.680453
-0.596895
0.80947
-0.445568
-0.763883
0.28749
0.186190
0.183340
0.527726
-0.570037
-0.87077
0.142885
0.387896
-0.767825
0.102614
-0.790002
-0.629013
-0.197597
0.576388
-0.494993
0.857158
0.12245
0.905038
-0.947653
0.804332
0.666943
-0.54375
-0.595899
0.136214
-0.439636
0.287896
0.538247
-0.132887
-0.659574
-0.895363
-0.565898
0.194662
-0.344925
0.806432
-0.532465
-0.842972
-0.502174
-0.9237
-0.372322
0.10855
0.416984
0.74300
0.732013
0.207429
-0.949167
0.578858
-0.404369
0.125913
0.873221
-0.558224
-0.59463
-0.605094
-0.331247
0.692415
-0.792488
0.548232
0.34726
0.681056
0.862424
-0.191030
0.23981
-0.843010
0.59761
0.177644
0.901269
0.338668
0.653416
0.38722
0.590798
-0.204585
-0.983464
-0.625463
0.891701
-0.301281
-0.711357
0.565718
-0.778551
0.680041
0.894003
-0.287646
-0.109906
-0.788709
0.602781
0.780690
0.107625
-0.609570
-0.770796
0.109279
-0.57904
0.932975
0.419223
-0.20952
-0.940125
-0.68791
0.75030
-0.662106
-0.15456
-0.497315
-0.310951
-0.844520
-0.295984
0.509665
0.721827
-0.245629
0.545856
-0.65345
0.710002
-0.711909
-0.819994
0.609
-0.686194
-0.629017
0.146234
0.836239
-0.437041
0.392113
-0.167554
0.832509
0.553426
-0.185465
0.773096
0.97065
-0.886164
-0.649578
0.138731
-0.150240
-0.345606
-0.526575
0.421942
-0.465378
-0.76278
0.624713
0.791974
0.165917
0.51713
0.961035
0.634898
0.340612
0.416132
0.259925
0.673082
-0.379789
-0.705775
-0.510529
-0.818235
0.535756
-0.866104
0.171049
-0.650396
-0.3479
0.204701
-0.559623
0.571672
-0.393366
0.923129
0.542667
0.96161
-0.131252
-0.377877
0.962357
0.650393
-0.123329
-0.691287
-0.174576
0.147696
-0.560144
0.691626
-0.224701
-0.52706
-0.251102
-0.787711
0.604751
0.265282
0.202160
-0.894137
-0.355623
0.695334
0.577380
0.806034
-0.728304
0.962715
-0.822481
0.440920
0.917640
-0.181602
-0.502167
0.995217
0.369537
-0.875626
-0.420011
-0.252566
-0.346997
0.287291
-0.850874
-0.192685
-0.563408
0.383979
0.842447
0.465776
-0.834879
-0.961534
-0.133043
0.993020
0.733603
-0.106981
0.154761
-0.961952
-0.340151
-0.942488
-0.375273
-0.286556
0.323279
-0.357275
-0.11787
0.442165
-0.986781
0.732768
0.876803
-0.655108
-0.594435
-0.280372
-0.637988
-0.283660
-0.524272
-0.169165
-0.877674
0.354579
-0.642608
0.399383
-0.51257
-0.50118
-0.761601
-0.674214
0.25028
0.765163
-0.91411
-0.917716
-0.804212
-0.223890
-0.943877
-0.744382
0.365128
0.55209
-0.327167
0.211189
0.812493
-0.416462
0.76898
-0.728851
-0.936350
0.270446
0.539549
0.273512
0.905891
-0.704951
-0.406810
0.187671
0.64647
0.328732
0.213825
0.286591
0.833932
0.116765
0.310082
-0.45461
0.855982
-0.306898
0.20422
0.771997
0.110517
0.292433
0.958986
0.838323
0.239337
-0.931799
0.223328
0.512184
0.921444
0.795
-0.507269
-0.27014
0.878516
0.791487
-0.430675
-0.341603
0.589489
-0.91224
-0.630493
-0.572108
0.612954
-0.355696
0.722298
0.926247
0.529534
0.424324
-0.489651
-0.949111
-0.785251
-0.783458
-0.336786
0.306174
-0.275450
-0.474750
0.843298
0.292125
-0.67118
0.325239
-0.32054
-0.982214
0.211233
0.147447
0.374228
-0.69052
0.353508
0.924461
-0.977573
-0.132922
0.144387
0.675319
-0.170883
0.476642
0.131618
0.576473
0.86072
-0.274316
-0.997929
0.998190
-0.34674
0.564341
0.436105
0.594829
0.719439
0.699406
-0.851777
-0.884215
0.858521
-0.809718
-0.679092
0.670163
-0.977583
0.95174
0.882595
-0.864022
0.193310
0.338155
-0.917167
-0.559446
-0.693441
0.49488
0.633577
0.600582
-0.294561
0.998590
-0.829196
-0.287874
-0.645937
-0.782291
0.992764
0.478505
0.591030
0.815490
-0.782350
-0.693859
0.150141
-0.537361
0.677050
-0.308522
0.580948
0.494321
0.492218
-0.733275
-0.165243
-0.183040
-0.194584
-0.860434
0.510911
-0.810163
0.83565
0.769052
-0.763721
-0.50130
0.477060
0.445088
0.182116
-0.500856
-0.721605
0.328843
0.266050
-0.77560
-0.206133
0.762601
0.646622
-0.526657
-0.109491
0.480247
0.634826
-0.830336
-0.405381
-0.202599
-0.731186
-0.261832
0.453939
-0.372343
0.135263
-0.213328
-0.420601
0.574793
0.581397
0.797412
0.913512
0.596805
0.324388
0.692929
0.735270
0.833618
-0.631689
0.951951
0.718830
-0.838322
0.806902
0.711842
-0.576635
-0.811079
0.420789
0.881625
0.918854
0.915344
0.421923
0.522067
0.536506
-0.140001
-0.967489
0.770176
-0.448951
0.56765
-0.209204
-0.32412
0.604298
0.976575
-0.484687
0.875741
0.852982
-0.195840
-0.915710
-0.948451
-0.73594
-0.136764
-0.729461
0.760106
0.64494
0.466969
-0.618182
0.575889
0.375578
-0.763920
-0.443369
0.296511
0.947098
0.87610
-0.210260
0.831377
-0.673570
0.873993
0.391434
-0.97796
0.967323
-0.762331
-0.96852
0.840690
0.923390
0.332695
-0.760623
-0.663111
0.637911
0.86881
0.819487
-0.681081
-0.402753
0.412441
-0.189173
-0.282820
-0.591356
0.291058
-0.899725
0.160638
-0.769062
-0.706226
-0.155244
-0.753758
-0.152763
0.674030
0.275250
0.981660
0.910185
0.988543
0.420691
0.288559
-0.832867
-0.216607
0.744069
-0.72059
0.419635
-0.559168
-0.147624
-0.884387
-0.186270
-0.305342
0.429881
0.172228
-0.713807
0.472129
-0.948486
0.146546
0.373010
-0.30298
0.773103
-0.662915
-0.880644
0.283970
0.567714
-0.361359
-0.759478
0.248209
0.986407
-0.562130
-0.97560
-0.834714
-0.827652
0.860104
-0.377118
0.350447
0.509113
0.375664
-0.751798
0.934377
0.860695
-0.106201
-0.995142
0.842237
-0.291199
-0.681764
0.954979
0.983862
0.530443
-0.15998
0.250721
-0.606839
0.896160
0.665943
-0.158490
0.483823
-0.928761
-0.672064
-0.460787
0.421804
-0.951373
0.173450
0.652751
0.721687
-0.517631
-0.639812
0.620483
0.44539
0.229155
0.164602
-0.343507
-0.439536
-0.754802
0.228875
0.142253
-0.483929
-0.786952
-0.516330
-0.331044
0.655602
-0.492056
-0.133379
0.58418
0.145535
-0.921105
-0.707923
0.991266
0.53232
-0.775411
-0.961659
-0.449138
-0.43995
0.619319
-0.708499
0.831048
0.315390
0.692220
0.951995
-0.143040
0.70915
-0.440371
0.845109
-0.959002
0.694059
0.180448
0.684783
-0.134010
-0.382030
-0.805456
-0.703693
0.970982
-0.959608
0.984205
-0.930192
-0.558190
0.224095
0.812651
-0.946552
0.483898
0.22419
-0.329033
0.810286
0.952333
-0.216372
-0.799197
-0.394294
0.971853
0.466086
0.814562
-0.632360
0.430090
-0.887667
0.442013
0.530747
0.507534
-0.106610
-0.776721
-0.299610
-0.625564
0.3195
0.468752
0.227645
-0.784096
0.429367
-0.606361
-0.487763
0.434536
0.279193
-0.242353
0.318812
-0.879459
0.586454
0.858671
0.934290
-0.918399
-0.425349
0.851327
0.860460
-0.863077
-0.750433
-0.867907
-0.505891
0.646331
-0.178992
-0.627729
-0.638572
0.439580
-0.712424
0.627443
0.298839
0.100551
0.482049
-0.409887
-0.103653
-0.148689
-0.742404
-0.641340
-0.835392
0.582435
-0.176356
0.544893
-0.233704
-0.556308
0.315429
0.109194
-0.278650
-0.371161
-0.677976
-0.619561
0.570366
0.184773
0.301198
0.593769
0.113784
0.667327
0.902721
0.137774
-0.229398
0.115258
-0.910537
0.675447
-0.950550
-0.466239
-0.344010
0.442861
-0.370402
0.743498
0.453747
-0.324543
0.546175
0.890376
-0.720442
0.618026
0.754936
0.494667
-0.474088
-0.887365
0.733076
0.85870
-0.955756
0.507814
-0.672717
0.514111
-0.137635
0.243051
0.830524
-0.649059
-0.194282
-0.17159
-0.516721
-0.131045
-0.230997
0.448152
-0.404719
0.73863
-0.579105
-0.202986
0.865693
-0.894638
-0.72103
0.203491
-0.787470
0.486297
0.635987
-0.447323
-0.564339
0.659869
-0.145835
0.792114
0.642044
-0.911029
0.964007
-0.989324
0.863816
-0.349381
0.54357
0.871250
-0.405422
0.856283
0.410060
-0.710469
0.431031
-0.802440
-0.478360
0.127420
-0.976883
0.374259
0.701521
-0.286943
-0.280250
0.533961
-0.705548
0.209138
0.795464
0.185083
-0.401733
0.212628
0.265890
0.409631
0.642326
0.413712
-0.124557
0.560100
-0.667906
-0.907769
-0.999719
0.315468
-0.846942
-0.332589
-0.106381
0.880635
0.929576
-0.857230
-0.657387
0.488773
0.836617
-0.918922
0.206808
0.787253
-0.358769
0.855576
0.653105
-0.580107
-0.728355
-0.175158
-0.463072
-0.859202
0.698112
-0.620819
-0.15998
0.171564
-0.528430
-0.846494
-0.602213
-0.642657
0.361474
-0.352175
-0.701982
0.30978
-0.877683
-0.781426
-0.294633
0.766108
-0.389765
-0.864596
-0.12871
0.807435
0.159351
-0.792892
0.804029
-0.238898
0.450135
0.180082
-0.39708
0.615158
0.933549
0.807202
0.69917
0.253632
0.992941
-0.414502
0.187093
-0.579818
0.875867
0.624360
-0.324612
-0.361751
-0.970684
0.959568
0.269246
-0.960487
-0.487663
-0.463681
0.857352
0.49966
0.351894
0.372458
-0.202759
-0.885431
-0.841339
0.274875
0.889401
-0.457050
-0.694812
0.903181
0.507697
-0.199557
0.147710
-0.585644
0.896904
0.888059
-0.132783
0.787785
0.729147
-0.930521
-0.215711
-0.769142
0.358374
0.997902
-0.675515
0.49948
0.281104
-0.211276
0.945448
0.466580
0.948882
-0.91150
-0.131509
-0.933560
-0.101207
0.463847
-0.585829
0.938382
0.491885
0.513742
0.837368
0.866964
0.845900
0.579990
-0.391512
0.633700
-0.917561
0.454765
0.152841
-0.942431
0.252407
0.87318
-0.671971
0.298792
-0.478337
-0.847609
-0.408930
-0.466881
0.825518
0.562531
0.609793
0.590130
-0.470138
-0.92778
-0.433220
-0.393380
-0.957840
0.40216
0.55455
0.826372
-0.667895
0.398554
-0.904908
-0.848008
-0.945011
0.463809
-0.639474
-0.598512
0.615186
0.248944
-0.726499
-0.250386
0.672078
0.863207
0.662315
-0.777679
0.363561
0.439740
0.558021
0.31600
0.730991
0.57838
-0.582053
0.996430
-0.863992
0.761998
0.404050
-0.823887
-0.335691
0.803662
-0.376673
0.844569
-0.273927
0.557760
0.604761
0.851333
0.117474
0.738921
-0.598225
0.413118
-0.497077
-0.569061
-0.703854
-0.493608
-0.596394
0.553904
-0.911316
-0.746006
-0.715486
-0.49895
-0.925831
0.205055
-0.843104
-0.775536
0.195680
-0.936251
-0.396476
0.110237
0.414612
-0.656227
-0.417467
0.16778
-0.641308
0.63082
0.99255
-0.709745
-0.46911
0.584744
-0.375129
0.364049
-0.97992
0.263566
-0.838317
0.111150
0.494000
-0.296640
0.10213
-0.789307
0.592555
0.524668
0.481720
0.233249
0.665566
-0.451350
-0.210979
0.127856
0.632053
0.319791
0.797930
0.239652
0.231022
-0.236102
-0.366063
0.409109
0.877800
-0.166781
0.684542
0.404503
-0.734376
0.907155
-0.187605
0.287030
0.942786
0.322733
-0.586818
-0.548998
0.131382
0.91780
-0.810511
-0.488768
0.951018
-0.80535
0.571932
-0.502021
0.857243
-0.800720
-0.960540
0.380859
-0.727276
0.676746
0.782330
-0.648287
0.527198
0.443862
0.273661
0.575076
0.588180
0.376593
0.140649
0.499125
0.804143
-0.559093
0.903947
-0.184362
0.159897
-0.461670
-0.603206
-0.404996
-0.882729
-0.17169
0.781489
-0.897423
0.247856
-0.562486
-0.152630
0.902749
-0.394160
-0.237810
-0.434500
0.445683
-0.799633
-0.569329
0.50015
-0.565947
0.339535
-0.605487
-0.691713
0.523399
-0.776926
-0.844426
-0.696553
-0.919035
0.241723
-0.905173
-0.95369
-0.303324
-0.290914
-0.330546
0.879682
-0.306378
-0.28666
-0.856595
0.414776
0.176301
0.498583
0.153963
-0.316960
0.285850
-0.262547
-0.267610
-0.574584
0.801976
0.959940
0.239132
0.578072
0.575192
-0.973728
-0.843471
0.328133
0.612910
-0.73204
0.538205
0.872576
-0.465199
-0.47783
-0.525745
-0.820096
0.36922
-0.492947
-0.136010
0.337917
0.677759
-0.659342
0.216501
-0.57354
0.330545
-0.112638
0.520723
0.725510
-0.153042
-0.751436
-0.428364
0.522860
-0.867920
-0.257694
0.603180
0.231486
-0.939961
-0.318521
0.394656
-0.985874
0.506434
0.143008
0.116431
-0.45785
0.674515
0.464613
-0.885106
0.84518
-0.519633
0.756957
-0.486880
-0.920104
0.395624
-0.583303
0.130853
0.64538
-0.216746
-0.697149
-0.592416
-0.602651
0.56508
0.886162
0.571089
0.210992
-0.345597
0.246240
-0.989097
-0.775670
0.437674
-0.207706
-0.960856
-0.238519
0.512494
-0.27132
0.711307
-0.371841
-0.213399
0.225781
0.745036
-0.907915
-0.437427
-0.955815
-0.836853
-0.327598
-0.123164
-0.359407
0.840252
-0.294326
-0.49946
-0.974008
0.983945
-0.45420
0.120205
0.498185
0.740679
0.504931
-0.76608
-0.604631
0.708585
0.220693
-0.500238
0.432121
0.694378
-0.209589
-0.80610
-0.538282
-0.45799
0.261900
0.887608
-0.63950
-0.715241
0.839097
0.29628
0.738015
-0.408663
0.602666
0.571512
-0.765744
0.793939
-0.559271
0.191636
0.455456
-0.197607
-0.919792
-0.26497
0.746206
-0.68975
-0.49941
-0.61737
-0.385873
0.295721
0.895653
0.56031
0.165828
0.669436
-0.757223
0.822652
0.131211
0.446388
-0.138179
-0.67449
-0.730977
-0.502393
0.751381
0.117930
0.550882
0.642146
-0.797237
-0.624286
-0.64500
0.688164
-0.187498
-0.550756
0.80131
-0.402417
0.502734
-0.135400
0.606291
-0.563685
0.718276
-0.527631
0.95267
-0.232046
0.384307
0.371921
0.699110
-0.303236
0.603605
0.238022
-0.883840
-0.418399
-0.626657
0.169342
0.224297
-0.623325
-0.414644
-0.244435
0.353438
0.918768
-0.881870
-0.219257
0.867127
-0.983941
0.409189
0.187173
0.378754
-0.712309
0.192076
0.754713
-0.614679
0.391650
-0.78051
-0.571939
-0.661624
-0.201938
0.297748
-0.124475
-0.976393
-0.668312
0.846732
-0.194965
-0.493762
-0.747251
-0.305277
-0.134916
-0.429058
-0.981984
-0.195357
0.454950
0.560982
-0.400475
0.594437
0.56310
0.149720
0.956413
0.612812
0.254643
-0.91356
-0.825117
-0.52914
0.865647
0.2953
0.505434
0.917907
-0.571643
0.133626
0.370324
0.529773
-0.815245
-0.700313
-0.708650
-0.955741
-0.452404
-0.997892
0.476436
-0.237555
0.49131
0.706066
-0.471522
-0.31303
-0.135567
0.564340
0.409344
0.481582
0.806311
-0.512600
0.11373
0.510958
-0.548144
0.257651
0.592361
-0.883015
0.768419
0.712410
0.245759
0.315811
-0.424994
0.436273
0.490616
-0.91632
-0.616104
0.844592
-0.621630
0.123959
0.897105
0.710706
-0.909520
0.130959
0.699155
-0.950585
-0.103435
-0.875296
0.179251
-0.395472
-0.745777
-0.999499
0.640392
0.22063
0.715994
0.431797
0.560336
0.618918
-0.252577
-0.180500
0.625951
-0.445702
-0.430185
-0.290519
-0.148920
0.795655
-0.205799
0.289283
0.155598
-0.624567
0.490072
-0.517396
0.231572
-0.69320
0.435248
0.468586
-0.413609
-0.823289
0.751639
-0.969582
-0.316152
0.311609
0.593096
0.400848
-0.944942
-0.652991
-0.630835
-0.518126
-0.855758
-0.862910
-0.353619
-0.868558
-0.245785
-0.127375
-0.805657
-0.414336
0.894899
-0.676465
-0.359541
-0.269394
0.651784
-0.255849
0.125477
-0.145028
-0.394126
-0.788594
-0.339434
0.31325
0.865353
0.615349
0.288362
-0.825523
0.788335
0.220313
-0.612006
-0.452360
0.928445
0.62763
0.31241
0.67862
-0.732081
-0.689464
-0.29961
-0.689439
-0.912194
0.599028
-0.367178
0.416521
0.959245
-0.303389
0.642895
0.867746
0.13015
-0.657967
-0.654652
0.985975
0.614989
-0.974601
0.912580
0.56617
0.517885
-0.541682
-0.112902
0.556928
-0.595039
-0.676102
-0.165123
-0.841978
-0.990710
-0.738746
-0.258478
0.548448
-0.916512
0.518419
0.736146
-0.170219
0.779738
0.655446
0.670105
-0.481139
-0.621747
0.535782
0.217443
0.481360
-0.394058
-0.886220
-0.977531
0.526005
0.990422
-0.239488
0.168516
-0.13303
-0.121608
0.840895
-0.913827
-0.89562
-0.995629
-0.838797
0.519458
0.970281
-0.89320
0.82405
0.323875
0.477247
-0.685538
-0.73570
-0.126442
-0.318662
0.788327
-0.72469
0.997944
0.270433
-0.303728
0.755701
-0.462093
0.769407
0.615189
0.134617
0.9279
-0.769713
-0.844952
-0.581576
-0.962861
-0.735798
-0.576148
-0.969694
0.486650
-0.116722
0.865711
-0.162621
-0.631110
-0.911921
-0.816545
-0.185363
-0.174756
-0.553345
-0.831064
0.507455
-0.551512
-0.577817
0.84224
0.734457
-0.820344
-0.393958
-0.239954
-0.46563
-0.4960
0.117364
-0.521375
0.680033
0.290509
-0.232192
-0.884652
-0.464555
-0.15605
0.80177
-0.622588
-0.187056
0.698517
-0.645339
0.653946
0.842241
-0.650387
-0.513115
0.295037
-0.384246
-0.942878
-0.739824
0.872437
0.296400
0.279455
-0.504224
0.223916
0.344976
0.304999
-0.377257
-0.682218
-0.650555
-0.695456
0.537072
-0.873170
0.608744
0.54108
0.676283
-0.585651
-0.330940
-0.381965
-0.767150
0.42796
-0.44666
-0.618795
-0.823092
-0.674126
-0.182675
0.670021
-0.392780
0.673769
-0.391944
-0.382796
-0.687126
-0.73615
-0.349905
0.885934
-0.577813
0.261887
0.309230
0.593459
-0.730751
-0.638674
-0.669872
-0.149525
0.368239
0.96880
0.67523
-0.344763
0.480827
-0.805420
-0.390310
-0.980493
0.136438
0.106954
0.155766
-0.610695
-0.484352
0.316296
-0.74418
0.249581
-0.805468
0.719193
0.375194
-0.143993
0.998686
0.719458
-0.157121
0.873471
0.458683
-0.771931
0.713543
-0.17319
-0.148349
-0.384824
-0.315788
-0.698128
-0.529922
0.510600
-0.997629
0.793842
-0.120359
0.901663
0.729604
-0.87391
-0.788264
-0.835441
-0.758302
0.248759
0.702727
-0.678474
-0.817044
0.139772
-0.793924
0.284787
-0.821317
-0.820573
-0.591929
-0.735509
-0.530075
0.542525
0.714928
-0.369202
0.747078
0.928937
-0.767896
0.984672
0.500365
-0.448259
-0.807520
-0.118547
0.811675
0.603219
-0.177708
0.757842
0.194333
-0.58826
0.194685
-0.931547
0.45990
0.907920
-0.984247
0.915179
0.49741
-0.295254
0.96484
0.518803
0.869273
0.344468
0.493455
0.271117
0.435381
0.629754
-0.274325
0.88181
-0.938138
0.650554
-0.921397
-0.923350
0.445524
-0.377456
0.148758
0.999224
0.50986
0.581366
0.478706
0.264933
-0.698779
-0.60505
0.488693
-0.809772
0.693843
-0.381920
0.58764
0.619083
0.40228
0.595354
-0.925503
-0.723370
0.970975
-0.69986
0.673572
0.396473
0.262311
0.378160
-0.638369
0.210539
0.680962
0.463805
-0.414082
0.276720
0.112132
-0.676001
-0.499356
0.563180
0.736812
-0.436365
0.484438
-0.815439
0.806168
-0.46809
-0.897883
0.809454
-0.882511
-0.834925
-0.388852
-0.299960
-0.16423
0.87676
-0.891685
-0.502463
-0.800375
0.555233
-0.288018
0.580618
-0.80624
-0.87780
-0.401127
0.557353
0.170493
0.612937
-0.536627
-0.93035
0.405211
0.101534
-0.347920
-0.958097
-0.59177
0.949461
-0.400354
0.990437
-0.673859
-0.975838
-0.975451
0.391330
-0.958174
-0.737995
0.949868
0.80556
-0.528093
0.684679
0.818791
-0.540662
-0.672458
-0.257867
0.52907
0.70143
-0.842874
0.834458
-0.611877
-0.480622
0.262759
-0.581204
-0.82351
0.84059
-0.876554
-0.2811
-0.411515
-0.606017
-0.66300
0.673138
0.628541
0.362327
-0.821967
-0.806092
0.938925
-0.520247
0.538036
0.930663
-0.795916
0.747185
0.299813
-0.400520
0.326173
-0.828005
-0.386774
-0.544385
-0.793482
0.3082
-0.136201
-0.565646
-0.612242
0.309514
0.703697
-0.803370
-0.771252
-0.721141
-0.849607
0.815097
0.160903
0.600958
-0.176951
-0.79345
0.601112
0.102234
0.407955
0.845144
-0.270126
-0.203179
-0.394836
0.22493
-0.589809
-0.753506
-0.898000
0.131549
0.728059
-0.122933
0.426907
-0.391795
-0.801059
-0.281684
-0.678262
-0.778267
0.797839
-0.471267
-0.20700
0.875116
0.753747
-0.82631
-0.229931
0.743355
0.979392
-0.379352
-0.584919
-0.950670
0.781528
0.627696
0.875535
0.440882
0.420114
0.382401
0.922263
0.567676
0.918845
-0.876814
-0.897192
-0.623118
0.486457
0.799235
-0.289969
-0.973707
-0.14963
-0.47640
-0.40071
0.80224
-0.433376
-0.417352
-0.236496
-0.64354
0.668040
-0.336821
0.561337
-0.441816
-0.478761
0.635523
0.23660
0.356579
-0.243339
0.445474
0.925446
-0.259948
0.504676
0.747166
0.178680
0.445569
0.269040
0.411952
-0.742329
0.910875
0.643875
0.506172
-0.188334
0.738863
-0.299675
-0.231435
0.226387
-0.100296
-0.685035
0.21292
-0.175334
0.710436
0.249252
0.791103
0.8861
0.245376
-0.281081
-0.836624
-0.130653
-0.417440
-0.276176
-0.171802
-0.172963
0.782684
0.635912
-0.238067
-0.787190
-0.771972
-0.103596
-0.60729
0.297757
-0.281547
-0.90358
0.564606
0.726363
-0.167692
0.663627
0.537807
0.127944
0.727293
-0.640820
0.607806
0.946568
0.980805
-0.975557
-0.195326
-0.380344
-0.884857
0.627749
-0.691714
0.464215
-0.389355
0.715252
0.997136
-0.764006
0.123404
-0.206142
0.832837
0.143692
0.719227
0.371529
-0.941619
-0.424131
-0.738927
0.308645
0.438696
0.322751
0.417054
0.755214
0.397551
0.138620
-0.440399
-0.284869
-0.530177
0.603231
0.580514
0.196662
0.759337
0.864963
0.189025
-0.961610
0.462820
0.972124
0.322365
0.810416
-0.279264
-0.273576
0.326504
-0.509252
0.19711
-0.622438
-0.636299
0.638711
-0.956245
0.410252
0.193634
0.289343
0.172576
-0.52680
0.21510
-0.247561
0.328486
-0.536790
0.112287
0.28023
-0.191229
0.248575
-0.985913
-0.739516
-0.390961
0.603780
-0.554335
-0.757402
0.187295
-0.738204
-0.189532
-0.509580
0.539607
0.205712
0.608764
-0.300244
-0.884197
-0.660225
0.436106
0.328621
0.65861
0.444368
-0.341877
0.863459
0.560909
0.737977
0.103781
-0.784811
-0.810279
-0.811634
-0.740611
-0.251740
0.177049
-0.11270
-0.828058
0.989280
0.788645
-0.546820
0.668122
0.176046
0.528295
-0.495825
-0.194285
-0.308168
-0.303864
0.456312
-0.748032
0.701987
0.136370
0.570942
-0.569501
0.374700
-0.510222
0.5020
-0.848153
-0.440080
-0.127794
-0.41229
-0.249247
-0.842995
0.469200
-0.630291
0.40064
-0.175018
0.561888
0.140862
0.822534
-0.522240
-0.469788
0.543805
0.741031
-0.727093
-0.436143
0.707256
0.117720
0.754854
0.882263
-0.836856
-0.233775
-0.98761
0.306891
-0.959758
-0.304243
-0.494886
0.41963
0.124676
-0.538929
-0.168172
0.620092
-0.693167
0.942033
0.841084
-0.865870
0.262976
-0.238871
-0.411661
0.634065
0.191541
-0.886122
-0.228691
-0.757823
-0.227432
0.205137
-0.304528
-0.787386
-0.79393
0.962068
-0.586419
0.631121
-0.443936
-0.727485
-0.448460
0.259721
0.816211
-0.359132
0.590280
-0.398270
-0.930059
-0.246022
-0.944988
0.748635
0.795531
0.461210
0.571346
0.264050
0.995028
-0.903584
0.385789
-0.116193
0.341852
-0.763255
0.108633
-0.782549
0.797636
0.789633
0.578331
-0.283357
0.765324
-0.304869
0.869602
-0.868305
0.593158
0.857175
-0.967898
-0.697300
0.965047
-0.274587
0.138432
-0.628725
-0.85708
-0.678692
0.472979
0.70606
-0.739320
-0.91326
0.460746
0.22609
0.764225
-0.549203
-0.369506
0.558226
0.707058
-0.408233
0.406302
-0.781558
0.971669
0.188753
-0.455003
0.199304
-0.667538
0.835950
0.799318
-0.698540
0.254696
0.812020
0.494247
-0.958755
-0.235764
0.563148
-0.436652
-0.166780
0.837661
0.369322
-0.647597
-0.519692
-0.408312
0.443420
0.730554
0.287527
0.906056
-0.125805
-0.502497
0.634314
0.605
0.413031
-0.574873
0.361931
-0.451697
-0.737904
0.848935
-0.930781
-0.613239
0.464878
-0.548866
-0.361747
0.884656
0.887930
0.121169
-0.158119
0.752411
0.559032
-0.667314
-0.772523
0.684920
-0.251009
-0.284376
0.791102
-0.72344
0.274112
0.557442
0.592485
-0.156116
-0.829253
-0.35364
0.915411
-0.74875
0.147763
0.911758
-0.410257
0.463418
-0.646885
0.359410
0.161761
0.243025
-0.52965
-0.104437
0.242566
-0.158569
0.570542
0.91896
0.498060
0.476749
-0.458017
-0.115167
-0.17890
-0.529542
-0.326380
0.135467
0.837058
0.956719
-0.211664
-0.568177
0.354413
-0.558754
-0.437032
0.927260
-0.850125
0.613621
0.825221
-0.692770
0.823725
0.540590
-0.627616
0.670951
-0.87254
0.387402
-0.721530
0.269501
-0.715030
-0.33602
0.511609
0.119860
-0.397576
0.702581
-0.978621
0.98612
-0.134015
0.468804
0.831612
-0.259010
-0.800129
0.250489
0.634695
0.630306
-0.380949
-0.534493
-0.657474
0.770645
0.904186
-0.310551
-0.384930
0.201505
-0.564718
0.313281
0.359120
0.347901
0.735055
0.713612
0.634733
-0.752180
0.524178
0.424593
-0.941026
0.269407
0.701169
-0.244371
-0.505474
-0.121396
0.148890
-0.499227
0.523320
0.699964
-0.478223
-0.660830
-0.757495
0.161344
-0.216036
-0.496031
0.297528
0.518627
-0.861749
-0.117500
-0.725227
-0.986472
0.189926
-0.414833
-0.849180
-0.4326
-0.528374
-0.473064
0.594518
-0.116600
0.220346
0.483969
-0.894421
-0.549275
0.281946
-0.672451
0.422023
0.913996
0.660975
-0.357900
-0.959978
-0.870262
-0.60086
-0.806927
0.977735
-0.981511
0.52510
0.748659
0.984428
-0.252158
0.481061
0.789900
-0.616237
-0.547738
0.549077
0.303719
-0.300568
0.30113
-0.33660
0.47963
-0.793271
0.725829
0.11306
0.341768
0.805127
-0.262108
-0.551240
0.221978
-0.788609
-0.961041
-0.708059
0.879447
-0.471446
0.401986
-0.262952
-0.516502
-0.995775
0.934708
0.749525
-0.519167
0.903107
-0.357193
0.865988
0.654529
-0.381592
0.508637
0.429387
0.130982
0.813996
0.922292
0.15621
0.165875
-0.713830
-0.534829
-0.409763
-0.534360
0.867976
-0.799923
0.503429
0.904914
0.102727
0.7376
-0.317987
-0.949300
0.704031
0.241635
0.826739
0.763753
-0.540797
0.520277
0.385283
-0.779784
-0.495246
-0.503575
-0.550511
0.916400
-0.338393
-0.701706
0.578487
-0.304716
-0.522599
0.518522
-0.470214
-0.406259
0.613562
-0.477925
-0.13877
0.252104
0.353768
0.24151
0.680521
0.590222
-0.380680
-0.708000
-0.942935
-0.241685
-0.591772
0.847576
-0.75187
-0.589351
-0.696724
-0.687594
0.357689
0.736077
-0.728082
-0.648440
-0.217133
0.460222
0.46943
0.73333
0.213643
-0.488116
-0.591578
0.383754
-0.105880
-0.871867
0.73085
0.29557
-0.15512
-0.174935
-0.42216
-0.184902
-0.94743
0.373514
-0.329699
-0.164269
0.278218
-0.865109
-0.20782
0.569266
0.738321
0.445618
-0.516948
-0.274885
0.757162
0.308759
0.822253
0.91431
-0.171489
-0.575034
-0.428145
0.560882
-0.391689
0.608864
0.674856
0.571837
-0.651968
-0.773640
-0.525334
-0.217729
-0.47403
0.114579
-0.52853
0.786652
0.187309
-0.241883
0.100990
-0.354522
0.745109
-0.937854
-0.174220
0.865847
-0.559850
-0.995105
0.720717
-0.884033
0.288378
0.637776
0.720976
0.598278
-0.302467
0.40091
-0.159278
0.928840
-0.874351
-0.357057
0.409089
0.874761
-0.895096
-0.570475
0.631757
-0.900286
-0.969474
0.294071
0.995195
-0.115087
0.248862
-0.733823
0.549792
0.828880
-0.562061
-0.989067
0.925194
0.456441
0.282751
-0.952456
-0.997777
0.350995
0.907156
-0.690405
0.53767
0.200013
-0.477023
-0.710770
-0.112851
0.483662
0.241940
0.678766
-0.369262
-0.503777
-0.194828
0.82873
-0.308975
0.192561
0.111639
-0.634835
-0.204811
0.468036
0.801389
-0.225001
0.751161
-0.621857
0.214097
-0.192940
0.468535
0.268077
-0.185655
0.888673
0.817524
-0.743467
-0.996904
0.610922
-0.729503
0.399901
0.806821
0.961486
0.366270
-0.583788
-0.916671
0.680079
-0.506150
-0.597626
-0.331812
0.702789
-0.600237
-0.111203
0.824558
-0.315209
0.350141
0.601307
0.856365
-0.231297
-0.695192
-0.803003
-0.108165
0.546127
-0.463943
0.338826
-0.146405
-0.461443
0.4223
-0.860136
0.843829
-0.415547
0.890457
-0.350932
0.128703
-0.485810
-0.913666
-0.952112
0.804599
-0.668852
0.158344
0.580650
-0.81997
0.567744
0.647445
0.947705
0.119578
0.685244
-0.412811
-0.789562
-0.134758
0.881763
-0.596889
-0.102960
-0.364818
0.186383
0.812194
0.344264
0.325480
0.980411
-0.372592
-0.980551
0.324074
-0.534910
-0.734675
0.794752
-0.632548
-0.950562
-0.543094
0.147278
0.341687
0.947427
0.133399
0.564425
-0.236403
-0.464508
-0.505657
-0.133870
0.143558
0.82969
0.25957
0.780371
-0.586941
0.404295
-0.300808
-0.554300
-0.917939
-0.312728
0.342474
-0.542922
-0.454694
0.220576
0.452490
-0.306435
0.539580
0.506986
-0.783477
-0.256747
-0.18291
-0.16806
-0.245320
-0.477946
0.105537
-0.247302
0.700532
0.543240
-0.797654
-0.631930
-0.634615
-0.395249
-0.844121
-0.288789
-0.189593
-0.514369
-0.722931
-0.43336
0.618633
-0.164215
0.344662
-0.204885
0.234445
-0.716773
0.544645
-0.831300
0.319772
-0.386160
0.128785
-0.307843
-0.736838
0.42615
-0.353387
0.944373
0.639939
0.245246
0.552810
0.546147
-0.714608
0.335708
-0.160679
-0.471219
0.909910
-0.160696
-0.48681
0.357073
0.807104
0.277992
0.518345
-0.681568
0.363659
-0.659237
0.376946
-0.736429
-0.501009
-0.383513
0.271850
0.658492
0.228463
0.220455
-0.320432
0.611719
-0.9921
0.837085
-0.628430
0.719254
-0.961820
0.941262
-0.616580
0.463026
0.266181
0.811981
0.733975
-0.719791
0.322366
-0.788639
0.550479
-0.803039
0.290070
0.121371
0.675130
-0.426941
0.251821
0.492069
0.45896
-0.502342
-0.834338
-0.366461
-0.817501
0.563456
-0.59203
-0.299017
0.752453
-0.202786
0.774885
-0.477376
-0.197487
0.603318
-0.788874
-0.834061
0.599539
-0.179551
-0.683430
0.34895
0.664969
0.157150
0.950446
0.850206
0.590929
0.778127
-0.409854
-0.848534
0.192526
0.89353
0.579943
0.848874
0.292521
-0.129712
0.123494
-0.509587
0.279310
-0.28987
-0.155609
-0.965359
-0.964889
-0.145057
-0.31695
0.14788
0.445443
0.721973
-0.543907
-0.237573
-0.631976
-0.328732
0.48244
0.60285
0.21408
0.73662
0.1169
0.956260
0.815212
-0.373506
-0.94908
-0.587480
0.8788
0.598442
-0.396652
-0.421828
-0.719652
0.300451
-0.621583
-0.611802
0.966361
-0.852714
0.757189
0.966294
0.910292
0.452013
0.760799
0.61904
0.348947
-0.354988
0.12713
-0.806933
-0.560081
0.500261
0.468121
0.341008
0.830231
0.918366
0.519049
0.192526
0.257164
0.434541
0.684034
-0.303904
0.189495
0.327637
-0.468412
0.934573
-0.241955
-0.726510
-0.579601
0.177263
0.293945
0.513605
0.12993
0.242335
-0.350671
-0.804474
-0.722378
0.616743
0.799974
0.114082
-0.78951
-0.329584
-0.32546
-0.63686
-0.156316
0.538332
0.369283
-0.779607
-0.758068
0.168787
0.731523
0.692501
0.597991
0.882126
-0.769977
0.215407
0.593920
0.202538
-0.633789
-0.754965
-0.539878
-0.756719
0.345234
-0.324143
-0.590973
0.761099
-0.982543
0.809101
0.279197
0.11203
-0.720140
0.930806
0.287954
-0.456878
-0.432272
0.744553
0.505141
-0.430369
-0.70304
0.502735
-0.247442
-0.16478
-0.233786
-0.326871
-0.549511
-0.594861
0.597388
-0.616416
0.691715
-0.839790
-0.801491
0.128843
0.601968
0.706064
0.830076
-0.366254
-0.988985
0.823855
0.208311
-0.768459
0.37856
0.543827
0.921692
0.36939
-0.749890
0.253748
0.977424
0.374366
-0.458155
0.284369
0.805582
0.398453
-0.549707
-0.50043
-0.405738
-0.32194
0.214528
0.78838
0.768968
-0.749628
-0.25210
-0.586592
-0.902319
0.614732
-0.74093
0.681409
-0.582429
0.190594
-0.818522
0.406507
0.91845
0.184206
-0.47426
-0.958945
-0.411526
-0.851606
-0.744654
0.955724
-0.431861
-0.556504
0.502261
-0.385629
0.350480
-0.249531
-0.849565
-0.425967
0.127444
0.764135
0.389571
0.23969
-0.980711
-0.754186
-0.346478
0.921395
-0.313070
0.284293
0.748518
0.449078
-0.795201
-0.784353
-0.871000
0.102529
0.336847
-0.689666
0.138802
-0.560219
0.621915
-0.877582
0.57020
-0.263084
0.276878
-0.218127
-0.766355
-0.640746
-0.365815
0.722676
-0.668125
-0.751611
0.724574
-0.764094
-0.187617
-0.499241
-0.671423
0.810630
0.175802
-0.98535
0.653796
0.510780
0.983867
-0.981709
0.609330
-0.619201
-0.45942
0.315131
-0.844794
-0.150245
0.436243
-0.358296
-0.542663
-0.836110
-0.758994
-0.203849
0.767659
-0.349294
-0.382507
-0.133913
-0.68092
-0.785645
-0.640279
-0.917256
0.696354
0.33837
-0.233340
-0.756616
-0.593764
-0.527172
0.43724
0.798253
-0.478354
-0.111966
0.511255
0.369052
-0.515347
-0.726086
-0.288178
0.673404
0.743548
0.633482
0.132078
0.785596
0.15529
0.594953
0.76494
-0.903340
-0.573458
-0.932062
0.777539
0.180412
-0.488516
0.997568
0.582545
0.761227
0.894565
0.819334
0.333864
0.268839
0.950402
0.408646
-0.289703
-0.98097
0.359998
0.464226
-0.363978
0.463127
0.583841
-0.629188
-0.131668
-0.8832
0.334182
-0.569229
-0.982152
-0.17440
-0.218213
-0.992155
-0.770777
0.887429
-0.153116
-0.784664
0.28997
0.369588
-0.708487
-0.295578
-0.421896
0.899092
0.681633
0.940477
-0.306390
-0.112692
0.416707
0.548871
-0.227804
0.350964
0.304307
-0.414366
-0.899772
-0.462496
0.815435
-0.481118
0.611540
0.26114
-0.364885
0.989663
-0.957212
-0.228583
-0.239907
0.77756
0.246459
0.364984
-0.80702
0.916775
0.596009
0.621438
0.170049
-0.681480
0.515471
-0.107467
-0.706889
0.584336
0.232190
-0.38020
-0.106725
-0.456161
0.577202
-0.420303
0.116849
-0.154730
-0.232702
-0.640655
0.911429
-0.217045
0.62433
0.339961
0.937995
-0.949775
-0.253568
-0.158635
-0.136276
-0.746182
-0.435942
-0.887734
0.19915
-0.298354
-0.334985
-0.688073
-0.777496
-0.706019
0.745983
0.641955
-0.486629
0.370516
-0.612229
0.649546
-0.143948
-0.978336
0.78565
0.681738
0.941240
0.383802
-0.435453
-0.555344
0.493346
-0.85582
-0.823695
-0.923308
-0.835619
-0.599577
-0.339328
0.712706
-0.644852
-0.612223
-0.106170
0.338250
0.274053
-0.839987
-0.310280
0.438807
-0.689398
0.559308
-0.284630
-0.856121
-0.809145
0.84449
-0.221174
-0.664454
-0.520903
-0.105795
-0.570638
-0.190835
0.198803
0.586901
-0.975210
0.345414
-0.582801
0.210406
0.903690
-0.504032
-0.554930
0.894014
0.418342
-0.158482
-0.351498
-0.599022
-0.224675
-0.799532
0.853383
-0.965266
0.444846
0.9554
-0.731754
0.411431
0.802839
-0.864632
-0.536649
-0.133873
0.833467
-0.410588
-0.72985
0.139805
0.315819
-0.753843
0.358475
0.514148
0.62493
0.347320
-0.743662
0.462395
0.706919
-0.904271
-0.602026
-0.714912
-0.846852
0.653162
-0.651463
-0.250202
0.248657
-0.169189
0.755858
-0.410453
0.207040
0.645302
-0.32877
-0.13557
-0.951077
0.16069
-0.505029
0.537653
0.372833
-0.304423
-0.983784
-0.24283
0.75022
0.355926
0.393162
-0.198287
-0.40505
0.583610
-0.983991
-0.845883
0.64051
0.520876
0.109285
0.437315
0.765698
-0.55471
0.812716
-0.498275
0.305931
0.267675
0.136933
0.815648
-0.825904
-0.283525
-0.29129
0.261315
0.24065
0.662262
0.873426
-0.164526
0.357667
-0.904958
-0.816104
-0.607178
-0.290139
0.337480
0.857167
0.120862
0.585091
-0.9318
0.50149
-0.707402
-0.601882
0.240269
0.985593
-0.630784
0.141145
0.62700
-0.488031
-0.595636
0.544731
-0.205242
-0.118949
-0.601322
0.246845
0.318262
-0.913978
-0.403912
0.428032
0.507520
-0.81681
-0.789589
-0.223102
-0.696427
0.522167
0.5656
0.741532
-0.985149
0.569708
0.80874
0.229815
-0.146251
-0.457504
-0.692358
-0.743401
-0.815513
0.370887
0.47909
0.973744
-0.337828
0.552752
0.79162
-0.70735
0.703822
0.199838
-0.973348
0.216537
-0.89800
0.702467
-0.75930
-0.498389
-0.270951
-0.529250
0.495971
-0.95902
0.515259
-0.209987
0.491995
0.691437
-0.437518
-0.496865
-0.837281
0.46818
0.903796
-0.225592
-0.711506
0.420225
-0.625962
-0.334022
-0.968823
-0.988436
0.111283
0.111207
0.995499
0.315447
-0.210272
0.876588
-0.42067
-0.7339
-0.189044
0.474645
0.473264
0.915712
-0.360698
0.253864
0.712363
0.329955
-0.473429
0.459628
0.760159
-0.934649
0.620091
-0.50689
-0.734645
-0.640725
0.807311
0.856944
-0.10241
-0.412506
0.55094
0.733165
-0.941376
0.107455
-0.20635
0.400085
-0.374862
0.783930
0.662324
-0.173464
0.408999
0.353363
0.929560
-0.13238
0.15667
0.859797
0.608467
0.354571
0.656082
-0.481000
-0.545462
-0.973865
0.248524
-0.915278
-0.108767
0.824170
-0.419285
-0.734077
-0.420544
-0.837703
0.689411
0.539676
0.290462
-0.880426
0.872626
-0.139614
-0.275216
0.854764
0.903979
-0.950941
-0.891490
0.46864
-0.468996
0.692324
0.560960
-0.874807
0.227527
-0.580955
-0.341435
0.980886
0.855512
0.148501
-0.266684
-0.170821
0.806012
0.699761
0.413225
-0.40981
0.43919
-0.320817
0.263333
-0.887955
0.642812
0.8850
-0.962996
-0.714660
0.626589
0.465589
-0.415482
0.96640
-0.790877
0.951701
-0.59378
0.119028
-0.725989
-0.740881
0.151822
-0.996535
-0.130451
-0.811585
-0.511474
-0.944659
-0.938462
0.580392
-0.79364
0.608144
0.989785
-0.107048
-0.68880
-0.185165
0.182275
-0.816896
-0.587587
0.677788
0.335169
0.360541
-0.48323
0.533763
-0.231801
-0.373434
-0.307540
-0.730463
-0.541424
0.862842
-0.579940
-0.437878
-0.523110
-0.645369
-0.100909
-0.861439
-0.328882
0.315427
-0.43532
0.396695
-0.479698
-0.135555
-0.751708
-0.600917
0.219882
0.936140
0.60822
0.594742
0.661496
0.210981
-0.79620
0.714837
0.810752
-0.302060
-0.912158
-0.162323
-0.985236
-0.211800
-0.680249
-0.62780
0.309180
0.699953
0.921995
-0.953935
0.51158
-0.862250
-0.753689
-0.55633
0.156407
-0.451430
-0.89152
-0.976774
0.944336
0.844037
-0.517643
-0.524716
0.938442
0.713178
-0.552069
0.960282
-0.348381
0.250358
0.432323
0.215568
0.696388
0.173647
0.313456
0.376280
0.855348
-0.398729
0.643487
-0.716167
-0.180818
-0.958719
-0.612810
0.852467
0.257885
-0.95966
0.441520
-0.795290
-0.11237
0.923448
-0.635712
0.615189
0.36398
-0.896756
-0.453715
-0.778166
-0.74973
-0.883773
0.172239
0.165328
-0.388121
-0.153037
0.121885
-0.967549
0.433618
-0.490519
0.223429
0.109446
-0.152330
-0.972416
-0.651831
-0.756930
-0.520173
-0.930940
0.925999
0.638889
0.906619
-0.660113
0.256607
0.677978
-0.551363
-0.308611
0.306909
-0.67324
-0.456964
0.581636
-0.823028
-0.868304
0.11974
-0.551965
-0.444569
-0.284798
-0.15486
0.896044
-0.88926
0.511374
-0.258871
-0.931434
0.270746
0.541371
0.554852
-0.869210
0.977925
-0.237433
0.85815
0.960577
0.529309
-0.881572
-0.706638
-0.333240
-0.867990
-0.952206
0.697303
0.725345
0.915103
-0.728465
-0.906075
-0.880539
0.884246
0.906604
0.940075
0.500445
0.145260
-0.530532
-0.675985
0.163815
-0.741091
0.219892
-0.548717
-0.439148
0.728305
0.966480
0.797993
0.551084
-0.997696
-0.652300
0.841221
-0.439860
0.51114
0.354732
0.350516
-0.303778
-0.183624
0.562706
0.985259
0.712514
-0.685820
-0.380648
0.558719
0.166052
-0.422125
0.526891
-0.487449
0.282532
0.937143
-0.782014
0.704867
0.411971
0.125814
-0.137184
0.492883
0.340989
0.561398
-0.662516
-0.686073
0.709236
-0.163272
-0.887897
0.719230
0.705636
0.840397
0.976737
0.606146
-0.433755
0.879737
0.359385
0.453342
0.67676
0.454715
0.167561
0.591465
-0.281691
-0.112925
0.921811
-0.372721
-0.4881
-0.147802
-0.274734
-0.886678
0.485909
-0.312133
0.171740
-0.62021
-0.296568
-0.485960
-0.690229
-0.340927
0.864867
-0.174213
-0.318713
-0.446829
-0.792757
0.337917
0.864932
-0.292333
0.23715
-0.228839
-0.886294
0.951223
0.840301
-0.163343
0.547313
0.535155
0.507180
0.715210
-0.289008
-0.698543
-0.273023
0.665609
-0.293760
0.521500
-0.78761
-0.29282
-0.557552
-0.664269
0.934040
-0.961087
-0.880940
-0.409885
0.238316
-0.246717
-0.803487
0.641793
0.498073
0.730817
0.781698
-0.625660
-0.2656
0.341867
-0.151799
-0.474413
-0.382805
0.83545
-0.964448
0.168217
0.134878
0.762792
-0.876547
-0.531227
0.228340
0.682805
-0.514361
-0.386850
-0.479759
-0.109930
-0.767557
-0.717397
-0.52548
0.930460
-0.843429
-0.736112
-0.29964
0.433024
0.903490
0.281131
0.742647
-0.658221
0.788753
0.323081
0.290140
0.416422
-0.533707
0.240764
-0.483818
-0.603252
-0.786255
0.305554
0.838269
0.239083
0.735533
-0.906293
0.516855
0.767892
0.125937
-0.606825
-0.40337
-0.990127
-0.673419
0.676652
-0.434820
-0.484485
-0.651972
0.69999
0.77674
0.264704
-0.345648
0.807740
-0.768216
-0.200816
0.699311
0.826583
0.347240
0.346397
0.80306
0.210602
-0.335657
-0.252554
-0.34183
-0.994223
-0.147987
-0.441418
-0.978981
0.388843
-0.857495
0.641352
-0.430004
-0.845511
-0.317350
-0.346960
-0.731309
0.429134
-0.285354
0.570947
-0.36945
0.431395
0.373154
0.711272
-0.638324
-0.99333
0.722478
-0.601682
0.241325
0.962430
-0.639101
0.472683
0.383305
-0.470080
-0.99858
-0.504549
0.638902
0.838088
-0.325110
0.880543
-0.165827
-0.491957
-0.269618
-0.73491
-0.540832
0.102322
-0.378016
-0.583047
0.993175
-0.462685
-0.126859
0.262540
0.419531
-0.810521
0.166340
-0.224427
-0.703645
-0.253176
-0.326376
-0.516911
0.395293
-0.596198
-0.226943
-0.50983
0.265077
0.345855
-0.997255
-0.706753
-0.225376
-0.677779
-0.241042
-0.240236
0.134943
0.950656
0.336432
-0.877583
-0.119505
0.21387
-0.685731
0.82919
0.618743
-0.891800
-0.553523
0.549137
0.632179
-0.686968
0.645475
-0.850613
-0.936970
-0.274441
0.301541
-0.521480
-0.142158
-0.283847
-0.647941
-0.811401
-0.828246
0.399036
0.818106
0.709724
-0.691442
0.839859
-0.356602
0.633688
0.8094
0.599678
-0.60155
0.247033
-0.696729
0.62907
0.930352
-0.611356
0.93862
0.689423
-0.474917
-0.878606
0.312192
-0.19630
0.925289
-0.478718
-0.561448
-0.759370
-0.232259
-0.856621
-0.569989
-0.273660
0.310188
-0.291643
0.928112
-0.832371
-0.896565
-0.85741
-0.945794
0.393904
-0.275042
0.837171
0.467372
0.490798
0.635649
0.628620
-0.299651
0.222331
-0.820000
0.530242
0.11392
-0.667494
-0.106294
-0.633068
-0.891311
0.439523
0.415947
-0.519195
-0.905940
-0.582951
-0.390116
0.263580
-0.146556
0.815959
-0.999886
0.231021
0.741518
-0.435588
0.684454
-0.416252
-0.128333
-0.258470
0.681526
-0.427600
-0.820363
0.645407
0.254826
-0.416599
0.394899
-0.400643
-0.95111
-0.438767
0.562883
-0.717145
-0.975716
-0.855807
0.538229
-0.164682
-0.408295
0.807221
0.635537
-0.955491
0.877968
0.808098
-0.121001
0.700356
0.873109
0.85446
0.529831
0.716033
0.968693
0.642301
0.718822
-0.726677
-0.431969
0.388480
-0.19230
0.474222
-0.748766
0.686417
-0.523765
0.118583
0.525897
-0.865570
0.39325
-0.110332
-0.186148
-0.514940
0.592321
-0.548439
0.808219
0.91797
0.313595
-0.241000
0.364691
-0.964832
-0.314191
-0.318034
0.803797
0.928520
0.281560
-0.367492
0.824191
0.405382
0.156753
0.957155
0.923445
-0.825126
0.647676
-0.332106
0.509895
-0.933528
-0.896707
0.696878
-0.435167
-0.59979
-0.180604
0.217139
-0.342608
0.454011
0.609047
-0.497038
0.492824
-0.285885
0.420994
0.669220
-0.947635
0.271328
0.370664
-0.61198
0.109957
-0.71615
0.581353
-0.328060
0.943980
0.456026
-0.709591
0.601871
-0.307932
-0.859267
-0.538453
0.176168
-0.163941
-0.846782
-0.932054
0.373140
0.578214
-0.881629
-0.766214
0.599880
0.24466
-0.779573
-0.525323
0.452824
-0.785553
0.78534
-0.873283
0.842798
0.218550
0.88181
-0.630265
0.225320
-0.938781
0.884398
-0.832992
-0.447893
-0.56536
-0.107867
0.608911
0.931467
-0.389134
0.751175
0.781055
0.815994
-0.799906
-0.666561
0.914554
0.155002
-0.515184
0.591035
-0.40030
-0.238338
-0.266395
-0.711130
-0.423248
-0.818826
0.685302
0.107504
-0.680327
0.982314
-0.860379
-0.426756
0.57109
0.144620
-0.137510
-0.953173
0.290936
0.306810
0.54068
0.981693
-0.176889
-0.322403
0.886873
-0.844900
0.386110
0.563785
0.992442
0.537774
0.121355
-0.654549
-0.450754
0.952757
0.831938
-0.331725
-0.793860
0.396027
0.630290
0.865645
-0.181041
-0.600715
0.570464
0.846345
-0.704097
0.645161
0.99219
0.600669
-0.456489
-0.324368
-0.845697
-0.690785
-0.2216
0.643011
-0.321594
-0.182373
-0.735553
0.102492
-0.496644
-0.901627
0.365661
-0.58897
0.362851
-0.47558
0.245696
-0.624119
-0.60723
-0.763655
0.434421
-0.244501
-0.431674
0.291356
-0.242666
0.505949
0.859037
-0.972755
0.470717
0.205931
-0.207570
-0.169261
-0.141767
0.577364
0.657342
0.298134
0.264037
-0.364131
0.485862
-0.379290
0.82039
-0.984191
-0.809168
-0.198480
-0.504951
0.629806
0.690605
0.198492
0.625153
-0.67567
-0.149579
0.890610
-0.941042
0.625679
0.942933
0.671785
0.406561
-0.482402
-0.645628
0.11967
0.117997
0.895805
0.957193
0.157327
-0.902858
0.897545
0.106948
-0.498758
0.559250
-0.991247
-0.645760
0.43508
0.351713
0.300755
0.239496
0.696977
0.954495
0.166096
0.719784
0.526739
-0.64670
-0.707785
-0.728793
0.735961
-0.847333
-0.822930
-0.906592
-0.94471
-0.425053
-0.804703
0.224300
0.538396
-0.94463
0.123188
-0.544268
0.469594
-0.106917
-0.296908
0.900275
-0.156457
0.276429
-0.789758
0.362178
-0.474032
0.795807
-0.968134
-0.780416
0.715254
0.727374
-0.721830
0.521075
-0.913284
0.885156
0.496406
0.759414
0.82096
-0.148602
0.251570
0.756083
0.330717
0.520689
0.88349
-0.838085
-0.208688
-0.674750
0.869806
-0.154648
0.340169
-0.509635
-0.374292
0.5790
-0.337598
0.328242
0.181526
-0.831122
-0.668919
0.843798
-0.685621
0.77223
0.763694
0.857532
0.464151
0.932943
0.601041
0.673600
0.744332
0.431721
0.350136
0.703802
0.360640
-0.592961
0.919440
-0.303179
0.118642
0.15722
-0.165080
-0.32189
0.434491
0.466257
0.440414
-0.527217
-0.851952
-0.299381
0.235253
0.282806
-0.570812
-0.658156
0.828878
-0.611665
0.858090
0.862561
0.49699
0.168754
0.892586
0.36075
0.323925
0.550451
-0.38583
0.410670
-0.369369
-0.386082
0.85596
-0.946786
0.5574
0.378347
-0.702191
0.919538
0.168362
-0.752433
-0.272360
0.426652
-0.868152
0.288515
-0.826937
-0.696924
-0.425365
-0.169191
0.127244
-0.458140
0.190781
-0.545538
0.110099
-0.677567
0.586074
0.855761
0.251212
0.971072
-0.259517
-0.58804
-0.475124
-0.831816
0.838734
-0.444155
0.633337
-0.131501
-0.771486
-0.749795
-0.658468
0.160046
0.373714
-0.619329
-0.814572
0.776994
0.366340
0.709600
-0.107878
-0.774657
0.58777
0.945295
0.153811
-0.32585
-0.270187
0.323234
-0.726094
0.205902
0.531791
0.757438
-0.931984
0.453158
-0.402935
-0.172492
0.220527
0.973778
0.715018
-0.971419
0.28573
-0.310479
0.302736
0.260120
0.633346
-0.161342
0.323958
0.544206
-0.969564
0.586971
-0.676474
0.399665
0.739318
-0.176306
-0.325220
-0.839518
0.184433
-0.685257
0.300064
-0.548703
0.444105
-0.647604
0.145177
0.540358
0.705526
0.3593
0.403146
0.279003
-0.809405
0.113152
-0.152091
0.521122
-0.619021
0.856398
-0.668110
0.401551
-0.147851
-0.880278
-0.240966
-0.924122
0.64319
-0.844846
-0.363678
0.642633
-0.611862
-0.340413
-0.741160
-0.133182
0.584268
0.311970
-0.427385
0.364593
-0.279030
0.384617
-0.698212
0.982841
0.269159
-0.262700
-0.984240
-0.838626
-0.693823
-0.392760
0.556927
0.311517
-0.548226
-0.909925
0.853361
0.583552
0.552094
-0.685092
-0.793261
0.529190
0.528325
0.727962
-0.729928
-0.625020
0.261980
0.858734
-0.576427
0.992807
0.826443
0.616618
0.209955
0.328548
-0.684692
0.12355
-0.714277
-0.573077
0.366140
0.755168
-0.383980
0.36171
0.430673
-0.497572
0.97861
-0.131755
0.909463
-0.120460
-0.981247
0.397819
0.495352
-0.176596
0.984424
-0.452232
-0.83418
0.479336
0.620293
-0.146063
-0.926765
-0.58067
-0.650366
0.981634
0.970899
0.711952
-0.583807
0.650790
-0.552650
-0.805141
-0.609765
-0.920343
-0.497478
0.709637
0.431539
0.685090
0.15687
-0.415634
0.482036
-0.258587
-0.15715
-0.921434
0.596662
-0.195033
0.432316
-0.202740
0.290253
0.767968
0.39115
-0.938207
-0.849658
-0.345311
-0.399158
-0.564103
0.674566
0.850482
0.309581
-0.806155
0.376845
-0.571908
0.517716
-0.367594
0.414084
0.628404
0.645872
0.440206
0.222612
0.909931
0.579168
0.535669
-0.813076
0.976720
-0.190772
-0.545253
-0.300416
0.893131
0.891810
-0.658805
-0.945344
0.791797
-0.886525
-0.119450
-0.566578
0.247261
-0.19768
0.432184
0.685434
-0.955502
-0.224484
-0.960175
0.134268
-0.375737
0.663088
0.881028
0.870808
-0.716000
0.937534
0.866472
0.897535
-0.682562
0.413015
-0.750148
0.556355
0.491007
-0.755461
-0.822091
-0.853545
0.432160
-0.781427
-0.157769
-0.502366
0.409569
0.741923
0.976716
0.422478
-0.73114
-0.290377
0.966647
0.77968
-0.143923
-0.457894
0.723159
-0.196547
0.860777
0.501211
-0.630209
0.408668
0.476182
0.864876
0.822754
-0.144881
-0.155553
0.751835
0.314694
0.128911
-0.179585
-0.940984
0.414597
0.90767
0.631857
0.293920
-0.628261
-0.334549
-0.369532
-0.590046
-0.3133
0.604507
-0.202890
0.313590
-0.186147
0.492554
0.29307
-0.784829
0.87421
-0.719278
-0.500279
0.497697
0.748491
-0.782040
0.31672
-0.826662
-0.139718
-0.709843
-0.303864
0.860194
0.982288
0.888448
-0.302639
-0.971852
0.581577
0.625691
-0.253385
-0.759453
-0.471986
0.119900
-0.429932
0.54816
0.894084
0.912259
-0.304446
-0.204312
0.157906
0.814681
-0.282389
0.883309
-0.510368
0.494879
0.665092
0.765630
0.795826
0.157090
-0.864797
-0.795409
0.492918
0.989534
0.29178
-0.600450
-0.319310
0.680333
0.718017
0.498369
-0.621699
-0.508491
0.247582
0.456574
0.192356
0.785519
0.341923
0.848739
0.321300
0.664910
0.548471
0.570266
0.680492
0.985832
0.846946
0.659599
-0.510155
0.788140
-0.958564
-0.833849
0.374731
0.724426
-0.233000
-0.584200
0.927791
0.937483
-0.30822
0.376748
-0.274701
0.142529
-0.879487
-0.622996
0.486571
-0.180083
-0.172204
0.628759
-0.666005
-0.296294
-0.959056
-0.486010
-0.645956
-0.395814
-0.447596
0.420797
-0.651496
-0.876649
-0.881807
-0.469681
0.943486
-0.362569
0.696400
-0.695330
-0.377218
0.294115
-0.388470
-0.255826
-0.236323
0.743908
0.940555
-0.438921
0.244384
0.672090
0.364271
0.43625
-0.307887
0.456152
0.397523
0.915749
0.659458
-0.143720
0.22694
-0.115058
-0.567538
-0.975641
-0.56377
0.649201
0.762836
0.459657
-0.495767
0.951217
-0.909477
0.840647
0.75204
-0.114445
0.998965
-0.298943
-0.174063
0.797028
0.305673
-0.282400
0.703583
0.695515
0.285597
0.626231
-0.174807
-0.101372
0.501170
-0.423988
-0.214767
0.311038
0.312951
0.751743
0.56687
0.744968
0.837793
-0.757114
-0.475322
0.40500
-0.124154
0.542284
0.760532
-0.899597
0.102027
-0.354429
-0.862019
-0.563231
0.308153
-0.178336
0.896451
-0.759905
0.467025
0.308325
-0.2353
-0.219619
0.48261
-0.941821
-0.438264
-0.586848
0.681356
-0.406142
-0.639449
-0.751049
0.317053
-0.345146
0.369043
0.464100
-0.654775
-0.778416
0.637604
-0.816340
-0.792642
0.527363
-0.115933
0.320254
-0.88192
-0.857017
0.212122
-0.191595
-0.53804
0.259031
-0.158145
0.775268
0.495558
-0.502753
0.584423
0.851731
-0.77255
0.640676
0.9657
0.23182
0.203678
0.341843
0.520969
0.461328
-0.586533
0.30325
0.959844
0.590303
0.875629
-0.104916
0.412149
-0.869822
-0.852094
0.231649
0.504132
0.992305
0.167734
-0.156315
-0.900292
-0.296182
-0.370708
-0.264207
0.648453
0.785954
0.463918
0.16839
0.396573
0.398177
-0.429863
-0.143123
-0.917362
-0.674509
-0.469577
-0.290152
0.964821
-0.373046
-0.429194
-0.182433
-0.524468
-0.634433
-0.891961
0.380807
-0.54285
-0.569906
0.441514
-0.450847
-0.848457
-0.960325
-0.956182
-0.720608
-0.869516
-0.289236
0.763613
-0.409061
0.956408
-0.792820
0.727471
-0.169607
-0.985315
0.782257
0.968894
0.818410
0.874813
-0.651739
-0.61917
-0.784702
-0.498706
0.262847
0.578311
0.583105
-0.748106
-0.415792
-0.65905
0.773686
0.357617
-0.510754
0.305399
-0.143864
-0.656956
-0.43912
-0.717006
-0.683010
-0.935257
-0.510736
-0.650469
0.564640
-0.986119
0.906857
-0.82185
0.135948
0.752838
-0.282666
0.524924
0.271155
0.771189
-0.417106
-0.660034
-0.220261
0.78678
-0.625213
-0.857543
-0.160427
0.686638
-0.928390
-0.264180
-0.241330
-0.743745
-0.107961
-0.983231
-0.450550
0.210535
-0.242616
0.476
-0.14918
-0.226579
0.841006
0.862688
0.444136
-0.585070
-0.350854
0.953216
-0.382622
0.148885
-0.481983
-0.386051
-0.402888
-0.832893
-0.16212
0.657438
0.945228
-0.187613
0.484491
0.304020
-0.115981
0.333857
-0.771045
0.91724
-0.500388
0.160602
0.405429
-0.947609
-0.692296
0.2878
-0.646576
-0.255991
-0.60686
0.410743
-0.10258
0.506509
-0.636558
-0.625779
0.127441
0.77623
0.474464
-0.642904
-0.817583
-0.720914
0.403720
0.251091
-0.900462
0.674805
-0.467039
0.22678
-0.316664
-0.119889
0.369555
-0.877178
-0.979523
0.673881
-0.709378
-0.366584
0.940003
0.69544
-0.843995
-0.426723
-0.344070
0.705606
-0.219782
0.804759
-0.773824
-0.522373
0.670316
0.673079
0.870704
0.136530
0.696450
0.623396
-0.106964
0.12880
0.46280
-0.211769
0.573836
-0.717812
0.162012
0.879121
-0.963571
0.111920
-0.317397
0.316430
0.164664
0.284535
0.472426
0.13919
0.149928
0.563055
-0.499106
0.102911
-0.208552
-0.899265
-0.375999
-0.339104
0.696232
-0.489810
0.268728
0.234434
0.775553
0.810858
0.975957
-0.343723
-0.367928
0.838446
-0.197954
-0.972681
-0.311137
-0.809774
-0.683037
0.543060
0.148959
0.425603
-0.355463
0.367431
-0.728064
-0.411701
0.519418
-0.346259
-0.694906
-0.787085
0.158766
-0.332071
-0.664417
-0.673393
-0.323428
0.243077
-0.765675
0.406427
0.361422
-0.284860
-0.468500
0.309860
-0.484689
0.391617
-0.873528
0.588807
-0.971173
-0.534902
0.579076
-0.983045
-0.941100
0.407596
-0.927507
0.860619
0.104235
0.411120
-0.874744
0.77006
0.409803
-0.55380
0.680030
-0.348329
0.565066
0.803146
0.607879
0.79350
0.45018
-0.804812
-0.333675
0.294158
0.843614
0.526997
0.975314
-0.110495
-0.105332
-0.184800
0.810062
0.952918
0.932714
0.551974
-0.58607
-0.638629
-0.150976
0.108854
0.625224
-0.438913
-0.657347
0.219900
0.118970
-0.534131
0.496270
0.42369
-0.284766
-0.714165
0.784055
0.790777
0.930169
-0.978992
-0.389200
-0.598500
-0.523563
-0.999615
0.36027
-0.813573
-0.549911
-0.412004
0.99340
0.385219
-0.966012
0.634290
-0.398228
0.625434
-0.887179
-0.442246
-0.208624
-0.807156
-0.594511
0.429451
0.542640
0.818241
0.623432
-0.687789
-0.200971
-0.139583
0.688745
-0.433403
0.231646
-0.931723
-0.179615
0.911556
0.931068
-0.636779
0.558189
0.705174
0.825606
-0.742436
-0.270013
-0.204516
0.19586
-0.154319
0.634325
0.311657
0.679263
0.501148
0.650053
-0.279822
0.164122
0.139405
0.499184
0.372196
0.400699
0.290181
0.61210
-0.658048
-0.355149
-0.305480
-0.432794
-0.888150
-0.893221
0.487288
-0.834707
0.157100
0.200063
-0.270196
-0.173789
0.540390
-0.757025
0.761552
-0.357973
0.415384
0.748319
-0.735300
0.370706
0.809523
-0.529101
0.323555
-0.580273
-0.395342
-0.809865
-0.512288
0.824283
0.74494
-0.915953
-0.915895
-0.771998
0.503400
-0.84849
0.217783
-0.378503
-0.235835
0.840469
0.787765
0.72750
-0.233782
-0.364997
0.382621
0.831452
-0.286940
-0.293161
-0.537684
-0.566820
-0.101828
0.312490
0.139928
0.346917
0.598598
-0.967858
0.640832
-0.85822
-0.439575
0.653389
-0.672804
0.279311
-0.748600
0.195284
0.153983
-0.843721
0.962829
0.91775
-0.363557
-0.478522
-0.658783
0.864870
-0.3341
0.206935
-0.434215
-0.781465
0.861518
-0.99468
-0.665953
0.412755
-0.605913
-0.624804
0.445392
0.671500
-0.187977
0.287456
0.629107
-0.179080
0.619370
-0.108068
-0.279044
-0.193309
0.499366
-0.267033
0.620233
0.17959
-0.968968
-0.311241
0.875696
0.739661
-0.649116
-0.943137
0.179443
-0.427023
-0.24585
0.401455
-0.457329
-0.444192
-0.920245
-0.638366
0.423717
-0.799329
-0.331793
0.323398
0.609663
-0.303866
-0.90177
0.53354
0.885574
-0.617490
-0.48173
-0.213789
0.130061
0.978549
-0.918262
-0.623488
-0.822296
-0.251016
0.49739
0.394283
0.153826
0.434534
-0.977858
-0.546327
0.484618
-0.289943
0.182762
0.70997
-0.194417
-0.395833
-0.699165
0.454658
0.958491
-0.708256
0.312793
0.700338
-0.349745
0.226974
0.139113
0.707387
0.969823
0.672875
-0.17415
0.498113
-0.309771
-0.840864
-0.429621
-0.563103
0.33902
-0.429047
-0.406602
-0.329667
-0.780610
0.600303
0.878999
0.543455
0.821374
0.34113
0.992908
-0.83326
-0.942525
0.344320
-0.252418
0.276611
0.695134
0.665719
-0.351396
-0.374437
-0.584732
0.51729
0.315135
-0.828906
-0.360572
-0.8003
0.395246
-0.172511
0.531872
0.742622
0.940607
-0.103314
0.757595
-0.253831
0.797124
-0.757349
-0.119360
0.361940
-0.953320
-0.87357
0.53866
0.667372
0.219394
-0.819587
-0.873067
-0.568261
-0.97794
-0.965769
0.989665
0.997085
0.364220
-0.168646
0.79866
-0.950780
-0.237785
0.863430
0.166202
0.257115
-0.403389
0.169567
-0.638912
0.122836
-0.442107
-0.624800
0.824557
-0.734915
-0.892673
0.705061
0.466852
0.38429
-0.726684
-0.996288
-0.465365
0.311187
0.846457
0.177915
0.734934
0.254780
0.389356
0.641518
-0.534170
0.919042
0.312699
0.915734
0.796298
-0.484188
0.888726
-0.932220
0.250231
-0.739198
0.240513
0.614762
-0.734217
0.701545
-0.781826
-0.370191
-0.752201
0.259192
0.429689
-0.844451
-0.678146
0.781673
0.841819
-0.920964
0.990005
0.221442
0.93628
0.238670
-0.222098
-0.467770
-0.315983
0.352626
0.643547
-0.133084
-0.819449
-0.848280
-0.338878
0.64469
-0.860199
-0.305451
-0.678300
-0.597076
0.879450
-0.632477
0.808666
-0.654529
0.970913
-0.709185
0.135326
0.236752
-0.852508
0.968723
-0.714986
0.404787
-0.51330
0.941742
0.269835
-0.534262
-0.407269
0.799890
-0.299690
-0.373288
0.461575
-0.917767
0.957446
0.584380
-0.239552
0.550396
0.102648
0.46076
-0.698125
-0.916312
0.42989
0.666302
-0.650017
0.182545
-0.436963
-0.736663
0.671010
0.528143
-0.325303
0.471114
-0.665628
0.35746
-0.493045
0.954959
0.102344
0.191834
0.838198
-0.111943
-0.324328
0.437923
0.399377
-0.692534
-0.345370
-0.215195
0.849554
0.751880
0.740523
-0.799810
-0.902152
-0.457442
-0.142393
-0.182534
0.507413
-0.468806
0.621670
0.625738
-0.114021
0.607787
0.55302
-0.162768
-0.541996
0.936390
0.734979
0.32440
0.523674
0.674332
-0.655512
-0.646658
-0.667697
-0.543723
-0.571251
0.826767
0.4086
-0.693719
0.290242
-0.996949
0.803839
-0.147462
0.702244
0.208654
-0.186138
-0.891986
0.256205
-0.37279
0.203166
0.245974
-0.266816
0.492393
0.540000
0.362995
0.558951
-0.695185
0.809635
-0.417961
0.538902
-0.254151
0.542305
-0.83042
0.717486
0.755117
0.217677
0.211421
0.590185
0.271748
-0.406278
-0.476780
-0.27391
-0.844372
-0.530964
0.381610
-0.405300
0.794907
-0.298251
0.778820
-0.30976
-0.452742
-0.535029
0.249498
0.884330
-0.771752
-0.705045
0.772190
-0.453201
0.602167
-0.395247
-0.54032
-0.619539
0.780856
0.275946
-0.449879
0.93615
0.588279
-0.83137
-0.786563
-0.391728
-0.774427
0.839551
-0.345562
0.679531
-0.793269
-0.447858
0.391677
-0.245298
0.501539
0.248563
-0.344518
0.370392
-0.3526
-0.803278
-0.937348
-0.864756
-0.324484
-0.291097
-0.29763
0.650479
-0.561759
-0.703039
-0.682087
-0.158675
-0.985933
-0.651397
0.265768
0.812304
0.991671
0.575736
0.843293
0.673500
-0.177504
-0.870527
-0.451578
-0.63004
0.619343
-0.999479
0.747084
0.1409
-0.81744
-0.612524
0.190948
-0.133158
0.556763
0.627992
-0.665739
0.600537
-0.782441
0.83214
0.508422
-0.280062
-0.944966
0.945548
0.470399
-0.457772
0.632467
-0.899655
-0.11477
0.38740
0.741708
0.1000
-0.484576
-0.283394
-0.588953
-0.17389
-0.29179
0.257845
-0.609696
0.182549
-0.183054
0.632238
0.226970
-0.671641
0.81059
0.839392
-0.893465
-0.262918
0.474634
0.161411
0.429272
0.193667
0.508956
0.948950
0.171257
0.715100
0.288172
-0.686185
-0.395584
-0.786295
-0.584560
-0.332114
-0.982432
0.372419
-0.174048
0.553359
0.228982
-0.578124
-0.198539
-0.372943
-0.691277
0.240460
0.435381
-0.43649
-0.317175
0.340312
-0.971983
-0.896113
-0.783810
0.444187
-0.318714
-0.77531
-0.744572
-0.801987
0.731786
0.861964
0.262973
-0.435217
-0.61773
-0.562024
0.825162
-0.313388
-0.607467
0.784266
-0.510737
0.865488
0.742351
0.926203
-0.631378
0.462739
-0.419472
-0.302580
-0.459831
-0.413504
0.249368
0.933256
0.910568
0.904380
-0.488849
-0.425665
-0.433451
-0.378093
0.266876
-0.179078
-0.32487
-0.294123
0.999224
-0.167109
-0.883556
-0.497011
-0.105197
-0.240159
-0.193264
-0.566505
-0.349538
0.714404
-0.316027
-0.475144
-0.913146
0.513862
-0.328743
-0.430298
-0.437392
-0.819726
0.210725
-0.486577
0.263356
-0.364392
0.387627
-0.655086
-0.439420
0.36507
-0.494691
0.854703
-0.198577
-0.869824
0.209254
0.887991
-0.930233
-0.516651
-0.540806
-0.973233
0.246316
-0.777135
0.784875
0.887461
-0.350767
0.496096
-0.984675
0.253296
0.752069
0.226924
-0.939594
-0.157026
-0.855336
-0.527138
0.676905
0.233008
0.387053
-0.73516
-0.475068
-0.912576
-0.434001
0.187646
-0.792176
0.601928
-0.596767
0.538272
0.492823
-0.438893
-0.368975
0.260653
0.15459
0.1805
0.536509
0.574441
-0.69003
-0.870117
-0.928394
0.438033
0.531410
0.781167
-0.417870
-0.697242
0.14738
-0.775205
-0.134872
0.462298
0.562225
-0.69196
0.572129
-0.626664
-0.163358
0.176842
0.70897
-0.328674
-0.687541
0.763188
0.945633
0.16106
0.629271
0.376788
-0.343522
-0.947178
-0.335894
-0.520834
0.692715
-0.581860
0.644280
0.464178
0.889930
-0.833837
0.419046
-0.682883
0.90161
0.357754
0.6653
0.32631
-0.89981
-0.288627
-0.28888
0.850251
0.473311
0.94029
0.707166
0.865474
-0.383765
0.174567
0.329041
0.200195
0.589144
-0.171338
-0.808844
-0.495029
-0.700131
-0.357405
-0.625821
-0.450622
0.156120
0.733076
-0.135564
0.976734
-0.814214
0.838492
-0.557808
-0.78810
-0.112989
-0.291806
0.970470
-0.337011
0.86843
-0.399620
-0.934777
0.328149
-0.427598
-0.986887
0.176128
0.82491
0.147627
-0.649949
-0.992375
0.368740
-0.495260
-0.59902
0.963734
-0.652683
0.124034
0.795946
0.935249
-0.666061
-0.701673
-0.442362
0.616570
-0.384495
-0.478542
-0.985985
-0.795908
-0.608986
-0.47976
-0.273250
0.582153
0.94993
-0.494588
-0.765000
-0.531387
0.309037
0.600362
0.143565
-0.308958
0.13834
0.595208
0.291121
-0.903601
-0.198636
-0.85347
-0.995992
0.914171
-0.406393
0.498277
-0.354949
-0.635158
-0.295428
0.448090
-0.968806
-0.999757
0.60900
-0.15164
0.502434
-0.284833
0.903046
0.172957
-0.70386
0.506376
-0.528592
0.164524
0.67021
0.580231
0.67907
0.834146
0.785370
-0.52058
0.461573
0.230997
-0.18691
0.665077
-0.402363
-0.337128
0.957867
-0.982232
0.364510
-0.402704
0.979143
-0.310333
0.527609
0.600116
0.11087
0.191955
0.752100
0.953019
0.971486
-0.208880
0.972483
-0.879303
0.389514
-0.449513
-0.524644
-0.701908
-0.351505
0.67190
-0.705778
-0.224798
-0.352184
-0.222230
0.388761
-0.875075
-0.793346
-0.250450
0.146316
-0.728884
0.23993
-0.322559
0.546967
-0.85129
0.69413
0.326643
0.852329
0.524761
0.517251
0.308797
0.922240
0.782612
-0.300532
0.514121
0.195520
-0.531735
0.937755
-0.800855
-0.911465
-0.415899
0.554656
0.788774
-0.326688
-0.644203
-0.60526
0.749951
-0.169577
-0.731058
0.598330
0.466014
0.4536
-0.46068
0.884747
0.459719
0.732908
0.809795
-0.650865
0.243607
0.428457
0.337844
-0.357163
-0.20807
0.653063
-0.29554
0.513396
-0.77948
0.9669
-0.9280
-0.970940
-0.206981
0.377322
-0.540469
-0.131698
-0.522092
-0.188239
-0.81844
0.980435
0.588495
-0.370868
0.401245
-0.629970
-0.951252
0.119562
0.50408
0.945884
-0.827054
-0.790518
0.867745
-0.667952
-0.515076
0.282477
0.401594
-0.732275
0.929116
-0.124491
0.536463
0.842258
-0.910454
0.964601
0.568674
-0.218252
-0.750044
0.279605
0.447338
-0.40331
-0.320101
0.592039
-0.618425
-0.744488
0.460162
0.910606
-0.139794
-0.694
-0.714685
-0.527462
0.392132
-0.195441
-0.787188
-0.792670
-0.938955
0.229646
-0.704865
-0.497103
0.662352
0.903536
-0.626924
0.635493
-0.567008
-0.333318
-0.117834
0.597757
-0.639199
-0.684847
-0.784596
-0.177266
0.859574
0.498960
-0.744950
0.404082
0.754008
-0.562521
0.638114
-0.147650
0.350553
0.519519
-0.374452
-0.11058
0.426827
-0.956391
0.722478
-0.451328
0.573274
-0.146491
-0.462704
-0.274582
0.890897
0.597644
0.551470
-0.250485
-0.775318
-0.403115
0.403633
-0.196126
0.659134
-0.41885
0.318879
-0.963664
-0.959853
-0.243081
-0.209786
-0.639270
0.871119
-0.146046
0.14913
0.873670
0.199239
-0.456355
0.723663
0.949686
-0.321351
0.764410
0.517488
-0.81439
0.870934
0.416251
0.874887
0.697755
-0.325141
0.201301
0.756684
0.130286
-0.868108
0.591501
0.755475
-0.7273
-0.49110
-0.749760
0.532461
-0.76643
-0.672071
-0.516820
0.581121
-0.325669
0.574729
0.762668
-0.118293
-0.320042
0.995948
-0.610877
0.969082
0.344601
0.422537
0.617494
-0.958264
-0.391099
-0.219736
-0.209998
-0.638847
-0.223471
-0.578990
0.577695
-0.395447
-0.716389
-0.841984
-0.659171
-0.978121
0.861962
-0.647190
-0.355658
0.206297
-0.752142
0.171028
0.743243
-0.530511
-0.56157
0.469207
0.323137
-0.564293
-0.288753
-0.399497
-0.766399
0.500753
0.294630
0.140521
0.753397
-0.429749
0.289204
-0.16735
0.927005
-0.31867
0.656748
0.133366
-0.398432
0.568468
-0.652992
-0.667814
0.861936
-0.564104
-0.316510
-0.839558
-0.567796
-0.124503
0.386437
-0.922152
0.204837
-0.329309
-0.971445
-0.390527
-0.193039
-0.573415
0.926961
0.781775
-0.926148
0.494520
0.83209
-0.861621
-0.636090
-0.540709
-0.643715
0.368673
0.449585
0.742842
0.193362
0.307260
0.92365
-0.748784
-0.154608
0.357280
-0.909143
0.356118
0.702230
0.159709
0.720216
0.877199
0.195984
-0.245188
0.976559
0.582953
0.637752
0.72674
0.287241
0.298500
0.901074
0.555310
-0.23932
-0.318921
0.129168
0.580835
-0.695401
-0.246020
-0.252964
0.53307
-0.511943
0.432149
-0.42826
0.912517
-0.358986
-0.804620
0.383150
0.586630
0.271359
0.649598
-0.900534
-0.798968
-0.237524
-0.520025
-0.568901
0.236364
-0.242297
0.263244
0.689688
0.647894
-0.419483
0.341440
0.328797
0.726069
-0.866326
-0.33387
0.638804
-0.395500
-0.393697
-0.366817
0.37914
0.76147
0.788046
0.81686
-0.547856
0.559114
0.698446
0.286326
0.861328
-0.143751
-0.420766
0.10868
0.42199
-0.452251
-0.354598
-0.431198
0.454954
-0.189075
0.879440
0.753440
-0.516693
0.427341
-0.729460
-0.758735
-0.242414
-0.834795
0.112329
0.239102
0.768384
0.623128
0.26775
-0.548198
-0.110728
0.241082
-0.524386
0.933818
0.339780
0.288922
0.107530
-0.176381
0.466496
-0.529476
-0.373192
0.766058
-0.976284
-0.780910
0.476217
-0.1141
-0.582733
-0.93467
0.269450
-0.697254
0.421148
-0.194823
-0.550186
-0.394974
0.415084
0.111859
-0.725732
-0.446204
-0.783456
-0.737780
-0.588926
0.879323
-0.530201
0.311482
0.516427
-0.925233
-0.511265
-0.466253
0.40316
-0.594485
0.818381
-0.243677
0.616966
0.278835
0.949700
-0.692799
-0.788241
0.710286
0.61265
0.634445
0.63209
0.31620
0.712439
0.152277
-0.875453
0.724508
-0.485811
-0.754301
-0.690772
-0.19551
0.566103
0.179099
0.317177
-0.672786
0.943859
0.956136
-0.899614
-0.97895
-0.1982
0.397512
-0.513287
0.603975
-0.606559
-0.101875
0.424116
-0.454155
-0.866480
-0.860916
-0.555345
0.562101
-0.357286
-0.538976
0.538697
0.385305
0.403396
-0.450820
-0.421190
-0.432133
0.962127
0.357784
0.688138
0.892814
0.477899
0.254628
-0.803785
0.565152
0.884022
0.934323
0.773704
0.479752
0.135149
0.610135
0.534423
0.616793
0.608980
0.882793
0.819222
-0.884440
0.45690
0.363069
-0.504854
0.10546
-0.65053
0.327949
-0.297201
0.532209
0.770977
-0.505042
0.217316
-0.801950
-0.129118
-0.156118
0.493054
-0.761813
0.212332
0.388219
-0.569455
-0.622415
-0.376338
0.473266
-0.790769
-0.622242
-0.180524
-0.383498
0.281824
0.256841
0.419247
0.359282
0.486222
-0.967398
0.762329
0.932093
-0.787087
-0.482645
-0.21225
0.869669
0.994090
0.890093
-0.135548
0.605159
0.8096
0.344667
0.791311
-0.855997
-0.857749
-0.492440
0.695366
0.984567
-0.495394
0.678583
-0.455827
-0.844965
-0.72868
0.140884
-0.557706
-0.142141
0.640747
-0.509497
0.707109
-0.742296
0.705243
-0.217641
0.175622
-0.432118
-0.185772
0.703987
-0.691659
-0.607868
-0.316715
0.489296
0.527499
-0.472927
-0.634597
-0.116657
-0.380624
0.455621
-0.610042
0.35532
-0.391822
0.456681
0.94704
0.735545
0.742326
0.550891
0.608518
-0.482519
-0.704328
-0.820616
-0.454223
0.713335
-0.796226
-0.953418
0.358570
0.708286
0.972953
-0.844338
-0.358340
0.370373
-0.923297
-0.708764
-0.994155
0.700536
0.146729
0.553760
-0.458425
-0.468504
0.468756
0.693625
-0.927225
0.94071
-0.599582
-0.967836
-0.518293
0.91293
0.292177
-0.6109
0.507692
-0.501167
0.744150
-0.288079
-0.838374
0.6283
0.694858
-0.650809
0.134523
0.522262
-0.199641
0.724733
-0.377363
-0.192228
0.648788
-0.472224
0.937687
0.327254
-0.544670
-0.400764
-0.888269
-0.722879
-0.623308
-0.721563
0.151272
-0.8290
0.282980
0.101552
0.581753
0.846236
0.41174
0.903374
0.808204
0.660698
-0.878666
-0.252272
-0.501215
0.382766
0.865192
0.398707
0.380860
-0.883730
0.172724
-0.356888
-0.311768
-0.985019
0.521586
0.848156
0.635374
-0.199017
0.119373
0.313679
-0.942793
-0.745112
-0.317127
0.857153
-0.583521
-0.910884
-0.758871
0.510723
0.470897
-0.456285
-0.416840
0.838626
0.846000
-0.82606
-0.521637
-0.102314
0.125435
-0.305119
0.23949
0.173254
0.935860
0.880068
0.868262
0.314426
0.919238
0.364347
-0.107857
0.904645
-0.273321
0.951935
-0.416241
0.775740
-0.934379
0.500591
0.275835
-0.598503
-0.790687
0.455483
0.902066
0.30813
-0.56974
0.673736
0.114486
0.667745
-0.114689
0.699117
0.706633
-0.588959
0.588420
0.115692
-0.312451
-0.108656
0.225470
-0.794792
-0.850401
-0.981546
-0.737118
0.104911
-0.266367
-0.755764
-0.425040
0.428340
0.962443
0.289037
0.139554
0.447824
-0.151629
0.587848
-0.636971
0.20988
0.240949
0.911100
0.174168
0.862377
-0.821371
0.337945
0.105727
-0.894436
0.816288
0.135387
0.104555
0.440552
-0.139691
0.665987
0.443744
-0.296739
-0.205862
0.211817
0.256555
0.853271
-0.725040
-0.840690
-0.990205
-0.898938
0.951304
-0.278688
-0.617536
0.344747
-0.780344
-0.82946
0.214063
-0.457837
-0.103877
-0.832660
0.260201
0.471064
0.393499
-0.332361
0.79585
-0.706550
0.781977
0.603101
-0.737182
-0.189445
-0.474936
0.774318
-0.168428
-0.625276
-0.418162
-0.149091
0.660220
-0.179957
0.448261
-0.953776
-0.743618
-0.75089
-0.678268
0.957812
0.142391
-0.449328
-0.452352
-0.822678
0.972154
-0.409439
-0.938596
0.68680
-0.695037
-0.168888
0.277308
-0.703849
-0.815695
0.579225
0.489833
0.909414
-0.233351
-0.282256
-0.98741
-0.339189
-0.585593
-0.461212
-0.339862
0.639358
0.811234
-0.210901
0.447263
0.625821
-0.242745
-0.756923
-0.291141
-0.881155
0.57784
0.726548
-0.301049
-0.743773
0.330717
-0.927184
-0.767582
0.738182
-0.374789
0.183711
0.896539
-0.117715
0.563636
-0.388215
-0.573680
0.379269
-0.465485
0.820694
0.687907
0.169529
-0.318509
-0.721908
0.179608
0.697612
-0.925527
-0.409154
-0.239912
-0.477702
-0.917860
-0.174677
0.167991
-0.672060
-0.692469
-0.916363
-0.89927
0.431705
-0.215310
-0.10880
-0.646409
0.982020
-0.622519
-0.910354
0.950748
-0.182332
0.286678
0.392852
0.943661
0.604498
0.74019
0.532858
-0.639457
-0.605087
-0.150882
-0.766039
0.357163
-0.885579
0.171938
-0.874818
-0.216693
0.507646
0.446865
0.990745
-0.998114
-0.543008
-0.148808
-0.268784
-0.556782
0.159385
-0.6190
0.21307
-0.189836
-0.892092
-0.735523
0.812
-0.856765
0.488292
0.441660
-0.726860
-0.106984
0.544612
0.862087
-0.560410
0.719972
-0.159238
-0.161572
-0.122220
0.120136
0.745886
-0.297575
0.324228
0.287860
0.7027
0.807910
-0.718350
-0.36460
0.687039
-0.109064
-0.833768
-0.483597
-0.71551
0.206256
0.545633
0.724436
0.698403
0.70921
0.209056
0.351505
0.637357
-0.466322
-0.590662
0.135022
0.917681
-0.557855
0.73123
0.293512
-0.719325
-0.371150
0.342512
-0.105533
-0.150302
-0.63548
-0.567939
-0.91793
-0.607172
-0.77356
-0.93602
-0.508241
-0.456465
-0.311790
0.623901
0.223318
-0.105071
-0.157241
-0.206408
0.4851
0.955581
0.748773
0.516156
-0.245169
-0.431386
-0.353868
0.51255
-0.85329
0.444557
-0.586364
0.2421
0.444389
0.920504
0.587780
0.380756
0.516326
-0.693735
-0.376210
0.622018
0.849572
-0.976608
0.611097
0.581901
-0.51936
-0.609897
0.611269
-0.964335
-0.752515
-0.173640
-0.528103
-0.449279
0.407086
0.825881
-0.869257
0.921027
0.534008
-0.438622
-0.958203
0.874236
0.46983
0.681143
0.612804
-0.230263
0.530318
-0.738319
0.991004
-0.135556
0.846964
-0.697739
0.958393
-0.467756
0.549106
-0.186562
-0.926902
-0.33800
-0.61284
0.148490
0.876775
-0.72112
-0.331712
0.498219
-0.514382
-0.237160
-0.144269
-0.110273
0.586370
-0.627767
-0.484407
-0.159138
0.875128
0.901547
0.940587
-0.643204
0.461494
-0.740807
-0.525749
-0.632276
0.421858
-0.917830
-0.320687
0.701493
-0.606132
0.558887
0.143590
-0.18202
0.943668
0.987834
-0.2491
0.701617
-0.862707
-0.289896
-0.230508
0.461292
-0.307960
0.251198
0.923578
0.52058
0.798304
-0.136602
0.845322
-0.476964
0.107258
0.673246
0.128540
-0.606438
0.366345
-0.412408
-0.851211
0.281923
0.769175
0.820524
0.518517
0.222463
0.999879
-0.775067
0.546574
0.150544
0.749533
0.796285
-0.231359
0.902025
-0.331763
0.227261
0.704486
-0.858498
0.591362
0.166414
0.67956
0.943052
-0.297000
0.913037
0.2854
0.13759
-0.403724
0.663164
-0.729120
0.781843
0.912328
-0.760210
0.67345
-0.606828
-0.297731
0.284938
-0.194824
0.949875
0.495165
0.851751
-0.442845
0.283110
0.708258
0.30709
-0.27816
0.14614
-0.338009
0.73311
0.393533
-0.580413
-0.969733
0.89655
0.126045
0.172734
0.418794
-0.635581
0.922699
0.740914
-0.381318
-0.584689
-0.100528
-0.381983
0.890480
-0.360244
-0.168137
0.524333
0.838713
-0.335132
0.169871
-0.618673
-0.565056
-0.483009
-0.689298
0.635066
-0.511899
-0.512455
-0.851762
-0.83669
0.382436
-0.58959
0.417276
0.688443
-0.713633
-0.253452
0.47795
-0.988521
0.642733
0.133311
0.211806
-0.919000
-0.20836
-0.885189
0.358597
-0.647545
0.445476
-0.291606
0.806149
-0.635094
0.519977
-0.919638
0.277024
0.729680
-0.896043
0.768141
0.664073
0.864259
0.634948
-0.590212
-0.234658
-0.250930
-0.460615
-0.575591
0.38937
-0.786547
-0.615584
-0.159391
0.130697
0.328718
0.268415
-0.167294
0.300352
-0.650101
0.813705
-0.961549
0.994424
-0.244850
0.755015
0.238155
0.547479
0.869219
-0.763592
0.604728
0.950386
-0.470086
0.546657
0.183993
-0.185285
-0.815013
0.590761
0.563705
-0.505393
-0.589280
-0.661702
-0.570712
0.401194
0.404949
-0.17599
-0.91779
-0.459475
-0.703139
0.715597
0.369493
0.237579
-0.416224
0.477420
0.962581
0.821190
0.759573
0.895649
-0.208425
0.802921
-0.977981
0.655755
0.304858
0.664330
-0.637714
-0.411481
-0.313514
0.708065
-0.510105
-0.742372
-0.684650
0.540900
0.562806
0.290861
0.766096
0.417310
-0.947007
-0.846542
-0.704648
0.259862
-0.407151
-0.382274
-0.353108
0.966756
-0.308529
-0.368605
0.789043
-0.953755
-0.895111
-0.639433
-0.371103
0.405285
0.646162
-0.569975
0.279051
-0.209525
0.533884
0.923220
-0.714844
-0.299263
0.631808
0.532905
0.610077
0.289053
-0.247629
-0.682748
0.17934
0.453194
-0.856212
-0.531259
-0.369358
0.854169
-0.365288
0.822940
0.216421
-0.619858
0.822775
0.785433
0.155776
-0.970745
-0.35677
0.54842
0.741526
-0.234060
0.47558
-0.282057
-0.22455
-0.352864
0.946320
-0.467876
0.330711
-0.527323
-0.273202
-0.102690
0.903595
-0.865088
0.243280
0.25588
-0.944320
-0.615248
-0.24967
-0.925147
0.549884
0.435166
0.970167
-0.175297
0.23481
0.487068
-0.531730
-0.758366
-0.695898
0.407302
-0.59737
0.440337
-0.208890
-0.512288
-0.985595
-0.797631
-0.231799
0.548035
-0.168545
-0.535549
-0.942306
-0.521414
-0.128728
0.425713
-0.419586
-0.763806
0.782257
-0.999733
-0.292433
0.741356
0.465809
-0.846212
0.288138
-0.932278
-0.150285
-0.197765
0.523149
-0.82979
-0.515311
0.992856
-0.858060
0.930574
-0.993510
-0.147817
-0.958681
-0.596676
0.460865
-0.154802
-0.353489
0.238390
0.587612
-0.112717
0.671687
-0.278990
-0.220740
-0.638249
0.544861
0.751822
0.499130
0.373371
0.821516
-0.915005
0.445640
-0.547737
-0.673240
0.819255
0.254988
0.887965
-0.644020
-0.630026
0.438802
-0.459913
-0.837098
-0.71091
-0.144078
0.310392
-0.930862
0.764329
0.811557
-0.691984
-0.130898
-0.262001
-0.959564
-0.828914
-0.833274
0.501049
-0.243568
0.288444
-0.205402
-0.933247
0.320350
0.831428
0.501742
-0.144067
0.940527
0.830801
-0.863642
0.490016
-0.275473
0.459495
-0.294223
-0.897175
0.437859
0.134809
0.577860
-0.509095
0.828049
0.665775
0.452632
0.675794
-0.678597
-0.980937
0.115750
0.914502
0.306236
-0.499970
0.850893
-0.654602
-0.131821
0.964719
0.373821
-0.124244
0.330689
0.564365
0.632565
-0.692832
0.263107
0.886105
-0.661076
-0.286432
0.690956
0.600476
0.216251
-0.379659
0.560842
0.574106
0.850896
0.652885
-0.521073
0.481258
0.490114
0.497504
0.364212
0.648430
-0.216921
0.508953
0.237616
-0.998784
-0.880859
0.834644
0.239173
0.892717
0.139805
-0.304358
-0.795557
-0.330869
0.992410
-0.555244
0.761040
-0.898263
0.654888
-0.918543
-0.549349
-0.895428
0.295770
0.904615
-0.171527
0.174068
0.375639
-0.488564
-0.296746
-0.973220
-0.680511
-0.645780
0.764843
-0.935865
0.983964
0.861292
-0.288088
0.996226
0.519497
0.151506
-0.214526
-0.35061
-0.836705
-0.761362
0.375763
-0.422608
-0.812104
-0.530530
-0.645136
-0.29383
0.353507
-0.678765
-0.680100
0.741806
-0.92185
0.923326
0.767942
-0.896877
-0.998365
0.738099
-0.941878
-0.946754
0.745448
0.847282
0.460031
-0.19684
0.283693
0.971486
-0.922497
0.679743
0.155660
0.837746
0.77809
-0.528250
-0.425567
-0.483006
-0.427057
0.637780
-0.423397
0.79441
0.394431
-0.729671
-0.830278
0.674623
-0.447154
-0.283811
-0.990140
-0.42770
0.888885
0.176827
0.837370
-0.714601
-0.605945
0.469636
0.870147
-0.461827
-0.164554
0.459056
0.925360
-0.780312
-0.520749
-0.8034
-0.218385
0.611542
0.621824
0.938074
-0.480906
-0.272677
0.521409
0.148898
-0.807742
-0.172487
-0.834928
0.999833
-0.281574
-0.649155
0.876973
0.829565
0.224345
-0.235332
0.745829
-0.338068
-0.342433
-0.829940
0.869411
0.771751
-0.622268
-0.682154
-0.575782
-0.733836
-0.494837
0.692384
0.72885
0.499872
0.995762
0.176105
0.424962
-0.484679
-0.157623
0.147590
-0.842514
0.736893
0.863579
-0.954682
0.133739
0.329422
-0.620566
-0.33090
0.576460
0.23387
0.300870
0.830166
0.746369
-0.493227
0.178521
-0.963732
-0.76510
-0.2169
0.152376
0.895803
-0.678073
-0.947395
0.796088
-0.508444
-0.546151
0.461123
0.764027
0.89205
-0.155190
-0.930741
0.255954
0.871098
-0.111450
-0.788907
-0.862822
0.582646
-0.942640
0.872240
-0.543231
0.627628
-0.428867
0.969108
-0.929096
-0.219642
-0.189803
-0.934350
-0.561209
-0.294574
0.711420
0.969191
-0.284544
-0.147843
-0.598231
0.998616
-0.917119
-0.779902
-0.264052
0.571584
-0.840028
-0.793787
0.974314
0.991941
0.566291
-0.240888
0.886349
-0.368306
-0.278268
0.430781
0.52584
-0.50667
-0.88345
-0.348393
-0.95931
-0.61898
0.227556
-0.482143
0.100175
0.770098
-0.276952
-0.460530
0.221065
-0.850546
0.861338
-0.892186
0.743428
-0.916330
-0.806126
0.700523
-0.701053
0.354369
0.134458
-0.679535
-0.826949
0.933804
0.460620
0.783554
-0.739523
0.697372
0.948131
0.547487
0.565115
-0.72389
0.761245
0.306002
0.568037
0.939963
-0.529589
-0.969833
-0.69132
-0.976792
0.814324
-0.727791
-0.427151
0.187412
0.47425
0.615898
0.747773
-0.16485
-0.977551
-0.4020
-0.499211
0.764435
0.563482
0.901691
-0.670611
-0.678719
-0.671533
0.71487
-0.348025
-0.506671
0.26503
-0.40694
-0.327208
-0.799647
0.379667
-0.366699
0.264003
-0.424031
-0.898107
0.976452
-0.236909
0.570006
0.94386
0.523479
0.416744
0.354214
-0.185423
-0.733877
0.968440
0.333742
-0.853544
0.259689
-0.380631
0.461385
-0.42146
-0.363809
-0.125713
-0.703850
-0.91660
0.178862
-0.806535
-0.468005
-0.960689
0.20941
-0.251758
-0.793588
0.604180
-0.739203
0.769702
-0.779902
-0.154778
0.607256
0.110231
-0.533294
0.87491
-0.743001
-0.277937
-0.918688
-0.445592
0.167755
0.327016
-0.319005
-0.47324
-0.948711
-0.258797
-0.145227
-0.421382
0.726770
-0.96293
-0.766209
-0.4924
0.110514
0.269272
0.37839
0.485183
-0.928567
0.199641
0.292451
-0.822133
0.63992
0.2480
0.527209
0.994406
0.471828
-0.546747
-0.307187
0.296304
0.350885
-0.963255
0.280441
0.110671
-0.809693
0.972932
0.73630
-0.859659
-0.392347
-0.379546
-0.286002
0.206239
0.981004
-0.28571
0.821010
-0.738597
-0.406804
0.76971
-0.182995
0.928957
-0.47011
-0.94833
0.696955
0.290968
0.332984
-0.41563
-0.77172
0.925872
-0.517141
-0.379072
0.312023
0.542750
-0.335875
0.438776
0.356420
0.511559
0.269622
-0.524072
-0.109941
0.88584
-0.518260
-0.94615
0.894301
-0.686312
0.7635
-0.265945
0.183055
-0.71189
0.461121
-0.554152
0.877698
0.220972
0.221161
-0.662954
0.592789
0.290380
0.914389
-0.739185
0.438187
-0.736485
0.490883
0.798184
0.843830
-0.225572
0.895690
0.122492
0.361788
-0.469764
0.121212
0.430404
0.916960
-0.857755
-0.138483
0.156392
0.22439
-0.571548
0.928011
0.703612
0.271809
0.593144
0.225260
-0.489943
0.91804
0.202702
-0.125130
-0.959723
0.386594
-0.389792
0.414419
-0.650804
-0.988117
-0.466532
-0.624789
0.204322
0.615680
-0.613154
0.545807
-0.460694
0.95510
-0.883333
0.845559
-0.779083
0.660534
-0.789935
-0.264116
0.28164
0.695797
-0.684715
-0.181193
-0.249889
-0.719208
0.186871
-0.482494
-0.935332
0.343665
-0.314996
0.178073
0.937730
-0.812012
-0.946265
-0.201109
0.844714
-0.501831
-0.733845
-0.934819
0.28954
-0.363130
-0.951747
-0.379742
0.456332
0.738448
0.945336
0.898113
-0.787833
-0.643436
-0.302605
-0.741232
0.257804
0.676749
-0.442440
0.491735
0.298300
-0.203572
-0.733194
0.169831
-0.339426
0.993560
0.857505
0.684181
-0.118150
-0.895788
-0.688515
0.568075
-0.396436
-0.937968
-0.889097
-0.826623
-0.317273
-0.470149
0.129861
0.272699
-0.580963
-0.270403
0.157932
0.116510
0.798554
0.696837
0.682024
0.949740
0.26090
0.433689
-0.350115
0.618937
0.806859
-0.750561
0.761770
0.406008
-0.289519
0.813906
0.147348
-0.756237
0.975419
-0.465675
0.234339
-0.735904
0.335827
0.208321
0.946257
0.386035
-0.949048
-0.206188
0.676208
-0.86255
-0.321312
0.445882
0.863282
-0.447266
0.171546
0.496145
-0.844708
-0.215371
-0.917994
0.899182
0.283654
-0.133719
0.938166
-0.459872
0.468456
-0.96454
-0.478993
-0.774781
-0.744456
-0.180976
0.651341
0.870943
0.425522
0.709289
-0.510006
0.240471
0.410041
0.542714
-0.230450
-0.478933
-0.581418
-0.5027
0.634076
-0.919038
0.518209
0.843590
0.293488
0.698304
0.800848
-0.611583
-0.48769
0.137219
0.742597
0.839721
-0.715224
-0.188305
0.926746
0.873405
0.489494
0.488410
0.892457
0.693605
-0.46534
0.454012
0.832208
-0.190940
-0.434001
-0.888844
0.524445
-0.665997
-0.79924
0.52663
0.47636
-0.600197
0.718511
0.61185
0.936960
0.345970
0.179404
0.347228
0.898281
0.441646
0.382680
0.541585
-0.575407
0.179498
0.578237
0.694707
0.158229
-0.679355
0.416216
0.4061
-0.528035
0.853023
0.666365
0.268108
-0.771125
-0.413280
-0.556596
-0.609987
-0.678800
-0.820039
-0.21647
-0.399263
-0.842355
0.572969
0.851863
0.644452
0.959765
-0.636393
0.246784
0.707128
0.646959
0.720770
-0.107978
-0.851911
0.120243
0.560167
0.219401
0.354470
-0.70753
-0.869383
-0.20821
-0.851570
-0.44016
0.123068
0.908817
-0.341413
-0.983309
0.275684
-0.909293
-0.910769
-0.832249
-0.204130
0.463071
0.146110
-0.2392
0.5496
-0.45682
-0.520152
-0.345029
0.896850
-0.506121
0.325975
0.816798
-0.129773
0.245606
0.271979
-0.544182
-0.162210
-0.34710
0.573781
0.840166
-0.93019
-0.436343
0.491898
-0.289096
-0.67923
-0.143363
-0.833703
0.995557
-0.202605
-0.520370
-0.351723
0.950694
0.104510
-0.338605
0.55210
0.773921
0.580972
0.277753
0.24341
0.977971
-0.394770
-0.2515
-0.114201
-0.708301
-0.271940
0.791391
0.325928
-0.653948
0.760194
0.141433
-0.687678
0.479987
0.641971
0.857873
0.357294
-0.758577
0.989884
0.496890
-0.791870
0.937243
0.982919
-0.203826
-0.987073
0.771989
-0.366680
0.595376
-0.828777
0.839361
0.349456
-0.653412
0.565783
0.975166
-0.205787
-0.692456
-0.226304
0.577819
0.874687
-0.550774
0.155772
-0.641731
0.752537
-0.93163
-0.828823
-0.84766
0.662462
0.917733
-0.182873
0.816617
0.914012
0.902669
-0.138774
-0.865891
0.778486
-0.907925
-0.772132
-0.973062
0.303116
-0.655040
0.547805
-0.342923
-0.510690
-0.471218
-0.186261
-0.114927
-0.313261
-0.273294
-0.14436
-0.498200
0.588555
-0.243532
-0.472134
-0.401709
0.315524
0.423542
0.312909
-0.589950
0.543475
-0.549866
-0.865355
0.862713
-0.198741
-0.663356
-0.791545
-0.6100
0.84034
0.257139
-0.982579
-0.331419
0.231951
0.677786
0.37779
-0.401163
-0.845256
-0.860046
0.615822
0.921932
-0.375119
-0.544092
-0.263198
0.579468
0.316177
-0.903401
-0.11809
0.629564
0.22485
0.821324
-0.91438
-0.674223
-0.689868
0.680010
0.289734
0.152957
-0.703583
0.864222
0.279946
0.830366
-0.313002
-0.927583
0.1291
-0.601275
-0.380850
-0.116745
-0.677790
0.441687
-0.357943
-0.706052
-0.239992
0.828882
-0.588763
-0.910357
-0.169499
0.981184
0.507194
-0.323665
-0.982267
0.564965
0.863892
0.868111
0.505384
-0.425693
-0.431496
-0.27356
-0.23459
0.615063
0.98399
0.480931
0.298847
-0.783103
0.403586
-0.830878
-0.548061
-0.781676
-0.110259
-0.986339
0.959585
0.511674
0.576482
0.95273
0.427972
-0.728515
0.268461
-0.826973
0.220617
-0.406054
0.233197
-0.526409
0.665481
-0.225915
0.990576
-0.907735
0.173343
-0.373947
-0.474791
0.382470
-0.695910
-0.461839
0.353135
0.80736
0.898889
0.714308
-0.240076
-0.429697
-0.581507
-0.197649
0.416924
-0.38597
-0.41145
-0.372797
-0.398118
-0.451403
0.382605
0.607455
0.202055
0.342197
-0.691335
-0.749383
0.813574
0.869672
0.383750
0.483517
0.205409
-0.907293
-0.451011
0.311546
0.551710
-0.975861
-0.192544
-0.219111
0.787861
-0.528247
-0.134165
0.443311
0.489416
0.375525
-0.896656
0.190192
-0.413861
-0.897675
0.410280
0.263058
0.972170
0.929009
0.854940
0.75665
0.225781
-0.638349
-0.914248
0.340390
-0.910995
-0.309534
0.124014
-0.942420
-0.113563
-0.435452
-0.49316
0.2185
-0.970133
-0.702553
0.112019
0.467875
0.931188
-0.730450
-0.220589
0.765452
-0.819461
-0.939236
-0.91064
-0.514055
-0.238104
-0.761175
0.680721
0.825260
0.243611
-0.475928
0.855088
-0.209782
-0.599085
0.631712
0.527425
-0.951259
-0.504854
-0.323066
-0.804857
0.833250
0.302980
-0.846734
0.390489
0.150907
0.232512
-0.506082
0.603344
0.873877
-0.656097
0.22103
0.935458
0.563113
0.896563
-0.552583
0.239652
-0.744381
0.12962
-0.42685
0.779462
0.70256
0.336780
-0.615927
0.292203
-0.658905
0.28097
-0.164526
-0.170724
-0.920220
-0.613818
-0.768707
0.891340
0.912454
0.136908
0.856809
0.181436
-0.961049
-0.503404
-0.974693
-0.583132
-0.776611
0.830959
-0.607489
0.668777
0.585322
-0.33216
0.168770
-0.416174
-0.377914
0.69068
0.502157
0.161789
-0.285072
-0.556535
-0.9856
0.893364
-0.783602
-0.243957
0.242359
-0.951505
0.744385
0.730767
-0.941982
0.510732
-0.216375
0.554620
-0.346656
0.214444
-0.414307
0.407846
-0.943351
0.243335
-0.541885
0.150749
-0.432730
0.160982
-0.603327
-0.606623
-0.555042
-0.381558
-0.729859
0.522654
-0.685292
-0.740948
0.24430
0.556468
0.966356
0.727439
0.803448
0.841542
-0.13146
-0.929646
0.926977
0.678135
-0.169977
0.769788
-0.512223
-0.525408
-0.545893
-0.329820
-0.931502
0.570809
0.202443
0.955156
0.725492
-0.758422
-0.831926
-0.871463
0.740690
0.240922
-0.125643
0.843209
-0.852209
-0.384439
0.151326
-0.1130
-0.633251
0.497039
-0.902891
-0.874290
-0.765245
0.883373
0.837132
-0.356074
0.337139
-0.4843
-0.156762
0.649706
0.733021
-0.923427
-0.264756
-0.967176
-0.12849
-0.250053
0.949114
0.576828
0.273407
0.827882
0.764094
-0.721067
0.330008
0.596721
0.90314
-0.12094
-0.796924
0.224035
0.376431
0.476039
0.204482
0.337724
-0.883140
0.900659
-0.923810
0.783439
0.945201
-0.305490
-0.746768
0.278331
0.664990
-0.693122
0.742299
-0.39946
0.141072
-0.540714
-0.274782
0.531854
0.342047
0.830821
-0.677406
0.953762
-0.151471
0.930520
0.677816
0.768026
-0.15629
-0.321073
0.411009
0.425715
0.909709
0.413987
0.877573
0.375117
0.894706
-0.485478
0.336551
0.227423
0.731196
0.902615
0.883147
0.268171
-0.164494
-0.205761
0.499319
-0.127585
0.597907
0.626223
0.520118
0.211452
-0.723631
0.19641
0.168874
0.580909
0.405008
-0.309083
-0.186870
-0.219635
0.715554
-0.926867
-0.56874
0.656606
0.145081
0.679317
0.316874
-0.112727
-0.104052
-0.133392
-0.895785
0.172997
-0.714178
0.621652
-0.608391
-0.768764
-0.299388
0.571524
0.782788
0.560099
0.27312
-0.625772
-0.130186
0.901044
0.387220
-0.23516
-0.265090
-0.616502
-0.711299
-0.396668
0.112145
0.676340
0.377415
0.284148
-0.992347
-0.120776
-0.83664
0.880198
0.517752
-0.480792
0.848383
0.220681
0.733527
-0.609093
-0.108041
0.797220
-0.171193
0.148072
0.237777
0.741516
0.309173
-0.766136
-0.157897
-0.155744
-0.976633
-0.613325
-0.657197
-0.454842
-0.703893
-0.868254
0.69697
-0.64825
0.655388
-0.822204
-0.677822
0.155994
-0.975069
0.412537
-0.601168
0.324968
0.721169
0.919171
-0.288652
0.801795
-0.437949
0.320832
-0.851877
-0.297594
-0.114907
0.433134
0.232574
-0.812429
0.27610
-0.856963
-0.825951
0.206581
0.120225
0.958191
-0.16117
-0.401424
-0.462741
-0.994418
-0.624266
0.854587
0.444514
0.48254
-0.393202
-0.884732
0.118353
-0.565943
0.439979
-0.7777
0.930980
0.969082
-0.758659
-0.917517
0.125467
-0.52370
0.753003
-0.5258
-0.711031
0.874605
-0.430548
0.557749
0.533737
0.9558
-0.928921
-0.50273
0.16007
-0.807000
-0.938918
-0.512419
-0.185508
0.330470
0.504451
-0.652380
0.905592
-0.836067
0.319027
-0.917746
-0.33862
-0.859185
-0.493695
0.339037
0.961518
-0.317073
-0.903258
0.997525
-0.426987
-0.59981
-0.180075
0.146921
-0.755699
0.970864
-0.409509
0.960195
0.848618
0.438859
-0.761543
-0.884719
0.956638
0.172553
-0.31286
-0.981367
-0.14425
-0.906063
0.753710
0.312872
0.68677
-0.616839
-0.688698
-0.470614
-0.429120
-0.912333
-0.720073
0.462781
0.998845
-0.536608
0.321765
-0.521108
0.75675
0.47043
-0.996508
-0.371498
-0.643651
0.576076
-0.598077
0.386017
-0.472515
0.766916
0.611754
-0.385652
0.897736
0.673435
0.472939
0.72043
-0.138068
-0.410704
-0.479001
0.232466
0.803244
0.971353
0.371584
0.944870
0.688424
-0.69391
-0.974188
0.427131
0.410007
-0.607777
-0.327814
0.947913
0.798907
-0.633163
0.173523
-0.916913
-0.190523
-0.378089
-0.761989
0.438910
-0.67451
0.266945
0.479697
-0.429916
-0.343698
-0.289003
-0.233866
-0.170099
-0.628237
0.343387
0.668891
0.778528
0.181271
0.937873
0.28634
-0.426379
-0.917789
-0.170428
-0.936456
0.319894
-0.154390
-0.984371
-0.878517
0.453734
0.957733
0.824867
-0.606478
-0.518743
0.792717
-0.280066
0.866104
-0.950140
0.948825
-0.697731
0.720913
-0.198140
-0.142875
0.812616
0.853334
0.44499
0.96176
-0.470397
-0.505466
0.523107
-0.478461
-0.152239
-0.542323
-0.644811
-0.222948
0.892782
0.876521
0.368221
-0.789786
-0.557141
0.963540
0.970540
-0.503711
-0.311426
-0.979134
-0.340065
-0.670411
0.318513
-0.111035
-0.703884
-0.822220
-0.826902
0.203941
0.234489
-0.892313
0.636847
-0.942328
0.464625
0.597381
0.487921
-0.643288
-0.550463
0.836642
-0.42787
-0.348653
0.314365
-0.376041
-0.385966
0.852743
-0.573709
-0.444791
-0.149965
0.850649
0.865862
0.906993
0.57250
0.698121
0.896685
0.993041
0.998793
-0.718847
0.545272
-0.970778
0.674871
0.584399
0.601281
0.975490
-0.449013
0.882188
-0.306873
0.185011
0.888518
0.488188
0.934248
0.241028
0.855629
-0.278903
0.571117
0.848492
-0.105906
0.10921
-0.494785
0.491137
0.845254
-0.291378
0.195210
0.548955
-0.875873
-0.385285
0.551078
0.259514
-0.102541
-0.323960
-0.304451
0.435999
0.638048
0.150249
-0.949684
-0.109336
0.47416
-0.496122
-0.909807
-0.842708
0.598574
0.628506
0.370658
0.72711
0.459143
0.179562
0.85476
0.206656
-0.578834
-0.372711
0.30997
-0.872512
0.431818
-0.837392
-0.930065
0.160010
0.424445
-0.710995
-0.709242
-0.301008
-0.696729
0.448331
-0.128836
-0.22083
0.528246
0.268892
0.909545
0.637656
0.26391
-0.199341
-0.671501
0.517799
-0.664220
0.923755
0.528852
0.58199
0.738037
0.524140
0.677871
0.574543
-0.941017
-0.765360
0.501192
-0.708278
0.910769
0.392
0.783322
0.194570
-0.746986
-0.853709
0.859440
-0.534124
-0.934792
0.980703
0.604487
-0.818780
-0.431386
0.428771
-0.536212
0.976513
0.77372
-0.545605
-0.495097
-0.857293
-0.374852
0.66977
0.139264
0.864473
-0.175718
-0.686719
-0.433127
0.358414
0.638695
-0.313443
-0.956938
-0.138241
0.783214
-0.444061
0.456725
0.69450
-0.12357
-0.614925
0.253881
-0.742029
0.840927
0.726158
0.483303
0.654919
-0.388110
0.813258
0.258319
0.928415
-0.668050
-0.352548
-0.673830
-0.472705
0.74777
0.870513
-0.83381
-0.758259
0.73995
-0.714715
0.85341
-0.195649
0.854349
-0.851204
0.993111
-0.186905
0.668447
0.302288
-0.477803
0.61169
0.378976
-0.881240
-0.93282
0.419370
-0.640268
-0.757280
0.536425
0.715413
0.478189
-0.19795
0.378940
0.648813
-0.262506
0.906016
-0.242447
-0.809242
-0.447925
0.116485
-0.362685
-0.224836
-0.186293
-0.761267
0.451399
0.629845
-0.76001
0.433593
0.889044
-0.18680
0.549860
-0.408212
-0.924586
-0.446435
0.940641
0.430070
-0.98776
-0.338984
0.153376
0.40492
-0.93283
-0.534363
-0.869033
-0.656929
-0.566715
-0.425980
-0.633009
0.425235
-0.600702
0.962811
0.950943
0.361022
0.564141
-0.367493
-0.800257
-0.322292
0.627378
-0.611880
0.857316
-0.770840
0.460770
0.573310
-0.63716
-0.684079
-0.902921
0.722114
0.556125
-0.936288
-0.783142
0.354135
0.744470
-0.25995
0.82138
-0.384611
-0.423036
0.912541
-0.384976
0.10290
0.517102
-0.629463
-0.857612
0.306591
-0.951066
-0.50355
0.63012
0.350312
0.629973
0.212034
0.46887
-0.200622
-0.268449
-0.386434
-0.631720
-0.618469
0.607446
-0.601549
0.632215
0.395148
0.667372
-0.350194
0.399050
-0.570571
0.109519
-0.773839
-0.895603
0.659034
0.603978
-0.850181
0.474897
0.417224
-0.749287
0.580106
0.959617
0.513840
-0.453461
0.873726
0.597245
-0.397887
-0.226902
-0.895875
-0.662540
-0.319261
0.116730
0.534920
-0.154445
0.190323
0.487269
-0.834291
-0.262035
0.590228
-0.212165
-0.84360
0.424603
-0.548879
-0.170326
0.806715
-0.516016
-0.615737
-0.811771
-0.740726
-0.619154
0.902653
-0.734183
0.586014
0.85075
0.744420
0.156549
0.139355
-0.827380
-0.781715
-0.649341
0.346924
-0.230759
0.798104
0.146023
0.525099
-0.502584
0.420656
-0.164696
0.749339
0.699266
0.579716
-0.355243
0.986024
0.407306
-0.696681
-0.872522
-0.738357
0.38971
0.178516
-0.107996
-0.982875
0.647720
0.363700
-0.926555
0.94892
0.639502
-0.514340
-0.910032
-0.693721
0.268104
-0.406690
-0.466713
-0.760260
-0.197861
-0.723383
-0.158744
0.432790
-0.142494
0.651586
-0.942234
-0.211222
-0.937439
0.609186
0.742280
-0.197513
0.726015
0.667363
-0.749252
0.731116
0.882751
-0.769323
-0.193462
-0.364313
-0.31307
0.921358
0.795081
0.587982
0.374495
0.96343
-0.16428
-0.643512
0.414413
-0.451523
-0.254850
0.627130
0.153491
0.211801
0.631270
-0.199262
-0.624717
0.152471
-0.285904
-0.668671
0.970326
-0.809879
-0.575224
0.761902
-0.280618
-0.669654
0.912417
0.222126
0.209590
-0.445566
0.42746
-0.19790
-0.281800
0.603614
-0.945419
-0.260809
-0.70005
-0.451556
0.40432
-0.151218
0.943235
0.405575
0.634008
0.437914
0.577980
0.717163
-0.44661
0.320894
0.425567
0.926870
-0.229498
-0.835788
0.774720
0.461084
0.500802
0.168906
0.465878
0.816043
-0.718534
-0.492541
-0.170141
0.949945
0.946658
-0.573968
-0.228052
0.775916
0.721222
-0.273406
0.415401
0.827446
-0.379497
0.392946
-0.570834
0.494318
0.495650
0.618587
0.196564
0.913298
0.355724
-0.31800
-0.537160
-0.557679
0.452125
-0.270676
-0.81927
0.300083
-0.610827
-0.855856
0.418370
0.987381
0.337034
0.612515
-0.690854
-0.193173
-0.562135
-0.146707
-0.65394
-0.357678
0.51823
-0.901398
0.242829
0.627879
-0.410862
-0.551669
0.833909
0.775956
-0.177724
0.220895
0.946989
0.947860
-0.671746
-0.124773
0.315305
0.803715
-0.627158
0.17231
0.939299
0.756348
0.645197
-0.212098
-0.879773
-0.682754
-0.409231
0.958779
0.350422
-0.898049
0.1207
0.308364
0.21626
-0.199993
-0.333545
0.67828
-0.378686
-0.139359
-0.648547
-0.52045
0.855864
0.102169
-0.671153
-0.170372
-0.967587
0.76447
-0.123948
0.318011
-0.13243
0.343414
-0.251580
0.619633
-0.235420
0.686853
-0.626802
-0.928639
-0.990050
-0.780466
0.608108
0.199131
-0.51963
0.577194
0.693094
-0.354189
-0.929561
0.85830
0.108847
0.327759
-0.980808
0.744586
0.753510
-0.122980
0.220385
-0.921117
0.886988
0.920540
0.428531
-0.631215
-0.425643
-0.377019
-0.683009
-0.52697
-0.684665
-0.168827
0.911420
0.789435
0.102990
-0.441196
-0.332214
0.151868
0.998913
0.674506
-0.602847
0.98127
0.807479
-0.416399
-0.937996
-0.798696
0.882257
-0.804486
-0.913640
0.491312
0.22688
-0.856357
0.294821
-0.606809
-0.113337
-0.753884
-0.103389
0.261027
0.843509
-0.917708
-0.662874
-0.404166
0.232983
0.855161
0.318925
-0.163253
-0.795334
0.729220
-0.544187
0.932946
-0.650049
0.406413
0.55193
0.697011
0.377570
0.196560
-0.880180
-0.618280
0.325731
0.259787
-0.852619
0.18975
0.959003
-0.770812
0.116929
-0.709771
0.906941
-0.553120
-0.299977
0.893542
0.381203
0.750697
0.723533
-0.374546
-0.358771
0.726626
0.573726
0.375695
0.42852
-0.584975
0.882970
-0.959463
0.410932
0.784751
0.762715
-0.421161
0.801099
0.438005
-0.57188
0.606602
0.963237
-0.660053
-0.111533
-0.618748
-0.698607
0.830519
0.498471
0.404194
-0.302566
-0.169368
0.899942
0.241904
0.795092
0.258378
0.8814
0.300943
0.714560
-0.541719
0.513096
-0.980479
-0.880543
0.825986
-0.117332
0.321121
0.935477
0.517885
-0.597372
0.52812
0.472403
0.761097
-0.692523
0.485973
0.55741
0.749529
-0.220863
0.296893
-0.573710
0.513125
0.869411
-0.627294
-0.841089
0.156659
0.937672
0.347277
-0.553367
-0.407645
0.203119
0.169326
0.954014
-0.344049
0.165216
-0.308989
-0.796526
0.429970
-0.656361
-0.987178
0.235147
-0.452263
-0.869662
0.99247
0.424267
-0.185271
-0.949567
-0.918950
0.273454
0.111164
0.936647
0.693949
0.242267
0.915463
0.730239
0.428783
-0.79184
-0.654558
-0.196940
-0.404579
-0.809754
0.797650
0.460800
0.179256
-0.495952
0.205629
0.226925
0.682125
0.56202
0.400525
0.532934
0.268180
-0.743060
-0.77316
0.709247
-0.593911
0.588098
0.278324
-0.624514
0.299505
-0.264352
-0.585770
-0.437416
-0.476821
0.414539
-0.312764
-0.739360
0.592296
0.20034
-0.938772
0.184212
-0.248283
0.956949
-0.337561
0.500539
-0.734633
0.174904
-0.256168
0.137354
0.138643
0.643041
-0.15720
0.32351
-0.381173
-0.310333
-0.298018
-0.401684
0.783208
0.589261
-0.456448
0.790539
0.371044
0.27837
-0.94116
0.392907
-0.233438
0.684166
0.451053
-0.889878
-0.801606
0.184875
-0.694758
0.678630
-0.461545
0.631440
0.390397
-0.625427
0.387423
-0.421358
0.851161
-0.230650
-0.882917
-0.366461
0.180389
-0.682548
-0.456551
-0.114323
0.486687
-0.661980
0.93550
0.382577
-0.715399
-0.278092
0.693974
0.617065
-0.546420
-0.146086
-0.311587
-0.279660
-0.768886
-0.506675
0.862336
0.925803
0.446657
0.813607
-0.397555
-0.540506
-0.236894
-0.764833
-0.34401
0.992355
0.778670
0.526512
-0.167340
0.614938
-0.284733
0.710720
0.258965
0.496093
0.740659
0.762181
-0.538590
-0.283874
0.153989
-0.706352
0.463310
-0.801917
0.869852
-0.848591
0.650953
-0.522474
-0.101495
-0.599109
0.386071
0.582434
0.437607
-0.297649
-0.196358
0.268033
-0.662935
-0.55091
-0.705796
-0.884578
-0.701789
-0.645544
0.713051
-0.321133
-0.917566
0.691359
-0.531797
-0.946719
-0.167465
-0.978306
0.342244
-0.714171
-0.737077
0.647777
0.658974
-0.534874
-0.781877
-0.746210
-0.864789
0.825826
-0.503938
-0.602344
-0.823683
-0.37843
-0.826137
-0.871323
0.778841
-0.689913
-0.387461
0.475143
-0.386397
-0.439903
0.706788
0.179554
-0.769809
0.870285
-0.71622
0.342186
-0.570749
-0.402805
-0.912531
0.81620
0.892328
-0.723642
-0.141927
-0.842577
0.725155
0.212951
0.984946
-0.519872
-0.946942
-0.544854
-0.895491
0.430222
0.783422
0.863127
-0.139861
-0.420029
-0.748984
0.828330
0.858808
-0.935587
0.953389
0.532258
-0.90100
0.209443
0.958640
-0.571959
0.674042
0.836724
0.867914
0.186121
-0.193654
0.556316
-0.266173
-0.349901
0.571906
0.741649
-0.466731
-0.496335
0.842390
0.626577
0.492779
-0.687866
0.717071
0.140637
-0.773497
-0.625464
0.932908
0.909789
0.599130
0.873119
-0.577883
-0.212684
-0.405027
0.634149
-0.447501
-0.81153
0.975615
-0.107102
-0.326314
0.794023
0.90850
-0.66963
0.117619
0.255544
0.269147
0.404139
0.259783
-0.924348
0.358547
-0.428581
0.851927
0.262681
0.278753
-0.520229
-0.650228
-0.221231
-0.766444
0.797541
0.297650
-0.117166
-0.698101
-0.446531
-0.687184
0.139048
0.962080
-0.884484
0.593715
-0.157903
-0.549653
0.993888
0.25089
0.973664
0.19665
-0.191950
-0.340643
-0.400465
-0.863125
-0.29334
-0.250580
0.112393
0.768715
-0.543020
0.176746
-0.751250
0.411760
0.475337
-0.992961
0.228383
-0.736559
-0.846294
0.762153
0.148651
-0.126459
-0.691940
-0.379071
-0.106052
-0.350266
0.26568
0.382700
-0.286116
0.39309
0.231309
0.726807
-0.77601
-0.912730
-0.540569
0.203358
0.816514
-0.383558
-0.706857
0.861843
-0.426768
-0.978334
-0.255474
0.747507
0.671846
-0.303044
-0.851792
0.395552
-0.9570
-0.885993
0.15871
0.272064
-0.419169
0.373544
-0.450955
-0.455288
-0.963849
0.847412
0.827360
0.760913
-0.414440
0.918714
0.126514
-0.228330
0.655253
0.202576
0.720026
0.19862
-0.646614
-0.297927
-0.145145
-0.7997
0.735894
0.328317
0.483032
0.578813
-0.702245
-0.196409
-0.328145
0.481195
0.571766
0.170875
0.674763
-0.947341
-0.100495
0.935299
0.547539
-0.870987
0.831409
-0.846688
0.321240
0.244618
-0.439380
-0.884948
-0.898471
0.783628
-0.566267
-0.278383
0.177945
-0.78760
0.20048
0.40434
-0.990059
0.851021
-0.627078
0.652261
0.155914
0.4507
0.854260
-0.395523
0.255599
0.739321
-0.166360
0.579248
-0.276132
-0.139098
0.188419
0.380120
0.607306
0.516298
0.445202
0.699055
-0.65440
0.229114
0.109370
-0.188783
0.320141
-0.219539
0.462161
-0.347159
-0.973148
-0.67178
-0.698494
-0.372750
0.678439
0.540184
0.573960
0.757461
0.975506
-0.591804
-0.127565
0.998901
-0.741397
0.450560
-0.533579
0.974556
-0.833032
-0.184647
-0.489033
-0.837326
-0.479149
0.840170
0.649454
0.725214
0.100559
0.258892
-0.130311
0.708535
-0.476233
-0.591618
-0.989518
-0.32892
0.124262
0.870429
-0.807640
-0.813472
0.601618
0.856252
-0.767627
-0.425089
-0.447541
0.129015
0.941775
0.482264
0.512997
-0.460526
-0.672762
0.357769
-0.743662
-0.443023
0.452306
-0.354444
-0.942843
-0.337701
0.341219
0.611360
0.963125
-0.882965
0.94277
-0.355613
-0.955464
0.658845
-0.342262
-0.457954
-0.277517
-0.669930
0.673826
-0.300100
0.267775
0.843491
-0.433296
0.914107
0.227931
0.850378
-0.195005
0.962187
0.54835
0.811400
-0.670351
-0.515725
0.686685
-0.194044
0.726382
-0.9884
0.164650
-0.635856
-0.340930
-0.543424
0.896091
0.407422
-0.116145
-0.757919
0.23345
-0.84429
-0.355026
-0.674270
0.302162
-0.918574
0.395163
-0.55406
-0.298185
0.190463
-0.273930
-0.207977
0.644041
0.261119
-0.17712
0.447519
-0.621061
0.251107
-0.164807
-0.534151
0.826395
-0.528218
-0.897536
0.297723
0.791239
-0.867542
0.254778
0.235192
0.723623
0.659007
-0.548053
-0.782393
0.671179
0.661554
-0.991581
-0.335660
-0.164784
-0.555887
0.447503
0.290746
0.374502
0.303912
0.266512
-0.44452
-0.68119
0.247822
0.842690
-0.817991
0.612772
-0.382560
-0.191603
0.455035
-0.582099
0.935060
0.897237
-0.784697
0.416799
0.933724
0.176770
-0.189798
0.714340
0.893766
0.500540
-0.103603
-0.707654
-0.750371
-0.720737
-0.771997
-0.249032
-0.365143
0.449216
0.450713
-0.787505
-0.65678
-0.911670
-0.241869
0.725800
-0.215744
0.396448
-0.372358
0.838215
-0.519712
0.844487
0.894493
-0.515119
-0.756141
-0.958532
-0.863054
-0.140348
0.743017
-0.216912
-0.194380
-0.669577
0.201758
-0.245824
-0.686479
0.213197
0.675696
-0.530606
0.667555
-0.862529
-0.42765
0.663256
-0.116154
0.350904
0.855623
-0.393113
0.543233
0.976480
0.645067
-0.351811
-0.339047
0.570443
0.655396
-0.101284
0.663126
-0.779353
0.333930
-0.611711
-0.762565
-0.825608
0.79487
0.700896
0.797764
-0.400416
0.416032
-0.290731
0.833588
-0.286175
-0.478575
0.328289
0.900329
0.847593
-0.66603
-0.200696
0.970975
-0.480061
0.761379
-0.705887
0.374685
0.518327
-0.374884
0.578500
0.702936
-0.730161
0.284839
0.323213
0.198796
-0.935779
0.179166
-0.127272
0.679133
0.716955
0.304642
0.516007
-0.45499
-0.986396
0.359745
-0.661559
0.945924
0.760545
-0.482875
-0.448635
0.287268
-0.979775
0.553594
-0.132927
-0.230732
0.189591
0.789078
-0.214701
-0.739934
-0.771312
0.282346
0.195065
0.340944
0.491737
0.555721
0.538196
0.841138
0.825776
-0.141371
0.143812
0.808587
-0.423830
-0.555355
0.948594
0.355981
-0.944024
-0.152777
0.382949
0.94701
-0.350246
0.331410
0.9764
0.922765
0.599985
-0.794245
0.952592
0.109906
0.716849
0.531305
0.993254
-0.901701
-0.558317
-0.592720
-0.580904
0.332304
0.854196
0.335944
0.868967
0.215853
0.355550
-0.729102
0.645634
-0.717268
0.20621
-0.544278
-0.168564
-0.983858
0.16810
-0.184500
0.780352
-0.45217
0.696871
0.531212
0.188927
-0.551143
0.789868
-0.401676
0.635606
-0.797986
-0.400223
-0.219159
-0.304596
-0.812021
-0.812299
0.435473
0.546031
0.259903
0.410907
-0.841445
-0.570886
-0.660665
0.189185
0.796257
0.697638
-0.30075
0.969213
-0.183001
0.484955
0.627920
0.24248
-0.406258
-0.93139
0.845886
-0.489981
0.103881
-0.596271
-0.421622
-0.859592
-0.642952
0.844827
-0.171444
0.954965
-0.120554
0.382171
0.769878
0.844571
-0.9403
0.875002
-0.958108
0.542620
0.425851
0.375592
-0.957052
0.98056
0.308767
0.305735
0.273276
0.867360
0.733324
0.658656
0.688655
-0.195691
0.957289
0.69700
0.952028
0.10092
-0.783916
0.258056
-0.620869
0.340972
-0.815349
-0.442551
-0.940111
0.482456
-0.108498
0.692990
-0.160692
0.527917
0.475726
-0.66083
-0.726290
-0.838338
-0.978212
0.767527
0.968859
0.561421
-0.787911
0.872834
0.862939
0.917810
-0.12754
0.801295
-0.532185
0.807780
0.443182
0.468370
0.466391
-0.712383
0.919454
0.560036
0.588411
-0.672522
0.158133
-0.620697
0.416998
0.508861
0.182012
-0.119551
0.155721
0.754813
0.317547
-0.284728
0.562595
0.744893
0.477022
-0.370364
-0.942738
-0.990812
0.620947
-0.154647
-0.182721
0.984050
-0.490017
0.111636
0.547285
0.277346
0.122337
-0.681474
0.75538
-0.166982
0.247648
-0.167050
-0.612937
0.840313
0.802075
0.788181
-0.174821
0.865883
0.392186
-0.343281
0.360320
0.837008
-0.215406
0.683942
-0.944850
-0.392561
0.937327
0.931941
0.750177
0.300500
0.767215
0.537049
-0.893617
0.639578
0.896803
0.741627
-0.636192
-0.772485
0.613469
-0.175247
0.856408
-0.783522
-0.643771
0.860351
-0.4069
0.946200
0.282236
0.746024
-0.402534
0.978009
0.401167
-0.105518
0.330975
-0.921661
-0.367135
-0.19116
0.181068
0.533630
-0.550805
0.735139
-0.71184
0.842511
0.680942
-0.45626
-0.490491
-0.931870
0.292328
0.961721
-0.948096
0.600453
0.12995
0.571478
0.454912
-0.535255
-0.499089
-0.76944
0.984438
-0.440045
0.24344
0.781561
-0.58364
0.439197
0.783524
0.6700
0.833356
0.79555
0.743075
0.73119
-0.756141
0.236408
0.911472
0.858207
0.749161
0.77643
-0.816628
-0.321044
0.605340
0.258389
-0.710215
-0.153188
0.388595
0.422627
0.400128
-0.878713
0.620472
0.444203
0.944826
0.427855
-0.117014
0.500196
0.397407
0.324987
-0.130537
-0.424315
0.364818
0.417028
-0.326598
-0.434139
-0.851753
0.399347
-0.944325
0.520521
0.662312
-0.615843
-0.486580
0.229322
-0.453632
0.403087
0.654038
0.457626
-0.404906
0.321325
-0.714309
0.490935
0.584668
0.554639
-0.766537
0.450849
0.56242
0.240880
0.182733
0.426809
-0.540864
-0.253239
0.657299
-0.762814
-0.101872
-0.342765
0.355955
0.414948
-0.240335
-0.502320
0.561101
0.468425
-0.536215
-0.676517
0.695860
-0.904369
-0.449575
0.464330
-0.901179
0.718135
0.311283
0.335585
0.410953
0.640565
-0.236474
-0.174512
-0.128760
-0.447622
-0.384947
0.416627
-0.743817
-0.833884
0.511309
-0.849322
-0.41711
-0.931892
-0.144710
-0.569289
0.534363
-0.723303
-0.869093
-0.117468
0.573456
0.179180
0.205581
-0.555564
0.949507
-0.691847
-0.720367
0.389657
-0.624979
-0.147778
-0.105379
-0.325352
0.926922
-0.443284
-0.462822
0.826572
0.642195
0.27387
-0.634263
0.346231
0.488751
0.560940
-0.95601
-0.487550
0.272147
-0.6622
-0.868747
-0.49972
0.413334
-0.624389
-0.570361
0.945139
-0.973066
-0.609388
0.71829
0.707453
0.26403
0.286052
-0.735342
0.875288
-0.408930
0.901367
-0.730237
0.589699
0.960948
0.52431
0.181403
0.292921
0.486449
0.310855
-0.890634
-0.635212
-0.803053
0.71745
-0.694866
0.62237
-0.345296
-0.897825
-0.947649
-0.251808
-0.734318
-0.988963
0.818162
-0.619246
0.216898
0.379243
0.464762
-0.540921
-0.935719
-0.838916
-0.592404
-0.767085
0.897462
0.45937
0.185139
-0.302765
-0.118336
0.867882
-0.606316
-0.241111
-0.933583
0.447099
-0.151161
0.182513
0.117039
0.750169
0.955287
-0.163495
-0.214868
0.730565
0.23529
0.352169
-0.357762
0.78365
-0.739885
-0.303645
-0.456182
-0.588165
-0.738766
0.726927
-0.824812
-0.597953
-0.27054
0.149201
0.487233
-0.190986
0.945800
-0.168980
0.312264
-0.783992
-0.83173
-0.241969
-0.838383
-0.179402
0.633517
0.982010
0.416129
-0.754781
-0.374116
0.234162
0.300100
-0.404815
0.1008
-0.65814
0.337493
-0.365421
-0.453797
0.992726
0.470229
0.902033
-0.111162
0.78428
0.496711
0.519531
-0.253544
0.248528
-0.695194
-0.832249
0.743491
-0.9475
-0.780575
-0.534356
0.14991
0.42904
0.731915
-0.105318
-0.345332
-0.403074
0.49661
-0.229222
-0.676299
0.405906
0.163798
-0.584047
0.168924
0.20978
0.484771
0.700223
0.598769
-0.501334
0.720768
0.690114
0.823103
-0.940848
0.15794
0.208674
-0.680525
0.96290
0.369088
-0.267964
0.273860
-0.520215
0.876981
0.291097
0.996269
0.322787
-0.431787
0.815842
0.106090
0.644007
0.959464
0.846681
-0.983614
0.484312
0.623308
-0.923419
0.73924
0.204855
-0.696777
0.943008
-0.321087
-0.442788
-0.278696
0.524118
-0.531672
-0.539374
-0.53511
-0.647478
-0.329026
0.422531
-0.916771
0.398559
-0.822289
-0.457953
-0.615719
0.212112
-0.183108
0.206034
-0.429882
0.879295
-0.414629
-0.485395
0.321077
0.537969
-0.781015
0.635142
-0.339155
0.204834
0.153469
-0.680510
0.96452
-0.222347
0.580227
0.774069
0.674885
0.520720
-0.588385
-0.106711
0.655340
0.592270
-0.637886
0.650495
0.777466
-0.654838
-0.550821
-0.732828
0.260675
-0.926834
0.416261
-0.883717
-0.386971
-0.213365
-0.926905
-0.917523
-0.964758
0.534953
-0.253557
0.96037
-0.73482
-0.994663
0.602576
0.271576
0.715371
0.220506
0.932017
-0.739130
-0.25013
-0.810697
-0.272573
0.50515
0.754365
0.872679
0.803621
-0.555298
-0.752296
0.17758
0.310157
-0.734475
-0.36801
0.157160
0.91909
0.804159
0.365139
-0.585192
0.375780
0.391395
-0.253881
-0.654420
0.265494
-0.967310
0.276032
0.372662
0.307107
0.128070
0.94824
0.345432
-0.214226
0.336360
-0.797152
0.733429
0.589964
0.335782
-0.421602
0.934052
-0.716272
0.704887
-0.919134
0.611199
0.217391
0.602855
-0.573556
-0.531653
0.614230
-0.883499
0.822269
-0.617019
0.258104
0.772431
-0.459355
0.883155
-0.124197
0.200636
0.698295
-0.302278
-0.583809
-0.260606
-0.369772
0.461500
0.209328
0.428089
-0.994632
0.960184
-0.546965
-0.448795
0.955451
0.698299
0.952696
-0.155684
0.743475
0.599382
0.395799
-0.484650
0.684952
0.782278
0.323853
-0.442231
-0.804531
-0.87574
-0.651382
0.874168
-0.901023
-0.235538
-0.504107
0.21062
0.881889
-0.574867
0.996786
-0.75964
0.38371
0.608723
-0.617665
-0.197062
-0.486073
-0.773692
-0.853709
0.776993
0.253031
0.124803
-0.920106
-0.4722
-0.282663
0.628739
0.188163
0.993891
-0.595649
-0.621463
0.686273
-0.151862
-0.135866
-0.826155
-0.606118
0.744308
0.648384
0.132641
0.47682
-0.403189
-0.749656
-0.126146
0.252984
-0.713410
-0.755356
-0.94652
0.186103
0.646681
0.204773
-0.311546
0.108688
-0.186393
0.957670
0.358266
0.972749
-0.852049
-0.826088
-0.692929
0.130937
0.960409
-0.773917
0.876979
0.817928
0.281990
0.512848
-0.349944
-0.682095
-0.411313
-0.855372
0.645118
0.563739
-0.66880
-0.991715
0.985251
0.198853
0.558001
0.33426
0.449142
-0.958641
-0.906759
0.357373
0.642083
0.309394
-0.195586
-0.339328
-0.509240
-0.370575
0.809247
0.884986
-0.517646
-0.256512
0.572961
0.26981
0.173997
0.785940
-0.6168
-0.853812
0.215486
-0.701648
0.844325
-0.284480
-0.976748
-0.962390
-0.50050
-0.580495
-0.447567
-0.676049
-0.159649
0.558983
-0.721356
-0.930755
-0.520942
-0.375776
-0.464126
-0.663853
0.667457
-0.694720
-0.636093
0.946553
0.20838
-0.770193
-0.396759
0.5285
0.665624
0.922759
0.941897
-0.630857
-0.670786
-0.715619
0.633114
0.476067
0.360510
-0.461129
0.860602
0.199099
0.451083
0.382550
0.448238
-0.436955
0.501160
-0.533547
-0.245933
-0.422248
-0.720094
0.567983
-0.550044
0.170132
-0.247542
0.939862
-0.555296
0.22288
0.624606
-0.886925
0.825378
0.219411
-0.199948
-0.769596
0.433714
-0.878953
-0.362416
-0.23370
0.40043
0.855719
-0.341116
0.912081
0.450895
0.935495
0.371912
0.181049
0.662653
0.523828
0.153418
-0.341187
-0.517973
0.773646
0.216132
-0.341906
-0.506870
-0.60112
-0.25911
-0.293454
-0.939267
-0.585011
-0.567722
0.508469
-0.199225
-0.125681
-0.358426
0.972481
0.719712
-0.305844
-0.575847
0.708372
-0.878081
0.963408
0.773382
0.413503
-0.2164
-0.540180
-0.313631
0.316613
-0.113650
-0.381853
-0.941866
-0.897531
0.133165
-0.630127
0.367479
-0.308081
0.623335
-0.182256
-0.44704
0.625718
-0.626978
-0.133106
-0.247251
0.969818
0.924718
0.865682
0.222357
0.560867
0.482942
0.580886
0.529493
-0.128685
0.676809
0.582250
-0.939405
-0.801085
-0.890219
0.539696
0.416615
-0.14724
0.377538
-0.724269
-0.159973
-0.471770
-0.476130
-0.9688
-0.457977
-0.707508
-0.482018
-0.889004
-0.14078
-0.20510
-0.140633
-0.41768
-0.586074
0.414933
0.969603
0.79860
-0.940691
0.288843
0.636992
0.971501
-0.469608
-0.746107
-0.485119
0.405754
-0.841553
-0.403495
-0.19176
-0.55786
0.50811
-0.601566
-0.126273
-0.666343
0.265762
-0.516490
-0.286422
0.514075
0.683352
0.224010
0.927998
-0.667668
0.88733
-0.784441
0.549130
-0.262215
0.310946
0.620357
0.577913
0.536888
-0.758239
-0.295485
0.57721
0.317045
0.102446
-0.909544
-0.719875
0.832699
0.164728
0.949222
0.457367
0.346504
-0.107924
0.238237
-0.286266
-0.78568
-0.344855
0.121871
-0.699965
-0.143649
0.12675
-0.865560
0.663109
-0.57512
-0.831752
-0.574400
0.250876
-0.90137
0.920470
-0.77341
-0.136203
-0.767593
-0.46314
-0.399986
-0.844733
-0.65043
0.629532
0.622664
0.628862
-0.153183
-0.719614
0.782438
0.164839
-0.361995
0.233653
-0.808397
-0.627950
0.367266
-0.498160
0.936896
0.827239
-0.233006
0.932542
0.265764
-0.52198
-0.571075
-0.662882
0.775008
0.742440
-0.945735
0.125396
0.345949
-0.846476
-0.943964
-0.996819
0.203881
-0.399152
-0.797181
-0.808910
-0.442155
-0.481893
0.149274
-0.883096
0.5202
-0.610341
-0.601630
-0.221422
0.5437
-0.693499
0.928886
-0.862965
0.30729
-0.602360
0.142868
0.407209
-0.788731
0.114606
-0.550230
-0.378639
0.139592
0.22722
0.241071
0.721506
-0.828395
-0.228613
0.138029
0.922753
-0.386400
-0.513021
0.452736
0.146995
-0.325685
0.695825
-0.292009
-0.464052
0.96149
0.689175
0.730918
0.100080
-0.374744
-0.349299
0.452976
0.197883
-0.829870
-0.884996
-0.147487
0.40425
0.326297
0.865440
-0.327067
0.49907
-0.332618
-0.793141
-0.698821
0.655554
-0.738267
0.102690
-0.793257
0.63323
-0.11478
0.422085
-0.13014
0.148490
0.715113
0.957618
0.376126
-0.498101
-0.295665
0.804985
-0.700815
-0.584403
0.981744
0.663029
0.987666
0.914481
-0.191023
-0.190815
-0.315429
-0.543350
0.902292
0.105427
-0.541198
-0.503515
0.894770
0.347701
-0.285391
-0.67372
-0.135549
0.74840
-0.973106
0.671417
0.842240
0.884520
0.234241
0.220916
-0.961542
0.447656
0.929872
0.372308
-0.292375
0.452933
-0.168466
-0.877605
-0.283411
-0.976288
-0.941767
-0.937000
-0.26289
0.974380
0.282094
-0.429768
-0.521641
0.779081
-0.344947
0.308860
0.387752
-0.247792
0.314803
-0.409290
0.77842
-0.371084
0.33283
-0.352672
0.162308
-0.352807
0.555054
-0.237095
-0.176351
-0.560912
0.683918
-0.191324
0.664270
-0.176945
-0.564513
-0.609992
-0.971814
-0.211021
-0.805513
0.97374
0.407098
0.961280
0.265460
-0.555199
0.214551
0.479461
0.18589
-0.519196
-0.626253
0.694637
-0.798729
-0.865825
-0.802057
-0.808344
0.156892
0.608096
0.388603
-0.42495
0.767751
-0.612226
0.746510
-0.429828
-0.795176
-0.964311
-0.161518
-0.128547
-0.479929
-0.247142
-0.587571
-0.405909
0.993909
-0.824806
-0.616085
0.69280
-0.497699
-0.398842
0.805898
0.9309
-0.294048
0.22504
-0.148920
0.932166
-0.178129
0.910836
0.267499
-0.542868
0.363454
0.676626
-0.751327
-0.879727
-0.460117
0.493236
-0.139944
-0.867091
0.992518
-0.922263
-0.73351
0.286640
0.66441
-0.566237
0.546925
-0.144406
-0.993131
0.406270
0.599642
-0.26188
0.597271
-0.325776
-0.54675
-0.203912
-0.115166
-0.221336
-0.13308
-0.472702
0.705453
-0.446394
0.664396
0.195462
-0.928184
0.918337
-0.920434
-0.103939
-0.496655
-0.771273
0.138934
-0.114875
0.617712
0.958970
0.360541
-0.743473
-0.986964
0.351077
0.813372
0.825240
-0.664625
0.302088
-0.720808
-0.102765
0.352094
0.285145
0.365575
0.261480
-0.768936
0.130659
-0.684828
0.228176
0.96704
0.355857
-0.125793
0.167986
0.957380
0.891830
-0.392453
-0.412003
-0.901337
-0.751927
0.129872
-0.282903
-0.782914
0.544638
0.320398
0.172239
0.352068
-0.327180
0.225546
-0.300984
-0.965240
-0.377466
0.220113
0.618592
0.2969
0.421066
0.416630
-0.548003
-0.150235
0.183639
0.865456
-0.887736
-0.400327
-0.244441
0.226434
-0.325152
-0.770943
0.65719
-0.524792
0.661562
0.87534
-0.693307
-0.302949
0.220062
0.850304
0.440170
0.275932
-0.965988
-0.59175
-0.818484
0.788559
-0.509988
0.878959
-0.583263
0.292723
-0.964216
-0.843806
-0.400774
-0.415186
-0.116292
0.57242
0.497602
-0.400720
0.42137
-0.706724
0.294561
0.36962
-0.87489
0.412960
0.352376
-0.431930
0.118645
-0.6820
-0.455195
-0.172960
-0.720201
0.160653
-0.596080
0.714098
-0.53973
0.15190
0.948809
0.669435
-0.484425
-0.223403
0.820783
-0.186098
-0.963773
0.975200
0.647629
0.23160
0.411066
0.101987
-0.261540
-0.161715
-0.785964
-0.696752
0.261762
-0.287424
-0.481287
-0.615693
0.198865
0.757851
-0.543765
0.614312
-0.913915
0.75578
0.337638
-0.848479
0.542706
-0.947396
0.736156
-0.63444
-0.43039
0.260457
-0.378048
0.859102
0.226997
0.255905
0.382709
-0.478510
0.24041
-0.137958
0.248005
-0.477210
0.29336
-0.635734
0.585106
0.279762
-0.82750
0.185177
-0.965426
-0.554065
0.661232
0.479538
0.196539
-0.856918
0.512136
-0.98612
0.497665
-0.583557
0.33133
0.325197
0.951173
0.279090
0.694235
-0.494722
0.508546
-0.368436
0.891461
-0.246424
0.322375
0.341285
0.614570
-0.143709
-0.48424
-0.671941
-0.462909
0.732502
0.634802
0.448006
-0.992211
0.505050
-0.540572
-0.703239
0.754165
0.552738
0.569357
-0.427405
-0.366624
0.328867
0.814733
-0.529311
0.514298
0.724429
0.789757
-0.510841
-0.147867
0.282725
-0.405730
0.636825
-0.451980
-0.752788
-0.116290
-0.237969
-0.784012
-0.930667
-0.567644
-0.909091
0.721791
0.263747
0.322307
-0.809868
-0.306832
0.191318
0.594910
-0.905161
0.50410
0.100931
0.387199
0.682319
0.905736
-0.286308
0.589317
0.104379
0.828920
-0.855361
0.659066
-0.654107
0.274175
-0.227516
-0.189921
-0.948679
0.823332
0.439736
0.904863
-0.381743
-0.735041
0.316684
-0.379803
0.151819
-0.305541
0.392656
-0.188761
0.963210
-0.408540
-0.848373
0.839756
0.355145
0.879367
0.389972
0.433288
-0.111181
0.956118
-0.9040
0.365280
0.577350
0.200743
-0.668133
0.533121
0.368793
0.338421
-0.56475
0.530571
0.873970
-0.239205
0.710520
0.68361
0.357174
0.765919
-0.393106
0.76129
-0.318373
0.456814
-0.699081
-0.134201
0.447948
0.801392
-0.199856
-0.948747
-0.774605
0.854121
-0.376797
-0.823179
0.979667
0.132890
0.753001
0.343229
-0.518596
-0.90584
-0.822682
-0.285551
0.246464
-0.807758
0.451611
-0.36499
-0.977162
0.227694
0.845808
0.120635
-0.672675
-0.198248
-0.495250
-0.529755
-0.890576
0.747876
-0.394181
-0.500240
-0.153075
0.603318
-0.97208
-0.347256
0.46790
0.461033
0.142176
0.234425
0.867899
-0.273232
0.523206
0.926051
0.456032
-0.127040
0.740059
0.7211
-0.967983
-0.530525
0.766698
0.172265
0.485436
-0.738791
0.247672
-0.475167
0.438594
0.511424
0.584092
-0.891935
0.627755
-0.406689
-0.678961
0.293652
0.540781
0.228488
0.251015
0.153673
0.550404
0.396767
-0.382033
-0.429999
0.653039
-0.298781
0.411603
-0.793607
-0.726044
-0.923524
-0.163253
-0.568302
-0.590410
0.44218
-0.230247
0.610581
0.90356
0.95080
0.911988
0.325721
-0.499207
0.834862
0.331571
0.466520
-0.377821
-0.495325
0.156277
-0.277813
-0.376769
0.104465
-0.36275
-0.904020
0.238748
0.631724
-0.556885
-0.264819
0.614652
0.999607
-0.277206
-0.36543
-0.888876
0.712454
0.111847
-0.308192
-0.828650
-0.611984
-0.644057
-0.507908
-0.547810
-0.582597
-0.129783
-0.193491
-0.979801
-0.207011
-0.175578
-0.912034
0.808126
0.625959
-0.647459
0.441293
0.863161
-0.857387
-0.601986
-0.422727
-0.537633
0.770843
-0.369092
-0.928203
0.157433
-0.605900
0.927824
-0.913817
0.175127
-0.172275
-0.990280
0.815049
0.699550
-0.877012
-0.554084
-0.967685
-0.305064
-0.791837
-0.702863
0.539402
-0.887959
0.226012
0.695941
0.551734
0.712310
0.726360
0.886634
0.588736
0.730197
-0.404073
0.281839
-0.925055
-0.626638
0.293764
0.953286
-0.706151
-0.494820
-0.657029
0.104697
0.94535
-0.965478
-0.35950
0.878656
-0.954649
-0.606786
0.442191
-0.246832
-0.991881
0.600492
-0.202972
-0.635163
-0.395023
0.390343
0.837098
0.777169
0.828400
-0.268880
0.627463
-0.521741
0.789093
0.457186
-0.49858
-0.114884
0.577489
-0.360089
0.269154
0.238641
-0.641588
0.748934
-0.640376
0.926671
-0.301454
0.365832
-0.859439
0.27382
0.532453
-0.396170
0.188587
0.656755
-0.226430
0.579242
-0.12096
-0.708817
-0.479571
0.648723
-0.500207
-0.105076
0.287298
-0.246932
-0.358482
0.795271
-0.758883
0.505951
0.218847
-0.746251
-0.179550
-0.489917
-0.176080
0.361683
0.656486
-0.291951
-0.618506
-0.474708
0.867936
0.52542
-0.512306
-0.150057
0.71958
-0.735013
-0.335066
0.285138
-0.323110
-0.738967
0.973790
0.671194
-0.143761
-0.819674
-0.876524
0.668072
0.48726
-0.487230
0.117484
-0.348575
0.809648
0.512952
-0.81204
0.175683
-0.573146
0.452561
-0.531653
-0.726268
0.119604
0.954034
-0.356677
-0.740589
-0.859072
0.482789
-0.897811
0.682351
0.431304
-0.368527
0.509745
0.465879
0.975213
0.662531
-0.74899
0.214984
0.451095
-0.190631
0.791124
0.245880
-0.708096
-0.659457
-0.76385
0.829719
0.569815
-0.569254
0.258809
-0.195156
0.986277
0.773592
-0.762840
-0.255679
-0.673947
0.54411
0.926587
0.147972
0.545313
0.756942
-0.181942
0.162092
0.301260
-0.864023
0.799183
-0.826795
0.433219
-0.846636
0.621668
-0.442698
-0.581330
0.277038
-0.313754
0.175304
-0.265145
-0.997118
-0.518908
0.231549
0.923261
0.412942
-0.671104
0.507905
0.872829
0.816735
-0.489561
-0.822816
0.789247
-0.611512
0.73922
-0.478421
-0.719063
-0.818858
0.151102
0.90844
0.662332
-0.313161
-0.776229
-0.954112
0.691960
-0.176260
0.62984
-0.768765
0.647987
-0.471585
-0.683446
-0.577328
-0.941898
-0.673185
0.479299
-0.200068
0.784168
-0.991420
-0.334296
0.242160
-0.749083
0.240482
-0.966552
-0.697003
0.905878
0.336449
0.151299
0.508186
-0.342669
0.735254
-0.461752
0.479951
0.964904
0.839022
0.449607
0.358160
0.532306
0.43462
-0.124243
-0.113399
0.941758
0.135797
0.396330
-0.218959
-0.341706
0.560967
-0.405888
0.82084
0.544994
-0.186344
0.2289
0.193292
-0.659499
0.549806
0.493572
-0.330215
0.145758
-0.561092
-0.142700
0.797440
-0.766969
-0.804218
-0.432030
0.60001
-0.323760
-0.971627
0.307202
0.893349
0.434378
-0.783148
0.622713
0.395984
0.95728
-0.826911
0.769833
0.755540
0.499111
0.226012
0.478764
-0.424518
0.565063
-0.644926
-0.593769
-0.871670
-0.497782
-0.472449
-0.284534
0.405318
0.341862
0.651395
-0.372933
-0.164850
-0.483045
0.835890
-0.709579
0.280686
0.689258
0.663259
-0.980239
0.343878
0.706100
-0.114869
0.201112
-0.887249
-0.785121
0.687374
-0.461932
-0.579155
-0.275790
-0.423139
0.708158
-0.776364
-0.145789
-0.713147
-0.7258
-0.120401
0.389704
0.736697
-0.788162
-0.166495
-0.678942
0.764042
-0.738798
-0.118556
0.274595
-0.32663
-0.761872
-0.412873
0.797707
0.550041
-0.215749
0.551028
-0.422065
-0.228974
-0.428023
0.816214
-0.282043
-0.280544
0.956159
0.68135
-0.457147
0.246212
0.942529
-0.159384
-0.334162
-0.61554
0.896219
0.671717
-0.416659
0.561215
0.328864
0.984352
0.990391
-0.664454
0.180348
-0.210008
-0.349739
0.889218
0.148010
0.65209
0.274379
0.548435
0.255698
0.521587
0.153547
0.66096
0.9288
-0.126024
0.348048
-0.978933
-0.39419
0.198595
0.161514
0.714130
0.652767
0.308048
-0.422456
-0.130449
-0.109340
-0.899568
0.283894
-0.294356
0.532465
0.809214
0.727210
0.925262
-0.493442
0.672139
-0.728023
0.997185
0.198313
0.340641
-0.194421
0.331628
0.639478
-0.599354
0.713213
0.732908
0.830442
0.158897
0.362974
-0.324281
-0.240721
0.544077
-0.415393
0.382240
-0.362847
0.750828
-0.710324
-0.377383
0.830005
-0.305879
0.386799
-0.821601
0.613614
-0.291245
-0.581010
-0.865709
0.644650
-0.306828
-0.467400
0.706454
-0.928302
0.903868
-0.56091
0.21132
-0.290692
0.462019
0.882151
0.411084
-0.296823
0.988706
0.350559
-0.215916
-0.780553
-0.87957
0.244517
0.110904
-0.768046
0.844149
0.328728
0.742938
0.708646
-0.813264
-0.521282
0.602915
-0.959382
0.212290
0.446036
-0.821503
-0.467303
0.990894
0.220224
0.917344
0.149275
0.328760
0.626776
0.97425
0.309360
0.442571
0.167742
-0.681451
-0.153459
0.469771
-0.354652
0.342436
-0.233439
0.566480
0.467833
-0.958285
-0.245319
-0.611464
-0.907801
-0.240221
0.135931
0.80508
-0.760983
0.463502
0.204757
0.30290
-0.740900
-0.897716
-0.255113
-0.944354
-0.464374
0.372758
0.222389
0.614492
0.693112
0.863704
-0.570209
0.681773
0.255227
-0.761987
0.594901
-0.19393
0.197707
0.342844
0.414011
-0.692118
-0.706189
-0.104430
0.49100
0.91473
0.89987
-0.120312
-0.448445
-0.507741
0.463712
0.680009
-0.94709
-0.427118
-0.649217
0.745237
0.573512
-0.457965
0.534936
-0.240985
-0.314021
0.358953
-0.836692
-0.580556
-0.314054
-0.505162
-0.390729
0.869084
-0.917279
0.294207
-0.98869
-0.146076
0.25855
0.468435
0.715492
0.661180
0.590935
-0.433521
-0.532102
-0.229116
-0.651431
-0.140275
0.435803
0.560303
0.338265
0.435930
0.926658
-0.625868
0.218751
-0.513305
0.836428
-0.480108
-0.710971
-0.371342
-0.960410
0.121934
0.851089
0.686706
0.304272
-0.156326
-0.617871
-0.596024
-0.690614
0.497042
-0.348900
-0.876312
0.701186
0.645395
-0.786401
-0.687935
0.649899
0.391357
0.104783
0.820585
-0.841424
0.567946
-0.85520
0.3824
-0.418567
-0.234556
-0.27567
0.469147
0.983641
0.657262
-0.163983
0.65911
0.187772
-0.347575
-0.51684
0.217963
0.661425
-0.868756
-0.466232
0.555784
-0.406151
0.168618
-0.933914
-0.678823
-0.268659
-0.720302
0.713988
-0.279228
0.276186
-0.227019
0.827669
0.253682
0.230892
-0.268743
-0.27723
-0.614627
0.131221
-0.867593
-0.421010
-0.15394
0.915206
-0.671367
0.554614
-0.563658
0.610104
-0.675022
0.752013
-0.443219
-0.567495
0.712734
-0.536490
0.29093
0.626959
-0.765550
0.475806
-0.770343
0.32994
0.536559
0.425010
0.934761
0.407248
0.472887
0.54840
-0.174870
-0.628069
-0.733906
0.247670
0.381327
-0.692389
-0.438950
-0.960526
-0.75561
0.683708
0.97481
-0.745042
0.143833
0.674729
0.344255
0.565531
-0.868258
0.923082
-0.390863
0.397868
0.561733
-0.951772
0.291157
-0.726329
-0.422171
-0.11543
0.35108
-0.584598
0.941580
-0.828365
-0.21601
-0.321313
-0.103848
-0.524728
0.447852
-0.299606
-0.529205
0.10270
0.680029
0.703433
0.179341
-0.654556
0.987914
-0.426094
0.531185
0.731681
-0.681060
-0.958998
-0.330095
-0.312324
-0.922674
0.787533
0.379661
-0.788595
0.83459
-0.710946
0.723357
0.509953
0.637360
-0.157117
-0.223210
0.754037
0.974497
-0.205531
0.229466
-0.82540
0.129786
-0.120372
0.700581
-0.118194
0.433700
0.563192
-0.227347
-0.384680
-0.525544
-0.65958
-0.463299
-0.169377
-0.565734
0.258741
0.409115
0.463693
0.727707
-0.597406
0.525737
0.728680
-0.577445
0.632846
0.881369
-0.185853
-0.108379
0.188371
-0.588158
0.525827
0.765360
-0.465445
-0.642202
-0.262434
0.29555
0.830901
0.608144
0.31081
0.367805
-0.990383
0.714157
-0.688791
-0.944399
0.910567
-0.267615
-0.202801
-0.253667
-0.756508
0.113736
0.298483
0.395134
-0.731288
-0.688966
0.188868
0.459001
0.338650
0.871839
0.28399
0.420957
-0.381499
0.408065
0.754252
0.768899
0.590306
-0.46054
0.58632
-0.534527
0.444467
-0.584994
-0.312969
-0.845291
0.249859
0.195414
0.566073
0.249929
0.821295
-0.531873
0.352430
-0.602660
-0.216113
-0.864231
-0.606255
0.97369
0.654955
0.716762
-0.759064
0.135897
0.795535
0.319885
-0.464034
0.309181
0.744160
-0.893581
0.690883
0.588384
-0.177661
-0.214445
-0.367725
-0.350991
0.510531
0.23309
-0.146158
-0.794870
0.523221
-0.819654
-0.200922
-0.305289
0.2593
0.74377
-0.727816
0.633177
-0.115376
0.205746
0.675790
-0.54838
0.140842
-0.488620
0.753706
0.745045
-0.914597
-0.296887
-0.209886
-0.60602
0.833750
0.938661
-0.314093
-0.499748
0.935813
-0.945275
-0.294935
0.830628
-0.594612
-0.755481
-0.602738
-0.141598
-0.65226
-0.149207
-0.557013
0.520297
-0.377493
-0.985034
-0.547148
0.637407
0.222981
0.610917
-0.615499
-0.470046
0.277146
-0.74782
-0.726055
0.429925
0.687569
0.99098
0.821646
-0.668050
-0.594705
0.407077
0.654219
-0.141168
0.176223
-0.911470
0.226335
-0.34538
0.123396
0.899719
0.358405
0.189789
-0.425128
-0.806909
-0.940987
-0.962265
0.644396
0.193898
-0.962883
-0.692168
-0.119856
0.447180
0.17859
0.849673
-0.623744
0.507059
-0.595388
0.28124
-0.18439
-0.299995
-0.342697
0.495119
0.180659
-0.802061
0.56788
0.799000
0.646924
0.39187
0.760604
0.806038
-0.670957
-0.366497
-0.42649
0.319567
-0.262360
0.20515
-0.914527
-0.108503
-0.753708
-0.755081
-0.953849
0.503492
0.316615
0.265556
0.464244
-0.977919
0.933748
-0.917900
0.771742
-0.553839
0.373381
-0.671864
-0.639045
-0.899448
0.723635
-0.719601
-0.724963
-0.310962
0.798476
0.151501
0.197169
0.914275
-0.990189
-0.623668
0.69642
-0.828738
0.300917
0.247284
0.797321
0.849067
-0.833966
0.747496
0.340817
-0.633212
-0.667681
0.434719
0.430486
0.995768
-0.181169
-0.698958
0.313295
-0.726538
-0.28298
0.70527
0.153259
-0.379279
-0.37319
-0.62507
-0.701586
0.33783
-0.996784
0.234118
0.333848
-0.364297
-0.365675
-0.798532
0.623656
0.325887
-0.15245
-0.510278
-0.865066
0.672082
-0.49038
0.280522
0.463012
-0.636244
-0.331863
0.436123
0.132952
0.697080
-0.896381
0.726654
-0.537035
0.688344
0.481660
-0.237137
-0.120885
0.765464
-0.676513
-0.436899
-0.909348
-0.148379
0.976209
0.906923
0.901275
-0.640493
-0.648672
-0.834046
-0.936041
0.254339
0.753717
-0.797132
0.433401
-0.77229
-0.641286
0.798496
0.136328
-0.791846
-0.47730
0.738052
-0.851828
-0.779366
0.262045
0.202559
-0.684858
-0.648491
-0.464728
-0.345882
-0.40923
0.40747
0.969945
0.749196
0.302471
0.735163
0.272515
-0.331911
-0.884465
-0.657548
0.273745
-0.893652
0.833359
-0.913531
-0.20471
-0.228920
-0.715230
-0.259956
-0.108911
0.824152
0.66547
-0.277936
-0.65235
-0.12463
0.753828
0.645266
-0.46471
0.502529
0.113766
0.210621
-0.708178
0.228335
0.225561
0.657639
0.13797
0.778559
-0.73812
-0.968463
-0.699047
-0.121452
-0.683642
0.513153
-0.338341
0.642648
-0.464447
0.619048
-0.325515
0.145090
-0.852027
-0.401900
-0.317225
0.495225
-0.753308
-0.46437
-0.477319
0.937935
0.967311
0.407426
0.15827
-0.790463
0.936048
0.685604
0.773247
-0.328991
0.666127
0.523803
0.427703
-0.374390
0.999068
-0.666071
-0.621420
-0.153700
0.604151
-0.927088
-0.643905
0.616605
-0.127063
0.874220
0.165607
0.41937
-0.450455
0.815088
0.101120
0.91874
-0.643010
-0.576576
0.911007
-0.369514
-0.807755
0.651490
0.14155
-0.64318
0.86657
-0.74233
0.141750
0.600351
-0.714614
0.503068
0.637622
0.915922
0.901943
0.61414
0.255479
-0.844461
-0.243884
0.547599
-0.280399
-0.431961
-0.550457
-0.135672
-0.171420
0.317117
0.184167
-0.701768
-0.447831
0.618773
0.142893
0.679076
0.627469
-0.494311
0.535841
0.645744
0.653828
-0.183296
-0.616604
0.412845
-0.571345
0.190411
0.66499
-0.610006
0.542574
-0.380456
-0.941671
0.600192
0.583070
-0.956845
0.652766
0.451504
0.712999
0.27232
-0.986474
-0.150331
-0.686391
0.346035
0.265626
0.783572
0.701173
-0.493668
0.739912
0.728337
0.221068
0.958247
-0.320476
0.696781
-0.560904
-0.912134
-0.196794
-0.621549
-0.435912
-0.185131
-0.439978
-0.509738
0.649083
-0.783996
-0.129972
-0.228330
0.230219
-0.257579
-0.629033
0.100522
-0.711077
-0.770020
0.591474
0.340112
-0.391858
0.245276
-0.526650
0.489340
0.274773
-0.81080
-0.818373
0.788490
0.45044
-0.115640
-0.33133
-0.413071
0.261523
0.684785
-0.123716
-0.913087
-0.582844
0.380116
0.913378
-0.801579
0.691849
0.625601
0.741126
0.75167
0.976512
-0.492952
-0.923323
-0.270207
-0.121818
0.554196
-0.12593
-0.793814
-0.141999
0.221283
-0.76090
0.276232
-0.938225
-0.794514
0.348628
0.981875
0.576841
-0.367489
0.413555
-0.201363
0.625392
0.297260
-0.255546
-0.266126
-0.297708
-0.485626
-0.26623
0.141738
-0.696396
0.160553
-0.322286
-0.886517
-0.133607
-0.915644
0.408055
-0.598888
0.905270
0.704137
-0.19927
0.591066
-0.974025
0.691434
-0.354903
-0.481850
0.285777
0.612677
0.301183
-0.23543
0.302257
-0.981953
-0.572546
0.776465
-0.509693
0.671336
0.450866
0.847256
0.855447
0.941893
0.404567
-0.294354
-0.98850
0.331112
0.955282
-0.834823
-0.810194
-0.484204
0.430321
-0.376908
-0.257624
-0.985987
0.343351
0.166086
-0.404638
0.441853
-0.564426
-0.532254
-0.675943
-0.579661
-0.734374
-0.921468
-0.780317
-0.443661
-0.699046
0.667006
0.901519
0.697865
0.2589
0.960021
-0.488283
-0.732784
0.170785
-0.748690
0.644758
0.510657
0.291892
-0.440053
0.870503
-0.282849
0.220637
-0.42572
-0.119200
-0.399730
0.120740
0.45368
0.277977
-0.694437
-0.559544
-0.328195
0.804182
-0.99786
-0.303683
0.168285
-0.939907
-0.776439
-0.950045
0.315404
-0.592152
0.223739
-0.591238
-0.354620
-0.79964
-0.867034
0.8536
0.876514
0.66787
0.941498
0.32493
-0.577360
0.593621
0.165648
-0.721867
0.645615
0.228890
0.59616
0.171166
-0.238400
0.979646
0.406991
0.300664
-0.833606
0.776158
0.254273
0.401239
-0.813755
0.734489
-0.571230
-0.493159
-0.803079
0.602552
-0.574882
-0.793285
0.541200
0.918717
0.277466
0.748049
0.103185
-0.402528
0.365563
-0.738148
-0.314979
-0.675074
0.445345
-0.619407
0.922987
0.627472
0.28381
-0.827504
0.226393
0.550477
0.998307
-0.131284
0.855437
0.491654
0.853932
0.916671
0.218791
-0.571473
-0.792682
0.428913
0.961895
-0.246244
-0.509847
-0.76209
0.336322
-0.272803
-0.957916
-0.952473
0.970604
-0.550706
-0.706634
-0.509799
-0.608178
0.105914
0.304856
-0.149235
0.623916
-0.773379
-0.985579
0.902707
0.508979
0.172882
-0.612302
-0.796602
-0.602187
-0.923794
0.847390
0.750598
0.31218
0.889133
-0.907691
0.119178
-0.466551
-0.181723
0.774851
0.774032
0.292646
-0.750726
-0.588622
-0.4207
-0.410989
0.15982
0.361595
0.746651
0.139445
-0.245241
-0.706857
-0.578745
-0.773329
0.625540
0.877603
0.832011
-0.379191
-0.591550
0.162770
-0.674975
-0.523758
-0.864842
-0.973891
0.794520
-0.763630
0.160473
-0.920532
0.160249
0.48743
-0.758394
-0.701713
-0.612948
-0.205847
-0.565071
-0.800255
-0.458728
-0.447356
0.242071
-0.451415
0.50936
-0.109056
0.718238
0.983332
-0.239803
-0.664276
-0.474773
0.621307
0.479598
0.292219
0.195771
-0.317420
-0.965544
-0.494421
-0.218728
-0.276911
0.677234
-0.997425
0.448260
-0.790311
-0.45536
-0.718965
0.853281
0.608031
0.683778
0.926605
-0.541781
-0.50400
-0.41505
0.231293
0.7009
-0.46249
-0.443227
-0.112420
0.57136
0.128607
0.390023
0.622983
0.220548
-0.608888
-0.680321
-0.300227
0.812222
-0.245780
-0.928152
-0.630313
0.17981
0.652110
0.720237
0.385401
0.699966
-0.396399
0.877933
0.849646
0.283100
0.519160
0.26731
-0.701877
0.686367
-0.692681
-0.457435
0.66033
-0.515908
0.969329
-0.999026
0.46224
0.385091
0.305334
-0.978357
0.394209
-0.129867
-0.741231
-0.732757
0.995552
0.423470
-0.33643
-0.43931
-0.872673
0.334172
0.312338
0.713085
0.64895
-0.801185
-0.393904
0.525210
0.557351
0.217835
-0.328029
0.774395
0.886068
-0.528167
0.595122
-0.52093
-0.648290
-0.342503
-0.752168
0.319190
-0.186469
-0.703644
-0.932621
-0.401191
0.916637
-0.304908
-0.85971
-0.84599
0.309873
-0.408104
-0.217569
-0.921847
-0.879166
0.342840
0.836291
0.964749
0.815110
-0.152189
0.446305
0.237704
0.688760
0.640312
0.170972
0.746771
-0.370382
-0.934896
0.164128
0.970162
-0.121094
0.190981
-0.7737
0.12849
-0.856829
-0.570578
0.234772
-0.698780
0.899951
0.698263
-0.580355
-0.584472
-0.148966
-0.55040
-0.376113
-0.356390
-0.370909
0.487297
-0.219454
-0.717845
-0.181537
-0.895769
0.645763
-0.856193
0.449993
-0.649342
-0.548548
0.497438
0.269535
-0.526961
0.610386
0.175560
-0.947075
-0.392646
0.195707
0.275517
-0.431619
-0.826258
0.798540
0.139449
0.269613
0.278882
0.538957
0.515675
0.845152
-0.486845
0.442340
-0.469537
-0.357966
-0.588649
0.5379
-0.447271
-0.68156
0.514381
-0.988685
0.631582
-0.958973
-0.592811
0.719489
-0.306423
0.183828
-0.52883
-0.972026
0.48288
0.900956
-0.400019
-0.533807
0.859686
0.153523
-0.985012
-0.60601
0.916859
0.43410
0.517504
0.134510
-0.843893
-0.133549
-0.460858
-0.935550
-0.951920
-0.178787
-0.775546
0.715581
0.830910
-0.42003
0.527666
0.948868
-0.122178
0.470548
0.787882
0.979962
-0.956100
0.44905
0.251791
-0.958809
0.849665
-0.72003
0.366543
-0.776795
0.689393
0.529727
-0.437754
-0.177937
0.503578
-0.232319
0.286248
0.439588
0.358497
-0.692011
0.497652
0.846703
-0.304770
-0.488881
0.738995
-0.385119
-0.633531
-0.161800
-0.909794
-0.663922
0.20926
0.221184
-0.624875
-0.582227
0.177970
-0.110012
-0.441411
-0.55645
0.391774
-0.450199
0.842907
-0.591861
-0.266516
0.64077
0.126102
-0.622386
0.624241
0.486907
-0.20696
-0.748840
-0.376077
0.906993
0.848271
-0.596374
-0.23517
0.403518
-0.398243
0.375567
-0.781745
0.873774
-0.683996
0.571229
-0.339731
-0.590057
-0.676327
-0.591798
0.230453
0.386244
-0.977782
0.351474
0.545543
0.900427
-0.783076
-0.641250
0.231991
0.989022
-0.11184
0.740576
-0.651091
0.744047
0.702234
-0.896174
-0.867341
0.527764
-0.297741
0.879126
-0.666934
-0.819775
0.571900
-0.531185
0.976049
-0.236231
0.113162
-0.854502
-0.823793
0.124376
-0.483451
0.975067
0.819321
0.228619
-0.414773
-0.993052
0.920002
-0.564423
-0.273853
0.812147
0.648519
-0.753488
0.541538
0.42286
0.755596
0.924064
-0.703565
0.106191
-0.434667
0.672653
0.475259
-0.963852
0.478533
-0.403516
-0.656587
-0.34992
-0.296746
0.583139
-0.429175
-0.236320
0.308440
0.423818
-0.575868
-0.51244
-0.381171
-0.376327
0.389603
0.768044
-0.901159
0.653226
-0.936280
-0.895557
-0.993051
-0.104014
-0.620475
-0.123350
-0.17071
0.457273
-0.109882
-0.119826
-0.748766
0.863836
0.869038
0.39209
-0.836145
-0.877000
-0.413358
-0.38155
-0.767607
-0.861340
0.998856
0.349701
0.564564
0.641571
-0.831843
-0.198204
0.773904
0.751683
0.726625
0.445843
0.516032
0.367899
0.611754
0.852152
0.64576
0.800147
0.214535
-0.112064
0.473175
-0.969898
-0.31386
0.401980
0.262847
0.480936
0.460909
-0.68595
0.765975
-0.939036
-0.875253
0.273442
-0.537384
0.519614
0.256142
0.47371
-0.418018
0.550687
-0.218076
0.287398
-0.139036
0.986748
-0.695114
-0.609590
-0.524543
-0.355171
-0.856166
0.855978
0.734907
0.661823
-0.556326
-0.720366
-0.275520
-0.456453
-0.256425
0.490871
0.512186
0.511758
0.565668
-0.701094
0.669975
-0.522711
0.201230
0.952397
-0.303337
0.927186
0.839766
0.350361
-0.951310
0.125234
-0.67018
-0.119549
-0.126430
-0.302857
0.269008
0.331365
-0.576568
-0.14182
0.781822
-0.230288
-0.580799
-0.944823
-0.837731
-0.568556
0.134703
0.513129
0.342600
0.780926
0.296689
-0.710184
-0.120439
-0.537386
0.928330
-0.507511
0.34499
-0.311663
-0.411626
-0.68567
-0.584375
0.554751
-0.847266
0.920800
-0.216910
-0.175249
0.818214
0.112002
-0.443335
-0.668366
-0.717308
-0.114521
-0.946380
0.883457
-0.199023
-0.123717
-0.105500
0.18829
-0.262701
-0.658984
0.157708
-0.542267
0.752371
-0.463632
-0.820009
0.600075
-0.340579
-0.805476
0.657132
-0.677671
-0.673662
0.155907
0.512560
-0.248280
0.114366
-0.287577
-0.774202
0.797052
0.466
-0.238631
-0.425387
-0.874145
-0.69654
0.85631
-0.884907
0.99294
0.81042
0.370435
0.429938
-0.885216
-0.558683
-0.365434
-0.35341
-0.859458
-0.939523
-0.372635
0.453147
0.647230
0.926401
0.765940
0.12515
0.402581
-0.120436
-0.203511
0.908083
-0.611030
-0.810576
0.316004
-0.655302
0.398077
-0.789904
0.476089
0.17492
0.282205
-0.405236
-0.787906
0.913380
0.27660
-0.996208
0.100542
0.352603
0.403763
-0.720740
-0.525449
0.411582
-0.487220
-0.210591
0.960891
0.635684
-0.688330
0.291242
-0.458671
0.699428
0.754790
-0.266559
0.632633
0.83256
-0.298693
-0.272515
-0.696390
0.264022
0.401937
0.179624
-0.219049
-0.605924
0.372581
-0.416320
0.618140
0.350288
0.844089
-0.744614
0.752361
0.545822
-0.180922
0.907902
0.535140
0.93628
-0.162889
0.332609
0.604913
0.322022
-0.352052
0.325100
0.886795
0.892179
-0.808588
-0.756663
0.497368
-0.644708
0.669879
0.71955
0.240886
0.174800
-0.955188
-0.818419
0.962295
0.570300
-0.911488
0.833595
-0.603493
0.561871
0.878920
0.5734
0.653724
-0.87282
0.719405
0.44975
0.357525
-0.396772
-0.243537
0.905519
0.388336
-0.69235
-0.887572
0.130811
-0.144957
0.419498
-0.527569
0.432869
0.108379
0.21249
-0.712093
0.820781
-0.802351
0.898684
0.465448
-0.800776
-0.312727
0.186313
-0.772842
0.207716
0.9807
0.458028
-0.568798
-0.751374
-0.927400
0.21315
-0.355199
-0.225465
0.576001
0.236143
0.477409
0.927937
-0.906931
0.990435
-0.431375
0.146628
0.341717
-0.11263
-0.11905
0.104045
-0.51613
0.127856
0.160
0.80716
0.510174
0.650314
-0.870131
0.294071
-0.692502
-0.5892
-0.515361
0.114116
0.273529
-0.800298
-0.404369
-0.773797
-0.62408
0.895500
0.771326
-0.671434
0.325779
-0.301788
0.900000
-0.5678
-0.913070
0.265436
0.196795
0.801862
-0.21284
0.788464
-0.22855
0.914340
-0.980266
0.180536
0.818760
0.65796
0.690070
0.856803
0.479796
0.731630
-0.423107
-0.821297
0.892971
0.606580
-0.741671
-0.856260
-0.990009
0.398846
-0.613145
0.754571
-0.947704
-0.92798
-0.704304
0.260550
0.844786
0.93318
0.989246
-0.404148
-0.570479
0.312824
0.438476
-0.109381
-0.488742
-0.431464
-0.603962
-0.566497
-0.39107
-0.222146
0.641600
-0.476567
-0.474876
-0.270632
0.852
0.379044
0.718213
-0.916186
0.893657
-0.617879
-0.50147
-0.639
0.784435
-0.238481
0.259136
-0.599657
-0.459675
0.903475
0.162461
-0.431377
-0.881591
0.767349
-0.18642
-0.789198
-0.225454
-0.811051
0.489124
0.962416
0.895178
-0.129805
-0.694228
0.571403
0.322038
-0.604806
0.165337
0.680517
0.846605
-0.195789
-0.131401
-0.293898
-0.424768
-0.665161
0.432991
-0.220156
0.344826
0.515188
0.595776
0.709309
-0.77821
-0.435018
0.350299
-0.839143
-0.79753
0.94855
-0.536271
-0.600713
-0.526407
-0.907635
-0.409804
0.320272
0.994105
0.310037
0.954756
-0.540399
-0.849814
-0.308440
0.123656
0.429721
-0.182515
-0.447267
-0.429682
0.196177
0.830208
0.431839
0.747956
0.510995
0.620277
-0.364646
0.873084
-0.123963
-0.913167
0.439364
0.579987
-0.756585
0.393662
-0.997641
-0.284538
-0.812137
-0.813984
-0.387462
0.28792
0.336706
0.752195
0.740455
-0.639102
-0.864529
0.813174
0.105446
0.172979
0.672017
0.98588
-0.939041
-0.863477
0.14224
0.27858
-0.755754
0.816497
0.254776
0.310164
0.710323
-0.376002
0.17889
-0.395098
-0.98690
-0.18070
-0.167422
-0.956718
0.499785
-0.373993
0.530361
0.915697
-0.7558
0.411279
-0.817238
0.773918
0.187062
0.135117
0.855449
-0.844638
0.614644
-0.757551
-0.979368
-0.888529
-0.50816
0.25867
-0.697078
0.383644
-0.190110
0.483323
0.32719
0.83965
0.923514
0.941085
0.749298
-0.765807
-0.681136
-0.662361
-0.237627
0.172362
-0.362469
-0.385973
-0.656146
-0.796888
-0.80893
0.886309
0.537453
-0.366097
-0.705709
0.756283
0.125610
0.851655
-0.561800
-0.983603
-0.613963
-0.120575
0.870546
-0.552332
0.792517
0.405653
0.145784
0.19726
-0.294940
0.660557
0.209358
0.488362
-0.455283
-0.658067
0.886737
0.332863
0.830339
-0.993486
-0.476338
-0.260282
-0.411391
-0.174970
-0.506953
-0.756764
-0.96873
0.835247
0.834163
-0.157552
-0.179978
-0.822882
-0.973641
-0.600121
0.125536
-0.537569
-0.655777
0.903435
0.496490
-0.140695
-0.789454
0.838041
-0.831134
-0.192559
-0.996898
0.987447
-0.682082
0.792648
0.998780
-0.976055
-0.986376
-0.758895
-0.344180
0.742026
0.740736
0.360466
0.812886
-0.416518
0.388147
-0.342021
-0.991892
-0.594626
0.656150
0.846049
0.780044
0.811951
0.852080
-0.441278
0.233177
-0.69635
0.98731
0.20455
-0.661312
0.71989
-0.78754
0.950857
-0.259830
-0.744620
0.449109
-0.603615
-0.929125
-0.544630
-0.502765
-0.10170
0.685565
-0.226207
-0.26258
0.212265
0.199988
0.253382
0.214616
-0.349389
-0.266074
0.423132
-0.717383
-0.493393
-0.958666
0.460418
0.540283
-0.713725
-0.66746
0.526497
-0.702946
0.813279
0.539369
0.698029
-0.787252
-0.744785
-0.174131
-0.801214
0.711016
-0.538023
0.332630
0.163817
0.985382
0.615114
0.333826
0.177838
0.913079
-0.939707
-0.574131
-0.722786
0.201506
0.414710
0.151840
-0.783504
-0.26883
-0.565243
-0.352673
0.265130
-0.606603
-0.422888
0.570913
-0.977203
0.108196
0.452792
-0.587351
0.560062
-0.159502
0.197199
-0.223400
-0.206904
0.851287
-0.642500
0.501208
0.58368
0.820580
-0.564594
0.114687
-0.875485
-0.491411
-0.937914
0.536560
-0.900324
-0.989101
-0.40110
0.627283
0.979137
0.19161
-0.682531
0.45620
0.144534
0.771212
0.774045
0.283629
0.141486
0.10512
0.886507
0.93728
0.759487
-0.917058
-0.811683
0.562963
0.539265
-0.961513
-0.135199
-0.995400
-0.906038
0.537917
0.685215
-0.329614
0.112938
-0.422453
-0.403551
0.302628
0.115363
-0.995340
-0.280381
-0.266922
-0.173132
-0.557794
0.751921
-0.137120
0.352510
-0.338044
-0.496583
0.897130
0.40489
0.125319
0.352117
-0.639782
0.163987
0.943582
0.226130
-0.780366
0.955291
0.740298
-0.440411
0.881525
0.68808
0.863351
0.436283
0.207617
0.596417
-0.953516
-0.793589
0.965070
-0.261125
0.918296
-0.151860
0.402870
0.585878
0.847068
-0.53290
-0.851915
0.497218
-0.236546
0.508451
-0.442978
0.809804
-0.602458
0.22498
-0.77321
0.508884
-0.287231
0.726983
0.284248
0.382325
-0.855503
-0.892614
0.590418
0.455388
0.356038
0.303831
-0.101412
-0.711864
0.233381
0.787751
0.534337
-0.822672
0.473732
-0.544373
0.895222
-0.922001
-0.878666
-0.490848
-0.237151
-0.812400
0.942780
0.908559
-0.746219
0.264416
0.354785
-0.323008
0.381507
0.227043
0.728040
-0.129572
0.730819
-0.406692
-0.898892
0.111273
-0.876480
-0.761938
0.72608
-0.896158
0.290920
0.831133
-0.245445
0.51179
0.332525
0.998545
-0.598695
-0.716532
0.212395
-0.455351
-0.53468
0.280035
0.6649
-0.781914
-0.228822
0.930789
0.354998
0.198151
0.432415
0.743748
0.76609
0.374563
0.386763
-0.521170
-0.247024
0.226797
0.575849
0.263145
0.65158
0.694460
0.755835
-0.846427
0.387172
0.227629
-0.326614
-0.133584
0.230023
-0.78528
-0.115595
0.215944
0.608924
0.212167
0.465926
-0.283624
-0.553076
-0.374122
0.119685
0.936097
-0.297832
-0.875501
-0.167808
-0.27670
0.33585
0.530969
0.254952
-0.60855
-0.222358
0.565002
-0.264687
-0.768426
-0.859414
-0.643028
-0.879449
-0.518661
0.291908
0.318080
-0.919599
0.373899
-0.484652
0.135068
-0.684485
-0.119833
-0.985298
-0.627832
-0.49813
-0.100453
-0.538806
0.921031
-0.355311
0.628242
-0.350206
0.623287
-0.808425
-0.772046
-0.934758
0.549034
0.135742
0.42438
0.870055
0.887377
0.582881
0.378152
0.247664
0.572648
-0.255227
0.766546
-0.147212
0.424295
-0.903371
0.281419
-0.619807
-0.973724
-0.532025
0.876589
0.202786
-0.871006
-0.268150
-0.940059
-0.64694
-0.151494
0.229949
0.474411
0.824226
-0.365503
-0.95047
0.598431
0.993728
-0.986756
-0.104670
-0.960538
-0.660016
-0.125828
-0.113407
-0.476685
0.94947
-0.530726
-0.546219
-0.218410
-0.903843
-0.647099
0.747188
0.746449
-0.334037
-0.299374
0.112902
0.295220
-0.124161
-0.217437
0.3288
0.932021
-0.322301
-0.455835
0.984237
-0.788022
0.290864
0.919675
0.197003
0.811673
0.915681
-0.2453
-0.920015
0.317854
-0.235074
0.798096
0.262118
-0.885653
0.225569
-0.485645
-0.532086
-0.130590
0.741493
-0.377355
-0.749093
-0.502241
0.332779
0.209710
0.318720
-0.296971
-0.611912
-0.824860
0.374241
-0.974803
0.568353
0.842320
0.766819
0.439742
0.55880
-0.479513
0.522477
0.986100
-0.2801
0.108051
0.756078
0.908019
0.49145
0.242022
-0.476096
-0.55900
-0.709977
0.661241
-0.903835
-0.17813
-0.950785
-0.281040
0.995432
0.844871
0.979302
0.836106
0.390648
-0.103372
0.509708
-0.895884
0.594923
-0.546606
0.882709
-0.814400
0.341535
-0.262611
0.362243
0.281936
-0.327144
-0.872261
-0.596082
0.558180
0.485197
0.459228
-0.39650
0.497062
-0.306898
0.972177
-0.284220
-0.492504
-0.651495
-0.950780
-0.331471
-0.404118
-0.875876
0.481415
0.17452
-0.491392
0.733851
0.530259
0.305734
0.957130
0.103694
-0.834943
-0.232236
-0.562726
0.115267
-0.930174
-0.262575
0.621706
0.127024
0.159465
-0.691772
-0.679830
-0.117830
0.231828
0.270115
0.68900
0.634617
0.310780
-0.747643
-0.783289
0.903365
-0.826001
0.564108
-0.853447
0.99885
0.351961
-0.663769
0.733633
0.274584
0.721516
0.187124
-0.467566
0.210613
-0.721299
-0.168205
0.853871
0.250756
0.786566
-0.643931
0.22349
-0.652925
0.51826
-0.438805
-0.130998
0.783624
-0.290793
-0.675636
-0.308842
-0.53058
0.360857
-0.83786
-0.841889
-0.410952
-0.182111
-0.784820
0.831404
-0.127826
0.787143
0.185041
0.312725
-0.803361
-0.455766
-0.878230
0.881598
0.827454
-0.185255
0.489888
-0.278487
0.688303
0.988428
0.697763
0.943572
0.219415
-0.908573
-0.681561
-0.889475
0.341169
0.996623
0.142554
0.183391
0.153381
-0.913952
-0.428494
0.60461
-0.685743
0.106272
-0.385075
0.241800
0.296911
0.41651
-0.888024
-0.496099
-0.309072
-0.481296
-0.403648
-0.454338
-0.66037
0.716650
0.77082
0.644032
-0.858706
-0.662684
0.832852
0.880975
-0.571210
-0.140941
-0.886457
0.721132
0.162467
0.196211
-0.899820
-0.639497
0.18840
-0.493093
0.165964
-0.891452
0.920134
-0.784803
-0.491324
0.399103
-0.621109
-0.554474
-0.209788
-0.252152
-0.510739
0.454724
0.98913
0.409122
-0.966721
-0.762732
-0.588397
-0.673707
0.241024
0.777871
-0.673345
-0.311235
-0.749722
0.834725
0.174020
0.848118
0.567946
0.644375
0.913416
-0.333669
-0.504769
0.529175
-0.266937
0.601698
0.694097
0.756661
0.105599
-0.694600
0.482662
-0.847536
0.648908
-0.374146
0.31201
0.400065
-0.104723
-0.341106
0.346487
0.702658
-0.105868
-0.154089
-0.232982
0.200111
0.527704
0.710255
-0.940389
0.183401
-0.286150
-0.322503
0.608772
0.294672
-0.5359
0.839339
-0.538764
-0.997975
0.879059
-0.993653
0.611872
0.450623
-0.604827
-0.666294
-0.235022
-0.650866
0.923594
0.871227
-0.244995
0.762214
0.834382
0.118553
-0.659904
-0.50482
0.784946
-0.651004
0.754251
-0.52746
-0.778859
0.904295
0.85088
0.84110
0.77588
-0.57401
0.153941
-0.572937
0.937522
0.394173
-0.324372
-0.652741
0.5142
-0.538840
-0.405373
-0.634823
0.826978
0.230818
-0.643337
0.953453
-0.302969
-0.43508
0.863174
-0.961585
-0.340640
-0.430826
0.316765
-0.807034
-0.387313
0.114004
-0.453812
-0.9623
0.320651
0.225561
-0.588073
-0.684913
0.222573
0.864305
-0.377570
0.402796
0.181649
0.899575
0.433542
0.336674
-0.568836
-0.646245
0.715858
-0.336144
-0.929013
-0.497
-0.773424
0.440833
-0.446535
-0.598096
-0.647380
0.542317
-0.867219
0.843796
0.664854
0.637968
0.147500
0.772692
-0.456434
-0.899868
-0.219597
-0.935238
0.618480
0.505370
-0.713913
-0.405474
0.137063
0.706675
0.906035
0.821395
0.247293
0.804581
0.743577
-0.258152
0.718813
0.618162
0.91091
0.447784
0.962175
-0.290939
-0.89325
0.553734
0.160556
-0.263375
0.327232
0.153834
-0.544134
-0.485670
0.568392
-0.520426
-0.934548
0.258319
0.724693
0.767914
-0.691962
0.879309
-0.755267
0.40380
-0.209804
-0.15120
-0.904879
0.627913
-0.160073
0.769429
-0.890111
-0.48374
0.977500
0.883002
0.529149
-0.905415
0.226122
0.518750
0.217768
0.929918
0.895591
-0.480961
0.630344
0.282187
-0.738810
-0.35234
0.890528
-0.486284
-0.906653
-0.570222
0.52907
-0.173265
-0.776714
-0.776771
0.800203
0.938406
0.168079
-0.12616
0.560946
0.588840
-0.379124
-0.961382
0.740386
-0.137680
0.849657
-0.599194
0.699892
0.181593
-0.497180
-0.987440
-0.697758
-0.509529
0.894270
-0.180613
-0.849652
-0.271325
-0.426232
-0.14780
0.196725
0.330011
0.893068
-0.465298
0.734369
0.585919
0.154313
0.561636
0.48262
-0.750613
0.142366
-0.914101
-0.733385
-0.737147
-0.934485
-0.358940
0.420741
0.210297
-0.650861
-0.423121
0.871544
0.165836
-0.131456
0.394280
-0.347694
0.638603
0.592473
-0.998431
0.738131
-0.518179
-0.3859
0.836532
0.598775
0.254761
-0.271481
0.183923
-0.719627
-0.685234
0.109935
-0.30801
-0.740761
-0.947690
-0.738462
0.208148
-0.198052
-0.181914
0.636151
-0.142863
-0.97980
0.33619
0.591859
0.28839
-0.83653
0.162569
-0.309940
0.167570
0.895479
0.932991
0.577734
-0.143239
-0.383819
-0.977698
0.376304
0.287601
-0.34538
0.876449
-0.538763
0.454235
-0.135714
0.332358
-0.842878
0.45412
0.131541
0.405003
-0.119543
0.1413
0.906100
0.39684
0.132377
-0.789392
-0.164859
0.826016
0.87482
0.358743
-0.413407
0.217906
-0.223734
-0.27347
-0.758074
0.97254
-0.496945
-0.897331
-0.110483
-0.201801
0.297005
-0.442479
0.173387
-0.681839
0.548746
0.33121
0.248036
-0.734790
0.30698
0.343397
0.710841
0.182741
-0.55670
0.643536
0.49791
-0.925365
-0.869235
0.325013
0.152691
0.852547
-0.47435
-0.179942
0.653047
-0.283593
-0.709575
0.988869
-0.67641
0.177258
0.284386
-0.805817
-0.698836
0.197327
0.615379
0.159749
0.45545
-0.985860
0.414316
0.904803
-0.629591
-0.783813
-0.331738
0.792286
0.493349
-0.39042
-0.823043
-0.628265
-0.92394
0.122654
-0.380637
0.992195
0.811051
-0.35514
-0.692914
-0.841787
-0.645065
0.178024
0.947338
0.892534
-0.456207
-0.218423
0.809140
0.317482
-0.704985
-0.642011
0.755244
-0.511804
-0.644966
-0.824367
0.3987
-0.176737
0.324458
0.658559
-0.841424
-0.712484
0.515373
-0.609586
-0.810300
0.258751
-0.916262
0.600907
-0.567673
0.270506
0.692733
0.583223
0.793732
0.862124
0.631074
0.389988
0.588128
0.319185
0.66084
0.977071
0.888545
0.908021
-0.169289
0.992665
0.654343
0.982305
-0.874398
0.560148
0.358192
0.786321
-0.975659
0.10820
-0.311486
-0.699992
0.775130
-0.286658
-0.945590
-0.468482
0.736311
-0.884545
0.240671
0.254082
-0.465082
0.783200
-0.269206
0.361597
-0.778535
-0.325004
0.218775
-0.500295
-0.734764
0.173932
-0.497984
-0.827937
-0.136266
0.141301
-0.95684
-0.492007
-0.242317
-0.933096
-0.877432
-0.272740
-0.699815
-0.778692
0.655444
-0.428848
0.98644
0.103266
-0.761547
0.347275
0.643685
-0.791102
0.916663
0.332839
0.591020
-0.703207
-0.593333
-0.673476
-0.606395
0.211739
0.763860
-0.168400
-0.759719
-0.975485
-0.719222
0.451783
-0.327689
-0.618629
0.42347
0.919685
0.250109
0.650877
0.115192
0.136591
-0.809226
0.983428
-0.21621
0.951944
0.456199
0.851663
0.766542
-0.538330
0.62684
0.338585
0.657484
0.771104
0.397515
0.267388
-0.262686
-0.234296
-0.785013
-0.677704
-0.402256
0.137030
-0.589781
0.550230
0.808492
0.966908
-0.278223
-0.492560
-0.596467
-0.359653
0.201997
0.23043
-0.547372
-0.569301
-0.991415
-0.688075
0.393005
-0.284831
-0.330151
0.371814
0.439973
0.526172
-0.676919
0.686609
-0.798749
0.300074
-0.189656
-0.14486
0.96808
-0.102118
0.863496
0.514598
0.131651
0.271992
0.150843
-0.116798
-0.498881
0.341718
0.178055
-0.481891
0.107293
-0.10254
0.621434
0.66682
0.641232
0.322817
-0.991697
-0.277582
-0.153198
0.585152
0.709733
0.927562
0.861273
0.417118
-0.330311
0.532484
-0.197327
-0.767258
0.83831
0.569708
0.551796
-0.746145
0.762646
-0.666843
0.89654
-0.736237
-0.470297
0.524353
0.449432
0.887250
-0.356833
-0.250053
0.995177
0.405627
-0.400308
-0.320424
0.384213
-0.495598
-0.606649
0.62703
0.930788
0.12042
-0.495445
-0.765360
-0.994218
0.240973
0.621401
-0.421565
-0.541042
0.211939
0.802527
0.409806
0.115285
-0.333600
0.584198
-0.418237
-0.227949
0.948777
0.483026
-0.184623
0.915804
-0.344648
-0.949327
0.153784
0.593405
0.464423
0.414439
0.99026
0.295987
-0.768010
-0.345282
-0.911524
0.649230
0.812977
-0.90791
0.125852
-0.455902
0.60153
-0.753066
0.928303
0.612365
-0.258757
0.783308
0.72880
-0.306761
0.959481
0.543489
-0.257979
-0.247659
-0.841327
0.584910
0.377749
0.470385
-0.962393
0.684545
-0.86275
0.283423
0.840067
0.735519
-0.146027
0.270190
0.210677
-0.9217
-0.522751
-0.55965
0.111678
-0.363962
-0.198039
-0.443683
0.90503
-0.51129
-0.941490
0.554515
-0.433988
0.210857
-0.848667
-0.718227
-0.811078
0.44353
-0.984321
0.730612
-0.257546
0.101779
-0.961626
0.132370
-0.190042
0.745259
-0.67108
0.945794
-0.106161
0.597463
-0.154050
0.530525
-0.559487
0.815310
0.707900
0.672511
-0.156849
0.453736
-0.836105
-0.686956
-0.318662
-0.674033
0.731990
-0.403219
0.292831
-0.309331
0.349077
-0.444714
-0.931086
-0.485076
-0.838651
0.120785
0.964583
0.630327
-0.193332
0.343188
-0.749499
0.414117
0.669753
-0.352344
-0.334372
-0.442169
0.501532
0.624718
0.663261
-0.104309
0.816438
-0.13765
0.832320
0.581710
0.994080
-0.570351
0.974824
0.774124
-0.834509
-0.123513
0.788143
0.885035
-0.968918
-0.271350
0.652251
-0.166796
0.633458
0.249711
0.373709
0.524135
-0.789024
-0.144072
-0.111659
-0.408425
0.44664
0.147754
0.130324
-0.671539
0.58894
-0.764126
-0.834901
0.212539
-0.144187
0.966842
-0.326376
0.918390
0.618168
0.395600
-0.497011
-0.708700
-0.368667
0.407188
0.405595
-0.114587
0.537969
0.208338
0.325988
-0.357581
-0.399481
0.20776
-0.848106
-0.873962
0.517982
0.228806
0.589940
-0.73021
-0.310312
0.457599
-0.75289
-0.696748
-0.967252
-0.502480
0.842316
0.796119
-0.217189
-0.516711
-0.788767
0.47922
0.660235
-0.354446
-0.730586
0.241487
-0.940381
-0.273157
0.303977
-0.145280
-0.424047
0.80821
-0.540526
0.540865
-0.242892
-0.823011
0.964601
0.371112
-0.664013
0.907716
-0.185731
-0.951849
0.880994
-0.658135
0.743967
-0.972552
0.967528
-0.467082
-0.963017
0.782121
0.98228
0.270273
0.508769
-0.204019
0.883297
-0.83733
0.293643
0.711492
-0.809644
-0.875960
0.689395
0.237978
-0.418237
0.197681
-0.745712
0.619868
0.133991
0.906771
0.47880
0.848247
-0.255229
0.32909
0.267
0.239861
0.630381
0.879875
-0.480685
-0.9403
0.855617
0.312881
0.219590
-0.961623
0.339243
0.512694
0.11888
0.351004
-0.325625
0.332342
0.644667
-0.652156
-0.720729
0.111176
0.198940
-0.616689
-0.844015
0.688591
-0.378671
0.449891
-0.34960
-0.621390
-0.839878
-0.830318
0.872660
0.7748
-0.283919
-0.825079
-0.740991
-0.722415
0.89538
0.27192
0.785026
0.29863
-0.882350
0.914316
0.958691
-0.480511
-0.540806
0.480424
-0.22545
0.963498
-0.180780
-0.311113
0.241185
0.894406
0.888984
-0.780629
0.153735
0.870412
-0.806598
-0.469748
-0.353139
0.80210
-0.810145
0.823764
0.81511
0.139156
0.92191
0.216767
-0.32854
0.696804
-0.32772
-0.628553
-0.320629
-0.738945
-0.316397
-0.892516
-0.708009
-0.563482
-0.49712
-0.350846
0.207212
0.909867
-0.489327
0.181836
0.754159
0.960372
0.388777
-0.489791
-0.120594
-0.352985
0.986486
0.106528
-0.250931
0.212650
-0.89961
-0.948219
-0.86202
-0.145634
0.17424
0.614063
0.238815
-0.74868
0.196064
0.853351
-0.342452
-0.753650
-0.484542
0.23433
-0.562893
0.68821
-0.832284
0.499085
-0.424183
-0.526721
-0.488541
-0.729544
-0.747924
0.871301
-0.401775
0.776999
-0.963692
-0.589517
-0.907179
0.732764
-0.365387
-0.155632
0.334978
-0.632510
0.815788
0.717122
0.816368
-0.64390
0.283782
0.24632
-0.176695
0.462489
-0.848632
-0.137678
0.664957
0.258589
-0.672027
0.744368
-0.101642
-0.798872
0.52462
-0.254463
0.995364
0.465826
-0.770896
0.481055
0.324794
0.120683
-0.511903
0.961942
0.645155
0.239909
0.667456
-0.873244
0.877507
-0.719232
0.220814
-0.831503
-0.325253
-0.11676
0.820492
0.76445
-0.468980
0.835064
0.488193
-0.674096
-0.50242
-0.483235
0.414634
-0.519501
0.544948
-0.254815
0.245134
0.498293
-0.416352
0.699241
0.35405
-0.898482
-0.489167
-0.1621
0.563257
-0.627061
0.106074
-0.847551
-0.983128
0.329202
-0.638490
-0.326542
-0.703039
-0.486716
0.367509
-0.872587
-0.477996
-0.940004
0.20968
-0.460877
-0.133695
0.197725
0.230939
-0.276830
-0.961385
0.774847
-0.739105
-0.516204
-0.442577
0.77888
-0.221581
-0.245704
0.237897
-0.699446
-0.127335
-0.359443
0.280965
0.533504
-0.635149
-0.758675
-0.449071
0.229113
-0.151264
-0.630322
0.780941
0.436631
-0.691390
-0.251157
-0.868044
0.704505
-0.627278
-0.289114
-0.137469
-0.452852
-0.632953
-0.401856
-0.261402
-0.786554
-0.892639
-0.39211
0.157790
0.708807
0.158177
0.294821
0.426919
-0.537953
-0.63275
-0.995145
0.166038
-0.489714
0.175876
0.397368
-0.522539
0.366296
-0.633502
-0.121463
0.397701
0.640474
-0.306587
-0.98453
-0.450973
-0.820408
-0.496178
0.231344
-0.779902
-0.977559
-0.612628
0.909409
0.591554
-0.583050
-0.713917
0.16350
0.51136
-0.700201
-0.624823
0.123933
-0.951413
0.106397
0.276246
0.626159
-0.58800
-0.528279
0.494998
0.355652
0.746097
-0.827962
-0.159568
0.604337
-0.533840
-0.601131
0.619545
-0.750811
0.185758
0.51253
-0.711302
0.34505
0.281130
0.474234
0.516824
-0.895386
0.801294
-0.271992
0.567660
0.204271
0.213572
0.292867
-0.563171
-0.436779
0.417239
0.727287
0.681796
0.931347
-0.357281
0.771759
-0.268172
-0.686083
-0.390493
-0.63033
-0.350757
0.92357
0.105410
0.430150
0.945255
-0.933864
-0.871313
0.523739
-0.455647
-0.32388
-0.377019
-0.203386
0.471293
-0.231010
-0.363897
-0.852644
-0.594051
0.311688
0.846578
-0.368044
-0.608768
-0.187031
0.479411
0.549543
0.682208
0.264339
-0.386079
-0.737123
0.389898
-0.268214
-0.294881
0.501155
0.98564
0.588395
0.71034
0.769679
-0.291051
0.676237
0.183832
0.738224
0.324064
-0.957971
-0.502992
-0.600219
0.695933
-0.195743
-0.21996
-0.396099
0.26093
-0.582054
-0.489989
0.293283
0.824795
0.67854
-0.228004
-0.907371
-0.324994
0.778563
-0.593141
0.269934
0.796272
-0.796241
-0.162575
0.455180
0.725891
0.318500
0.905319
0.513273
-0.614007
-0.771445
0.903558
-0.910432
0.576862
-0.89244
0.616834
-0.975430
-0.824855
0.231374
0.996716
0.725154
-0.240140
-0.971191
0.171790
0.424629
-0.581944
0.144162
0.391242
-0.230407
-0.292646
0.654461
0.678829
0.838939
-0.917915
-0.523818
0.789572
0.186294
0.808980
-0.207876
0.158302
-0.282920
-0.344932
0.742100
-0.514381
0.736984
-0.808511
-0.749212
0.537688
0.23729
-0.174818
0.402938
0.829225
0.510455
-0.263070
0.618975
0.383542
-0.194322
0.845330
0.497353
0.941634
-0.199443
-0.658486
-0.753839
-0.53159
0.684482
-0.357820
0.708720
-0.709357
-0.825250
-0.970211
-0.426503
0.862474
-0.598580
-0.589952
0.616572
-0.846623
-0.314436
0.281022
-0.733988
0.878548
0.78511
-0.22244
0.423414
0.39111
-0.220381
0.725594
0.879428
0.784062
-0.844929
-0.90293
0.938304
-0.793868
0.474730
0.353720
-0.925424
-0.143541
-0.468637
-0.823871
0.930091
0.689771
0.388657
-0.313708
-0.36138
0.746093
-0.504488
-0.342568
0.806007
-0.211886
-0.727679
-0.5807
-0.797875
-0.689743
0.831486
-0.707619
-0.376597
0.428401
0.329108
0.33339
-0.356232
0.762666
0.164875
-0.819866
0.274375
0.251619
0.597358
-0.171510
-0.923127
-0.210801
0.891220
0.32543
-0.315811
-0.549424
-0.719407
-0.526518
-0.911252
-0.452712
-0.427124
-0.563361
-0.304330
0.219906
0.105111
-0.845978
-0.285373
0.299204
0.491552
-0.960764
0.792693
0.968635
0.125656
-0.104091
0.817042
0.145740
-0.829382
0.462018
-0.40434
0.584458
-0.106044
-0.173784
-0.3568
-0.84363
0.804736
-0.818836
0.104372
0.142233
-0.831681
-0.299641
0.803129
0.409242
0.154484
0.315280
-0.69536
0.340464
0.362879
0.83349
-0.503588
-0.894272
-0.761896
0.454810
-0.49636
0.612649
-0.843369
0.530041
0.357672
0.828065
-0.326895
-0.739779
0.75788
-0.572011
-0.627195
0.321467
-0.855777
0.988164
0.961552
-0.483942
-0.40019
0.892506
0.525234
-0.78942
-0.878182
-0.427767
-0.566705
-0.601508
0.764141
0.597513
-0.861584
0.554823
0.167424
-0.851387
-0.985963
0.140165
0.464625
0.942074
-0.487923
-0.389118
-0.444375
-0.87535
0.17135
-0.686279
-0.411619
0.205316
-0.235477
-0.23269
0.819479
-0.531877
0.242690
-0.864128
-0.737419
0.213527
0.859922
-0.107800
0.968586
-0.348083
0.433436
0.283349
-0.350858
-0.634611
-0.281509
0.505588
-0.565240
-0.422783
0.258565
0.547951
0.125818
0.737678
0.396828
0.322742
-0.589871
-0.867488
-0.737891
-0.384714
0.672207
-0.707789
-0.709909
0.571056
0.283548
0.115785
0.313455
-0.54449
0.941566
-0.941365
-0.186662
-0.736513
-0.451285
0.832544
-0.303894
-0.310631
0.269288
0.962521
-0.264502
0.770700
0.560121
-0.606515
-0.66573
0.829201
0.485796
-0.895590
-0.551027
-0.965344
0.785160
0.707841
0.531499
0.97860
0.585949
0.296338
0.626663
0.914854
-0.986227
-0.576713
0.698686
-0.93643
0.176482
0.889644
0.654040
0.246173
0.685581
-0.528255
0.521543
-0.50572
0.719200
0.474296
0.446652
0.532649
0.426871
0.518383
-0.31629
-0.859095
0.633964
0.968324
-0.120080
-0.727205
0.201217
0.55446
0.914279
-0.862957
0.969281
0.495696
0.242755
-0.881517
-0.654059
0.827888
-0.528279
0.926504
-0.952075
-0.966601
-0.625679
-0.394169
-0.498323
-0.582360
0.71986
-0.78786
-0.782570
0.973552
-0.119179
-0.211304
0.771322
0.491632
0.758879
-0.494549
-0.312965
0.299463
0.187661
0.281892
0.175952
0.614938
0.825922
-0.805557
0.784559
-0.150170
-0.150531
-0.193330
0.949722
0.737806
0.619450
-0.935909
-0.209858
0.387412
0.478060
-0.599855
0.566262
-0.934654
0.941223
0.517029
0.35673
0.145873
-0.61378
-0.624409
0.56869
-0.752407
0.110923
-0.641440
0.472744
0.751005
0.730861
0.121169
0.114711
-0.205660
0.828739
-0.298068
0.422593
0.566968
0.332201
-0.527777
0.586296
0.98095
0.484852
-0.567058
-0.284739
-0.424752
0.217980
0.345428
0.634449
-0.904977
-0.790130
-0.843952
0.679692
0.213047
0.635001
0.433668
-0.537360
0.467573
0.787650
0.496160
0.385399
0.120695
-0.983186
0.452423
-0.533564
0.80823
-0.76798
-0.569121
0.852047
-0.801088
0.39345
-0.741050
-0.282872
-0.598918
0.275959
-0.175616
-0.532344
0.781089
0.278787
0.133166
0.107265
-0.168749
0.655117
0.973258
-0.36391
-0.26917
-0.525454
-0.168795
-0.9294
-0.395201
0.895496
-0.462963
0.383481
-0.943371
0.510269
-0.507323
0.323230
0.317950
-0.446646
-0.1864
0.581906
0.591479
0.829452
-0.915687
-0.77043
-0.156704
0.881705
-0.916732
-0.896424
-0.443806
0.969344
0.540580
-0.659905
0.787274
0.666090
0.138646
-0.850623
-0.355357
-0.523103
0.551526
-0.581932
0.89038
-0.360601
0.245176
-0.382226
0.180072
0.672816
0.160498
0.95535
0.988329
-0.253263
-0.9622
-0.373452
-0.816666
-0.636023
0.13054
-0.109126
0.714296
-0.624215
0.243105
0.681159
-0.874365
-0.176534
0.235752
-0.982635
0.550046
0.867409
-0.372489
0.440999
-0.170121
0.590051
-0.327681
-0.317972
0.685256
-0.34154
0.948629
-0.384243
-0.618344
-0.374209
-0.865550
-0.594531
-0.141799
0.491617
0.735506
-0.736147
0.525991
0.121507
-0.58079
-0.928355
-0.381667
0.704402
-0.710527
-0.185995
0.682127
-0.699320
-0.949753
0.963274
-0.788496
0.638545
0.903861
0.462334
0.217243
0.316229
0.539673
-0.535011
0.239798
0.284341
-0.844410
-0.795548
-0.63244
-0.590567
0.305072
0.137255
0.525085
0.650275
-0.666845
-0.375151
0.212803
0.192116
-0.968669
-0.706521
-0.999244
0.191496
-0.493902
-0.402896
-0.514617
0.119201
0.547304
-0.945962
0.64960
-0.17688
-0.708847
-0.164951
0.116924
-0.706831
-0.116898
0.326764
0.920567
0.992500
0.538008
-0.520673
-0.388859
0.905020
-0.929034
0.41258
0.447220
-0.242152
-0.968138
-0.110421
0.280522
0.687007
0.746958
0.29914
-0.564735
-0.114699
-0.934163
0.188073
0.791598
0.291891
0.460428
-0.714627
0.908447
0.96419
-0.396587
0.477999
0.56797
-0.107234
-0.211481
0.471281
-0.192267
0.911664
0.737705
-0.449454
0.192831
-0.249936
0.590846
-0.593611
0.470398
0.892231
-0.929574
0.93151
0.567941
-0.790127
0.370237
0.71991
-0.880093
-0.688936
0.599744
0.179805
-0.912439
0.478538
-0.427008
-0.518930
-0.278531
0.313448
-0.814096
-0.194478
-0.123336
-0.677811
-0.795070
0.572431
0.766161
-0.325665
-0.432461
0.191185
0.451564
0.880889
0.258225
0.808683
-0.843685
0.261215
0.45083
-0.72522
0.473002
-0.694698
0.532840
-0.459587
0.561200
0.697611
0.807075
-0.371265
-0.74873
0.653563
0.168325
-0.386207
0.617083
0.702495
-0.135819
-0.863290
0.558055
-0.393246
-0.341469
-0.422600
-0.670790
0.412682
-0.41713
-0.252856
-0.552453
0.482388
-0.401371
-0.765493
0.548722
0.196972
0.275710
0.809716
-0.134603
0.441012
-0.604852
-0.411446
0.532881
0.269860
-0.640780
-0.240236
0.945489
-0.430365
0.623924
-0.881666
-0.180199
-0.889893
0.655253
-0.289675
-0.935275
0.298634
-0.143357
0.332123
-0.566913
-0.283536
0.157404
0.400928
-0.762748
0.966105
-0.543503
0.592024
0.442762
-0.179613
-0.697878
0.920576
0.749032
0.689633
-0.961995
-0.84979
0.656444
-0.252954
0.408639
0.949446
-0.517879
0.74413
0.796027
-0.785086
0.664706
0.369508
-0.983043
-0.28441
-0.58351
-0.140817
-0.256183
-0.581959
-0.627016
-0.759180
-0.37852
-0.723396
0.140529
0.133466
-0.496950
0.691697
-0.432307
-0.556944
0.900347
-0.663779
-0.819812
-0.495397
-0.579449
-0.21327
-0.461325
-0.758474
-0.521837
0.571261
-0.312383
-0.115275
0.655984
-0.3693
0.417235
-0.19994
0.662374
-0.276280
-0.521074
-0.590887
0.398089
-0.823341
-0.425426
-0.391296
0.580037
-0.125982
0.699989
0.218105
-0.597287
-0.476968
0.298787
0.848456
0.697088
-0.959701
0.445470
0.351390
-0.195506
0.735678
0.756547
-0.84548
-0.605884
0.261709
-0.844
0.694550
0.701613
0.129005
0.701186
0.477914
-0.618550
-0.649141
0.20907
0.423931
0.175262
0.353698
0.802937
-0.817450
0.681481
-0.747399
-0.558973
0.280457
-0.646172
0.293691
0.903276
-0.778337
-0.758277
-0.618550
0.944361
0.511950
-0.234795
-0.600489
0.820247
-0.479258
-0.497098
-0.184054
0.701310
0.865714
-0.906677
-0.727545
-0.480066
0.364483
0.449712
-0.17528
-0.58219
0.546401
0.911479
0.363451
-0.564829
-0.749807
-0.585718
0.667054
-0.431076
0.667215
-0.724877
0.180411
0.416995
-0.959639
0.44280
-0.293485
0.539350
-0.428218
0.503128
-0.215260
-0.634378
0.678940
-0.447985
-0.23476
0.911467
0.249520
-0.118157
0.357641
0.491178
0.434564
0.327152
0.670662
0.600640
0.350035
0.890549
-0.720782
-0.563068
0.777727
0.262070
-0.406467
-0.524600
-0.326234
-0.602271
-0.694261
-0.517508
-0.145260
0.889580
0.227514
0.431155
-0.626693
-0.659197
-0.395688
-0.263551
-0.749671
0.490972
0.699158
0.328478
0.174681
0.225620
0.540550
0.514120
0.620492
0.534438
-0.926625
0.941908
0.320002
-0.933498
0.856075
-0.889107
-0.239022
0.794588
0.944707
-0.479926
-0.86519
-0.504682
0.997731
-0.345585
0.455207
0.498934
0.845616
0.484207
0.74651
-0.397662
-0.131107
0.52824
-0.215904
0.308310
0.486831
-0.279999
0.42839
0.716773
0.352540
-0.175145
-0.458733
-0.222284
-0.631273
0.986320
-0.640549
0.636651
-0.703455
-0.141785
-0.53241
-0.79970
0.271036
0.629775
-0.693707
0.870797
-0.441610
0.370347
0.720022
0.721045
-0.815475
-0.573573
0.124052
-0.227680
-0.448756
-0.263219
-0.335914
0.558422
0.252215
-0.953530
0.83802
-0.992169
0.386622
-0.942108
-0.471501
0.6997
-0.886870
0.259353
0.823498
0.871134
-0.372851
-0.290604
-0.510246
-0.348420
0.69928
0.224735
0.158981
-0.195494
-0.95774
0.201305
-0.317107
0.886955
0.305224
-0.247604
0.633342
0.917329
0.285795
0.231311
0.573312
0.591207
0.430737
0.829674
0.65552
0.684378
-0.195475
-0.761305
-0.610337
0.749265
0.794569
0.76988
0.148312
-0.466808
-0.718603
-0.746501
-0.310554
0.967860
0.186356
-0.880066
-0.855408
0.929586
-0.966480
0.596170
-0.855503
-0.525083
0.375009
0.110687
0.596388
-0.957428
0.791967
0.123260
0.74343
0.876517
-0.921359
-0.512607
-0.837380
-0.860355
0.165788
-0.413381
0.318313
-0.187716
0.573239
0.732995
0.392251
-0.517324
-0.427057
0.803093
0.764408
0.278451
-0.468898
0.978887
0.782307
0.142842
-0.812120
-0.485739
-0.43744
-0.340107
0.488210
0.302963
0.796229
-0.581033
-0.977223
-0.241039
0.96440
0.427400
-0.859605
-0.387968
0.761882
0.106360
0.119738
-0.220787
0.781906
-0.296817
-0.666700
0.666931
-0.420068
-0.202568
0.664794
0.655276
0.512155
-0.326573
0.5315
0.530025
-0.278056
-0.341199
-0.228485
-0.110332
0.155584
-0.313213
0.6930
-0.801566
0.260812
-0.856995
-0.480446
0.686840
0.111299
-0.880714
0.277011
-0.400164
-0.563477
-0.501917
-0.336054
-0.835059
-0.19398
0.830275
0.161120
0.2384
0.668679
0.863890
-0.404354
0.174431
-0.596848
-0.664971
0.982237
-0.461630
0.322851
-0.370381
-0.92148
0.666895
-0.386416
0.686931
-0.645363
-0.969468
-0.581398
-0.495873
0.900441
0.534109
0.725450
0.920204
-0.264216
0.769753
-0.861733
-0.762324
0.378279
0.614483
-0.442742
-0.312232
-0.507082
0.918501
0.147763
0.106937
-0.601030
-0.578197
0.840128
0.550519
-0.396587
-0.724116
0.493112
0.244905
0.948364
-0.152439
-0.677156
0.995565
-0.779077
-0.305423
0.844792
0.491397
0.569760
-0.288655
0.600700
-0.546936
-0.708503
0.771960
-0.790197
-0.105711
0.908958
0.646020
0.755526
-0.286705
0.72003
-0.461444
-0.520841
0.395322
0.55139
-0.533193
-0.555855
0.169479
-0.383886
0.498678
0.991008
-0.428997
-0.895244
-0.2433
0.716603
0.185374
-0.913971
0.221754
0.148715
-0.41766
-0.817405
-0.376046
0.171441
-0.670323
-0.3316
0.245763
-0.289743
0.926995
-0.266130
0.835758
0.251271
0.287691
0.217006
-0.600055
0.159225
0.85927
0.733132
-0.382595
-0.40202
0.976254
0.738272
-0.586899
-0.413130
0.729355
0.959675
-0.178345
-0.135301
-0.892541
-0.8186
-0.234380
0.683473
0.176746
-0.331337
0.353884
0.161315
-0.447762
-0.552155
0.960308
-0.64908
0.160897
-0.287481
0.268234
0.321631
-0.291442
-0.686076
0.529932
0.395186
0.302508
-0.815075
0.130768
0.502882
0.392331
-0.645896
-0.53027
0.558654
0.768091
-0.69519
-0.785270
0.229806
0.237319
0.151590
0.801784
-0.506634
0.306005
-0.793388
0.814452
0.48007
0.384012
0.559422
0.404707
-0.167315
0.480564
0.725477
0.144336
0.375250
-0.387517
0.665259
0.589970
-0.842650
-0.526306
0.849100
0.965013
-0.63894
-0.591011
-0.818768
0.774098
-0.201221
0.255622
0.36849
-0.914685
0.297966
-0.455292
-0.40561
0.684174
0.941237
0.35602
-0.67592
-0.203797
-0.382345
-0.787507
-0.823230
-0.219902
0.848972
0.983854
0.391835
0.330624
0.717095
-0.685731
-0.347531
-0.157219
0.96739
0.111810
0.742494
-0.328521
-0.626767
0.358657
-0.710338
-0.990802
0.570436
-0.477835
0.389548
0.168425
-0.110729
-0.897003
0.740415
-0.779733
0.796101
0.517837
-0.723503
-0.179786
0.478739
0.832973
0.633355
-0.781092
0.831135
-0.682415
-0.583740
0.876383
-0.737701
-0.669081
-0.860314
-0.831622
-0.373063
0.711362
-0.712170
-0.479541
0.945944
0.929043
0.652641
-0.299443
-0.485416
-0.737165
-0.349051
-0.279977
0.903287
-0.81221
0.430577
-0.452720
0.295007
0.900207
-0.571583
-0.230790
-0.208615
-0.96827
-0.386322
0.861385
-0.894481
0.457246
0.728451
0.362989
0.202633
0.428044
0.389757
-0.436851
0.561199
-0.208293
0.233159
-0.166661
-0.631622
0.335734
-0.692464
0.922386
-0.828374
0.379534
-0.116855
0.221268
-0.219437
0.952699
0.79132
0.810311
0.242961
0.805817
0.490392
0.466950
-0.268672
-0.689014
-0.516157
0.97137
0.991032
0.934061
-0.735546
0.460080
0.837345
-0.80530
-0.318682
0.589513
-0.425797
0.586820
0.884161
0.70908
-0.856456
0.146673
-0.887675
0.749848
-0.753186
-0.19299
-0.355590
-0.960068
-0.408511
0.142117
0.964143
0.321541
0.643312
0.338835
-0.962133
0.713011
0.686018
-0.740258
0.136200
-0.968754
-0.690368
0.894471
0.467433
0.787950
0.444194
-0.119489
-0.694401
0.314631
0.865745
-0.381539
0.579561
0.679171
0.986940
0.355626
0.425887
0.528878
-0.828785
0.194918
0.826946
-0.688514
0.429287
-0.195830
-0.765387
0.977753
0.196631
0.491714
0.970196
-0.558125
-0.623018
0.596628
-0.270835
-0.197865
0.581560
0.912191
-0.892003
-0.712351
0.441413
0.961330
0.451347
0.870636
-0.814728
0.940523
-0.565939
0.258412
-0.445103
0.754215
0.13251
0.331911
0.344863
0.36022
-0.877511
0.74508
-0.172906
0.74781
0.7625
0.788584
0.340472
-0.123630
0.744108
-0.95369
0.786139
0.937854
0.801664
-0.426906
-0.546571
-0.416097
0.727653
-0.292063
0.559147
-0.41165
0.828615
0.905479
-0.75208
0.591851
-0.443856
0.41232
-0.53157
-0.545738
0.281555
-0.34053
-0.951924
0.284912
-0.973460
-0.612841
0.943821
-0.132085
-0.516459
0.974227
-0.583025
-0.443688
0.769652
0.289582
-0.496710
0.193983
-0.840669
-0.122743
-0.710892
-0.504875
0.500983
-0.733312
-0.804426
-0.766296
-0.419313
0.945256
0.822955
-0.61925
-0.906568
-0.931768
0.219531
0.214247
0.386493
0.885498
-0.777350
0.781737
0.540793
0.755842
-0.413151
-0.698808
-0.779014
0.351156
-0.549361
0.710928
0.313644
-0.891912
-0.801153
-0.109728
-0.959502
-0.801383
0.418303
0.47889
-0.130874
0.820667
-0.325870
-0.892843
-0.163539
0.223206
0.206136
-0.201534
0.125887
-0.569307
0.715957
-0.147390
0.706965
-0.445015
-0.564598
-0.84364
0.812988
0.755850
0.424506
-0.276447
-0.925396
-0.850002
0.982843
-0.167664
0.177686
0.68475
-0.932359
-0.118159
-0.197343
-0.280945
0.88784
0.973766
0.786693
-0.556983
0.411014
0.348302
0.365787
0.16999
0.282545
0.490065
0.437987
0.386579
-0.323463
0.42376
-0.100618
0.315452
0.688631
-0.607526
-0.51538
-0.719229
0.30643
0.831667
0.265835
-0.777765
0.549681
0.41316
0.342723
-0.390720
-0.965338
-0.703345
-0.272769
-0.771710
0.824367
-0.469430
-0.60098
-0.371162
0.256190
0.519876
-0.567847
0.103110
0.565472
-0.137901
-0.605025
0.607086
-0.994421
0.669024
0.361932
-0.744944
0.852676
0.94908
-0.403033
0.36220
0.185251
-0.213952
0.853738
0.419683
0.977840
0.876462
-0.118910
0.185934
0.826683
0.380522
-0.844749
-0.407618
-0.856192
-0.642904
-0.1301
0.434800
0.751573
0.488707
0.482167
0.573578
0.982326
0.591930
-0.449940
0.214568
-0.665526
0.14294
-0.236909
0.724053
0.957143
-0.868679
-0.78786
0.177700
-0.468584
-0.952023
0.574797
0.959816
-0.491994
-0.174712
-0.845962
0.767614
-0.500723
-0.538116
0.720173
0.347085
-0.661831
0.668464
-0.35596
-0.87329
0.28924
0.3988
0.81306
0.193550
0.515550
0.547940
0.273895
-0.389353
0.613815
-0.28602
0.222343
-0.560361
-0.624156
-0.141144
0.107695
-0.196636
-0.300530
-0.773045
-0.680781
-0.987841
0.851210
0.590548
-0.884040
0.932427
-0.423723
0.380900
-0.369420
0.562945
-0.202792
0.169680
-0.965267
-0.963458
-0.115998
0.680338
-0.219451
0.25815
0.236665
0.228470
-0.112617
-0.651264
0.638278
-0.215111
-0.6131
-0.517627
0.998498
0.519410
-0.602681
-0.262267
-0.735724
-0.31810
-0.127137
-0.542189
0.190342
0.517211
0.931557
-0.872004
-0.233344
-0.93887
-0.381523
-0.448398
0.847878
0.860140
0.483381
-0.685590
-0.581365
0.174281
0.807731
0.588656
-0.487131
-0.333736
0.307046
0.21228
0.325559
-0.296218
0.759334
-0.87105
0.261481
-0.90476
0.102356
-0.963968
0.526171
-0.908575
0.371072
0.364679
0.152154
-0.309596
0.936860
0.32296
0.962292
-0.969503
-0.622187
0.361542
-0.552909
-0.628531
-0.744437
-0.855339
0.730749
-0.637215
0.810202
0.992729
-0.733014
-0.937909
-0.633149
-0.964999
0.815072
0.349771
0.23814
0.837280
-0.679684
0.264692
0.58311
0.727434
0.916650
0.923586
0.399247
-0.205560
0.218640
0.318489
0.113675
0.479935
-0.250694
-0.915063
-0.57372
0.883935
-0.218155
-0.193882
-0.785011
-0.98231
0.835021
-0.461217
-0.454484
-0.366531
-0.810247
0.73970
-0.517564
-0.401726
-0.899963
-0.559118
-0.69133
0.727097
0.591680
0.596459
0.391352
0.111056
0.749212
-0.460642
-0.755403
-0.425877
0.61249
-0.522277
0.570104
-0.863423
-0.757145
0.460108
0.865594
-0.146271
-0.140888
0.383022
0.470125
0.274966
-0.99056
0.939387
-0.111838
0.936462
-0.381464
0.268253
-0.415447
-0.937988
-0.554218
-0.547927
0.101653
-0.426143
0.953281
-0.291134
-0.819597
0.159096
-0.334413
0.289465
0.980100
-0.135690
0.233722
0.313132
0.51972
0.854467
0.649217
0.58706
0.612945
0.509765
-0.810368
0.505984
-0.399704
0.64970
-0.279916
-0.180368
-0.129418
-0.621580
0.236354
-0.528663
-0.702186
0.410868
-0.785524
-0.134978
-0.470776
-0.481047
-0.478347
0.943813
0.684817
-0.128520
0.395923
-0.741102
0.624946
0.404835
0.330099
-0.665978
-0.832980
-0.416393
-0.62773
0.49678
0.745171
-0.363750
0.550461
0.134273
-0.832699
0.716364
0.571681
-0.786669
-0.852852
0.90632
0.641354
0.731589
-0.349809
0.125542
0.248410
0.495187
0.222298
-0.249803
-0.682853
-0.524390
0.163221
-0.260527
0.730924
-0.964233
-0.755052
-0.283080
-0.844180
0.387092
0.711708
-0.155627
0.204207
-0.986403
-0.542456
-0.715617
-0.136634
-0.740861
-0.513465
-0.551109
-0.564937
-0.344517
0.602912
0.232748
0.674972
0.190137
0.165180
-0.863151
-0.29283
0.828597
-0.602113
-0.313400
-0.816925
0.38603
0.572002
0.607483
0.137759
0.973282
0.612302
0.220468
0.342223
-0.190307
0.789074
0.393143
-0.419364
0.906448
-0.282306
-0.276577
0.790462
0.978677
0.453948
0.15756
-0.54512
-0.848732
-0.195069
0.470441
0.28862
-0.561048
-0.230558
0.152646
-0.692283
-0.704104
0.795295
0.622876
-0.844917
0.980926
-0.187713
0.406926
-0.502073
0.941744
0.873914
-0.267138
-0.589286
-0.237066
-0.298729
0.502472
0.481511
-0.481953
-0.736314
-0.895268
0.222734
0.912801
-0.389229
-0.685377
0.91737
0.137500
0.555659
-0.384781
-0.749177
-0.997495
-0.527911
-0.555271
0.739247
-0.802582
0.174758
0.89497
0.90397
-0.324292
-0.322026
0.919984
-0.669494
0.412119
-0.978474
0.402804
0.935099
-0.291910
0.932970
0.505138
-0.917109
0.664131
-0.38274
-0.5712
0.755926
0.641001
0.856025
-0.524420
-0.618469
0.267025
0.766144
0.840947
-0.586480
-0.196958
0.496390
-0.708020
0.526168
0.538071
0.642131
0.209466
-0.873787
0.508714
0.927805
-0.771684
-0.2377
0.175923
0.741243
0.986117
-0.666080
-0.879878
0.917876
0.608674
0.992753
-0.524839
-0.206881
-0.581997
-0.617478
0.843185
-0.156549
0.124262
-0.686283
-0.960152
-0.833408
0.304305
-0.162049
0.694662
-0.288433
-0.40321
-0.966435
0.465126
-0.332171
0.770337
-0.654187
-0.11284
-0.261096
-0.2368
0.952084
0.407609
0.941494
-0.801332
-0.412450
-0.216172
-0.315684
-0.14774
0.854358
0.488139
-0.43377
-0.652530
0.904704
-0.541005
0.315714
0.145884
0.538598
-0.85995
0.298112
-0.616339
-0.416026
0.444151
0.638060
-0.562885
-0.971530
-0.195300
-0.342206
0.228824
0.511646
-0.445414
0.829555
0.127862
0.693848
-0.364597
0.133889
-0.735227
-0.362503
-0.314330
0.671008
-0.9334
0.444592
-0.690150
-0.568818
-0.550060
0.205155
-0.940528
0.619477
0.435567
-0.798600
-0.821638
-0.813804
-0.998756
-0.252596
-0.693223
-0.706654
-0.115198
-0.423544
-0.938045
0.240674
-0.589178
0.32636
-0.29596
-0.114449
0.998143
-0.781680
0.361890
-0.892999
-0.804496
-0.190085
-0.618255
-0.716629
0.564337
0.538802
0.648888
-0.23192
-0.774362
0.284125
-0.740646
0.269123
0.827975
-0.558571
-0.678992
0.66863
-0.146221
0.981208
-0.186391
-0.497930
-0.354363
0.769463
0.848912
-0.757669
-0.881188
-0.943586
0.956720
-0.360624
-0.779864
-0.490912
-0.403470
-0.458698
0.847428
-0.830520
0.170448
0.300901
0.397886
0.44414
0.379372
-0.902778
0.876582
0.882394
0.575425
-0.650702
0.678567
0.846850
-0.732094
-0.664433
-0.261807
0.646047
-0.339756
-0.473418
0.17312
0.500794
-0.868971
0.173596
0.766288
0.611560
0.815362
0.213354
0.920228
-0.608670
0.882105
-0.748198
0.284410
-0.608871
-0.341193
-0.878161
-0.632825
-0.787894
-0.815231
0.763702
-0.50185
0.923232
-0.153876
-0.392180
-0.229496
0.726428
0.306659
-0.288218
-0.385223
0.731587
-0.12083
-0.633977
-0.505056
0.663057
-0.899714
0.418159
-0.318374
0.331799
0.510683
-0.546356
0.241182
-0.884484
0.780114
0.655262
-0.102496
0.924457
0.512951
0.275839
-0.496658
-0.370999
0.882009
-0.862623
0.163255
0.672634
-0.951106
0.446821
0.8126
-0.772834
0.536712
-0.986281
0.331298
0.786491
0.501877
0.894961
-0.33931
0.911259
0.87823
0.116324
-0.1009
0.441368
-0.524301
-0.660755
-0.735847
-0.353372
0.378038
0.944471
-0.766744
0.586290
0.825996
0.783508
-0.296267
-0.292220
0.501353
0.635169
0.713855
0.970829
-0.481079
-0.803287
-0.97878
0.5837
-0.12665
0.217957
0.713974
-0.80734
0.834554
0.432603
0.591713
0.31264
-0.649720
0.628133
-0.259324
0.150787
-0.263251
0.990034
0.143438
0.869750
-0.978884
-0.968216
0.441010
0.265533
0.462248
-0.922738
0.939312
0.179731
0.136788
0.985311
0.923179
-0.169220
0.90172
0.96616
0.671477
-0.422417
0.86778
-0.375924
0.472287
-0.319705
-0.855946
-0.21200
-0.712798
0.900642
-0.8796
0.762051
-0.22051
0.667462
-0.606877
-0.378538
-0.246797
-0.961420
-0.707941
0.894069
0.495153
-0.663820
0.488922
0.179061
0.885952
0.567658
0.482008
-0.375780
-0.777332
0.648987
0.323673
-0.695268
0.344832
0.936750
-0.26736
-0.782058
0.560946
-0.905693
0.130898
-0.767940
0.197162
0.460656
0.181660
-0.699582
0.396031
-0.892258
0.892446
-0.806526
0.276918
-0.322756
0.606800
0.858247
-0.67044
0.250318
0.365047
0.247497
0.386561
0.757731
0.544590
0.559917
0.322234
-0.176677
0.72405
-0.484663
-0.275536
-0.169329
-0.428585
-0.566435
-0.307869
0.209923
-0.351364
0.267829
-0.681926
0.822498
-0.515578
-0.199841
0.383647
0.568845
0.392426
-0.321728
0.377279
0.66651
0.551339
-0.817845
0.966193
0.81181
-0.517894
0.571835
0.407275
-0.942689
0.325805
0.760667
0.35401
0.681858
-0.899373
-0.128493
0.527348
-0.598869
-0.344584
-0.970600
-0.477187
0.144686
0.917143
0.711254
-0.659911
0.247273
-0.312825
0.211521
-0.370156
0.808757
0.929670
0.578886
-0.648748
-0.568410
0.627173
0.820461
0.107143
-0.132146
-0.230725
0.865057
-0.530047
0.909056
0.152974
0.191099
0.46661
-0.825364
0.453460
0.949702
0.614709
0.128244
-0.573474
-0.378948
-0.462908
-0.221255
-0.903551
0.616973
-0.231347
0.276471
0.679312
0.940157
-0.500132
0.735009
0.202476
0.604856
-0.235527
0.91772
0.714509
0.5970
-0.14519
-0.903755
0.829890
-0.868020
-0.563110
0.961912
0.644767
0.1100
0.216646
-0.131195
0.937172
0.269012
-0.985503
0.498052
0.347857
0.910133
-0.247599
0.313150
0.367321
0.138728
0.842014
0.205558
0.35413
-0.664384
-0.459119
-0.187534
0.47982
-0.601694
-0.333682
-0.282553
-0.120120
-0.76619
-0.39279
-0.445209
0.87292
-0.853384
-0.233633
0.932440
-0.781952
-0.37458
0.908756
0.670066
0.714242
0.539280
0.887858
0.245816
-0.530872
-0.892049
0.712205
0.976752
-0.953900
-0.761507
-0.889078
-0.489284
0.323476
0.944805
0.784438
0.221674
0.402983
0.62957
0.99140
0.331523
0.147560
0.200164
-0.77184
-0.691966
-0.39757
0.251322
-0.663773
-0.632570
0.300053
-0.252185
0.708599
0.615876
0.751166
0.918776
-0.503958
0.996671
-0.473873
-0.27636
-0.406456
-0.131197
0.689429
0.891402
0.639479
0.373156
0.617700
0.56728
0.615553
-0.954235
0.867790
0.249730
-0.639663
0.539620
-0.475941
-0.213649
-0.319563
-0.361315
0.243719
-0.911251
0.809394
-0.855434
-0.942452
0.786098
-0.584768
0.957430
-0.129697
0.340659
0.486266
-0.915601
-0.480240
0.393660
0.990449
-0.841500
-0.40397
0.633718
0.553510
0.309590
0.401316
-0.86672
-0.352374
0.954994
0.283967
0.284135
-0.692285
-0.281496
-0.361691
-0.488681
0.946484
0.586309
0.599284
-0.353025
-0.225532
-0.681460
0.791008
-0.645636
0.844939
0.658157
-0.928989
0.448195
0.658381
0.310152
0.921200
-0.888564
0.161718
-0.370918
0.727605
-0.946500
-0.419263
0.612690
0.945149
-0.870005
-0.408013
0.951699
0.986807
-0.474629
0.645938
0.697964
-0.616318
-0.951175
-0.577754
-0.55390
-0.78741
0.774848
-0.178906
0.224628
-0.678569
-0.914145
0.139148
0.939937
-0.782091
-0.803847
0.715699
0.511520
-0.604692
-0.110053
-0.817493
-0.4157
0.200037
-0.910591
-0.199248
0.19351
-0.262558
-0.997103
-0.832045
0.560366
-0.867958
-0.558518
-0.382377
0.432026
0.565438
0.685867
0.256578
-0.795518
-0.501733
0.868263
0.874033
0.127854
0.853815
-0.571002
0.578350
0.816348
0.44637
-0.62670
0.477610
-0.446787
-0.69480
0.942332
-0.855382
0.299026
-0.960311
-0.607153
-0.571256
-0.3640
0.376318
0.627283
0.255066
0.433681
0.334850
0.243070
0.507401
-0.855509
0.338864
0.419292
-0.52043
0.584067
0.918312
0.363051
-0.442580
0.430991
-0.974038
0.289919
-0.501906
0.528809
-0.252656
0.165569
-0.978089
-0.369643
0.335271
-0.27553
0.56310
0.916020
0.319192
0.464191
0.678468
-0.580671
-0.469809
0.397963
-0.143247
0.841176
-0.731356
-0.188665
-0.544175
0.542751
-0.379947
0.299464
-0.698276
0.927233
-0.10908
-0.779242
-0.319311
-0.858235
0.779560
0.793540
-0.215675
-0.351414
0.674165
-0.689180
0.614739
0.130490
-0.318588
0.463649
-0.161791
0.550686
-0.815010
-0.378428
0.722545
-0.439795
-0.525565
-0.457616
0.900756
0.720975
0.865462
-0.309614
0.158440
-0.23945
-0.386411
0.493893
0.394828
0.237253
-0.890859
0.860512
-0.885048
-0.148214
-0.49995
0.700910
0.931214
-0.525672
-0.348394
-0.793230
0.308095
-0.983862
-0.821121
-0.275412
0.555039
-0.458492
0.677403
0.608360
0.619312
0.5769
-0.878757
0.136410
0.644918
0.639352
0.46425
0.16498
0.766110
0.81730
0.510820
0.835885
0.418863
-0.544463
-0.129733
0.175070
-0.425749
0.967408
-0.920223
-0.147182
0.798605
0.591157
0.735469
-0.715902
0.608016
0.121514
-0.187478
0.701048
0.800832
0.218960
-0.914686
0.228667
-0.123925
-0.161295
0.816246
-0.641994
0.127716
0.976233
-0.840807
-0.397468
-0.522471
0.600364
0.25438
0.348995
0.579628
-0.273188
-0.994689
-0.351102
-0.214284
-0.195467
0.369931
0.645382
-0.586966
-0.877184
-0.346455
0.909301
-0.826338
-0.611580
-0.843781
-0.194399
0.44882
-0.950428
0.2147
0.190889
0.362984
-0.246962
-0.256523
-0.746914
0.546663
-0.303966
-0.415102
-0.278397
0.271988
-0.609569
0.366904
-0.571883
-0.304259
0.484061
-0.372898
0.39190
0.610363
0.985149
-0.211200
0.743079
-0.356161
-0.167334
-0.293017
0.529055
-0.852060
-0.197128
0.975296
0.147102
-0.840379
-0.102315
-0.338818
-0.949159
0.944010
0.332420
0.182723
-0.945778
-0.638897
-0.342851
-0.591548
-0.13273
0.559587
0.695277
0.12116
0.330791
-0.506247
-0.65772
-0.90964
0.826951
-0.981943
0.739240
-0.234870
-0.736254
0.314484
-0.322035
0.500068
0.898697
-0.578413
-0.594538
-0.952707
0.959377
-0.874788
-0.336724
0.72785
-0.549782
0.839398
0.252099
0.490394
-0.980740
0.100163
-0.743614
0.670787
0.659886
0.752639
-0.356082
-0.212458
-0.197004
-0.856960
0.85703
-0.246459
-0.500826
-0.440861
-0.192830
-0.773982
0.252485
-0.509050
-0.507080
-0.154763
-0.461742
0.454095
-0.645452
0.649635
-0.786504
-0.925241
-0.952693
0.24046
0.257558
-0.239148
0.396162
0.656663
-0.919980
-0.161098
0.378254
0.110379
-0.255968
-0.690524
0.263731
0.260230
-0.879459
0.922444
0.357172
0.318375
0.927749
0.97823
0.87005
-0.5262
-0.436551
0.950398
-0.514926
-0.203858
-0.657955
-0.672316
-0.267246
-0.971922
-0.634369
-0.11561
0.357208
-0.638977
-0.403811
0.641572
-0.523991
0.14154
0.329547
0.808052
0.58033
0.615368
-0.422646
-0.637675
0.252934
-0.869302
-0.536668
-0.911550
-0.727152
-0.211538
0.836383
0.138132
0.16297
-0.837269
0.149543
0.706669
-0.173584
0.439917
0.642426
0.835179
0.719894
0.815369
0.618048
0.666790
0.826502
0.992516
-0.764143
-0.23260
0.799287
-0.642636
0.22202
-0.156408
-0.704047
-0.824721
0.190270
0.758187
-0.880733
-0.683078
0.849531
-0.843982
0.260901
-0.855270
0.483499
0.321836
-0.771763
0.231617
-0.346481
-0.506105
-0.17055
-0.397003
-0.990727
0.150193
0.277802
0.370242
0.699491
-0.319718
0.83427
-0.501788
-0.569871
0.366065
0.304448
0.651952
0.18412
-0.701459
-0.488884
0.791848
0.802708
0.867423
0.291664
-0.724195
-0.947
0.984252
0.735253
0.167653
-0.826017
-0.679463
-0.647752
-0.297747
-0.5825
-0.734335
0.646724
-0.7024
0.500928
-0.46294
0.144817
0.816452
-0.847106
-0.746491
0.319448
0.920188
-0.964214
0.308635
-0.447419
0.310835
0.121941
0.464305
-0.604058
0.734450
-0.378480
-0.413931
0.100290
-0.701766
-0.63791
-0.562460
-0.395105
-0.45057
-0.598652
0.487638
0.476426
0.499315
-0.876347
0.399737
-0.467653
-0.101744
-0.463987
-0.402136
-0.262410
0.28026
0.584864
-0.225792
-0.105839
0.339289
0.657245
-0.266915
0.658104
0.764743
0.762555
0.531209
0.331371
0.109047
-0.148628
-0.875988
0.647789
-0.253591
0.527205
-0.728975
0.299289
-0.853888
-0.927895
0.122910
-0.403387
-0.636802
0.84838
0.912503
0.800964
0.727921
0.565437
-0.393334
-0.540628
-0.962232
0.159013
-0.217229
0.275823
-0.447540
0.708274
0.822421
0.490809
0.793955
-0.627235
0.24561
0.760713
0.410496
0.389096
0.55730
0.483460
0.513909
-0.741874
-0.133479
-0.318608
0.254120
0.184175
0.654895
-0.535765
0.799687
0.671662
-0.140257
-0.93083
-0.791230
0.387288
0.928255
0.897627
0.545926
0.689655
-0.173550
0.809482
0.551498
-0.20564
0.701345
0.171596
0.268386
0.841633
-0.308338
-0.992101
0.449600
0.979233
-0.282842
0.336372
0.549065
-0.57231
-0.66995
0.182990
0.376722
-0.341238
-0.308939
-0.611803
-0.388797
-0.18673
-0.420858
0.829408
0.422868
0.281018
0.234557
0.83535
0.676122
-0.538941
-0.7479
0.361610
0.958189
0.494972
0.248388
-0.877159
-0.592917
0.367025
-0.422959
-0.400585
-0.37778
-0.67889
-0.815347
-0.88661
0.808543
0.750939
-0.865886
-0.232928
-0.848102
0.123908
0.383733
-0.250028
0.413252
0.506777
0.329838
0.682038
-0.621670
-0.672655
-0.934056
-0.961191
0.388918
0.591327
-0.341031
-0.627936
0.584860
-0.801976
-0.785616
0.461595
-0.669057
0.551431
-0.908439
0.399215
0.16100
0.999831
-0.349538
0.725461
-0.189504
0.25965
-0.173747
0.236021
0.438450
-0.759905
-0.606354
0.455638
0.222577
-0.307011
-0.756890
-0.693830
0.294449
0.272203
-0.687387
0.898797
0.830804
0.440130
0.611368
0.795864
0.746854
-0.822940
-0.293622
-0.144972
0.801999
0.163568
-0.674563
-0.364583
0.67411
-0.129352
-0.634451
0.148041
-0.501968
0.502512
-0.297028
-0.195858
0.370497
0.913442
0.813728
-0.213024
-0.543103
0.690968
-0.750343
0.703030
-0.208690
-0.88905
0.409588
-0.341102
-0.857822
-0.541244
0.174694
0.231436
0.788604
-0.242015
0.235998
0.250763
0.864336
0.513119
-0.29987
0.465137
-0.81236
0.598171
-0.823693
-0.918733
-0.331943
-0.385422
-0.229784
-0.84533
0.278089
0.653425
-0.814292
0.293188
-0.878624
-0.809659
0.538809
-0.663641
-0.861543
0.143574
-0.233790
-0.399455
-0.38638
-0.105075
0.918088
0.319515
-0.548860
0.710265
0.909834
-0.74484
-0.842465
-0.213422
-0.191644
-0.34023
-0.171579
0.254775
-0.272610
0.3807
0.471812
0.612374
0.814842
0.586077
0.421183
0.275911
-0.848852
-0.635827
-0.750891
0.588943
-0.759016
-0.512074
-0.833268
-0.852317
-0.937431
0.933478
-0.481358
-0.315495
0.994095
-0.208959
0.746971
0.778999
0.351617
-0.803492
-0.296780
-0.561395
-0.48106
0.986392
0.356670
0.503605
0.211186
-0.736049
-0.15640
-0.21449
-0.985822
-0.974069
-0.715278
-0.844969
-0.684247
0.685756
-0.73601
0.36823
-0.353325
-0.519433
-0.894630
0.553154
-0.492826
-0.831065
-0.373452
-0.67258
-0.82923
-0.124772
0.310748
0.897802
-0.650906
0.8726
-0.379766
0.362566
0.101469
0.475792
0.421390
-0.134620
-0.350853
-0.971739
-0.334552
-0.116284
-0.113028
-0.248382
-0.759853
0.451475
0.246094
0.167971
0.538455
-0.391657
0.928890
-0.668728
0.412747
-0.297201
0.285385
0.520610
-0.824289
-0.553766
-0.910655
-0.877446
0.948332
0.113973
-0.821827
0.852991
0.328834
-0.516558
0.628449
-0.124357
-0.504986
0.837501
0.206850
0.926662
0.511358
-0.1160
0.798928
-0.125227
0.240232
0.974390
-0.37496
0.422341
0.588382
-0.140407
0.124186
-0.290732
0.719026
0.452248
-0.2697
0.989719
-0.375690
0.452421
-0.902190
-0.438230
0.816848
0.204481
-0.272707
0.253380
0.598426
-0.110625
0.174904
0.384488
0.45943
-0.336159
0.731999
0.79048
0.349462
-0.282308
0.109118
0.910427
-0.165864
-0.329367
0.774435
-0.816012
0.976535
0.611825
0.360700
-0.78073
-0.349403
0.487988
0.772815
-0.189092
-0.614857
0.890282
-0.224644
0.682646
-0.431971
-0.345431
-0.111113
0.95620
0.120785
-0.788143
-0.736463
-0.404481
-0.796801
0.683621
-0.975857
-0.724597
0.376818
0.831042
0.448294
0.24674
-0.558405
-0.119375
0.47901
-0.789870
-0.955145
-0.650172
0.960582
-0.293827
-0.979826
0.359703
-0.882865
0.579101
-0.731884
0.893850
0.956535
-0.93147
0.804982
-0.217163
0.460222
-0.21570
-0.617751
0.139680
-0.275451
-0.368420
-0.443659
0.243664
-0.328776
-0.618912
0.749261
-0.273543
-0.463992
0.253441
0.611917
-0.638210
0.510343
0.520211
-0.880578
0.739132
-0.609750
0.927658
0.352028
0.412638
-0.26791
0.774168
0.60665
0.998201
-0.447106
0.309984
-0.238599
-0.647515
0.640678
-0.909741
-0.343970
0.193637
0.272777
-0.39834
-0.841673
0.338313
0.375
0.644517
0.709249
0.618402
-0.927064
-0.731731
0.425636
-0.430958
0.579677
-0.103922
0.505924
0.910073
0.967910
-0.436211
0.918732
-0.678047
-0.919711
-0.12851
0.514338
-0.301668
0.592343
-0.123419
-0.445349
-0.600645
-0.411429
-0.981379
-0.551182
0.212407
0.357711
0.845027
0.939496
-0.711902
-0.394695
0.4519
0.872359
-0.350437
-0.855938
-0.515386
-0.544585
0.359019
-0.853303
0.906072
-0.264554
0.956282
-0.799802
0.415061
0.357089
0.631209
0.368069
-0.660818
0.941916
-0.737836
-0.517815
0.615495
0.401958
-0.51119
0.347616
0.692452
0.108375
-0.234435
-0.966396
-0.163828
-0.292812
-0.591622
0.430766
0.417662
-0.296400
0.203242
-0.441425
-0.392968
0.825955
0.131349
0.433983
0.785741
-0.988888
-0.966888
-0.702377
-0.311474
0.442105
-0.172422
0.188240
-0.794611
0.778287
0.815208
0.332942
-0.95800
-0.684968
-0.848820
0.567303
0.177662
0.687441
0.544179
0.791618
-0.417711
-0.307805
-0.139300
-0.729275
0.980686
0.448116
-0.759979
-0.36775
-0.939955
-0.599280
-0.873399
0.456040
0.239126
0.711964
-0.566004
0.188015
-0.253659
0.606553
0.991867
-0.843222
-0.359743
-0.801152
0.588748
-0.491853
0.76022
0.833830
0.774069
0.516836
-0.949703
0.312853
-0.732383
-0.532127
0.996690
0.411705
-0.507213
-0.993814
-0.62617
-0.19382
-0.665597
-0.696420
0.635072
0.723746
0.852824
0.422337
0.985734
0.867291
0.752411
0.736864
0.570803
0.770362
-0.436201
-0.461324
0.75495
-0.182888
0.24645
0.999065
-0.958615
0.68859
0.479745
-0.646672
-0.742738
-0.699949
0.946086
0.276955
0.101736
-0.627609
-0.811495
0.553108
0.85991
-0.660787
-0.648010
0.286705
-0.415367
0.418065
0.363112
-0.360592
0.127757
0.150057
0.13707
0.107084
-0.474330
0.686085
-0.339978
-0.721872
0.7894
-0.569309
0.75216
-0.262530
0.727931
-0.385696
-0.294389
0.745950
-0.839533
-0.495989
0.839372
-0.1388
0.370470
-0.632232
0.959371
-0.685473
-0.253115
0.139522
0.627148
0.335267
0.598999
0.995179
-0.983603
0.315534
-0.153489
-0.709081
0.963652
0.339267
0.946999
-0.560922
0.841955
-0.389988
0.17529
0.456106
0.931562
-0.548813
0.28688
0.940302
0.801474
-0.868132
-0.100064
-0.980528
-0.836739
-0.914191
-0.807647
-0.206461
0.754213
-0.777377
0.642311
-0.449124
-0.57561
-0.137139
0.58282
0.647597
-0.365981
0.363775
-0.125647
0.562466
-0.180451
-0.262477
-0.984474
-0.670404
-0.581740
0.26782
0.713970
-0.314277
0.506548
-0.406837
0.561561
-0.457291
-0.86516
-0.426292
-0.681722
0.207254
0.498119
0.366623
0.971374
-0.737633
-0.517514
-0.293519
0.273026
-0.35719
0.91917
-0.860757
0.13344
-0.613725
0.655468
0.344728
0.61480
0.199364
0.54417
-0.558546
0.635719
-0.95259
0.576947
-0.901069
-0.512926
0.145899
-0.412050
-0.291026
0.357410
0.41606
-0.977473
0.350068
-0.454668
0.631258
-0.664476
0.51230
-0.2335
-0.969781
0.51619
0.461959
-0.323991
0.202093
0.163572
0.677787
0.430574
-0.533860
0.138432
0.479706
0.982417
0.134891
0.300768
0.463440
-0.848962
0.915090
0.820424
0.981478
-0.17612
0.396809
0.709394
-0.218518
0.826694
0.580721
-0.669011
-0.74580
-0.687743
0.814673
0.911944
0.324318
-0.227687
0.177839
0.649162
-0.708878
-0.375593
-0.880663
-0.212988
0.741308
0.367912
0.521161
-0.415160
0.721055
0.321564
-0.607766
-0.330193
-0.510766
0.204197
-0.605991
-0.364275
0.552838
-0.936909
0.341207
-0.49034
-0.705932
-0.437249
-0.486573
0.339187
-0.471665
0.743356
0.410612
0.527869
0.147782
-0.126336
-0.101778
0.101348
-0.263183
-0.604469
0.220859
0.203258
0.586802
0.186588
-0.525622
-0.281004
-0.219231
0.593071
0.130614
0.67573
-0.885711
0.64875
-0.233576
0.158457
-0.720832
-0.101150
0.416429
0.384834
0.493972
0.76607
0.613550
0.533234
0.414675
-0.978976
0.279950
0.856391
0.789515
-0.669502
0.603841
-0.519851
0.590885
0.782717
-0.474466
0.526898
-0.255326
-0.504385
-0.993820
-0.734362
-0.196628
-0.986489
-0.792593
0.158591
-0.764146
0.605200
-0.172404
0.209013
-0.778757
0.286956
0.675633
-0.221662
0.450063
-0.348893
-0.280018
-0.885082
-0.312946
0.469577
-0.714452
0.687648
0.488966
-0.879290
0.934252
-0.941012
0.112737
0.482585
0.74526
-0.268387
0.979350
0.1176
0.700535
0.768719
0.274182
-0.119021
-0.899168
-0.16290
0.615870
0.565857
0.16588
-0.295836
-0.251189
0.950400
-0.31725
-0.399360
-0.836067
-0.786796
-0.319498
-0.66437
0.310163
0.615020
0.24832
0.113818
0.559594
-0.707176
0.186544
-0.738212
-0.814139
0.312504
-0.423752
0.373292
0.628752
-0.829126
0.231956
-0.58284
0.630078
-0.267804
0.853670
0.811964
0.577650
0.505799
-0.554857
0.750984
-0.448975
-0.247565
-0.775353
-0.165251
-0.813650
-0.868708
-0.922645
0.104079
-0.633000
-0.723985
0.786209
-0.416287
0.571441
-0.160758
-0.682449
0.527999
0.975230
0.520504
0.429126
-0.671041
-0.712836
-0.804735
0.983094
0.220908
-0.797049
0.135469
0.480842
-0.979822
-0.990194
0.211287
0.568674
-0.804067
-0.31203
0.327192
-0.43030
0.703105
-0.54335
0.907700
-0.933007
-0.686227
-0.73502
-0.346020
-0.373452
0.639333
-0.499127
0.552641
0.589906
0.644410
-0.713984
-0.597790
-0.2540
-0.512882
-0.841441
0.94304
-0.549191
0.537209
0.118580
0.209743
-0.241776
-0.888383
-0.216048
-0.841408
0.314086
0.943416
0.490126
-0.301437
-0.874806
-0.65894
-0.751254
0.490696
-0.973434
-0.439491
-0.427487
0.616752
-0.14662
-0.442870
0.462512
0.553017
0.802801
0.837373
-0.553991
0.818298
-0.985834
0.145045
-0.77094
0.553885
-0.696351
-0.658896
0.158963
-0.825805
-0.297135
-0.920688
0.585657
-0.85302
0.486490
-0.230442
0.94190
0.985632
0.965636
-0.333464
0.799123
-0.93260
-0.397078
-0.652016
0.544156
0.246020
0.262848
-0.633643
-0.156766
-0.269668
-0.157973
0.200090
-0.65203
0.364891
0.832752
-0.73571
-0.102057
0.160053
-0.951691
-0.571529
-0.806242
-0.886194
0.500610
-0.950299
-0.755136
-0.816984
0.720079
-0.714329
0.719149
0.332474
0.293928
-0.216480
-0.605580
-0.895120
0.221306
0.602174
0.800551
-0.129342
0.524559
0.474889
-0.299610
-0.741860
0.825301
-0.837675
0.535410
0.129056
-0.92547
-0.225323
0.754774
-0.288103
0.103445
0.36333
-0.411351
-0.721510
0.761669
0.248309
0.520978
-0.630024
0.446359
0.923433
-0.154202
-0.327459
-0.914378
0.977581
0.705929
-0.677936
-0.188667
-0.746076
-0.396297
-0.52280
-0.696690
-0.251950
0.290758
-0.113003
-0.866026
-0.751590
-0.605278
-0.783330
-0.664535
0.221512
-0.59300
0.696192
-0.646422
0.364337
0.942558
-0.233390
0.233558
0.405973
-0.400018
-0.294138
-0.71766
-0.802625
-0.641130
-0.745757
-0.379571
0.192483
0.899422
-0.203191
-0.363647
-0.621268
-0.500498
-0.461806
-0.372702
0.774725
0.903109
0.555118
-0.114593
-0.200975
-0.492755
0.577741
-0.946706
0.827549
0.175251
0.424677
-0.114621
-0.361456
0.416956
0.865527
0.723746
0.78732
-0.709117
0.634434
0.540649
0.612137
-0.814846
0.938434
0.476455
-0.640385
-0.829428
0.706957
0.627360
-0.591872
-0.924380
0.866680
-0.614005
0.791334
0.128318
0.695888
-0.293882
-0.735076
-0.530608
0.386633
-0.472198
0.691475
-0.608433
0.278380
-0.15902
-0.829166
0.360357
-0.104760
0.673962
-0.846540
0.354567
-0.503952
0.883157
0.789882
-0.945242
-0.453534
0.236238
0.235420
0.92497
0.113169
-0.416757
-0.48681
-0.670886
0.784180
0.82240
0.696185
-0.689500
-0.117961
-0.471869
0.502776
0.600711
0.834552
0.134023
0.714325
0.100125
-0.334920
0.802534
0.326701
0.86099
0.850972
0.257954
-0.121499
0.263646
0.36464
-0.663656
0.152627
-0.528254
0.650373
-0.89856
-0.405150
0.708545
0.739567
0.156375
0.500851
-0.693502
-0.927167
-0.415333
-0.931614
0.320831
-0.930847
-0.23671
-0.797910
-0.103358
0.246907
-0.812983
-0.932251
0.908479
-0.65312
-0.254439
-0.823682
0.950691
0.932101
-0.832219
-0.561357
0.348146
-0.170241
0.608383
0.956448
0.416436
-0.454011
-0.371765
0.267299
0.574432
0.861451
0.415127
-0.809516
0.468686
-0.764547
-0.638037
-0.486660
0.850813
0.390705
-0.625054
-0.203641
0.583213
0.787261
-0.43914
0.751574
-0.903524
-0.963570
0.330863
-0.717173
0.63760
0.133160
-0.323977
0.204332
0.276722
-0.666690
-0.974895
0.459618
-0.44335
-0.29438
0.817792
0.739300
-0.394039
0.72671
0.508660
-0.557156
0.787917
-0.790569
-0.826489
0.319389
0.106292
0.37692
-0.372763
0.155648
-0.776894
-0.21700
-0.966099
0.348706
0.980222
-0.117745
-0.727573
0.94007
0.881570
-0.176442
0.879479
0.360326
0.514615
0.583310
-0.444385
0.304478
-0.440397
0.332317
-0.119883
0.799339
-0.618752
0.621692
-0.108337
0.410872
-0.116629
0.247022
-0.115850
-0.498231
-0.38071
0.517844
-0.853204
0.220087
0.697557
0.216449
0.749779
-0.433897
0.449224
0.747561
0.803994
0.63821
0.262100
0.916731
0.434545
0.8415
-0.529207
0.471425
0.381286
0.708716
0.760269
-0.412635
-0.457306
0.394932
0.418475
0.464093
0.817278
-0.659444
-0.871462
-0.973680
-0.23841
-0.294976
0.24708
0.968164
-0.457913
0.517542
0.118398
-0.760935
-0.776710
-0.998588
-0.814712
0.450358
0.539651
0.227721
0.718681
0.717121
0.699849
-0.328275
-0.294850
-0.679608
-0.489671
0.3650
0.127327
-0.216479
0.436804
-0.131927
-0.710452
-0.399859
0.724792
0.177569
0.861685
0.702348
-0.423140
0.835148
0.843414
-0.503459
-0.711906
-0.973860
0.271695
-0.259624
-0.921758
0.476368
0.522893
-0.915017
-0.52863
-0.207512
-0.503630
0.508787
0.456836
-0.161113
0.858692
0.149688
0.688034
0.926185
0.830239
0.700932
-0.126416
0.933263
0.86231
0.929700
0.457220
0.569995
0.79776
0.403972
0.422718
-0.353215
0.262362
0.884714
-0.659156
0.426477
-0.545764
0.790449
0.821062
0.837842
-0.88345
0.562740
-0.937458
-0.22767
-0.727870
0.553847
-0.508178
0.948351
0.442670
-0.237289
-0.160316
-0.107573
0.823880
0.894613
-0.621735
-0.584941
0.532702
0.288350
0.313121
-0.3747
0.254209
-0.191579
-0.497361
0.565632
0.5700
0.41857
-0.983039
0.904801
0.563805
0.968215
0.564574
-0.928325
-0.733541
-0.600140
0.44144
0.87653
0.194187
-0.577093
-0.968220
-0.147932
0.461998
0.656289
-0.371924
0.768310
0.393209
-0.637622
0.322385
-0.87763
-0.298974
0.102589
-0.808144
0.157825
0.502179
-0.726583
-0.393996
-0.960672
-0.580657
0.333736
0.210756
-0.888311
-0.354923
-0.78101
-0.608233
-0.249587
-0.370121
-0.766679
-0.58770
0.213300
0.175774
0.64053
0.330751
-0.458469
0.674391
-0.380341
-0.410604
-0.5465
-0.827291
-0.475540
-0.765784
-0.375436
-0.593655
-0.346874
-0.582971
0.246079
-0.16409
-0.361220
0.851210
-0.774920
0.128247
0.927101
0.456619
-0.853434
0.48837
0.268490
0.570453
-0.983230
-0.302394
0.849238
-0.890278
-0.160464
-0.921802
0.770200
-0.857726
0.331318
-0.733087
0.557528
-0.740042
0.506320
0.256289
0.636205
0.935089
-0.507203
0.949540
0.122850
0.484462
0.779210
-0.804998
0.211982
-0.610884
0.681401
0.350776
0.50029
-0.682596
0.396049
-0.363863
-0.798331
0.168042
-0.536437
0.694679
-0.990104
0.458953
-0.101759
0.835078
0.475732
0.889745
0.306285
0.428767
-0.847691
0.945367
0.566600
0.792347
0.124535
0.186818
0.110675
-0.352963
0.576991
-0.386447
0.108572
-0.508843
0.183839
-0.257789
-0.639110
-0.879142
0.314271
-0.246895
0.650091
0.762155
-0.32336
-0.468303
0.863174
-0.276495
-0.665887
0.118916
-0.917171
0.875115
0.542701
-0.623838
0.335813
0.184965
-0.843841
0.47308
-0.503807
-0.817616
-0.791140
-0.711858
-0.623538
-0.610833
-0.200352
0.580237
0.390213
-0.251238
-0.620962
-0.147430
-0.894409
-0.639564
0.280608
-0.781240
-0.45392
-0.353262
-0.401127
0.523552
-0.86178
-0.830444
0.413190
0.920407
-0.415090
-0.769022
0.79426
0.25532
-0.765200
-0.744791
-0.901025
0.862927
-0.641239
-0.299303
-0.797661
-0.99736
0.989944
0.203075
-0.373566
0.239242
-0.811479
-0.341061
-0.924717
-0.897446
-0.580745
-0.252077
0.200972
0.944541
0.847545
-0.917281
-0.99403
0.561751
-0.979902
-0.525185
0.888308
-0.174829
-0.289045
0.139749
0.915187
-0.936384
0.195784
0.494055
-0.819818
-0.271671
-0.715144
-0.828922
-0.238675
-0.936598
-0.671851
0.88398
0.742564
-0.809003
-0.811821
0.761723
0.985948
-0.255644
0.402921
0.611193
0.221000
-0.922806
-0.104521
0.783396
-0.175106
-0.78126
-0.698131
-0.923469
-0.978807
0.472304
-0.197577
-0.33988
-0.448487
0.397961
-0.72036
-0.590499
-0.441075
-0.261886
-0.781386
0.921497
0.797981
-0.319803
0.715203
0.453159
0.492097
0.990
0.675843
0.905903
0.357314
0.492090
0.345723
0.755092
-0.112246
0.848746
-0.94964
-0.882830
-0.802570
0.905410
0.962257
0.728135
0.284033
-0.660380
-0.280455
0.116910
0.386500
0.99825
0.724293
-0.35373
0.904599
0.762877
0.687067
-0.408861
-0.848340
0.523763
-0.672842
-0.781304
-0.497376
-0.949456
0.40672
-0.448305
0.708071
0.675747
0.919399
0.785256
-0.627943
0.339914
0.193840
-0.321000
0.63047
-0.369130
0.129365
0.725469
0.108470
-0.920925
0.773995
0.92666
-0.433713
-0.430783
0.512237
-0.693463
0.764173
-0.487895
0.298504
-0.516546
0.686362
-0.130145
-0.36110
-0.958821
0.563243
-0.326427
0.281681
0.852009
-0.220211
0.101210
-0.15184
-0.388981
-0.860754
-0.770074
-0.202124
0.553515
-0.688648
0.220567
0.571979
-0.902043
0.575487
0.505165
0.680267
-0.605266
-0.156319
-0.149279
0.533854
0.983564
-0.447841
-0.70219
-0.556611
0.54805
0.823747
0.486370
-0.971112
-0.47300
-0.649587
-0.920119
-0.425993
-0.746685
0.264566
0.270168
0.950577
0.193028
-0.523723
0.564736
-0.403334
0.325595
0.927617
-0.655511
0.233083
0.478033
0.771630
-0.245229
-0.956242
-0.812639
-0.404231
-0.19228
-0.852892
-0.269579
-0.24561
-0.973302
-0.2913
-0.687681
0.627215
0.861964
0.78708
-0.775672
-0.254503
0.80665
-0.529169
-0.947906
0.492464
-0.804561
-0.728447
0.754676
-0.941159
-0.697256
0.543228
-0.907307
-0.244481
0.63445
0.109269
-0.689880
0.892723
-0.90870
0.180203
-0.871645
-0.38614
-0.50728
0.266698
-0.520070
-0.49734
-0.184634
0.118615
0.796109
-0.377564
0.718991
-0.215024
0.883310
-0.212121
0.45992
-0.529308
-0.97696
0.110195
-0.334985
-0.986532
-0.617454
-0.588734
0.661933
0.926733
0.103150
-0.833949
0.307484
-0.263717
0.189424
-0.681327
-0.384515
-0.669405
0.294910
0.663339
-0.705549
0.517655
-0.202489
0.157796
0.846442
0.838817
-0.421532
-0.804438
-0.238091
-0.436162
-0.60346
0.179284
0.360829
0.959776
0.177346
-0.834691
-0.789338
-0.722251
-0.491439
0.372602
0.997282
-0.320178
0.884185
-0.664182
-0.709124
-0.66143
0.250538
-0.247035
-0.126821
0.816162
-0.862630
0.187062
0.519551
-0.160148
0.822066
0.381576
-0.260521
0.754514
-0.342723
-0.299686
0.35392
0.854022
0.643961
0.446353
0.856925
-0.591301
-0.429721
-0.404228
0.720381
-0.476615
-0.129830
0.394499
0.76298
0.567761
0.84061
-0.503573
-0.782333
-0.438088
0.7710
0.713428
-0.663310
0.100543
0.115796
0.558656
0.585500
0.411329
0.926167
-0.138386
-0.954842
-0.454191
-0.606299
-0.191062
0.864416
0.331278
-0.546296
-0.253114
-0.898491
-0.335342
-0.374781
-0.883170
0.961974
-0.708317
0.616680
0.923311
-0.552851
0.643131
0.884323
0.580487
0.979695
-0.653570
0.989176
0.768302
-0.776693
0.418308
-0.997643
-0.144461
-0.112329
-0.880463
0.699481
-0.333237
-0.730333
0.960540
-0.326913
-0.396100
0.969145
0.865304
0.956354
-0.878694
-0.737251
0.917226
-0.114832
-0.243568
0.430817
0.988875
-0.960510
0.415336
0.331184
-0.821852
-0.916903
0.513762
0.267622
-0.393427
-0.529025
0.989728
-0.85475
0.33875
-0.484994
0.460172
0.917827
0.562462
-0.320216
-0.85533
0.353674
-0.342202
0.641690
0.189331
-0.235031
-0.165993
-0.854879
0.546685
-0.579028
0.173365
0.890708
-0.496185
-0.115289
-0.719577
-0.36446
0.603259
0.745200
0.177051
0.317778
0.328908
0.981844
0.349569
-0.683327
-0.809781
-0.25872
-0.842729
0.133035
0.241468
-0.913914
-0.200183
0.282507
0.856834
0.265255
-0.447303
-0.432971
0.168546
-0.303816
-0.284242
-0.447075
0.765850
-0.77169
0.905879
-0.980198
-0.974881
0.624744
-0.360825
0.11210
-0.484016
-0.767896
-0.892203
-0.223882
0.132034
0.611570
-0.547546
-0.510299
-0.564296
0.954680
-0.346729
0.650227
0.345342
0.529379
-0.214927
-0.440179
0.333407
-0.146614
0.925295
-0.802713
0.930899
-0.989958
-0.505632
0.824545
0.636782
-0.572807
0.746807
0.821474
0.14358
0.314670
-0.891442
-0.960933
0.479277
-0.966813
0.510748
-0.461903
-0.732865
0.436444
-0.984823
0.341129
-0.72919
-0.605117
-0.653323
0.428228
0.777444
0.446022
-0.530452
-0.926441
-0.547207
-0.414302
-0.695484
-0.532306
-0.360771
0.183198
-0.262443
-0.483552
0.470967
0.155089
0.31613
-0.341027
0.358920
0.27001
0.226709
0.899101
-0.879400
-0.864575
0.738665
0.519585
-0.881983
-0.477735
-0.776166
-0.479789
0.82661
-0.404128
-0.734548
-0.956037
-0.48557
-0.982840
-0.452832
0.565535
0.744401
0.423468
-0.343344
-0.98855
-0.678540
0.369755
-0.54230
0.734543
0.775
0.767518
0.400179
-0.828791
-0.222945
0.240355
-0.242628
0.524361
0.268706
0.986449
0.923586
0.353730
-0.178247
-0.89536
-0.89382
0.402072
-0.962751
0.341832
0.925850
-0.328019
-0.14958
-0.857277
-0.923321
0.760968
-0.362172
-0.320430
-0.349074
0.404237
0.913998
-0.792502
0.834206
0.609889
-0.396869
0.192592
0.155048
0.504220
-0.121689
-0.460296
0.259488
-0.269742
0.485034
0.423772
0.297037
0.394133
-0.870839
-0.247119
-0.897562
0.534707
0.841433
0.133503
0.280614
0.682839
-0.515573
-0.480018
0.880752
0.429426
-0.856285
0.232599
0.230264
0.880709
0.813368
0.322501
0.17540
0.38066
0.617211
-0.371806
-0.809293
-0.849184
-0.714133
-0.616279
-0.595316
-0.477024
0.931608
-0.637628
0.852709
-0.779328
-0.678870
-0.409712
0.991741
-0.71736
0.135699
0.539481
0.14540
-0.302562
0.750572
0.839910
-0.997252
-0.830194
0.59263
0.607085
0.18863
0.94401
0.4594
-0.910496
-0.984595
0.121639
-0.942126
0.97991
-0.566137
0.201691
0.835748
0.178950
0.358537
-0.794564
0.509670
0.846124
0.820766
-0.742619
0.477343
-0.338047
0.151699
-0.614937
-0.637158
-0.566844
-0.113483
-0.552710
0.326490
0.331287
-0.773509
0.135531
-0.560205
-0.328065
0.954884
-0.722684
-0.240152
0.926870
0.520418
-0.518382
-0.254736
-0.393576
0.886466
-0.866506
-0.194299
0.414335
0.839997
-0.283691
0.47873
-0.297525
-0.198794
0.951337
-0.597293
-0.347150
0.936367
0.307991
-0.983463
0.592027
-0.164206
0.82886
-0.172679
0.359017
-0.563440
-0.445582
0.254466
-0.614071
0.796021
0.408558
-0.959968
0.543729
-0.653945
0.120143
-0.585992
0.507338
-0.687055
-0.625056
0.120149
-0.388762
-0.143135
-0.294903
0.610156
-0.883565
-0.507087
0.315843
-0.80536
0.396095
0.260348
-0.888242
0.744760
0.112892
-0.18508
0.807902
-0.754726
-0.338599
0.63713
0.811814
-0.575181
-0.596398
0.503855
0.582028
0.804517
-0.835225
-0.10714
-0.427559
-0.635400
0.703643
0.311103
-0.308919
0.740914
-0.480043
-0.797373
0.994849
-0.503589
-0.487526
-0.19841
-0.624540
-0.80383
-0.405577
-0.215937
-0.879276
0.406291
-0.537951
0.610817
0.299576
0.527092
0.672711
-0.587830
0.246075
0.258809
0.647920
0.835861
0.619361
0.281281
0.523693
-0.890778
0.381261
-0.502241
0.530816
0.798786
0.497494
0.610012
-0.683048
0.354118
0.838318
-0.179077
-0.407930
-0.791402
0.447534
0.601286
-0.569902
-0.890550
-0.821838
0.903079
0.538554
-0.183046
-0.60448
0.722605
-0.539957
0.188971
-0.206003
0.380865
0.415691
-0.673929
-0.244951
-0.350806
-0.799983
-0.798721
0.666851
0.974475
-0.920018
0.757805
-0.499637
0.240314
-0.557135
-0.934222
-0.346390
-0.893424
0.3707
0.625308
0.358920
0.96215
-0.733822
-0.297077
0.113089
0.122431
-0.978130
-0.529925
-0.876999
0.33714
0.748580
-0.713625
0.315727
-0.857053
-0.690754
0.117148
-0.974827
0.241281
0.624652
0.142026
0.842615
-0.803552
-0.661046
-0.814865
-0.136420
0.488532
0.365571
-0.496324
0.325558
-0.33437
0.868442
-0.615042
-0.880301
-0.584622
-0.427386
-0.791751
0.507458
0.123450
0.961485
-0.222901
-0.819598
0.15611
-0.429942
-0.899172
0.381664
-0.320868
-0.599546
0.609727
0.308586
0.533858
0.437349
-0.38677
-0.437265
-0.146015
0.616795
-0.13009
0.80350
0.137915
-0.573259
-0.298497
-0.486048
-0.237733
-0.71628
0.598146
0.74513
0.632538
0.973966
-0.489374
0.349695
-0.326334
0.4306
-0.919235
-0.400667
0.627654
-0.610589
0.961553
-0.578221
-0.214936
0.563098
0.546416
0.977791
-0.665826
-0.882874
0.879340
-0.790589
-0.715411
-0.61370
-0.395905
-0.208149
0.952316
0.498766
0.948080
-0.629508
-0.243190
-0.8803
-0.830218
0.484913
-0.454703
0.167596
0.633061
-0.539718
0.269434
0.499472
-0.95831
0.721602
-0.559064
0.994721
-0.813708
0.702865
0.333189
-0.362857
-0.214614
0.692156
-0.764614
0.519713
-0.334290
0.746149
0.693224
0.785415
-0.985946
-0.869907
0.243738
-0.84860
-0.5210
-0.147049
-0.15746
-0.18159
0.906732
-0.932382
-0.86419
-0.585375
0.544230
-0.24434
-0.609849
0.59214
-0.833219
0.657158
-0.310102
-0.683460
0.46096
0.653712
0.889471
0.324906
0.414890
-0.983902
0.225735
-0.954723
-0.933505
0.40125
0.305360
-0.655502
0.544813
0.248241
-0.571031
0.686579
-0.794914
0.195321
-0.44866
-0.996940
-0.293868
-0.993770
0.66472
-0.805921
0.960355
-0.59684
-0.978090
-0.436999
0.544199
0.894170
0.649645
-0.248709
0.437393
0.645296
0.480609
-0.974720
-0.655783
0.810433
-0.949687
-0.754938
-0.495105
0.208462
-0.46161
0.512450
0.363405
0.221942
0.503721
0.490313
-0.947385
0.972430
-0.810550
0.235176
0.464696
0.704941
0.694667
-0.357130
0.790854
0.695671
-0.727406
0.943727
0.131093
0.620214
-0.185376
-0.124985
0.762489
-0.593459
-0.77269
-0.555725
-0.423300
-0.472701
0.236898
0.340444
0.395424
-0.381119
0.760589
-0.729995
-0.39571
-0.75554
-0.460737
0.874060
-0.330659
0.312618
-0.328859
0.466246
-0.645362
-0.902831
0.285130
-0.426364
-0.795744
-0.319738
-0.165033
0.997072
0.916294
-0.945903
0.305870
0.116611
-0.803834
0.560809
-0.330277
-0.917557
0.482354
-0.374251
-0.580016
-0.964392
0.640802
0.481150
-0.366567
0.526791
0.67201
-0.176245
0.809009
-0.525952
-0.754790
0.778241
-0.146521
0.93410
-0.548890
0.429064
-0.817332
-0.537371
0.710290
0.780321
-0.496744
0.876071
-0.328862
-0.969720
0.861525
0.783418
-0.615137
-0.734086
0.290161
-0.939590
0.844213
0.484311
-0.278463
0.119679
-0.40204
0.98315
-0.756168
-0.133597
0.26702
-0.739253
-0.115341
0.20894
-0.600683
0.524841
0.615180
0.246248
0.833085
-0.120938
0.752242
-0.649358
-0.689673
0.845746
0.722059
0.47223
0.82660
-0.669693
0.341852
-0.444831
-0.478272
0.349731
0.950455
0.69198
0.842891
-0.444145
0.463458
0.903931
0.357528
-0.631677
-0.245372
0.861053
0.498081
-0.558737
0.254037
0.298820
-0.5945
0.342114
0.760883
0.288998
-0.117800
0.715260
0.826647
0.767094
-0.885221
0.296467
-0.110375
0.7682
-0.204618
0.964741
-0.602693
0.707317
0.428465
0.597743
0.977095
0.825827
-0.136237
-0.192506
-0.676632
0.179763
0.874723
0.725151
-0.633750
0.109907
0.815606
0.329728
-0.370914
-0.59641
0.602828
-0.21431
0.60478
-0.191170
-0.904699
-0.675951
0.375980
-0.659536
-0.848297
0.268506
-0.633874
-0.353120
0.485765
-0.384131
0.236245
0.688762
-0.617509
0.451700
-0.73805
0.391055
-0.59251
-0.592539
0.955426
-0.718639
0.153115
-0.802123
0.398262
0.752821
0.354444
0.773411
0.97077
0.462467
-0.688720
0.908926
-0.73391
0.773733
0.399693
0.600578
0.134699
-0.191546
-0.339067
0.107508
0.665266
0.137710
0.29986
0.643104
0.373295
0.358002
-0.52444
-0.340892
-0.83262
-0.291181
-0.997249
0.870778
0.727330
-0.452468
-0.572347
-0.320079
0.969362
-0.773675
-0.885263
0.642764
-0.555056
-0.836926
0.784047
0.766039
-0.325148
0.866617
-0.981684
-0.487050
-0.316072
0.808116
-0.48551
-0.126032
0.102337
0.533614
0.865544
0.246158
0.693497
-0.60804
-0.293607
-0.861206
-0.433119
0.490208
0.981570
-0.156522
0.949481
-0.186062
0.92834
-0.532298
0.760859
0.182771
0.274995
0.563355
-0.61070
-0.478741
-0.967354
-0.6136
0.584122
0.331629
0.989955
0.379688
-0.969142
0.970173
-0.910549
0.773499
-0.601088
0.297811
0.934256
-0.877280
-0.1677
0.866355
0.212321
0.885857
-0.401539
-0.878489
-0.738342
-0.363636
-0.856631
0.769461
0.868985
0.954941
0.531935
0.862508
0.630271
-0.977869
-0.612163
0.117332
0.749419
-0.137280
-0.253380
0.58806
0.306650
0.215559
0.788955
0.446815
0.560686
-0.644365
0.170861
0.591517
0.763015
-0.433082
-0.929963
0.199662
0.69956
-0.830341
-0.901768
-0.347762
-0.344293
0.888053
0.64695
0.823893
0.769328
-0.234354
0.491485
0.257675
0.911610
-0.629678
0.757523
0.520955
0.715339
-0.183519
-0.273148
0.341879
0.610956
0.783395
0.597504
0.301032
0.591899
-0.823374
-0.393962
-0.854236
0.288158
-0.147145
0.862311
0.422217
0.52101
-0.711110
0.169723
-0.975396
-0.799273
0.456330
-0.398783
0.796314
-0.325452
0.106771
0.733442
0.541338
0.477626
0.99986
-0.872936
-0.433940
-0.160645
0.766639
0.198040
-0.627399
-0.533530
-0.943147
0.357443
0.955701
-0.875501
0.435014
0.539832
0.663248
0.181188
0.873748
-0.318142
0.11865
-0.969091
-0.325507
0.553244
-0.713500
-0.69339
-0.535441
0.396108
0.142382
0.69966
-0.913257
0.70100
-0.659962
-0.856092
0.821764
0.874103
0.169374
-0.128487
0.43029
0.996844
-0.284858
0.929529
0.9318
-0.344145
0.629951
0.245448
0.56615
-0.152418
-0.566837
0.799343
0.699097
-0.738583
0.549344
0.912408
-0.65154
0.865255
0.975436
0.203016
0.636773
0.652806
-0.477625
-0.358990
0.246506
-0.799873
0.36271
-0.234649
-0.789015
0.636543
0.356655
0.963437
0.458204
0.804525
0.656180
0.934746
-0.71055
0.108735
0.518510
-0.631977
-0.979133
0.94712
0.547419
0.267124
-0.818945
-0.707499
0.968971
-0.630113
-0.532333
-0.893519
-0.958532
-0.514171
-0.448521
-0.610972
0.90631
-0.764751
-0.191151
-0.117873
0.221528
-0.107710
-0.805017
-0.248778
0.2497
0.233867
0.346235
-0.756048
-0.472003
-0.367059
0.409478
0.920259
0.737332
0.602578
-0.60826
0.699758
-0.138154
-0.355533
0.622677
0.749864
-0.999555
0.192709
0.111118
-0.166910
0.251681
-0.19998
-0.28352
-0.193972
-0.625268
0.726871
-0.549707
0.1154
0.750450
-0.147384
0.477350
-0.31007
-0.880980
-0.855400
-0.205178
0.91571
-0.72631
-0.634370
-0.568179
0.899371
-0.141245
-0.912246
0.85577
0.895165
-0.302791
0.725507
0.456150
-0.289752
0.12935
0.845580
-0.683815
0.707676
-0.81425
-0.890134
0.686740
-0.359404
-0.964804
0.551642
0.217755
-0.402761
-0.5710
0.333392
0.917487
0.315343
0.284649
0.697591
-0.614427
-0.757614
0.747313
0.861809
-0.469958
-0.294743
0.525568
-0.1496
-0.809546
-0.812925
-0.565229
-0.793468
-0.285814
0.962194
-0.786087
-0.571631
-0.65052
-0.129071
-0.9698
0.279123
-0.244798
-0.947123
-0.420252
0.546393
-0.385580
-0.561406
-0.21989
-0.466230
-0.496390
0.910971
-0.88210
0.715696
0.844552
-0.481980
0.868352
0.882963
0.334969
-0.399869
0.811409
-0.17724
-0.338286
0.664151
-0.966710
0.700782
0.558805
0.261930
-0.610708
-0.316630
0.855097
0.342215
0.592417
-0.352953
-0.571617
0.715312
-0.731789
-0.580016
-0.344872
-0.463054
0.890900
-0.291034
-0.775590
-0.129425
-0.79646
-0.357911
-0.277369
-0.690898
-0.441657
0.829877
-0.829377
-0.396302
-0.310930
0.663946
0.253190
0.483736
0.807190
0.626500
0.360439
-0.485431
-0.234685
0.891182
-0.59820
0.414545
-0.658635
0.31105
0.305964
-0.81883
0.436429
0.789049
0.389183
-0.866414
0.563908
-0.779153
-0.281544
-0.880786
0.140630
0.60989
0.386752
0.734633
-0.236309
-0.49751
-0.709497
-0.675519
-0.877465
-0.351898
0.253706
0.979373
0.743930
-0.741962
-0.572167
-0.574409
-0.911068
-0.945952
0.627284
-0.859559
-0.446323
0.438570
0.557298
0.818099
-0.611362
-0.734115
-0.937365
0.682683
-0.21070
-0.223122
-0.563746
0.306035
-0.949281
-0.805339
-0.448925
0.472863
0.123265
-0.83773
0.58228
0.148030
0.104573
-0.51011
-0.144689
0.239585
0.674691
0.758997
-0.292943
0.262308
-0.349724
-0.367847
-0.765249
0.210249
-0.301200
0.85430
-0.712246
0.61723
0.664662
0.891461
0.362780
-0.975112
0.626459
-0.824965
0.315494
0.710683
-0.671272
0.980219
0.951945
-0.357740
-0.843
0.128926
0.225688
-0.562613
0.819735
0.699702
-0.101473
0.252690
0.925276
-0.680039
0.681280
0.938692
0.501957
0.338130
0.625731
0.223399
0.688097
-0.856016
-0.59326
0.804136
0.389055
0.94280
0.695005
0.251165
0.457330
-0.893755
0.870983
-0.40219
0.267710
-0.343194
0.106924
-0.36368
0.951623
-0.708807
0.343717
0.922715
0.49485
-0.256005
0.396670
0.397475
0.987431
0.25316
0.156381
-0.747706
0.960237
0.833885
0.690198
-0.378534
0.795341
0.685474
-0.116636
0.388182
0.657889
0.426964
0.184063
0.941264
-0.148374
0.62613
-0.64820
-0.761551
-0.933924
-0.124922
0.498393
-0.782295
0.590798
0.949144
-0.108663
-0.389908
0.14219
-0.337463
0.674017
0.402480
0.278012
0.643499
0.791765
0.400593
0.33191
-0.866163
-0.28972
0.341671
0.148931
-0.359908
-0.144495
-0.56850
0.599394
0.389700
0.705746
0.128506
0.773626
-0.359295
0.693409
0.323784
0.801756
-0.774537
0.387461
-0.483202
0.923377
0.826691
0.141983
0.259290
-0.794207
0.47492
0.441170
-0.516416
-0.464357
0.812891
-0.668303
-0.400718
0.842974
-0.849843
-0.291465
-0.283180
0.208860
0.315418
0.509764
-0.608573
0.223698
-0.320277
-0.348416
-0.912369
0.745108
0.970539
0.378288
0.916175
0.62866
-0.968050
0.615416
0.601877
-0.910157
-0.691472
0.8355
-0.240245
0.472462
-0.413273
-0.429920
0.150004
-0.50903
0.104793
0.8154
0.166805
0.303339
-0.974407
-0.935141
0.775736
-0.9931
-0.781572
-0.283605
-0.250339
0.615044
0.609651
-0.505607
-0.736346
0.396551
0.502053
-0.411163
0.24781
0.352770
-0.665963
0.575472
-0.649562
-0.908908
0.120041
-0.969303
0.497637
0.66697
-0.662017
-0.383296
-0.161518
-0.788558
0.217257
0.365133
-0.430576
0.241227
-0.522167
0.538239
-0.434807
-0.119215
0.188716
0.957933
0.705570
0.309994
-0.629638
0.315006
-0.989490
0.971079
-0.303286
0.965137
0.86820
0.863106
-0.539416
-0.780716
-0.881196
0.561775
0.21153
0.788970
-0.577042
-0.643367
0.308607
0.30540
-0.61938
0.21196
-0.886888
-0.648143
-0.709050
-0.582695
-0.428946
0.255393
0.296046
-0.412758
0.369581
-0.592979
-0.817046
-0.186008
0.711073
0.940103
0.767224
0.170940
0.980337
-0.627820
0.846684
-0.486910
0.606630
0.618476
-0.75825
0.252580
-0.749315
0.908382
0.598258
0.208367
0.859996
0.115047
0.658825
-0.281333
0.137774
-0.361255
0.152373
-0.776440
0.106821
-0.178032
-0.942502
0.628053
0.792523
-0.290883
0.179882
0.732817
-0.680424
-0.667099
0.166555
0.494765
0.406641
0.321491
0.220537
0.318018
-0.9199
0.26357
0.443014
0.192576
-0.223550
-0.659023
0.499062
0.959663
-0.272409
0.35088
-0.607898
-0.775998
0.418577
0.89906
-0.711773
-0.482826
-0.936678
0.221731
0.679946
-0.131581
-0.414118
-0.823280
0.215150
0.609019
0.926057
-0.475580
-0.206665
-0.581199
0.865421
-0.297061
-0.111733
-0.330871
0.805423
0.428103
-0.483261
-0.905217
0.899345
-0.326912
-0.544145
0.634759
0.612743
-0.36862
0.878270
0.993706
0.321870
-0.837238
-0.587007
0.998366
0.753416
0.394151
-0.535209
0.166761
-0.60570
0.65402
-0.462309
0.107621
0.326853
-0.927164
0.311600
0.948815
0.727991
-0.99777
-0.986866
-0.223781
0.557316
0.526016
-0.433653
-0.43433
-0.702803
-0.647994
0.325349
-0.756517
0.932803
0.857325
0.637257
0.910578
-0.141249
-0.196598
-0.624851
-0.901102
-0.554664
0.307397
-0.636248
0.515244
0.976018
-0.20516
-0.435205
0.469921
0.977068
-0.645116
-0.682443
0.12277
0.82401
-0.468160
0.145607
-0.922124
0.829085
0.721292
-0.613056
-0.320737
-0.432478
-0.923145
0.634639
-0.752044
-0.236664
0.258736
-0.469206
0.259152
-0.996241
0.775212
0.129279
-0.874823
-0.475913
-0.456402
0.865355
0.710747
0.151097
0.681868
-0.543310
0.430148
-0.863776
0.215434
0.476250
-0.400942
0.718251
-0.163395
0.906194
0.838599
-0.667037
0.503781
0.104845
0.346577
0.881125
-0.558031
-0.978710
0.720762
-0.193415
-0.691821
-0.443487
0.691212
0.785269
-0.41973
-0.409177
0.106274
-0.208278
-0.641310
0.857288
-0.85418
0.532685
0.679200
-0.664332
-0.870233
0.368864
0.76469
0.654817
0.6794
-0.138641
-0.164253
0.962043
-0.656737
0.396935
-0.999798
0.802287
-0.508988
0.761370
-0.846367
0.104504
0.316154
0.795007
-0.318423
-0.676658
-0.922615
0.890336
-0.395822
0.873749
0.22702
-0.350608
0.557612
-0.140420
0.4220
0.771141
-0.843845
-0.599892
0.381717
0.585327
0.877429
-0.541710
0.109989
-0.403265
0.317131
-0.74723
-0.580403
0.395037
-0.94579
-0.204615
0.437248
-0.982090
-0.884106
0.473796
0.493235
-0.998669
0.353813
-0.687060
0.5130
-0.485966
0.400044
-0.178446
-0.502373
0.118462
0.108941
0.728455
0.331539
-0.376338
-0.808880
0.514173
-0.941962
0.705483
-0.569574
0.792282
0.999222
-0.896966
-0.355290
0.896066
-0.165248
0.487319
0.886662
-0.369434
0.959023
0.466551
-0.112258
0.619075
0.9919
-0.866349
0.717103
0.154197
-0.453232
-0.148295
0.675632
0.698889
0.607946
-0.147773
-0.434686
-0.229162
0.295683
-0.194317
0.709141
-0.978514
0.654304
-0.298553
-0.19847
0.120436
0.52970
0.314305
0.862149
0.85834
-0.199402
-0.481055
0.299870
-0.60501
0.954986
0.3495
-0.100916
0.383188
0.859577
0.159331
-0.683549
-0.385207
-0.581202
0.981474
0.712706
0.946150
0.849972
-0.578900
0.170127
0.745396
0.926924
0.305594
0.279956
0.815764
0.403228
-0.535309
-0.771214
-0.339649
-0.136380
-0.828472
-0.421135
-0.793898
-0.234533
-0.937302
0.44904
0.562478
0.980645
0.32373
0.73207
-0.916487
-0.339585
-0.79565
-0.888665
-0.979568
-0.773041
0.390484
-0.131720
0.981636
0.73533
-0.803617
-0.634340
-0.606617
-0.234168
0.875586
-0.3480
-0.300163
-0.760222
0.970216
-0.831646
-0.190284
-0.790530
-0.315215
0.281503
0.804855
-0.732141
0.473473
0.974568
0.497818
-0.751785
-0.548816
-0.198182
0.614682
0.261411
0.123643
-0.567387
0.730448
-0.927400
0.796519
0.858867
0.563939
-0.209847
0.473842
-0.150207
0.942208
0.377770
-0.173609
0.372708
0.50709
0.405893
0.759881
0.37336
0.847550
-0.52346
0.173640
0.761796
0.18574
0.324048
-0.188763
-0.496782
0.408951
0.138348
0.966856
-0.403555
-0.177881
0.224622
0.815434
-0.460796
0.226695
0.823406
-0.940708
0.686972
0.73198
0.484403
0.517980
-0.909285
0.372089
-0.25844
-0.591394
-0.872863
-0.271552
-0.739742
-0.875796
-0.266323
0.230033
0.51883
0.191284
-0.646375
-0.782580
-0.559148
0.628316
-0.227491
-0.548771
-0.372056
-0.199087
0.942145
0.375109
-0.73978
-0.398777
0.386100
0.462734
-0.832255
0.209543
0.467558
0.125762
-0.292683
0.11492
-0.787188
0.806214
0.216780
0.436868
-0.992293
-0.357164
0.95586
0.439276
-0.417456
0.952374
0.105085
-0.244695
0.154041
-0.599350
-0.157239
0.999604
-0.203809
-0.620024
-0.327472
0.95867
-0.385221
0.418740
-0.758029
-0.478846
-0.309082
0.941550
-0.109490
-0.503163
0.589406
0.742961
-0.746059
-0.723777
-0.64735
0.886810
-0.917046
-0.228324
0.468412
0.815779
0.537784
-0.918280
-0.242198
0.777387
-0.78779
0.131572
-0.899416
0.447534
-0.133450
0.111696
-0.31466
-0.590393
0.497535
-0.283484
-0.982134
0.225093
0.910241
0.399490
-0.35907
-0.20480
-0.457427
0.815575
-0.542938
0.35023
-0.434422
-0.874574
-0.145225
0.930752
0.316390
-0.641411
-0.829853
-0.851147
0.526230
-0.892534
-0.943866
0.193176
-0.581418
0.790841
-0.788214
0.800745
-0.972583
0.204876
0.172991
0.793272
0.382569
-0.304258
0.817541
-0.468869
0.922395
0.938613
0.790769
0.783907
-0.656894
0.12896
0.916965
0.184096
0.38016
0.556413
-0.557304
-0.216741
0.300722
-0.668648
-0.709109
-0.11090
0.15272
0.14117
0.597846
-0.210933
0.405478
0.732552
-0.586526
0.244696
0.338324
0.835550
0.667148
0.868206
0.605995
-0.118837
0.190724
-0.946608
-0.595983
-0.44742
0.791455
-0.997625
0.995856
-0.35728
0.679529
-0.723277
-0.114239
-0.946186
-0.643823
0.265609
-0.383951
-0.81275
-0.547077
-0.297025
0.21314
-0.369594
-0.113795
0.9702
0.613749
0.724738
-0.358559
-0.827484
-0.39546
0.770537
0.620767
-0.965893
-0.936944
-0.95746
0.591404
0.143435
-0.767243
0.941839
0.396601
0.539745
0.29676
-0.819982
-0.745202
-0.893738
0.453841
-0.500823
0.216774
-0.112030
0.30236
-0.670444
0.633252
0.750711
-0.359613
0.314237
0.676796
0.282917
0.151170
-0.643764
0.266718
0.197474
0.718129
-0.827871
-0.681365
0.121326
0.664030
0.849594
-0.638354
-0.730482
-0.841913
0.786885
-0.931407
0.257886
-0.689054
0.978950
0.955504
-0.709035
-0.907425
-0.641241
0.993160
-0.816744
0.103393
0.987177
-0.815700
0.772418
0.795084
0.692675
0.145459
0.325420
0.368563
0.306638
-0.513499
0.514052
-0.68932
-0.526067
0.466916
0.235634
0.558206
0.828409
-0.973176
-0.64224
0.676484
-0.11103
0.223812
-0.172808
-0.673598
-0.916442
0.527824
-0.124375
-0.134844
0.175200
0.542310
-0.172070
-0.182702
0.507126
-0.117660
0.440490
0.844601
-0.616087
0.820821
-0.660788
0.301046
0.714221
0.556781
-0.941978
-0.521743
-0.293385
-0.560716
-0.197273
-0.498640
0.415649
0.308454
0.926796
-0.824085
-0.737821
-0.364482
0.172030
-0.8544
0.10750
-0.241200
-0.773302
-0.586258
-0.859700
-0.81199
0.406746
-0.277724
-0.712491
-0.678535
-0.255586
0.214874
-0.696583
-0.908368
0.761237
0.271217
-0.31293
-0.724716
-0.308064
-0.903987
0.490654
-0.224737
0.81378
0.719795
0.121344
0.949509
0.450008
0.370337
0.260092
-0.531557
0.744674
-0.309670
-0.347895
-0.96915
-0.378065
0.823723
-0.502440
0.766119
0.99977
-0.410392
0.916950
0.598251
-0.556988
0.29901
0.279998
-0.354763
0.880584
0.833343
0.215171
-0.400790
-0.447512
-0.978308
-0.305677
0.566475
-0.263047
-0.143328
-0.369472
0.579659
0.226520
0.259894
0.687371
-0.80246
-0.795442
0.829139
-0.360200
0.120202
0.487147
0.790370
-0.875643
-0.231183
0.366417
0.835039
-0.632444
-0.178702
-0.540610
-0.914539
0.85957
-0.828641
0.424727
0.924717
-0.920413
0.108993
0.176134
0.233089
-0.772560
0.706819
-0.355136
0.391219
0.989260
0.879249
0.41222
-0.790556
0.304925
-0.41283
0.309681
0.514581
-0.43623
0.670359
-0.39289
0.787887
0.400425
-0.983531
0.552917
0.775846
0.461023
-0.588401
-0.965235
-0.662129
0.514507
0.516165
0.185764
-0.86987
-0.687024
-0.965497
0.209851
-0.54515
-0.764444
-0.398542
0.929148
-0.892243
0.345835
-0.925121
0.892306
0.613934
0.323366
0.263705
0.193550
-0.771221
-0.657096
0.606888
-0.522808
-0.993576
0.732153
-0.637317
0.566506
0.84177
0.526557
0.772467
0.145604
0.342028
0.549205
-0.527156
-0.989131
-0.139683
-0.67800
0.29526
-0.957031
0.394212
-0.415220
0.383190
-0.77443
-0.443123
0.25721
0.539216
-0.634696
-0.672999
0.519682
-0.959361
-0.14884
-0.187744
-0.394672
0.705997
0.756725
0.557239
-0.648092
0.186376
-0.956852
0.845887
0.361442
-0.670250
0.299052
-0.212744
-0.59756
-0.360252
0.820206
-0.190030
-0.281619
-0.82933
-0.28941
0.726643
0.613306
-0.918920
-0.58871
0.69084
-0.182615
0.449156
-0.598936
0.849458
0.383062
0.249685
-0.790410
-0.934498
0.368447
0.143079
0.690307
0.590774
0.815445
-0.390124
-0.307206
0.810983
0.714894
0.4193
0.954744
0.488875
-0.96065
0.57426
-0.727332
-0.474858
0.525707
-0.525871
0.520363
-0.35980
-0.659044
-0.726477
0.918016
0.488776
0.313952
0.495797
-0.379325
0.639206
0.755936
0.878219
0.721260
-0.611751
-0.487366
-0.495685
-0.286972
-0.859889
-0.990473
-0.944971
0.640179
-0.90456
0.959421
0.255531
-0.87277
-0.846842
-0.624073
0.359186
0.78138
-0.108652
-0.141264
-0.605937
-0.652355
-0.923309
0.568545
0.100374
-0.334732
0.679208
0.777083
0.665604
0.345829
-0.740278
-0.237507
0.831588
-0.103105
0.430205
0.577283
0.221663
-0.18321
0.905171
-0.529605
-0.795591
-0.196376
0.674842
0.442244
-0.870524
-0.369245
0.790680
0.742970
-0.955102
-0.78862
-0.123150
-0.937802
0.402135
-0.6137
-0.59342
0.829205
-0.400079
0.878789
0.31745
0.931721
0.625459
-0.545776
-0.940423
-0.554760
-0.651175
0.797186
-0.806119
-0.635490
-0.723816
-0.548266
0.693722
0.187147
0.919404
-0.201427
0.386970
0.886124
-0.466819
0.428569
0.753351
-0.819120
-0.133304
-0.211555
-0.867647
-0.696734
0.5025
0.890973
-0.655175
0.308900
0.144057
0.42082
0.676180
-0.59809
-0.909162
0.66594
0.504412
0.583392
-0.502021
0.126195
0.674697
0.477483
0.100634
-0.894821
0.962928
0.846742
-0.746754
-0.670718
0.849734
-0.82286
-0.251610
0.937762
0.34594
-0.426442
-0.348807
-0.938987
0.408271
0.219579
-0.817630
0.264716
0.350826
-0.920249
0.516634
-0.36867
0.870550
-0.157968
0.300737
0.910886
0.133238
0.904651
-0.922670
0.505549
0.292813
0.356199
0.872233
-0.407354
-0.248725
-0.836992
0.467626
0.164431
-0.542068
0.976689
-0.418131
-0.694488
0.257608
-0.549766
0.959130
-0.543924
-0.813148
0.878738
0.37391
-0.424792
-0.646400
0.84180
-0.168347
0.968556
-0.87363
-0.69572
-0.865525
0.89567
-0.879552
-0.336116
0.727353
0.123329
0.296516
-0.742234
-0.320865
-0.136375
-0.945163
-0.113996
0.501871
0.340278
0.60502
0.127433
-0.173911
0.565513
-0.889038
0.924850
0.814374
0.189596
0.82952
0.444797
-0.615208
-0.887434
0.834432
0.190234
0.600335
0.441890
-0.456714
-0.586865
-0.819027
0.716794
-0.603064
-0.873512
-0.722528
0.528329
0.27642
-0.725649
0.103356
0.719574
-0.614515
0.790444
0.473024
-0.392040
0.834361
-0.593069
0.163987
-0.394158
0.500563
0.700843
0.363483
0.544924
-0.235003
0.550328
-0.883658
0.792500
-0.212415
0.745727
0.331630
-0.131531
0.633024
0.852083
0.67167
0.80416
0.546616
-0.307174
-0.526783
0.817576
-0.639025
-0.100146
-0.154160
-0.569912
-0.991942
-0.568367
0.453407
-0.522267
0.457202
0.399795
0.653296
0.124804
0.294174
0.626363
-0.316781
0.99097
-0.328197
-0.511193
-0.124594
-0.365284
-0.913097
0.472813
0.149902
0.969287
-0.885783
-0.164178
0.398350
0.255344
-0.753665
0.29835
-0.358352
0.542605
-0.360879
0.685258
0.167608
0.118362
-0.500546
-0.963561
0.586255
0.290258
0.334635
-0.43823
-0.259771
-0.941863
-0.213579
-0.600234
0.616982
-0.258480
0.229342
0.463335
0.510633
-0.994007
0.172872
0.694332
-0.923120
0.780222
-0.471731
-0.23446
0.639565
-0.261290
0.453359
0.425076
0.520716
-0.48202
0.659999
-0.179712
0.125938
0.214515
0.163991
0.90642
0.926142
-0.893923
-0.211262
-0.645727
-0.399030
-0.220323
-0.801246
0.439082
0.361660
-0.104724
-0.547878
-0.708643
-0.974507
0.488979
0.381062
0.774665
-0.483190
0.737782
0.618662
0.577983
0.323231
-0.386434
-0.476410
-0.962791
0.345506
-0.376081
-0.868303
-0.83553
0.40586
0.530364
0.184858
0.761558
-0.6323
0.878852
-0.915554
-0.159030
-0.287846
-0.395967
-0.920038
-0.602326
-0.942626
-0.191632
0.579483
-0.686444
0.364071
0.74422
-0.554543
0.733330
-0.851673
0.218555
-0.101722
-0.38717
-0.472107
-0.153824
-0.309796
0.174041
0.767261
-0.96056
-0.673563
0.515869
0.32014
0.102916
-0.942624
-0.696479
-0.481132
0.110581
0.325324
-0.972422
0.583983
-0.189576
-0.431452
-0.662554
0.278347
0.61809
0.57463
-0.989545
-0.684323
0.708738
-0.961411
-0.970301
0.836604
0.25398
-0.230180
0.475712
-0.673123
0.224295
-0.577962
0.303289
-0.161812
0.808219
-0.975481
-0.341457
-0.922929
-0.319456
0.488117
-0.843236
0.403343
0.519353
-0.899158
-0.480391
0.176706
-0.193209
-0.624240
0.610977
0.410652
-0.38032
0.249665
0.78642
-0.462388
0.573287
-0.720559
0.824282
0.801509
-0.273778
-0.338701
0.305653
-0.491560
0.786427
0.544416
-0.934557
-0.849305
-0.857554
0.868430
-0.304268
0.850647
-0.830380
-0.810430
0.727813
0.998299
0.861663
0.788465
-0.885112
-0.698882
0.428530
0.101648
-0.714718
-0.852029
-0.82627
0.24822
-0.600335
0.780803
-0.479380
-0.601730
-0.752229
0.241489
0.969734
0.813912
-0.826332
0.75441
0.788796
-0.650654
0.160746
0.108491
0.255848
0.630269
0.41487
0.803250
-0.35009
0.760765
0.37714
-0.917482
0.548561
-0.411350
-0.760540
0.662460
-0.180233
0.569203
0.332150
0.584353
-0.327360
0.960533
-0.174750
-0.438770
0.201469
-0.29702
0.718143
-0.279336
0.711283
-0.157950
-0.177478
0.53864
0.649876
-0.215044
-0.817114
-0.86377
-0.46724
0.62377
0.843399
-0.947586
-0.217035
-0.800403
-0.440826
-0.718235
-0.286778
-0.656637
-0.729299
0.854672
-0.849921
-0.393906
-0.869114
0.844213
0.559899
0.653664
-0.407738
0.448166
-0.94892
0.76304
0.361013
0.720531
0.703428
-0.628399
-0.87671
0.844606
0.552788
-0.637332
0.751501
-0.370444
0.904488
0.714698
-0.658064
-0.969703
-0.960489
-0.321378
0.389602
0.969293
0.451782
-0.558461
-0.113469
0.509750
-0.674285
0.120864
-0.144979
0.737186
-0.548121
-0.394397
-0.163804
0.991845
0.959164
-0.445796
-0.387837
0.441797
-0.45486
0.411777
-0.436031
-0.341565
-0.584961
-0.52454
0.470089
0.812112
0.274228
-0.257100
0.603314
-0.78677
-0.78521
0.911246
0.455915
-0.338682
0.386006
-0.176709
-0.188338
-0.965057
-0.497055
0.19591
-0.839855
0.534411
-0.554565
0.584819
0.556810
-0.236710
0.220674
-0.134394
0.533704
-0.210695
0.739887
-0.774452
-0.938382
0.701524
-0.789725
-0.951637
0.585523
-0.292720
0.793913
0.330671
0.573740
0.502406
-0.231690
0.987356
-0.626228
0.717809
-0.618159
0.294340
0.780826
-0.508330
0.749684
-0.232836
-0.462369
-0.507999
0.919447
0.123357
0.922404
-0.803955
-0.295268
0.952193
-0.22067
0.287612
-0.711319
0.713120
-0.610521
0.579049
-0.197770
-0.244468
0.853793
-0.949125
0.107489
0.782781
0.214598
-0.216693
-0.410751
-0.947714
0.871593
-0.589397
0.849983
-0.591410
-0.40319
0.853413
0.498697
0.930933
0.366700
0.642084
-0.468893
-0.20435
0.44305
-0.226061
-0.922367
-0.404227
0.925454
-0.409576
-0.328845
-0.268645
-0.720503
0.639958
0.252643
0.88043
0.483655
-0.609885
0.671344
0.668744
0.383801
-0.687058
0.101285
-0.132832
0.633965
0.834881
0.92451
-0.848326
0.741937
-0.548507
0.91881
0.646628
-0.399382
0.560788
-0.919538
0.819080
-0.673394
-0.125859
-0.630127
0.317771
0.350155
0.259606
-0.772532
0.288265
0.628921
0.541754
0.989675
0.812690
-0.961248
0.976135
-0.635715
-0.700477
-0.817705
-0.600141
0.634083
0.260980
-0.586917
-0.459550
-0.628519
-0.906623
0.584588
-0.494595
-0.153112
-0.996024
0.713468
0.27851
-0.800079
0.690997
-0.587369
-0.614673
0.725403
0.722044
0.396240
0.188122
0.929409
-0.798551
-0.59474
-0.637316
-0.633136
0.359652
-0.154556
-0.244844
-0.148536
0.605123
-0.743332
-0.990063
-0.95450
-0.813760
0.410053
0.549153
0.612979
-0.402516
-0.673555
0.917744
0.705877
-0.202351
0.697604
-0.331420
0.899390
0.614750
0.672692
-0.144162
0.349624
0.292536
-0.992508
-0.131844
-0.705745
0.310644
0.606896
0.718695
-0.54841
-0.205910
-0.884595
0.631290
-0.990226
0.975763
-0.883558
-0.947412
0.110551
-0.509212
-0.81637
-0.741250
0.208120
-0.199387
-0.312988
0.644142
-0.871833
0.636627
0.903735
-0.89469
0.546661
0.556879
-0.701510
0.663402
0.260591
0.431473
0.330022
0.678666
0.740971
-0.869510
0.828840
0.454492
-0.880057
0.6158
0.391740
-0.194105
0.160860
-0.884973
0.804331
-0.674433
0.237341
-0.439854
-0.794982
0.621857
-0.29278
0.138968
0.37724
0.591495
0.717284
0.734277
-0.693281
0.563779
0.712070
0.232864
0.513480
-0.614027
0.45908
0.350889
0.205106
-0.409548
0.13170
-0.608854
-0.658329
-0.485028
-0.314355
-0.517343
-0.180392
0.894481
-0.562578
-0.441568
0.67347
-0.375936
-0.625829
-0.470498
-0.732275
-0.65319
-0.944914
-0.312693
0.907227
0.11562
0.533379
-0.261922
0.642731
-0.122587
-0.316453
-0.314072
0.136103
-0.497056
0.933185
0.109220
0.363952
0.927258
-0.881417
0.428463
0.554025
-0.526578
0.485282
0.317528
0.977608
-0.849674
0.520623
-0.677862
-0.370106
0.935011
0.175177
0.485104
0.735124
0.364349
0.168666
0.921538
0.749189
-0.326447
0.269321
-0.395188
-0.600443
0.540990
-0.924961
-0.294145
-0.426476
-0.598359
-0.789740
-0.173487
-0.528529
-0.174110
-0.847000
-0.452590
0.576468
0.379716
-0.455718
0.609070
0.19767
0.209932
-0.401618
-0.756147
-0.765937
-0.978803
0.470673
0.113246
-0.206479
-0.729102
0.899356
-0.682373
-0.993435
0.837966
-0.836994
-0.538018
0.113450
0.834193
0.284731
0.892218
-0.977551
0.639051
-0.539664
-0.480132
0.39654
-0.315976
0.423631
0.931187
-0.93143
0.898923
0.732543
0.819603
0.217596
-0.393765
-0.760490
-0.69349
0.189708
0.702618
-0.977049
0.991869
-0.908337
-0.988418
0.855250
-0.781739
0.205111
0.394884
0.150308
-0.299999
-0.900988
-0.386585
-0.12451
0.915872
0.680686
0.964237
-0.317593
-0.190791
0.296655
-0.106954
-0.615166
0.616651
0.602060
-0.274284
-0.258727
0.636625
-0.784400
0.337546
0.995496
0.31716
0.904612
-0.850270
-0.984763
0.997191
-0.736622
-0.949675
0.992839
-0.204770
-0.610566
-0.863620
0.569691
-0.545361
0.39808
-0.699999
0.169029
-0.227839
0.244020
-0.812199
-0.635522
0.26553
-0.913536
0.756636
-0.575260
-0.533979
-0.956814
-0.571472
-0.414197
0.913300
-0.516092
0.522013
0.861367
0.758762
0.344313
0.366875
-0.413056
0.384683
0.918714
0.265672
0.619079
0.196152
0.713603
0.618750
0.884457
0.614509
-0.178054
-0.602022
0.919079
-0.693866
0.964450
0.759580
-0.486874
-0.736803
-0.801936
-0.415914
-0.318479
-0.513260
-0.896043
0.708939
0.696764
0.697402
-0.492676
-0.430593
-0.692914
-0.191500
-0.701552
0.67575
-0.128049
-0.626719
-0.323205
0.867352
-0.171053
0.222824
-0.28974
-0.363949
-0.287916
0.116909
0.393481
0.708700
-0.188313
0.776463
-0.883985
-0.627349
-0.164768
-0.458371
-0.813054
-0.678715
-0.222687
-0.567556
0.349654
-0.977400
0.509209
0.450867
0.158164
-0.21789
-0.92472
0.785399
-0.158643
-0.21196
0.666817
-0.844090
0.837995
-0.980331
0.940696
-0.828696
0.995744
-0.444273
-0.933109
0.440348
-0.87412
-0.986807
-0.776743
-0.189046
-0.701307
0.775150
-0.722513
0.880699
-0.658397
0.137543
-0.925269
-0.405796
0.805039
0.942320
-0.294266
0.345774
-0.877510
0.77915
0.137491
0.105992
-0.509907
0.239626
0.533087
-0.792929
-0.497708
0.823282
0.413063
0.376696
0.628203
-0.956251
0.734388
-0.304149
-0.183662
-0.782504
0.198082
-0.159952
-0.285991
0.940410
-0.36256
0.43266
-0.696516
-0.989647
0.611978
-0.844034
0.718063
-0.679004
0.651366
-0.580702
-0.914273
-0.156182
-0.768055
-0.820345
-0.748416
-0.389476
-0.43151
-0.867694
-0.815643
0.365600
0.256388
-0.700508
0.42624
0.426902
0.395369
-0.529019
0.403516
0.421998
0.34039
-0.741970
-0.552154
-0.599832
-0.596893
-0.851326
-0.841219
-0.872863
-0.459264
0.588410
-0.469235
-0.712231
-0.55622
0.690598
-0.959155
-0.147061
0.387643
0.808353
0.536830
-0.51456
0.908416
0.62612
-0.152412
-0.363595
-0.25198
-0.629917
-0.23
0.908093
-0.99750
0.31135
-0.227640
-0.84803
-0.583580
-0.587786
0.817694
0.770485
0.91080
0.992099
0.801277
-0.887872
-0.340404
-0.353613
-0.376289
-0.912424
0.376751
-0.84000
0.638108
0.252379
-0.61960
-0.858450
-0.28463
-0.122117
0.494737
-0.879387
-0.502615
0.155195
-0.801401
0.699799
0.803219
0.202786
0.72135
-0.300714
-0.971942
-0.964635
0.942315
-0.429909
0.484724
-0.606674
0.182595
0.308181
0.286025
-0.560933
-0.488536
0.814174
-0.389308
0.988078
-0.820099
0.204390
0.390942
-0.342296
-0.24814
-0.336739
-0.356936
-0.521704
0.978531
-0.257445
-0.325965
-0.384687
0.79111
0.138962
0.732174
0.962566
-0.448537
-0.860667
-0.368685
-0.205440
-0.491521
-0.419389
-0.518297
0.904340
-0.803683
-0.277736
-0.496516
0.460503
-0.377637
-0.76750
0.759209
-0.178437
-0.238976
-0.563577
0.274772
-0.1160
-0.311197
-0.647455
0.877995
-0.842674
-0.746285
0.327680
0.782834
-0.851132
0.420352
0.786635
0.483550
0.387308
-0.36881
-0.330187
-0.236255
-0.110651
0.268249
-0.893298
0.342607
0.827923
0.856382
0.364398
-0.460138
0.832393
0.143413
0.576404
-0.616805
0.382194
-0.947301
0.514395
-0.76433
-0.731008
0.415858
-0.7278
-0.392982
0.880061
-0.23509
-0.921286
0.459990
0.396842
-0.405411
-0.779422
-0.969662
-0.708606
0.390350
0.100520
0.364401
0.811465
0.488539
0.571428
0.686649
-0.163591
-0.212301
-0.710159
0.354908
0.308398
0.596600
0.815240
0.765789
-0.483226
-0.779552
-0.139274
-0.447980
-0.956916
0.285834
0.850745
0.496186
-0.682643
-0.615565
0.897130
-0.16155
-0.763497
-0.326052
-0.695370
0.651639
-0.764332
0.795047
-0.91497
-0.370697
-0.728603
0.93110
0.145368
-0.626389
0.814135
0.253517
-0.245132
0.433145
0.915132
-0.620070
0.367391
-0.821802
0.219253
0.551682
0.408933
0.391869
-0.95264
0.233237
0.106980
-0.617699
-0.134284
-0.632381
-0.173592
-0.904397
-0.341076
-0.731930
-0.312529
0.840192
0.203287
0.875237
0.830606
-0.266109
0.784790
-0.199206
0.391676
-0.329237
0.720825
0.421729
0.59849
-0.15846
-0.366946
-0.109393
-0.817862
-0.243961
0.374164
-0.149721
0.902657
0.163345
-0.947880
0.95569
-0.212161
-0.381869
-0.902777
-0.860108
-0.129724
-0.879904
0.656436
-0.208849
0.971587
0.528151
0.88362
0.583225
-0.126407
0.194819
-0.625474
-0.413844
-0.231547
0.286973
-0.599311
0.129655
-0.539389
-0.258410
-0.31561
-0.186475
-0.436422
-0.381603
-0.908850
-0.548508
-0.227751
-0.625897
-0.33715
0.690860
0.351806
0.432292
-0.641267
-0.712856
-0.87859
-0.892833
0.954878
-0.638920
0.310286
0.948789
-0.501703
-0.287098
0.756976
-0.582679
0.469088
0.572306
0.284077
0.288363
0.82898
0.622353
-0.488838
-0.290177
-0.110847
-0.351369
0.949620
0.672974
0.830159
0.697130
-0.873068
-0.894178
-0.586053
-0.679403
0.503787
-0.311826
-0.1691
0.273794
-0.482070
0.934246
-0.9420
-0.530402
0.134829
-0.443068
0.163450
-0.584827
0.936359
-0.411379
0.978194
-0.908894
0.607606
0.101371
-0.187604
-0.616178
-0.455489
-0.778943
0.385095
-0.456654
0.29075
0.517616
-0.39920
0.261747
0.97801
-0.15044
-0.312966
-0.590681
0.177364
-0.46221
0.99923
0.67347
0.245528
0.53026
0.188340
0.666900
-0.442107
-0.442644
-0.803312
0.974660
0.410223
-0.9812
-0.946347
-0.676465
0.325251
-0.5032
-0.417789
0.529642
-0.951373
0.810293
-0.125054
-0.389833
0.694413
-0.565541
-0.53222
0.915190
-0.562610
0.702986
-0.41849
0.149021
0.618489
-0.341330
0.775488
0.215948
0.969993
0.899279
-0.536138
0.178561
0.637943
0.244629
-0.317008
-0.154610
0.601174
-0.421279
-0.753399
0.42827
0.757057
-0.440870
-0.771482
0.775759
-0.232115
-0.836523
0.480503
-0.515157
-0.791890
-0.809611
-0.435957
0.21220
0.854521
0.712859
0.529152
-0.12512
0.172548
-0.851459
0.142905
-0.685506
0.818609
0.659626
0.569817
-0.933911
-0.967273
0.503310
0.740448
0.956715
0.483382
-0.235594
-0.457965
-0.331449
0.250545
-0.90896
0.326479
0.801176
-0.331135
0.960552
0.668290
-0.295364
0.670690
0.555146
0.839556
0.555163
-0.214140
-0.851826
-0.587920
-0.818971
-0.398887
-0.748268
-0.202622
0.386806
-0.526599
-0.951062
-0.274526
-0.830452
-0.77804
-0.905410
0.930164
0.756652
0.767683
0.332762
0.824457
0.710421
0.61601
-0.948711
-0.524486
-0.314334
-0.199228
-0.762326
-0.544527
0.451675
0.11081
-0.56044
-0.334012
-0.85550
-0.937526
0.490003
-0.86398
0.18032
0.175465
-0.444927
0.334964
0.267388
-0.541010
-0.40652
-0.655197
-0.224220
-0.882117
-0.123876
-0.92961
-0.350529
0.144091
0.341527
-0.557308
-0.894841
-0.842654
-0.465429
-0.615382
-0.744516
0.795236
-0.758281
-0.310199
0.633063
-0.779118
0.924798
0.482719
-0.451624
0.632211
0.373652
0.669063
-0.954997
-0.640965
-0.205688
-0.669595
0.929091
0.251724
0.431616
-0.702578
0.270593
-0.854324
0.902832
0.503423
-0.480205
0.663960
-0.841506
0.155054
0.361092
0.216929
0.52367
-0.549689
0.384060
-0.701535
-0.396042
-0.913060
-0.434866
-0.378378
-0.137131
0.208507
-0.533788
-0.503898
-0.721842
0.688149
0.454973
0.166067
0.340658
-0.37855
-0.549875
0.540395
-0.176208
-0.612552
-0.253544
0.465125
-0.905436
0.524364
-0.62451
-0.847222
0.203568
0.383579
0.989505
-0.714937
0.298108
0.54882
0.8536
-0.793900
-0.597788
0.828523
0.946438
-0.758360
-0.483632
-0.323802
-0.343691
-0.363080
0.255451
-0.238504
-0.329010
0.91472
-0.706235
0.991453
0.774335
-0.932219
0.224509
0.739808
0.570742
0.55526
-0.329948
0.633161
0.99409
0.253603
0.259253
0.599817
-0.478254
0.248086
-0.353995
-0.931964
0.57597
0.16806
-0.141278
-0.485758
0.287486
-0.282747
0.469670
0.323778
-0.944854
0.923940
-0.102194
0.825074
-0.247751
0.281289
-0.829052
0.762781
-0.77436
-0.685107
0.568905
-0.447087
0.744855
-0.990178
-0.678446
-0.783604
0.407690
-0.860111
0.264007
-0.90332
0.791050
0.146209
0.584874
0.23103
0.721282
0.913729
-0.911781
-0.662931
-0.123354
0.387513
0.999770
-0.941453
0.427718
-0.433697
-0.519455
0.236188
-0.928355
-0.446960
0.840444
-0.724596
-0.210978
-0.368267
0.515494
0.812099
-0.717012
0.957002
0.919786
-0.156946
0.249076
-0.555582
0.147377
0.595389
0.723223
0.621665
-0.61468
0.641747
-0.500940
-0.911558
0.590268
-0.171635
0.439622
-0.56766
0.59797
-0.223265
0.837060
-0.593757
-0.603321
-0.92873
-0.780551
0.922916
-0.577153
-0.630818
0.607381
-0.610879
0.782387
-0.537634
0.943856
0.614122
0.324466
-0.828879
-0.648938
-0.178668
0.644486
0.611507
-0.18784
0.783408
-0.615439
-0.190382
0.472956
0.453175
-0.100129
-0.26408
-0.101562
0.563991
0.510621
0.620259
-0.331858
-0.928170
-0.103172
0.434085
-0.590454
-0.234246
-0.664424
-0.977770
0.742243
-0.941779
0.938107
-0.919061
-0.125070
0.498402
0.908626
0.311603
-0.433940
-0.249532
0.812156
-0.175421
0.450167
-0.641207
0.350649
-0.801028
0.566275
-0.484320
0.227347
0.60404
0.919138
-0.20814
0.193819
-0.584601
0.604895
-0.197575
0.66807
-0.852365
-0.299017
-0.664269
-0.145255
-0.775262
0.724457
0.732265
0.179315
0.336926
0.384179
0.442570
0.206510
0.238461
-0.894008
-0.261161
-0.325385
-0.510493
0.123451
-0.306772
-0.156412
0.496589
0.857968
-0.865378
0.570579
0.652089
-0.560045
-0.565460
-0.638182
0.610664
0.756309
-0.525710
-0.501704
-0.738801
-0.243671
0.926566
-0.643960
-0.313657
-0.684713
-0.55565
0.381339
0.726402
-0.318666
0.740643
0.612135
-0.38095
-0.739485
-0.482843
0.632714
-0.899049
-0.783571
-0.792820
0.281474
-0.929460
-0.801864
-0.737831
0.209032
-0.640940
0.788799
-0.33602
0.765596
-0.802082
0.151856
-0.262623
0.22923
0.177307
0.19991
-0.234025
-0.592957
-0.784004
0.181215
-0.94377
-0.535124
0.950649
0.149606
0.241209
0.88654
0.936635
0.844569
0.57784
0.393634
0.673986
-0.721570
0.231442
-0.620554
-0.742053
-0.86337
0.224721
0.120804
0.461736
0.192326
-0.218316
0.778941
0.37842
0.386914
-0.7355
-0.847069
0.710526
0.138409
0.915871
0.506471
-0.77085
-0.527059
-0.730622
-0.993528
0.950978
-0.928008
0.983187
0.840598
0.363164
0.633008
-0.524414
-0.84564
0.565070
0.725965
0.981937
-0.171570
0.341598
0.877180
0.379196
-0.297283
0.572916
0.15821
-0.964945
0.609837
0.600284
-0.731332
0.239276
-0.392343
-0.38871
0.801639
0.867097
-0.112535
-0.188190
-0.313620
-0.376776
0.930265
0.352547
-0.538500
-0.318858
-0.678306
0.907535
-0.592897
0.741888
0.951157
0.619900
-0.350623
0.242358
-0.728397
-0.969226
-0.514288
0.169273
0.328399
0.906992
-0.355665
0.15236
0.694048
0.476315
-0.69583
-0.788537
0.31666
-0.806242
-0.928140
0.361800
-0.995501
-0.214907
-0.709732
0.470695
0.422352
-0.905030
0.636241
-0.361046
-0.875743
0.617235
-0.88268
0.515123
0.330562
-0.18575
0.369966
-0.947944
-0.744105
0.391609
0.579735
0.8321
-0.756343
0.329161
-0.382675
-0.239225
-0.43920
0.236448
-0.294937
0.768474
0.72937
0.916906
-0.716481
0.324723
-0.60405
0.947129
0.611340
0.674931
0.901506
0.792971
0.694300
-0.58951
0.921361
0.903113
-0.563324
-0.358149
0.491342
-0.111869
0.172609
0.701114
0.701980
-0.389506
0.636398
-0.197355
0.68531
-0.338438
0.22522
0.533756
-0.725493
0.192885
-0.624810
-0.957783
0.858794
0.356679
0.538948
0.780770
-0.222389
-0.554248
-0.234715
0.913044
-0.258281
0.615133
-0.681575
0.257391
-0.618464
-0.212238
-0.517663
0.392130
0.756025
0.440566
-0.839307
-0.568605
-0.907965
-0.953188
0.907160
0.478630
0.150418
0.962597
-0.759006
-0.271767
0.186616
-0.653448
0.170379
-0.113442
0.827091
0.254082
-0.291696
-0.244448
0.461893
-0.858694
-0.96573
-0.50847
0.947441
0.111689
-0.749784
-0.116621
0.383814
-0.189736
-0.331999
-0.996949
0.889890
0.341841
-0.106423
-0.897601
-0.300278
-0.970073
0.126324
0.676546
-0.550716
-0.812916
0.204396
-0.785957
0.732310
0.175107
-0.795224
-0.739752
0.455792
0.866701
-0.184235
0.163235
-0.553302
-0.914068
-0.670581
-0.269744
-0.927906
0.554502
0.44902
-0.753217
0.832505
-0.357874
-0.133086
-0.312843
0.211923
-0.183798
-0.976551
0.913375
0.996694
0.209480
-0.450762
0.404926
-0.78236
-0.27323
0.816240
0.933055
-0.741570
0.276474
-0.421259
-0.12590
0.801566
-0.545693
0.59774
0.824323
0.802864
-0.240096
-0.545731
0.148646
-0.120803
0.779810
-0.472863
-0.618492
0.520146
-0.605441
-0.516987
0.607292
-0.330772
-0.129376
-0.644757
0.479718
0.20207
-0.733951
-0.397541
-0.706258
-0.574920
-0.488091
0.198934
-0.778568
0.34253
0.693190
0.518392
0.902499
-0.969819
-0.788766
-0.18278
-0.94902
-0.537356
0.120776
-0.711452
0.969594
0.829455
-0.850507
0.596973
-0.780175
-0.45788
-0.215171
0.773848
0.446049
-0.665897
-0.874596
-0.536004
-0.239013
0.314705
-0.524610
-0.703176
-0.345233
0.500945
0.593725
-0.857519
0.761849
-0.847266
0.983839
-0.94691
0.397485
-0.697408
0.961116
0.274285
0.823125
0.76271
-0.131499
-0.874643
0.828431
-0.188824
-0.989859
0.312409
-0.949650
-0.728728
0.813493
0.396082
-0.100360
0.999412
-0.843254
-0.777958
0.379039
0.46818
-0.150029
0.503622
0.297050
-0.916969
-0.255141
-0.38617
0.905405
-0.170985
-0.623469
-0.446228
-0.693261
0.301657
-0.235690
-0.235599
0.450198
-0.125268
-0.203879
0.95040
-0.837689
0.304190
0.274091
-0.846678
-0.142856
-0.931098
-0.617434
-0.6506
-0.339319
-0.363563
0.420484
0.706092
0.881579
0.503613
0.492955
0.619091
-0.643366
0.456180
-0.782440
-0.129657
-0.836874
-0.207974
0.954434
0.281356
0.38997
0.868763
0.760433
-0.362867
0.922568
0.760175
0.981486
-0.262520
0.818900
0.575014
0.54263
0.559341
-0.281779
-0.378149
0.498149
-0.529966
-0.337128
0.29331
0.6289
0.772278
-0.775030
-0.860733
-0.460775
-0.414073
-0.874658
-0.913720
0.210110
0.336410
-0.756729
0.244454
-0.406769
0.824728
-0.722207
-0.874163
-0.762609
0.173706
0.727950
0.326860
-0.706748
0.984753
-0.246372
0.543031
0.887886
0.464724
-0.626705
-0.415846
-0.516304
-0.810075
0.127338
-0.483359
0.363383
-0.460292
0.240560
0.280059
-0.560790
0.561419
0.679637
0.263645
-0.500244
0.244843
0.953901
0.193127
-0.933969
0.708716
-0.203793
-0.467607
-0.881845
0.658510
-0.747756
0.69714
-0.236085
0.632060
0.251937
-0.515950
0.656780
-0.911835
0.454187
0.597238
-0.140869
-0.482168
-0.14381
-0.428192
-0.910379
0.534984
-0.574328
-0.999385
-0.752184
-0.758840
0.559855
0.789007
-0.584639
0.343668
-0.838508
-0.459687
0.763212
-0.356745
-0.407983
-0.706524
0.904343
-0.492849
0.362559
-0.805437
-0.156383
-0.151569
0.388123
-0.449226
0.157770
-0.11589
0.250153
-0.524712
-0.929484
-0.340016
-0.182746
0.655829
0.804401
0.82113
0.189968
0.798055
0.484531
-0.95295
0.406552
0.361769
0.370120
-0.109657
-0.360987
-0.666344
0.32179
0.144291
-0.569252
0.334719
0.497855
-0.56965
0.337087
0.550528
0.837349
0.726977
0.706696
-0.357280
-0.978457
-0.729795
-0.617659
0.662620
-0.435203
0.381115
-0.123385
-0.894461
0.165372
-0.825416
0.355503
0.356782
-0.21767
0.985811
-0.205210
0.837985
-0.810029
0.555816
0.480271
-0.593878
-0.541700
-0.952633
-0.723532
0.319030
0.831225
-0.907716
0.520391
0.412285
0.897314
-0.819678
-0.257540
0.802544
-0.741795
0.527961
-0.576797
-0.170244
-0.129536
-0.816287
-0.486324
-0.258325
0.796115
0.536982
-0.463244
-0.891369
-0.863716
-0.979435
-0.885063
0.705177
-0.140340
-0.365277
-0.871329
0.868339
-0.174751
-0.370286
-0.819943
0.11329
0.311005
0.965269
0.13931
-0.167512
-0.84037
-0.515255
0.928927
0.112311
0.486274
0.819109
-0.45813
-0.874820
-0.888426
-0.914345
0.390071
0.357132
-0.473986
0.508030
-0.179039
0.881916
-0.822489
0.264881
-0.166659
0.853389
-0.403836
0.43240
0.876299
0.702918
-0.679519
0.989447
0.59290
-0.803371
-0.668980
0.537545
0.986943
0.660151
0.365688
0.109905
-0.851280
0.217984
-0.152145
0.221118
-0.695636
-0.825873
-0.57652
0.477450
0.194603
0.166570
-0.592222
-0.744306
-0.156280
0.937654
0.362194
-0.87019
-0.10854
0.984943
0.82579
0.740499
-0.646450
0.186075
0.898045
-0.337396
-0.460699
-0.472584
0.240785
0.181143
-0.654052
-0.468089
-0.166357
-0.262426
0.376463
-0.889266
0.969783
-0.269961
0.196137
-0.353039
0.152267
-0.219535
-0.227105
0.214944
0.941713
-0.414011
-0.31237
0.161069
-0.437208
-0.407509
0.670864
-0.305417
-0.442892
-0.289584
0.547767
0.765916
-0.849410
0.345705
-0.193922
-0.577109
-0.473089
0.764106
-0.873220
-0.218273
0.865022
-0.156803
-0.438910
0.209238
0.70303
0.553537
0.141446
0.834457
-0.821257
0.583724
0.257163
-0.699871
0.668306
-0.750932
-0.421856
-0.884659
-0.111340
0.339117
0.20035
-0.464758
0.563529
-0.224760
-0.854100
-0.728536
-0.788435
0.723241
-0.505797
0.292204
0.919794
-0.231982
0.12341
0.628529
0.674455
-0.706637
0.548705
-0.817532
-0.706042
-0.849914
0.650566
0.751852
0.407062
-0.484601
-0.930909
-0.603315
0.336293
-0.192354
-0.468290
0.505020
-0.821233
-0.353588
-0.415756
0.998524
0.246117
0.198293
0.459592
-0.335686
0.457942
-0.295866
0.629796
0.755907
-0.767182
0.831075
0.285496
-0.894569
-0.96809
-0.993019
-0.935630
-0.667068
-0.872686
0.594783
-0.848210
-0.715285
0.267108
0.727708
0.943036
-0.379345
-0.948228
0.462042
0.95573
0.856805
0.121121
-0.221300
0.874071
-0.271202
-0.270082
-0.595388
-0.796455
0.457149
-0.838176
-0.993172
0.701176
0.524134
-0.615643
-0.915832
-0.859139
-0.419950
0.138813
0.69715
-0.45972
-0.275994
0.206904
0.950699
0.698407
0.615979
-0.141762
0.866851
-0.14374
-0.8695
-0.377161
-0.857585
0.213517
-0.732913
0.951490
-0.881568
0.659899
0.829869
0.61649
0.902866
-0.737473
-0.329344
-0.644350
-0.238527
0.103533
0.805093
-0.688102
0.749699
0.972917
-0.286655
0.317946
-0.438222
-0.358489
0.361000
0.81364
-0.212899
-0.299064
-0.214425
-0.254790
0.634842
0.216527
-0.871722
0.135317
0.838953
-0.620386
-0.65347
0.326535
0.916177
-0.320717
-0.137867
0.573748
-0.737270
0.925713
-0.848931
-0.921000
-0.571531
-0.956413
0.558509
0.64675
0.749021
0.555775
0.139746
0.866994
-0.83687
0.365805
-0.106144
0.605025
-0.845069
-0.827814
0.227595
-0.210478
-0.886342
0.758732
0.291325
-0.875018
-0.541172
0.887419
-0.829455
0.769546
0.942124
0.651050
0.591256
-0.924387
-0.303166
0.646678
0.501016
-0.362592
0.56751
-0.381266
-0.977435
0.421127
-0.203429
-0.715878
-0.62960
0.462380
-0.620775
0.602409
0.885857
-0.681060
0.795350
-0.752489
-0.701246
0.716429
-0.752757
-0.138778
0.870332
-0.765152
0.868452
0.622999
-0.966454
0.485554
0.715161
0.348316
0.131112
-0.822746
0.873467
-0.222828
0.206669
0.849063
-0.69658
0.722323
0.64098
-0.530104
0.484857
-0.896668
0.271186
0.587596
-0.986537
0.620070
-0.481641
-0.44111
-0.534404
0.929821
0.755254
-0.216853
0.315781
-0.764902
0.943004
-0.828783
0.997166
0.911877
0.624025
-0.287404
0.951738
-0.760916
0.866643
-0.304839
-0.104671
0.658473
-0.562601
-0.201189
0.814503
0.258262
-0.293803
-0.218072
-0.328848
0.75674
-0.662127
0.112492
-0.303257
-0.79948
0.194787
-0.603652
-0.135799
-0.675736
0.137452
-0.576783
-0.875722
-0.742166
-0.438443
-0.976846
0.606540
0.269221
-0.448304
0.915236
0.255121
0.437814
-0.896323
-0.265719
0.819943
-0.246875
-0.851086
-0.942054
-0.175055
0.412685
0.160811
0.929846
0.474756
-0.585074
0.97132
0.190974
-0.11846
0.834865
-0.702958
-0.456643
0.74745
-0.480297
0.43528
0.685343
-0.139276
-0.381138
-0.3911
0.100142
0.26403
-0.918080
-0.701878
-0.508492
0.770546
-0.138245
0.960295
0.996406
0.331111
-0.993575
-0.931758
-0.625927
0.293298
-0.887473
-0.834402
-0.292229
-0.189183
0.17045
0.868420
-0.121137
-0.868896
0.628823
0.886975
-0.896935
-0.134636
0.109077
-0.85780
-0.653781
-0.258423
-0.192639
-0.561574
0.986335
0.244235
0.674523
-0.45271
0.267974
-0.571395
-0.776062
0.38379
-0.192808
-0.79859
-0.755763
0.69595
-0.577421
0.499855
0.453547
0.803985
-0.328540
0.475968
0.677228
0.315076
0.468110
0.358352
0.377546
0.433521
-0.86100
0.421297
-0.711723
0.800463
-0.335262
-0.91908
0.878101
0.777748
0.460466
-0.726056
-0.807659
-0.115601
-0.960309
0.519941
-0.903389
0.457266
0.499546
0.864056
0.885807
0.533117
0.997543
-0.558935
0.37272
0.598637
-0.106752
-0.151785
0.398530
-0.190181
0.257691
0.245751
0.212641
-0.183274
-0.97933
0.439809
0.744555
-0.237514
0.114304
-0.134094
-0.649484
0.165667
-0.90128
0.670648
0.617542
0.880202
-0.120007
-0.69018
-0.861675
0.561188
-0.815976
-0.976052
0.6627
-0.335333
0.526367
-0.305212
0.234862
0.932088
0.821035
-0.330001
-0.12621
-0.346515
-0.885213
-0.981629
-0.184178
-0.222848
-0.60166
0.109741
0.412467
0.704078
-0.947205
0.631039
-0.512874
-0.507058
-0.198568
0.288839
0.596319
-0.860170
0.83591
0.228421
0.900969
0.816980
-0.166523
0.544282
0.888148
0.550529
0.774002
-0.533773
-0.261048
0.137138
-0.426947
-0.703509
-0.610387
0.21151
-0.438184
-0.994452
0.733547
-0.816641
0.770859
0.995412
-0.125635
0.10713
0.727510
-0.702866
0.618022
-0.480878
-0.298685
0.584588
0.780772
-0.119403
-0.888016
-0.74461
0.957992
-0.37985
0.284730
-0.904211
-0.95692
-0.826356
0.492115
0.844465
-0.401931
-0.671459
-0.542435
-0.126041
-0.861787
-0.58515
-0.392003
-0.887719
-0.573136
0.595199
-0.475454
0.784584
-0.963391
0.910701
-0.172867
-0.598348
-0.596861
-0.791766
-0.525855
-0.495208
0.195955
0.170150
-0.719405
-0.454307
0.499925
-0.666759
0.97973
0.62878
0.578636
-0.33222
0.245097
0.842653
0.901379
0.13960
-0.584931
-0.847581
-0.579244
0.401550
0.591952
-0.623894
-0.938067
-0.583609
0.258350
0.613756
-0.136419
0.621194
-0.794902
-0.256180
0.130971
0.156219
-0.812012
0.529494
-0.54235
-0.722610
-0.819605
-0.254417
0.669863
-0.310065
-0.517218
0.797903
0.603504
-0.67859
-0.915649
0.643743
0.626883
-0.795227
-0.836467
0.862856
0.288469
-0.53242
0.964676
-0.382099
0.662038
-0.595456
-0.648689
0.865598
-0.845161
-0.683304
0.290200
-0.807430
0.159715
0.388683
0.960083
-0.403237
0.353358
0.872979
-0.764139
0.985277
-0.979946
0.638138
-0.490445
-0.429886
-0.953546
0.612768
-0.956590
0.677182
-0.55560
-0.628840
0.833756
-0.780549
-0.4909
0.537853
0.941311
0.227930
-0.136568
0.98949
-0.402509
-0.995323
-0.158378
0.632505
-0.544642
-0.747626
0.408256
-0.648550
0.441247
-0.461832
-0.115332
-0.731558
0.555520
0.494252
-0.374613
0.835454
0.638389
0.165881
-0.955221
-0.428088
-0.657130
-0.132770
-0.584884
0.823751
0.726772
0.988640
-0.801621
0.415099
0.712391
0.565582
0.535257
-0.380478
-0.264519
0.970414
0.893801
0.752308
0.606920
0.132670
-0.699102
0.250640
-0.274709
0.300682
0.475831
0.466175
0.657837
0.307930
-0.465499
0.883093
0.267471
0.982462
0.801066
0.744908
-0.652552
0.632495
-0.866703
-0.326585
0.638768
0.250446
-0.375753
0.335525
0.781084
-0.259389
-0.848215
0.9305
-0.545046
-0.309662
0.759242
0.270452
-0.964852
-0.796153
-0.786083
0.522024
0.782711
0.55802
-0.521797
-0.741111
0.551134
0.582168
-0.692038
-0.31387
-0.615944
0.99550
-0.428324
0.819685
-0.272949
0.773788
0.287633
0.516587
-0.584636
-0.261513
-0.480068
-0.442018
0.35828
-0.946903
-0.648363
0.481303
-0.352044
0.188550
0.467207
-0.722600
-0.656777
-0.831893
0.308554
0.531107
0.437222
0.515975
0.827948
-0.981197
-0.14883
0.624347
-0.939095
0.476609
0.202856
-0.104211
0.673394
0.926572
0.355905
-0.790935
-0.623299
0.74001
0.631015
-0.10516
0.580673
-0.355444
-0.952519
0.291506
0.601793
-0.699106
-0.949627
-0.991065
0.179185
-0.469545
0.192455
0.199549
-0.98875
0.425332
0.896230
0.705205
-0.460266
-0.105163
-0.556792
0.820752
-0.197489
0.479587
-0.355879
0.286489
-0.904642
-0.586507
-0.49219
-0.945556
0.92311
0.394336
0.839440
0.498149
-0.676543
-0.228844
-0.32686
-0.391922
-0.602158
0.893643
0.858514
0.525807
-0.452520
0.892957
-0.414723
-0.166186
-0.242105
0.11929
-0.660064
-0.897605
0.629743
0.86296
0.725102
0.925309
0.382431
0.801650
-0.999086
-0.36805
-0.956124
0.986049
-0.284628
-0.394234
0.229110
0.124632
0.432594
-0.742134
-0.181390
0.273823
0.339352
0.750105
-0.18086
-0.995433
0.911917
-0.17834
0.962002
0.755240
0.672471
-0.289716
0.588342
-0.790755
-0.952937
0.115978
-0.910376
0.557172
-0.105286
-0.487865
0.891737
-0.689600
-0.31889
0.704399
0.711318
0.756874
-0.641818
0.285370
0.460939
-0.767449
-0.158071
-0.580908
-0.822285
0.834529
0.478062
-0.83648
0.838396
-0.206157
-0.480683
-0.864177
0.886548
0.608494
-0.183994
0.791231
-0.2693
0.91513
-0.474812
0.745565
-0.326855
-0.741021
-0.935192
0.207421
-0.630621
-0.643874
0.840487
0.336009
-0.161807
0.288105
0.354719
-0.507086
-0.154370
0.550882
0.303726
-0.958984
0.909245
-0.468202
-0.557378
0.134377
-0.605554
0.815656
0.319008
-0.689428
-0.612521
-0.826617
0.573222
-0.357357
0.481359
-0.389479
-0.721038
0.448370
-0.81172
-0.507424
0.624900
0.859253
0.936406
0.192847
0.859279
-0.252581
0.892513
-0.471744
-0.445606
0.709680
-0.253693
0.744755
0.480326
-0.637719
-0.626050
-0.716400
0.303298
-0.997757
-0.283267
-0.527822
-0.589232
0.647050
-0.375954
0.463833
0.464248
-0.781229
0.305376
0.725378
0.719110
-0.347200
0.540945
0.112463
-0.188309
0.633003
-0.817178
-0.130474
0.457581
-0.404508
-0.412671
0.687799
0.558206
0.627565
0.511365
-0.165636
-0.748745
-0.124691
0.125492
-0.166638
0.863728
0.301730
-0.960467
-0.120020
0.242433
-0.284287
-0.909221
-0.81079
-0.473818
-0.363713
-0.577940
0.248362
-0.591241
0.649080
0.126561
-0.546887
0.615359
-0.220251
-0.313525
0.26578
-0.381152
-0.243766
-0.315655
-0.790505
-0.33491
0.807361
0.716272
-0.487173
0.461482
0.540599
-0.951971
-0.127388
0.452455
-0.175861
0.204262
-0.838291
0.546009
-0.392140
-0.406903
-0.683842
-0.369567
-0.600882
0.95984
-0.426057
-0.224308
-0.178213
0.86846
0.776313
0.685944
0.821633
-0.670966
-0.991973
-0.258334
-0.111343
-0.115814
-0.138336
0.319094
0.603925
0.343625
0.5248
-0.29342
0.293268
-0.38118
0.171841
0.21756
-0.130620
0.686103
0.426049
-0.539410
0.126026
0.365282
0.656958
-0.36284
-0.132158
0.839921
-0.980546
0.869923
0.501803
0.859748
-0.632103
0.699822
-0.90578
-0.918021
-0.846714
0.86723
0.629008
-0.786159
-0.652734
-0.579553
-0.235057
0.471355
-0.805089
-0.522122
0.249320
0.13240
-0.779726
-0.676852
-0.131692
0.419635
-0.52305
0.500204
0.474717
0.483632
0.625159
-0.461400
-0.999012
-0.108525
0.274035
-0.627346
-0.528870
-0.437483
-0.870002
-0.695253
-0.225561
0.12805
-0.653951
-0.991884
0.315725
-0.805176
-0.55055
-0.833805
-0.715684
0.374521
0.89330
-0.545779
0.158807
0.926796
0.130302
0.63207
-0.769642
-0.666433
0.621726
-0.584966
0.650187
0.394688
0.173070
-0.792013
-0.687176
-0.394826
-0.684755
-0.394706
0.472924
0.388723
-0.976256
0.991793
0.44295
-0.202195
0.832896
0.119825
0.177303
-0.704677
0.775711
0.755481
-0.179578
-0.755745
0.639969
0.707895
-0.21009
0.748823
-0.581252
-0.775867
0.915194
0.807922
0.281576
-0.231174
0.991317
0.841958
-0.465247
-0.746267
-0.780450
0.25510
-0.685167
-0.49664
-0.862727
-0.219794
-0.55455
0.585879
0.6428
0.235093
-0.354253
-0.263237
0.951175
-0.628950
0.218986
-0.577599
-0.393581
-0.936208
0.852866
0.817628
0.300712
0.159573
-0.65788
0.359521
-0.655606
-0.876573
0.609938
0.388133
-0.277709
0.493888
-0.908652
-0.12484
-0.190949
0.930037
-0.450916
-0.759409
0.817792
0.140500
0.697138
0.988500
-0.643692
0.395307
0.37588
0.847447
-0.833227
-0.328345
-0.445527
-0.76816
-0.805873
0.196643
0.270871
0.41122
0.907738
0.488595
-0.714348
-0.473973
0.858521
0.644374
0.685425
0.211408
0.865861
-0.776884
0.396935
0.980568
0.376906
0.975950
-0.649616
0.736440
0.715047
-0.678583
-0.218483
-0.820139
0.538190
-0.489466
-0.505391
-0.258620
0.273332
-0.715344
-0.405558
0.905779
0.389475
0.430242
0.931507
0.112798
0.908070
0.108654
-0.943938
-0.719909
0.942363
-0.222096
0.942954
-0.335358
-0.548925
0.919257
0.262966
-0.253300
0.223119
0.691533
-0.882928
0.317532
0.112064
-0.950255
0.387684
-0.54483
-0.912245
0.777801
0.306352
-0.104190
-0.680213
-0.326113
-0.848484
0.595620
-0.779307
-0.258933
-0.124188
-0.485938
0.35356
-0.808608
0.139062
0.269439
-0.688727
0.939211
-0.193103
0.366708
-0.583200
0.332847
-0.788586
0.535992
-0.248325
-0.262833
-0.887744
0.125119
0.217668
-0.862493
0.345874
0.440742
0.211877
0.546032
0.939706
0.794649
-0.121914
-0.470944
0.572316
-0.511098
0.318214
0.225860
-0.555406
0.645411
-0.833762
0.162510
-0.156188
0.214238
-0.983206
0.289398
0.705715
-0.962171
0.727895
-0.770835
0.956404
0.669910
0.88569
0.513281
-0.279453
0.449754
-0.182948
0.292851
-0.215517
0.223554
-0.300064
0.154339
0.629703
0.866113
0.582330
-0.690514
-0.435234
0.846057
0.772546
-0.200482
-0.34382
-0.165214
0.778853
-0.72818
0.997859
0.742149
0.842028
0.820055
0.45704
-0.345682
-0.839469
-0.199473
0.912973
0.314858
0.437572
0.253871
0.681929
-0.689284
0.393503
0.487857
0.574827
-0.205638
-0.642848
0.404939
0.228214
0.349290
-0.819521
-0.858738
-0.626997
-0.450718
-0.688936
-0.536523
-0.640026
-0.348001
0.504262
-0.424893
0.582217
0.528648
-0.172577
-0.946321
0.200560
0.501178
0.360727
-0.785280
-0.49864
-0.568646
0.940587
0.142370
0.363681
0.130496
0.358934
0.979736
0.702272
-0.682569
0.441972
0.308344
-0.440854
0.695319
0.202142
-0.305659
-0.716598
-0.23511
-0.12179
0.270503
0.688957
0.760156
0.989092
-0.989042
-0.764630
0.598918
0.816854
-0.881839
0.749489
-0.91994
0.57758
0.236342
-0.304663
0.980597
0.942087
0.725407
0.684804
-0.195287
-0.258161
-0.881614
0.888645
0.745745
0.420499
-0.995911
0.721095
-0.154325
-0.1911
-0.102265
0.166873
0.139769
0.850316
-0.772708
0.383444
-0.725369
-0.668676
0.664396
0.603868
0.779172
-0.554079
-0.710708
-0.379342
-0.86732
0.288405
-0.204180
-0.788212
0.596942
-0.241829
0.690001
0.853997
0.266879
0.538706
-0.596347
-0.374122
0.683293
0.183307
0.236079
0.291739
0.976607
0.28161
-0.551774
0.557440
-0.454902
-0.34718
-0.940895
-0.592977
-0.927741
-0.171755
0.306961
-0.932311
-0.506782
0.416961
0.710972
0.65673
-0.805197
0.384718
0.426559
-0.22040
0.257780
0.59068
-0.494530
-0.439154
0.300081
0.979063
0.189490
-0.113650
0.59697
0.439134
0.755663
-0.974601
0.631345
0.434184
0.817830
-0.455718
0.62038
-0.306990
-0.683184
0.495191
-0.873406
0.106661
-0.901981
0.759169
0.783626
-0.765052
-0.252166
-0.616502
0.131678
-0.457767
-0.539614
-0.541471
0.944624
0.674573
-0.110957
0.643778
0.160371
0.563612
0.3454
0.56734
0.553788
-0.842722
-0.594145
-0.205817
0.542614
-0.191683
-0.93422
0.200232
-0.97967
-0.698558
-0.560922
-0.193288
-0.609128
0.816349
-0.112385
-0.432367
-0.727574
-0.504831
0.767017
0.563894
0.406937
-0.908211
0.5084
0.571109
0.499601
-0.311977
-0.128356
-0.814520
-0.294870
0.382772
-0.536657
-0.106133
0.606581
0.618655
-0.837965
0.683230
0.454479
0.777965
-0.216237
-0.78968
0.651445
-0.325418
0.928914
0.549991
-0.803512
0.663744
0.747902
-0.637105
0.897193
0.244434
-0.954661
0.496412
0.35457
-0.901409
-0.656155
-0.516590
0.920378
-0.120107
0.498299
-0.105781
0.602861
-0.674685
-0.55754
0.737951
-0.83902
-0.204458
-0.426401
0.480409
0.7952
0.746257
-0.911251
-0.4412
-0.621208
-0.197273
-0.794617
-0.454023
0.105283
0.297298
-0.956851
-0.630337
-0.533986
-0.112022
-0.568369
0.454949
0.6953
-0.756781
-0.496758
0.782537
-0.402065
0.270178
0.315569
0.143217
0.885614
-0.614594
-0.992116
0.915924
0.596078
-0.2841
-0.136729
0.257121
0.175349
0.94590
-0.291447
-0.306426
0.889641
-0.922899
0.849862
-0.142415
-0.506631
-0.610646
-0.518292
0.57553
0.70868
-0.311521
-0.550888
0.383983
-0.98896
-0.914698
-0.388404
-0.116560
-0.346785
-0.999608
-0.105575
-0.448475
-0.931736
0.660009
0.102044
0.597102
-0.810660
0.413214
-0.477266
0.604139
-0.824827
-0.999211
0.772665
0.523982
0.155231
0.832449
-0.698318
-0.905717
-0.856399
-0.112787
-0.799641
-0.164060
0.618513
-0.488202
0.923529
0.704647
-0.127530
-0.994292
-0.335981
-0.535998
0.74569
-0.784723
-0.649373
0.951997
0.288870
0.496919
0.291026
0.731517
0.270959
-0.38023
-0.312061
0.975548
0.962880
0.856139
0.520819
-0.306426
-0.760586
-0.400979
0.297941
-0.948435
0.934113
0.708027
-0.622686
0.651031
-0.659264
-0.120837
-0.464429
-0.927268
0.66227
-0.758875
-0.691898
0.698787
-0.189155
-0.895147
-0.485447
0.106613
0.321640
0.644700
-0.770537
0.870676
0.17490
0.917478
0.87900
-0.458284
-0.144506
0.257525
0.315166
0.805240
0.88783
-0.507770
0.93025
-0.510143
-0.945376
-0.391697
-0.483279
0.662066
0.253887
-0.531744
-0.456994
-0.528618
0.207189
-0.954257
-0.775160
-0.543028
-0.492589
0.470878
-0.697886
0.516633
0.652217
0.391879
-0.687055
-0.185322
-0.666193
-0.831786
-0.707096
-0.724689
-0.179253
-0.469344
-0.954796
0.851061
-0.95875
0.65705
0.335664
0.469728
0.523372
-0.156083
-0.431905
-0.700426
-0.574824
0.737639
0.408970
0.228909
0.173978
-0.58988
-0.743330
0.608865
-0.264692
0.149319
-0.289612
-0.104591
-0.997008
-0.572467
0.634783
0.43364
-0.321459
-0.491528
-0.276035
0.318652
0.451395
0.95141
-0.320394
-0.33931
-0.411280
0.701795
0.318650
-0.62932
0.616116
-0.260924
0.908293
0.460508
0.117996
-0.476533
0.705178
-0.360397
0.689178
-0.351299
0.675896
0.111010
-0.117537
-0.820772
-0.651896
0.784550
-0.519104
-0.35265
-0.382466
0.689854
0.964161
-0.443550
0.994277
-0.342266
-0.775838
-0.209379
-0.627852
0.571615
-0.165899
-0.697928
-0.792444
0.118513
0.560656
0.771649
-0.165903
-0.992641
-0.660595
0.832108
0.240139
-0.854679
-0.416996
0.500415
-0.417151
0.306589
0.497122
-0.949903
-0.519700
-0.117466
-0.254898
-0.56183
0.899675
-0.583569
0.485016
0.247846
-0.622756
-0.773836
0.199287
0.600952
0.378986
0.748545
0.944763
-0.682026
0.283216
0.61171
0.721312
-0.475267
-0.166180
-0.213961
-0.507219
-0.925408
-0.80684
-0.686080
0.6200
0.929113
-0.227278
0.293999
0.892459
-0.152856
-0.808222
-0.746494
-0.847734
0.183225
-0.796951
-0.214167
0.858993
-0.950497
-0.871523
-0.252352
0.472666
-0.295615
0.408181
-0.388337
0.598344
-0.509020
-0.787924
-0.968805
0.993629
0.198629
0.65569
-0.611102
-0.68723
0.896944
-0.747233
-0.334323
-0.879819
0.919843
0.252256
0.104992
0.882077
0.289872
0.385880
-0.338364
-0.927060
-0.202793
0.982494
-0.949897
0.408198
0.24169
0.28842
0.375330
0.21134
-0.196661
0.636057
-0.673047
0.432019
0.704488
0.254301
0.230112
0.612550
-0.690343
-0.763152
0.162615
0.3434
-0.843134
-0.577980
-0.457290
-0.546342
0.421560
-0.988309
-0.216886
0.573879
-0.270931
0.996930
0.42246
0.933948
-0.720878
0.889182
-0.384803
-0.102981
-0.957596
0.479105
-0.312779
-0.101542
-0.724199
0.345299
-0.542884
0.378811
-0.780063
0.831211
-0.17926
0.71251
-0.494964
-0.655001
-0.885753
0.140408
0.471647
-0.290940
-0.161313
0.551470
0.515037
-0.342949
0.332300
0.904441
0.646557
0.451025
0.533515
-0.919640
-0.999061
0.424598
-0.881680
-0.760868
-0.217224
0.170458
-0.993346
-0.296753
-0.618698
0.599009
0.910518
0.96066
-0.755454
0.737911
-0.69368
0.833801
0.264898
-0.469596
-0.856110
-0.16258
-0.831328
-0.484575
0.424997
0.849410
-0.970086
0.27398
0.984573
0.954031
-0.186908
0.545348
-0.865847
-0.841059
-0.153901
-0.310027
0.573824
-0.116049
0.545707
-0.746179
0.414656
0.47104
0.593064
0.781698
-0.230670
-0.834016
-0.944024
0.673856
0.274866
-0.973320
-0.858274
-0.471482
0.125986
0.869955
-0.220859
-0.675101
-0.760779
-0.52961
0.313059
-0.931480
0.86740
-0.477661
-0.661212
-0.356988
0.699136
0.397549
0.646361
0.22213
-0.972914
0.476744
-0.57358
-0.861992
-0.874051
0.688332
0.749612
0.763544
-0.901660
-0.899822
0.909074
0.48007
0.619823
-0.681973
0.830940
-0.554883
-0.629058
-0.30332
-0.699825
-0.20905
-0.323630
-0.310042
0.845401
-0.942299
0.831144
0.342637
-0.131636
0.864781
-0.352553
-0.533996
0.799996
0.20051
0.153211
-0.631822
-0.975412
-0.459616
0.361964
0.888636
-0.359597
-0.470778
0.705761
-0.447313
-0.720412
0.105209
-0.891553
-0.289162
-0.760788
0.636956
0.392301
-0.316091
0.437858
-0.183107
0.578070
-0.523540
-0.935384
-0.128409
-0.840438
0.478543
0.404169
0.666520
0.739309
0.503623
-0.781249
-0.446801
0.925710
0.57616
-0.54952
0.679742
0.828819
0.87041
-0.713953
0.921701
0.823877
-0.631594
-0.16700
-0.556472
0.770150
-0.288810
-0.717027
0.241301
-0.531208
-0.522657
0.539641
0.735534
0.405682
-0.165368
-0.70730
0.190379
-0.520017
-0.639006
-0.152792
-0.325430
0.771927
0.507045
-0.382556
-0.164396
0.47264
0.16276
-0.889453
0.471718
-0.607089
-0.447475
0.756859
-0.88780
-0.8884
-0.846297
-0.439617
-0.117323
-0.302319
0.733203
-0.889067
-0.114991
0.584652
-0.39589
-0.915781
-0.318298
0.181097
0.233395
-0.436332
-0.731184
-0.82665
0.639596
-0.749208
0.766531
0.413992
0.769107
0.397333
0.755743
-0.48070
-0.5148
0.339344
-0.35779
0.605571
0.974750
0.624053
-0.519823
-0.799768
0.745353
-0.949043
-0.633209
-0.527971
-0.698799
-0.319119
0.939995
0.282579
0.363746
0.784941
-0.658718
0.185051
-0.432416
0.855755
0.515822
-0.144363
-0.237205
-0.805765
-0.489146
-0.305434
-0.291745
0.675192
0.508096
0.209587
0.96047
-0.787719
-0.385041
0.420938
-0.781874
-0.802400
-0.964921
-0.107928
-0.72875
0.588892
0.763782
-0.782671
-0.35233
-0.836324
-0.448338
0.931523
-0.556792
0.848207
-0.208364
-0.791994
-0.62191
-0.320638
0.573862
-0.745591
-0.342260
0.241463
0.745162
-0.710626
-0.514701
0.840076
0.109213
0.56481
-0.523545
-0.124190
-0.690186
-0.238499
-0.543283
-0.812194
-0.987705
-0.312939
-0.408620
0.985064
0.611240
0.450530
0.758992
-0.121684
-0.94910
-0.534211
-0.115559
0.866717
-0.90938
-0.590827
0.180707
0.300422
0.477158
0.531081
-0.167763
-0.39561
-0.728187
0.421296
-0.297051
0.355385
0.270203
-0.526769
0.64349
-0.707859
-0.15056
-0.338564
0.218059
-0.880527
-0.252348
-0.97348
0.444106
0.231819
0.659705
-0.175825
-0.745153
0.865070
-0.453510
-0.917470
0.301678
-0.222203
0.440368
-0.512497
-0.716106
0.386349
-0.320985
-0.937623
0.653310
0.453736
-0.855262
0.786124
-0.677123
-0.648475
0.559386
-0.164845
-0.707627
-0.694151
-0.464167
0.355478
0.632377
-0.665081
0.741876
0.718453
-0.288498
-0.224555
0.801751
-0.776880
-0.178226
-0.125860
0.24005
-0.631380
0.710457
0.912331
0.81236
0.354898
0.525989
-0.666975
-0.139035
-0.179405
0.73969
0.87647
0.930991
-0.387299
-0.838939
0.879533
-0.352920
-0.110929
-0.385501
0.238001
-0.323775
0.180350
-0.645583
-0.150334
-0.749105
-0.212153
-0.250051
0.247851
-0.713383
0.322964
0.181013
-0.931620
-0.746116
0.113662
-0.98514
-0.598355
0.977268
-0.304758
0.658735
0.923822
0.301184
-0.263619
-0.984831
0.248630
-0.662973
-0.766890
-0.806797
0.410624
0.773763
-0.684530
0.392303
-0.327271
0.94295
-0.25126
0.603474
0.677222
-0.117628
0.972245
0.968665
-0.317027
-0.825175
-0.991977
0.815131
0.184885
-0.443241
-0.493876
-0.701357
-0.237819
0.969529
-0.65034
-0.244598
-0.994013
-0.715802
-0.981039
-0.703487
-0.832458
0.414687
-0.676986
0.259741
0.851416
0.763990
0.54878
-0.682793
-0.293703
0.104699
-0.258030
-0.133698
0.227876
0.734654
-0.50320
0.539685
0.999507
0.739917
-0.216894
-0.571068
0.218993
0.413604
0.833110
-0.599273
0.781423
0.1903
0.569622
0.807849
0.501454
0.39118
-0.13349
-0.983608
-0.565880
-0.722054
0.239536
0.851085
0.660885
0.765106
-0.393790
-0.137162
0.584704
-0.731019
-0.307371
-0.468176
-0.597724
-0.393303
0.118802
0.140281
0.616788
-0.983808
-0.671810
-0.347559
-0.132287
-0.859395
0.509748
-0.217644
0.684679
-0.765130
0.3884
-0.317227
-0.289657
0.729033
-0.603793
-0.609493
0.764354
0.625962
-0.944548
0.801563
-0.118890
0.635617
-0.690220
0.239443
-0.318277
-0.883301
0.786937
-0.956473
0.427410
-0.485054
-0.587524
-0.800841
-0.204201
0.820746
0.916677
0.258289
-0.799621
-0.180558
0.263520
0.897445
-0.457280
-0.453014
-0.13979
-0.837163
0.611345
-0.505297
0.449469
-0.583452
0.249293
-0.351476
0.26508
-0.717890
0.20023
-0.865027
0.351154
0.898044
-0.575922
-0.85355
0.276897
-0.547643
0.277440
0.119816
0.391782
-0.929636
-0.107466
0.807046
-0.890877
-0.509160
0.456088
-0.710796
0.653011
0.132029
-0.476251
-0.335187
-0.656256
0.157743
-0.968474
0.693310
-0.497179
-0.517684
-0.904058
0.771324
-0.882370
-0.738539
-0.171024
-0.145701
-0.574528
0.85674
0.527820
0.320279
-0.336396
0.150476
0.788285
-0.697831
-0.499436
-0.922814
-0.56597
-0.231133
-0.490975
0.793777
0.935360
-0.2388
-0.249914
0.77019
0.57979
0.994514
-0.908025
0.731950
0.21481
0.14479
-0.161648
0.440764
-0.147784
-0.673564
-0.157922
0.817111
-0.439524
-0.119523
-0.940265
-0.983524
-0.142898
-0.908972
0.639381
0.779938
0.103407
0.698131
-0.248063
-0.516004
-0.843497
0.550959
0.689614
0.127406
-0.703922
0.334929
-0.992529
0.158784
-0.296492
-0.702702
-0.257735
0.629439
0.793411
0.658902
-0.499170
-0.470026
-0.397179
-0.376790
-0.905407
-0.248636
0.783831
-0.286221
0.902018
-0.911787
0.545466
-0.683439
0.613482
-0.680697
-0.156801
0.481072
0.547210
0.998638
0.4787
0.63887
-0.395977
0.552228
0.896088
-0.988872
-0.799806
-0.29321
-0.31501
0.181179
-0.541991
-0.84581
0.234179
-0.354763
0.549455
0.242132
0.761534
0.497140
0.134895
-0.370024
-0.404169
-0.861794
-0.775908
-0.98305
0.120229
0.485096
0.174064
-0.877365
-0.684386
-0.222337
0.101882
0.820787
-0.803193
-0.537279
-0.883648
-0.485423
-0.298904
0.8146
0.271038
0.914925
-0.902287
0.569839
0.2403
0.517298
-0.195685
-0.953335
-0.720457
0.677335
0.608402
-0.978090
0.670974
-0.779869
-0.843436
-0.44690
0.927170
-0.22093
-0.875988
0.938512
0.71841
0.597885
-0.711798
0.81445
-0.841694
0.988610
-0.6098
0.942148
0.462919
-0.646950
-0.59088
0.453533
0.683959
-0.848419
0.100262
0.471043
0.275445
0.439629
0.136500
0.935852
-0.796206
0.944644
-0.407515
0.512081
-0.641513
0.209493
0.883376
-0.203211
-0.655004
0.159988
-0.871265
0.443722
0.732664
0.650306
-0.920778
0.880063
-0.543325
-0.68346
0.227851
-0.853979
0.255811
0.86317
0.275555
-0.739228
0.857510
-0.718530
-0.562951
0.391838
-0.561957
-0.197484
-0.661007
-0.232424
0.902255
0.187876
-0.397550
-0.515823
0.654384
0.825253
-0.408021
0.376850
0.980049
0.27011
0.257634
-0.354968
0.493697
0.818678
0.630000
-0.391740
-0.384577
-0.695065
-0.654176
0.951841
0.329381
-0.238499
0.374280
0.519285
0.227083
-0.930034
-0.481497
0.337012
-0.353807
0.646251
-0.239497
0.65118
-0.133961
-0.922554
-0.3776
-0.96698
-0.684194
-0.586911
-0.983251
-0.445507
-0.685197
0.727755
-0.176897
-0.174594
-0.253162
-0.547216
0.891541
-0.633086
0.405222
0.329992
-0.462740
0.258508
-0.310943
0.238112
-0.500673
0.20881
0.575514
-0.868917
0.846108
0.832171
0.380709
-0.624634
0.24426
0.814105
-0.846065
-0.838647
-0.603491
-0.972092
0.491632
-0.724981
-0.410177
-0.178175
0.527204
-0.287158
0.123308
-0.21639
-0.15069
0.808972
-0.420345
-0.985495
0.283526
-0.91569
-0.954003
0.317803
-0.790218
-0.437940
-0.305000
-0.735142
0.212264
0.238220
-0.141630
-0.872294
0.422484
-0.712546
0.304343
0.141945
0.554888
0.507590
0.813527
0.470878
-0.868179
0.353197
-0.73990
0.521735
-0.110640
-0.654531
0.536167
-0.441673
0.208092
0.834185
-0.884965
0.649361
-0.725996
0.981449
-0.982346
-0.692326
-0.910202
0.23704
0.650215
-0.303150
-0.821746
0.45830
-0.860
-0.349269
0.674427
-0.754092
0.675937
-0.31950
0.76758
-0.974161
0.498430
-0.425981
0.712011
-0.392824
-0.511476
-0.155786
0.170009
-0.240192
-0.205473
0.896173
0.289267
-0.988349
-0.86424
-0.399842
0.550050
0.738638
0.40491
-0.457113
0.130656
-0.147432
0.578616
-0.8058
-0.21188
0.435846
0.354063
0.655617
0.14990
-0.157591
-0.180617
0.297300
-0.447789
-0.295500
0.716909
-0.273486
-0.151606
0.6049
0.756841
-0.511552
0.295062
-0.37394
-0.312123
0.841512
-0.853330
-0.461231
-0.72889
0.797319
0.310821
-0.41662
0.878136
0.391647
0.285123
-0.276318
-0.444507
0.852698
0.251621
0.937751
0.99456
0.923561
-0.294719
0.19439
0.176027
-0.437343
0.425930
-0.547282
-0.826858
-0.333809
0.369329
-0.186650
-0.914350
-0.586110
0.445792
0.762420
0.819477
0.530740
-0.587126
0.30861
0.883289
-0.766354
-0.463563
-0.129638
0.768918
-0.951459
-0.106279
-0.984788
-0.693809
-0.702952
0.127464
0.717554
0.667706
0.93842
0.831177
0.534337
-0.109260
0.540038
-0.130680
-0.412301
-0.649476
0.554197
-0.18221
-0.292736
0.626237
0.367983
0.493765
-0.216995
0.850184
-0.932655
0.951892
0.395829
-0.284036
-0.666680
-0.638248
0.830666
0.959093
0.559831
0.440201
-0.689344
-0.397311
0.336492
-0.659218
-0.85251
0.380676
-0.190764
0.1251
-0.426425
-0.555165
-0.216355
-0.204791
0.997489
-0.948236
0.657551
-0.958943
-0.971228
-0.436928
0.280035
-0.377559
-0.605548
-0.415897
-0.123508
0.931962
-0.735139
-0.675743
0.196892
-0.514867
0.77124
0.300757
-0.367893
0.597923
0.165011
0.163194
-0.647349
-0.843036
0.331693
0.598267
0.192433
-0.37839
0.533709
0.395418
0.143173
-0.474039
-0.889741
-0.471325
0.67201
0.113108
0.136804
-0.193610
0.849761
-0.69755
-0.811932
0.669360
-0.714604
-0.448290
0.453485
-0.495266
-0.270346
-0.816956
-0.776806
0.934073
-0.873882
0.592571
-0.356189
0.311191
0.855531
-0.420108
0.81673
-0.188181
-0.796667
0.44590
-0.480179
-0.363164
-0.541866
0.426964
0.984754
0.679031
-0.440924
0.902026
0.90487
-0.519415
0.143220
0.646186
0.545344
-0.21171
0.987190
0.624868
0.638323
0.250599
-0.684505
-0.15214
0.71306
-0.560599
0.482200
-0.825695
-0.224898
0.551410
-0.317337
-0.593013
0.548316
-0.721045
-0.712650
-0.519229
0.850298
0.47515
0.480096
-0.720414
0.273326
-0.579984
-0.292694
0.844566
0.783493
-0.885711
0.142629
-0.996216
-0.125613
0.742805
0.579527
-0.705589
-0.64566
-0.997332
0.848537
-0.612417
0.547815
0.877390
-0.114433
-0.358101
-0.666988
-0.31462
-0.755241
-0.16916
-0.261292
0.235470
0.54459
0.819700
-0.726867
0.180040
0.51130
-0.213619
-0.501212
0.955806
-0.845669
-0.546276
0.590424
-0.354980
-0.121769
-0.259224
0.164321
0.772936
0.468457
-0.854157
-0.926020
0.803432
0.859360
0.92447
0.624413
-0.492569
-0.394864
-0.531797
-0.649288
-0.363659
-0.775025
0.186822
-0.633930
-0.674478
-0.68746
-0.814064
-0.595537
-0.488268
-0.150900
-0.848173
-0.661672
0.278101
-0.412293
0.558178
0.213027
-0.348991
0.61072
0.443750
0.11924
0.313742
0.679567
-0.75437
-0.778006
-0.762706
-0.660773
0.220573
-0.467975
-0.411686
-0.341276
0.941849
-0.408053
0.575059
-0.343006
0.680480
0.169741
0.951952
-0.638380
0.640765
-0.107447
0.861646
0.530704
0.639721
0.613597
-0.395299
-0.537624
0.541880
0.660693
-0.447508
0.168452
-0.391333
0.638563
-0.703853
-0.887027
0.726034
-0.297147
0.311750
0.702603
0.342882
0.519231
0.303777
-0.108033
-0.35238
-0.995300
-0.805129
0.127086
0.18297
0.56100
0.75297
-0.99474
0.486657
0.421716
-0.740824
-0.782582
-0.956872
-0.854591
0.391374
-0.139011
0.280407
0.942062
-0.814416
0.798351
0.867502
0.71216
0.346634
0.776834
0.600015
0.664402
-0.839222
0.940897
-0.265150
0.605799
-0.307169
0.115840
-0.395474
0.673112
0.159755
-0.42603
-0.874970
0.2760
0.317214
-0.571247
0.10849
-0.774421
0.198986
-0.195221
-0.543511
0.153365
0.62183
-0.438256
-0.876164
0.183899
-0.131888
0.95880
-0.373026
0.744815
0.910938
0.640175
-0.68064
-0.804562
0.646267
0.247539
-0.317156
-0.556811
0.702813
-0.869700
-0.622789
0.131248
-0.312805
-0.277888
0.842120
0.925129
-0.855119
0.707550
0.979900
0.190234
-0.28248
-0.332299
-0.871381
0.757447
-0.400530
-0.185876
-0.713450
-0.294349
-0.60605
-0.744792
-0.111293
0.688488
0.751577
-0.889596
-0.908152
0.873997
0.66659
-0.314509
0.611759
-0.544938
-0.731808
0.551961
-0.564291
0.987866
-0.451251
-0.560325
-0.918931
0.45309
-0.161205
-0.401986
-0.47439
-0.38461
-0.514984
0.568490
0.973983
-0.139032
0.360595
-0.151049
-0.570007
-0.582486
-0.387926
0.100156
0.424330
-0.493718
-0.113075
-0.171244
-0.204392
-0.307317
-0.111732
-0.362471
-0.505588
0.791506
0.225201
-0.823774
-0.114175
0.332819
0.581777
-0.841664
-0.94793
0.624346
-0.263791
0.401086
0.37999
0.703911
0.584211
0.751798
0.84237
-0.988687
-0.518564
0.620999
0.735075
-0.167545
0.903146
-0.355663
-0.860944
-0.722159
-0.808303
-0.109270
0.348001
0.512386
0.395915
-0.54715
0.840193
0.305943
-0.372217
0.24200
0.397112
-0.456848
-0.233659
0.814549
0.825224
0.735690
-0.209010
0.996181
0.174493
-0.5575
-0.805456
0.83265
-0.620045
-0.37110
0.348854
0.132258
-0.285760
-0.562577
0.950673
-0.130375
-0.462891
-0.925776
0.227378
-0.745264
0.946877
-0.4984
-0.327481
-0.914334
-0.993809
-0.488845
0.529107
0.604982
-0.242914
-0.850639
-0.577389
-0.485837
0.363433
0.744885
0.849924
-0.25387
0.240988
0.65487
0.118621
0.548701
0.963970
-0.971446
-0.175002
-0.340648
-0.260339
0.127857
-0.205007
0.910713
0.541660
-0.191955
0.145748
-0.704738
-0.280419
-0.987911
0.782750
0.544175
0.606862
0.272501
-0.608402
0.232486
0.837142
0.222823
0.490389
-0.643293
0.789135
0.939986
0.601647
-0.837973
-0.931301
-0.797459
0.395200
-0.493476
0.889960
0.816631
0.928184
-0.367105
-0.925812
-0.323827
0.239816
0.480956
0.835072
0.480188
0.98371
0.835138
0.176749
-0.776428
0.6936
-0.606715
-0.584939
-0.911611
0.472464
-0.278449
-0.384996
-0.330831
0.602100
-0.170117
0.265433
-0.906596
0.1170
-0.426181
0.890684
-0.782572
0.505218
-0.310869
-0.328986
0.603280
0.17549
0.716080
-0.33061
0.60062
0.891402
-0.105038
-0.396836
0.553344
-0.753369
-0.608629
-0.698486
0.574378
-0.296841
-0.810214
-0.624080
-0.427278
0.327928
0.593230
0.222973
0.512503
-0.399824
0.820267
0.145528
0.227371
-0.869488
0.575655
0.227202
0.288031
-0.551633
-0.666223
-0.511741
0.850046
-0.269564
-0.200659
-0.612922
-0.155969
-0.847056
-0.325759
-0.866199
0.924186
-0.905484
0.820013
-0.166227
-0.689434
0.206291
-0.926278
0.965510
-0.590405
0.252306
-0.760316
0.536932
-0.394326
0.408873
-0.409277
0.305921
0.527111
-0.349656
-0.860443
-0.487873
-0.782801
0.905534
-0.444900
-0.518108
-0.622471
-0.859075
-0.668346
-0.331776
-0.329051
-0.815463
-0.532073
0.588143
-0.332789
0.439013
0.2740
-0.259462
0.137403
-0.494620
-0.68745
0.650313
-0.815847
0.106708
-0.454451
-0.579571
0.695486
-0.38183
0.32770
-0.319448
0.596831
0.107847
0.201700
-0.385112
-0.565010
0.470462
-0.925165
-0.357676
-0.662868
-0.774263
0.419222
-0.417175
0.781572
-0.858620
0.598037
0.212605
-0.969234
0.310791
-0.204114
0.542741
-0.91988
0.435583
-0.650332
0.307222
0.773997
-0.463224
0.468023
-0.340631
-0.852110
0.580289
-0.893673
-0.161368
-0.629699
-0.66546
-0.684415
-0.635641
-0.138843
0.342612
-0.380836
-0.135080
0.764024
0.864404
-0.478704
-0.481643
-0.920640
-0.297313
-0.887531
0.709924
0.963545
0.383747
0.902110
0.940715
-0.123317
-0.862833
0.449514
0.658987
-0.596217
0.961939
0.244779
0.438439
0.538219
-0.12436
0.743490
0.459333
-0.15183
0.871347
-0.895173
0.990951
0.611742
0.522644
-0.368049
0.307499
-0.737726
-0.588244
-0.229373
-0.180629
0.795140
-0.709695
0.948131
-0.762018
0.528462
-0.913312
-0.478132
0.442126
-0.274399
0.183835
-0.179105
-0.639418
0.793477
0.932041
0.770698
0.823146
0.822089
0.137173
0.218223
0.249886
-0.565262
-0.686672
0.583813
-0.165973
0.126272
-0.17012
-0.873846
0.254913
0.400445
0.722877
0.815977
0.769686
-0.595218
0.924638
0.355107
-0.76478
-0.370427
0.480116
0.408301
-0.812453
0.512249
-0.356303
-0.2249
-0.86123
0.314522
0.90190
0.871376
-0.801270
-0.799439
0.796387
-0.933138
-0.591268
-0.152368
-0.774158
-0.750177
0.95242
-0.448782
-0.681226
0.95465
-0.886429
0.92701
0.573192
0.869199
0.463376
0.133075
0.855890
-0.648981
-0.402483
0.551247
0.878370
0.795957
-0.80203
0.974214
0.728474
0.561482
-0.512372
-0.624227
-0.650965
-0.9082
0.194770
-0.890458
0.241075
0.14170
0.373493
-0.852904
-0.383194
0.258180
-0.926305
-0.257530
0.334779
0.302387
0.989547
-0.481771
0.969098
0.271207
0.149363
-0.247232
-0.217456
0.550349
0.859524
0.875517
-0.84819
-0.222467
0.398796
-0.698607
-0.815361
-0.97078
0.960314
-0.478125
0.586055
0.125984
-0.427349
-0.125857
-0.667322
-0.268459
-0.112164
-0.769564
0.310378
0.208107
-0.504732
-0.959102
-0.940414
0.157706
-0.667734
0.862844
-0.417868
0.989207
-0.394748
-0.522727
0.823976
-0.588917
0.967867
0.133124
-0.383217
0.20124
0.280650
-0.240747
0.68110
0.638144
0.550636
-0.505985
0.6168
0.330074
-0.126610
0.979339
-0.676692
-0.886726
0.959441
0.955509
0.393786
-0.263312
-0.987563
-0.411853
0.418864
-0.307870
0.67338
-0.970709
-0.825401
0.507127
0.669936
-0.418949
0.571074
-0.23893
-0.358230
0.905878
-0.471388
0.975508
0.189601
0.547329
-0.953711
0.610669
0.185408
-0.127259
0.882161
-0.995524
0.120852
0.931431
-0.236500
-0.255146
0.451078
0.895802
-0.846566
0.414122
-0.775024
0.677336
-0.333003
-0.782488
0.869384
-0.561924
-0.544134
-0.852699
-0.971921
0.389617
0.255806
0.352208
-0.322139
0.178407
-0.635674
-0.237576
-0.70333
0.655786
-0.202918
0.954452
0.348022
-0.856551
-0.73825
0.106200
-0.9733
-0.803224
0.656933
0.5129
0.919796
-0.180482
0.808770
0.482520
0.849323
-0.798791
0.92933
0.157247
-0.785972
0.365816
-0.239401
-0.454599
-0.538
0.547379
0.929609
0.669247
-0.768748
0.437579
-0.300492
0.972973
-0.91110
-0.751112
0.41360
0.141350
0.954861
-0.719833
-0.11887
0.476102
-0.948609
0.186248
-0.608693
-0.760327
0.221577
-0.471312
0.634357
-0.704588
-0.216050
0.425862
0.880411
0.117447
-0.107084
0.62240
0.528066
0.647749
-0.594527
-0.871245
0.205845
0.97013
-0.829478
-0.982196
-0.12611
-0.222007
0.658837
-0.518776
0.731434
0.407226
-0.473505
-0.473842
0.40512
0.994598
0.955588
0.354611
-0.497415
0.621561
-0.536302
-0.339784
0.806894
0.293926
0.209661
0.521333
-0.965279
0.779614
-0.430729
-0.473059
0.891399
-0.138984
-0.849852
-0.41125
-0.977923
-0.706864
-0.266444
-0.579490
0.608440
-0.55422
0.202472
-0.275548
0.54370
0.122887
0.341322
-0.989044
0.579955
0.112413
-0.170679
-0.293426
0.332577
0.179180
0.79642
0.705063
0.148440
-0.538887
0.369945
-0.518663
-0.418654
0.425767
-0.753848
0.509050
0.91896
-0.763610
-0.291354
-0.411179
0.90030
0.739304
0.865382
-0.890459
0.721205
-0.881086
0.276486
-0.31819
0.557651
-0.455118
0.905102
0.161654
-0.134688
-0.775927
0.15004
-0.566325
-0.810169
0.307411
0.782700
0.722078
-0.143568
-0.627761
-0.519266
0.115196
0.666222
-0.421121
-0.83538
-0.601028
-0.540744
-0.160620
-0.80413
-0.693487
0.581630
-0.82486
0.715120
-0.900941
-0.924082
0.278744
-0.737338
0.36618
0.996958
0.7589
-0.73220
-0.815075
0.985572
-0.686065
-0.251697
0.989272
-0.896803
0.714010
0.392675
0.470613
-0.692709
-0.276458
-0.692353
-0.349960
0.803520
-0.802511
0.966167
-0.7057
0.625986
0.566781
0.72675
0.227362
0.144163
0.97755
0.589028
0.886300
-0.866781
0.711785
0.508539
-0.764797
0.935647
-0.705152
-0.701247
-0.402609
-0.921683
0.237620
0.525443
0.996542
-0.922707
-0.722798
-0.695369
0.309826
0.804561
0.637636
0.116061
0.141511
0.486093
-0.986226
0.591576
-0.547277
0.358226
-0.23971
0.766232
0.585980
-0.631162
0.717027
0.950581
0.405033
0.564817
0.584594
-0.477806
-0.765290
-0.605473
-0.183944
0.656703
0.743013
0.32471
0.931303
0.303849
0.3994
0.342414
0.294246
-0.747875
0.564489
0.774652
0.509922
0.391540
0.732710
-0.543080
-0.743119
0.164227
0.731065
0.253117
0.28105
-0.212356
0.41034
0.753122
0.364117
-0.67264
-0.846394
-0.110393
-0.127079
-0.664233
0.531651
0.809147
0.923449
-0.760902
-0.202777
0.865939
0.120042
-0.295686
-0.149417
-0.12708
0.582510
0.474844
0.954593
-0.817924
0.603523
-0.974165
-0.205823
0.926296
0.273038
0.816491
-0.250274
0.255754
-0.277078
0.47744
-0.116601
0.456382
0.173129
-0.644367
0.516464
0.242098
-0.460801
0.287865
0.515927
0.312248
-0.934064
0.813837
0.843875
0.71006
0.137383
0.547449
0.211906
0.469447
-0.451411
0.545461
-0.92458
-0.120567
-0.520174
0.736235
0.138946
0.857771
0.209927
-0.290052
0.257551
-0.174756
0.512512
-0.648919
-0.242389
-0.142158
0.748533
-0.694380
0.991531
-0.426954
-0.223379
-0.64159
-0.728024
0.468039
0.593538
0.991754
-0.635501
0.246023
0.405068
0.388784
-0.46013
0.373962
-0.734913
0.668241
0.883289
-0.754502
0.774736
0.501698
0.740591
-0.957064
0.244181
-0.217922
0.631681
-0.544048
0.391592
0.716911
-0.496478
-0.748503
0.675567
-0.474188
-0.544643
0.214580
-0.47351
-0.822139
0.718720
0.671127
0.244375
-0.358935
-0.869346
-0.945510
0.868519
0.731247
-0.269646
0.112741
-0.929198
-0.53125
0.815619
-0.793220
0.500336
0.199968
-0.427268
-0.181957
0.760144
0.64051
0.476580
0.923133
0.188334
0.226449
0.650483
0.952249
0.442471
0.569875
0.273080
-0.153764
-0.11159
0.992472
-0.741179
0.626422
0.748025
0.647165
-0.216387
-0.602409
0.741031
0.895406
0.200752
-0.487547
-0.853030
0.934017
0.936870
0.415878
-0.474217
0.386457
-0.99131
0.716719
-0.736057
-0.588114
-0.966887
0.389871
-0.535733
-0.615784
-0.649285
0.412412
-0.677106
-0.661130
-0.466914
0.562005
0.1711
0.156527
-0.510398
-0.980704
-0.786187
-0.198900
0.275694
0.977344
-0.390401
0.580617
-0.729163
0.91058
-0.855811
-0.536597
-0.345550
-0.780209
0.79769
-0.480808
-0.359039
0.352975
-0.546683
-0.414652
-0.656999
-0.182860
0.17828
-0.636142
0.789211
0.669613
0.995742
0.451
0.821165
0.721257
-0.750101
-0.523806
0.179930
0.254366
0.945009
0.581694
0.610070
-0.198464
-0.44384
-0.891241
-0.561807
-0.511321
-0.283417
0.415193
0.808785
0.38221
-0.854869
-0.668026
-0.955161
0.277765
0.140466
-0.18530
-0.140366
0.894786
0.567953
0.534698
0.379586
0.203662
-0.74145
-0.800290
0.755306
0.958169
-0.433243
-0.161327
-0.581292
0.288575
-0.814903
-0.988647
0.556804
0.656373
-0.702165
0.770870
0.269795
0.777459
0.109739
-0.743223
-0.448965
0.991573
-0.360291
0.270613
0.108344
0.179694
0.898999
0.394870
-0.568126
0.613265
0.758666
-0.352044
0.358667
-0.888754
-0.739957
-0.849804
0.882425
0.71130
-0.543334
0.184300
-0.933637
-0.91279
-0.48687
0.321143
0.53744
-0.887106
0.318543
0.873576
0.917709
0.178321
-0.943364
-0.846588
0.418559
-0.68507
0.775815
-0.129925
0.649506
-0.58440
-0.740057
0.347711
0.313992
-0.638915
-0.23023
0.858802
0.307527
0.598399
0.97952
-0.593033
0.879059
0.478406
-0.947052
0.397030
0.862239
0.843807
-0.351405
-0.912449
-0.942688
-0.846989
0.96560
0.422797
-0.742914
-0.171331
-0.982536
-0.873730
-0.458609
-0.549173
0.993171
-0.551275
0.434377
0.974058
0.586601
-0.483884
0.954224
0.527706
-0.553016
0.971224
0.488051
-0.169501
-0.939623
0.848535
0.428072
0.836597
0.376616
0.793006
0.782955
0.113129
-0.653572
-0.447902
-0.960591
-0.691284
-0.442463
0.325890
-0.354119
0.917455
0.54974
0.208327
-0.712755
-0.904290
0.432797
-0.416718
0.980712
-0.618013
-0.643212
-0.274784
0.557876
0.117411
0.177633
0.963558
0.455044
-0.341848
-0.679708
-0.509417
0.111452
-0.998187
0.627355
-0.792706
-0.461104
0.275056
-0.992987
0.224472
-0.548613
-0.583906
-0.817888
-0.290704
0.461182
0.815655
0.215431
0.49706
-0.255131
-0.903838
-0.979151
-0.523257
-0.139968
0.60924
-0.864506
-0.716522
0.659984
0.172070
-0.880597
-0.783509
0.128030
-0.999022
0.440588
0.703050
-0.129326
-0.94557
-0.336136
-0.581436
0.416128
0.125411
-0.960462
0.726458
-0.658714
0.647375
0.910359
-0.397443
-0.62753
-0.898203
0.961546
0.715413
0.724493
0.232053
0.944138
0.536734
-0.488555
-0.189957
-0.20431
-0.618519
-0.847647
-0.251161
-0.729484
0.312748
-0.561422
0.811931
0.328557
-0.646545
0.370020
0.113680
0.241145
-0.223480
0.345265
-0.211421
-0.846204
0.593898
0.612187
-0.484562
0.10015
0.650261
0.40966
0.127111
0.22241
-0.938925
0.201311
-0.739123
-0.252077
0.688508
0.376041
-0.995742
-0.246222
0.948802
-0.951051
-0.716433
-0.263379
0.565209
-0.345238
0.706572
0.15032
-0.276093
0.730807
-0.175152
0.977821
0.96578
0.279942
0.608812
0.681961
-0.900926
-0.540035
-0.626784
-0.500405
-0.140463
-0.917017
-0.729475
0.8884
0.181097
0.537138
0.238928
0.736263
-0.901525
-0.944180
0.575074
0.617008
0.291858
0.609711
0.993161
-0.143339
0.988463
-0.497011
-0.25110
-0.756212
-0.761940
0.78809
-0.841013
0.336375
0.863982
-0.285580
-0.423049
0.431408
-0.575984
-0.666254
-0.667587
0.219122
0.386302
0.890341
0.738382
-0.133971
0.456255
0.501190
0.576909
-0.72511
0.634473
0.396299
0.777032
-0.805134
-0.385178
-0.954867
-0.797333
0.741520
-0.406475
0.111399
-0.311119
0.645179
-0.7208
0.97347
-0.500288
-0.541361
0.44301
0.741340
0.281720
0.207055
0.534214
0.752368
-0.852263
0.31535
0.158453
-0.436300
0.937361
0.269651
-0.744202
0.528687
0.53208
0.928307
-0.524060
-0.435195
0.732473
0.505383
-0.320524
0.114587
0.784343
0.980583
-0.838112
0.445073
0.14715
-0.236395
-0.114426
0.36111
-0.867834
-0.297847
-0.634066
0.230379
0.891645
0.149579
0.993513
-0.417662
-0.959344
-0.753357
-0.331480
0.89283
-0.945858
0.621465
-0.123465
-0.260622
0.138348
-0.415898
-0.807864
-0.171658
0.382040
-0.428032
-0.618108
-0.186114
0.276643
0.891262
0.170605
-0.470671
0.338927
-0.209451
0.782418
0.486396
-0.544895
-0.209532
-0.64924
0.52269
-0.218781
0.855223
-0.358699
-0.930694
0.13513
-0.276170
0.318853
0.816934
0.355330
-0.152877
-0.12811
-0.574866
-0.574272
0.426817
-0.198294
-0.118865
-0.508444
0.770316
-0.48130
0.535190
-0.39319
0.278465
-0.558202
0.48658
0.154489
-0.83985
0.873513
0.757710
-0.959602
-0.603333
-0.212670
0.607675
-0.728991
0.104611
0.595355
0.871468
-0.967514
-0.25551
-0.278037
-0.988304
-0.792097
-0.632530
0.731141
0.629747
-0.123824
0.397696
0.987983
0.57609
-0.899715
0.10448
0.834726
-0.162449
0.580907
0.360660
0.262210
0.324175
-0.937606
-0.236269
-0.896002
-0.908546
-0.615448
0.356320
0.311614
0.836759
-0.125206
-0.222752
0.278180
0.794876
-0.89553
-0.234384
0.537205
-0.922422
0.547968
0.659910
0.541059
-0.463796
-0.391051
-0.276292
-0.266751
0.430346
-0.509314
0.868242
-0.71003
-0.162934
-0.335007
-0.28672
0.472229
-0.863375
0.626138
-0.980520
-0.608093
-0.840058
0.297138
0.218161
-0.262105
0.472198
0.334310
0.591618
0.519911
0.565871
0.668223
0.759834
-0.61990
0.193355
-0.179198
-0.371679
0.650896
-0.302788
0.360791
0.28275
-0.202161
0.427019
0.357266
0.458138
-0.289543
0.281151
-0.651256
-0.647275
-0.696898
0.917728
-0.563562
-0.179740
-0.533848
0.678845
-0.552533
0.33887
-0.723946
-0.807519
-0.512248
-0.507446
0.838722
-0.308614
-0.862287
-0.719577
-0.312872
-0.951634
0.475768
0.607244
-0.646606
0.420607
0.509562
0.470187
0.948105
-0.347425
0.576067
0.778497
-0.159822
0.904767
-0.559352
-0.97647
-0.810706
0.781362
-0.697008
-0.296091
-0.191048
0.59107
0.687545
0.483175
0.807000
0.612356
-0.201824
-0.314208
-0.510668
-0.416460
0.876024
-0.974949
0.563389
0.489558
0.661270
0.120365
0.535052
0.101985
0.225118
0.890952
-0.932113
-0.931537
-0.926865
-0.44640
0.981072
0.23906
-0.491559
-0.60180
0.271518
-0.348051
0.368091
-0.817812
0.680592
-0.642094
0.537662
-0.454180
-0.552707
-0.636416
0.147814
-0.433458
-0.142156
-0.18687
-0.488923
-0.721369
0.144957
0.725934
-0.54188
-0.932545
0.496248
-0.156842
0.107685
0.20037
0.996739
0.656317
-0.337510
-0.306143
-0.63491
0.146086
0.920050
-0.829207
0.453227
0.94409
-0.615240
0.274899
-0.117945
0.661750
0.42763
-0.402375
0.338241
0.216759
0.664819
-0.704473
0.364086
0.797076
-0.750719
0.381848
-0.181425
-0.227714
-0.19563
-0.424506
0.450707
-0.879491
0.284396
-0.565677
-0.373262
-0.331092
0.338044
-0.282743
0.918830
-0.18970
-0.706102
-0.389848
-0.909780
-0.200546
0.152881
0.99556
-0.227661
-0.613411
-0.293617
-0.651047
-0.477878
0.221312
0.50410
-0.550756
0.583874
-0.155141
-0.3249
0.693857
0.195257
-0.358726
-0.552159
0.468078
0.953682
0.808231
0.293283
0.946883
0.474122
-0.619787
0.188603
-0.10124
-0.289325
-0.578806
-0.226608
-0.721957
-0.199770
-0.802707
0.55317
-0.48103
0.384979
-0.289003
0.864668
-0.965775
0.920433
0.896027
-0.788809
0.397866
-0.104122
0.887062
0.282040
0.785299
0.722406
-0.750092
0.891495
-0.819427
-0.203585
0.471089
0.860668
-0.439749
0.55131
-0.406490
0.274632
-0.438428
0.813732
0.742188
0.967213
-0.93935
-0.148197
-0.983694
0.674927
0.832520
0.427903
0.463118
0.773178
-0.102377
0.271348
-0.704955
0.345927
-0.924735
-0.501577
-0.255432
0.227115
-0.191113
0.226098
-0.931357
-0.494281
-0.295890
-0.100191
0.759812
-0.694580
-0.218031
-0.887408
-0.28260
-0.99073
-0.909346
0.136271
-0.102144
-0.30497
-0.255050
-0.984417
-0.673973
0.466637
-0.433586
-0.277928
-0.956550
-0.571939
0.454788
-0.613920
-0.725386
-0.952396
0.829996
-0.315863
0.484757
0.741750
-0.119309
-0.442567
0.721217
-0.795850
-0.476033
0.864554
0.562638
-0.123517
-0.928545
-0.16826
0.483134
0.288664
0.90593
-0.277975
0.983593
-0.347862
0.262244
-0.928888
0.699634
0.170968
0.831220
0.640955
0.504720
0.443988
-0.534613
-0.603548
-0.979093
-0.363582
-0.529445
-0.677741
-0.177634
-0.132292
0.332385
0.456043
0.818623
0.756743
0.695238
-0.560054
0.162171
0.665927
-0.13913
-0.230885
-0.678041
-0.579046
-0.752377
-0.236876
0.315095
-0.918946
0.430348
0.712203
0.34705
-0.415167
0.866646
0.962606
-0.528319
0.758306
0.898010
0.51592
0.616363
-0.816241
0.920129
-0.847807
0.422285
0.399056
-0.658095
0.134309
0.96559
-0.455448
-0.73753
-0.24726
0.46589
-0.660657
0.321280
0.553354
0.375591
-0.339087
0.939064
-0.530945
0.953648
0.763038
-0.73966
-0.337248
-0.479527
-0.650082
0.727103
0.188057
0.6897
-0.234643
-0.593668
-0.782173
0.190296
0.781332
0.308156
0.523413
-0.274984
0.422604
0.216503
0.519475
0.585252
-0.282015
-0.393421
0.86048
-0.867843
0.244849
0.657745
0.463474
0.664635
-0.10106
0.73437
0.267300
0.852676
-0.213723
-0.482460
0.281562
0.451811
0.380068
0.66354
-0.761903
-0.335865
0.912060
0.66479
-0.874356
0.136694
0.220258
0.934335
0.591256
0.726518
-0.372542
-0.570881
-0.276690
0.734035
0.384276
0.671932
0.250939
-0.185636
0.517759
-0.571238
-0.499582
0.792931
0.434415
-0.756454
0.30629
0.347002
0.691950
-0.573628
0.456927
-0.174455
-0.140757
-0.20088
-0.370536
0.587399
-0.974192
0.313116
-0.899274
-0.742670
0.349665
0.392065
-0.498448
0.816169
0.689655
-0.191742
-0.213813
0.20491
0.245289
-0.778970
-0.762655
0.53178
-0.557712
0.759677
-0.988693
-0.307028
0.1471
0.751356
0.954514
-0.723021
-0.990027
-0.307104
0.313666
-0.74763
-0.400878
-0.207485
-0.736456
0.449437
-0.143309
-0.751154
0.711462
-0.503064
-0.273629
0.245557
0.854650
0.388664
-0.916047
0.564870
0.56068
-0.305020
-0.526072
-0.653185
0.289521
0.589400
0.828089
-0.81185
0.431441
0.801542
0.355022
0.449565
0.48382
0.570702
-0.566703
0.710494
0.807910
-0.112422
0.560725
-0.629214
-0.900934
0.799429
-0.591873
-0.817631
0.464865
0.728385
-0.698977
0.545912
0.48884
-0.744493
-0.284890
-0.271063
0.503206
-0.943135
0.181797
0.946882
0.307316
0.360810
-0.143278
0.438856
-0.313967
0.460735
-0.377895
-0.793008
0.155965
0.558719
-0.508840
0.50008
-0.729620
0.108682
-0.598198
0.543204
-0.318228
0.837408
-0.598808
0.586002
-0.959857
-0.474776
0.86088
0.797236
-0.321637
-0.199260
0.702090
0.875229
0.275117
0.375831
-0.555828
-0.295181
-0.855754
-0.335562
0.408853
-0.400042
0.1005
-0.739167
-0.658955
0.361850
0.408711
0.843775
0.843084
0.575216
0.219267
0.507868
-0.902787
-0.165503
0.935639
-0.729456
0.455334
-0.745907
0.520669
0.576137
-0.537829
0.192922
0.48155
-0.573695
0.272053
0.42144
0.616311
0.299120
0.353061
0.793992
0.998393
0.665897
-0.685651
-0.942772
0.929582
-0.902297
0.489601
-0.413952
-0.648268
-0.945347
0.652911
0.927994
0.53855
-0.821025
-0.724441
0.728321
-0.171170
0.176563
0.355078
-0.579494
0.154596
0.752072
0.93363
-0.698306
0.186376
-0.178305
-0.663849
0.141213
-0.366117
0.640974
-0.609961
-0.813393
0.796218
-0.154305
-0.141995
-0.952309
0.731942
0.457142
-0.903109
0.83289
-0.831806
-0.961476
-0.400597
0.729713
0.97633
-0.373624
-0.256334
-0.521429
0.209678
0.236553
0.925885
0.164618
-0.893243
0.515837
0.809912
-0.402190
-0.893424
-0.653727
0.982708
0.577087
0.270479
0.820639
0.170434
-0.95718
0.534155
0.731786
0.37485
0.150573
0.34516
0.759784
0.781889
-0.518852
0.558345
-0.485687
-0.72371
-0.654099
0.46190
-0.386015
0.333159
-0.113089
-0.846708
-0.360060
-0.257632
0.847625
0.177043
0.169281
0.802088
0.150598
0.377064
-0.417839
-0.215411
0.824989
0.579380
-0.994578
0.209090
-0.812559
0.468895
-0.972696
-0.199604
0.567731
-0.460436
-0.851932
0.457850
0.139310
-0.155167
0.317054
0.661791
0.664884
0.353049
-0.670063
0.799834
0.650642
0.171593
-0.544312
-0.960013
0.780549
-0.365409
0.199325
0.667715
-0.690878
0.412136
0.226164
-0.149977
0.831451
-0.583216
0.97869
0.500489
0.684484
0.371851
-0.559632
-0.857192
0.268665
0.5366
0.78565
0.322978
0.528667
-0.293728
0.841746
-0.678584
-0.463083
0.691063
0.677555
0.825817
0.896339
-0.623539
0.562236
0.828856
0.736037
0.815243
0.23655
0.100398
0.906040
-0.823505
-0.354184
0.937335
-0.796594
0.894572
-0.852655
-0.868892
0.434409
0.721317
-0.489516
0.343898
0.900747
0.556508
0.330067
-0.993076
-0.83736
0.500245
0.835023
0.771540
-0.98683
0.622119
0.419206
0.216684
-0.983444
0.366613
0.4526
0.214865
0.418709
-0.346027
-0.460983
0.501236
0.672036
0.498992
0.988118
0.655030
0.485701
-0.70843
-0.284513
-0.758522
-0.741880
-0.773621
-0.384703
-0.684383
0.792564
0.68541
0.402217
0.830972
0.120316
-0.97666
0.633201
-0.711588
0.62549
0.540161
0.69959
-0.647724
0.456523
-0.107302
-0.926185
-0.160990
-0.854800
0.488649
-0.832014
0.847623
0.682290
0.60764
0.730689
0.467097
-0.554784
-0.656654
-0.822293
-0.469286
-0.725724
0.669098
-0.400978
-0.887011
0.575973
0.545499
-0.727986
0.360317
-0.854764
0.242119
0.709786
-0.895045
0.232826
-0.405665
0.856077
0.882992
0.596
0.750063
0.898531
-0.690056
0.561791
-0.398843
-0.628678
0.216405
-0.696594
-0.585249
0.200444
-0.187302
0.548345
-0.521093
0.500622
-0.502576
-0.472528
0.419144
0.438770
0.361916
0.861108
-0.806690
-0.36272
-0.489581
-0.514323
0.655598
-0.587828
0.180741
-0.952219
-0.56948
0.138624
-0.986764
0.361220
0.14916
0.547813
0.316904
0.653943
-0.898707
-0.179394
0.455785
-0.12175
0.924837
-0.470635
-0.768881
-0.323766
0.424752
0.418058
-0.622599
0.333776
-0.611973
-0.47051
0.806862
-0.85177
0.423914
0.126563
-0.474641
0.507435
-0.771446
0.21410
-0.433629
-0.882509
0.840270
-0.786249
-0.112550
-0.616736
-0.517967
-0.202457
0.881134
0.63103
-0.68558
-0.701099
0.361109
0.975382
-0.702957
0.672883
-0.374672
0.511319
0.888664
-0.194164
-0.933945
0.758442
0.991040
-0.809446
-0.764886
-0.693574
-0.578568
-0.925699
-0.119560
0.72232
-0.414226
-0.991807
-0.816861
-0.520194
-0.317046
0.739444
0.557963
-0.219256
-0.975137
0.453882
-0.417604
-0.122523
0.574835
0.452201
-0.465657
-0.33265
0.302253
0.185134
-0.44551
0.857344
-0.968743
-0.128941
-0.611026
-0.592062
0.409604
-0.358891
-0.226106
0.856084
0.529637
-0.495336
0.381775
0.391530
-0.102730
-0.835847
0.831049
0.25230
0.322683
0.842850
-0.18722
0.36224
-0.997210
-0.771887
-0.876530
0.540609
-0.968961
-0.434166
-0.113603
-0.34764
0.435064
0.363614
0.596506
0.65905
-0.59368
-0.369250
0.860021
-0.22769
0.316942
-0.113251
0.938979
0.632344
0.206157
0.258676
0.408558
0.536093
0.713108
-0.626088
-0.321256
-0.261508
0.633453
-0.975067
0.552586
-0.383409
-0.308844
0.579353
-0.666872
-0.672116
0.794559
0.709142
-0.773289
-0.563091
-0.177647
-0.828717
0.913877
-0.395880
0.720984
-0.557157
0.885135
-0.659451
-0.953579
0.474506
0.966853
0.526185
0.626471
-0.480881
0.996916
0.402510
0.749504
-0.673467
0.321453
-0.727063
-0.956646
0.348712
0.257491
-0.552112
0.279671
-0.864225
0.205945
0.524288
-0.625739
-0.232176
-0.565493
-0.313570
-0.382266
-0.11082
0.572736
-0.295213
0.55070
-0.887515
0.684792
-0.39983
0.498950
-0.210987
-0.294620
-0.537311
0.256796
-0.59366
0.436878
-0.686343
-0.876326
-0.555568
0.468275
0.11149
-0.11058
-0.352259
0.887348
0.660313
-0.812804
0.607545
-0.639279
-0.60487
-0.947047
-0.267421
-0.525493
0.719423
0.167541
0.883586
-0.158477
-0.675515
-0.342455
0.381738
0.936369
0.132453
-0.946056
-0.889301
-0.884854
-0.30467
0.102345
-0.732180
-0.251652
-0.546010
-0.275650
-0.571362
-0.873387
-0.120015
0.307356
0.961998
-0.60156
0.25603
0.834450
-0.140604
-0.897397
0.583911
0.468959
0.627581
0.316750
0.172508
0.635892
0.542880
0.23452
-0.241475
-0.197352
0.90886
-0.297925
0.296425
-0.64097
-0.884385
0.608100
-0.961237
0.817091
0.830374
0.795114
0.242593
-0.779457
0.456639
0.481072
0.133718
0.417939
-0.452285
-0.373797
0.364593
-0.702091
0.915741
0.749978
0.419954
-0.14853
-0.700910
-0.769562
-0.757326
0.761681
-0.351930
0.944783
0.921178
0.259309
0.594940
-0.638525
-0.587353
-0.241215
-0.167159
0.929129
0.558262
0.353793
0.270302
-0.235379
0.188727
0.274298
-0.756166
0.575362
0.614508
0.567159
-0.984129
0.685333
0.62652
0.107282
0.950445
0.333276
-0.980394
-0.800583
-0.326776
-0.311028
-0.65727
-0.88865
-0.837112
-0.15589
0.15250
0.177421
0.821136
-0.87215
-0.822007
-0.629951
0.747260
-0.313864
-0.166648
-0.11054
-0.699466
0.41633
0.940113
0.619791
-0.827430
0.745198
0.250833
-0.874764
0.818077
0.955758
0.189180
0.445241
0.65289
-0.180447
0.389904
0.758067
0.546289
0.370917
0.479254
-0.779980
-0.142441
0.182069
-0.480501
-0.981597
-0.51517
-0.455015
-0.39417
-0.177138
-0.659361
-0.369349
-0.98144
-0.171340
0.959820
-0.647187
0.49318
-0.262111
0.985049
0.617738
0.50069
-0.764129
-0.569395
0.342284
0.119400
0.746223
0.426064
0.860730
-0.759340
0.684993
0.90680
0.674587
0.275700
0.880814
0.929934
0.726300
0.130592
-0.81590
-0.709573
-0.341503
-0.976000
-0.640438
-0.236003
-0.442625
-0.533240
0.747208
0.976152
-0.796623
0.391197
-0.28954
0.692341
-0.817487
-0.762036
-0.555624
0.355655
-0.333287
-0.17559
-0.766424
0.474895
0.281610
-0.369373
-0.664759
-0.966966
0.113729
-0.655171
0.711999
-0.414291
-0.203150
-0.461267
-0.164289
0.172255
-0.181282
-0.471303
-0.959728
-0.189460
0.470685
-0.786510
0.937062
-0.113179
0.660696
0.226180
-0.632215
0.934886
-0.816798
0.110493
0.729428
0.995017
0.505266
0.891121
-0.928870
0.739037
-0.672119
-0.51351
0.311728
0.176325
0.449233
-0.861472
0.559328
-0.949518
-0.708865
0.389919
0.375463
-0.865356
0.367608
-0.378428
-0.353410
-0.212385
-0.675717
-0.151063
-0.944619
0.476221
0.246246
0.991652
-0.650405
0.214405
0.517534
-0.797563
0.505612
0.806431
0.452100
-0.686050
0.818677
-0.347392
-0.678524
-0.998191
0.858548
0.16995
-0.328458
-0.943072
-0.466170
0.854485
-0.794506
0.909407
0.347672
-0.206043
-0.417050
-0.637988
-0.823233
0.762825
-0.516540
-0.641252
-0.268132
-0.996234
0.699599
-0.608158
0.613136
-0.698530
-0.147397
-0.740466
0.840128
-0.327546
0.871307
0.525609
0.467267
-0.712650
-0.598506
-0.358895
-0.561206
0.495933
-0.810787
0.459279
-0.599440
0.864271
-0.282099
-0.758258
-0.583950
-0.412109
-0.567691
0.666151
0.775208
0.535117
0.281760
0.756704
-0.281845
0.620124
-0.389434
-0.65613
0.269917
-0.252063
-0.567325
0.223299
-0.612478
0.122885
0.605830
-0.247832
0.200542
0.271104
0.709666
0.841621
0.313150
-0.633201
0.573853
-0.207810
0.661402
0.428490
-0.986547
-0.929058
-0.319901
0.295547
0.873684
0.339473
-0.359034
-0.72881
0.671090
0.92916
0.892600
-0.203177
0.457635
-0.826576
-0.870861
-0.380468
-0.939560
-0.972785
0.877823
-0.701545
-0.844417
-0.858438
0.167948
0.788503
0.878525
0.339631
-0.640241
-0.753932
-0.953795
0.249618
-0.868279
-0.714768
0.972318
0.583654
0.988591
-0.634352
-0.842570
0.552811
0.456813
-0.882261
-0.255438
0.139169
0.281052
0.26261
0.506313
0.608560
-0.938670
-0.215137
0.527235
0.793833
-0.116694
-0.865186
-0.953680
-0.486136
0.792015
-0.262185
0.106642
0.975838
-0.810807
-0.655246
0.310682
-0.240769
0.587136
-0.676693
0.287401
-0.146549
-0.931417
-0.363361
-0.462436
-0.811943
0.250598
0.818257
0.991834
-0.261287
0.312546
-0.152466
-0.696692
-0.388934
0.365494
-0.947255
-0.568858
0.573343
-0.138243
-0.901725
-0.818905
-0.371483
-0.304149
0.943096
-0.983836
-0.647681
0.669973
-0.435963
-0.709734
-0.199550
0.406877
-0.760828
-0.756962
0.992363
-0.303580
-0.495885
-0.124108
-0.224693
-0.573460
0.273297
-0.921229
-0.886383
0.237477
-0.990572
0.663596
0.55144
0.336927
0.562560
-0.699199
0.989095
0.965363
0.157969
0.385052
0.66785
0.583156
0.32161
-0.261060
0.611940
-0.757242
0.962101
-0.308986
-0.491311
0.382273
0.256155
0.641499
0.600604
-0.762934
-0.729039
-0.173939
-0.622851
-0.652259
0.294186
0.89908
-0.928209
0.24991
0.267989
-0.940259
0.496243
0.362228
0.920356
-0.30353
0.126943
0.312237
0.973978
-0.684510
0.275977
-0.284545
0.766441
0.992641
0.737956
0.617664
-0.384314
-0.797949
-0.429511
-0.149308
-0.163906
0.903532
0.5654
-0.179535
0.218298
-0.609166
-0.717167
0.580790
0.784517
0.210962
0.107416
-0.44770
0.935605
0.888640
-0.519249
0.231335
-0.250314
-0.6708
0.866989
-0.268305
-0.82993
0.612267
0.803886
-0.800120
-0.766489
0.143580
-0.872412
0.398340
-0.547422
0.205837
0.841281
0.782531
-0.88392
0.896620
0.8187
-0.73372
0.75100
0.407692
-0.395049
0.500094
0.251598
0.68148
0.348377
-0.481083
0.269821
0.995174
0.640444
-0.235402
-0.599649
0.716921
-0.329651
-0.731720
0.508637
0.316441
-0.379928
-0.97929
-0.492914
-0.788240
0.665270
0.769794
0.956243
-0.78898
-0.575378
0.358228
-0.479026
0.331919
-0.414499
-0.729780
-0.235755
0.859527
0.379109
-0.763561
-0.156238
0.746018
0.821124
0.789304
-0.797133
0.406758
0.698855
-0.63890
0.872840
-0.986559
0.975800
0.243180
-0.278914
-0.827238
-0.576516
0.562751
-0.658952
0.586967
-0.340934
0.806499
-0.760826
-0.26930
0.10948
0.153916
0.2981
-0.203831
0.889519
0.706688
-0.66072
-0.375513
-0.157429
-0.408047
0.279737
0.845513
0.887637
0.275090
-0.381621
0.140850
0.909192
-0.825413
0.984297
-0.407306
-0.992609
0.74954
0.680624
-0.217621
0.421435
-0.687138
0.137034
0.838196
0.184663
-0.189488
-0.931659
0.507910
0.657808
0.753025
-0.362569
0.32274
0.790678
0.446563
-0.590400
0.825708
-0.806205
-0.229361
-0.45498
-0.967911
0.697196
0.345503
-0.520441
0.469708
0.186737
-0.336707
-0.415769
0.937188
0.508914
0.710455
-0.564288
-0.627503
0.565362
-0.313732
0.440773
-0.390079
0.988099
0.766826
0.588995
-0.719494
-0.491971
0.357743
0.457887
0.146893
0.711387
0.98820
-0.426215
-0.162520
0.615891
-0.151495
-0.306953
0.227339
0.793508
-0.319945
-0.263403
0.190940
-0.128345
-0.695819
0.876320
0.585738
-0.732764
0.896087
0.959938
-0.666910
0.83916
-0.665198
-0.876331
-0.685922
-0.919406
-0.568694
-0.78011
-0.454536
-0.341023
-0.825293
-0.25772
0.837754
-0.644646
0.917516
0.825153
-0.213117
0.435535
-0.816291
-0.803557
-0.498057
0.540784
0.422125
-0.859091
0.374209
0.59721
0.450161
0.643238
-0.844029
0.54461
-0.408820
-0.895028
-0.821387
0.532957
0.158782
-0.172595
0.575831
0.239944
-0.364880
-0.907322
-0.331853
-0.454943
0.85240
0.586281
0.418769
0.723519
-0.553060
-0.482231
-0.465464
-0.528478
-0.868055
-0.281086
-0.447158
0.958195
0.652769
-0.583831
0.381616
-0.282988
-0.169660
0.912477
-0.26364
-0.932371
-0.287249
0.470225
0.429790
-0.376959
-0.248833
-0.258084
0.211780
0.24381
0.630852
0.881876
-0.679691
-0.995676
0.550487
0.437780
0.576855
0.188980
0.301105
-0.616817
-0.690613
-0.61446
-0.684526
0.151790
-0.568514
0.793561
-0.817088
-0.728187
0.873006
-0.862482
-0.148369
0.549401
-0.219470
0.105680
-0.913939
-0.284175
0.232626
0.576702
0.181504
0.329811
0.937368
0.982088
-0.831514
-0.800291
0.466843
-0.160718
0.995739
-0.373141
0.964852
0.252137
0.717671
0.32399
-0.398286
0.900153
0.370298
-0.878864
-0.386041
0.611178
-0.603932
-0.954780
-0.590594
0.202339
-0.858321
0.834247
0.87006
-0.734669
-0.655401
-0.787678
-0.892522
0.182533
0.434148
-0.86839
0.922349
0.554097
0.625839
-0.113408
0.657079
0.319120
0.923932
-0.854926
-0.272456
-0.331967
-0.356663
-0.14248
-0.323829
0.28359
-0.258178
0.578167
-0.845920
-0.739513
0.673846
0.204546
-0.685021
-0.362678
-0.193385
0.652596
0.323551
0.910050
-0.620561
0.445753
0.637431
0.702368
-0.105662
-0.592489
-0.445504
0.939695
0.701275
0.450277
-0.184259
-0.27955
-0.546912
0.876190
0.181467
0.67030
0.743243
-0.262771
0.503247
0.792636
0.794731
-0.593197
-0.233479
0.359586
-0.193485
-0.353755
0.655523
0.788092
-0.94966
0.105602
-0.483227
0.111166
0.201768
0.123496
-0.888133
0.862982
0.301257
-0.923100
-0.21775
-0.502195
0.641606
0.109356
-0.270365
-0.532268
0.78083
0.674468
0.326855
-0.304132
0.708629
-0.266344
0.343761
-0.795979
0.101857
0.728811
0.34469
-0.855244
-0.119660
0.489556
-0.378400
-0.271708
0.176047
-0.534145
0.764516
-0.547878
-0.265906
0.586259
-0.459900
-0.287389
-0.134021
0.201741
0.763558
-0.360918
-0.21585
-0.789596
-0.905003
-0.889173
0.556538
-0.616657
-0.261596
-0.826903
0.495110
0.169873
0.828105
-0.549472
-0.506167
0.130617
-0.808199
-0.185649
-0.891067
-0.262474
0.585606
-0.909825
0.91319
0.979550
-0.207369
-0.913122
0.252320
-0.690194
-0.89314
-0.558903
0.507231
0.414264
0.213761
0.177919
0.607862
0.933602
-0.108393
-0.851965
0.402613
-0.68980
0.670673
0.345166
-0.97801
0.36122
-0.307730
-0.815302
0.800899
-0.646744
0.345831
0.152192
-0.781409
-0.179866
0.961926
0.122219
-0.896052
0.490874
-0.206005
0.522423
-0.387753
-0.523626
-0.669923
0.543150
0.601198
0.518186
-0.530910
0.933427
0.788877
0.234825
0.145125
0.115342
-0.64595
-0.640607
0.958610
0.123463
-0.237927
-0.74551
0.18722
0.411377
0.323948
-0.83302
-0.632646
-0.683529
0.130022
-0.688678
0.791751
0.349029
-0.926590
-0.676003
0.669018
-0.747915
-0.962907
-0.363853
-0.956520
0.601550
-0.737498
0.135326
-0.701581
-0.308020
-0.769914
-0.139455
-0.317072
-0.967067
0.994473
0.128862
0.958888
-0.603142
-0.215596
-0.903425
-0.258577
-0.968937
-0.706179
-0.882573
0.955823
0.272068
-0.703644
-0.320106
-0.416360
-0.264378
-0.446596
0.107030
-0.302722
0.843633
-0.193519
0.206787
-0.284738
-0.964524
-0.796341
-0.947734
-0.554043
0.510606
-0.664029
0.794756
0.150590
-0.523928
-0.485079
-0.35376
0.857482
0.822471
0.658771
-0.503097
0.721336
0.967131
-0.347423
-0.302545
-0.167371
0.675506
0.676568
0.428142
0.562100
0.457049
-0.583028
-0.834980
0.404138
0.7863
0.203063
0.39123
-0.11287
-0.958428
0.953823
-0.776529
0.106829
-0.952595
-0.438649
-0.159611
-0.849160
0.564281
-0.141790
0.389051
-0.573065
-0.641543
-0.940579
-0.216879
-0.203273
-0.826929
-0.468985
-0.278291
-0.571845
-0.908267
0.127975
-0.527595
-0.200891
-0.925676
0.7490
-0.404963
-0.744345
-0.389388
-0.243524
-0.153143
-0.297927
0.120246
0.99882
-0.375430
-0.662127
-0.198573
0.867927
0.799942
-0.850749
0.927853
-0.73049
-0.471499
-0.895674
-0.535023
-0.467154
-0.585996
0.700943
0.564697
-0.137483
-0.988905
0.256528
-0.622416
-0.430000
-0.709627
0.664328
0.655341
-0.486648
0.103828
0.504079
0.37872
-0.359722
0.769019
-0.362814
-0.861492
-0.306548
-0.816259
-0.554228
-0.720236
-0.861034
-0.781330
-0.100047
0.811796
-0.596215
0.1721
-0.70828
-0.104231
0.696166
0.491216
0.239671
-0.75630
0.719458
0.141999
-0.330566
-0.774267
0.841155
-0.749667
-0.541324
0.76954
0.993440
-0.270537
-0.150974
0.11171
0.280723
-0.422473
0.371448
0.582965
-0.389994
-0.880944
0.136256
0.944864
0.243512
0.951319
-0.288700
0.955079
0.623301
-0.862761
-0.633089
0.137768
0.376319
0.950558
-0.574697
0.871377
0.774839
0.717955
-0.440237
0.404860
0.390056
0.501290
-0.900804
0.477248
-0.714690
-0.331085
-0.213941
0.777943
0.29095
0.887084
0.262024
0.84836
-0.27136
0.980664
-0.981963
-0.183827
0.774407
-0.567127
0.657840
-0.232021
0.900737
-0.720310
0.548312
-0.253996
-0.743107
0.213904
0.415894
0.591051
0.617883
-0.943108
-0.989943
-0.4570
0.812053
0.472266
0.648778
-0.358776
-0.300098
-0.696898
0.610043
-0.458522
0.608327
-0.390986
0.971166
-0.499956
0.70105
-0.737953
-0.86351
-0.340751
-0.346925
-0.401002
-0.550008
-0.577923
-0.355216
0.731222
0.258420
0.351114
-0.862171
0.923672
-0.724138
0.455091
0.899396
-0.370643
0.968272
-0.916857
-0.557115
0.343605
-0.593990
-0.989935
-0.712701
-0.947170
0.427253
-0.870572
0.556737
-0.155466
-0.250577
-0.591470
-0.836306
-0.168426
-0.706212
-0.119775
-0.435846
0.886804
-0.901260
0.528099
0.630600
0.134139
0.806258
0.863630
-0.831661
-0.160223
-0.146005
-0.264916
0.746512
0.786889
-0.551329
-0.748756
-0.919101
0.49716
0.545003
-0.467028
-0.569437
-0.749809
-0.122231
0.255043
0.665239
-0.552483
0.199665
-0.309908
-0.767094
-0.431605
0.552518
0.821951
0.332274
0.808334
0.965835
0.85585
0.392881
-0.427320
0.481537
0.469005
-0.613982
0.474373
-0.355240
0.792528
-0.430134
-0.473461
0.920848
0.454273
0.683433
-0.163104
0.54321
0.217245
0.116788
-0.478667
-0.359632
-0.777806
-0.518217
0.303614
-0.69164
-0.28495
-0.352981
-0.998304
0.797370
-0.76007
-0.747888
0.679127
0.520506
0.282115
-0.57289
-0.268324
0.257512
0.906889
-0.331014
-0.165539
0.855702
0.415830
0.695991
-0.515216
0.899415
0.523220
0.346688
-0.965864
0.98720
0.20840
0.41466
-0.605636
0.368000
-0.591060
0.272084
-0.615545
-0.950633
-0.369174
-0.478213
0.172690
0.475615
0.541283
-0.414611
-0.722201
0.304183
0.218397
0.64910
-0.677332
0.885614
0.648277
0.541343
0.318190
-0.844254
0.171305
-0.88107
-0.732800
0.72611
-0.418729
0.813935
0.33257
0.916676
-0.496471
-0.592040
0.447201
-0.442195
0.668058
0.392004
-0.508219
0.189964
0.591430
0.56224
0.358146
-0.114665
-0.132409
0.434158
-0.595774
0.933674
-0.848773
-0.266049
-0.36073
-0.424156
0.724487
0.206731
-0.85123
-0.428583
0.674768
-0.517135
0.646347
0.326142
-0.109457
0.977127
0.143839
0.797477
0.469220
-0.321290
-0.320828
-0.725777
-0.77959
0.794374
0.845556
-0.355987
-0.740468
0.585943
-0.537626
-0.198276
0.705090
0.868667
0.602557
-0.874246
-0.762375
-0.609774
0.457335
0.644871
-0.300764
-0.214728
0.694906
-0.699349
-0.476541
0.854894
-0.713729
0.177603
0.228573
0.784102
0.228767
0.935611
0.886589
-0.590698
-0.913641
0.395571
-0.707518
0.877078
0.213719
-0.870502
0.378071
-0.220781
0.294918
0.26972
0.444655
0.387326
0.502127
-0.180916
-0.384676
-0.248993
-0.39887
-0.29075
-0.287569
-0.149829
0.515284
0.224253
-0.262080
0.501507
-0.843419
0.596843
-0.855906
0.477848
0.823459
-0.263102
-0.463083
-0.539157
0.156660
0.250376
0.507089
-0.978222
-0.453241
-0.948432
0.647510
-0.305025
0.494771
0.811707
-0.918741
-0.225063
0.981023
-0.983040
-0.261
-0.979781
0.123133
-0.633855
0.663066
-0.685299
0.330904
0.380686
-0.600023
0.502047
-0.620283
-0.961824
0.152365
-0.797577
0.191405
0.610199
-0.335519
0.381292
-0.336489
-0.637931
-0.659928
0.664920
0.989666
-0.485599
0.764021
-0.717188
0.850457
0.923328
0.382252
-0.652563
0.534228
-0.798028
-0.369095
0.361104
-0.710819
-0.254197
-0.838619
-0.361580
-0.997427
0.450679
-0.383881
-0.662104
0.363231
0.753513
-0.822690
-0.868198
-0.701543
-0.743018
-0.845547
0.808928
-0.135862
-0.443466
0.498594
-0.835471
0.201281
0.290173
0.486721
-0.335853
0.537709
-0.628140
0.528146
-0.750022
0.678917
0.816681
0.629867
-0.597182
0.205086
0.772915
0.878398
-0.232405
-0.927240
-0.181194
0.474855
-0.780265
-0.155469
-0.922020
-0.937448
0.913305
-0.197787
-0.657181
-0.871947
-0.626088
0.327716
-0.813417
-0.40093
0.318498
-0.84752
0.897646
-0.565795
0.121228
0.635373
-0.404880
0.231643
-0.705539
0.80876
0.773437
0.649789
-0.546209
-0.314880
-0.732676
-0.921801
-0.355010
0.583571
-0.598865
-0.963272
0.870631
-0.763341
0.687819
-0.626401
-0.424416
-0.272432
-0.176452
0.113731
0.932430
0.114992
-0.816289
-0.232634
-0.76050
-0.940308
-0.965572
0.395008
-0.18577
0.144419
-0.669687
0.132460
-0.510801
0.841012
-0.843465
0.958971
-0.416059
-0.957354
0.143460
0.919999
0.522546
-0.410778
0.796591
-0.873378
0.996841
-0.554270
-0.821322
0.793335
0.607974
-0.52082
0.621795
0.260038
0.601369
-0.786554
0.440085
-0.480692
0.599565
0.483454
-0.213610
0.760381
0.890982
0.393331
-0.517733
-0.560781
-0.853717
-0.126202
0.140268
0.29718
-0.636338
0.519171
0.555530
-0.71759
-0.924038
0.583955
0.428397
-0.380803
0.175340
0.64389
-0.993504
0.851485
0.270737
-0.839086
-0.880281
-0.701699
-0.201429
0.109394
-0.253437
0.428406
-0.252718
0.864180
-0.873051
0.33200
0.19118
-0.774169
-0.239111
-0.892549
0.119695
-0.953557
-0.116792
-0.549299
0.392478
0.591533
-0.356199
0.372448
-0.65006
-0.806385
-0.481612
-0.502800
0.453526
0.546058
-0.418977
-0.235189
0.686594
-0.87704
-0.360355
0.154313
-0.812048
-0.947806
-0.798490
0.293517
-0.73234
0.317905
-0.488544
-0.88282
0.130380
0.667412
-0.105651
0.120733
-0.124052
-0.628336
0.361792
0.786298
0.561200
0.858440
0.570710
-0.255891
0.800915
-0.715143
-0.427206
-0.747882
-0.470469
-0.623295
0.350599
0.884718
0.985169
-0.991764
0.328408
0.37154
0.28518
0.282002
0.80255
-0.275876
0.144394
0.170630
0.310797
0.645539
-0.366510
-0.873739
-0.561919
-0.708113
-0.304216
-0.894050
-0.510643
-0.554936
0.343150
0.687445
-0.407536
0.820927
0.470694
-0.639882
0.942773
0.595462
0.103312
0.542745
0.260363
0.212319
0.983440
0.746259
-0.586629
-0.582301
0.170838
-0.385888
0.749420
-0.646656
0.231077
-0.34310
0.604664
0.515838
-0.131678
0.373207
0.825794
-0.989325
-0.240952
-0.852373
0.553132
0.790065
0.220773
0.302344
-0.899121
0.223012
0.751891
0.336754
-0.887094
0.580883
-0.427528
0.443519
0.88672
0.95260
-0.684781
0.189910
-0.898660
-0.478236
-0.672280
0.122330
0.762285
0.734305
-0.119016
-0.387083
0.440003
-0.57588
0.438408
-0.637205
0.450303
-0.889409
-0.196451
-0.889351
0.59294
-0.763600
-0.180872
0.819329
0.263977
0.490038
0.141045
0.905456
-0.361440
0.964932
0.980503
-0.359634
-0.850955
0.82244
-0.328363
-0.691573
-0.371886
0.635584
0.857455
-0.44973
0.524899
0.20778
-0.928485
0.279697
-0.405631
-0.122479
0.363118
-0.333293
-0.247508
-0.810535
0.419836
-0.996233
0.473633
-0.377186
-0.635787
-0.968873
-0.957170
0.859335
-0.432238
0.208286
0.900013
-0.256707
0.329230
0.509909
0.5538
-0.701666
-0.338905
0.733450
-0.878772
-0.659979
-0.565499
-0.191598
0.651208
-0.441029
-0.222669
-0.470371
0.496432
-0.902165
0.317080
-0.435105
0.765223
0.780697
0.351022
-0.433018
0.657487
0.260706
-0.270907
-0.262008
-0.535941
-0.554618
0.868705
-0.397644
-0.752068
0.707152
-0.744588
-0.424471
0.795380
-0.646643
0.752020
0.408900
-0.721715
-0.148846
0.638262
-0.431090
-0.146595
0.965517
0.527049
0.896790
-0.179323
0.864618
0.262551
-0.466426
0.10610
0.237037
0.225434
-0.688489
0.831896
-0.456124
0.280893
-0.677066
-0.905626
0.959141
-0.522097
0.228146
0.976225
0.658035
-0.898206
0.329411
-0.270234
-0.671446
0.728738
-0.475522
0.713623
-0.547144
-0.851565
0.938357
0.383146
0.222572
0.786134
-0.123015
0.59834
0.33840
0.938215
0.383208
-0.446052
-0.736821
0.447294
-0.251776
-0.176695
0.188137
0.539483
-0.818156
0.56698
0.344224
0.524150
-0.637896
-0.764641
-0.58377
-0.67693
-0.427657
-0.12592
0.204888
-0.409527
-0.653507
0.288289
-0.647186
0.484492
0.266754
0.538775
0.933078
-0.110922
-0.646911
0.275416
-0.94772
-0.663226
0.373206
-0.719613
-0.652057
0.67463
-0.231714
0.663562
0.699877
-0.860595
0.238300
0.610315
-0.462297
-0.742353
0.596801
0.847200
-0.877230
-0.246708
-0.702598
0.861235
-0.95461
-0.692924
-0.800803
-0.206075
0.537244
0.983664
0.982394
-0.946923
0.315217
-0.586603
0.739750
0.152648
0.944230
-0.900121
0.365677
-0.34188
-0.206407
0.304665
0.116303
0.24243
-0.93764
-0.461796
-0.118239
0.37201
-0.130699
0.894530
0.573959
-0.36486
0.446535
-0.197722
0.214316
0.789703
-0.991727
-0.944286
0.121462
0.794281
-0.492789
-0.324088
0.697500
0.77188
0.501445
-0.731353
0.18897
-0.109946
-0.220799
0.793998
-0.572283
0.888543
0.710774
0.221096
-0.834063
0.80166
0.304159
-0.970584
0.798247
0.346212
0.535843
-0.891449
0.361757
-0.52877
-0.341768
-0.50375
0.463281
0.27118
-0.804453
-0.522644
-0.779945
0.514425
-0.39769
-0.602116
-0.49134
-0.654061
-0.542246
0.656069
-0.579609
-0.519263
0.72174
0.868134
-0.57613
0.225863
-0.659819
-0.533287
-0.867669
0.556573
-0.49073
-0.261807
-0.623370
-0.199536
-0.977730
-0.585971
0.597257
-0.511421
0.223928
-0.237591
0.307512
0.176312
0.211961
0.439800
0.790015
0.19773
0.155062
0.970000
0.713800
-0.460400
0.57847
0.797925
-0.700661
-0.357239
0.721606
0.722484
-0.574636
-0.512802
-0.641100
0.898932
-0.465327
-0.302908
0.716637
-0.431526
-0.958798
-0.154671
-0.971002
-0.704453
0.778295
0.112605
0.689227
0.561724
0.766590
-0.566813
0.59832
-0.387861
-0.417154
0.661901
0.480031
-0.596932
0.501705
-0.4530
-0.736903
-0.144371
-0.803379
-0.47805
-0.124770
-0.272822
0.200408
-0.331754
0.821732
-0.785400
-0.926737
0.889029
0.57080
0.878301
-0.270268
0.547845
0.108166
-0.38722
-0.981896
-0.436856
-0.212409
-0.514378
-0.65665
0.673057
-0.598452
-0.642635
0.938462
-0.964662
0.566681
-0.70680
0.242147
-0.360473
-0.343445
-0.810915
0.518427
0.948360
-0.473802
0.660005
-0.857927
0.943217
-0.307872
0.14272
-0.150221
0.274581
0.338250
0.70204
-0.480138
-0.479766
-0.378929
0.665276
-0.538454
-0.144544
-0.109079
-0.68076
-0.653963
0.939737
-0.113499
-0.240874
0.932944
-0.496975
-0.377068
0.884295
-0.546913
0.713493
0.171095
0.855902
0.25110
-0.754510
0.837699
-0.617547
0.833880
-0.486202
-0.27645
-0.727452
0.758883
-0.264487
0.340663
0.542213
-0.545548
-0.846123
-0.183532
-0.458897
0.735176
-0.375535
-0.35993
0.580891
-0.583070
0.849957
-0.310522
-0.604009
-0.834541
-0.754413
0.49983
-0.579133
0.68685
-0.344878
-0.643635
-0.493563
0.49886
-0.951687
0.378532
-0.988458
0.599672
-0.605021
-0.932177
0.12303
-0.593879
-0.941922
0.63343
-0.272097
0.946313
-0.416949
-0.453455
0.968759
0.295962
-0.621925
0.969377
0.152448
0.965151
-0.511947
-0.482852
0.664046
0.807319
-0.236945
0.643376
0.35394
0.158721
-0.695989
-0.879207
0.148222
-0.134252
-0.366015
-0.896883
-0.189031
0.308637
0.759362
-0.257933
0.868220
0.62080
-0.452267
-0.646911
0.811498
0.456357
0.450513
-0.721293
-0.27086
-0.885234
0.475526
-0.944269
-0.644151
-0.398240
-0.560747
0.859625
-0.721426
-0.566836
0.143515
-0.177708
-0.19380
-0.11557
-0.2334
0.101332
0.621099
-0.455227
-0.285036
-0.277535
-0.168755
-0.365405
0.364653
0.674822
0.179440
-0.292477
-0.455406
-0.827025
-0.620603
0.493735
-0.604137
-0.685062
-0.581633
-0.321862
-0.56138
0.828561
-0.307877
-0.470747
0.451700
0.274962
0.419932
-0.986800
0.553977
-0.899180
0.685112
-0.313869
-0.987982
0.514485
-0.655573
0.468989
0.468450
0.969308
-0.7868
-0.481562
-0.618329
0.607061
0.840315
0.946303
0.440391
0.601576
0.238398
-0.414752
0.947082
0.828700
-0.798290
-0.830719
0.111591
-0.75771
-0.272787
0.95379
-0.830209
0.445730
-0.329007
0.97521
-0.753869
0.411254
-0.647248
-0.251352
0.304300
0.713337
0.894093
-0.402034
0.376788
-0.125143
-0.67843
0.57044
-0.439316
-0.601282
-0.411161
-0.570425
0.430605
-0.673650
-0.324038
0.188535
0.521407
-0.247281
0.478633
-0.937537
0.159825
0.504997
0.315908
0.158426
0.581168
0.39899
0.7567
0.190064
-0.108356
-0.548730
-0.821421
-0.93436
-0.671843
-0.758330
-0.22737
-0.522250
0.791252
-0.959287
0.621992
-0.378736
0.910125
-0.228194
-0.61664
0.388570
0.314677
0.118766
-0.223622
0.478927
-0.585624
-0.78646
0.965829
-0.339979
0.660847
-0.380594
0.449684
0.518704
0.694318
0.310207
0.197861
-0.926002
-0.668781
0.164989
0.806026
-0.304221
0.913878
-0.32715
-0.500115
-0.669492
0.704666
-0.960154
0.809417
0.30512
-0.258461
-0.776069
-0.555848
0.485213
0.295895
0.633386
0.810471
-0.9924
-0.836827
0.636760
0.448038
0.14257
-0.356339
0.339759
-0.2325
0.218547
-0.227343
-0.233462
0.729391
-0.40525
-0.401582
0.643559
0.644223
-0.452754
0.245179
0.850696
-0.912118
-0.878626
-0.872068
-0.983269
-0.105008
-0.651533
0.712784
-0.148247
-0.152726
0.500165
-0.895388
-0.282713
0.829912
-0.53365
0.857685
0.284661
0.801719
-0.554613
-0.898024
0.580885
0.739699
0.851736
-0.666469
0.411011
-0.705107
-0.889856
-0.571254
0.656458
-0.424389
-0.508962
-0.646589
-0.568231
-0.989614
-0.154799
-0.177079
-0.407022
0.807
-0.401967
-0.258741
0.486473
-0.756859
-0.564344
-0.65251
-0.278336
0.963330
-0.804420
0.613625
0.90931
-0.11847
0.490877
-0.497768
-0.654762
-0.673010
0.165852
0.418763
-0.895600
-0.545007
-0.536440
0.229804
-0.132603
-0.634778
-0.835758
0.826026
0.851642
-0.688772
0.575857
0.273123
-0.685116
0.320052
0.394236
-0.535998
-0.430790
-0.298838
0.723967
0.814711
0.754480
0.826298
-0.214245
-0.549632
0.39255
0.441111
0.941297
-0.362083
0.693071
-0.510085
-0.420950
0.893497
0.643440
-0.851676
0.237329
-0.256683
-0.148581
0.98400
-0.768010
0.945067
-0.402788
0.938729
-0.133117
0.486850
-0.499299
-0.429848
0.43019
-0.804695
0.32032
0.86572
0.355462
-0.293875
0.942588
-0.866871
0.556659
0.34216
-0.230820
-0.819885
-0.790110
-0.222830
0.820023
-0.242364
-0.492376
-0.582207
0.219782
-0.826474
-0.528386
-0.111992
0.28976
-0.697925
-0.823505
0.577786
-0.737792
0.450967
0.737111
-0.333664
-0.326476
-0.452881
0.139439
0.375964
0.736571
-0.967170
-0.839139
0.252284
-0.574378
0.2806
-0.715055
0.484913
-0.10968
0.13454
-0.126030
0.821566
-0.955851
-0.304062
0.858592
-0.970864
0.398817
-0.860121
-0.49900
-0.138776
0.95318
0.54866
0.238528
-0.295925
-0.992012
-0.513928
0.172850
-0.86901
0.642645
0.740343
-0.587343
-0.96401
0.198297
0.740469
-0.101631
-0.388828
-0.20829
-0.7323
-0.16178
0.25205
0.128980
0.642585
0.390979
-0.463235
-0.153155
-0.567566
-0.947490
-0.726658
-0.653193
-0.910338
0.862726
-0.951774
-0.775565
-0.175616
-0.295050
0.832637
0.772659
-0.758565
-0.237414
0.229967
0.458084
0.163771
0.977853
0.67714
-0.390261
0.902223
-0.793571
-0.652894
-0.362151
0.393583
0.62036
0.113936
-0.734147
0.514685
0.127007
-0.394834
0.58539
-0.507017
0.481739
0.216495
0.69136
0.124988
-0.5420
0.464547
0.639097
0.541125
-0.600703
0.568532
0.43915
-0.339116
0.860574
0.272365
-0.808908
-0.988210
-0.386819
-0.162647
-0.356128
-0.835015
-0.614574
0.245472
0.190397
-0.987508
0.441659
0.158654
-0.155609
0.689201
0.748073
-0.451649
0.773653
0.363980
0.677269
-0.132780
-0.363319
-0.911298
0.300061
0.747916
-0.459720
0.797910
0.807816
-0.419658
-0.970687
-0.495961
0.70425
0.792093
0.936526
-0.520903
-0.715405
-0.679897
-0.654182
-0.572969
-0.780670
-0.961054
0.572661
-0.658122
-0.748234
0.860254
0.186639
-0.954034
-0.820179
-0.133848
-0.934905
0.886853
0.857491
0.761738
0.190649
-0.498621
0.171944
-0.211711
-0.251345
-0.641434
0.463966
-0.751204
-0.857904
0.456726
-0.484070
-0.467493
-0.794382
-0.585637
0.953800
-0.679898
-0.198434
0.632121
0.154548
0.631335
-0.746370
-0.438176
-0.290809
0.893645
0.443675
0.859501
-0.457298
0.863072
0.714044
0.419905
0.828788
0.328646
0.794676
-0.430304
0.837304
0.387821
0.367112
-0.310362
0.48081
-0.806635
-0.70731
-0.935853
0.509483
-0.812414
0.763986
0.924076
0.848476
0.136348
0.246194
0.108728
-0.660995
-0.183524
-0.838898
-0.686029
0.214245
-0.411440
-0.191505
0.362063
0.662571
-0.957221
-0.439501
-0.535684
-0.650372
0.963833
-0.271389
0.496416
0.601814
0.960492
0.690178
0.360396
-0.655537
-0.738456
0.635481
0.580736
0.307701
-0.240962
0.935606
-0.584236
0.965030
-0.515248
-0.653335
-0.685156
-0.724308
-0.212214
-0.292169
0.351614
-0.860798
0.827453
-0.223294
-0.794332
-0.946146
-0.310901
0.328292
-0.500435
0.443207
0.562446
0.543700
0.351691
0.893250
-0.715199
0.652867
-0.682181
-0.189588
-0.526297
0.917824
0.943877
0.388627
0.778428
-0.666268
0.42945
-0.294547
0.722369
0.369345
0.655313
-0.670670
0.997070
-0.953678
0.869907
-0.188887
0.72500
0.233185
-0.3386
0.303859
0.371435
-0.60678
0.595954
-0.536124
-0.742529
-0.941440
0.200769
0.284707
-0.968351
-0.877091
-0.414355
0.750814
-0.205394
0.535936
0.638515
-0.990595
0.326275
-0.940683
-0.955554
-0.273257
-0.898628
-0.612278
-0.343159
-0.813589
0.684426
0.666121
0.789363
-0.101988
-0.433639
-0.203537
0.510424
0.598457
-0.794461
0.275280
-0.532299
-0.964452
-0.279586
0.563029
-0.22772
0.934256
-0.100002
-0.322332
-0.533664
0.884122
0.94949
0.555810
0.314496
-0.442072
-0.726111
0.375326
0.298594
-0.238393
0.949212
0.200926
0.210744
0.195535
-0.251911
-0.716464
-0.458539
-0.785583
-0.204599
-0.158861
-0.528364
-0.660757
-0.350990
0.545589
-0.892213
0.744116
-0.618109
0.329762
-0.596576
-0.172304
-0.43164
-0.183119
0.5708
0.55192
-0.826447
-0.762106
0.847691
0.641990
0.458947
0.880969
0.4265
-0.708939
0.602832
0.967580
0.80351
0.80600
-0.545005
0.141571
0.748773
-0.277372
0.443522
0.962735
-0.978695
-0.38951
0.308656
0.337859
0.577710
-0.451648
-0.118204
0.412656
-0.591817
-0.354774
0.789680
-0.203888
-0.725814
0.146378
-0.553443
0.9605
0.230191
-0.518837
-0.484829
-0.884473
0.419847
0.275786
0.788054
0.252958
0.214403
0.549398
0.620430
-0.58888
-0.750898
-0.548284
0.347084
0.869184
-0.122798
0.632474
-0.761070
-0.702871
-0.369422
-0.235320
-0.699804
0.570052
-0.612362
0.434642
-0.872736
0.611741
-0.731501
-0.477032
-0.750620
-0.172212
0.766942
-0.513750
0.837986
0.741633
0.744334
-0.397589
-0.497935
0.874697
0.603443
0.892147
0.835574
0.132517
-0.696618
0.162012
0.472119
0.353361
0.655262
0.799778
0.116436
0.733361
0.34717
0.821261
0.614943
-0.675654
-0.521650
0.210917
-0.104394
-0.957003
0.985689
-0.280955
-0.485943
-0.213221
-0.17779
-0.150806
-0.70763
-0.511337
0.531470
0.670836
0.544909
0.881152
0.946996
0.456487
0.951857
0.368755
-0.565209
0.911706
0.284026
-0.192357
-0.170631
-0.468724
-0.260036
0.379578
-0.345364
0.454272
-0.913257
-0.505888
0.943847
-0.427996
-0.408569
0.865954
-0.446461
0.24930
-0.935291
-0.581348
0.109507
0.380020
-0.62838
-0.193754
0.810013
-0.847531
0.499803
0.616228
0.348498
-0.372058
-0.840976
0.247197
0.532024
-0.50629
-0.38470
-0.605942
-0.198402
0.33873
0.261913
-0.218498
-0.392006
-0.827901
0.452152
0.368164
0.521058
0.74069
-0.494587
-0.682177
0.626097
-0.526631
-0.881136
-0.328898
0.151241
0.373483
0.623103
0.1433
-0.174363
-0.939622
-0.306167
-0.943518
-0.80713
-0.705613
0.855206
0.634615
-0.636948
-0.178576
-0.326525
0.630328
-0.386597
0.407272
0.112145
-0.541161
0.270743
0.945729
0.821274
-0.920489
-0.423187
0.993639
-0.46596
-0.792402
-0.822206
-0.750685
0.994804
0.659201
0.901177
0.907454
0.991531
-0.332535
0.445751
-0.871889
-0.683864
0.685365
0.451184
-0.418149
0.339964
0.730381
0.214233
-0.859957
-0.378432
-0.106791
0.101983
-0.325635
-0.495564
0.388493
-0.969139
0.724694
-0.569113
0.792759
-0.121768
0.67134
0.970516
-0.656606
-0.311285
-0.910139
-0.552073
0.2030
-0.63879
-0.296627
0.18541
0.17111
0.461855
-0.673388
-0.700921
-0.83969
-0.709759
0.800774
-0.464970
0.381377
-0.6648
-0.982325
0.341150
-0.761834
0.344726
0.997176
-0.259934
0.350947
-0.305149
-0.752757
0.6834
-0.345112
-0.504182
-0.913221
-0.635970
0.778113
-0.135170
0.234044
0.777498
-0.914053
0.54340
0.485491
-0.958222
0.552416
0.893478
0.785794
-0.174605
-0.649611
-0.793144
0.680644
0.406487
-0.588085
-0.251900
0.534330
-0.334359
0.667975
0.875965
-0.735679
-0.538961
-0.130263
0.109621
-0.365457
-0.563315
0.479366
-0.126956
0.301925
0.135120
0.75101
0.744843
0.932770
-0.574166
-0.16959
0.786916
0.317023
-0.73437
-0.274669
0.363343
-0.499989
0.687898
-0.799469
-0.655718
-0.864650
0.540461
0.694210
-0.581886
0.397212
-0.744078
0.638889
0.199513
0.856871
0.919551
0.972361
-0.804371
0.242257
0.968058
-0.823477
-0.692177
-0.447318
-0.660583
0.34296
-0.801213
-0.431226
0.878383
-0.592637
-0.542380
0.350846
0.613753
0.777529
-0.828263
-0.943099
0.610569
-0.452802
-0.487407
0.535385
0.558001
0.906812
0.33893
-0.420857
-0.924506
-0.990172
-0.495706
0.961521
0.696931
0.560289
-0.791541
-0.354219
0.786316
0.704856
0.223494
0.421714
-0.842627
-0.173413
0.182916
0.305149
0.640468
0.607012
0.152693
0.761986
-0.823936
-0.923874
-0.342015
0.533939
0.601467
-0.402055
0.511741
0.122808
0.184999
0.263594
-0.406843
0.24394
0.864065
-0.699837
0.199940
-0.415438
-0.300451
0.155705
-0.133758
0.287150
-0.961143
-0.560186
-0.545678
-0.859958
-0.11919
0.647649
0.208647
0.982425
-0.303449
0.122175
0.176790
-0.559969
0.909630
0.152413
-0.921670
0.294965
0.645121
0.872051
-0.54497
0.437829
-0.371913
0.517882
0.273873
-0.685977
0.215274
-0.113416
0.378471
-0.385658
0.389060
0.364194
0.493987
-0.226248
-0.514311
-0.329907
0.346660
-0.667929
-0.402270
0.331838
0.718823
-0.769818
-0.858672
0.326161
0.72971
0.557949
0.282595
0.805466
0.581302
0.915690
-0.646366
0.697126
-0.562390
-0.744304
0.583570
0.157156
0.126661
-0.752842
0.326560
-0.738829
0.823528
-0.894267
-0.218921
0.399058
-0.247800
0.928541
-0.109402
-0.919896
-0.539778
0.669158
-0.773046
0.942094
0.269641
-0.401394
0.290293
-0.28437
0.953354
-0.252648
-0.138790
-0.521555
0.515511
-0.313460
-0.108468
-0.845762
-0.930261
0.771596
0.341235
0.635720
-0.441331
-0.239781
0.210041
0.878149
-0.223628
0.884727
0.331560
0.298065
0.856379
-0.504689
-0.877586
0.613095
-0.381724
0.543860
-0.647437
0.850187
-0.249398
0.336745
0.390891
-0.655539
0.862045
-0.9642
-0.946548
-0.73381
0.435584
0.800480
0.961225
-0.637371
-0.347322
0.582260
-0.393515
-0.83528
0.555120
0.618704
0.151521
-0.109587
-0.330861
-0.239875
0.943288
-0.113042
0.924030
0.724747
-0.359801
0.744557
-0.576053
-0.218234
-0.275617
-0.128833
-0.754741
0.809453
0.54485
0.436180
-0.554621
-0.211813
0.22016
-0.909485
-0.271081
0.347654
0.29055
0.370709
-0.419030
-0.91029
-0.923410
0.558089
0.105
0.100765
0.319286
-0.472641
-0.245705
0.404520
0.525661
-0.730119
0.464590
0.460328
-0.169986
-0.615107
-0.452685
-0.316367
-0.442351
-0.570599
-0.758350
-0.529751
-0.241014
0.467895
-0.203199
-0.270792
0.702773
0.558307
-0.595037
-0.693713
-0.882377
0.903095
0.47661
0.227509
0.610271
0.448821
0.502177
0.962610
0.497316
-0.746262
-0.819273
-0.945728
-0.50669
-0.238466
-0.555374
0.443434
0.273704
0.772813
-0.565993
-0.327729
0.831135
0.61238
0.271474
0.592855
0.487059
-0.502010
0.388875
0.861083
-0.984477
0.85252
0.64432
-0.493955
-0.391568
0.175853
0.299796
0.650178
0.796485
-0.980596
0.767969
0.385807
-0.428921
-0.594065
-0.851908
-0.257341
-0.587401
-0.892589
0.903984
-0.506322
0.686018
-0.769466
0.702110
0.633097
-0.163764
0.115612
0.187145
-0.703114
-0.389236
-0.433862
0.268679
-0.593882
0.582853
0.24266
-0.389368
-0.298742
-0.729115
-0.577552
-0.4204
0.962526
-0.824343
0.616054
-0.95909
0.143906
-0.132700
0.758994
0.301677
-0.290164
0.355699
0.887720
-0.361370
0.336806
-0.771022
-0.554416
-0.641361
0.975898
0.627784
-0.993545
-0.943826
0.241542
-0.747924
-0.510610
0.869764
-0.450484
0.115205
-0.486884
-0.557370
0.83414
0.770753
0.136322
0.671124
0.877819
0.220525
-0.55305
0.41519
-0.757230
0.330088
0.355397
0.584967
0.941668
0.176789
0.693101
0.284947
-0.95255
0.447049
-0.467815
0.343798
-0.449785
-0.249702
0.761379
0.834641
0.597017
-0.819153
-0.880934
0.791000
0.620646
0.767507
-0.734653
0.122966
-0.108154
-0.61486
0.204540
-0.470659
-0.518664
0.675767
0.44287
-0.831356
0.191490
-0.110071
0.570982
0.895026
-0.901566
-0.21727
-0.231339
0.466128
-0.714708
-0.464519
-0.965603
-0.89925
-0.171892
0.280662
-0.792453
-0.373836
0.278880
-0.56367
0.417683
-0.41491
-0.646631
0.955469
0.724264
-0.766520
0.981916
0.390925
0.682571
0.948139
-0.762895
0.103347
-0.373524
-0.55643
0.993794
0.502267
-0.96107
0.730727
-0.639680
-0.653413
-0.140498
0.835621
0.167325
-0.69934
-0.740100
-0.253416
-0.279580
0.574695
0.350298
-0.821861
0.258700
0.271922
-0.900590
0.613898
0.721550
0.936919
-0.203597
0.984463
0.548142
-0.769875
0.105175
0.791238
-0.896406
-0.70564
-0.512624
-0.623500
0.732905
-0.642484
-0.447129
0.206469
-0.523694
0.547080
0.464984
-0.647270
-0.618644
-0.301369
0.956788
-0.657631
0.491244
-0.616250
-0.620620
0.291545
-0.684229
-0.19724
-0.190412
-0.816390
-0.402286
0.990454
0.411365
0.880397
0.54869
-0.302885
-0.790725
-0.381203
0.688712
0.802190
-0.269908
-0.211914
-0.27765
0.85496
-0.490537
-0.964988
0.781708
0.276446
-0.109519
0.255786
-0.854962
0.692398
0.35541
0.960362
-0.587407
0.582642
-0.372640
-0.327805
-0.58900
0.651286
-0.831539
-0.958612
-0.88070
-0.839024
0.908255
0.394682
-0.686186
0.441609
-0.677035
0.478685
0.680876
-0.154462
-0.888588
-0.970273
-0.928272
-0.13277
0.754186
0.889410
-0.206949
-0.588902
0.855948
0.394773
-0.70665
0.780214
0.754706
0.561199
0.869283
0.489098
0.230632
0.738064
0.597283
0.435067
0.723231
-0.742782
0.85615
0.78088
-0.315268
0.50
-0.825597
-0.682690
-0.588220
-0.532238
-0.992254
-0.248079
-0.997060
0.898142
-0.253836
0.978516
0.206742
0.939952
-0.85686
0.266625
-0.523607
-0.819593
-0.595996
0.962211
-0.262525
-0.158072
-0.32138
0.994018
-0.424998
0.139893
-0.774426
0.172255
-0.872412
-0.789878
0.679304
-0.875405
0.355882
0.584819
-0.229986
0.652448
0.557832
0.779994
0.249376
0.135520
-0.698877
-0.869561
0.942879
-0.454471
0.703080
0.806093
0.333556
0.101648
-0.409201
-0.157670
-0.749850
-0.164402
-0.136990
-0.930357
-0.234761
0.93445
-0.373995
-0.406941
0.37527
-0.648517
-0.654818
0.639343
-0.168814
0.194166
-0.427459
-0.733555
0.678306
-0.34048
-0.842354
-0.750719
-0.546636
0.527106
0.323522
0.753858
0.344517
-0.134360
-0.889690
0.504062
0.514695
0.152872
-0.82768
-0.152168
0.300736
-0.609075
0.666974
0.252911
0.203958
-0.650594
0.746769
0.437586
-0.355883
-0.606974
-0.345650
-0.336782
-0.841969
-0.318852
-0.408785
0.685812
0.689941
-0.885317
-0.171033
0.603230
0.950949
-0.935175
0.690980
0.821709
-0.461060
-0.325141
0.572424
-0.183408
0.184282
0.855482
-0.5985
0.818942
-0.352533
0.85546
-0.391543
-0.931261
0.975304
-0.72915
-0.755550
-0.745851
0.356012
-0.539673
-0.765621
0.859181
0.741694
0.59323
0.772310
-0.476310
-0.615228
-0.681114
0.283336
-0.865616
0.995165
0.957628
-0.349508
0.30
0.290825
0.666661
-0.262784
-0.522701
-0.273211
-0.268511
0.976642
0.203069
0.855734
-0.114994
0.529264
0.430415
0.919142
0.824200
0.91523
0.6875
0.363933
-0.987850
-0.715732
0.147549
0.125281
0.550816
-0.193585
-0.726498
0.187126
0.221094
0.822103
-0.273523
-0.555904
0.42600
0.438306
-0.578832
-0.755716
0.945309
-0.593587
0.976743
-0.541622
0.337143
0.830502
0.817231
-0.905135
-0.766722
0.206186
-0.501188
0.654320
0.442223
-0.625967
-0.411218
0.587738
-0.369484
-0.482090
0.416545
0.422844
-0.791624
-0.333683
-0.787326
0.163533
-0.998760
0.110645
0.680867
-0.76440
0.890296
0.660497
0.600444
-0.690745
0.462265
-0.865212
0.712900
-0.148852
0.57754
-0.629732
0.237705
-0.915480
-0.712042
-0.769118
-0.823795
-0.515999
0.64318
-0.531957
0.941084
0.183747
0.395538
-0.798513
0.853368
-0.645666
0.946252
-0.788907
-0.101369
-0.453126
0.246865
-0.206320
0.100507
0.301103
-0.931519
0.862292
-0.572114
0.308658
0.127702
0.108794
0.570888
0.924897
0.29860
0.250153
-0.934543
0.460992
0.958228
0.284772
-0.905983
-0.739912
0.451639
-0.742810
0.197299
-0.507758
0.674991
0.338776
-0.371014
0.795723
-0.977477
-0.564807
0.265508
-0.126133
-0.209463
-0.798823
-0.29485
-0.985652
-0.689996
-0.504879
-0.296283
-0.728649
-0.145542
-0.733506
-0.331099
0.466486
-0.91458
-0.253302
-0.89796
-0.613406
-0.823045
0.447409
0.983669
0.850008
-0.194229
-0.77312
0.400228
0.494491
0.389740
-0.95031
-0.273580
0.62120
-0.625515
0.238357
0.727562
0.530923
-0.296697
-0.919490
-0.960451
-0.470383
0.640737
-0.677896
-0.870009
-0.619441
0.916738
0.13293
-0.308694
0.555356
0.423540
-0.165874
0.678181
-0.734413
-0.224186
-0.771596
-0.456106
0.855669
-0.822378
-0.170514
0.705954
-0.984841
0.20779
0.329362
-0.589900
0.296388
0.711136
0.680894
-0.708115
-0.880547
0.585563
-0.116939
0.926826
-0.654866
-0.22527
0.474296
0.131687
0.383877
-0.973624
-0.514644
0.114309
0.576964
-0.789646
0.247466
0.189518
-0.946416
0.329212
-0.333103
-0.552316
0.521595
-0.846053
0.336028
0.487733
-0.646559
0.433144
-0.541234
-0.488588
0.921955
-0.408761
0.808700
0.846491
-0.406065
0.334824
0.948094
0.759842
0.494688
-0.498285
-0.99988
0.66974
-0.480080
-0.940454
-0.80276
0.172218
0.256333
0.688006
0.211963
-0.336502
0.226553
-0.389900
-0.591170
0.160689
0.271990
0.949279
-0.161345
0.151229
-0.32723
0.179092
0.553430
0.631584
0.964994
0.874796
-0.886791
0.827689
-0.915328
-0.287993
0.883684
0.141413
0.624009
0.44004
-0.106945
0.459483
0.803268
-0.285373
-0.22590
-0.166461
-0.269251
0.197245
0.285260
0.269387
0.758876
0.256144
0.38767
-0.798234
-0.488250
-0.480834
-0.553823
-0.767568
0.611597
0.713790
0.486250
0.654476
0.954213
0.427896
0.393008
0.956415
0.287368
0.794444
-0.126468
0.505263
-0.951268
-0.242618
0.959118
-0.378535
-0.579480
-0.237608
0.488928
0.337584
0.260158
0.198968
-0.979115
-0.321403
0.400646
-0.108970
0.224878
-0.658185
-0.633034
0.713942
0.427341
-0.679221
0.701154
-0.105256
0.325265
0.149577
0.724672
-0.754943
-0.20280
-0.486623
-0.708546
-0.948040
-0.242531
-0.142276
-0.23380
0.984070
0.465048
0.490247
0.612824
0.872637
0.38343
0.39866
-0.370759
-0.499507
0.387507
0.328317
0.614427
0.545831
-0.431639
-0.248876
0.93381
-0.422094
-0.928942
0.240984
-0.24197
0.996208
0.652188
0.858260
-0.347235
-0.446691
0.376601
0.347149
0.84070
0.364339
0.613791
-0.487082
0.878865
-0.781954
-0.854221
0.865926
0.652911
0.973663
0.414561
-0.360751
-0.222394
0.12891
-0.98802
0.622727
-0.769372
-0.731287
0.632985
0.606688
0.160249
0.352362
0.444284
-0.925593
-0.596775
-0.434999
-0.763883
0.805836
-0.119544
-0.617976
-0.178768
0.950275
0.744122
0.847656
-0.416283
-0.921662
0.875690
-0.140059
0.8665
0.449874
0.997612
0.649480
-0.196975
-0.780476
-0.790397
0.567569
-0.639155
-0.950010
-0.199407
-0.793089
0.284715
0.741279
-0.505128
-0.513084
0.463342
-0.151938
-0.847831
0.738801
-0.289440
-0.877677
-0.434081
-0.565354
-0.479444
-0.489218
0.345736
-0.843598
0.513411
-0.307209
0.982568
0.565037
0.783252
-0.939569
-0.34747
0.708594
-0.230352
0.920376
-0.64223
0.770375
-0.33799
0.255222
-0.58253
0.9987
-0.716403
-0.139259
0.170194
-0.177586
-0.937625
-0.617235
0.344583
0.812911
-0.944805
-0.272073
0.735369
-0.101751
-0.818394
-0.148704
-0.488499
0.481015
0.24944
-0.420225
-0.840923
0.664937
-0.747672
0.267272
-0.640706
0.183542
0.813470
-0.627244
0.14416
-0.834361
0.118673
-0.225809
0.690813
-0.328426
-0.359803
0.910895
-0.862816
-0.11979
0.890709
0.735447
-0.359435
0.633279
-0.407309
-0.754449
-0.22222
0.770888
-0.120932
-0.264420
-0.736226
-0.43854
0.857851
0.329460
-0.563286
-0.363859
-0.620690
-0.501763
-0.50999
0.185735
0.428269
-0.396387
0.561699
-0.624092
0.680325
0.10728
0.997711
0.545285
0.42035
-0.92581
0.732536
0.575670
-0.104802
0.849704
0.212476
0.646815
-0.8328
0.640293
-0.243181
-0.769010
-0.669250
0.856411
0.867024
-0.555228
-0.792794
0.514381
0.653306
0.394909
-0.683837
-0.430262
0.312757
-0.569762
-0.636631
-0.407464
0.990793
-0.319672
-0.505268
-0.876061
0.610483
-0.281352
-0.595450
-0.444960
-0.918489
-0.6865
-0.600835
-0.14991
-0.546909
-0.267382
0.827513
-0.96057
-0.400377
-0.511054
-0.624516
-0.277938
0.818404
0.154629
-0.387728
0.178963
-0.955811
0.941247
-0.172012
-0.19295
0.57343
0.418813
-0.994229
0.219516
-0.446952
0.816604
-0.634038
0.822821
0.686537
0.899001
-0.609744
-0.413186
-0.812849
0.671257
0.827023
0.703782
-0.493583
-0.285576
0.670171
0.915122
0.268366
-0.704944
-0.342622
-0.903903
-0.537920
-0.619777
0.913573
0.745923
-0.903749
0.227636
0.624085
0.131491
0.86719
-0.638184
0.954863
-0.390365
0.801386
0.158338
-0.139427
0.173167
-0.897850
-0.341363
-0.342260
-0.570550
0.20819
-0.493133
-0.762310
-0.795277
-0.558044
0.122271
0.503120
-0.768842
-0.124298
0.964866
-0.22126
-0.973777
-0.963682
0.247751
0.951483
0.584655
0.649193
0.133559
0.735118
-0.776884
0.878649
-0.838774
0.444495
-0.718980
0.567501
-0.865224
-0.854585
0.25955
-0.703198
-0.640562
0.124712
-0.143336
-0.852062
-0.701760
0.238435
0.396695
-0.894151
0.531559
-0.875790
0.423793
0.967090
-0.32918
-0.160722
-0.639943
0.365283
-0.34955
-0.538426
0.780253
-0.487891
0.494021
-0.960658
-0.876115
0.158890
-0.226161
0.690918
0.994323
-0.455323
0.479684
-0.118818
-0.512670
0.432836
-0.490449
0.758621
0.394455
0.752717
-0.5542
-0.811897
-0.600889
-0.805684
0.521819
0.993356
0.187315
-0.576087
-0.97429
-0.819330
0.695359
-0.190429
-0.256132
0.972863
-0.711914
0.55417
-0.955308
0.115466
-0.354454
0.899600
0.450457
-0.908768
0.374340
-0.821123
-0.696113
0.598220
0.408971
-0.609984
0.254051
-0.315692
-0.824780
-0.716126
-0.754775
0.368990
-0.785447
0.501855
-0.194250
0.390029
0.411830
-0.40359
-0.884310
0.48471
0.459933
-0.958386
-0.241304
0.712654
0.677891
0.362525
-0.293077
-0.541896
0.32809
0.830781
-0.970726
0.795650
-0.464668
0.39556
-0.23645
-0.158612
-0.746483
-0.713916
-0.423780
0.86576
0.404407
0.50690
0.213320
-0.292360
-0.669041
0.989540
-0.376657
0.538675
-0.170256
0.223007
0.182611
0.677480
0.14970
-0.949586
0.850671
0.56774
-0.517967
0.468914
-0.216402
-0.493768
-0.917120
0.41562
-0.301203
0.684158
-0.191173
-0.665360
0.805138
0.819231
0.766941
-0.291563
0.837683
0.905394
0.488506
0.119641
0.168287
0.623056
-0.129421
0.411889
-0.277561
-0.418435
-0.519565
-0.875223
-0.459341
-0.693868
0.495975
0.876599
0.882825
-0.722012
0.189006
-0.108945
-0.487766
0.475404
-0.912972
0.80516
-0.499693
0.208324
0.615451
-0.893018
0.294353
-0.333779
0.605021
0.156690
-0.25075
0.375531
0.269411
-0.604078
-0.216477
0.407068
0.483128
0.869039
0.502888
0.34784
0.160910
0.709484
-0.31040
-0.794647
0.286345
-0.156612
0.862743
0.558206
-0.16619
0.922035
-0.758119
0.911603
-0.333040
0.224069
0.374358
0.986972
0.703007
-0.23236
-0.772423
0.402813
-0.801925
-0.886540
-0.607921
-0.829527
0.123383
0.406693
0.80666
-0.639102
-0.615291
0.798691
0.638377
-0.557621
-0.514823
-0.624488
-0.431445
0.378718
0.103079
0.414390
0.742709
-0.368244
0.995480
-0.780299
-0.609586
0.522557
-0.798925
0.247230
-0.139616
0.327744
0.902061
0.974390
-0.495886
0.566876
-0.651072
-0.342669
0.225184
-0.808930
-0.2203
0.329515
0.41334
0.869371
0.206025
0.310267
0.437806
0.32786
-0.106595
-0.706078
0.392989
0.234150
0.770573
-0.470547
0.804085
-0.249126
0.901410
0.450782
0.463418
-0.299356
0.469460
-0.531437
-0.280338
-0.279837
0.604104
-0.505767
0.775222
-0.73859
-0.833089
-0.574257
0.856587
-0.476167
-0.434729
0.217093
-0.279807
0.567591
-0.642425
0.205589
0.695956
-0.826050
0.504046
-0.329857
0.104439
-0.857768
-0.464474
-0.91055
0.288113
0.595410
0.10524
0.620990
0.328954
0.588655
0.836666
-0.410495
0.312375
-0.865386
0.601067
0.128394
-0.598960
0.159387
0.934540
0.900848
-0.334017
-0.461848
0.308762
0.667577
-0.304124
0.641800
0.83180
-0.706116
-0.837897
0.244682
0.766746
-0.660822
-0.875591
0.461844
0.587005
0.65488
0.858951
-0.265564
-0.642880
0.354486
0.738429
-0.604147
-0.597637
-0.249869
0.398118
0.390850
-0.867628
-0.79626
0.388235
0.586054
0.904163
0.412614
-0.695231
-0.479883
0.644023
-0.801468
0.863359
-0.720414
-0.748582
0.412883
0.981187
-0.344268
-0.888111
0.624738
-0.965365
0.284290
0.862334
0.665346
-0.891435
-0.895677
-0.495951
-0.434263
0.619112
-0.336659
-0.157664
-0.30747
0.585981
-0.504018
0.315262
-0.783142
-0.855900
0.182859
-0.764336
-0.792153
0.509787
0.707582
0.417680
-0.397752
0.845578
0.437191
0.516659
0.658446
0.875659
-0.93084
0.323925
-0.504253
-0.460010
0.930764
-0.568022
-0.912822
-0.959804
-0.116251
0.311305
-0.446980
0.281119
0.160125
0.868463
0.933122
0.497388
-0.967747
-0.935136
0.33842
-0.675465
-0.652197
-0.720228
0.837648
0.218127
0.573868
0.500606
-0.202667
-0.905021
0.612208
-0.697716
0.550310
-0.87889
-0.49121
-0.506410
0.450876
-0.563922
0.941714
0.700796
0.480535
0.765965
0.964707
0.75253
0.564649
-0.46519
-0.786462
-0.238541
0.455691
0.371181
0.382160
0.104127
-0.92170
0.452462
0.468553
-0.329598
0.588534
-0.519844
0.394839
-0.236968
0.608075
-0.652698
-0.544074
0.280365
-0.250374
-0.537281
0.561842
0.465571
0.342163
-0.687897
-0.587645
-0.792508
0.662115
-0.762125
0.456506
0.532795
0.798933
-0.491823
0.109437
-0.891829
0.940088
0.992345
0.103224
-0.672295
-0.408655
-0.805159
0.926745
-0.688831
0.942724
-0.645815
0.966403
0.980165
-0.396807
0.657400
-0.276881
0.382407
0.494693
-0.751604
-0.865374
-0.592360
-0.816796
-0.786681
0.511538
0.332402
-0.959173
-0.886198
-0.189531
-0.239969
0.371055
-0.641639
-0.962951
-0.897610
-0.431503
-0.604617
-0.105818
-0.87258
0.594496
0.666156
-0.898508
-0.109354
0.9479
0.815962
0.378267
0.818052
0.469652
0.429963
0.90
-0.922952
-0.9492
0.761175
0.724547
-0.37925
-0.755077
0.974135
-0.218991
-0.27618
0.79041
0.460184
0.415863
-0.239334
-0.770632
0.834472
0.29576
0.235019
0.284994
0.670731
0.877332
-0.361290
-0.445441
-0.802346
0.418914
-0.925606
-0.706249
0.987967
0.696730
0.523980
0.412951
0.754436
-0.632229
-0.514300
0.18354
0.443117
-0.926391
-0.44447
0.172536
-0.585320
0.709462
-0.122109
0.413068
-0.54175
-0.853730
-0.93513
0.452960
0.741913
-0.870109
-0.518765
0.473948
0.300502
0.315346
0.321227
0.708095
-0.595685
-0.933825
0.349620
0.344223
-0.973043
-0.14656
-0.497338
-0.430858
0.585510
-0.528168
-0.222135
-0.98861
-0.435159
-0.867588
-0.418442
-0.179285
-0.25945
0.248273
-0.976355
-0.328417
-0.823153
-0.532307
0.843394
-0.592447
-0.296837
-0.82235
0.155436
-0.557962
-0.111656
0.379686
0.33938
0.60577
0.188434
0.951800
0.934051
-0.630541
-0.139643
0.110400
-0.158718
-0.960997
-0.339816
0.7231
0.740681
0.118552
-0.507096
-0.415139
0.573563
-0.117269
-0.333622
0.443139
-0.865640
0.57582
-0.269233
0.537377
0.387182
0.916210
0.57959
0.254955
0.4987
-0.200033
0.388098
0.569470
0.123592
0.240011
-0.272162
0.757592
0.789535
-0.175789
0.15860
-0.519423
0.727893
-0.162745
0.391778
0.617196
-0.307560
-0.908850
-0.948753
0.657320
-0.681412
0.562263
0.613185
-0.91376
0.167733
-0.494192
0.496684
-0.102989
-0.481952
0.526781
0.199787
-0.786849
-0.961206
-0.203005
-0.690371
-0.498656
-0.790360
0.841710
-0.897127
-0.838970
0.232957
-0.764807
0.379482
-0.470571
-0.649882
0.251518
-0.657682
-0.873368
-0.250418
0.45200
0.453051
-0.345277
0.121128
0.163310
-0.152779
0.599469
-0.368147
-0.631729
0.748424
0.125417
-0.132357
-0.280680
-0.448006
-0.925279
-0.230422
-0.188269
-0.30688
-0.443238
-0.753239
0.686424
0.641532
-0.324458
0.682873
-0.273662
-0.91192
-0.378660
-0.808718
0.529940
0.813388
-0.987852
0.425699
0.243637
-0.226020
-0.124555
-0.842479
0.401629
0.129577
-0.10043
0.198627
-0.276452
-0.199136
0.29720
-0.314452
0.780930
0.14879
0.688004
0.461256
0.929669
-0.167572
-0.666536
0.381557
-0.10414
0.310605
0.839937
0.336867
0.831755
-0.287854
-0.576562
-0.937487
-0.762852
-0.158979
-0.425649
-0.415201
0.307512
-0.925895
-0.625528
0.558565
0.818587
0.689104
-0.411106
0.807618
0.78328
-0.620688
0.246836
-0.45087
0.543246
-0.493248
-0.340654
0.840565
-0.523926
0.138566
0.590265
0.301748
0.599006
0.616433
-0.533177
0.285678
-0.35876
-0.815451
0.980894
-0.325104
0.580958
0.9387
0.759505
-0.86131
0.649118
-0.465589
-0.438181
-0.197292
0.274543
-0.596357
0.754128
-0.968281
-0.304754
0.105421
-0.644271
-0.326141
0.765230
0.179546
-0.218186
-0.840871
-0.490374
0.139391
-0.73799
-0.998448
0.666760
-0.188766
-0.993192
-0.243598
-0.457131
-0.99948
0.295897
0.359336
-0.794322
0.102216
-0.804559
-0.396164
-0.249548
-0.256194
-0.904943
0.704393
-0.365799
0.25297
0.566558
-0.173290
0.617914
-0.641445
0.215680
0.491292
0.56016
-0.538863
-0.52947
-0.188213
-0.503287
-0.142195
0.215401
0.12639
0.772452
-0.972896
0.306831
-0.879053
-0.935777
0.871261
-0.553983
0.194163
0.472413
-0.503279
0.700758
0.344209
-0.652252
-0.128628
0.365697
-0.481558
0.179203
0.509865
0.600640
-0.443484
-0.942120
-0.720578
-0.193651
0.655159
0.680472
-0.707777
0.366282
-0.101628
-0.87447
-0.918892
-0.371524
0.623998
-0.854904
0.553114
-0.39133
-0.541018
-0.827695
-0.510061
-0.209042
0.203763
-0.840010
0.787097
0.512583
-0.257531
0.118982
-0.85878
-0.93225
-0.73937
0.843740
0.952729
-0.140001
-0.896831
-0.271696
0.21747
-0.88464
0.402957
-0.169755
-0.167471
-0.595132
0.798720
-0.634129
-0.237324
-0.594475
0.708187
-0.454665
-0.353794
-0.671016
-0.111420
0.173870
-0.939802
-0.358678
0.223513
0.49167
-0.727123
-0.365042
0.391118
0.410441
0.759229
-0.972408
-0.475837
-0.161036
0.54445
0.112960
-0.774764
0.815384
-0.581869
0.573679
0.218847
-0.712718
0.783497
0.988165
-0.109635
-0.319410
0.436228
0.852632
-0.751596
0.774400
0.362073
0.4610
-0.690543
-0.367756
0.994057
-0.77794
-0.80633
0.191579
0.417328
-0.555098
0.94704
0.395827
0.199031
0.475701
-0.294831
0.273021
0.653813
0.310094
-0.613978
0.133120
-0.651990
-0.853645
-0.550482
0.629458
0.741321
-0.494773
-0.575417
0.399661
0.171763
0.241428
-0.641815
0.639851
0.824784
-0.672689
0.660500
0.563151
0.533076
-0.594169
-0.978372
-0.51369
0.924537
0.72071
0.953095
0.790755
-0.863447
-0.107806
-0.579336
-0.833596
0.213955
-0.359235
-0.312095
-0.736001
0.855534
0.445083
-0.70150
0.69953
-0.558947
0.494642
0.130109
-0.153254
-0.866636
0.15172
0.525069
0.882796
-0.871405
0.162535
0.680770
-0.61377
-0.745059
0.886564
-0.519264
-0.809897
0.614893
0.622959
0.138992
0.254912
-0.553625
-0.967952
0.151556
-0.334071
0.92780
-0.239166
0.911495
0.826208
0.323355
0.471763
0.669289
0.953536
0.618903
-0.545537
-0.352708
0.763523
0.103237
-0.501379
-0.98576
0.310459
-0.848409
-0.481259
0.366521
-0.932810
-0.536591
0.48848
0.718938
0.522767
0.578879
0.612089
-0.385106
0.870624
-0.623440
0.775841
-0.723806
0.946076
-0.152277
-0.848471
-0.767507
0.208675
-0.702207
0.542683
-0.776260
0.275338
0.650107
-0.319431
-0.779392
-0.556260
0.78411
0.157552
0.934753
-0.407137
0.47316
-0.605829
0.553242
0.635275
-0.588380
-0.192946
0.759761
-0.236131
-0.355712
0.961433
0.778322
0.54288
-0.366147
0.691655
0.831821
0.904283
-0.354402
0.210313
-0.840969
0.679446
0.56251
0.826693
0.857029
-0.742232
0.651091
-0.380550
-0.737710
0.318851
-0.679383
-0.437462
0.625651
-0.906694
-0.368210
-0.920402
0.511652
0.187585
0.504944
-0.900267
-0.109808
-0.607420
0.346164
0.223017
-0.455513
0.736788
-0.585078
0.162453
0.32347
-0.707135
0.218859
-0.158794
0.260089
-0.298414
0.877010
0.643360
-0.841180
0.780422
-0.271454
0.820274
-0.578011
0.378217
0.247664
0.406523
0.126170
-0.196922
-0.773900
-0.75540
0.218447
-0.799024
-0.605339
-0.598628
0.725868
0.182919
0.898841
0.756994
0.76608
0.672646
0.192234
-0.604284
0.709180
-0.179785
0.189626
-0.33423
0.661983
-0.503532
0.307535
0.746545
0.513915
-0.63429
-0.449009
0.922313
-0.471987
0.366242
0.706832
-0.498977
-0.804437
0.931798
-0.450439
0.918489
0.314020
0.928800
-0.556886
-0.171310
0.121161
-0.999909
0.571515
0.128492
0.66237
-0.707724
0.14317
0.705435
-0.401816
-0.845521
-0.118806
0.997382
-0.702384
0.570733
0.117880
0.362775
0.493134
-0.358269
0.317611
0.108153
-0.14200
-0.673271
-0.55283
-0.363623
0.48643
0.825708
-0.489507
0.116627
0.265625
0.483866
-0.429403
0.655252
-0.725679
0.503539
0.16634
0.943491
-0.460274
0.92055
-0.511820
-0.972657
0.181175
-0.244264
0.654160
0.895278
-0.48251
-0.819643
-0.225787
-0.432896
-0.521120
-0.27460
-0.580832
0.601293
-0.104066
-0.73015
-0.665379
-0.692702
-0.876742
-0.549941
0.297858
-0.967040
0.340716
-0.372820
-0.294283
-0.550673
-0.774856
0.385862
0.65438
-0.429498
0.196857
0.785391
-0.64538
0.257847
0.931413
-0.988535
0.769359
-0.124437
-0.258611
-0.192931
-0.335678
-0.401001
-0.838091
0.498926
-0.774020
0.73033
-0.430938
-0.382169
-0.369223
-0.469461
-0.447804
-0.562611
-0.929924
-0.843592
-0.700659
-0.257781
-0.296480
0.179576
0.445647
0.554452
-0.606927
-0.739600
-0.34967
-0.82397
0.761786
-0.221178
0.526208
0.459458
0.987190
0.644668
0.372278
0.756891
0.77584
-0.836034
0.131321
-0.775602
0.50676
0.325169
-0.153324
-0.6185
0.959426
-0.157404
-0.43857
0.458118
-0.436265
-0.267953
0.37940
0.993654
0.477663
0.671460
0.252878
0.863585
-0.478617
-0.421902
0.112673
0.63403
0.204507
-0.590437
0.354022
-0.312116
0.667694
-0.631535
-0.604913
0.853863
-0.487581
0.207912
0.488737
-0.593071
0.292956
0.631999
0.475765
0.510433
0.948914
0.444989
-0.665778
-0.125928
-0.337174
0.71811
-0.415357
0.57367
-0.967349
0.676103
-0.885833
0.939793
0.284147
0.617123
-0.783547
-0.956538
0.744778
-0.551750
-0.158633
-0.776734
-0.951494
-0.470599
0.806924
-0.786143
0.342302
-0.230360
-0.731420
-0.439629
-0.258299
0.808184
-0.217012
0.290660
0.198954
0.405052
-0.36440
-0.886098
-0.63035
-0.871139
-0.917368
0.160585
0.635880
-0.4158
0.593803
0.415571
0.533244
-0.926653
-0.21182
0.744752
-0.576075
0.94075
-0.847942
0.633154
-0.369575
0.297289
0.677927
0.62966
-0.881523
-0.197459
-0.543616
0.843781
0.353139
0.859822
0.504099
0.110810
0.270730
-0.209042
0.217763
-0.62353
-0.862842
0.874282
0.333868
0.370929
0.553429
-0.207071
-0.181419
0.206610
0.337639
0.941584
-0.187358
-0.921913
-0.289983
-0.609464
-0.5855
-0.95086
-0.547812
0.442171
0.455673
0.613425
0.897840
-0.622499
0.387700
0.162874
0.928246
-0.83430
-0.673204
-0.90045
0.685354
0.987287
0.371328
0.592611
0.84445
0.833525
-0.364234
0.549220
-0.300150
0.890390
0.33534
-0.445894
0.674075
-0.77385
0.567371
0.826820
-0.899645
-0.976639
-0.929184
0.222817
-0.120384
0.553748
0.19645
-0.295748
-0.791040
-0.523999
0.755756
-0.786355
0.531922
0.293463
-0.580227
-0.384723
0.967094
0.267197
-0.446964
-0.909908
0.546358
-0.601022
-0.82976
0.402151
-0.599261
0.731295
-0.928748
0.301201
0.414095
0.592667
0.231300
0.474195
0.371456
0.611025
0.747759
0.418472
-0.500941
0.892825
-0.432617
-0.490638
-0.770183
0.903248
0.255936
0.192305
0.315465
0.180706
-0.795067
0.261512
0.945349
-0.501296
-0.909822
-0.19930
0.455615
-0.511032
0.240436
0.436462
-0.223605
0.742254
0.576863
-0.182277
-0.752235
0.955446
0.50588
0.230178
-0.122199
0.205398
0.651242
-0.959136
-0.654436
0.511441
0.504544
0.421843
-0.320318
-0.724042
0.615008
-0.305863
0.785654
0.430898
0.510972
-0.864884
0.392550
0.181545
-0.811963
0.183354
0.159906
-0.877624
0.675404
-0.908951
0.979917
-0.409256
-0.55665
-0.962170
0.492781
-0.226618
-0.570497
0.669628
-0.678137
-0.39544
0.24559
0.989204
-0.950399
-0.365268
0.682649
-0.137877
-0.423565
0.257492
0.262253
0.869607
-0.645435
-0.791491
0.704080
0.211683
-0.344997
0.421373
-0.506831
-0.586726
0.793759
-0.115737
-0.742565
0.655326
0.317100
0.194418
-0.165185
-0.367092
0.676602
-0.59256
0.652408
0.795603
-0.38520
-0.399666
0.143907
0.35285
-0.971090
0.930426
-0.920988
0.428842
-0.531275
0.850147
0.203637
-0.539785
0.408527
0.293626
-0.902686
0.91045
-0.822559
0.35613
-0.509807
0.420484
-0.254624
0.743608
0.969366
0.446405
0.312063
0.713455
0.513792
0.912293
0.401338
-0.15959
0.811501
-0.277934
0.146771
-0.633230
0.900797
-0.170179
0.437328
-0.847386
-0.602590
0.423689
0.590344
-0.430355
-0.423088
0.575511
-0.64919
0.644803
0.731178
-0.543185
-0.236285
-0.567231
0.746482
0.808856
0.167550
0.106858
0.466386
-0.201146
0.700395
0.193570
0.6853
0.464262
-0.876904
-0.980898
0.548156
0.518736
0.216851
-0.437876
-0.339730
0.179849
0.419327
-0.793772
0.849958
0.458795
0.659124
-0.190188
-0.454151
0.254103
-0.796221
0.971841
-0.275436
-0.128818
0.92897
-0.488326
-0.329780
-0.972611
-0.471234
-0.151173
0.794006
0.387897
0.811390
-0.119109
0.265240
0.629300
0.640917
0.922190
-0.124423
-0.441345
0.650408
0.682651
0.114198
0.761999
0.937997
0.939328
-0.72197
-0.701487
-0.421663
-0.665480
-0.226512
0.781069
0.928625
-0.816486
-0.270620
0.303072
-0.220207
-0.417568
-0.673689
-0.952542
-0.609092
0.376395
-0.735448
0.81228
0.931182
0.393071
0.74192
0.57827
-0.877399
-0.572218
0.164849
0.585400
-0.893718
-0.268519
-0.698889
0.695447
0.145636
0.505623
-0.666076
0.70900
-0.366264
0.271304
-0.154463
0.959626
0.719796
-0.696235
-0.923488
-0.818759
-0.284604
-0.900966
0.341043
0.807827
0.668255
0.884117
0.933005
-0.447941
-0.451693
-0.256078
-0.564728
0.154371
-0.263901
-0.718227
-0.648594
-0.520948
-0.140616
-0.433044
-0.534680
0.484691
-0.103377
0.569971
0.872882
0.852004
-0.769862
0.447083
0.840138
-0.168171
0.968413
-0.324133
-0.939736
0.66558
0.783348
0.78364
0.773177
-0.553667
0.480920
0.429288
0.174255
0.194729
-0.422078
0.827763
-0.759619
-0.398961
0.882333
0.345040
0.84528
-0.418774
-0.427552
-0.218608
0.92898
-0.109987
-0.928618
-0.443972
-0.853272
0.596046
0.313217
-0.570272
-0.419744
0.317222
0.692327
0.156852
-0.590213
-0.161083
-0.589117
0.251199
-0.184671
-0.772185
0.933166
-0.765218
-0.887562
0.578142
-0.785073
0.273616
0.117647
-0.55952
-0.769453
0.103182
-0.304782
-0.410135
-0.676661
0.92266
0.538873
0.7325
-0.113312
-0.774830
0.650159
0.201654
0.501386
0.189106
-0.582461
-0.461712
-0.457862
-0.744284
-0.861863
-0.172896
-0.332106
-0.948912
0.678670
-0.375722
0.761484
0.309209
0.19877
0.879580
0.18838
-0.173001
0.313745
0.985917
-0.715959
0.566956
-0.400972
-0.665403
0.554072
-0.636761
0.86905
-0.24725
0.195741
-0.776385
-0.361150
-0.253234
-0.241004
-0.497639
-0.60949
-0.359060
0.246461
-0.903788
-0.698574
0.413216
-0.699859
0.485388
-0.611518
-0.667859
-0.876753
-0.22877
-0.132914
0.650596
-0.702348
-0.445019
-0.664496
-0.572910
-0.246448
-0.591095
0.562242
0.714020
0.603346
-0.565218
0.742227
-0.22123
0.193674
0.889587
0.321112
-0.216858
0.721123
-0.819462
0.498660
0.329280
-0.385423
-0.206483
-0.957392
-0.726118
0.636265
-0.291954
0.40766
-0.30176
0.875429
0.593732
0.976299
0.252706
0.505171
-0.115745
0.980893
-0.265293
-0.398105
-0.346685
-0.424984
-0.948939
0.396844
0.472445
0.71322
0.704755
0.455089
0.659646
-0.658134
0.161514
-0.984521
-0.199842
-0.238636
-0.880786
0.969615
0.24943
0.332978
0.488553
0.731128
0.683786
0.12676
0.265555
-0.236085
0.899153
0.837553
-0.90230
-0.854278
0.336544
-0.271559
0.246009
-0.961153
0.668478
0.761187
0.540307
-0.667087
-0.811119
0.645338
0.147529
-0.1875
0.808348
0.140054
-0.210559
0.188650
-0.119951
0.797138
0.734087
0.669617
-0.568775
0.108654
0.439472
0.365879
0.971856
-0.843617
-0.925346
0.198772
0.233977
-0.148624
-0.849510
-0.24343
0.830187
0.851774
-0.96125
0.999544
0.468548
0.290335
0.400291
0.191316
-0.183784
0.7885
0.913130
-0.359176
-0.61835
0.107995
-0.361426
0.913512
-0.986524
-0.788592
-0.319382
-0.263901
0.929039
-0.245006
0.243155
0.734182
0.987608
0.568774
-0.981429
0.564197
-0.468455
0.987315
0.353586
-0.54199
0.698817
0.939111
0.179983
-0.838833
0.306305
0.471057
0.36514
-0.9104
0.463659
0.957564
-0.538532
0.4706
-0.226657
0.869573
0.925552
0.920354
-0.799267
-0.675273
0.95183
-0.604625
-0.114298
0.467301
-0.313625
-0.207639
-0.570635
0.255078
-0.203317
0.148859
-0.284509
0.526571
0.458556
-0.350782
0.822743
-0.753425
-0.572866
0.835767
0.466436
-0.870681
0.779473
0.590051
-0.759877
-0.491979
-0.621265
-0.425873
0.659270
0.632187
-0.399370
0.892001
-0.41729
-0.172744
-0.36181
0.818111
0.311579
0.315384
0.799818
-0.957512
-0.266916
0.555593
0.606682
-0.826659
0.450263
-0.900131
0.474519
0.104451
-0.953911
-0.647195
-0.802058
-0.525415
-0.670452
0.237393
0.778938
-0.546317
-0.677100
0.966739
0.599729
-0.549735
0.768596
-0.415978
-0.758350
0.275716
0.830328
0.735059
-0.904570
-0.262375
0.133977
-0.561644
-0.211025
0.991473
-0.242576
0.688260
-0.267962
-0.925002
0.204213
0.796025
-0.894114
0.707530
0.511005
-0.873181
-0.735767
-0.23302
0.668029
-0.815363
-0.209260
-0.799885
-0.281400
-0.326845
0.726141
-0.618624
-0.109181
0.441974
-0.519095
0.760442
0.108445
0.478379
0.801885
0.230308
0.602980
0.865321
0.368859
-0.780428
0.153352
-0.232325
-0.875473
0.358903
-0.298303
-0.20654
0.466734
-0.880202
0.931072
0.935744
-0.376615
-0.719224
-0.244428
-0.308187
-0.766104
-0.296251
-0.228592
-0.348005
-0.412230
0.637776
-0.540490
0.76987
-0.472231
0.98757
-0.348475
0.168965
0.749610
-0.221037
-0.989086
-0.123679
0.650543
0.707350
-0.981211
-0.532257
0.794968
0.136679
-0.861168
-0.859035
-0.203560
0.769407
-0.24998
0.793477
0.826561
-0.284999
-0.92794
0.603542
-0.861313
0.655177
0.398952
-0.752318
0.873820
0.562082
0.135369
-0.101092
0.895262
-0.407317
0.808871
-0.243925
0.764365
0.967432
-0.970307
-0.116849
0.914570
-0.706848
0.475812
-0.540146
-0.380869
0.117326
0.556051
0.887871
-0.605270
0.404278
0.45039
0.565926
0.693479
0.666563
-0.137036
0.528110
-0.71790
-0.397833
-0.210478
0.929940
-0.72912
-0.140289
-0.298388
0.112981
0.872405
0.834152
0.198166
0.726848
-0.966140
0.588136
-0.693176
-0.671134
-0.383909
-0.345273
-0.39651
0.218438
-0.355183
-0.774231
0.419592
0.589934
-0.920823
-0.725793
-0.856868
0.526986
-0.878756
0.442536
0.264073
0.885955
0.215342
-0.758722
-0.22794
0.916613
-0.852240
0.64253
0.94408
-0.596533
0.594626
-0.166924
-0.324023
0.790855
-0.841737
0.807416
0.379767
0.270144
0.924599
-0.399159
-0.522379
0.358075
-0.522968
-0.679155
-0.592868
0.148959
-0.630718
0.671694
0.526145
0.673872
0.728645
0.990044
0.207363
-0.252578
-0.289055
-0.112060
0.967509
-0.702405
-0.892464
0.624205
0.689952
-0.189179
0.605399
0.308115
-0.839775
-0.532131
0.495980
-0.709537
0.298716
-0.351659
0.130204
-0.915558
-0.450207
-0.620894
0.32228
-0.344355
0.534615
-0.75555
-0.910760
0.820614
-0.365659
-0.868012
0.391273
0.81335
-0.572368
0.794113
0.413066
0.316637
0.360340
0.722296
0.698982
0.147453
-0.632890
-0.406315
0.606680
-0.843242
0.96027
0.866682
0.805155
-0.177289
0.897364
0.596447
0.197427
0.206407
-0.366967
-0.983039
-0.28059
0.815898
-0.353502
-0.237304
0.481847
-0.965225
0.308153
-0.65174
0.296277
0.7184
0.730218
0.536776
-0.33068
-0.518116
-0.704591
-0.498689
0.148001
0.426304
-0.569505
-0.494389
0.260507
0.629226
0.807873
0.198322
0.969568
-0.330497
-0.841842
-0.143784
0.643161
0.307651
-0.679408
0.113107
-0.637280
0.361616
-0.203020
-0.774490
-0.831971
-0.548540
-0.130821
0.260348
-0.985073
-0.800176
-0.974470
0.734530
0.122212
0.998089
0.848522
-0.661734
0.650608
0.208940
0.879356
0.349859
0.419852
0.867525
0.677966
-0.651063
0.235070
0.522659
0.427903
-0.859876
-0.299371
-0.384440
-0.485514
-0.666399
0.69526
0.22454
0.891475
0.692914
-0.787065
-0.378352
0.204664
-0.644423
-0.997006
0.198331
-0.940624
-0.491377
-0.948877
-0.904240
0.921992
0.603217
-0.478683
0.456753
-0.514336
-0.197837
0.226459
0.282786
-0.605605
0.419914
0.126996
-0.543873
0.709156
0.823967
-0.427420
-0.125128
0.331550
-0.373635
0.386720
-0.696744
-0.496407
0.718811
-0.987124
-0.703046
-0.445158
0.228045
0.773909
0.156126
-0.839873
0.173803
-0.224652
0.649410
-0.59981
-0.882789
0.369785
0.347758
0.990467
-0.138115
0.584518
0.86673
-0.480473
-0.118183
0.119341
0.253799
-0.770755
0.259212
0.242886
0.584315
-0.448019
0.265920
-0.562989
0.233053
-0.712952
-0.563752
0.728681
-0.843500
-0.481496
0.496240
-0.752345
-0.76404
0.693994
-0.551213
0.760591
-0.272451
0.118984
0.575471
-0.184754
0.784486
-0.696044
-0.195178
-0.515016
0.666583
0.516713
0.113702
0.429215
-0.824864
-0.42075
-0.92793
-0.27957
0.560334
0.419967
-0.377970
0.944330
-0.502429
-0.510696
-0.97804
0.768989
-0.538577
0.443563
-0.103817
-0.875089
0.512339
-0.337462
0.752536
0.970376
0.545064
0.965027
-0.511417
-0.85492
-0.582436
0.744157
0.654604
-0.444627
0.831553
0.361812
0.277320
0.896756
-0.670419
-0.911143
-0.115990
0.768529
-0.788215
-0.616793
0.159266
-0.829831
0.331177
0.938294
0.603487
0.695315
0.303816
-0.403114
-0.810382
0.403500
0.50441
0.420108
0.712515
-0.860189
0.438545
0.833066
0.695620
-0.855865
0.269590
0.528932
-0.726137
-0.340821
0.797727
-0.643793
0.76510
0.605262
0.361937
0.809734
0.246711
0.607886
-0.146906
0.799420
-0.136554
-0.902029
0.998501
0.311925
-0.687912
-0.270943
0.429385
-0.642805
-0.962030
0.149198
-0.306142
0.431123
-0.628856
0.270815
0.512666
-0.167345
0.274577
0.571716
0.533039
0.514069
0.52739
-0.255648
0.732454
0.504372
-0.662873
0.51156
-0.612503
0.554574
0.553993
0.566177
-0.928328
0.715879
-0.802897
-0.508689
-0.171236
0.589593
-0.840475
0.222451
-0.743694
-0.783766
-0.413098
0.408288
0.349905
0.299664
-0.820955
0.970557
0.599364
-0.984893
0.490383
0.770903
0.32693
-0.918298
0.722089
0.962450
-0.900277
-0.905055
-0.130194
0.855328
-0.792557
0.383998
0.537186
-0.879148
0.73696
0.571516
-0.873976
-0.742051
-0.219267
-0.296189
-0.317451
0.439844
-0.553911
-0.531104
-0.658243
-0.680557
0.57777
-0.64313
-0.451814
0.247866
0.323854
0.605942
0.678154
-0.620851
0.524694
0.871482
-0.724736
-0.92579
-0.172577
-0.479105
0.42820
0.797973
0.740569
-0.728265
0.838451
0.234246
-0.828218
-0.360136
0.704533
-0.436497
0.930732
0.620430
-0.168361
-0.450469
-0.853044
0.688111
-0.89237
-0.29167
-0.381074
0.54894
-0.249916
0.898183
0.645681
0.100858
-0.272010
-0.612147
-0.394391
-0.374564
0.461938
0.420043
0.270959
-0.243551
-0.626943
-0.222707
-0.546503
0.743895
-0.566742
0.390905
0.933101
-0.78991
0.578174
0.440559
-0.440067
-0.51670
-0.156508
-0.249691
-0.612572
0.820368
-0.765961
-0.763886
-0.837028
0.625235
0.182564
0.648899
-0.56959
0.869833
0.451732
0.124051
-0.158219
0.826508
-0.680139
-0.258547
0.569442
-0.48579
-0.638342
-0.680572
0.836599
0.395493
-0.354652
0.683884
0.288634
-0.563098
-0.380462
0.148517
0.895575
-0.886113
-0.567577
0.901129
-0.256279
-0.505127
0.278526
0.886344
-0.524212
-0.683344
-0.842582
-0.323180
-0.437299
-0.904287
0.89780
0.389147
-0.544182
0.110125
-0.936273
0.765130
0.477315
-0.603526
0.972310
0.903671
0.288060
-0.408090
0.954245
0.810914
-0.133901
0.242009
0.284358
-0.241740
0.422770
-0.456651
-0.363120
0.67948
-0.8391
-0.112629
0.194049
0.509927
0.119669
-0.161807
-0.165641
0.498162
0.687923
0.39576
0.404032
-0.317173
0.633182
-0.702198
0.28310
-0.869441
0.990677
0.566459
-0.31076
-0.183188
-0.510756
-0.257363
-0.834070
-0.975940
0.528400
-0.10627
0.813184
0.275587
-0.134329
-0.475372
-0.780636
-0.232044
0.875941
0.472392
-0.874890
0.574114
-0.516929
-0.578396
-0.619706
-0.389344
-0.602556
0.596891
0.244124
-0.378459
0.366616
0.57444
0.231349
-0.434918
0.87992
0.530659
0.79243
0.897584
0.968954
0.979875
0.63020
0.253119
-0.285543
0.597669
-0.238841
-0.424472
0.346311
-0.785414
0.804109
0.201303
0.160347
0.887687
0.353088
0.868467
0.293956
0.427055
-0.733914
0.538905
-0.46537
-0.581829
-0.145406
0.407188
-0.520922
-0.102082
0.445639
-0.733484
-0.551701
0.361929
0.439147
-0.259536
0.111442
0.606431
-0.883118
-0.897519
-0.314614
-0.215034
0.485650
0.468090
-0.363881
0.847956
0.389910
0.931859
0.718964
0.395457
0.73240
0.407566
0.857937
-0.546392
-0.675686
0.670711
0.923259
-0.450321
0.57024
0.964539
-0.4936
-0.746778
-0.910288
0.369162
-0.521482
-0.820068
0.935964
-0.295758
0.757985
0.534958
0.802413
0.456676
0.124119
0.683638
-0.858113
-0.118400
-0.977025
0.290600
0.576521
0.549270
0.424381
-0.209078
-0.113326
-0.670599
0.863338
-0.854038
0.443931
-0.940480
0.734065
-0.781897
-0.788648
-0.971580
-0.798180
0.169338
0.438294
-0.989057
-0.604300
-0.255724
-0.219324
-0.621641
0.164585
-0.264766
-0.786394
-0.209270
0.345716
-0.145342
-0.407817
0.932741
-0.411806
0.97051
0.853393
0.745479
0.316947
0.208023
0.960231
0.135286
-0.821695
0.249685
0.638002
-0.161253
0.966475
-0.667139
0.456221
0.96642
-0.734664
-0.234479
-0.828857
0.78454
0.13866
-0.198428
-0.116141
-0.98914
-0.766470
0.578631
0.323908
-0.937246
0.79184
-0.181028
-0.720618
0.436137
0.504067
-0.76044
0.683279
-0.995080
-0.957328
0.671242
-0.559926
-0.44010
-0.151461
0.279924
-0.395230
0.282104
0.337908
0.526171
-0.289858
0.546513
-0.665629
-0.643201
-0.293407
0.562405
-0.864494
-0.840557
0.36508
-0.783521
-0.23561
-0.179690
0.280617
-0.409557
-0.957631
0.193404
0.930741
-0.557767
0.878826
0.461630
-0.871955
-0.455673
-0.290386
0.677222
-0.213501
0.514864
0.524190
-0.172205
-0.672702
0.939684
-0.66547
-0.394175
0.389357
-0.626362
0.185616
0.956769
0.144731
0.310372
-0.225024
-0.762012
-0.964691
-0.191940
0.487784
-0.326392
-0.494964
-0.823523
0.431869
0.75151
-0.202346
0.605762
0.305857
0.478237
0.7677
0.402057
0.808908
0.703930
0.957299
0.811536
-0.292720
-0.638273
-0.436709
-0.865547
-0.712199
0.689804
-0.674915
-0.818859
0.890801
-0.464064
-0.118410
0.647531
-0.546543
0.217270
0.763684
-0.981629
-0.683087
0.876792
-0.598051
0.988374
0.232093
0.741148
-0.6449
-0.404132
0.889808
-0.312081
-0.250670
0.935536
-0.343778
-0.333760
0.214317
-0.196571
-0.935292
-0.533552
-0.848407
-0.359945
0.749160
-0.503861
0.693805
-0.685564
0.808894
-0.108183
-0.989961
-0.889482
0.229230
0.957555
-0.538631
-0.373655
-0.743842
-0.39970
0.978189
-0.705455
-0.50065
-0.515663
0.150014
-0.843835
0.715224
-0.51177
-0.512090
0.555277
0.196605
0.701219
-0.699663
-0.241864
-0.14785
-0.68459
0.230807
-0.236675
0.15935
-0.541095
-0.953565
0.157562
0.336949
0.406679
0.182103
-0.623063
-0.991141
0.146650
0.431860
0.650661
-0.703053
0.439619
0.525739
0.731085
-0.428633
0.740328
0.173462
0.83692
0.622982
0.392154
-0.968679
-0.216499
0.855851
-0.683328
0.268015
0.734356
-0.602167
-0.421281
-0.882974
-0.702285
-0.457250
0.726509
-0.340503
0.173828
-0.333276
-0.801276
-0.97552
-0.294480
-0.380924
0.273819
-0.344503
-0.136360
0.214855
0.590928
0.742712
-0.442140
-0.252178
0.863380
0.11555
-0.588872
0.119543
-0.679492
-0.924275
0.719556
-0.984485
-0.470490
-0.517903
0.792010
0.197197
0.863292
-0.225208
-0.656224
-0.506787
-0.586421
0.73165
0.895878
0.81793
0.958860
-0.582047
-0.827619
0.188144
-0.411873
-0.421312
-0.955158
-0.619526
0.74771
-0.156588
-0.838474
-0.283304
-0.214421
0.116540
0.98233
0.202022
0.204401
-0.251862
0.866954
-0.846481
-0.662406
-0.999062
-0.919007
0.468719
-0.496028
-0.757478
0.288682
0.275749
0.946307
-0.129756
0.590622
0.617986
-0.148552
-0.859747
-0.826207
0.294333
-0.6726
-0.138882
0.944688
0.435864
-0.232909
0.775218
0.266828
-0.57399
-0.959608
-0.774028
0.551638
0.894309
0.778215
-0.232048
-0.976637
0.125740
-0.852480
0.941801
0.872224
-0.754237
0.87360
-0.659428
0.613127
-0.600028
-0.420335
-0.155670
-0.766071
0.704867
-0.320388
-0.181413
-0.12352
0.313093
-0.571776
0.694706
0.148912
-0.581837
-0.11103
-0.139518
0.474446
-0.713319
0.113603
0.899459
-0.951673
-0.456664
0.573946
-0.601791
0.461584
-0.483835
0.202483
0.510065
-0.143837
0.620372
0.849520
0.811875
-0.15789
-0.735100
0.426888
-0.41770
0.755237
0.683327
-0.652864
0.948186
0.232707
0.180513
0.643267
0.819290
-0.815184
0.974748
-0.715905
0.505023
0.344522
-0.377438
0.391034
-0.182676
0.433994
-0.24511
0.183826
-0.750363
-0.437423
-0.884428
0.654158
-0.384146
0.659733
-0.650400
0.178222
0.623684
-0.428251
0.810507
-0.453034
-0.998261
0.408243
-0.522943
-0.28174
-0.524955
-0.720535
0.578991
0.629454
-0.844037
-0.354736
-0.181177
-0.682564
0.572055
-0.355039
-0.446453
-0.408450
-0.727806
0.500191
-0.925115
-0.40408
0.543019
0.375806
0.135638
0.601500
-0.810800
-0.506816
-0.5547
0.829543
0.300196
0.476517
0.509008
0.224067
-0.218013
0.520268
0.801681
-0.625903
0.321620
-0.466711
-0.523322
0.469637
0.540800
0.842453
-0.682186
-0.640302
0.889283
-0.761735
0.518139
0.667810
-0.742765
-0.911985
-0.265107
-0.405499
-0.55950
0.560338
0.973126
-0.429747
-0.522781
0.92978
-0.493253
0.703701
-0.366452
-0.297180
0.967590
0.653448
-0.669421
-0.771154
0.136026
0.37608
-0.565216
-0.803953
0.144273
0.84973
-0.54957
0.388373
0.911232
0.930746
0.73862
-0.678628
-0.225622
-0.784513
-0.446566
-0.862276
-0.248673
0.807273
0.530534
-0.384935
-0.877631
-0.374566
-0.647861
-0.480798
-0.371366
-0.353130
-0.672175
0.3033
-0.912890
-0.309193
-0.859566
-0.974754
0.587705
-0.954832
0.909606
-0.825750
-0.809676
-0.236177
-0.479608
-0.532983
0.161223
-0.296202
0.466927
-0.763900
-0.119486
0.771978
0.760914
0.119995
0.45112
-0.499562
-0.930947
-0.258307
-0.41981
0.230865
0.727811
0.888915
0.199017
0.755137
0.517058
-0.78465
-0.108483
-0.648301
-0.113528
-0.250721
0.359476
-0.629710
0.624653
-0.547398
-0.382501
-0.220928
0.574815
0.32051
0.811313
-0.439776
0.306226
0.997620
0.401390
0.800460
0.930569
0.706263
-0.350521
0.96820
0.740343
0.158161
0.455186
-0.265861
0.488932
0.803834
-0.85100
0.177673
-0.310909
0.322389
-0.337566
-0.259921
-0.206734
0.74533
-0.818510
-0.532430
0.848277
0.198049
-0.586032
0.366169
-0.761822
-0.407915
0.446319
-0.754602
0.277234
0.985879
0.716192
0.399288
-0.728337
0.480182
-0.161528
-0.105700
-0.735908
-0.862324
0.767660
0.913258
0.914850
-0.892757
0.939465
-0.151101
0.724350
0.347852
0.899132
0.879821
0.737314
-0.690668
0.405320
-0.457703
-0.616470
-0.979522
0.64874
0.429964
0.246657
0.857245
0.486433
-0.435526
-0.178030
0.684030
0.563222
0.737336
-0.440207
0.748435
-0.740725
-0.19460
-0.42519
0.774029
0.408114
-0.603469
0.559419
0.873598
0.985412
0.289341
0.125206
0.273308
-0.537223
0.21669
0.955001
-0.372013
-0.492596
0.85625
-0.390456
-0.158860
0.96351
0.969694
0.739395
0.734328
-0.668768
-0.920953
0.997040
0.998755
-0.721258
0.60749
0.306881
0.404689
-0.340589
-0.367296
-0.382672
-0.45968
-0.321189
-0.167498
-0.375307
-0.334447
-0.925495
0.354402
-0.482366
-0.5855
-0.889934
-0.912587
-0.15720
-0.28997
-0.840294
-0.603706
-0.471506
-0.734693
-0.698042
0.885984
0.804018
0.150129
-0.508536
0.201106
0.374041
0.227230
-0.789918
-0.493495
-0.489797
0.678299
0.951489
-0.585761
-0.480737
0.732043
-0.738998
-0.284832
-0.871162
0.305235
-0.972198
0.886952
0.229654
0.642919
0.803055
0.341563
0.175258
0.655647
-0.334573
0.66095
0.78215
-0.510441
0.932517
0.876582
-0.262939
-0.699730
-0.237214
0.97729
-0.249921
-0.2794
-0.393414
-0.862181
0.396924
0.211771
-0.791941
-0.63159
-0.592356
0.720073
0.885226
-0.844905
-0.327529
-0.383303
0.164021
0.547965
0.254384
0.983271
-0.927820
0.732822
-0.395984
0.88946
-0.738812
-0.90785
-0.725706
0.372394
0.440219
0.275450
0.794638
-0.848844
0.172489
0.405306
0.496624
-0.591023
-0.750381
-0.781894
-0.784790
0.366995
0.22946
0.854771
-0.301343
-0.392289
0.960816
-0.58367
-0.842844
0.746817
0.336725
0.958558
-0.57052
0.774146
0.389778
0.470151
0.943233
-0.214523
0.327630
-0.747536
-0.329163
-0.919592
-0.807565
-0.78137
0.401523
-0.182095
-0.493430
-0.87949
0.722939
-0.874268
0.934488
0.319991
0.214269
0.876605
0.120161
0.203578
-0.280319
0.255656
-0.617482
-0.770999
-0.675100
0.789957
0.610100
-0.235366
0.256354
0.478462
-0.970406
0.101268
-0.849319
-0.759279
0.634719
-0.451509
-0.118732
-0.519275
-0.73662
-0.787923
-0.759721
0.949998
0.455786
-0.735565
0.327702
-0.935688
-0.528832
-0.515488
0.47534
-0.380336
0.270329
-0.113643
0.571714
0.641627
-0.955897
0.943196
-0.523782
-0.118144
0.111262
0.724413
0.100441
0.253425
-0.729762
0.556481
-0.560032
0.975901
0.801367
0.735774
0.238815
0.567515
0.839655
0.426683
-0.920257
-0.375710
0.431241
-0.503187
0.792929
0.710011
0.41877
-0.332691
0.236015
0.948623
0.914488
-0.959520
0.578151
-0.864369
-0.554098
0.297596
-0.868584
-0.22226
-0.289782
-0.380563
0.798378
-0.638106
-0.389771
-0.958518
-0.279389
0.695873
-0.107891
0.379885
0.698781
0.620202
-0.51659
-0.243587
-0.591105
-0.252772
-0.823931
-0.996302
0.756613
-0.978918
-0.605205
-0.288523
-0.393633
-0.111175
-0.156142
0.703920
0.735315
0.624154
-0.241920
0.256273
-0.649907
-0.746616
-0.658732
-0.96148
-0.377326
-0.78083
0.561558
-0.899829
0.383707
-0.973069
0.502066
-0.427476
0.517463
0.573412
0.919372
-0.625113
0.855083
-0.559469
-0.631000
0.961865
-0.279740
-0.23562
-0.439259
0.312843
-0.934396
0.395519
0.479253
-0.706548
-0.874625
0.272451
-0.625997
0.395980
0.785646
0.511248
-0.643772
0.457676
0.29414
-0.281163
0.404630
-0.807991
-0.912622
0.808193
-0.542857
0.904943
0.827405
-0.244184
0.591311
-0.450835
-0.144670
0.826307
0.951548
0.228307
0.281574
0.482339
-0.136181
0.57935
-0.10192
0.473383
0.929925
-0.3236
0.72073
0.243436
-0.436640
0.73046
0.172706
0.369753
-0.699690
0.137921
0.656587
0.183821
0.426943
-0.874275
-0.656940
-0.22889
-0.242337
-0.376899
0.789897
-0.494147
-0.347311
0.807849
-0.466548
0.676976
0.324719
-0.663854
-0.951511
-0.806778
0.122135
0.331942
-0.545064
0.398644
0.380957
0.618163
-0.428583
0.913745
0.195857
-0.812263
-0.448252
0.861347
0.820490
0.786981
0.889229
-0.666807
-0.791165
0.823144
-0.869934
-0.639982
0.513684
-0.454450
-0.886808
-0.234513
-0.638845
-0.777774
0.52368
0.892773
0.680675
-0.677563
-0.273514
0.613972
-0.375825
-0.917260
-0.175257
0.13002
0.331740
-0.663912
0.868352
-0.817566
-0.461553
0.110648
0.750814
0.935836
0.199528
0.34097
-0.990475
0.570426
0.117890
-0.612059
-0.561281
0.14792
0.125218
0.144274
0.93481
0.17121
-0.589884
0.101660
0.163894
-0.321243
-0.167249
0.869170
0.36114
-0.524024
0.443635
-0.963503
-0.793848
-0.446994
-0.173351
-0.428990
0.69460
0.854570
-0.606584
0.32747
0.26432
0.166605
0.225683
-0.867757
-0.508076
0.932153
0.76920
-0.989332
-0.390303
-0.306187
-0.543947
-0.863190
0.697640
0.821809
-0.706696
-0.107407
-0.724899
0.443161
-0.826140
0.245084
-0.735403
0.318631
-0.589246
-0.199443
0.776995
0.92260
0.757160
0.967054
0.189564
0.791729
0.159772
-0.145740
0.205853
0.384310
-0.416171
-0.398913
-0.839337
0.996601
-0.541860
0.440837
-0.218027
-0.672502
0.4901
-0.979045
-0.461124
-0.123429
-0.702615
-0.538271
-0.858070
0.456813
0.584681
-0.942167
-0.89622
0.885305
-0.651164
-0.983042
0.891945
0.393436
-0.327805
0.124015
-0.175959
0.926177
-0.516613
0.303394
-0.419734
-0.681628
-0.648637
-0.461137
0.595267
0.402447
0.188938
-0.148327
0.557386
-0.494081
0.946948
-0.190472
0.381892
-0.34186
-0.613801
0.305892
-0.646844
0.70655
0.127667
0.550094
0.394588
0.485717
-0.854382
-0.180761
0.724864
0.329663
0.325642
-0.827425
0.153136
0.122391
-0.231896
0.316826
0.932155
0.690575
0.435626
0.299108
0.225914
-0.930092
-0.451574
-0.524769
-0.818399
0.364604
0.890920
-0.367927
-0.569992
0.327346
0.951305
0.713334
0.64358
-0.459634
-0.160930
0.846551
-0.59920
-0.983492
0.920201
0.687933
0.879046
-0.915346
-0.760918
0.330374
0.289944
0.165504
-0.334597
-0.641062
-0.799099
-0.931644
0.375791
-0.379577
0.103894
0.947205
-0.904035
0.795400
0.720380
-0.69399
0.994019
0.844914
-0.90198
0.557917
-0.405608
0.856455
-0.816027
-0.681088
-0.598998
-0.143881
0.456438
-0.243340
0.758930
0.143554
0.749486
-0.993313
-0.645431
-0.576525
-0.364997
0.676777
-0.366125
0.8016
-0.837684
-0.406675
-0.782473
-0.655928
0.157996
0.599385
-0.970713
0.912588
0.988597
0.12761
-0.776833
-0.886010
0.756433
-0.945140
-0.96020
-0.337416
-0.158613
0.403092
-0.294648
0.179999
-0.990992
-0.402274
-0.555028
-0.714609
-0.253469
0.694006
0.316657
-0.688485
0.142804
-0.712002
-0.103135
0.205233
0.309861
-0.719187
0.700049
-0.89858
0.711275
-0.685451
-0.839700
0.326281
-0.127431
0.639823
0.633008
-0.549883
0.478287
-0.47341
0.827655
-0.875874
-0.893604
0.774731
-0.43304
0.317399
0.389426
0.53587
-0.402911
-0.354999
0.432860
0.7135
-0.839484
-0.358033
0.818904
0.448249
0.174301
0.816780
-0.951889
0.694262
0.5157
0.266125
-0.530865
0.656414
-0.215933
-0.980471
0.522588
-0.714662
0.544624
-0.228899
0.994422
-0.559144
-0.1272
-0.269332
0.140
-0.464707
-0.491609
-0.948936
-0.566897
0.472602
0.133116
-0.947976
-0.473383
0.566833
0.768038
0.414240
0.472881
-0.480240
-0.382013
-0.460018
-0.745872
-0.420154
0.171911
0.292659
0.490793
0.554343
0.251039
0.828669
0.714013
0.775134
0.707587
-0.277217
-0.195463
-0.170973
-0.23382
0.992333
-0.72069
-0.39439
0.297930
0.15493
-0.130064
-0.961688
-0.104859
-0.138229
0.702212
-0.817276
-0.135443
-0.106619
-0.884655
0.941087
-0.424935
0.709996
-0.862260
-0.773689
0.114238
0.981617
0.875370
-0.141757
-0.766366
-0.799102
-0.226054
0.394729
-0.743576
0.725108
0.811644
-0.52620
0.115967
-0.249937
-0.544756
-0.654769
0.329161
-0.903296
0.612395
-0.184761
0.874095
-0.363692
0.149297
0.494351
0.292474
0.37456
-0.918358
-0.857051
-0.401749
0.12553
-0.163318
-0.121851
-0.336413
-0.213363
0.102904
-0.843923
0.414691
-0.109854
-0.515093
-0.973214
-0.856369
0.428039
-0.649803
0.809053
0.941134
-0.998058
0.521634
0.113284
-0.661409
-0.839560
-0.241123
-0.774018
-0.440155
0.252506
-0.4429
0.762816
-0.269095
-0.151878
-0.508649
0.486803
0.815242
0.70588
-0.121124
0.227628
-0.26871
0.95903
0.299728
0.956512
0.786497
-0.695131
-0.951091
0.684429
-0.681507
-0.655436
-0.313591
0.672644
0.143454
0.982062
0.959808
0.596167
-0.825934
0.771025
0.594696
-0.381897
0.452908
-0.204825
-0.51329
0.140537
-0.725562
0.955697
-0.454565
0.684338
-0.404278
0.895301
-0.425146
-0.867118
0.699892
0.893095
-0.882033
0.192134
0.868374
-0.738940
-0.802566
-0.685243
0.708155
0.599985
0.301987
0.277092
-0.983428
-0.103056
0.180214
-0.176007
-0.608319
-0.691047
0.376800
0.341646
-0.796493
-0.197581
-0.992768
0.643539
-0.40117
-0.896347
-0.44199
-0.597426
-0.378537
0.468906
0.187009
0.955210
0.746720
-0.318385
0.562142
0.401398
-0.773321
-0.474046
0.998156
-0.499716
0.393813
0.413082
-0.85855
0.14696
0.227342
0.539496
0.644868
-0.726032
-0.173667
-0.547813
-0.220800
0.610797
0.64543
-0.792915
-0.235133
0.617324
-0.205048
-0.616015
0.557266
0.271648
0.630666
0.231665
0.822202
-0.183475
0.34819
-0.764382
0.196851
-0.282445
0.976375
0.324093
0.884345
-0.389510
-0.488176
-0.896648
-0.668942
-0.379108
-0.495792
-0.575143
-0.601174
0.346567
-0.6258
0.440669
-0.2481
-0.980856
-0.831179
0.223068
-0.762719
0.837621
-0.650809
0.845395
0.418918
0.135711
0.351628
0.265409
0.502176
-0.621500
0.239279
-0.227896
0.301635
0.736969
-0.546405
-0.881043
-0.605320
-0.592725
0.452935
0.608584
-0.178975
-0.819268
-0.971502
-0.516109
-0.213007
0.498465
-0.232482
0.210398
0.967817
-0.699637
0.940109
0.339700
0.299345
-0.834263
0.886897
-0.656838
0.703495
-0.145531
0.77136
0.665029
-0.831954
-0.775133
-0.922560
0.114906
-0.449251
0.404600
0.395224
0.967494
0.193077
-0.479554
-0.277308
0.694902
-0.161554
0.688506
0.18426
-0.561538
0.549733
0.431168
0.838556
-0.362671
-0.876970
0.193520
-0.544276
0.515820
0.479123
0.850032
0.164470
0.769939
0.901720
-0.597419
-0.844684
-0.286878
-0.11982
-0.383063
-0.780473
-0.138345
-0.545710
-0.962342
-0.525583
0.343691
-0.989888
0.793842
0.255010
0.513087
0.538579
-0.76876
0.785816
0.294033
-0.598152
-0.164688
-0.939183
-0.68774
-0.667603
-0.91231
-0.541983
0.230597
0.144998
-0.718934
-0.104573
0.73090
0.375231
-0.542767
-0.30072
0.475198
-0.30250
-0.39555
-0.459273
-0.487031
-0.655797
0.352767
0.529537
-0.246004
-0.124156
-0.107248
0.229663
-0.904585
0.846657
-0.282294
0.316858
0.537659
0.913732
0.349245
-0.685543
-0.532585
0.930891
0.55473
0.985070
-0.167668
-0.782767
-0.887012
0.971608
-0.133676
-0.788006
0.211347
-0.689816
-0.484676
0.842572
0.9257
-0.186550
0.902160
0.943547
0.610574
-0.775462
0.70548
0.85863
0.603363
0.781861
-0.392089
-0.669362
-0.707436
-0.901499
0.479078
0.58739
-0.304891
0.546530
0.395435
-0.681036
0.451399
0.333307
-0.47431
0.512211
0.509346
0.904185
-0.896644
-0.53928
0.449078
-0.312546
-0.215850
-0.932844
0.132926
-0.244144
0.2156
0.567074
-0.930734
0.491854
-0.835905
-0.145311
0.330841
-0.279391
-0.623045
-0.831567
-0.288746
-0.516632
-0.31750
-0.541690
-0.477907
-0.209390
0.260071
0.933618
-0.193198
0.685323
0.462241
-0.890707
-0.396483
0.536921
0.19769
0.124356
-0.545305
0.845815
-0.639521
-0.258083
-0.722396
0.113844
-0.760290
-0.689624
-0.505639
-0.498944
0.238286
0.793668
0.592453
0.203354
0.731781
0.953441
-0.1402
-0.886845
-0.219466
-0.791057
0.128754
0.440681
0.468716
-0.842532
-0.537957
-0.974941
0.763831
0.443716
0.648254
0.484858
-0.491132
-0.689825
-0.753908
0.166163
0.237950
0.431588
-0.378473
-0.772100
0.518926
-0.854250
-0.988813
0.349478
-0.630504
-0.108929
0.956617
0.691497
0.548439
0.972989
-0.474344
0.308425
-0.612724
0.111703
-0.128634
-0.871091
0.531140
0.737148
0.70884
-0.272599
0.912526
0.12850
0.8020
-0.833245
0.602021
-0.891511
-0.461738
-0.821364
0.456302
-0.98364
-0.849574
-0.748850
-0.211149
0.933373
-0.605329
0.16126
-0.620204
-0.903351
-0.766028
-0.701037
-0.575535
0.477119
-0.308837
-0.660792
0.780606
-0.866429
0.244963
0.43599
0.133981
0.770850
0.699296
-0.257166
0.848656
-0.464078
-0.929818
-0.15438
0.790367
-0.575330
-0.307392
0.897049
-0.511630
-0.234530
0.895109
0.729058
0.771454
0.284753
0.319588
0.306604
-0.735141
0.299281
0.452149
-0.203016
-0.323628
-0.374425
0.14469
0.235370
0.34952
0.315398
0.780735
-0.475504
-0.577069
-0.539292
-0.334881
-0.64902
0.616578
-0.767686
-0.711607
0.343948
-0.749050
0.182608
0.989848
-0.322323
0.404232
0.471214
-0.198530
0.253508
0.739679
0.188608
0.638697
0.660936
-0.650399
0.873059
-0.915677
-0.913594
-0.451733
0.460951
0.30534
-0.982733
-0.937348
-0.136085
0.433369
0.944181
0.698746
0.280314
-0.419004
0.625424
-0.402576
-0.464114
0.231843
0.499333
-0.506615
-0.641509
-0.776263
0.488267
0.594542
0.882193
0.530298
-0.750016
-0.991867
0.599192
0.520636
-0.512979
0.755804
-0.757819
-0.387506
0.703927
0.250141
-0.947623
0.486030
0.256367
0.92947
0.657540
-0.997638
-0.884993
-0.470591
-0.949433
-0.225154
-0.430792
-0.472210
0.1309
-0.478468
-0.302894
-0.567024
-0.271365
-0.202759
0.166331
-0.698996
0.951655
-0.747780
-0.235195
0.320835
-0.725950
-0.679746
0.43300
-0.861706
-0.44377
-0.266198
0.101487
0.114140
0.402629
0.416936
0.645310
0.425536
-0.845270
-0.433614
-0.908039
-0.781447
0.816791
0.307085
0.129501
0.937404
0.58022
0.553853
-0.553177
0.48714
-0.17597
0.557471
-0.130639
-0.776224
-0.672676
-0.572727
-0.480640
0.247410
0.331719
-0.190226
0.755990
0.151451
0.847585
-0.489874
0.406002
0.872921
-0.553294
0.602858
0.446104
0.176195
0.105274
0.732201
-0.619449
0.916050
-0.50458
-0.928741
0.750259
-0.653165
-0.818202
0.998607
0.230683
0.164156
-0.850977
0.984263
0.662449
-0.932214
0.425732
-0.869990
0.160378
0.512702
-0.925020
-0.49989
0.554340
-0.789477
0.395249
-0.113099
0.692317
-0.926261
-0.560621
-0.356727
0.103686
0.507146
-0.986061
-0.607304
0.195880
-0.389980
0.77802
-0.312533
0.175827
0.37389
-0.406446
0.197008
-0.460447
0.191113
0.66498
0.276843
-0.869487
0.215956
0.193830
0.34692
0.459619
0.543316
0.380994
0.718619
0.474211
-0.127898
-0.422848
-0.528477
-0.480881
0.937068
0.783783
0.750268
0.30605
-0.541523
-0.305837
-0.646851
-0.517240
-0.851933
-0.562368
0.971409
0.326561
-0.466292
0.456918
-0.181761
-0.230712
-0.517883
-0.849092
0.216822
-0.750728
-0.620486
-0.850912
-0.854725
-0.973856
-0.782740
-0.793562
0.605507
0.886160
-0.902237
-0.582921
-0.797230
-0.719179
0.860832
0.583265
-0.964321
-0.352351
-0.423262
-0.884848
-0.604121
0.17349
0.911280
0.690066
-0.931035
-0.104939
0.919305
0.433622
-0.534197
0.31649
0.237424
-0.505388
-0.981611
0.335609
0.610059
-0.715564
0.595514
0.150097
-0.543825
0.56286
0.416390
-0.340836
-0.881789
-0.568583
-0.443611
0.360072
-0.247851
0.915485
0.272255
-0.150688
-0.471553
0.129199
-0.115518
-0.90214
0.119460
0.650555
0.340430
0.387898
0.282201
0.670910
0.73066
0.439552
-0.929146
-0.66733
0.122484
0.116421
-0.600026
0.693809
-0.524917
-0.891240
0.963228
-0.212932
-0.49539
0.42231
0.73664
0.606609
0.776828
0.467648
-0.917551
0.456432
-0.268155
0.666777
0.818474
-0.100078
0.177313
-0.20473
0.49467
-0.476905
-0.350588
-0.979803
0.264981
0.87335
0.632574
-0.296840
-0.122069
0.622865
-0.842478
0.291109
0.166580
0.37047
-0.415211
0.517139
-0.323631
-0.596388
-0.545884
0.614824
-0.162605
0.401731
-0.289846
0.861657
-0.484548
0.834843
-0.290516
-0.504330
-0.549845
-0.833693
-0.631602
-0.946086
0.893933
0.145805
-0.118666
-0.283388
0.495492
-0.592803
0.416395
0.229958
0.971686
0.227969
0.223458
0.235650
-0.306380
-0.771063
0.969232
0.893216
-0.775976
0.819336
0.316002
0.208618
0.304195
0.113185
0.288585
-0.621533
0.957000
0.38825
-0.130857
-0.986466
-0.376522
0.891573
-0.991031
0.725273
-0.340163
0.210706
-0.163685
0.500364
0.737097
0.221175
0.505748
-0.802305
-0.724915
0.643207
0.631957
-0.809362
0.419908
-0.386938
0.2077
0.210651
0.173172
-0.547461
-0.357033
-0.353794
0.694078
-0.152516
-0.934029
0.662575
0.312303
0.31069
0.968160
0.469091
-0.57719
0.315360
-0.484593
0.434740
-0.980072
0.543679
-0.62731
-0.463939
-0.988794
-0.956636
0.603980
0.98120
0.957697
-0.376895
0.485973
-0.830278
0.734720
0.636192
-0.704353
0.909784
-0.85837
-0.54234
-0.383641
-0.421730
-0.167332
-0.811611
0.30281
0.687595
-0.71625
0.430188
0.943181
-0.133994
0.438809
-0.413567
-0.873822
0.860292
0.809519
-0.624580
0.465404
0.598299
-0.457380
0.404049
0.352347
-0.475640
0.188839
0.497923
0.198999
-0.326274
0.434808
0.330028
0.95897
0.784642
-0.137551
-0.131280
-0.488237
0.235693
-0.172194
0.949631
0.764091
0.981218
0.363804
0.601303
-0.143762
-0.749668
0.183771
-0.403553
-0.786369
-0.701436
0.630122
-0.43228
0.594999
0.96682
-0.951368
0.324439
-0.987937
-0.184742
0.817502
-0.947248
-0.229975
-0.56187
-0.292965
0.693414
0.164288
0.519607
0.743918
-0.945474
0.358109
-0.138816
-0.88470
-0.24936
-0.801617
0.944500
0.512077
0.613088
0.621369
-0.672151
-0.645368
-0.510021
-0.276768
0.636771
-0.108816
-0.392308
-0.140754
-0.292754
0.27084
0.821983
0.43721
-0.480524
0.207287
0.330555
-0.279241
-0.259344
0.368271
-0.283322
0.831698
-0.698430
0.535042
0.923791
-0.654567
-0.905020
0.50587
-0.543056
0.42542
0.199163
0.633545
-0.78487
-0.48776
0.386452
-0.139900
0.94791
-0.106219
0.428464
0.916664
-0.833410
0.601504
0.769234
0.498138
0.295457
0.368574
0.790510
0.540691
-0.463962
-0.755884
0.522867
-0.36540
-0.383735
0.927232
0.816725
-0.197159
-0.931479
-0.904917
-0.999812
-0.45707
-0.976440
0.306241
0.449106
0.668652
-0.469104
-0.279835
0.836673
-0.125982
-0.975487
-0.548961
0.929815
0.958699
-0.577488
-0.78360
0.815728
0.388921
-0.87406
0.75470
0.574799
0.965932
0.685011
-0.68579
-0.78495
0.258445
0.280480
-0.395250
-0.586231
-0.587943
0.250269
-0.257372
-0.823075
-0.858165
0.374160
-0.963345
0.194110
0.509215
0.207749
0.433510
-0.288708
-0.889282
0.532066
0.295836
-0.154833
0.314720
0.582787
0.987452
0.251090
-0.349048
0.295606
-0.574210
-0.790727
-0.917894
-0.177572
0.833777
0.76063
0.68173
-0.523944
0.759130
0.280493
0.600233
0.162295
-0.818198
-0.466007
-0.554988
-0.512344
-0.284034
0.728976
-0.850604
0.69684
0.405533
-0.923794
-0.270229
0.870420
-0.159220
0.619562
-0.46897
-0.379843
-0.711595
0.548694
0.123816
0.912134
0.396813
0.642482
-0.580363
-0.448152
-0.374265
-0.492307
-0.852388
-0.190206
-0.29992
-0.287414
-0.107978
-0.458337
0.29460
0.602509
-0.100773
0.110182
-0.672106
0.777708
0.464830
0.271070
-0.114158
-0.516294
-0.642457
0.978156
0.32620
0.265691
-0.965532
-0.476525
0.247411
0.697324
0.110030
-0.362123
-0.560170
0.550957
0.882044
0.896799
0.618110
0.479101
-0.635945
-0.449369
-0.755532
0.841869
-0.471793
0.265112
-0.913780
-0.100093
0.769942
-0.322298
0.118400
-0.387816
-0.727988
-0.29350
-0.214061
0.123017
-0.482061
-0.551276
-0.320152
-0.991361
-0.227891
0.543854
0.735261
-0.198186
0.622516
-0.351667
-0.910093
-0.774064
0.540451
-0.500531
0.828219
-0.637222
0.712287
-0.580578
0.97996
0.857089
-0.861117
0.500264
-0.44891
0.617934
-0.735287
0.924676
0.741789
0.799813
0.534860
0.69456
-0.440245
0.673359
0.411529
-0.217676
-0.858581
-0.351766
-0.508412
0.316076
0.66832
0.737064
0.936316
0.963852
-0.909537
-0.476697
-0.580362
-0.807476
-0.285535
-0.205844
-0.767477
0.239295
-0.530989
0.862108
0.475795
-0.109057
-0.144899
0.861099
-0.56918
0.275672
-0.104970
0.927205
0.847578
0.738644
0.731869
-0.346531
-0.400712
-0.158109
0.209591
-0.3806
-0.231107
0.744365
-0.991689
-0.489926
-0.463121
-0.47767
0.550672
0.286127
0.709653
0.47716
-0.485611
-0.973574
0.12777
0.334376
-0.668253
0.424106
0.967399
0.308071
0.806641
-0.556752
0.79947
-0.386909
-0.579491
-0.28870
-0.214160
-0.279723
0.987186
-0.618799
-0.901333
-0.738684
-0.324062
0.501651
0.363966
0.283254
-0.607719
-0.473073
-0.960877
0.834638
-0.565723
0.862216
-0.972798
0.512358
-0.911589
-0.992652
0.117037
-0.898861
-0.410478
0.248913
-0.726586
-0.461404
-0.888525
0.538323
0.827164
0.906122
-0.752821
0.689122
0.426630
0.201956
0.365342
-0.667494
0.442296
-0.439831
-0.999571
-0.143572
-0.253615
-0.576814
0.572158
-0.24246
-0.4451
0.824914
0.731410
-0.999245
0.231870
0.528965
0.428514
-0.112296
0.795519
-0.756289
0.273575
0.37600
0.537542
-0.702034
0.245904
0.58079
-0.689352
0.40333
0.913383
-0.95155
0.273483
0.775169
-0.853284
-0.605512
0.955944
0.960245
0.294367
-0.789413
-0.644964
-0.974313
0.734079
0.173928
0.431739
0.360546
0.770191
0.6727
-0.112526
-0.262024
0.185714
-0.130965
0.262042
0.403882
-0.605408
-0.388318
0.201095
0.173944
0.427728
0.874958
-0.78486
0.204589
-0.207557
-0.408705
0.509565
0.285893
-0.570970
-0.353289
0.24421
0.389421
0.466819
0.912905
-0.689426
0.635792
-0.467426
0.976622
0.746254
0.394591
0.425232
-0.790247
-0.990377
0.146428
-0.525703
-0.910711
0.773241
0.212657
0.110575
0.940678
0.245116
0.433509
0.603573
0.258455
0.624047
-0.336344
0.489046
0.500429
-0.235436
-0.73475
0.662928
-0.343968
0.317023
-0.225286
0.714892
0.743953
-0.258787
0.188903
0.103945
0.244893
-0.133109
-0.809977
-0.740532
-0.134283
0.473616
-0.769813
-0.708298
0.605418
0.186759
0.485624
0.513020
-0.378012
0.923391
-0.666873
-0.530626
-0.304386
-0.42059
0.318594
0.941121
-0.791264
-0.660637
-0.67634
-0.191211
0.426960
0.20108
-0.312326
0.658514
0.337641
-0.773606
-0.641947
0.465336
0.671
-0.577048
-0.806338
-0.288496
0.449259
0.675032
-0.350772
0.222650
0.276918
0.690317
-0.808592
0.312287
-0.963442
-0.699803
0.939182
-0.68074
-0.672534
0.775472
0.679643
0.592827
0.529453
0.162149
-0.650455
0.174309
0.660262
-0.549322
-0.246163
-0.647791
-0.980207
0.847698
0.29085
0.375596
0.593598
0.213196
0.247740
0.918496
-0.73883
-0.690122
-0.981797
0.168064
0.761762
-0.143618
-0.95348
-0.250234
-0.655356
0.511297
0.46408
0.902413
-0.70665
-0.429600
-0.921632
-0.128302
-0.945094
-0.752559
0.715560
0.601654
0.154362
0.517952
0.53034
-0.357969
0.415175
-0.909183
0.272512
-0.617942
0.959909
0.694287
0.911990
0.909762
0.157366
0.300327
-0.99296
0.382953
-0.679958
-0.19720
0.218147
0.474086
0.763309
0.94906
0.743922
0.411703
0.276742
0.101726
0.928581
0.562169
-0.190161
-0.991578
-0.797182
0.59468
0.308140
0.242837
-0.489582
-0.675962
0.649250
-0.805065
0.516420
-0.613356
0.839111
0.498246
0.242922
-0.886344
-0.955616
0.755245
0.285157
-0.778995
-0.926605
-0.152288
0.771461
0.185431
0.115470
-0.846587
0.239969
0.941404
0.691378
0.363125
0.532770
0.916440
-0.676447
-0.790241
-0.2750
-0.587605
-0.107421
-0.378248
0.600848
0.848649
-0.103232
-0.864561
0.671533
-0.938633
0.278320
0.329916
0.100283
-0.848533
0.918042
0.254686
-0.724363
0.399205
0.131241
-0.743371
-0.373836
0.964759
0.287257
0.852973
0.151638
-0.838054
0.126069
0.790105
-0.414327
-0.519435
0.277413
0.802219
-0.165469
0.349913
0.495229
-0.28799
-0.201656
0.895190
-0.339231
0.480408
0.56122
0.469884
0.2785
-0.441249
0.898628
-0.782186
0.283862
-0.210522
0.302181
-0.262394
0.686423
-0.215532
0.317457
0.409698
-0.858885
-0.180262
-0.724921
-0.129904
-0.426487
-0.661170
-0.80893
-0.533862
-0.27762
-0.330440
-0.853876
0.160058
-0.400380
0.944731
-0.486312
0.890878
-0.760888
0.776558
-0.753990
0.729867
-0.510319
-0.21945
0.834394
-0.472320
-0.332896
0.224805
0.395595
0.243423
-0.760454
-0.546517
-0.575288
-0.624668
-0.541239
-0.854689
-0.340392
-0.992058
0.975594
0.958276
-0.86163
-0.188497
0.749709
0.638535
-0.314518
-0.973983
0.586466
0.870794
-0.990599
0.530635
0.413041
0.859771
-0.486233
0.636849
-0.382186
-0.271815
-0.542074
-0.920113
0.906319
-0.469791
-0.956959
-0.844865
-0.996979
0.737884
0.211123
0.552121
-0.686547
0.410302
0.780074
0.634607
0.158629
-0.146962
0.399440
-0.508838
0.142075
-0.75653
-0.938756
-0.675164
-0.636178
-0.956017
0.714271
0.504170
-0.436383
0.573599
-0.961624
-0.895070
0.147334
0.337309
-0.625459
-0.401589
0.341129
0.382921
-0.397761
-0.731972
0.987486
0.913945
-0.228832
-0.618929
-0.848939
-0.914377
-0.917087
-0.963522
0.851479
0.643899
-0.179683
-0.760824
0.522731
-0.317050
0.718184
-0.987136
0.769717
0.923780
0.351900
0.696469
0.251590
-0.560459
-0.420293
0.265803
0.857517
0.781414
0.955191
-0.74365
-0.685984
-0.431119
0.473143
-0.142543
0.352040
-0.274113
0.641737
0.453836
-0.581428
-0.94708
0.54629
0.822549
-0.786566
0.465698
-0.146202
0.252384
-0.931480
-0.269059
0.134463
0.163835
-0.510629
-0.223148
-0.408531
0.562045
0.207632
0.540737
0.533617
-0.690759
0.967250
-0.578293
0.696521
-0.978342
0.546885
0.548976
-0.175355
0.684205
-0.667112
-0.354703
-0.617042
0.614658
0.89855
-0.603287
0.35034
-0.976360
-0.450503
0.632088
-0.901682
0.807730
0.374184
-0.646269
0.102222
-0.268228
-0.270531
0.394033
-0.572385
0.228599
0.680439
-0.318416
-0.642284
-0.750461
0.365781
0.272517
-0.25684
-0.748736
0.469658
-0.498463
0.758183
0.373919
-0.422328
0.948992
-0.292997
0.689657
-0.42182
-0.721614
-0.335554
-0.809958
-0.887329
-0.485151
-0.679075
-0.345585
-0.661596
-0.753318
-0.643444
0.964846
0.927895
0.93189
0.124133
-0.227032
-0.823624
-0.367134
-0.453426
0.860513
-0.775920
-0.286472
-0.612256
-0.636432
-0.992457
0.209984
0.549693
0.218026
-0.121372
-0.214832
-0.610414
-0.928173
-0.423215
-0.593216
0.988752
0.250100
0.832099
0.736019
-0.684981
0.750912
-0.794906
-0.829692
0.684783
-0.854891
-0.875287
0.84366
0.544292
-0.436092
-0.824199
-0.876852
0.515742
0.610327
0.179876
-0.824901
-0.751501
-0.58647
-0.85766
0.923711
0.452411
0.93058
-0.364678
0.329751
0.706315
0.392829
0.795152
0.376169
-0.429337
-0.175088
-0.849194
0.506774
-0.608506
0.663456
0.970114
-0.981175
-0.365770
0.750223
0.251657
0.155771
0.845818
0.4839
0.367338
-0.984568
-0.883857
-0.438593
0.708701
-0.850099
-0.510790
-0.527833
0.617075
-0.903429
-0.583241
0.745998
0.766330
0.309222
0.483075
0.802174
0.727774
-0.163441
0.979103
-0.344682
-0.547403
0.521365
-0.224689
0.55449
-0.590910
0.857314
0.161586
0.41753
-0.21434
-0.572769
-0.697741
0.871275
-0.678038
-0.37146
0.636751
0.377651
-0.609314
-0.275051
-0.497270
0.224824
0.838434
-0.778683
0.685451
-0.444289
-0.687763
0.727747
0.908353
0.811019
0.633738
-0.276238
0.779050
0.487348
0.101961
0.255072
0.125604
-0.687411
0.78387
0.996763
-0.802882
0.987076
-0.490814
-0.876150
-0.830197
0.501912
-0.84391
0.767129
0.464743
0.251805
-0.565934
0.682287
0.19479
-0.688281
-0.352144
-0.378057
-0.642449
0.645671
0.112660
0.48784
-0.758047
-0.439496
-0.361550
-0.705879
-0.493808
-0.425701
0.13618
0.267632
-0.994038
-0.130964
0.673663
0.533912
0.390506
-0.965728
-0.734109
0.962375
-0.597912
0.850946
0.124849
-0.818459
-0.547213
0.711103
0.384852
-0.593929
0.967354
-0.274128
-0.266618
0.473481
-0.503976
0.192994
-0.486426
0.762945
-0.73593
0.76505
0.687068
-0.849804
0.171829
-0.311465
0.55995
-0.968276
-0.662992
-0.180718
0.566797
0.619439
0.609762
0.825210
-0.484155
-0.696879
0.718398
-0.305247
-0.184702
0.156100
0.232310
-0.429565
-0.889312
0.344359
-0.672951
-0.514620
-0.179278
-0.826874
0.462845
0.401580
0.756592
0.537453
0.871845
0.913161
-0.514103
0.929430
0.569530
-0.551072
0.305894
0.43852
-0.936861
0.734945
0.692531
0.937883
-0.246608
0.618730
0.437924
-0.994542
0.515236
0.399020
0.493316
0.292105
-0.720150
-0.38042
0.287665
0.521241
-0.640366
-0.857018
-0.367062
0.4626
0.134365
-0.616870
0.812244
-0.431114
0.551820
0.389523
-0.674937
0.140688
-0.73862
0.937484
-0.293328
-0.586054
-0.263968
0.299295
0.754325
0.761053
0.959982
0.10036
-0.22041
0.132410
0.787637
0.651702
0.236267
0.374014
-0.3824
-0.188009
0.802927
0.747198
-0.249839
-0.730631
-0.383120
0.925559
0.385960
-0.148033
0.893099
-0.498215
-0.835081
-0.659663
-0.975012
-0.897830
-0.861527
-0.792341
-0.376254
0.764054
0.618737
-0.146609
-0.986370
0.377664
0.40469
-0.296684
0.838844
0.647008
-0.977520
0.261626
0.856700
-0.964073
-0.245295
0.415386
0.812305
0.763994
-0.190478
-0.465604
0.531829
-0.581882
-0.885317
-0.538570
0.706169
0.914440
0.524954
-0.185278
0.851875
0.616234
0.422117
0.751424
0.727412
0.698170
0.975078
0.127442
-0.7043
-0.595557
0.620595
-0.649226
-0.352410
-0.559511
0.256085
-0.259018
0.894141
0.237834
-0.939576
-0.67033
0.537381
0.617583
-0.445330
-0.19367
-0.487055
-0.377437
0.265404
-0.467119
-0.623034
0.11530
0.287772
0.19783
-0.178505
-0.530875
0.246876
0.817774
-0.395816
-0.813069
-0.696736
-0.326223
0.480064
0.324145
0.763029
-0.395986
0.850599
-0.781535
0.710769
-0.869340
-0.575288
-0.40059
-0.30829
-0.639126
-0.809544
-0.300496
0.317335
-0.722775
0.846732
0.59220
0.354537
-0.28529
-0.895427
-0.376212
-0.127734
0.528174
-0.162121
0.557892
0.942420
-0.652299
-0.165566
-0.290948
0.95867
0.796653
0.576995
-0.585065
0.343785
0.653022
0.940010
0.878113
-0.791139
-0.803471
0.490873
0.178914
-0.74734
0.217961
0.300361
0.239553
0.555336
-0.371532
0.408433
-0.580217
0.570191
-0.24134
0.778825
-0.610649
-0.824887
0.39577
0.291836
0.265406
0.566058
-0.606870
0.24981
0.295352
-0.398983
0.229001
-0.623481
-0.592338
0.558809
0.736577
-0.551424
-0.423952
0.277699
0.692071
-0.714725
-0.936106
0.957197
-0.179907
-0.422105
-0.78847
-0.658495
-0.661208
-0.117067
-0.508352
-0.902722
-0.529864
-0.108507
-0.863161
-0.933697
-0.955743
0.29062
0.445558
0.467530
-0.1141
-0.617076
-0.743427
0.387838
-0.73899
-0.174533
0.697134
-0.343532
-0.80458
0.180814
0.838247
0.15205
0.795639
-0.234895
-0.63231
-0.383015
0.624765
0.660713
0.275663
0.289180
0.586161
0.448166
-0.573674
-0.26646
0.760090
0.597752
-0.354676
-0.425031
-0.689929
-0.391513
0.395057
0.850236
0.290971
0.904367
-0.592205
-0.948901
-0.173614
-0.461662
0.705117
-0.917772
-0.212120
-0.579897
-0.677538
-0.233464
-0.181208
-0.153331
-0.432209
-0.112439
0.30870
-0.322519
-0.726707
0.317794
0.668487
-0.680313
-0.300468
-0.838813
0.662666
0.112089
-0.939991
-0.224024
0.3235
-0.730168
-0.897276
-0.191330
-0.375767
-0.67573
0.785270
-0.35499
-0.197527
0.860066
-0.346601
0.526936
-0.150294
-0.349473
-0.17283
-0.244189
-0.950853
-0.972316
-0.333317
-0.292627
0.193847
0.327910
-0.778272
-0.981931
0.595573
-0.990147
-0.57229
-0.951443
-0.188813
-0.330512
-0.907117
0.742967
0.65411
-0.738804
-0.911633
0.624165
0.424337
-0.633654
0.831837
-0.211113
0.973935
0.885937
-0.267400
0.271391
-0.687352
0.178662
0.176605
0.968793
-0.669617
-0.157096
0.255381
0.719435
0.249689
0.431384
-0.485027
-0.541640
0.392814
0.6478
-0.297662
0.632780
-0.396125
0.95837
0.765776
0.847450
-0.288579
-0.49347
0.818512
0.256383
0.638225
-0.182431
0.362969
0.582215
0.668001
-0.932350
-0.415619
0.467031
0.409277
0.417178
0.143850
0.126798
0.818230
-0.9094
0.461281
0.221295
-0.502301
-0.222758
0.644150
-0.137406
0.942723
-0.794167
0.151239
0.686438
-0.856770
-0.251922
0.400948
0.982106
-0.587571
0.372273
0.805734
-0.664710
-0.513647
0.173306
-0.241498
0.986300
0.896821
-0.58915
0.74370
-0.124929
0.881673
0.964465
0.304629
0.534503
0.454124
-0.457404
-0.16697
-0.84246
-0.558638
-0.204493
-0.600969
-0.500709
0.487613
-0.578555
-0.337681
0.525829
0.113040
0.534679
-0.953218
0.309869
0.975959
-0.699904
-0.438443
0.555704
0.558056
-0.797218
-0.983695
0.689520
0.890256
-0.582348
-0.971559
-0.963644
0.114824
0.18621
0.567507
0.991736
-0.644820
0.85179
0.992143
-0.80346
0.433785
-0.741929
0.208196
0.437844
0.215876
0.842743
-0.128370
-0.304739
0.821063
0.827588
0.168204
-0.481093
-0.543669
0.412640
0.239859
-0.635068
-0.403255
-0.123828
0.841150
-0.742608
-0.98218
0.277165
0.424443
-0.502487
-0.421618
-0.666781
0.182104
-0.435550
-0.746850
0.810641
-0.373881
-0.176706
-0.855410
-0.904940
0.894911
0.269938
0.265604
0.252422
-0.645361
0.451905
0.117688
-0.689505
0.299264
-0.58269
0.5950
0.549176
0.347324
0.156968
-0.59120
0.899295
0.258513
-0.496217
-0.232690
0.214164
0.536252
-0.977734
0.784756
-0.986437
0.824998
-0.646487
-0.946322
0.210781
-0.437897
0.496381
-0.978714
-0.105
-0.597615
0.761344
-0.761314
-0.741060
-0.157929
0.984212
-0.902385
-0.59410
0.48060
-0.74684
0.417912
-0.804381
0.685919
0.901882
0.729143
-0.901860
-0.914663
-0.673415
-0.671416
-0.6248
-0.165973
0.288383
-0.477462
0.312094
0.570042
0.36257
0.704948
-0.360115
-0.657752
-0.571852
-0.680337
0.746358
0.169620
-0.787330
-0.866953
-0.670381
-0.300391
-0.617637
0.822909
0.819727
0.349214
0.897257
0.212974
0.445029
-0.35722
0.290327
-0.523297
-0.827412
-0.972811
0.50305
-0.924672
-0.389044
0.712155
0.519268
-0.969117
-0.960720
0.711332
-0.888845
-0.631702
-0.827738
0.383459
-0.899835
-0.671102
-0.116025
-0.858341
0.516383
0.403368
-0.524429
-0.461164
-0.683292
0.899046
0.781316
-0.501989
0.51037
0.36739
-0.317467
0.29544
-0.843306
-0.460902
0.377265
-0.642013
0.134962
0.348131
0.677257
-0.219441
0.755929
-0.520913
-0.245218
-0.240111
-0.189298
0.207735
-0.729753
-0.756773
-0.454278
-0.48743
0.569623
-0.241543
-0.252490
0.880329
0.915322
0.323001
0.218258
-0.724848
-0.899522
-0.792435
0.758162
0.628290
-0.237450
-0.577326
-0.635443
0.39624
-0.833178
-0.909652
0.903546
0.48120
-0.406103
0.6471
0.731389
-0.120541
0.212631
-0.268787
0.913147
0.975060
-0.314845
-0.358678
-0.694808
0.155355
-0.712173
-0.646358
-0.887692
0.950939
-0.581953
0.434509
0.205082
0.493309
0.984379
-0.904858
-0.175526
-0.564476
0.948656
-0.957012
-0.354160
-0.720506
-0.726430
-0.714757
0.94048
-0.424270
0.139459
0.538399
0.446533
-0.762254
-0.310156
0.844792
-0.63382
0.8759
0.365127
0.204559
-0.110843
-0.334677
0.808283
-0.967748
0.231484
0.127388
0.799853
-0.715485
-0.213847
0.710003
-0.177556
-0.42390
0.996768
-0.285681
-0.533273
0.113886
-0.931659
0.997741
0.497999
-0.674977
0.390211
-0.616778
0.984504
0.952803
0.326355
-0.755058
0.733954
-0.777553
0.364950
-0.608969
-0.69828
-0.575043
-0.687771
-0.257781
0.570978
0.431605
0.251475
-0.151254
0.896999
-0.467034
-0.799568
0.276321
0.19541
-0.780596
0.633462
-0.315419
0.628772
-0.704777
0.495952
0.18666
0.928020
0.544472
-0.531360
-0.448178
0.832488
0.200770
-0.653656
0.198282
0.530966
-0.90394
-0.884795
-0.867718
0.845332
-0.346464
0.567757
0.924567
-0.848106
0.191624
-0.197470
0.840530
0.587718
0.694719
-0.518391
0.947277
0.388232
0.730138
0.476188
-0.819300
0.719408
-0.179157
-0.563598
-0.299295
-0.605468
0.307523
0.163426
0.865601
-0.705705
0.508872
-0.486027
-0.789807
0.10172
-0.179991
0.150506
0.840585
-0.681407
0.673433
-0.156171
0.173063
-0.496352
-0.80930
-0.661344
0.927276
-0.539556
-0.107498
-0.408649
-0.932547
0.449955
0.937885
0.628182
0.986728
0.798214
0.587299
-0.665594
0.232377
-0.790005
-0.338077
-0.292542
-0.818398
0.217853
-0.890386
0.339554
-0.561675
-0.968176
0.906323
0.278032
0.455003
-0.102269
-0.63335
-0.351721
0.962513
-0.641723
0.593075
-0.598648
-0.799069
0.370075
-0.959356
-0.61445
0.15491
0.536945
-0.658683
-0.847569
-0.923927
0.705045
0.750405
-0.315679
-0.198493
0.46214
-0.408020
0.719395
-0.977716
0.929249
0.315451
0.974457
0.536667
0.285460
0.359083
0.858092
0.115572
-0.302976
0.619905
-0.611601
-0.92410
-0.609967
0.302677
0.740224
0.451536
0.733819
0.660167
-0.646986
-0.252382
-0.424888
-0.98181
0.927179
-0.846118
-0.112435
-0.881515
-0.800774
-0.898203
0.507059
0.289160
0.481275
-0.916756
-0.540388
-0.956074
-0.806461
-0.152526
0.852625
-0.547034
-0.497164
0.559015
0.891880
0.366340
0.930807
0.136099
-0.465425
-0.685150
0.682308
-0.710850
-0.211534
0.442775
-0.908084
0.798401
0.362360
-0.89569
-0.771292
0.18181
0.89115
0.388530
0.649065
-0.974141
0.949889
0.610246
-0.293903
-0.371245
-0.504372
0.72489
-0.925674
0.689517
-0.732678
-0.696616
0.944023
-0.716198
-0.99318
-0.569412
-0.629358
-0.895578
-0.235550
-0.727796
0.343273
0.67594
-0.945766
0.260102
0.527327
0.192180
-0.761410
-0.796680
0.119945
0.254923
0.133959
-0.351
-0.916946
0.375268
-0.918107
-0.198301
0.234809
-0.625378
-0.922331
0.84721
-0.867805
0.226016
-0.682049
-0.367353
-0.568278
-0.537609
-0.995668
0.498258
0.950243
-0.65110
0.9294
0.162434
-0.562011
0.457384
0.189646
-0.450353
0.335358
-0.719370
-0.731769
0.852105
-0.741704
-0.34989
0.960379
-0.649987
0.439478
-0.328028
0.11213
0.725580
0.278276
0.573918
0.241421
0.558077
0.216992
-0.626890
0.880523
-0.281513
-0.417766
0.359599
-0.882453
-0.837824
0.757388
0.287056
0.656315
-0.374529
0.711953
-0.435217
-0.489071
0.562858
-0.787094
0.687529
-0.217800
0.806196
-0.318248
-0.46415
0.724438
0.555337
-0.566444
-0.283131
-0.887733
0.190055
-0.122459
0.585765
0.134919
-0.350298
-0.887427
-0.622334
-0.523221
0.773497
0.143381
0.74874
-0.220504
0.865997
0.988956
0.42412
0.839492
-0.992728
0.374091
-0.606186
0.276172
-0.463727
0.510663
0.785179
-0.63647
-0.908057
0.894942
0.107552
-0.129495
0.935099
0.155382
0.511494
-0.726330
0.989531
0.631772
-0.125784
0.68554
0.587896
-0.224629
-0.162158
-0.931753
-0.528009
-0.85851
0.974845
-0.641816
0.850151
-0.887455
-0.308425
-0.414923
-0.230559
-0.410026
-0.470992
0.494910
-0.606853
-0.431964
0.40520
-0.871931
-0.223116
0.720443
0.689481
-0.107906
0.675810
0.933981
-0.641851
-0.314896
0.911952
0.261457
0.752558
-0.441833
0.992259
-0.644775
-0.270219
-0.117661
-0.990840
-0.691297
0.716716
-0.252658
-0.827270
0.409465
0.568249
0.857884
0.481987
0.895850
-0.392061
0.110309
0.244184
0.933452
0.304494
0.524091
-0.921922
0.8360
-0.47296
0.63868
-0.996715
0.860040
0.714047
-0.77869
0.353617
-0.430580
0.827754
-0.646352
-0.812325
-0.102694
-0.663622
-0.928505
0.874878
-0.740534
0.230589
0.796741
0.277735
0.308620
0.407409
-0.704169
-0.360209
0.539409
0.191990
0.776254
-0.798270
-0.153838
0.22086
0.47436
0.535561
0.335491
0.108724
0.26158
0.821717
-0.410946
-0.237620
-0.22856
-0.282568
-0.302144
0.780731
0.511577
0.473700
-0.557245
-0.264110
0.425455
0.425355
-0.598526
-0.925882
-0.953243
-0.475815
-0.493077
-0.995656
-0.827616
-0.110903
0.785486
-0.240864
-0.470636
-0.478830
0.243054
0.665267
0.575316
0.462159
-0.141054
0.314880
-0.651992
-0.458486
0.20483
0.210059
0.765070
0.10564
-0.212597
-0.363971
-0.482344
0.743820
0.618446
-0.426612
0.499710
0.400309
-0.825869
0.251414
0.538589
0.655635
0.196747
-0.439875
-0.703009
0.28726
-0.701868
0.631544
0.268203
-0.425964
0.300804
-0.113116
-0.290404
-0.473983
0.744967
-0.110488
-0.951651
-0.875332
-0.664522
-0.626568
0.281999
-0.315841
0.80697
-0.684433
0.355454
-0.268254
0.512029
0.5829
-0.411147
0.951412
-0.721562
0.988726
-0.377079
-0.337964
0.695618
0.441836
-0.652531
0.994189
-0.737768
0.598481
0.338075
-0.298537
-0.280809
-0.685243
-0.300530
-0.397127
0.247611
0.211658
0.766264
0.182644
0.63211
0.472203
0.414862
-0.965323
0.177719
-0.278557
-0.463243
0.398604
0.881460
-0.468712
0.753206
0.720435
-0.768045
-0.625507
0.514420
0.28895
0.465336
0.809726
-0.516547
-0.549181
-0.855205
0.242766
0.921184
0.95204
-0.241569
-0.17338
-0.946108
0.511944
-0.186220
0.797518
0.978307
-0.794624
0.360215
0.840193
-0.895751
-0.603734
-0.249816
0.585756
0.487870
0.6348
0.761228
-0.240566
-0.277813
0.970545
-0.922665
0.197377
0.110828
0.377319
-0.629055
0.380511
-0.639591
-0.792114
-0.347097
0.93112
-0.91534
0.597110
0.155852
-0.592803
-0.622890
0.446754
-0.847764
0.479232
-0.668837
0.978693
0.590416
0.339051
-0.859801
-0.635768
0.25388
0.74569
0.861045
0.486037
-0.542059
0.483266
0.674894
0.743208
0.574152
0.513955
0.78992
-0.57233
-0.368204
0.415768
-0.43802
-0.983959
0.296769
-0.702464
0.762911
0.174712
0.300047
0.502623
0.104351
0.530303
-0.984624
0.954196
-0.569611
0.765729
-0.440418
-0.198525
0.749386
-0.69762
-0.757365
-0.203969
-0.993432
0.341599
-0.69364
0.784772
-0.606407
-0.368570
0.392039
-0.687352
0.366899
0.415818
-0.150930
0.807889
-0.796829
0.462823
-0.166230
0.590823
0.561826
-0.969494
0.809350
-0.321257
-0.102046
-0.39492
-0.45297
-0.972088
-0.212629
-0.252218
0.2250
-0.296580
0.937759
0.385978
-0.426197
0.780004
-0.941928
0.651918
0.536468
-0.199739
-0.179355
0.165304
0.482428
0.669553
-0.41651
0.574970
0.498232
0.392037
0.147306
-0.56333
-0.787520
-0.110583
0.618539
0.513431
-0.735676
0.826226
0.952403
0.172388
0.645275
0.646241
-0.312769
0.763532
0.125466
-0.763345
0.449936
-0.395332
-0.688719
-0.483257
0.784768
0.494969
0.226212
-0.468180
-0.829079
0.646150
-0.31565
0.193985
-0.546307
-0.155336
-0.629438
0.493602
0.254711
0.833182
0.911201
0.283392
-0.345833
0.732765
-0.615910
-0.783364
0.357865
0.952047
0.754610
0.250118
-0.136253
0.5395
0.840488
-0.845065
0.904283
0.71334
0.27392
-0.27805
-0.133088
0.977974
0.477868
-0.226691
-0.707204
0.257869
-0.357475
-0.279085
-0.429793
0.259420
0.299830
-0.398185
0.331790
-0.535950
0.824245
-0.248759
0.840678
-0.739036
-0.504423
-0.670633
-0.177171
0.706146
-0.952841
0.544727
0.786064
0.169268
0.457690
0.806359
0.36972
0.665014
-0.938769
0.334903
-0.173210
0.614346
-0.556020
-0.921964
0.729833
0.784189
0.129694
-0.581661
-0.649417
0.518004
-0.351086
-0.412939
-0.215729
0.765627
-0.508078
0.450298
-0.207175
0.875273
-0.865976
-0.12738
-0.458052
-0.794836
-0.642196
-0.19857
-0.160130
0.431424
-0.411282
-0.415626
0.438668
-0.781510
-0.830840
-0.144386
-0.812804
0.833914
0.849601
0.790942
0.676284
0.411752
0.994979
0.642798
0.2176
0.699029
-0.951290
-0.40469
0.328612
0.369409
0.86491
-0.713820
-0.49807
-0.94428
0.910739
0.723413
-0.987500
-0.938208
0.83128
-0.170292
0.687932
0.498762
0.500328
0.61885
0.877563
0.504746
-0.461441
-0.379702
0.282653
0.443360
-0.875853
0.329472
-0.818292
0.394889
0.848686
0.986724
0.434503
-0.208545
0.541069
0.280125
0.701724
0.415391
-0.36141
0.707118
-0.785576
-0.61244
0.317253
-0.73840
-0.658397
-0.553317
-0.33911
0.76406
-0.541879
0.435951
-0.71734
-0.17933
-0.50003
-0.452977
0.744769
-0.437643
-0.826926
-0.740832
-0.889604
0.796076
0.283401
-0.87788
-0.922138
-0.818432
-0.481851
-0.63318
-0.519515
0.843396
-0.30927
-0.172014
-0.489173
-0.855098
-0.108545
0.976631
0.410602
-0.578854
-0.154805
-0.44021
0.863542
-0.540961
0.149540
0.898978
-0.718234
-0.271277
0.71452
0.557561
-0.52949
0.876725
-0.524942
-0.708700
-0.142415
-0.662253
0.986902
-0.890516
-0.601431
-0.712189
0.68460
-0.452730
0.386246
-0.52207
0.167298
0.534676
0.55132
0.414447
-0.781109
-0.548324
-0.927054
-0.253449
-0.949555
-0.797104
-0.608146
0.818309
-0.153165
-0.496004
0.511398
0.29814
-0.190684
0.931648
-0.8596
-0.858595
-0.985595
0.745935
0.650200
0.859310
-0.176054
0.667093
0.682060
0.493511
-0.789145
-0.407340
0.570431
-0.495592
-0.34350
0.39635
-0.289688
0.349004
-0.337854
0.736988
-0.127028
0.104162
0.769065
-0.119986
-0.289362
-0.319054
0.635717
-0.895403
-0.196253
-0.483615
-0.334588
0.306254
-0.937833
0.448615
-0.782902
-0.780095
0.814606
-0.729364
0.204569
0.67500
0.979200
0.605144
-0.629300
-0.337417
-0.924247
0.88861
-0.376986
-0.432167
0.83078
0.623212
0.99089
-0.808614
-0.320268
0.530070
0.420032
0.51474
0.500476
0.530501
-0.189869
0.504387
-0.238006
0.889303
-0.21068
0.962517
-0.718604
-0.2830
0.505388
0.247741
-0.382126
0.899550
-0.891734
0.717743
0.640346
-0.71044
-0.148867
0.944332
-0.685031
-0.34570
-0.671458
-0.326597
0.99168
-0.724109
-0.657223
0.979269
0.266014
-0.357860
0.346196
0.582664
0.840199
-0.816758
-0.745491
0.408644
0.111079
-0.652974
-0.956654
0.205304
0.341703
0.693083
-0.417616
0.70980
0.551171
0.874083
-0.504443
-0.883910
0.626807
-0.366413
0.978111
-0.319173
0.250975
-0.420784
0.984422
-0.296156
-0.555502
-0.841404
-0.177943
0.173100
0.857576
0.142834
0.20283
-0.739365
0.243764
0.568445
-0.913539
-0.860122
-0.376117
-0.888496
0.906995
0.203017
-0.690243
0.951967
-0.473157
-0.113653
-0.204955
-0.725456
0.799583
0.421386
-0.603304
0.814279
0.393802
0.197711
0.988012
-0.163163
-0.787212
0.390208
-0.443306
-0.378346
-0.499947
-0.279901
0.264838
-0.962845
0.986532
0.656824
-0.374063
-0.623032
-0.178210
0.54136
0.423303
0.577582
-0.616185
0.237026
0.342670
0.492307
-0.623723
-0.63871
0.293919
-0.985686
0.927300
0.386639
0.146319
0.585580
-0.863119
-0.7103
0.406073
-0.529641
-0.585180
-0.81749
0.898392
-0.770467
-0.862618
0.927029
-0.893759
-0.953340
0.71579
0.638775
0.382355
-0.58779
-0.413129
0.48249
0.683272
0.841460
0.377263
0.712654
-0.13618
0.797771
-0.866515
0.549125
-0.670221
-0.581335
0.358797
0.992402
0.477170
0.19331
0.666119
0.225853
0.678176
0.650547
-0.506875
0.847446
-0.879026
0.429434
0.402723
-0.22169
0.481025
-0.847448
0.856318
0.613678
0.923735
0.256492
0.216943
-0.455598
0.582363
-0.466910
-0.985699
-0.642436
-0.475926
0.642971
0.50429
0.984297
-0.301348
-0.403980
-0.187947
0.40212
0.167021
0.701537
-0.295402
-0.311787
-0.779632
-0.483356
0.609405
0.662761
0.230366
0.996685
-0.487225
0.844954
-0.329080
-0.978944
-0.299298
-0.628710
0.832213
-0.399339
-0.3734
-0.38085
-0.6175
0.65050
0.679938
0.249968
-0.549896
-0.707453
0.260341
-0.342046
0.834046
0.106449
-0.856499
0.632367
0.581759
-0.849032
-0.259184
-0.885213
0.924911
0.429996
0.194427
0.31507
0.959322
0.297796
0.324071
0.809085
0.477185
-0.324166
-0.683398
-0.55101
-0.20944
0.883356
0.791251
-0.578192
0.235184
0.353716
0.720857
-0.690286
-0.673239
0.899843
0.144277
0.188133
0.657166
0.987851
-0.17889
0.122075
-0.463438
0.351667
0.290352
0.3556
-0.970752
0.987852
0.291552
-0.888140
0.182573
-0.994806
0.529615
0.981016
0.244295
-0.43699
0.528173
-0.817370
0.687557
-0.762653
-0.647953
0.19797
-0.672537
-0.343018
-0.202140
-0.445233
0.51846
0.227915
0.655683
0.284595
-0.694151
-0.162162
0.526772
-0.213936
0.697626
0.708590
-0.291854
0.480636
0.252389
0.444833
-0.571165
-0.355594
0.846457
-0.204472
0.308793
0.918470
0.366418
-0.225269
0.609222
-0.140224
-0.964850
-0.652428
0.609907
-0.221095
-0.473071
-0.349530
-0.72346
0.183599
-0.804986
0.453648
0.426195
0.633075
0.485456
0.202157
-0.330253
0.917878
0.223900
-0.68159
-0.736075
-0.728808
-0.987887
0.286086
0.816166
-0.11742
0.374108
0.767635
0.870213
0.109270
0.775407
-0.966699
0.686512
-0.917116
-0.971236
-0.293276
0.307235
0.949161
0.133126
-0.871708
0.704932
0.86797
0.381545
-0.912049
0.771496
-0.640132
0.365450
0.685268
0.524113
-0.995079
0.104013
-0.235365
0.826792
-0.222722
0.936126
0.425564
0.494233
0.752804
-0.399498
0.643889
-0.202524
0.750602
-0.439908
0.652640
0.554607
0.492076
0.968780
0.102572
0.944672
-0.788195
-0.419726
0.38210
-0.758825
0.306090
-0.972219
0.362022
-0.266704
0.291773
0.64846
0.186986
0.624837
0.794426
-0.439208
-0.905542
0.222294
-0.264679
0.423849
-0.588683
-0.610255
0.373701
-0.361104
-0.306273
0.881051
-0.367125
-0.542460
0.565352
-0.749526
-0.277267
-0.773129
-0.88966
-0.392898
-0.670147
-0.172887
0.32125
-0.669956
-0.914673
0.174254
-0.175221
-0.818993
-0.517556
-0.612810
-0.561455
-0.959038
0.583774
0.537883
0.760295
0.542738
0.780233
-0.205626
-0.531473
0.734537
-0.906643
0.183445
-0.996802
0.656915
-0.396596
-0.113618
0.664765
-0.829477
0.321176
0.953984
0.330846
0.28267
-0.245052
0.439789
-0.625827
-0.255376
0.115823
0.647040
-0.957612
-0.626983
0.606385
0.861316
0.329609
0.552394
-0.90858
-0.764962
0.519452
-0.49135
-0.543474
-0.573734
0.695956
0.218124
-0.267932
-0.440756
-0.201824
-0.128809
0.324692
-0.112063
0.197272
-0.337791
0.203539
0.226187
0.412334
0.520201
0.796951
-0.157814
-0.923046
0.821038
0.273807
0.965578
0.845885
-0.316544
-0.84514
-0.857583
-0.642121
-0.86268
0.330832
-0.85004
-0.620482
-0.731679
-0.215493
0.426693
0.781783
0.878573
0.25878
0.563925
-0.938539
0.75045
-0.858133
-0.337543
0.160706
0.862266
-0.768971
0.751057
0.585180
-0.323239
-0.888581
0.971916
0.30367
0.758659
-0.210993
0.960713
0.235758
-0.721642
0.484738
-0.110497
-0.999349
0.653335
0.952738
0.674126
-0.403480
-0.854944
0.296353
0.478777
0.710054
-0.415670
-0.76373
0.103284
0.928493
-0.922374
0.400463
0.91380
0.38338
-0.684486
-0.665459
0.528996
-0.905034
0.361000
-0.759857
-0.44460
0.593566
0.423663
-0.352866
-0.498422
0.868225
-0.243647
0.486371
-0.184854
-0.112446
0.32138
-0.777008
0.846844
0.977779
-0.399782
-0.80326
0.723900
0.937077
0.860183
-0.190863
-0.604008
-0.295753
-0.844130
0.215387
-0.823185
0.447380
0.105739
-0.932810
-0.422783
-0.709484
-0.164578
0.783159
-0.980054
-0.36042
-0.42885
-0.198842
-0.802347
-0.527252
-0.309423
-0.224517
-0.70473
-0.504284
0.412637
-0.677851
0.864036
-0.174337
-0.693497
-0.433445
0.710438
-0.30140
0.245449
0.432920
-0.272633
0.726977
-0.219164
-0.714665
-0.656095
0.498553
-0.688748
0.936857
-0.80092
-0.614103
0.101396
0.479845
-0.549740
-0.597861
-0.771672
0.359338
-0.990953
-0.142714
-0.586866
0.16106
0.109032
0.344398
0.723768
-0.866918
0.908803
0.610153
0.44922
-0.371089
0.116336
0.422555
0.999731
-0.965017
-0.417265
0.233506
0.481462
0.247092
-0.796976
0.388276
0.389099
-0.840956
0.252567
-0.857157
-0.541108
-0.924855
-0.713548
0.578156
0.645656
0.253019
0.650905
-0.67052
-0.252490
-0.239214
-0.454692
0.86562
0.915388
0.174397
-0.894979
-0.498149
-0.776152
-0.126235
0.286768
0.235683
0.280269
0.511698
-0.491580
0.96245
0.441951
0.826240
0.995654
0.256786
-0.873024
0.628055
-0.979089
0.236795
0.65561
0.793997
-0.100126
0.801106
-0.551087
0.344273
-0.924258
-0.819441
0.292330
0.262853
-0.591187
0.748084
0.467175
0.264918
-0.18695
0.750562
-0.897448
0.952938
-0.90592
-0.894321
-0.99552
-0.200698
0.195464
-0.390021
-0.182172
-0.324836
0.205218
0.270274
-0.965411
0.667715
-0.553258
-0.101067
-0.479189
-0.964632
0.357106
-0.727813
-0.646603
0.480470
-0.465003
0.362567
-0.556069
0.453239
0.760323
0.982738
-0.258707
-0.742544
-0.585082
0.295376
0.446674
0.150406
0.668018
0.260439
0.323083
0.156689
-0.644104
-0.467967
-0.723011
-0.510518
0.644720
-0.725420
-0.660061
-0.264449
-0.860633
-0.342119
-0.852537
-0.627439
-0.403449
0.835177
0.661492
-0.547323
-0.543827
0.538475
-0.452849
-0.266525
0.574953
-0.550053
0.8966
0.512861
-0.890679
0.693258
-0.380210
0.780124
0.241281
0.542896
-0.156223
-0.757426
0.621862
0.483241
0.377598
-0.204984
0.290767
-0.703917
0.85891
0.685685
0.104464
-0.236139
-0.732346
-0.301038
-0.664268
0.425456
0.450505
0.36894
-0.511488
-0.179782
-0.818957
-0.357990
0.656156
0.925810
0.311391
-0.751322
-0.23144
0.933233
0.36428
0.761821
-0.594557
-0.553892
0.886512
-0.150134
0.143625
-0.803440
0.231036
0.105010
0.256042
0.178296
0.158669
-0.499640
0.949784
0.453655
-0.667145
-0.719613
0.919105
-0.823118
-0.380643
0.719971
0.819521
0.35906
-0.717545
-0.486806
-0.171738
0.541021
-0.111073
0.28572
-0.989888
-0.563423
-0.697703
-0.951440
-0.589246
-0.938778
0.264163
-0.526862
0.698512
-0.166946
0.220037
0.905998
-0.835206
0.238534
0.36737
-0.523490
-0.265685
-0.716363
-0.919005
0.96549
0.442362
-0.994493
-0.210429
-0.306561
0.116827
-0.357703
-0.643611
0.244992
-0.259777
-0.941450
0.266985
0.323140
0.584557
-0.496059
0.223658
0.11814
0.144288
-0.405249
-0.560366
0.296362
-0.701670
-0.46762
0.950471
-0.340452
-0.775282
0.506763
-0.263194
-0.91290
0.902110
0.867665
0.212662
0.824493
0.918490
0.744371
-0.457905
-0.705106
-0.727504
-0.537562
-0.43623
0.404576
-0.676268
0.893877
0.290298
-0.303565
0.605221
0.350880
-0.83414
0.723890
-0.921468
0.29817
0.25348
0.571653
0.3143
-0.947179
-0.987229
-0.898376
-0.295798
-0.635663
-0.810125
-0.294856
-0.626811
-0.782286
-0.337462
-0.744833
0.490791
0.154656
0.25925
-0.301695
-0.351877
-0.592188
-0.633334
0.35308
0.799170
0.515229
-0.126552
-0.57345
0.972174
0.496292
-0.862161
-0.601271
0.48480
-0.901795
-0.998589
0.619826
-0.968716
0.205924
0.218931
0.47535
0.428556
-0.660100
-0.405553
-0.824823
0.589781
-0.236421
0.594944
0.837598
0.109972
0.234182
0.459235
-0.975379
0.582375
-0.62706
-0.971592
0.335759
-0.222061
0.471608
-0.746008
0.554399
0.650250
0.820436
0.628512
-0.404971
-0.913780
0.879749
-0.9513
0.317320
-0.69136
-0.393194
-0.522972
-0.957228
0.757516
-0.889000
-0.757971
-0.872019
0.750571
-0.169767
0.866842
0.150272
0.730243
0.669991
-0.401502
0.331645
0.400041
0.544070
0.2849
0.184399
-0.962838
0.780243
0.33151
0.161734
0.377421
0.679158
0.422592
0.541239
-0.375805
0.408945
-0.714893
0.280650
-0.14486
0.554300
-0.358723
0.294054
0.844802
-0.75075
-0.759263
-0.694380
-0.84663
0.897300
-0.235673
0.692796
-0.682473
0.905138
-0.391387
0.545005
0.43212
-0.939562
-0.870708
-0.756201
0.340617
-0.109816
0.68085
-0.752916
0.694086
-0.692709
0.637812
-0.57590
-0.519950
0.750356
-0.697572
0.833563
-0.911018
-0.175424
-0.39445
-0.13589
0.279253
-0.996294
0.443953
0.532792
0.948484
0.584151
-0.643710
0.422934
0.637174
0.591349
-0.985004
-0.591884
-0.747094
0.710453
0.731638
0.166602
0.880151
-0.390934
0.944812
-0.494848
-0.181931
-0.995944
0.753445
0.505653
0.624874
0.241719
0.554620
-0.54957
-0.149967
0.604606
-0.522157
0.925201
-0.966810
-0.242765
0.272566
0.837622
-0.332965
-0.280139
0.285149
0.993382
-0.399147
0.552606
-0.617760
0.288186
0.889326
0.682037
-0.696705
-0.330145
-0.439726
0.124193
0.343228
-0.166789
0.311734
0.278955
-0.265425
0.539611
0.56495
-0.167396
-0.216132
0.474688
0.381078
-0.549647
0.280316
0.774003
0.1758
-0.432334
-0.376364
0.537531
-0.78756
-0.801334
0.121529
-0.525105
0.949514
0.368632
-0.664435
0.820161
0.32750
0.639650
-0.282304
-0.549460
-0.828202
0.145401
-0.97269
0.409017
-0.15772
0.520206
0.584000
0.831677
0.770517
0.731865
-0.76334
-0.996819
0.438187
0.938502
0.82826
0.37258
0.986108
0.631948
-0.898297
-0.775755
-0.284021
0.567722
0.373978
-0.917888
-0.116061
0.612152
-0.718131
0.817832
-0.278144
-0.909514
0.760649
0.304704
-0.162136
0.346488
0.10321
0.490854
0.450909
-0.678716
-0.457976
0.2087
-0.762709
0.766433
0.255915
-0.153511
0.856953
-0.927734
0.9797
-0.397064
-0.685442
0.748719
0.382148
0.506458
-0.298150
0.690649
-0.298130
-0.846516
-0.823327
0.58032
0.229919
0.646006
0.274568
0.737179
-0.838883
0.489003
-0.394148
-0.736441
-0.993649
0.642057
0.460778
-0.80630
-0.541794
-0.336100
0.572799
0.477068
-0.122027
-0.405943
-0.729519
0.713665
0.793718
0.609079
-0.989447
0.513218
-0.137477
-0.307600
-0.4334
0.873516
0.831728
-0.943954
-0.120101
-0.723598
-0.576801
0.671428
0.789016
0.391074
0.620466
-0.803304
0.894731
0.109362
-0.504502
0.630463
-0.321544
0.87668
0.229949
0.74151
0.485350
0.108531
0.443644
0.884824
0.681405
0.331747
0.308756
0.944489
-0.967926
0.752047
-0.503517
0.497616
0.402843
-0.494685
0.649611
-0.499194
0.399290
-0.197113
0.904038
-0.591947
-0.390539
0.436371
-0.575097
0.935487
-0.951063
-0.48155
0.586398
0.795993
0.163760
-0.622033
0.892218
-0.948333
0.761657
-0.650795
-0.260087
0.283843
-0.682788
0.382626
-0.101074
-0.833613
-0.38353
-0.23069
0.943892
0.613992
0.626092
-0.437376
0.389956
0.842523
0.563859
0.333661
-0.768765
-0.507276
0.854070
-0.225792
-0.757073
-0.39985
-0.973878
-0.420177
0.914820
0.58127
0.302898
-0.91927
-0.913916
0.360820
-0.944121
0.850777
-0.344690
-0.680793
0.280661
-0.186609
0.998694
-0.349512
0.838705
-0.406696
-0.320210
-0.810790
0.993031
-0.348666
-0.837168
-0.417427
0.436673
0.10528
-0.142610
0.12828
0.114258
0.977357
-0.975089
-0.601878
0.612910
-0.567320
0.506101
0.72580
0.797180
-0.922432
0.163438
-0.448342
0.608063
0.414178
-0.182896
-0.206649
-0.659149
-0.959163
-0.543580
0.448032
0.602319
-0.605963
0.426168
-0.640257
0.132495
-0.890401
0.418900
-0.412396
-0.346669
0.810342
-0.769933
0.859424
0.233702
-0.579672
0.895981
-0.933774
0.592114
-0.155777
0.250985
-0.274334
0.358724
-0.195765
-0.536182
0.837293
0.951088
-0.445121
0.180978
-0.182808
0.155837
0.191964
0.339241
0.582822
-0.698179
0.465989
-0.50987
-0.848997
0.937763
-0.220040
-0.685628
0.389502
-0.221320
0.390442
0.655521
0.333332
0.368434
-0.895880
-0.200090
0.155383
-0.733654
-0.880138
0.394401
-0.227057
-0.806603
-0.322462
0.20783
-0.645300
0.62940
0.677106
0.641696
-0.562523
0.568438
0.750510
0.453457
-0.699502
0.559971
0.4457
0.308776
0.319240
0.194964
-0.123963
-0.386371
-0.974202
0.354061
-0.200476
-0.178099
-0.38591
0.221402
0.547770
0.211348
0.894676
0.826913
-0.274747
0.163352
-0.283773
-0.268394
-0.574063
-0.726055
-0.620429
-0.715926
-0.592225
-0.100257
-0.673268
0.936270
-0.29224
0.468311
0.951641
-0.372089
0.463617
0.336728
0.893757
0.704182
0.292592
-0.48790
0.510353
-0.766632
-0.691446
-0.249747
0.221253
-0.102105
-0.849988
-0.723433
0.898344
0.60722
0.630964
0.658408
0.551628
0.25246
0.792828
-0.273595
0.871457
-0.922112
-0.423468
-0.960322
0.874228
-0.927903
-0.665547
-0.558550
0.263212
0.958556
-0.49426
0.935250
-0.495907
-0.961627
-0.67237
0.108268
-0.791801
0.534302
0.234943
0.376344
0.557051
-0.349740
-0.471936
0.302841
-0.560266
-0.145677
0.911066
-0.243451
0.74128
0.212060
-0.956653
-0.112764
0.867061
-0.480076
-0.658042
0.727528
-0.193372
0.470395
0.18263
-0.433161
0.67338
-0.737278
0.692469
0.901729
0.218512
-0.940668
-0.950469
0.439971
0.216851
0.435887
-0.809172
-0.122691
-0.789740
-0.700557
0.882675
-0.419238
0.228908
-0.444769
-0.169950
0.204327
0.976639
-0.79979
-0.231132
0.260991
-0.472702
0.355580
-0.409349
0.317123
0.587710
0.523446
-0.667750
0.936750
-0.615552
0.334388
0.760721
-0.690316
0.716415
-0.180820
-0.806598
0.428234
0.171393
0.77527
0.778438
0.779833
-0.928683
0.352885
0.762315
-0.9444
-0.220210
0.196074
0.398900
0.750995
-0.656686
-0.95566
-0.406331
0.775288
-0.307614
-0.191171
0.763819
-0.484904
0.306987
0.805288
0.160128
-0.479874
0.191269
-0.393973
0.78690
-0.738188
-0.109488
0.231364
-0.357554
0.126247
0.375821
0.783925
0.321127
0.864846
-0.139323
-0.730121
0.517572
-0.712494
0.918647
-0.331715
-0.767788
-0.249066
-0.420010
0.909447
-0.519788
-0.991789
-0.869466
-0.67953
-0.560897
-0.851412
0.119286
-0.32376
0.824233
0.378404
0.367691
-0.256571
-0.812726
-0.12756
-0.535124
0.43005
0.474250
0.466873
-0.326861
-0.567014
0.983978
-0.620683
0.549016
0.256475
0.914282
0.148835
0.377702
-0.417453
-0.943747
0.939517
0.868764
0.50136
-0.50020
0.719435
0.84540
0.297344
-0.737580
-0.171783
-0.603791
0.692550
-0.612193
-0.832751
-0.763143
-0.696675
0.713117
0.702115
0.135066
0.957600
-0.301965
-0.78321
-0.479837
-0.971376
-0.842749
0.536718
0.604121
-0.997317
-0.587006
0.722561
-0.112976
-0.573392
0.571781
-0.440679
0.60463
-0.924639
-0.591667
0.265286
-0.411329
0.837978
0.896174
-0.733322
-0.120317
0.749314
0.109764
-0.573824
0.923817
-0.565186
0.939076
-0.235150
0.920497
-0.878320
0.195453
-0.616373
-0.896621
0.893565
-0.345400
0.842148
-0.906584
0.689392
-0.96042
-0.239089
0.443138
-0.548162
-0.326493
0.414458
0.975806
0.275507
-0.469088
0.294394
0.346232
0.707562
-0.847552
0.673702
-0.657524
-0.770484
-0.175368
-0.322482
-0.330202
-0.33424
-0.686661
0.420038
-0.773364
-0.833726
-0.587425
0.157219
0.348785
0.657995
-0.930843
-0.466825
-0.243848
-0.374638
-0.763235
0.554074
-0.600469
0.782837
0.68085
-0.465949
0.898420
-0.116607
-0.976853
-0.935855
-0.138607
0.38327
0.441900
0.174169
-0.742461
0.621317
-0.278633
0.631838
0.795594
-0.682585
0.617550
-0.221482
0.997266
-0.1816
-0.128267
0.299757
0.564226
0.852676
-0.843236
-0.208226
0.608357
-0.124099
0.37639
-0.282445
0.686965
0.213265
-0.662620
-0.336838
-0.289188
-0.634006
-0.309029
-0.200681
-0.304552
-0.395733
0.596555
0.766191
0.466207
0.608255
-0.678931
0.853432
-0.404786
-0.186764
-0.501445
0.727293
-0.894960
0.724441
-0.844120
0.593597
0.11184
0.329165
-0.625994
-0.329003
0.18350
0.112400
0.860662
0.579530
-0.32530
0.332855
-0.806248
0.873664
-0.970504
-0.421550
-0.555932
-0.996001
-0.37181
-0.691207
-0.936875
0.788082
-0.473821
0.168859
-0.382667
0.632636
-0.514684
0.498228
-0.58343
0.538493
0.486350
-0.876176
0.7894
-0.125750
-0.713696
-0.740956
0.837167
-0.122148
0.945872
-0.678176
0.39398
0.776440
0.309007
-0.424071
0.646561
-0.428902
0.955312
0.207897
-0.209960
-0.557339
-0.150604
-0.90579
0.343685
-0.331464
-0.20088
0.650801
-0.353156
0.162624
0.218262
-0.545865
-0.65613
0.546790
-0.312551
-0.16836
0.88334
-0.962520
-0.388822
0.743061
-0.298531
-0.538417
-0.633221
0.410809
-0.649163
0.164892
-0.160130
0.764952
0.718230
0.763020
0.582781
-0.585996
-0.870384
-0.910053
-0.117968
-0.991714
-0.276696
0.251471
-0.268405
0.412647
-0.752066
0.301346
-0.321002
0.654291
0.410745
0.102717
-0.713521
0.180994
-0.753582
0.359464
0.776867
0.320753
0.430366
0.479833
0.750857
0.132693
0.986373
0.931472
-0.49394
-0.862959
0.35779
-0.970019
0.170741
0.365910
0.758413
-0.828577
0.109257
0.621548
0.237907
0.754748
-0.993862
0.524392
-0.837832
0.803962
-0.74331
0.863719
0.665301
-0.375763
-0.501103
-0.276718
-0.499752
-0.827501
-0.770979
-0.664985
-0.550431
0.514003
-0.823526
-0.557233
0.10611
-0.64938
0.60821
-0.711405
0.795099
0.594869
0.861546
0.72071
-0.9588
0.486660
-0.348622
-0.305805
-0.87731
0.476051
-0.890907
-0.605320
0.427183
0.19165
-0.631619
0.246831
-0.850443
0.239273
0.745992
-0.589640
0.727269
0.52499
0.260650
-0.7649
0.727169
0.292342
-0.549688
0.552299
0.84273
-0.981228
-0.334739
0.175315
0.102464
-0.897172
-0.242285
-0.120389
-0.595817
-0.78150
-0.563897
0.237552
-0.602204
-0.425496
0.943910
-0.645117
-0.581964
-0.776780
0.887109
-0.618237
-0.366684
0.870733
0.34927
0.127580
-0.680363
0.519916
0.324234
-0.51679
0.803715
-0.111036
-0.487675
0.292161
0.415202
0.19046
0.537389
0.324588
-0.669045
0.545747
0.702796
-0.367421
-0.911762
-0.143772
-0.644805
0.195139
0.705331
-0.712498
-0.578680
0.811701
0.106305
-0.812546
0.984382
-0.64120
0.848809
0.390104
-0.315899
-0.451117
0.644862
0.980010
0.339396
0.770893
-0.997677
0.786789
-0.520755
0.86592
0.945589
0.787106
0.68978
-0.132456
-0.493799
0.502096
-0.796438
-0.37360
0.97158
0.763672
-0.225223
-0.997634
0.50661
0.831962
-0.899266
-0.714828
-0.850397
0.807532
-0.869513
0.869866
0.495252
-0.689363
0.874232
-0.249343
0.776797
-0.924298
0.580285
0.257625
-0.222708
-0.202362
-0.40845
0.999535
0.935476
-0.843322
0.779759
-0.201006
0.117856
-0.83054
-0.133444
-0.963479
0.861764
-0.428614
-0.326062
0.72995
0.808530
-0.703449
-0.225251
0.740618
0.26403
0.514774
0.813482
0.597526
0.606150
0.439778
-0.529329
0.166188
-0.807387
0.865847
0.830097
0.714924
-0.246904
0.488002
-0.637710
0.181939
0.845266
0.986628
-0.928846
-0.106438
-0.297438
-0.307294
-0.982178
0.250564
-0.100988
0.955719
-0.571606
-0.86064
0.605369
-0.323369
0.319040
0.423544
-0.234726
0.339406
0.27030
-0.214920
0.24764
-0.667587
-0.512049
0.829213
0.550915
0.576827
0.488280
0.973735
0.753311
-0.369432
0.835118
-0.753009
0.235853
-0.749769
-0.570963
0.620056
-0.3256
-0.635374
-0.238499
-0.677400
-0.282224
-0.944640
0.949823
-0.896857
0.731833
-0.291837
0.575617
-0.153147
0.169965
-0.623410
-0.383958
-0.369360
-0.563813
-0.451576
-0.502026
-0.624432
0.899556
0.71106
-0.3800
0.68866
0.750604
0.302584
0.921902
0.170396
-0.875000
-0.349148
-0.553624
-0.678877
-0.239594
0.952454
0.775782
-0.558574
0.178663
0.557421
0.630347
-0.434449
0.986991
-0.739877
0.225469
0.517112
0.220431
0.875780
-0.584768
-0.924196
-0.201463
0.598687
-0.2593
0.168935
-0.819646
-0.396424
0.868996
0.347297
-0.84258
0.281232
-0.513799
-0.926550
0.180957
0.540989
-0.389692
-0.622792
-0.890893
0.84752
-0.411446
-0.107447
0.496395
0.197438
0.334744
-0.737730
0.148262
0.761434
0.850011
0.428996
-0.6667
-0.313045
-0.467876
0.987514
0.706374
-0.284959
0.842305
-0.381616
0.412629
-0.220444
-0.156495
-0.199080
-0.9841
0.999523
0.164851
0.407172
-0.914858
-0.567877
0.205111
0.774207
-0.660361
-0.545657
-0.967925
0.874070
0.539033
-0.644280
0.601745
0.32989
-0.836578
0.987790
-0.461033
0.172947
0.147883
-0.274977
-0.845271
0.264480
0.624702
0.41002
-0.770116
-0.489534
-0.42291
-0.521029
-0.9878
0.771974
-0.102883
-0.364238
-0.187430
-0.972511
-0.310714
0.204661
-0.329376
0.177970
-0.828335
0.63058
0.166749
0.907600
0.202758
0.885781
-0.15352
-0.575445
-0.450224
0.231208
-0.993220
0.5673
-0.483912
-0.492624
-0.712179
0.283719
-0.922270
-0.655318
0.899370
0.330765
0.24252
-0.347469
-0.907006
0.706896
0.378949
0.27590
0.658175
0.708808
-0.759949
0.988080
0.388378
-0.45347
-0.618577
-0.916021
0.779937
-0.652781
0.496036
0.392850
0.439517
-0.276626
-0.554202
-0.739692
-0.853831
0.387169
0.166285
-0.118612
-0.163400
0.381665
0.380978
-0.848982
-0.577176
0.997808
0.18365
-0.476255
0.6756
0.825405
-0.89801
-0.806040
0.529950
-0.557412
-0.84810
-0.283604
0.356337
0.62892
-0.995659
0.414582
-0.929989
0.162399
-0.803049
-0.955293
-0.940592
-0.887116
0.862148
-0.974026
-0.402717
-0.121038
-0.723816
0.768441
0.586263
-0.817468
0.259560
0.187461
0.160792
0.170609
0.537572
0.806351
0.906601
-0.508558
-0.419327
-0.677199
0.14024
-0.342275
0.719232
-0.334345
-0.974754
-0.436474
-0.900215
-0.940217
-0.6501
-0.541201
-0.236728
0.538589
0.73723
-0.944782
0.529733
0.831446
-0.452924
0.830653
-0.317141
-0.510356
-0.833163
0.42563
0.87119
0.827089
0.609958
0.670397
-0.264898
-0.539072
0.772486
0.348023
-0.622188
-0.878680
0.869542
0.763621
-0.390683
-0.511284
-0.737160
-0.506280
-0.569331
0.434251
0.734364
0.58679
0.829987
0.854236
0.597958
0.421045
-0.381729
-0.327963
0.525411
-0.987012
-0.398265
-0.172645
-0.52143
-0.959705
-0.528647
-0.833467
0.531309
-0.294979
-0.522602
-0.996474
0.351475
-0.373410
-0.749948
-0.533533
0.825661
-0.224158
-0.18841
-0.359353
-0.108432
0.725162
0.262071
-0.932796
0.967127
-0.703733
-0.893342
-0.126641
0.634078
0.10727
-0.234129
0.175738
0.581157
-0.800070
-0.829403
0.187334
-0.511185
-0.91268
-0.987477
-0.599342
-0.284543
-0.477038
-0.519635
-0.455407
0.620083
0.54092
0.526746
0.914004
0.146079
0.224253
0.389849
-0.429671
-0.356787
-0.706995
-0.577707
-0.847925
0.125765
0.556487
0.928642
-0.315465
-0.994381
-0.919291
0.599389
-0.661735
0.580073
-0.237303
0.330280
0.903660
0.704265
-0.580388
0.433345
0.660574
0.269628
0.720862
0.745309
-0.779701
0.405886
0.293522
-0.564991
0.267095
0.873951
0.631338
0.204077
-0.407651
0.145654
0.706667
0.932705
0.170814
0.100656
-0.916957
-0.928005
-0.618359
0.912002
0.855518
0.899844
-0.138409
-0.659716
-0.494378
-0.304745
0.804841
0.922774
-0.62104
0.395102
-0.574165
0.640947
0.374427
0.220484
-0.419195
-0.421021
-0.642183
-0.430031
0.611012
-0.550339
0.986245
-0.523772
-0.338189
-0.818947
-0.818378
0.665915
-0.742512
-0.432722
-0.392167
-0.626078
-0.818397
-0.118780
0.400668
0.757525
0.671263
0.633423
-0.195653
-0.964947
0.636446
-0.966839
0.546999
-0.880071
0.972322
-0.406451
0.998704
0.208556
0.112333
-0.310385
0.392500
0.41034
-0.408479
-0.237624
0.348004
0.654327
0.535521
-0.955626
0.286625
0.372032
-0.181195
-0.172493
0.843716
0.546056
-0.741090
0.985403
0.957056
-0.230058
-0.700894
0.969668
0.219309
-0.66053
0.761513
0.353703
0.890081
-0.856142
-0.536922
-0.283880
0.442389
-0.369392
0.202731
-0.866126
-0.381232
-0.525323
-0.112923
0.680080
0.635338
0.603415
0.800517
-0.994046
-0.199205
0.794579
-0.911528
0.149470
-0.424749
0.570101
0.873657
-0.819971
0.565116
-0.369719
0.872989
-0.526625
-0.312285
0.454235
0.87159
0.319752
0.814822
0.538844
0.709144
-0.596620
-0.723528
0.310429
-0.635653
0.401130
0.992047
-0.395161
-0.337000
-0.406068
-0.568179
0.278439
-0.824936
0.458054
-0.228876
0.882462
0.717916
0.620969
-0.194860
-0.71333
0.61798
-0.547634
-0.759664
-0.951586
-0.897286
-0.778654
-0.250661
-0.637155
-0.204342
0.231708
0.124812
0.403942
-0.625957
0.316877
-0.472661
0.167682
-0.893378
-0.104657
-0.207168
-0.782412
-0.446601
-0.86272
0.167216
0.289211
-0.851342
0.321128
0.667794
0.335235
0.782685
0.147272
-0.556676
-0.789806
0.62975
-0.619449
-0.499762
0.407302
-0.511984
-0.676329
0.249707
0.567111
-0.519164
0.593555
-0.162366
0.513414
0.613608
-0.200398
0.491993
-0.136690
0.433723
0.857816
-0.707057
0.912552
0.791397
0.930946
0.70773
-0.658505
-0.419000
0.776897
-0.213556
0.42770
0.467350
0.513800
-0.782428
0.63368
0.439334
-0.182340
0.219007
0.398137
0.683773
0.567861
-0.343492
-0.860836
0.994779
-0.860211
-0.960749
0.551851
0.178853
0.420147
0.232494
-0.693784
0.437404
0.850924
0.971016
0.183168
0.578145
-0.442040
-0.977395
-0.200483
-0.973314
0.696862
-0.480028
0.394866
0.830717
0.136515
0.814882
0.767744
-0.222776
-0.908698
0.384082
-0.397638
0.359247
-0.400218
0.175258
0.341521
0.694099
-0.115339
-0.803450
-0.865713
-0.325220
-0.213731
0.348879
-0.908740
-0.116495
0.798152
-0.942008
0.495510
-0.551820
-0.670602
-0.529133
0.392003
0.566859
0.913712
0.533900
-0.37181
0.298005
0.31926
-0.265091
-0.251244
-0.790809
-0.914868
0.277890
-0.583129
0.822458
0.73140
0.265855
-0.574824
0.5190
-0.235728
0.300665
-0.914563
0.556525
-0.278258
-0.403508
0.235906
0.611602
-0.476192
0.561153
0.751906
0.313053
-0.251555
0.322894
-0.444326
-0.347619
0.899879
0.469315
0.246954
0.277283
0.363808
0.87419
-0.424166
0.750490
0.104866
0.476031
0.211607
-0.198172
0.917048
-0.805894
-0.398207
0.557781
-0.801798
-0.112528
-0.52937
0.606670
-0.103307
-0.532813
-0.393111
0.460535
0.111298
-0.387455
-0.274707
-0.818773
-0.139397
-0.69483
0.294533
0.352042
0.170713
0.177789
0.887086
-0.673101
-0.478548
0.550571
0.489217
-0.402342
-0.980377
-0.956125
-0.408128
-0.963193
-0.915918
-0.117834
0.176292
-0.823135
-0.450799
0.87009
-0.785383
0.360982
0.966024
0.168296
0.955364
0.88460
0.393139
-0.707178
-0.852188
0.381496
-0.219399
0.494910
0.969207
-0.259050
-0.318970
-0.274243
0.622521
-0.884637
-0.63131
0.76490
-0.656275
0.470588
0.242240
-0.367033
-0.880842
0.378887
0.280564
-0.528638
0.191843
-0.702481
0.650099
0.131518
0.128302
-0.377517
-0.101793
-0.242632
-0.135309
0.807483
0.440043
-0.988331
-0.955751
-0.453832
-0.241016
0.2439
-0.286510
0.460024
0.197997
0.241933
0.640402
0.66788
-0.589809
0.500265
-0.571696
-0.619020
0.514969
0.848978
0.974570
0.739740
-0.801632
-0.164797
0.963451
0.57455
0.732715
-0.520451
-0.435190
0.631666
-0.929363
0.266469
0.956031
0.29152
0.9193
0.458073
0.697292
0.232053
0.456344
0.103418
-0.538023
-0.613948
0.976613
0.676561
0.270695
-0.953154
-0.956510
0.217471
0.105113
0.383542
-0.124753
-0.614422
-0.72133
-0.837321
0.759678
0.980978
0.134316
-0.117497
0.278382
0.555436
-0.134989
0.265489
-0.728213
0.4040
-0.245935
-0.980338
0.778255
0.225437
-0.957588
0.411570
-0.552553
0.47673
-0.20179
0.830502
0.991932
-0.880343
0.410880
0.218420
-0.661496
0.5124
0.642747
0.827175
0.612927
0.787743
-0.664426
-0.320486
-0.624566
-0.420200
-0.49681
0.492362
0.636640
-0.168534
0.551242
-0.219318
-0.642119
0.152874
-0.242609
0.738573
-0.65366
-0.942403
0.758333
0.946772
-0.147401
0.60348
-0.617675
0.755048
-0.441769
-0.334540
0.343241
0.722102
0.811005
-0.302931
0.887731
0.909150
-0.84172
-0.682890
-0.147147
-0.741757
-0.512988
-0.7984
-0.871168
0.934035
-0.235671
-0.305949
0.338786
0.80625
0.935732
-0.719757
0.425060
-0.776561
0.513165
0.868090
0.121818
-0.471213
-0.928304
-0.798174
0.274934
-0.112410
-0.517137
0.605870
-0.479115
-0.38419
-0.102756
-0.754663
-0.419788
-0.69753
0.23379
0.593266
0.64042
0.812708
-0.60029
0.791820
-0.859444
0.878272
0.871646
0.781561
0.686991
0.281960
-0.610862
-0.833916
0.600551
0.963604
0.357865
0.801833
-0.654053
0.414255
0.741776
-0.598101
0.659361
0.10505
-0.960517
-0.398120
0.644752
0.469959
0.749408
-0.802616
0.240250
0.6595
-0.355794
-0.536375
0.422969
0.272986
-0.189409
-0.798669
0.347462
-0.896130
0.633946
0.988191
0.7036
0.567016
0.794730
0.622756
0.652205
0.149448
0.954131
-0.50551
0.669158
-0.58198
-0.194626
-0.740042
0.182395
0.882771
0.446776
0.611391
0.878168
-0.726608
0.64391
-0.740583
-0.11420
0.240948
0.608559
0.342653
-0.131389
0.652636
-0.774071
0.900807
-0.61556
0.289159
0.203596
0.478496
-0.595309
-0.271016
0.587173
-0.892649
0.417983
-0.564146
0.457801
0.820611
0.340354
-0.947910
-0.898630
-0.587244
-0.181352
0.984870
-0.293306
-0.983065
-0.701175
0.64669
-0.782033
0.403294
-0.639972
0.259262
0.906943
-0.719667
-0.585824
-0.878076
-0.548999
0.477345
0.341724
-0.631651
0.958286
-0.39999
0.385150
0.980514
-0.611042
-0.399903
0.867601
-0.348787
0.771742
-0.538194
-0.252384
0.391078
-0.881591
0.564438
-0.363343
0.891050
0.843511
-0.13795
0.68421
-0.428549
0.378118
0.930478
0.3970
-0.536615
0.380425
0.165983
0.7432
0.466897
-0.941837
-0.145043
0.776481
0.143162
0.483495
-0.365006
-0.667619
-0.747732
-0.654711
0.324160
0.990181
-0.950746
-0.451938
0.36119
0.706495
-0.381098
0.83408
0.469864
-0.594938
-0.996234
0.286337
0.146702
-0.187499
-0.516046
0.605349
-0.17244
0.217334
0.998840
0.117423
0.161347
0.87032
-0.988602
0.101290
-0.546682
-0.587846
-0.291014
-0.420508
-0.860843
-0.364854
-0.966569
0.733448
-0.82086
0.984507
-0.652759
0.148591
-0.958553
-0.872903
-0.922416
-0.438327
0.186773
0.528366
-0.933060
-0.948207
0.589585
0.687145
-0.799618
0.572672
0.887727
0.478983
-0.691814
-0.870944
0.895902
-0.630228
0.234392
-0.320120
-0.611080
-0.931657
0.830064
-0.338043
0.709279
-0.524859
-0.962133
0.906953
0.687415
-0.906699
0.562567
0.62301
-0.37843
-0.309491
-0.761084
0.242458
0.510801
-0.432656
-0.570332
0.309570
0.312240
0.821212
-0.448313
-0.156939
0.146807
-0.547662
0.357634
0.684196
0.818845
-0.700418
-0.139651
-0.468446
0.633343
0.24022
-0.188154
0.32343
-0.684374
-0.807473
-0.98074
0.301120
0.60754
0.470607
-0.975098
0.846571
0.664843
-0.373872
-0.522569
0.487650
0.776125
0.392292
-0.361617
-0.497378
0.794544
0.695031
0.301967
0.170203
0.361286
0.297463
0.311966
0.130327
-0.207375
0.814007
0.379222
-0.402208
-0.329682
0.635979
0.251841
-0.769994
-0.470913
-0.971707
0.977530
0.651954
-0.782720
-0.675201
-0.609803
-0.104199
-0.342432
-0.547122
-0.736216
0.393354
0.776536
-0.789901
-0.711747
-0.591114
0.57625
0.988244
-0.704731
-0.373972
0.105968
-0.614842
0.887405
0.49302
-0.153600
-0.467845
-0.578460
0.472066
-0.439589
-0.383373
-0.370918
-0.850348
0.53660
0.463699
0.995143
0.278546
0.919548
-0.333236
0.128782
0.553144
0.11667
-0.688550
-0.914892
-0.461475
0.455287
0.505817
-0.335687
-0.254749
-0.711110
0.664090
0.588824
-0.323717
-0.352377
-0.831679
-0.72196
-0.763541
0.438516
0.190343
-0.129059
-0.707890
-0.13019
-0.443256
-0.86225
-0.770758
-0.449158
0.19940
0.893837
0.62708
-0.33315
-0.243726
0.311914
-0.705727
0.975711
0.620190
0.64240
0.238173
0.58140
-0.975022
-0.895787
0.458052
-0.213332
0.899280
0.854354
0.869737
0.889079
0.509533
-0.637083
0.984127
-0.144034
-0.266622
-0.448750
-0.834590
0.702577
0.167607
0.588096
-0.459661
-0.136356
0.424951
0.837282
-0.394732
0.924503
-0.476411
-0.152230
0.207086
-0.581209
-0.20892
0.494855
0.53202
0.181447
-0.795796
0.362821
0.570972
-0.647104
-0.6239
-0.323315
0.243452
-0.337942
0.325758
0.213107
0.302789
-0.522904
0.856979
-0.695516
0.215192
0.647343
0.162858
-0.299150
0.542045
0.762458
-0.946993
0.981960
-0.849945
0.943013
0.842779
0.224899
-0.466788
0.985602
-0.765562
-0.750301
-0.74433
0.540799
0.924160
-0.487474
-0.302556
-0.530842
0.852059
0.472698
0.865409
0.394059
-0.88184
-0.370108
0.366761
0.878741
-0.553180
0.662134
-0.543039
0.897609
-0.559234
0.449757
0.667720
0.144043
0.42457
0.738135
-0.548806
-0.132406
0.267504
-0.708315
-0.374577
-0.315645
0.732451
-0.588075
0.697064
-0.259041
-0.903472
-0.634441
0.722101
0.607324
-0.911578
0.188777
-0.510358
0.130079
0.340051
0.444832
0.941803
-0.675090
0.254608
-0.949744
0.781554
-0.724322
-0.433936
0.772571
-0.653600
-0.436948
0.241706
-0.574619
-0.463262
0.562631
-0.575796
0.550645
-0.800644
-0.191853
0.37958
-0.523276
0.383087
0.537243
-0.639066
0.522116
-0.206061
-0.890548
-0.617495
-0.232536
-0.202569
-0.916774
-0.318982
-0.295965
-0.725859
0.691230
-0.178472
-0.616034
0.494808
-0.927638
0.979443
-0.942892
0.925172
0.665975
-0.814960
0.139776
0.210030
0.795896
0.40321
0.681342
0.612384
0.46350
-0.619782
0.385120
0.815661
-0.281169
-0.762514
0.496960
-0.90207
-0.263057
-0.577799
0.439049
0.459383
-0.349546
-0.875863
-0.782237
-0.919813
-0.311808
-0.490972
-0.203243
-0.526040
0.134442
-0.224826
-0.8944
0.827043
0.736553
0.674834
0.225376
-0.959604
0.182977
-0.122164
-0.840066
-0.310155
-0.614277
-0.365156
0.140465
-0.818285
-0.696102
0.939015
-0.390849
-0.493399
0.687252
-0.852060
-0.851506
0.3904
0.163483
-0.516050
0.684397
-0.671777
-0.143685
-0.665251
0.444481
-0.591762
-0.559352
-0.878333
0.296835
0.626659
-0.572669
-0.413069
-0.806736
0.491362
-0.59393
0.490121
0.349970
0.591521
-0.231535
0.810510
-0.256661
0.849303
-0.449402
-0.798918
-0.132072
-0.246677
0.420649
-0.161620
-0.593071
0.713956
0.176748
-0.428959
-0.398680
0.536726
-0.277253
-0.338936
-0.782212
0.866280
0.948580
0.977852
0.123480
0.301746
-0.916980
-0.771514
0.116350
0.195220
0.205901
-0.336168
0.644659
-0.267501
0.252834
-0.972180
-0.827382
0.783013
0.52715
-0.856615
-0.18099
0.720325
0.138081
0.477834
0.977311
-0.580233
0.813585
0.304145
-0.305648
-0.896510
0.694437
0.626233
-0.256206
-0.814133
0.686464
-0.485118
-0.345463
0.672346
0.697283
0.254327
-0.855939
0.890510
-0.267313
-0.160474
0.799007
-0.164148
-0.474730
0.47967
-0.715980
0.39858
-0.49201
-0.139712
-0.246772
-0.394560
-0.994944
-0.651354
-0.516151
-0.69464
-0.769224
-0.872778
0.319626
-0.610731
-0.860012
-0.525293
0.37151
0.494789
0.122832
0.513721
0.962913
0.830011
-0.589873
-0.357796
-0.55934
0.405841
0.657199
0.426094
-0.864602
-0.287534
0.211876
-0.816959
-0.410683
0.368083
-0.978954
-0.903119
-0.822790
0.448780
-0.730848
-0.551391
0.233838
-0.644644
-0.784909
-0.900567
0.623916
0.890478
0.517281
-0.117523
0.51889
-0.461479
-0.400115
0.521767
-0.130433
-0.668272
0.293477
-0.164415
-0.725952
-0.451056
0.396150
0.676725
-0.539726
-0.372210
-0.307344
-0.501324
-0.8043
-0.939133
-0.360106
0.147415
-0.947801
-0.868172
0.584407
-0.284945
-0.874350
0.337573
0.603977
0.806918
-0.614205
0.233415
-0.701565
-0.313486
-0.213894
0.634119
0.713521
-0.580891
0.146278
0.935304
-0.998002
0.557397
0.988954
0.659205
0.941972
0.769339
-0.161604
0.510430
0.253845
-0.605483
0.76536
0.74444
-0.53841
-0.484083
0.104399
-0.447157
0.672340
0.7459
-0.932228
0.286931
0.132788
0.463081
-0.59025
0.706619
0.797428
0.813314
0.584408
-0.180374
0.59447
-0.871074
-0.116549
0.298952
0.839138
0.482888
-0.489428
-0.161919
-0.826090
0.949313
-0.598512
0.747041
0.738
-0.786256
-0.964467
0.739749
-0.663792
0.220464
0.445406
-0.601934
-0.858532
0.88615
0.370994
0.486529
-0.391886
0.114903
0.124479
-0.419042
-0.938653
-0.226716
0.688281
-0.443386
-0.93640
0.165118
-0.215971
0.856295
-0.368228
0.455168
0.711796
-0.452659
-0.410244
0.126785
0.462211
-0.176292
0.267479
0.820336
0.402178
0.824186
0.960277
-0.67570
0.272709
-0.283456
-0.901480
-0.412864
-0.196674
0.266015
-0.465789
0.657993
0.454981
-0.328865
0.269999
0.194572
-0.445628
0.200700
-0.40767
0.131210
-0.224840
-0.987118
0.669643
0.288652
0.781857
0.505940
-0.980173
0.691999
0.30924
-0.673966
0.202771
-0.489452
0.403649
-0.87009
-0.991127
-0.274244
-0.149237
0.374991
0.177696
-0.717903
-0.251016
-0.723552
-0.420481
0.182695
-0.952768
0.268680
0.241551
-0.836643
0.480990
0.605968
-0.658223
-0.204437
0.174279
0.142693
-0.792128
-0.344233
-0.117144
-0.307037
-0.999689
0.505383
-0.862745
0.140701
-0.48548
0.749497
0.417348
-0.518008
0.268383
-0.883031
0.334577
-0.827342
-0.435377
-0.202554
0.755713
0.606499
0.999324
0.740564
0.402297
-0.482719
-0.891313
-0.529440
0.104034
-0.384232
-0.802597
-0.847784
-0.325692
-0.296585
0.879406
-0.829943
0.525083
0.423226
-0.581028
0.902830
-0.594111
-0.983228
0.134117
-0.794085
0.560117
-0.159625
-0.478285
-0.532593
-0.715240
-0.81399
-0.844670
-0.262470
0.896841
-0.410513
0.398543
0.493900
-0.215244
-0.994431
0.989796
-0.620218
-0.483186
0.945332
0.303605
-0.281801
-0.823456
0.646195
-0.823599
-0.554231
0.110715
-0.231015
-0.794440
-0.18265
-0.718395
-0.391751
0.801214
0.290809
0.308164
0.278576
0.746770
-0.663318
-0.472633
0.271056
-0.734532
-0.49378
-0.790033
0.870857
-0.521660
0.626862
-0.901820
-0.464598
-0.63286
-0.536490
0.24252
-0.15924
0.408147
-0.857601
0.21461
-0.209718
0.953946
-0.601240
0.55841
-0.877508
0.877572
0.333908
0.39336
-0.31482
-0.586618
-0.506778
0.415743
0.381893
0.718297
-0.737376
0.884505
-0.12103
0.238894
-0.615134
-0.118145
0.388588
-0.513365
-0.807814
0.553706
-0.688029
0.439973
-0.751195
-0.233861
0.195960
0.405287
-0.724621
0.913134
-0.644595
-0.382772
-0.446763
-0.268724
0.12987
0.590551
0.883847
-0.692801
-0.800934
-0.283035
0.504844
-0.717921
-0.985408
-0.666844
0.929353
-0.963106
-0.248358
0.350030
0.363148
-0.563176
-0.433548
-0.229640
-0.814336
0.405624
0.87921
0.200103
-0.721908
-0.809921
-0.73938
-0.450050
0.573095
-0.577240
0.791739
0.32926
-0.578729
0.563727
-0.266181
-0.362377
-0.748514
0.244844
-0.489364
-0.429200
-0.395676
0.951293
0.748590
0.472906
-0.330852
-0.659490
0.526473
-0.310183
-0.321222
0.150184
-0.183631
0.216976
-0.313266
0.284932
0.423120
0.46608
-0.985957
0.804763
-0.915597
0.88936
0.876871
-0.401744
-0.473546
-0.24900
-0.102191
-0.898523
0.720350
-0.734319
-0.93672
0.868951
0.766087
0.851940
0.429813
0.519295
0.967076
0.624563
-0.873009
-0.247293
-0.770939
-0.141323
0.479981
-0.675304
0.671697
-0.783004
0.461578
-0.798513
-0.600219
-0.496061
0.823509
-0.891794
-0.623587
-0.150886
-0.575368
0.359503
-0.219428
-0.219438
-0.573376
-0.932445
-0.337070
-0.43147
-0.883756
0.26314
-0.524819
-0.30359
0.54084
-0.171618
0.471214
-0.206972
-0.753387
-0.909243
-0.100006
0.188577
-0.56128
0.467513
-0.352823
0.708200
0.385025
-0.753259
-0.289594
-0.290877
-0.738476
-0.54055
0.817704
-0.288977
0.860207
0.60259
-0.359606
-0.182653
-0.402562
-0.841637
-0.677178
-0.24668
-0.800704
-0.4752
0.77898
-0.950329
-0.274477
-0.58768
0.298116
-0.179624
0.62318
0.151241
-0.5071
0.870363
-0.984060
0.195722
0.261838
0.756147
0.514670
0.185544
0.89233
-0.441646
0.172962
-0.972243
-0.364513
-0.145754
0.424455
-0.881460
-0.630890
0.869864
0.980175
-0.308893
0.802329
0.337259
0.858644
0.425920
-0.691382
-0.827939
0.400686
0.851775
-0.501105
0.224734
0.810876
0.387791
-0.374369
-0.89421
-0.839593
-0.112910
0.12411
0.475275
-0.5678
-0.851636
0.801466
-0.77756
0.28813
0.967351
-0.443412
-0.971831
0.814632
0.245111
0.649981
0.59899
0.281903
0.647849
0.655683
0.198073
0.540672
0.358421
0.761988
0.60643
0.398413
-0.353423
-0.252784
0.128819
-0.717580
0.289123
0.224815
0.373488
-0.554535
-0.317384
0.660814
-0.387932
-0.597870
-0.576328
0.215236
0.183363
-0.214022
-0.971827
-0.378393
-0.50575
0.507281
-0.979887
-0.721424
-0.271518
0.891064
0.2531
0.620711
-0.302420
0.169521
0.611143
-0.64776
-0.31111
-0.847644
-0.745605
-0.136289
0.838363
0.168583
0.892018
-0.687977
-0.165967
0.268790
0.163624
0.591666
-0.140786
-0.377497
0.695001
0.62787
0.721072
0.245402
-0.652821
0.295562
0.541613
-0.309434
0.870504
0.113519
0.609156
0.237674
0.304514
0.271529
0.139584
-0.229933
-0.607652
0.77049
-0.719504
0.344458
-0.220495
0.379861
0.620517
-0.228444
0.203058
-0.43846
-0.756977
0.101347
0.143565
-0.55848
0.54606
0.634086
0.94854
-0.540040
0.66290
-0.219387
-0.40871
-0.81598
0.804895
0.185114
-0.684709
0.852871
-0.543185
0.52234
0.359798
0.2603
-0.393863
0.109368
-0.380528
-0.335779
-0.50258
-0.249956
-0.670766
0.268870
0.157948
-0.999966
-0.715649
-0.833400
0.323408
0.461936
-0.993716
0.130316
0.133932
0.909001
0.889092
0.477630
0.316299
-0.546832
-0.91844
0.979079
0.302390
-0.125154
-0.348235
0.276873
-0.360540
0.387555
-0.236052
0.774539
0.273907
0.917148
0.444673
0.135053
0.155069
-0.780741
-0.530291
0.529410
0.738866
-0.850721
0.645822
-0.791449
0.899108
-0.876970
0.729579
0.537849
-0.335050
-0.682837
-0.366129
0.573399
-0.16128
0.800816
0.113961
-0.895454
-0.501143
-0.488985
-0.906474
0.669680
0.492143
0.457096
0.714513
-0.225209
-0.966295
-0.378343
0.758641
0.369975
0.822235
0.353894
-0.17370
-0.338080
0.511875
-0.698184
0.623852
-0.740285
-0.947219
0.337717
0.225030
-0.744000
-0.503677
0.40102
0.590437
-0.586144
0.97221
-0.381574
0.189386
0.149457
0.546720
0.635964
0.248210
-0.802919
-0.89982
-0.373514
0.219915
-0.22690
0.756209
0.534966
-0.989222
0.275671
-0.61149
-0.233739
-0.893252
-0.984502
0.747190
-0.126896
0.996715
-0.707181
-0.586803
-0.434413
0.714561
0.563014
0.36249
0.850121
0.735444
0.144619
-0.815742
-0.596185
0.277906
-0.665318
-0.717505
0.536848
0.238381
0.833621
0.841077
-0.148255
-0.241491
0.59113
0.841954
-0.819563
0.67731
0.923048
0.375244
0.108819
0.616273
-0.194599
-0.82703
-0.564351
-0.491830
0.662620
-0.182359
-0.404898
0.71201
0.217942
-0.405950
-0.39610
0.550744
-0.873506
-0.998243
-0.579140
-0.272814
-0.980999
-0.21539
0.709305
-0.459674
-0.362629
-0.731857
-0.98588
-0.747891
0.232566
0.386741
-0.143875
-0.751186
0.863474
0.516059
-0.396650
-0.732706
-0.693447
-0.439351
0.783967
-0.807383
-0.573763
0.914123
0.858651
-0.21587
-0.332209
-0.879745
-0.862165
0.9818
0.413064
0.200958
-0.863808
-0.703715
-0.720614
-0.476360
0.74796
0.167529
0.339336
0.353615
-0.776371
0.805556
0.299882
0.617369
0.348936
-0.436744
0.702121
0.88067
-0.604071
0.639537
-0.967553
-0.861970
0.915993
-0.723612
0.627503
0.969668
-0.485134
0.61511
-0.493229
0.979769
-0.338772
0.120517
0.570567
-0.123175
0.33071
0.532027
-0.394961
-0.592029
-0.939848
0.598987
0.425573
-0.520283
-0.376583
0.695725
0.777027
0.711977
-0.608359
-0.673044
-0.557431
-0.869917
0.75283
-0.140182
-0.828646
0.813903
0.564205
0.368550
-0.14250
-0.900486
0.986980
0.260646
-0.304409
0.396158
-0.321471
0.608047
0.865422
0.18461
-0.396260
0.443654
-0.407207
-0.509753
0.186801
-0.477542
0.799841
-0.108237
0.6944
0.67180
0.857860
-0.740474
0.532540
0.90937
0.342837
-0.371372
-0.784394
-0.480356
0.588936
0.679365
-0.901117
-0.493141
0.51288
0.520483
0.2966
-0.885939
-0.83705
0.72861
-0.491287
0.46912
0.305901
0.89574
-0.749662
0.798248
-0.76392
0.630688
0.150873
0.227523
0.757912
-0.776746
0.852021
-0.654409
-0.805451
0.68324
-0.923773
-0.647214
-0.49872
-0.352674
-0.306720
0.654485
0.144888
0.909678
0.441707
0.530627
-0.401560
0.476850
0.486411
0.705660
0.891233
-0.104952
-0.921924
-0.77386
-0.5307
0.804034
-0.97335
0.244196
-0.260046
0.570689
0.807427
-0.417725
-0.925042
-0.978921
0.58538
0.219667
0.7621
0.797482
-0.109489
-0.934045
-0.304929
0.459528
0.229303
-0.677192
0.373950
0.223807
0.865550
0.906717
0.85163
0.202045
0.119275
0.126176
-0.779035
-0.89145
-0.798527
0.36026
-0.793974
0.22073
-0.715631
-0.61683
0.463499
0.303663
0.959726
0.635994
0.645075
0.221294
0.292456
0.407599
0.271129
-0.992721
-0.552639
-0.689465
-0.524301
0.402595
0.443508
0.878570
-0.782472
0.268761
0.425318
-0.819791
-0.291852
-0.351097
0.904907
-0.688504
-0.288145
-0.762046
-0.709972
0.220102
-0.195754
-0.23262
0.119679
0.62621
0.600418
-0.193405
-0.785195
-0.612482
-0.570633
0.177707
0.271332
0.167930
-0.580141
-0.432966
0.897839
-0.557092
-0.308470
-0.765559
0.998539
0.363005
-0.192268
0.141045
0.85959
0.570862
-0.749811
-0.164838
-0.131133
0.613325
-0.295448
0.517741
-0.215712
-0.319585
0.687891
0.468685
0.429677
0.318091
-0.904453
-0.115760
-0.729017
0.196062
0.951544
0.49028
-0.210020
0.826656
0.224996
-0.731459
0.968286
0.481244
0.652541
0.375312
-0.814323
0.220516
-0.668893
-0.741894
0.55603
-0.909442
-0.815208
0.122528
0.137175
-0.563400
0.326286
0.835585
0.862256
0.467103
-0.299462
-0.113367
-0.568523
-0.865266
-0.219216
0.151678
-0.577820
0.798318
-0.535943
-0.450960
-0.386383
0.551643
0.341924
0.523595
0.736761
0.751681
-0.865817
0.182712
0.747988
-0.188109
0.171491
-0.242023
0.917261
0.658692
-0.477539
-0.159027
0.673069
0.576593
0.130602
0.251877
-0.123590
0.936290
-0.901311
0.456452
0.683334
0.132855
-0.500702
0.120489
-0.931571
0.420223
0.437891
0.789385
0.322625
0.642306
0.498870
0.353295
0.414094
-0.644572
-0.924941
0.997408
-0.261938
-0.463100
0.537845
0.213307
-0.911828
0.911230
-0.245486
-0.977031
0.582946
-0.54043
-0.513521
-0.220629
-0.213277
0.275724
-0.966226
0.746493
-0.952451
-0.23509
-0.342239
-0.476064
-0.903051
0.120138
-0.87910
0.233001
-0.716507
-0.269026
0.210735
-0.190347
0.871209
0.78582
-0.288259
-0.98303
0.551021
0.731006
0.391333
0.663680
-0.627069
-0.475626
0.397340
-0.418540
0.28375
-0.376580
0.693574
-0.179475
-0.65703
-0.434922
0.83133
-0.594673
-0.687742
0.560119
-0.81806
-0.889811
-0.523969
-0.940207
0.590416
-0.67862
0.562666
0.374255
0.527722
0.853727
-0.328140
0.463741
-0.854578
-0.78132
0.416798
0.654099
-0.378402
0.723832
0.425700
-0.856386
-0.22787
-0.667613
-0.885042
0.874397
-0.628302
0.522543
0.49477
0.400421
-0.561050
-0.479080
0.149509
-0.509158
0.193442
0.462987
-0.897030
0.184316
-0.759973
-0.537974
-0.410149
0.574133
0.656847
-0.511246
0.599312
-0.126731
0.422925
0.170915
0.255343
-0.133049
-0.429416
-0.584280
-0.431762
-0.278967
-0.136877
0.353104
-0.745664
-0.101830
0.540265
-0.141539
-0.557448
0.816291
0.390434
-0.69159
-0.699984
-0.610914
0.314597
-0.488550
0.996495
-0.454448
0.100810
0.196751
-0.251141
0.798041
-0.460714
0.930983
0.724203
-0.514887
-0.283537
-0.276766
0.818958
0.629274
-0.115579
-0.396268
-0.401694
-0.245448
-0.174620
0.898035
0.289837
-0.733519
0.635657
0.285065
0.444480
0.990849
-0.416702
-0.227892
0.188000
-0.401920
-0.491343
-0.415654
0.165256
0.428247
-0.652358
0.281989
-0.538711
0.209098
0.712714
0.566933
-0.326819
-0.917917
0.858102
-0.11885
0.519327
-0.866034
0.728346
0.936413
0.491847
0.749831
-0.723646
0.602752
-0.80033
0.469431
0.822365
0.982647
-0.110499
-0.925409
0.562725
-0.47408
0.383804
0.641779
0.227835
0.522106
0.975556
-0.380239
0.336462
0.477913
-0.311193
0.758300
-0.983708
-0.799094
0.157863
-0.611866
0.694501
-0.351696
-0.605421
-0.190457
-0.88020
-0.69290
-0.17204
-0.279132
-0.432520
-0.319219
0.704389
-0.393623
-0.334818
-0.331361
0.949924
-0.762325
-0.635206
0.722731
-0.623849
0.590235
0.658455
-0.291799
0.625406
0.62031
-0.360680
0.834343
-0.975121
-0.785870
-0.453387
0.835324
0.93163
-0.564088
0.711670
0.1700
0.749064
-0.80094
0.284164
0.115884
0.975528
-0.516552
-0.591869
-0.917629
0.95213
0.909633
0.853435
-0.984615
0.342606
-0.224024
-0.868228
-0.422500
0.850364
0.57516
-0.390839
0.76803
-0.384019
-0.218927
-0.460603
-0.575582
-0.356408
-0.653473
-0.746524
-0.705498
0.703145
0.176111
-0.155248
0.221369
0.617558
-0.656493
-0.452286
-0.407469
-0.359357
-0.328546
0.279305
-0.408481
-0.905696
-0.878260
0.216396
-0.257703
0.513282
0.523618
0.548778
-0.706846
-0.23873
0.207437
0.645693
-0.345170
0.757655
-0.341362
0.610549
-0.189025
-0.844503
-0.168467
0.167396
0.529496
0.376337
0.898264
-0.314453
0.124155
-0.1155
0.847191
-0.462851
0.168250
-0.898781
0.773818
0.292160
-0.541929
-0.62832
-0.746618
0.169270
0.943611
-0.329228
-0.503426
0.963339
0.14713
-0.475526
-0.127694
-0.86969
0.191587
0.321908
-0.11433
0.960952
0.783436
0.296462
-0.770365
0.806169
-0.527692
0.72205
-0.811784
-0.658700
-0.32742
-0.721105
-0.105307
0.972732
0.310176
0.778651
0.941413
-0.907676
0.279740
-0.771257
-0.669872
-0.796786
-0.261880
0.745035
0.937239
-0.416513
0.570666
0.646769
-0.462044
0.489220
0.463198
0.642887
0.40179
0.162165
0.271054
0.402729
-0.543553
-0.171195
0.584859
0.395450
-0.836318
-0.8432
-0.982286
0.115663
0.307407
-0.249255
-0.421811
0.691568
0.959058
0.814614
0.819860
-0.203743
0.933211
-0.685199
0.807520
0.72872
0.441668
0.83528
-0.769210
0.900989
-0.836778
-0.879926
0.75091
-0.236933
-0.941580
-0.780613
0.301595
-0.641206
-0.875646
-0.785580
-0.956110
0.843358
-0.456109
-0.338085
-0.158781
0.818288
-0.422023
-0.770501
0.302412
-0.531263
-0.91686
-0.38138
0.328937
0.144439
0.38454
-0.404102
0.304823
0.908695
0.207050
0.502603
0.2207
0.877743
0.51809
-0.437696
0.688383
0.114567
0.313540
-0.689702
-0.348401
0.363412
-0.280512
-0.897772
-0.531327
-0.378972
-0.569600
-0.620561
-0.235171
-0.512390
0.695605
-0.157554
-0.951750
0.196761
0.457530
0.424119
0.236956
0.709139
0.71399
0.135507
-0.929731
0.341104
0.428759
-0.103843
0.9026
-0.467262
0.599025
-0.604971
-0.929642
0.816066
0.688195
-0.193105
0.60421
-0.991675
0.541860
-0.734547
0.674366
0.519978
-0.586373
0.767055
0.756408
0.300031
0.891839
0.906208
0.706735
-0.725006
0.511516
0.869138
-0.853060
0.220110
0.504349
-0.415567
-0.63012
-0.798193
-0.559367
0.761138
-0.832270
0.187560
0.998876
0.61943
0.848747
-0.133247
0.737765
-0.448553
-0.379551
0.18449
0.139672
-0.578968
-0.369561
0.401126
0.458761
-0.277408
0.256138
0.47845
-0.591442
-0.993330
0.413090
-0.316805
-0.645315
0.258032
-0.950373
0.425119
-0.226849
-0.841785
0.381248
0.558043
0.921528
0.163745
-0.333125
0.949033
-0.837731
-0.397460
0.585293
-0.918028
0.512327
0.288178
0.485245
-0.101801
0.717384
-0.824857
0.186499
0.971346
-0.251056
0.802046
0.863034
0.541452
-0.726146
0.467939
0.169530
0.91103
0.594732
0.693614
-0.92579
-0.308424
-0.739003
0.457652
0.548886
-0.549881
0.80442
-0.416828
-0.135710
0.160594
-0.413545
0.206000
-0.530854
-0.813990
-0.192738
0.238268
-0.303020
0.644337
-0.196326
0.483877
0.47340
0.577859
0.418390
-0.103963
0.985671
-0.448662
-0.409443
0.14997
-0.984470
-0.614940
0.852943
-0.495230
-0.916253
-0.230691
0.757909
0.890496
0.781032
-0.482088
0.495746
0.786227
-0.366961
0.396987
-0.922256
-0.265758
-0.273675
-0.116639
-0.250258
0.315286
0.784140
-0.795444
0.776899
0.380004
0.187000
0.790057
-0.964496
-0.680516
-0.327526
0.656917
0.522191
-0.189213
-0.319725
0.438837
-0.434073
0.252848
-0.300101
0.792967
0.283288
0.667635
-0.67768
0.669387
-0.550330
-0.912777
-0.943759
0.160343
0.8722
-0.778169
-0.171760
-0.931135
-0.487481
-0.373102
0.781331
0.897287
0.371745
0.51260
-0.538968
-0.504481
0.103255
0.999858
-0.503305
0.545668
-0.542461
-0.873178
0.57195
-0.869110
-0.21001
0.848612
-0.924635
-0.383305
0.310822
-0.768598
0.187917
0.971792
0.723042
0.370890
-0.164556
-0.771078
0.756748
-0.970295
0.481274
-0.874972
-0.597971
0.337313
-0.985836
0.851690
0.704239
0.179153
-0.442424
-0.216032
-0.638948
0.424517
-0.19833
-0.543227
0.872555
0.106876
0.385632
0.405162
0.221785
-0.538913
0.495797
-0.536984
-0.559948
-0.608545
0.383434
-0.684190
0.927852
-0.342240
-0.820654
-0.756970
0.431693
-0.79744
-0.878399
-0.317281
-0.260085
-0.340510
0.279503
0.472270
0.109983
-0.841824
-0.938097
0.32153
0.151074
-0.846338
-0.292564
0.181290
-0.499858
-0.57935
0.778644
-0.511147
-0.747764
-0.310963
-0.761856
-0.866718
0.413105
0.881609
0.750909
0.249855
0.320859
-0.390063
-0.732205
-0.370385
0.865092
0.126674
-0.803537
0.715170
0.38534
0.578568
0.842072
-0.704934
-0.186533
0.122732
0.533010
-0.355777
0.501485
0.499997
0.833547
0.982106
0.815054
0.375080
0.779305
0.686245
0.632737
-0.134582
0.742805
-0.246338
-0.942412
0.383133
0.774362
0.361995
-0.517455
0.25889
0.248726
-0.598698
0.633128
0.198725
-0.96733
0.262978
0.182488
0.236983
0.753429
0.370984
0.885096
-0.720319
-0.42083
0.451657
0.460659
-0.943245
-0.1895
0.805870
0.548426
-0.80161
-0.922270
-0.890982
-0.257052
-0.546404
0.127639
0.739026
-0.220561
-0.188546
0.58011
-0.854887
0.150455
0.260760
0.856428
0.303725
0.103930
-0.566366
0.727026
-0.130958
-0.101665
0.510911
-0.627454
-0.758393
-0.741986
0.627012
0.619847
-0.351372
0.796384
0.439004
-0.711467
0.90371
-0.126617
-0.841597
-0.630437
-0.870426
0.682622
-0.477760
-0.663979
0.674444
-0.699444
-0.755019
0.816059
0.605946
-0.234876
0.297961
0.304033
0.278092
0.561422
-0.316997
-0.608597
-0.440314
-0.601465
0.117647
-0.670579
0.704113
-0.642603
0.722020
0.81877
-0.587459
-0.889269
0.295801
0.790104
0.140304
-0.693583
0.576090
0.677429
0.626103
0.450831
0.60690
0.568546
-0.524138
-0.256641
-0.186164
-0.90477
-0.687975
-0.691747
-0.689401
0.74022
-0.866082
-0.803359
0.102489
0.974929
0.276035
0.988694
-0.579874
0.134234
-0.801094
-0.382875
-0.245745
0.277234
0.969451
0.433849
0.483537
0.488557
0.791828
-0.308144
-0.805410
0.139261
-0.741537
-0.450875
0.717900
-0.458129
0.492336
0.22604
0.830709
-0.188154
0.785172
0.459012
-0.646226
-0.134681
0.272190
-0.848723
0.242251
-0.675398
-0.148643
0.337905
0.227735
0.901889
0.153390
0.458153
-0.740684
-0.784259
-0.301014
0.827270
0.707193
0.901646
-0.921129
-0.89688
0.771057
-0.663522
0.407711
-0.302596
-0.313813
-0.871870
0.645331
-0.967655
-0.9034
-0.944576
-0.27890
-0.773640
-0.250150
-0.747170
-0.942007
-0.851012
0.118296
0.149116
0.32313
0.194158
-0.688902
-0.329682
-0.912403
-0.752953
-0.81955
0.264189
-0.18432
-0.877632
0.229467
-0.956214
0.978013
-0.400890
0.838113
-0.655022
-0.518071
0.249257
0.431561
0.573911
-0.908980
0.298106
-0.57098
-0.133485
0.116477
-0.860465
0.668624
0.33771
0.656610
0.292004
-0.984668
-0.397853
0.312558
0.742417
-0.742401
-0.604436
0.159545
0.675021
0.497541
-0.808526
0.368679
0.992667
0.518375
-0.716646
-0.461099
0.186060
0.472028
0.497564
-0.747376
0.561410
-0.556310
-0.173863
-0.101092
0.965202
-0.690094
-0.245356
0.475425
0.612430
0.780813
-0.168786
0.370430
-0.720384
-0.971464
-0.659748
0.974282
-0.724971
0.903356
0.279151
0.264071
-0.152138
-0.534434
-0.12939
-0.668221
0.520012
0.987149
0.207298
-0.76348
-0.716389
0.178335
-0.766654
-0.597296
-0.715913
-0.906811
-0.54157
0.272122
-0.125048
-0.120141
-0.332768
0.796061
0.753748
0.574282
-0.140790
0.405082
0.214795
-0.749669
-0.252387
-0.989426
0.396675
0.996069
0.583472
0.657128
0.591099
0.879212
-0.598336
-0.809351
0.491187
0.313131
-0.550616
-0.521861
0.334335
0.263213
0.134848
0.71374
0.181581
0.498708
0.851986
-0.506278
-0.965809
0.883305
-0.93467
-0.432582
-0.592642
0.732984
-0.496631
-0.908670
-0.42728
-0.934040
-0.457226
0.741804
-0.589210
0.920214
-0.912700
0.400634
0.844687
0.475359
-0.492949
0.39161
0.170006
-0.228850
-0.59695
0.497603
-0.858459
0.312704
-0.953410
-0.470845
0.811372
-0.16520
0.850256
-0.635285
0.701095
-0.149449
0.534937
0.795987
-0.509813
-0.887933
-0.195061
-0.704636
0.333532
0.885558
0.588200
0.862266
0.263815
-0.156348
0.295942
-0.325366
-0.934982
-0.223785
0.696130
0.207567
0.560962
0.291804
0.513742
0.325896
0.13780
-0.166921
0.84209
-0.34256
-0.907974
-0.494799
-0.14941
-0.750009
-0.294981
0.452547
0.993567
-0.713407
-0.788319
0.826904
0.1651
0.665688
0.396958
-0.166467
0.378148
0.861896
-0.424031
-0.522743
0.176861
0.905248
0.762899
-0.495658
-0.50613
-0.310995
-0.730628
0.657346
-0.807052
-0.780414
0.188347
0.717883
-0.663956
-0.368971
-0.452827
-0.526959
0.197171
-0.650587
0.822706
-0.232889
0.388014
-0.744957
0.198137
-0.367273
0.274394
-0.241904
0.94568
-0.545589
0.55919
0.846511
-0.838979
0.171139
0.354734
-0.28925
0.484324
-0.83465
-0.322052
0.507333
0.779781
-0.558082
-0.22294
-0.33269
0.759774
-0.391739
0.9771
0.840792
0.644426
0.433956
0.833658
0.692953
-0.757401
-0.223026
0.637544
-0.115994
-0.604966
-0.471501
0.990415
0.260476
0.599981
-0.598587
0.923170
-0.491206
-0.967663
0.566757
0.420748
0.152008
-0.552481
0.257602
-0.621746
-0.123703
0.80377
-0.886677
0.132679
-0.853686
0.832073
-0.858764
0.924357
0.322840
0.307837
-0.209694
-0.182011
0.906735
0.769441
-0.440870
-0.86990
-0.650603
-0.708834
0.270863
0.200786
0.90526
-0.609528
0.304455
-0.331965
-0.942258
0.549596
0.884740
-0.62710
-0.982452
0.988516
0.256042
-0.20599
-0.759225
-0.443927
-0.87300
0.187343
-0.193925
0.159821
0.363460
-0.642027
-0.647941
-0.490374
0.439582
-0.356860
-0.901588
-0.878060
0.937235
0.580629
0.660798
-0.242902
0.185621
-0.958628
-0.259820
0.910630
0.126589
-0.445351
0.776984
-0.339916
-0.5162
-0.671305
0.558505
-0.97086
0.997082
-0.192202
0.218623
-0.922330
-0.898053
0.332847
0.515760
-0.781153
-0.828839
0.933232
0.678582
0.855094
0.2628
0.623199
0.108470
-0.56875
0.914352
-0.763432
-0.233237
0.86276
0.599424
-0.289163
-0.178952
-0.273886
0.329525
0.646319
-0.29322
0.208203
0.544165
0.593085
-0.68040
0.758187
-0.448093
0.148072
0.756437
0.812620
0.686175
-0.503751
0.204803
-0.905623
0.533812
0.58787
0.569708
0.111437
0.614746
0.282861
-0.387186
0.697883
0.111724
-0.32961
0.113008
0.256727
0.496420
0.180664
-0.87172
-0.268256
-0.670934
0.216822
0.110387
0.870867
-0.549134
0.440623
0.227481
-0.804304
-0.500815
-0.240070
0.715551
-0.929359
0.289980
-0.429548
0.229015
0.547192
0.541200
-0.656943
-0.608627
0.409424
0.714243
0.126786
0.504907
0.797281
0.801061
0.652249
0.50501
-0.761288
0.207984
-0.266690
0.404993
0.369652
-0.94250
-0.146837
-0.587110
0.376990
0.439013
-0.759429
0.467572
0.982346
-0.626765
-0.817949
-0.732557
-0.566805
0.286426
-0.410245
0.163730
-0.670317
0.322845
-0.960857
-0.406119
-0.727660
0.874329
0.821757
0.76503
0.126886
0.471404
-0.413239
0.40425
-0.660854
0.329892
-0.50975
0.367349
0.751603
0.571150
0.116501
0.83012
0.338755
0.363954
0.815594
-0.480968
0.176429
0.920020
0.672685
-0.118769
0.320001
0.920991
-0.458636
0.641325
0.978534
-0.471755
-0.706098
-0.971900
-0.28461
0.238069
-0.292663
-0.302888
-0.187762
0.607818
-0.732410
-0.193988
0.691601
0.456092
-0.919672
-0.909532
-0.826246
-0.25946
-0.936055
-0.126253
-0.850053
0.324925
-0.83360
-0.644513
-0.399778
0.647923
-0.495271
0.700951
0.989594
-0.369813
-0.287166
-0.840177
0.660632
0.678460
0.380321
-0.593909
0.685387
-0.889443
0.579351
-0.72575
-0.818992
0.627669
-0.595113
0.50191
-0.518369
0.526678
-0.215701
-0.951651
0.749330
0.505725
0.467528
-0.360026
-0.51172
0.438015
0.816129
0.126005
0.263792
-0.498440
-0.598648
0.476317
-0.484987
-0.955256
-0.402554
-0.93374
-0.53370
0.797887
-0.731438
-0.190165
0.956438
0.929486
0.171475
0.956745
-0.325519
-0.326877
-0.520169
-0.73888
-0.838893
0.738549
-0.452403
-0.426035
-0.463727
-0.59375
-0.930892
0.494127
0.394073
0.176251
0.995458
-0.33521
-0.104534
-0.761496
0.679945
0.662565
0.380880
0.792990
-0.265742
-0.371760
-0.475652
-0.440986
-0.197027
-0.293876
0.391431
-0.189354
-0.119475
-0.707866
0.99625
0.365066
0.821098
0.814761
0.945097
0.67965
-0.859480
-0.456660
-0.903564
-0.774382
0.865464
0.724397
-0.571089
0.160137
0.169330
0.914574
-0.853718
0.564878
-0.823623
0.425851
0.536446
-0.979560
-0.966246
0.763763
0.366571
-0.486754
-0.639107
0.521635
-0.157606
0.417113
-0.66127
-0.112244
-0.127680
0.143718
0.89465
-0.720024
0.579737
-0.538189
-0.168510
-0.448498
0.872802
0.316173
0.179108
-0.754810
0.35932
0.663651
0.19963
-0.54609
0.969369
-0.98946
-0.767896
0.201097
-0.551260
-0.926321
0.73943
-0.287555
-0.826423
-0.491360
0.957888
0.858598
0.934446
0.612232
-0.330848
0.102052
-0.381520
-0.391755
-0.536321
0.46105
0.848490
-0.840055
-0.379949
0.901884
0.764043
0.728256
0.155766
-0.232104
0.141807
-0.560973
-0.60233
-0.289224
-0.380376
-0.623873
-0.790183
0.36983
-0.675109
-0.593812
-0.37353
-0.777784
-0.405292
0.39681
0.125599
-0.683975
-0.148826
-0.256414
-0.424326
0.167165
0.259322
0.754103
-0.493721
-0.204531
0.184477
-0.740242
0.810391
-0.539579
-0.56770
0.809446
0.883750
0.482480
-0.254721
0.757987
-0.800884
0.516453
-0.748895
-0.626064
-0.577995
-0.444151
0.661643
-0.17007
0.735123
-0.720422
-0.168551
-0.6967
0.539641
-0.601229
0.744693
-0.22466
0.800721
-0.638488
-0.325828
0.824936
-0.611500
0.699000
-0.486185
-0.777881
0.821650
0.45907
0.544523
0.558854
-0.58674
-0.427583
-0.35651
-0.381649
0.505320
-0.418692
-0.284690
-0.251325
0.545421
-0.202037
-0.215389
0.769267
-0.994574
-0.543592
-0.900753
-0.655966
-0.295233
-0.279146
-0.533598
-0.199961
-0.680934
-0.386420
-0.894986
-0.410871
-0.137126
0.988366
-0.625531
0.905906
-0.89160
0.191908
-0.584648
0.465692
0.931424
0.243470
0.921986
0.536645
0.611140
-0.117601
-0.77162
0.946534
-0.657732
0.83156
-0.208886
0.936074
-0.471265
0.320663
-0.975856
-0.968499
0.563897
0.921359
-0.204456
0.121508
-0.897422
-0.838076
-0.283933
0.221577
-0.752215
0.257634
0.810149
0.291851
-0.838042
-0.370032
0.431573
0.270235
0.583205
0.514058
0.165950
-0.119611
0.907380
-0.70661
0.258649
-0.165684
0.113324
-0.488317
-0.649730
0.237592
0.425386
0.334374
0.462508
-0.885134
-0.312555
0.866080
-0.67463
0.58230
-0.459730
0.198862
0.937482
-0.761948
-0.304216
-0.6984
-0.63138
-0.958070
-0.368552
0.378188
0.413406
0.909479
0.695218
-0.237171
0.277602
0.286582
0.456997
0.488415
0.366342
-0.477990
-0.533333
0.140856
0.245902
-0.117699
-0.907722
-0.478219
0.275561
-0.79794
0.163257
-0.282518
0.645071
0.210895
0.54544
0.529252
-0.498730
0.607796
0.524920
0.144886
0.363930
-0.901629
0.274825
-0.625485
-0.283899
-0.553871
-0.54948
0.920720
0.921841
-0.834793
-0.379982
-0.429975
0.403992
0.427128
0.302775
-0.216087
-0.350953
-0.971061
0.13916
-0.208869
-0.301825
0.777676
0.631833
-0.573146
0.379067
-0.562763
0.288336
0.637763
0.63213
0.137593
0.153258
0.65397
0.987748
-0.162694
-0.633005
0.332184
0.650656
0.807957
-0.840960
-0.352516
-0.821746
0.495429
0.940722
0.835115
-0.714436
0.886276
-0.359092
0.404610
0.504484
-0.381208
0.455219
0.105025
-0.855956
0.421069
-0.326789
-0.433296
-0.721568
-0.291321
0.578270
-0.182578
-0.131848
-0.193104
0.53231
-0.870484
-0.197722
0.211558
0.481437
0.307873
0.745917
0.34310
-0.18879
-0.253945
0.912684
-0.435442
0.704407
0.300012
-0.719578
-0.359900
0.123535
0.330526
-0.482077
0.6903
-0.375019
-0.817261
-0.43719
0.709994
0.351882
-0.352103
-0.25557
-0.755520
0.438270
0.82572
-0.65000
0.930658
-0.189208
-0.26145
-0.319620
-0.667505
-0.347825
-0.331927
-0.852689
0.3200
0.5860
-0.985489
0.175552
0.277734
0.829245
-0.288023
-0.319130
0.599133
-0.996218
0.695977
0.691031
0.43182
-0.848248
-0.463105
-0.933383
-0.938213
-0.854312
0.3365
-0.697416
0.160039
0.157758
0.937259
-0.183096
-0.985228
0.710727
-0.527856
-0.561039
-0.956967
-0.462500
0.142928
-0.919082
0.367830
-0.521196
-0.835963
0.168648
0.261625
-0.960417
-0.319647
0.767982
-0.839179
0.18784
-0.396820
-0.454426
-0.21814
-0.290211
0.345513
-0.762236
-0.15392
0.117244
-0.534748
0.880062
-0.128650
0.27963
0.500345
-0.785877
-0.307358
0.222913
-0.417189
0.574317
0.143322
0.120099
-0.106526
-0.234883
0.198472
-0.522330
0.154371
0.562298
0.242872
0.764024
-0.418910
0.599095
-0.387267
-0.946799
-0.15699
-0.759813
0.418350
0.680561
-0.278599
0.679499
0.783924
-0.242996
-0.604221
0.737669
-0.395556
-0.106664
-0.84299
0.57087
-0.44119
-0.792375
0.41356
-0.251544
-0.948452
-0.500934
0.363901
-0.220475
-0.898614
0.602473
-0.268766
0.898986
0.874540
0.511492
-0.744113
0.946757
0.88819
-0.880754
-0.807673
0.106233
-0.97107
-0.499530
-0.820305
-0.125186
0.699829
-0.254459
-0.584154
-0.665621
-0.191799
-0.450237
0.778397
0.240496
-0.652479
0.30095
-0.286253
0.248983
0.776200
0.877074
-0.984870
0.831776
-0.246272
-0.169646
-0.272385
-0.321824
-0.528733
0.916449
0.685407
-0.207051
-0.310901
-0.830744
-0.889827
-0.13219
-0.344592
0.778884
0.408906
0.530514
-0.729600
0.1956
-0.51780
0.982523
-0.612193
0.920347
0.88622
-0.151839
-0.880897
-0.29382
0.95014
0.953103
-0.965599
-0.801773
-0.858999
-0.29683
0.548799
0.106938
-0.388123
0.697444
-0.21137
0.814268
0.261542
0.58339
-0.981395
0.429515
0.163027
0.548720
-0.147309
0.19483
-0.199132
-0.111261
0.113509
-0.864863
0.824012
-0.534652
0.696452
0.503965
-0.347732
-0.133138
0.166378
0.438242
-0.977976
0.490735
-0.853808
-0.647946
0.75736
-0.317224
-0.493758
-0.239933
0.260748
-0.195624
0.672562
-0.947898
0.778246
-0.382126
-0.160042
-0.306734
-0.323683
0.779655
0.824040
0.746783
-0.703161
-0.638078
0.246096
0.31042
0.685301
-0.980396
0.442608
-0.894510
-0.525683
-0.681831
-0.613357
-0.856447
0.302388
0.147235
-0.580056
-0.542557
0.474378
-0.512842
-0.575000
-0.260022
0.803255
-0.618165
-0.201417
-0.499421
0.789311
-0.929177
0.202523
0.372412
0.938078
-0.631339
-0.930018
-0.350409
-0.870885
0.641223
-0.923487
-0.706186
0.658016
0.521661
0.353378
-0.102885
0.235040
0.578062
-0.334038
-0.458826
-0.986474
-0.822955
0.296766
0.320889
0.552967
0.129888
-0.379709
-0.752253
-0.193130
-0.897158
-0.811350
0.721903
0.548457
-0.516657
-0.766792
0.703668
-0.98352
0.669759
0.216340
-0.595474
-0.469112
-0.278466
0.594142
0.886547
0.304635
-0.366485
-0.816453
-0.195079
0.388354
-0.796462
-0.203571
0.424765
0.26754
-0.213394
-0.85173
0.45105
-0.566936
0.919460
0.870644
-0.981054
-0.622417
0.323968
0.952280
-0.836486
-0.747135
-0.528485
-0.133079
0.252629
-0.47775
-0.435631
0.307597
-0.719939
0.837012
-0.68315
-0.445406
-0.399287
-0.913261
-0.539399
0.758654
-0.238880
-0.525185
-0.456495
0.236968
-0.850801
0.207853
0.450396
0.799873
-0.422687
-0.809734
0.860894
0.540371
0.355669
-0.499789
0.351879
0.787305
-0.280585
0.874477
0.3459
-0.962557
0.428892
0.657045
-0.234916
0.49624
0.126507
0.148605
0.147204
-0.763935
0.691666
-0.430645
-0.554871
0.150656
-0.46792
-0.88889
0.169282
-0.420864
-0.254561
-0.477464
-0.567531
0.663433
-0.419151
0.197792
-0.50071
-0.585580
-0.258155
-0.301634
-0.750527
0.164835
0.510128
0.880275
0.821522
0.793938
-0.895400
0.598265
0.347546
-0.673322
-0.106440
0.849405
0.865545
-0.414601
0.483915
-0.969430
-0.201231
-0.64467
0.904341
0.423474
-0.278586
0.834651
-0.37870
-0.669622
-0.210966
-0.668467
-0.246762
0.473919
-0.985562
0.752359
0.637460
-0.736625
0.372407
0.66403
-0.294890
-0.518964
-0.739994
-0.780167
0.302884
0.679633
0.825437
0.347610
0.898677
0.700858
0.742753
-0.902773
0.691358
-0.735257
-0.473194
0.856866
-0.324242
0.857913
-0.762150
0.358452
-0.604221
-0.127942
0.418890
0.534561
-0.329785
0.234511
-0.721340
0.969104
0.293035
0.509168
-0.22374
-0.50666
-0.774569
0.927204
0.546660
-0.150810
0.356447
0.129596
-0.270656
0.125609
0.448633
0.189332
-0.530108
-0.615377
0.895502
-0.105725
-0.523284
0.297197
-0.64971
0.383628
0.26411
-0.311570
0.329543
-0.190899
0.621676
0.716993
0.709332
-0.272988
0.97466
-0.578936
-0.45614
0.427197
-0.357405
-0.899455
-0.465149
0.66712
0.333875
0.423474
-0.335801
-0.779970
-0.963586
0.60491
-0.919641
-0.428711
-0.738196
-0.526428
0.208661
-0.385413
-0.710724
-0.21147
0.567953
0.700137
0.498846
0.81598
-0.770689
0.824828
-0.874885
0.923545
-0.251503
-0.327986
0.876257
0.806215
0.324391
-0.683689
-0.476497
-0.243693
0.825399
0.495334
-0.100146
-0.675244
-0.471206
-0.121462
0.934449
-0.173321
0.913617
-0.692004
0.388425
0.907496
-0.206200
-0.780637
-0.328725
0.276204
-0.484513
-0.994722
0.864823
-0.455495
-0.202744
-0.198472
0.138318
-0.839497
-0.905805
0.358161
0.62425
-0.39752
-0.373195
0.984027
0.361071
0.372397
-0.31769
0.946597
-0.553439
0.748974
-0.495402
-0.409728
0.868297
-0.202007
0.813431
0.101037
-0.342178
0.144482
-0.993882
0.933645
0.905092
-0.716891
0.189515
-0.866159
0.581932
-0.531841
-0.111636
-0.743759
0.223498
-0.786740
0.538639
-0.912787
-0.61271
0.628894
0.218483
0.926459
-0.901287
0.93141
0.823190
0.350108
-0.607138
-0.31514
0.339870
-0.215060
0.753744
0.116650
-0.405929
-0.205905
0.603059
0.38706
0.946396
-0.461469
0.124868
0.454837
-0.30263
-0.385885
0.719598
-0.872528
0.709025
0.655540
0.122092
0.304209
0.801628
-0.511574
-0.377619
0.258933
-0.31797
0.688050
-0.791366
-0.104724
0.980536
0.491735
0.424361
-0.792306
-0.907
-0.145211
-0.736389
0.167372
0.475888
-0.975409
-0.261930
0.693874
-0.471098
-0.450393
-0.41163
-0.633149
0.594783
-0.238185
0.521851
0.185234
-0.994689
-0.162109
-0.812570
0.785449
-0.41132
0.174669
-0.27905
-0.113143
-0.283171
-0.794171
0.667710
0.862385
0.584909
0.797989
0.163765
-0.145871
-0.346372
0.922238
0.153815
-0.963753
-0.501249
-0.530714
-0.39670
-0.544510
0.756450
0.647176
0.798707
0.203005
-0.159188
-0.6729
-0.16921
0.514113
-0.976934
0.554940
0.660390
-0.874752
-0.689821
-0.207146
0.82028
-0.52333
-0.606691
0.295342
-0.758128
-0.305366
-0.532045
-0.272974
-0.981049
-0.461316
-0.739790
-0.121436
0.567654
-0.78172
-0.918007
-0.503319
-0.553327
0.354866
0.804218
0.81768
-0.664908
-0.996015
-0.215583
0.778624
0.88781
0.187319
0.772549
-0.261456
-0.821295
0.630383
-0.657650
0.255691
-0.238410
-0.887348
-0.293470
-0.121327
0.388956
0.704389
0.419036
0.350227
-0.239306
-0.852740
-0.362653
-0.901114
0.970176
-0.955955
-0.697903
-0.355157
-0.854908
-0.495295
0.244326
0.655813
0.250317
0.786877
-0.359568
0.693522
-0.674650
0.159785
-0.176811
-0.253956
-0.108749
0.807518
0.937910
-0.775670
-0.921533
-0.973900
-0.920292
0.315494
0.506268
0.872666
-0.755828
-0.497414
-0.145154
-0.984134
-0.234451
0.985305
0.448001
0.698908
0.471851
-0.695081
0.778248
0.75595
0.815048
0.385501
-0.9813
-0.219857
0.340707
0.712471
0.890823
-0.324179
-0.451047
-0.17530
0.135012
-0.317664
0.707369
-0.516599
-0.198080
0.184158
0.499636
0.367148
0.860531
-0.307794
0.820629
-0.719805
0.749575
0.869430
0.386173
0.132375
-0.603398
0.644400
0.979138
0.312738
0.269545
-0.739402
0.615612
0.311334
0.209908
-0.710087
-0.672098
0.774693
0.990228
0.138647
0.47435
-0.413938
-0.753767
0.994305
-0.252041
0.459179
-0.836644
0.323472
-0.305131
-0.444752
-0.770287
-0.61928
-0.584731
0.864058
0.997096
-0.467713
0.306433
0.728069
0.972694
0.825809
-0.545770
-0.779027
-0.483569
-0.351022
0.737306
-0.336444
-0.466966
0.466331
-0.751346
0.143010
0.882152
-0.825678
-0.525079
-0.281489
-0.792473
-0.755214
-0.908638
0.753361
-0.636740
-0.213611
-0.932863
-0.914345
-0.464780
-0.967879
-0.743770
-0.513624
0.237965
0.330859
-0.409401
0.293522
-0.752350
-0.572822
-0.582977
0.85899
0.463272
0.626469
-0.365918
0.795964
0.437842
-0.595880
-0.391085
-0.840239
0.448807
0.424799
0.816151
0.576436
0.283410
0.745842
-0.991794
0.118809
-0.647605
0.367553
-0.802444
0.876926
-0.960066
-0.970956
0.582311
-0.529258
0.14998
-0.922032
0.705082
0.432356
0.680430
0.371232
-0.42644
0.643643
0.268024
-0.736477
0.207419
0.859811
-0.86209
-0.551340
0.674667
-0.732344
-0.551007
-0.553519
0.185548
-0.760934
-0.713130
-0.54555
0.654912
0.478728
-0.742100
-0.542460
0.344960
0.149708
0.749391
-0.132394
-0.297999
0.630076
-0.35466
-0.621448
0.202175
0.603345
-0.30901
0.187431
-0.872451
0.641453
0.397716
0.596774
-0.102538
0.690198
0.963883
0.308692
0.720035
0.627240
0.155067
-0.9220
0.631072
-0.305251
-0.786817
-0.380491
-0.191546
0.306524
0.722210
-0.848291
0.166133
0.709382
-0.393786
0.424602
0.989546
-0.385674
0.816884
-0.534560
-0.523811
0.142633
-0.848846
-0.486250
-0.577773
0.662360
-0.212425
0.157436
0.81845
0.57631
0.917596
0.105804
0.50429
0.51755
-0.919077
-0.864325
0.942479
0.786221
-0.562787
0.864422
0.581598
0.956895
-0.553786
0.721638
0.13853
0.627614
-0.777856
0.838591
-0.773952
-0.244654
-0.993014
-0.168622
0.632289
0.243171
-0.743667
-0.851988
-0.150728
-0.151992
-0.955919
0.372849
-0.169253
-0.417574
0.766585
-0.808098
-0.179217
0.749919
0.678083
0.624077
0.389736
0.21801
0.7545
0.458668
-0.715377
0.411843
-0.516996
0.673774
-0.817859
-0.666062
0.863866
0.641334
0.559616
0.731667
-0.826146
-0.64423
0.772048
-0.349286
-0.992718
-0.970571
-0.451319
-0.928448
-0.199811
0.170916
0.209923
0.118467
0.343842
0.149577
-0.667406
0.657509
0.269692
-0.225786
0.840861
0.337685
0.415731
-0.90731
0.723375
-0.868070
-0.137754
-0.457208
-0.908669
-0.937818
0.851828
-0.672322
-0.484991
0.45490
-0.600820
-0.312775
0.879053
0.307965
-0.991421
-0.710891
-0.450580
0.670686
0.650651
-0.936011
0.736274
0.844536
-0.993929
0.656393
0.395745
0.266308
-0.5865
0.954600
0.745896
-0.728759
-0.693966
0.968466
-0.534963
-0.732880
-0.799752
0.777639
-0.575424
-0.156833
0.171737
-0.564626
0.31463
0.564048
-0.926369
0.954950
-0.813918
-0.925936
0.123359
0.652430
0.566259
0.392993
0.86905
0.934742
0.825511
-0.748035
0.421154
0.597434
-0.176299
-0.6297
-0.712835
0.291286
0.161309
0.34637
0.627977
-0.492047
-0.621433
0.109304
-0.572024
-0.403372
-0.651973
-0.943839
0.496772
0.558449
0.219109
-0.292091
0.558699
-0.975050
-0.800600
-0.37381
-0.729459
-0.171870
0.414469
0.575583
-0.325220
-0.933085
-0.646714
-0.83025
-0.418199
-0.849261
0.238926
0.601956
-0.241082
-0.550337
0.103046
-0.502964
-0.117148
0.699749
-0.956008
0.67167
0.286991
0.807478
-0.393530
-0.109895
-0.564682
-0.481741
0.616861
-0.633937
0.177056
-0.415978
0.288346
0.628959
-0.110129
-0.969815
0.636745
-0.896422
-0.553588
0.373794
0.110756
-0.791551
0.959198
0.28103
-0.873341
0.434002
-0.362667
0.330499
0.285276
0.89211
-0.804519
-0.977895
0.612362
0.881352
0.94570
-0.662124
-0.738836
-0.429821
0.726967
0.274093
0.636316
-0.167058
-0.590780
-0.682701
-0.489720
0.271462
0.830940
-0.768207
0.156379
-0.158308
0.904706
0.488980
0.790459
0.857928
-0.893077
0.150438
-0.872820
-0.561082
0.847758
0.856009
-0.15696
0.664421
-0.409533
-0.838994
0.82187
0.849566
-0.850438
-0.146787
-0.806404
-0.674675
0.169440
0.745228
0.658962
0.538566
0.66445
-0.360550
0.38399
0.961482
0.973951
-0.46548
0.314131
-0.75736
0.783718
-0.805467
0.259943
-0.289604
-0.821609
0.504349
0.373846
-0.19996
0.437490
-0.522434
-0.438222
-0.440173
0.800745
0.984664
-0.899189
0.795799
-0.315629
-0.273029
0.114113
-0.521308
0.630170
-0.448998
-0.584924
0.960661
-0.365892
-0.14656
0.999715
0.732640
0.457904
-0.431690
-0.810409
-0.72704
-0.345107
-0.217963
0.941071
0.911295
0.797633
0.124315
-0.829287
-0.954028
0.84423
-0.515646
0.456219
-0.400951
-0.481943
0.303920
0.92834
-0.934743
0.755061
-0.413515
-0.924681
0.816431
-0.201456
-0.653928
-0.25722
-0.774979
-0.92993
-0.226987
0.55264
0.496039
-0.493284
-0.862264
-0.692935
-0.540413
-0.982417
-0.176834
0.311442
-0.662117
0.450363
-0.92698
-0.440353
-0.102582
-0.158303
0.115263
0.990212
0.299831
-0.927614
-0.585968
0.991806
0.101251
0.596661
-0.397674
0.787702
0.937354
-0.408540
0.230502
-0.897729
-0.414944
-0.695357
-0.818657
0.141511
-0.685419
-0.796936
-0.206027
0.914120
0.762966
0.618067
0.935236
-0.769487
0.160186
-0.418994
-0.543272
-0.756476
-0.405461
0.4777
0.653756
-0.858958
-0.731765
0.643266
-0.444637
-0.277775
-0.100871
0.400947
-0.817964
0.425050
0.864813
0.885191
-0.677120
-0.882654
0.609854
0.339403
0.550071
0.151841
-0.370608
-0.735982
-0.385197
-0.55552
-0.425952
0.38527
-0.659637
-0.738420
0.307622
0.448888
0.781631
0.616380
-0.735326
-0.687799
-0.186849
0.599938
0.151099
0.405407
-0.382382
0.55068
-0.466515
-0.568603
0.73525
-0.166955
-0.963339
-0.398594
0.980090
0.169160
-0.3461
-0.33517
0.212952
-0.264121
0.2080
0.933052
0.679544
0.709149
0.598068
0.788565
0.617480
0.569093
0.604068
-0.358493
0.15365
0.332278
-0.900965
-0.209138
-0.31955
0.510672
-0.691843
0.934850
0.948197
-0.550152
-0.954456
-0.734211
-0.326941
-0.185459
0.303696
0.547871
0.587958
0.337889
-0.795001
-0.635544
-0.569342
-0.377344
-0.106293
-0.148925
0.956194
-0.633459
0.70498
0.998938
0.703680
-0.361153
-0.761054
-0.842790
0.821878
0.870639
-0.276762
0.960188
0.652399
0.107290
0.166079
-0.329534
0.987997
0.549276
-0.847017
-0.972287
-0.281668
0.74425
0.275170
-0.908086
0.130599
-0.746632
0.284908
0.769818
-0.560704
0.212352
0.166028
-0.365410
-0.504881
-0.245224
-0.11957
0.418947
-0.583657
0.852700
-0.926940
-0.988579
0.539512
0.497606
0.958383
0.794433
0.660885
-0.762224
-0.548672
-0.13642
0.75024
-0.921803
0.509082
0.896960
0.866827
0.500622
-0.510447
0.884011
0.740765
-0.423437
0.165394
0.250941
-0.224655
-0.169544
-0.173503
-0.343233
-0.474756
-0.851861
0.638491
0.625634
-0.14834
-0.815438
0.131811
0.607945
-0.113771
0.604429
-0.765604
0.105444
0.901239
0.279940
0.490878
-0.839622
-0.920914
0.982177
-0.956657
0.97428
0.250421
-0.13124
0.128668
0.771160
0.685156
0.37956
0.263664
0.957373
0.451092
0.755998
0.376838
0.940308
-0.803456
-0.406215
0.563002
0.247956
0.416510
0.712007
0.431206
-0.820321
-0.891461
-0.599828
-0.34381
0.352734
0.310866
0.943795
-0.220705
-0.534513
0.839293
-0.300626
-0.444372
0.215718
0.842366
-0.955116
0.927245
-0.422640
-0.666418
-0.6536
-0.579669
0.186272
-0.984355
-0.610943
0.46874
-0.745573
0.86185
-0.804815
-0.111133
-0.424143
-0.980963
-0.743424
0.671048
0.759619
-0.188532
-0.38265
0.158130
-0.691440
-0.387308
-0.863897
-0.480545
0.353055
0.172021
0.129992
0.211108
-0.753005
0.449747
0.132984
-0.662494
-0.974614
-0.691463
-0.168284
0.753769
-0.508430
-0.194813
-0.607964
0.498149
0.274792
0.151594
-0.469676
0.991624
0.587478
0.235463
0.594870
-0.129418
0.781689
0.582364
0.186826
-0.326050
-0.509914
-0.583935
0.228925
-0.111602
0.784958
-0.941206
0.142251
0.993668
-0.406905
0.450192
-0.643441
0.87612
0.916844
-0.375104
0.522461
-0.315279
-0.254722
-0.182959
-0.497651
0.503717
0.74110
-0.53596
0.410458
0.946090
-0.276396
0.851844
-0.492246
-0.344968
0.125785
0.545465
-0.453930
-0.713326
0.759960
-0.708652
0.223551
0.56573
0.689997
0.514022
-0.673786
0.466876
0.372747
0.386372
-0.774528
0.823140
0.468
-0.64912
0.745702
0.195755
0.707228
-0.795978
-0.149480
0.228440
0.479073
0.972638
0.718926
0.619394
-0.274586
-0.989371
0.769810
0.949428
-0.697469
0.741029
0.825282
0.465186
0.357543
0.979641
0.630067
0.379205
0.983247
0.294705
-0.307709
0.826552
-0.436218
-0.631410
0.661139
0.492659
0.627882
-0.318131
0.686824
-0.502027
-0.77185
0.584094
0.238806
0.849098
0.315143
0.440579
0.574254
0.721500
0.115759
0.765557
0.966452
-0.168210
0.8256
0.563851
0.302363
0.772151
-0.580250
-0.603153
-0.319545
0.557462
0.112406
0.290246
0.297877
-0.246189
-0.881009
-0.223238
0.786314
0.958148
0.910493
-0.522354
-0.104229
-0.625109
0.167103
0.536240
-0.196866
0.154041
0.124447
-0.544989
0.972386
-0.868664
-0.319277
0.733560
0.516054
-0.416514
-0.730059
-0.155756
0.749726
-0.67824
-0.525480
0.919830
-0.214118
0.580674
-0.34511
0.277242
-0.433195
-0.892996
0.237809
-0.374416
-0.350969
0.696763
-0.762504
0.948021
0.666089
-0.429060
-0.136261
0.946619
-0.939113
0.688944
0.652958
-0.13225
-0.628445
0.871329
-0.565482
-0.652821
0.69381
-0.513831
-0.234809
0.860467
-0.994049
-0.608820
0.671121
-0.997041
-0.82733
-0.616563
0.684876
-0.854548
0.52362
-0.695927
-0.4328
-0.566999
-0.214686
0.938298
-0.575387
-0.866745
-0.637349
-0.732451
0.547357
-0.435057
0.448183
0.398486
0.197762
0.962733
-0.495264
0.900673
0.523761
0.89653
-0.581207
0.704294
-0.859421
0.758736
0.562957
-0.321592
0.253384
0.256757
-0.840975
0.867331
-0.424629
-0.805213
-0.521428
-0.935838
0.206263
0.816341
0.86147
-0.460417
-0.608028
-0.958690
-0.743045
0.797652
-0.553285
-0.730701
0.226004
0.949349
-0.460800
0.603231
0.493153
0.60122
-0.597266
0.519590
-0.913452
-0.661686
0.231865
-0.208817
0.900659
-0.487692
-0.577230
0.364556
-0.332777
-0.486572
-0.101172
0.808509
-0.661577
0.326445
0.261448
-0.974961
0.342395
-0.696380
0.257023
-0.549171
-0.428019
-0.644331
0.771608
0.841188
-0.355497
0.930666
-0.933915
-0.50994
0.124160
0.370688
-0.739827
0.560508
0.498648
0.172835
0.194789
-0.462411
-0.791574
0.660762
-0.148334
0.700272
0.862414
0.960501
0.402819
-0.424526
0.421639
-0.428939
-0.657216
-0.276393
-0.279039
0.460593
-0.720291
0.612989
-0.546098
0.624105
0.808405
-0.198265
-0.988020
-0.983500
0.202966
-0.950522
-0.719594
0.818776
0.401612
0.81731
0.93454
0.187184
-0.465328
-0.358315
-0.106628
0.705860
-0.823150
-0.102204
0.579243
-0.234714
0.526435
-0.923168
0.597402
0.655544
-0.869818
-0.228722
0.279600
-0.777017
0.248783
-0.272707
0.634105
-0.303148
-0.915396
0.817482
0.40112
-0.793202
-0.270136
0.845281
0.491018
-0.415609
-0.754453
0.324108
-0.576589
-0.811685
0.269163
-0.729839
0.95664
-0.393228
0.471043
0.22053
-0.779258
-0.594055
-0.564329
-0.949637
-0.456514
-0.932536
-0.525929
0.277724
0.390474
0.476946
-0.722859
-0.79258
0.756124
-0.829584
-0.199548
-0.738322
-0.699596
-0.577256
-0.288067
0.835625
0.408491
0.471901
0.57509
-0.69642
0.871739
-0.107621
-0.753373
0.929474
-0.692069
0.253016
-0.643400
0.419479
-0.356421
-0.123274
-0.523629
0.389069
0.759764
0.382893
0.643300
-0.265257
-0.515476
0.625990
0.592462
0.811051
0.830874
0.208853
0.604463
0.333623
0.625069
-0.121724
0.932148
-0.113523
0.404468
-0.25537
-0.981657
-0.79159
-0.212730
-0.315039
0.776965
0.122428
0.222863
0.598466
-0.475967
-0.304562
-0.905338
-0.282438
-0.969783
0.562102
0.441435
0.454723
0.911139
0.469281
-0.755384
0.445413
0.426764
0.656542
-0.415476
0.509657
0.219802
-0.508831
0.273209
0.995331
0.736287
0.649948
0.145073
0.633518
0.154906
0.696433
0.887121
-0.958993
-0.226041
-0.996216
-0.419599
0.49312
0.836444
0.280894
0.382116
-0.868997
0.833658
-0.812478
0.623617
-0.584000
-0.65149
0.205166
0.938633
-0.298859
-0.812398
-0.322543
-0.833652
-0.387751
-0.446350
-0.296101
-0.461222
0.463222
0.200396
0.822669
-0.754402
-0.635240
0.687103
-0.288173
-0.37270
0.823114
-0.914811
-0.81667
0.550216
0.934911
-0.654416
0.857737
0.428814
0.443223
0.145716
0.485927
-0.188914
0.236021
-0.994279
-0.534458
0.143930
0.397570
0.52286
-0.839908
0.981360
-0.631773
-0.38535
0.784118
0.359525
0.612912
0.525938
0.921712
0.769064
0.107222
-0.714632
0.827596
0.548308
-0.433656
0.737108
-0.235801
0.564736
0.386948
0.389788
-0.586974
0.431113
-0.770907
0.847782
0.188256
-0.366706
0.896541
-0.486214
0.456253
0.982009
0.151469
-0.196179
0.470290
-0.771196
-0.396891
0.61009
-0.426649
0.732808
-0.481878
0.406529
-0.713789
-0.514668
0.887277
0.367172
0.551756
0.749793
-0.584651
0.606847
0.739591
0.428531
-0.55379
0.153052
-0.14367
0.195938
-0.982803
-0.199083
0.408406
0.823274
0.230985
-0.155566
0.55980
0.518671
0.884035
-0.211924
-0.19914
-0.276462
-0.162701
-0.590027
-0.348079
-0.189666
0.421136
-0.543826
0.618853
0.157929
0.590251
-0.665284
0.735207
-0.803215
-0.342179
0.759222
0.688300
-0.470091
0.14254
-0.544421
0.362435
-0.693215
0.122837
0.645817
0.636846
-0.140584
-0.633595
0.389681
0.22529
-0.504397
-0.240741
0.243153
0.848359
-0.812746
0.289715
-0.224947
0.91255
-0.952074
0.187908
0.504838
0.401639
0.568204
-0.967643
-0.436740
0.667134
0.387584
-0.237461
-0.869620
0.860335
-0.464787
0.555886
-0.318553
0.640601
0.377585
0.384872
-0.685968
0.44197
0.854449
0.212058
-0.34717
0.748679
0.819772
0.569392
0.104666
-0.888111
-0.612481
-0.291891
-0.607490
-0.234367
-0.310059
0.900202
-0.438454
0.766552
-0.988944
0.616796
0.890506
-0.962316
-0.384321
0.916023
-0.510491
-0.91144
0.280835
-0.603063
-0.864584
0.906104
0.973021
-0.170671
-0.783409
-0.737082
-0.948537
-0.828720
0.235707
-0.65674
0.871800
-0.141719
0.334887
-0.21615
0.164954
0.536751
-0.978461
-0.204182
-0.281865
-0.912014
-0.344780
-0.386684
-0.519328
0.648713
-0.522792
-0.407767
0.728788
-0.293235
-0.331405
0.679397
-0.972234
0.525898
-0.691707
0.934882
0.653990
-0.587902
0.12346
-0.324792
-0.189991
-0.319413
-0.204244
0.140080
0.793018
-0.996707
0.780871
-0.137134
-0.441308
-0.220152
-0.942170
-0.622939
0.34636
0.111283
0.185429
-0.611360
0.442285
0.120908
0.657953
0.95914
0.210657
0.608098
0.317782
0.260985
0.440969
-0.892106
-0.185228
-0.979300
0.758592
-0.783198
0.75715
-0.352145
0.841683
-0.680883
-0.283099
-0.983311
-0.902123
0.517988
-0.369346
0.978997
-0.292814
-0.193455
0.935205
-0.214259
-0.296042
0.154170
-0.908368
-0.406111
0.528426
0.282392
-0.863791
-0.821633
-0.889817
0.502173
0.634946
0.585831
0.384977
-0.438507
0.468393
-0.530332
-0.166577
-0.168897
-0.739875
-0.857701
0.662002
0.112530
-0.922150
-0.324413
-0.306488
-0.103835
-0.340460
-0.901898
-0.468952
-0.561972
-0.509525
-0.734484
0.809512
0.783751
-0.994742
0.850392
-0.297899
0.215243
0.413437
-0.64720
-0.398946
-0.694063
-0.374573
0.981195
-0.452719
0.813574
-0.668177
0.154698
0.484145
0.59780
-0.96255
0.168336
-0.389446
0.646907
-0.472291
-0.555512
-0.912887
-0.610643
0.878240
0.163690
0.167711
0.325908
-0.41675
-0.829929
0.935409
0.37412
-0.316233
0.458522
0.138384
0.57618
-0.849760
0.481913
-0.895409
-0.82812
-0.717099
0.137313
0.740118
0.237050
0.460181
0.340318
0.989392
0.459958
-0.616183
0.44008
-0.56613
-0.881594
-0.231108
-0.701725
-0.5120
-0.932871
0.547391
0.639734
0.49758
0.585655
0.460116
-0.938233
0.336408
0.787838
0.865727
-0.739862
0.449825
-0.861418
-0.534020
-0.356507
0.380384
-0.294064
-0.359562
-0.247988
0.326934
-0.951964
0.792322
0.269263
0.321093
0.114026
0.405299
0.141865
-0.24401
0.85114
0.82778
0.613914
0.730999
0.423641
0.874480
0.532586
-0.537978
0.21169
0.407453
0.8086
-0.863885
0.431719
-0.8705
-0.640661
-0.93220
-0.107880
0.167396
-0.671865
-0.178829
-0.21661
0.799841
-0.771077
0.71502
-0.217175
-0.599031
0.723854
-0.863726
-0.732101
0.761862
-0.421889
0.131242
0.547434
0.284269
-0.229738
-0.831158
0.516408
0.354703
-0.517874
-0.596084
-0.905161
-0.960311
-0.658031
-0.817292
-0.212820
-0.311952
-0.434238
0.680831
0.774537
0.233675
-0.944551
-0.804731
0.728537
0.781149
0.101992
-0.497813
0.605052
-0.152520
0.314865
0.685920
-0.65319
0.678747
-0.473771
0.513933
-0.357383
-0.285288
-0.328795
0.311949
0.249454
0.336448
-0.503035
0.874951
-0.808738
0.887523
0.29988
-0.167641
-0.604020
-0.111217
0.238671
0.842451
-0.889111
0.930692
-0.217760
0.824295
-0.368444
0.851365
0.511357
-0.12271
-0.786492
0.476404
0.505941
-0.428139
0.6786
-0.704104
-0.713563
-0.874215
-0.674296
-0.853285
-0.80252
0.391974
-0.871027
-0.352880
-0.486008
0.735185
0.781297
-0.121684
-0.371986
-0.913552
0.638236
-0.140581
-0.164212
-0.470825
-0.336055
0.246916
-0.34394
0.381356
0.882230
-0.320511
0.615739
-0.673442
-0.783637
-0.200627
0.861302
-0.534396
0.731835
-0.367689
-0.206126
0.250908
0.195329
-0.474841
0.136716
-0.167849
-0.106786
0.419889
-0.544056
0.635914
0.404810
0.483317
0.950720
-0.798354
-0.209042
0.94956
0.520909
0.473702
-0.843689
0.462314
-0.321093
0.32056
0.118524
-0.666758
0.61628
0.506626
-0.139214
-0.732550
-0.40360
-0.805194
0.213299
0.697275
-0.246015
-0.450447
-0.635872
0.102814
-0.59277
0.901198
0.103167
-0.873085
-0.386980
0.631234
-0.402358
-0.648833
0.927393
-0.241177
0.354178
0.391253
-0.142133
0.238953
-0.787166
-0.767675
-0.992989
0.56948
-0.753181
0.260952
0.342449
-0.182708
0.288674
0.220230
-0.801921
-0.873112
0.432563
-0.788996
-0.138770
-0.385406
-0.886069
0.288732
-0.338307
0.975215
0.792067
-0.748002
-0.161057
0.395676
0.278604
-0.182151
-0.110018
-0.752976
0.835980
0.666334
0.602626
0.417040
-0.237526
0.884105
-0.567805
0.700025
0.128191
-0.527093
0.895091
0.771684
-0.571380
-0.770573
0.41802
0.773037
0.614578
0.368885
0.7464
-0.222251
0.524402
-0.853527
-0.482029
0.484784
0.517932
-0.448525
-0.967350
-0.619423
0.206748
-0.769186
0.946249
0.642684
-0.497946
0.778031
0.830199
0.299456
0.622991
0.479513
0.222888
-0.264296
0.8878
0.186548
-0.449382
0.547663
0.712319
-0.421032
-0.375424
-0.735748
0.107991
-0.411485
0.546766
0.809144
-0.380277
-0.307481
-0.769306
-0.893042
0.317303
0.270764
-0.918265
-0.939168
-0.651629
0.321856
0.940269
0.933129
0.87736
-0.502803
0.88260
-0.320611
0.116956
0.104407
0.232573
0.180798
-0.109743
0.316562
-0.786342
0.174944
0.648634
0.981378
-0.70757
-0.153516
0.775473
0.309347
-0.970
-0.364976
-0.774402
0.520540
-0.983185
-0.73204
0.669253
-0.153641
-0.678200
-0.926271
-0.858090
0.948443
-0.854860
0.603693
-0.790983
0.526772
0.575703
-0.909880
-0.877483
0.873434
0.648111
-0.986301
-0.852757
0.322015
-0.984879
-0.890496
0.188640
0.288170
0.973603
-0.190187
-0.353960
-0.72891
0.125059
0.796122
0.445896
-0.379563
-0.132546
-0.960427
-0.538510
0.548965
0.47081
0.399063
0.311105
-0.279223
-0.128153
0.565646
0.702721
-0.411777
0.137661
-0.346674
-0.393807
-0.710268
0.124805
-0.28009
-0.953137
-0.219409
0.49140
0.752293
-0.822058
-0.161305
0.17278
0.432324
-0.365488
0.64131
0.568353
-0.119410
0.169747
-0.4867
0.16725
-0.990572
-0.158907
0.2786
-0.828453
-0.84644
0.302947
-0.600722
-0.489252
-0.556576
0.909853
-0.390594
-0.64216
0.956719
0.856035
-0.561220
0.543519
0.875327
-0.761773
-0.910473
-0.149544
-0.757090
0.757418
0.289068
0.423563
-0.617762
-0.499055
-0.327975
0.34713
-0.313587
0.795337
-0.796212
-0.426599
0.41282
0.582357
-0.294951
0.979576
0.217097
-0.926205
-0.16368
-0.868162
0.199537
-0.675191
0.446842
-0.844911
0.633356
-0.667941
-0.979104
0.617460
-0.315617
0.4845
-0.964424
0.178961
0.237767
-0.687687
-0.971287
0.404617
-0.955772
0.214689
-0.822416
0.195747
0.216200
-0.401693
0.990933
-0.732042
0.251675
-0.433470
0.237660
0.913973
-0.233949
0.245914
-0.190214
0.892414
-0.763044
0.64952
0.683056
0.557585
-0.157092
0.610913
-0.527488
-0.454575
-0.596195
-0.27967
-0.16828
0.825635
0.59952
-0.972367
-0.754785
0.912505
0.488236
0.135995
0.787214
0.586901
-0.685563
0.608684
0.57121
-0.24918
-0.984009
-0.3524
-0.27529
-0.284319
0.417060
-0.370353
-0.154171
0.722380
0.809372
-0.846404
-0.68307
-0.540893
0.147471
-0.515977
-0.729188
-0.890613
-0.626485
-0.230387
-0.239648
-0.257849
0.804097
0.861259
-0.943764
-0.117028
-0.958366
0.349723
0.913090
-0.813248
0.72897
-0.297859
-0.386473
0.547987
-0.115314
0.183326
0.325785
-0.44375
0.102081
-0.88150
-0.521977
-0.315334
0.684964
0.23369
0.104730
-0.691320
0.682194
-0.12418
-0.694004
-0.597979
-0.855132
-0.680632
-0.738832
0.310799
-0.663346
-0.919462
-0.120480
-0.182019
-0.448911
0.436203
0.74709
0.763973
0.633055
0.341924
-0.336797
0.652729
-0.237560
0.372846
0.91073
-0.850009
0.115298
0.972448
0.553324
-0.73927
-0.392560
0.72229
-0.154006
0.740525
0.128946
-0.630472
0.22352
0.174024
0.132914
0.269008
0.263219
-0.11112
-0.437545
0.130648
-0.170731
-0.509457
0.747410
-0.546913
-0.934240
0.688477
-0.886240
-0.45281
0.118502
-0.201209
-0.282527
-0.508109
-0.138291
0.440616
-0.51837
0.566705
-0.808544
0.818564
-0.174200
-0.457371
0.685619
0.687979
-0.497502
0.996804
-0.468918
-0.900126
-0.700934
-0.329896
-0.960160
0.931413
-0.858129
0.750917
0.606985
0.222628
-0.451310
0.922331
0.858553
0.225141
-0.376275
-0.488412
-0.452662
-0.145696
-0.313125
0.25526
-0.762457
0.801634
-0.4115
0.803611
0.638385
0.908638
-0.255296
0.742978
-0.990336
0.986256
0.222769
0.244509
0.895911
-0.861732
-0.382150
0.515026
-0.876903
0.797897
-0.385565
0.8470
0.176804
0.629998
0.780782
-0.62301
-0.373800
0.654082
0.555931
0.304704
0.321501
-0.209935
0.86400
0.880962
-0.74327
0.360673
0.313071
-0.516546
-0.318956
-0.921976
0.552225
0.903561
-0.65540
0.555298
0.488939
-0.106017
0.59144
-0.546795
0.73619
-0.625199
-0.622968
0.124190
0.387719
-0.942267
-0.303633
-0.839119
-0.881226
0.814588
-0.816676
-0.600941
-0.262594
0.148759
-0.55615
0.467282
0.639663
0.793532
0.627409
0.747726
0.558459
0.754508
0.586942
-0.750655
0.369012
0.447638
0.451483
-0.524007
-0.271889
-0.35815
-0.884672
-0.973091
-0.144634
0.819670
0.200698
-0.303523
-0.773742
0.653954
-0.684363
-0.861556
-0.969853
0.271767
-0.874125
0.651765
-0.984892
0.989872
-0.223381
-0.426603
-0.245939
-0.656410
-0.846374
0.722147
-0.534318
0.13505
0.297063
0.304761
-0.216960
-0.237309
-0.888655
0.753452
-0.609359
-0.259464
0.738992
-0.233460
0.965045
0.947921
0.366156
0.464239
-0.595226
0.151860
0.385510
0.191910
0.549501
0.693555
-0.350997
0.828056
-0.223036
0.309449
-0.322643
-0.463312
0.949131
-0.131811
-0.630358
0.248466
-0.590147
-0.634226
-0.889651
-0.578127
-0.288059
-0.910013
-0.267747
-0.599413
0.858293
0.969164
-0.484475
-0.984977
-0.876413
-0.265247
0.229192
-0.732357
-0.946744
0.311349
-0.225424
-0.791900
0.193863
0.668892
0.956335
-0.468746
0.209872
0.511918
0.386738
-0.160659
0.646388
-0.286275
0.972323
0.211272
-0.417920
0.271815
0.928449
-0.673179
-0.798333
0.616627
0.126730
-0.602002
0.555987
0.580006
-0.643519
-0.238581
-0.199275
-0.681840
-0.59841
0.607018
0.932085
-0.637457
-0.975253
-0.15552
-0.652708
-0.560959
0.233905
0.665097
0.793233
0.248970
0.502121
0.243013
-0.528759
-0.389347
0.850670
-0.582713
-0.424255
0.159642
-0.530807
0.205799
-0.323726
-0.512010
0.929720
-0.863875
0.938562
-0.676058
0.116748
0.658432
0.876629
0.750460
-0.76849
-0.26406
-0.69696
-0.416965
-0.877595
-0.333075
0.905875
-0.275304
-0.22192
0.74900
0.284729
0.917790
0.702734
0.79690
-0.656705
0.339366
-0.712380
0.751012
-0.68174
-0.415284
-0.823446
-0.663443
0.109796
-0.81268
0.110631
0.125447
0.456183
-0.829543
0.135811
-0.770985
-0.288439
0.42423
0.992477
-0.299249
0.510469
0.522772
-0.979245
-0.95940
0.641315
0.253734
-0.366080
0.663659
-0.938770
0.13886
0.435139
0.899801
-0.927927
-0.724399
-0.768364
-0.13759
-0.254533
0.645452
0.722747
0.355524
0.951304
0.632361
-0.21143
0.172353
-0.305575
-0.67198
-0.487462
0.496997
0.941928
-0.368498
-0.761396
-0.21830
0.918790
-0.798764
-0.441379
-0.38304
0.796250
-0.226421
0.483037
-0.293658
0.101365
-0.78383
-0.360560
0.36921
-0.313129
0.45485
-0.304030
-0.123159
0.767303
-0.413413
0.108916
-0.117718
-0.638734
0.722560
0.775617
0.943088
0.409779
0.498514
-0.113204
-0.589180
0.973559
-0.17210
0.218333
0.49465
-0.94998
-0.227023
0.914596
0.625433
0.721585
-0.191455
0.396917
-0.406889
-0.188719
0.93388
0.473542
0.244608
0.349937
-0.757395
0.434892
0.586611
0.269740
0.250157
-0.191080
0.770371
-0.256288
-0.442571
-0.129074
0.976254
-0.271215
0.136068
-0.784914
-0.708212
0.158846
-0.219474
-0.305172
-0.639981
0.136072
0.791953
0.798433
0.756169
0.40503
0.224279
-0.564553
0.520074
-0.786527
0.96879
0.69522
0.222644
-0.819754
0.338459
-0.280909
0.216191
0.901283
0.260486
-0.86821
-0.787142
0.248100
0.329605
-0.728306
-0.164775
-0.538525
-0.118978
-0.615801
0.352767
-0.816445
-0.76834
0.702372
-0.30688
-0.817522
-0.336076
0.340533
-0.548019
-0.650991
0.433992
-0.243655
-0.926834
0.893125
0.390227
-0.420138
-0.460833
0.466926
-0.850290
-0.347046
-0.289305
0.204856
0.585264
0.781303
-0.166728
-0.43612
0.844295
-0.232191
-0.585800
-0.333293
-0.150594
0.268078
-0.22720
0.181799
0.904302
-0.270341
0.209766
-0.851693
0.536939
-0.477369
-0.97995
0.820739
0.840953
0.229772
0.694598
-0.435484
0.349202
0.5676
0.438567
-0.761284
0.716321
-0.85534
-0.23175
-0.753821
-0.602928
0.780134
-0.784876
-0.159567
-0.686508
-0.568934
-0.468757
-0.775355
0.224333
0.706233
0.484858
0.38475
0.15495
0.676322
0.93940
0.631489
0.694038
-0.430497
0.561552
0.104743
0.495755
-0.661871
-0.194447
-0.815176
0.250961
0.114386
-0.21632
0.969703
-0.309574
-0.624854
-0.592521
0.133087
-0.184318
0.281825
0.670000
-0.26635
-0.576597
-0.679325
0.642084
0.706177
-0.48615
-0.661568
-0.6128
0.656431
0.793649
-0.235569
0.53980
-0.189081
-0.964945
-0.16872
-0.373826
-0.833405
0.732013
0.237819
-0.39936
-0.816198
0.797264
-0.707855
0.625390
-0.635447
-0.161923
-0.321561
0.272377
0.970553
0.14252
-0.388619
-0.30933
-0.854853
-0.767459
-0.169748
-0.585726
-0.412299
0.980065
0.702735
-0.792
-0.540847
-0.241903
-0.378618
0.405755
0.267954
0.336596
-0.840790
0.911303
0.163180
0.821021
-0.2510
-0.835226
0.306089
0.567667
-0.937100
-0.863360
-0.731174
-0.856708
0.135896
0.491667
0.715176
0.93128
-0.712145
0.251610
-0.715898
0.724605
-0.995730
0.165921
0.407827
-0.826997
-0.302047
-0.822875
0.828324
-0.692069
0.974751
-0.400775
-0.528351
-0.245894
-0.531039
-0.148525
-0.602840
0.481697
0.465666
-0.416742
0.381206
-0.734773
-0.450448
0.265530
-0.269935
-0.275697
-0.141335
0.934614
-0.203080
-0.426535
-0.194365
0.497408
-0.964543
-0.912127
-0.143075
0.820054
0.88961
-0.756590
0.145179
0.850887
-0.979719
-0.176154
-0.835761
-0.307092
0.807629
-0.772960
-0.825040
-0.831903
0.765825
0.736144
0.105604
0.465885
-0.143730
-0.283032
-0.244595
0.220376
-0.293207
0.378072
-0.23651
-0.167809
0.451496
0.865978
-0.243841
0.582471
-0.990967
-0.434918
0.907517
-0.323842
-0.639630
0.856509
-0.257145
-0.657595
0.473416
-0.195673
-0.237184
0.844699
0.336956
-0.481568
-0.957614
0.106816
0.415358
-0.561505
-0.475242
-0.406827
0.8573
-0.31802
-0.856573
-0.848775
0.241417
-0.859760
0.440634
0.199985
0.447840
-0.391092
0.778296
-0.354036
-0.72346
0.549233
-0.317241
0.695165
0.735748
-0.107885
0.449068
0.955015
-0.517460
-0.718142
0.35587
-0.252037
0.632384
0.405234
0.173741
0.637038
-0.707516
0.310028
-0.142332
0.866923
0.248512
-0.503107
0.447820
0.420770
0.272898
0.439727
-0.573392
-0.824618
-0.367597
0.649161
-0.538179
-0.303777
-0.988823
-0.303156
-0.135350
0.41941
0.177592
-0.114147
0.3170
-0.590693
0.190181
0.133611
0.754888
-0.485702
-0.220785
0.180175
-0.937414
0.37363
-0.614110
-0.573746
0.26951
-0.649675
-0.677087
0.346307
-0.815091
0.989030
0.124
0.768846
0.597222
0.393849
0.422115
-0.609676
-0.574329
0.802119
-0.503911
-0.937899
0.507904
-0.768109
0.867748
-0.897953
0.84121
0.204464
-0.525977
0.871962
-0.260562
0.457559
-0.356188
-0.558558
-0.746980
0.151660
0.252895
0.814458
0.709838
-0.494847
-0.729688
0.776778
0.279784
0.930760
0.987256
0.445312
0.584886
0.963199
-0.2812
0.904296
0.915140
-0.683
-0.661869
0.477891
-0.430413
-0.465646
0.365539
-0.6615
0.256371
-0.967436
0.740098
-0.524150
0.831973
0.782411
-0.41812
0.584577
0.775369
0.157691
-0.949458
0.808945
0.608322
0.56324
0.549721
0.135537
0.516667
0.82424
-0.32074
-0.98102
-0.126629
-0.215184
0.116277
0.641745
-0.417726
-0.328884
0.951371
0.263407
0.961478
0.533555
-0.899023
0.833643
0.288417
0.188808
0.555347
0.700891
-0.716480
-0.883121
-0.232189
-0.724404
-0.357006
0.533451
-0.740174
0.868071
0.149294
-0.729203
-0.619774
-0.496712
0.511619
0.745036
-0.5135
-0.781646
-0.878355
-0.554373
-0.705985
-0.793164
0.881121
-0.887721
-0.156178
-0.839300
0.706475
0.386494
0.647703
-0.750794
0.85079
0.742640
-0.974461
-0.328182
-0.705405
-0.996066
0.194036
0.507085
-0.148550
-0.212806
0.183304
-0.642905
-0.136962
-0.732381
-0.912606
-0.943987
-0.495357
-0.604252
-0.243617
-0.838988
0.331342
0.876764
0.140636
0.116889
-0.295009
-0.626620
0.414505
-0.884444
-0.298925
-0.336133
0.100001
0.241920
0.515804
0.97882
0.294960
0.708444
0.288276
-0.668033
0.969059
0.234451
-0.663673
0.258733
-0.646949
-0.629647
0.760003
0.190109
-0.794957
-0.488068
0.278202
0.70184
0.39172
-0.715817
-0.363837
0.272712
-0.717829
-0.629668
0.400939
0.459681
-0.31579
0.510114
0.604165
0.684291
0.132253
0.709884
-0.791013
0.16322
-0.75049
0.190337
-0.148693
0.320839
0.2918
-0.764377
-0.838909
0.968098
0.346091
0.694774
-0.178436
-0.865730
0.100481
-0.753848
-0.388387
0.754384
-0.535013
0.935027
-0.924124
-0.582933
0.722725
0.847251
-0.87721
0.464826
0.809914
0.416772
0.87723
0.331743
-0.890821
0.112403
0.372114
0.775349
-0.844214
-0.623538
0.998946
0.728084
0.70134
-0.316010
-0.423389
-0.108019
-0.489494
0.254357
-0.839998
0.281773
0.671691
-0.42732
-0.293669
0.499989
-0.77514
-0.938925
0.846351
0.830837
-0.275048
-0.74341
-0.960388
0.964444
0.256208
0.543451
-0.804901
-0.859730
-0.252106
0.69454
-0.753248
0.232714
-0.692971
-0.939928
0.871352
-0.972160
0.433964
0.361190
-0.777919
-0.876939
-0.60788
0.646686
0.278320
-0.374986
-0.441582
0.108905
0.530236
-0.58298
-0.29610
-0.795234
0.285343
0.563714
-0.846600
-0.146364
-0.283243
0.658647
0.960047
-0.726072
-0.844453
0.285145
-0.578204
0.997218
0.768373
-0.848000
0.86446
-0.215297
-0.926980
0.123801
0.736620
-0.914452
0.809821
-0.880246
-0.911136
-0.524587
-0.740081
0.557977
-0.236486
-0.943078
-0.643416
0.319194
0.467016
0.618004
-0.346207
-0.683929
-0.528322
0.102690
0.687833
-0.108012
0.621958
0.870911
0.958684
-0.196677
0.500436
-0.716382
0.447185
-0.390066
0.602772
0.340902
-0.266227
0.548158
0.655917
0.132694
0.666488
-0.975425
-0.906010
-0.650487
-0.791577
0.92570
0.503272
0.952217
-0.877233
0.381011
-0.866706
0.945337
0.263096
-0.927483
0.660696
-0.779117
-0.333588
0.131984
0.117230
0.136997
-0.662339
-0.200820
0.71224
-0.632421
-0.11673
0.461167
0.251697
-0.527664
-0.416353
0.466511
0.64381
0.436938
-0.32874
0.670272
-0.384097
-0.575264
-0.69541
-0.728400
-0.961826
0.121926
-0.890605
0.884582
0.505951
-0.689800
-0.900099
0.548409
0.434644
0.878802
-0.586974
0.617623
0.872695
0.50213
-0.1677
0.115705
0.655787
0.453355
0.337078
-0.205047
0.266536
-0.314389
-0.567510
-0.647468
-0.364498
0.986025
-0.591696
0.955249
0.829240
0.922980
-0.300427
-0.794421
-0.792669
-0.18959
-0.102065
-0.521832
0.151557
0.51589
-0.215372
-0.753926
0.225327
0.564047
-0.376303
-0.797767
0.557462
-0.552813
0.792136
0.846808
-0.111362
-0.747257
-0.122477
0.98382
0.138015
0.25806
-0.849029
0.449610
-0.552387
-0.924084
0.49306
0.650586
-0.475302
0.981010
-0.66986
-0.368596
0.209938
-0.424481
-0.934000
0.122802
-0.672834
-0.425403
-0.444692
-0.628924
-0.405022
0.442122
0.307563
-0.93801
-0.812460
0.566655
-0.418982
0.574148
0.600162
0.477689
0.37844
0.122529
0.265452
0.265246
-0.455649
0.739928
0.996234
0.347704
-0.791110
-0.603014
0.32669
0.999370
0.653977
0.596924
0.604851
0.304653
-0.191457
-0.386077
0.491467
0.199757
-0.578197
-0.324141
0.638087
-0.878228
-0.629703
0.549121
0.199968
0.630375
-0.638361
0.624437
0.818265
0.402259
0.388977
-0.499335
-0.956012
0.860266
-0.155130
-0.624993
0.888956
0.255120
0.17168
0.697383
-0.869084
0.587433
-0.587763
0.783361
-0.657313
0.932103
0.490308
0.959439
0.646883
-0.496882
-0.520464
-0.144288
0.657800
-0.960784
0.720001
0.924808
-0.18631
0.612882
0.724112
-0.528774
-0.98215
-0.460420
-0.408668
0.67548
0.755917
0.406621
0.719009
-0.718506
-0.466669
0.568130
0.370163
-0.292107
0.5180
0.995188
-0.333936
0.659774
0.501192
-0.53379
0.572758
-0.514467
-0.718061
0.154112
0.504702
-0.813879
0.68262
0.158042
-0.907652
0.343571
0.387843
0.674829
0.895425
-0.186635
-0.487502
0.855533
0.877293
0.421639
-0.807442
0.548776
0.964723
-0.799868
-0.777369
0.987762
0.440765
-0.114206
0.702796
-0.66740
0.156343
-0.511191
-0.9742
0.736810
-0.253077
0.515094
0.734202
0.889016
-0.459231
-0.764614
0.679499
-0.954326
0.600061
0.465225
-0.890271
-0.417430
-0.818045
0.239517
0.328050
-0.263880
-0.651129
-0.157999
0.875549
-0.116960
0.768603
0.604085
0.150302
0.84719
0.659647
-0.85924
-0.630966
-0.629237
0.948328
0.309503
0.361434
-0.373858
0.385062
-0.914247
0.611576
-0.144448
-0.912782
-0.344634
0.339648
-0.329800
-0.12002
0.65565
-0.435431
0.608332
0.79909
-0.692842
0.523923
0.453907
-0.114909
0.718652
-0.915713
0.623017
-0.644337
0.924284
-0.429709
0.983280
0.186160
-0.117384
0.260001
-0.38056
0.192608
-0.781254
0.313951
0.658220
0.636019
0.671698
0.756325
-0.412932
0.811422
-0.901000
0.591300
0.715548
0.449478
0.431756
-0.107705
0.565742
0.200711
-0.533196
0.614861
-0.459874
0.84640
0.318964
-0.458991
-0.757980
-0.69112
0.544250
0.59612
0.470577
0.125434
0.734922
0.372146
0.49804
-0.164012
0.120223
0.290768
-0.546105
0.744374
0.249078
-0.596966
0.506483
-0.698742
0.842843
-0.826883
0.300150
0.732106
0.218161
0.368441
-0.709813
0.883670
-0.827679
-0.926485
0.66200
0.755206
0.906929
0.355041
0.534604
-0.464146
-0.844842
0.207220
0.276051
-0.696417
-0.76282
-0.794883
-0.113663
0.132483
0.369344
0.831479
-0.762532
-0.783527
0.455210
0.599225
-0.225055
0.399966
0.387105
-0.731242
-0.579216
0.706425
-0.8869
-0.957945
-0.696214
0.96579
0.182100
-0.533807
0.547448
-0.130445
0.4958
0.25177
-0.825746
0.332615
0.548681
-0.908712
-0.524221
-0.816099
0.632798
0.171976
0.897176
-0.427274
-0.712966
0.56613
0.311119
0.779424
-0.949433
0.62443
0.746096
0.504383
-0.975268
-0.455378
0.544585
-0.548933
-0.561873
0.539099
-0.22168
0.571030
0.443807
0.511900
-0.331053
-0.103708
-0.644982
0.572019
-0.593913
0.718560
0.522202
0.101376
-0.961768
0.276874
0.403922
0.15395
0.298698
-0.677577
-0.214068
-0.46488
0.29858
-0.858313
0.832699
0.582272
0.539438
0.28498
0.991123
0.644779
0.296535
0.509238
-0.253978
0.642900
-0.627411
-0.327886
-0.542658
0.419305
-0.40922
-0.763710
0.740654
0.332938
0.646814
-0.858085
0.7663
-0.623534
0.940870
0.37360
0.690109
0.780230
0.549793
-0.675352
0.998843
-0.697672
-0.888628
0.429739
0.807364
-0.909375
0.640465
0.124821
-0.303030
-0.985031
0.430183
0.471453
0.735355
0.954165
0.876152
-0.410303
-0.724174
-0.431112
0.569358
0.758437
0.139880
0.863606
-0.467977
-0.428474
-0.769486
-0.531260
-0.468600
-0.836313
-0.287101
-0.521807
-0.419995
0.70952
0.40087
0.789676
-0.879268
-0.18872
-0.248630
-0.799494
-0.870905
0.3967
0.674178
-0.356412
-0.570644
-0.863086
-0.499556
-0.537350
0.833357
0.96426
-0.110367
0.515593
-0.983272
-0.525135
0.933296
0.464861
0.68951
-0.477297
0.520407
0.402260
0.542788
-0.948797
-0.682945
-0.994600
0.610802
-0.422450
0.526185
-0.743508
-0.505213
0.741359
0.593274
0.759064
-0.191401
0.438058
-0.102775
0.802860
-0.138370
-0.720612
-0.754158
0.370321
0.322591
0.602482
-0.763518
0.874585
0.130986
-0.739946
0.854868
0.935541
-0.768075
0.274430
0.246623
0.32766
-0.345300
0.239012
-0.984943
-0.980771
-0.434808
-0.189014
-0.961947
-0.499762
0.712247
0.333546
-0.771422
-0.129737
-0.159040
-0.410349
-0.481457
-0.823360
-0.229198
0.442568
0.188057
0.70731
-0.39296
-0.853895
0.839696
0.94178
0.626070
-0.635410
0.729516
-0.453343
-0.169314
0.810571
0.339511
0.993882
-0.729007
0.815554
0.892494
-0.572633
0.662382
-0.449386
0.812891
0.570373
0.3993
-0.352806
-0.487283
-0.138418
-0.186193
0.823722
-0.615625
-0.610766
0.803110
0.778049
0.828958
0.143747
0.293563
-0.509771
0.653050
-0.61768
-0.318633
0.906904
-0.220724
0.495218
-0.27016
0.932622
0.169248
0.503625
0.2414
0.700667
0.148709
-0.839065
0.470252
-0.65079
0.461686
-0.813049
0.57773
0.135291
-0.281628
0.201767
0.465802
0.467637
0.710482
0.640114
-0.769289
0.60621
0.217900
-0.392974
0.764875
-0.327806
0.617604
-0.39584
0.377160
-0.986579
-0.805386
-0.483784
0.355440
0.455295
0.439036
-0.295171
-0.952543
0.159027
0.771830
0.374947
-0.42759
0.279619
-0.359960
-0.368445
0.10432
-0.912261
0.59723
-0.119710
0.863819
-0.513790
-0.186767
0.543884
0.197457
0.342457
-0.771264
0.22345
0.936509
-0.507091
-0.653873
-0.549942
-0.746913
-0.512827
-0.890952
-0.254504
0.240247
0.573978
-0.93607
0.599029
0.337125
-0.776704
0.691595
0.438765
-0.133718
-0.440926
0.337745
0.484600
0.485775
-0.440351
-0.146317
-0.131499
-0.979502
0.846283
0.856044
-0.880526
0.419504
0.301560
-0.488984
-0.255556
0.718886
0.926646
0.203703
-0.173993
0.925026
-0.582559
-0.825553
0.490611
-0.452240
-0.910869
-0.814912
-0.17807
-0.481330
-0.345515
0.92396
0.109369
0.813907
-0.900617
0.963613
0.739793
0.205308
0.992686
0.552763
-0.384972
-0.336545
0.862344
-0.603590
0.902225
0.232222
0.571587
0.365164
-0.168605
0.233323
0.745738
-0.660186
0.118280
-0.324236
-0.929059
0.594264
0.431058
0.126225
0.598618
-0.173554
0.331088
-0.264936
-0.763100
0.99983
-0.358228
-0.517280
-0.46594
-0.105849
0.559312
-0.792193
0.823436
-0.835107
-0.349971
0.547898
0.207500
0.482137
0.159933
0.473967
-0.409877
0.371091
-0.907256
0.388423
0.582190
0.151429
0.440710
0.178930
-0.846431
-0.34994
0.491721
0.661344
0.337048
0.786865
0.406906
0.452719
-0.834782
0.617593
0.744886
-0.244945
-0.532993
0.501282
-0.339996
0.754203
-0.210601
-0.382830
0.404793
-0.434248
0.704007
0.755175
-0.998298
-0.476752
0.64409
-0.607823
-0.133066
-0.652723
0.249142
-0.672467
-0.350570
0.291918
0.248571
0.779847
0.751626
-0.911558
-0.951561
-0.115602
0.907332
0.299293
0.203052
-0.297389
-0.276237
0.34881
0.620471
0.147222
0.683075
0.564917
-0.630240
0.101363
-0.591564
0.870203
-0.712359
-0.9337
0.578159
0.107785
0.248451
-0.633681
0.871640
-0.82771
0.924968
0.495856
0.185485
0.56042
-0.921890
-0.713943
0.203031
-0.572932
0.602655
0.567786
-0.923604
0.478378
-0.80746
0.729447
-0.329679
0.960849
-0.558564
-0.862690
-0.33832
0.76127
0.108843
0.985529
0.923273
0.259969
-0.173434
-0.223095
-0.503326
-0.301797
-0.362590
-0.569163
-0.876167
-0.946916
0.19423
-0.211484
-0.761043
0.41681
-0.110386
0.698113
-0.102023
0.559587
-0.785837
-0.888848
-0.516861
-0.422292
0.254594
-0.571720
0.70525
-0.598196
0.360946
0.175907
0.613644
-0.508228
0.761151
0.274041
-0.164423
0.171336
0.649016
-0.272128
-0.767183
0.561680
-0.718580
0.668891
-0.201092
-0.395405
-0.593120
0.200380
-0.305253
-0.447147
-0.431302
-0.962282
-0.71170
-0.62338
-0.710156
-0.918767
0.545239
-0.15468
-0.646551
0.569277
0.984151
0.926033
0.52347
-0.300388
0.867727
-0.456708
-0.985077
0.411107
-0.585313
-0.809137
-0.324264
-0.289160
-0.724703
0.166027
-0.21692
0.251601
-0.216338
0.99467
-0.336752
-0.142637
-0.663743
-0.503509
0.534688
-0.737771
0.904414
0.931823
0.307516
0.647238
0.41964
-0.952529
-0.64921
0.102204
0.381765
0.66297
-0.634231
-0.439349
-0.808280
0.979499
0.373826
0.979322
0.813235
-0.539624
0.648480
0.185675
-0.32832
0.786806
0.342335
0.895365
0.123386
0.475321
-0.170598
0.571943
0.373880
0.354551
-0.301417
0.575004
0.761370
0.751755
0.334194
0.616647
-0.591987
0.981132
0.325168
-0.207478
0.354512
-0.722523
0.113822
-0.536693
0.878613
0.784465
0.741469
-0.327386
-0.990449
0.429041
-0.49276
-0.208022
-0.965494
0.124641
0.582004
-0.255568
-0.531270
0.977979
0.788910
0.165499
-0.405916
-0.396609
-0.825786
-0.166576
-0.835840
-0.173583
-0.157658
-0.559083
0.87112
0.930167
-0.15843
-0.121985
-0.163827
0.224910
-0.130988
-0.652964
0.856726
-0.200641
0.289920
-0.531451
0.995538
-0.527229
-0.119345
0.276350
-0.770037
-0.391926
0.908605
0.365699
-0.130227
-0.57874
-0.497371
0.830823
-0.793116
-0.585665
-0.431385
-0.241502
0.854855
0.580120
0.371396
0.213362
-0.612044
-0.960019
-0.151903
0.109434
0.949031
-0.576049
0.910852
0.833203
-0.954688
-0.303357
-0.52337
-0.329348
0.829943
0.397745
0.314995
-0.375477
-0.732747
-0.964041
0.693918
-0.199484
0.757136
0.605704
-0.182405
-0.888309
-0.857776
-0.555870
-0.252878
0.333658
0.343743
-0.316864
-0.858862
0.102130
0.60542
0.508963
0.172351
-0.430115
-0.483980
0.113828
-0.991079
-0.836182
-0.226507
0.791673
-0.309974
0.111262
0.405790
-0.345161
0.153173
0.888965
-0.546167
-0.880
-0.106375
-0.164357
-0.499519
-0.289444
0.313026
-0.888510
0.550382
-0.535271
-0.838219
0.546779
0.591013
0.25014
-0.855583
0.990605
0.828260
-0.636620
-0.455185
-0.557695
-0.595515
0.478007
0.5470
-0.964428
-0.563053
-0.965266
-0.662585
-0.677987
0.920337
0.30488
0.649685
-0.210375
-0.45284
-0.928934
0.647973
0.4230
0.366473
-0.668383
0.365106
0.960501
0.648862
-0.878489
0.954164
-0.114102
0.292181
0.199477
-0.198389
0.936165
-0.773200
0.293198
-0.384432
-0.697366
-0.296017
0.122850
-0.31264
0.138340
-0.525470
-0.24279
-0.89657
0.386839
0.799324
-0.840057
-0.512521
0.274090
0.157673
-0.223246
-0.381069
-0.809364
-0.319066
-0.854563
0.48269
-0.63162
-0.526084
0.569725
0.742174
-0.30283
0.59232
0.571916
-0.679267
-0.890178
0.929648
-0.895399
-0.66742
-0.987804
0.669681
-0.768843
0.867974
-0.291689
0.919446
-0.558855
0.850682
0.235824
-0.492184
0.514372
0.170099
0.524744
-0.34327
-0.410465
0.157610
0.519582
0.789693
-0.545241
-0.636783
0.600782
0.731048
-0.250554
0.781480
0.524349
0.810471
0.961468
0.475975
0.596670
-0.422708
-0.160428
0.954460
0.923962
-0.484788
-0.950877
0.338838
-0.710504
-0.227648
0.684321
-0.480141
0.799145
0.796447
0.303887
0.763178
-0.815429
-0.456748
-0.798908
0.172220
0.188066
-0.224778
0.811283
-0.206954
-0.666206
0.515551
-0.960083
0.591901
0.319009
-0.36194
-0.177123
0.556157
0.17962
-0.484762
0.940465
0.56093
0.830343
0.783826
-0.360839
0.679767
-0.941735
-0.410277
0.707362
-0.693751
0.906879
-0.165619
0.45670
-0.592907
0.251033
-0.396856
0.251004
-0.352734
-0.250173
0.722975
0.643693
0.187114
0.114412
0.519951
0.115923
0.364498
0.460000
-0.623157
0.768246
0.85656
-0.810085
0.243482
0.451813
-0.142438
-0.249130
-0.345703
-0.300859
-0.510956
0.646561
-0.269749
0.760961
-0.785287
0.680717
0.242985
-0.140860
0.500946
-0.327505
-0.12035
-0.340646
0.514009
-0.52590
0.515303
0.425233
0.801424
-0.89870
0.834279
0.221773
-0.71794
0.60714
-0.384157
0.159772
0.152520
-0.629533
-0.782947
0.835381
-0.592659
0.673020
0.274125
-0.166926
-0.686401
-0.663075
0.623980
0.172951
0.820043
-0.526905
0.951592
-0.122009
0.173954
0.785019
0.754425
0.286562
-0.541076
-0.4102
0.90541
0.890750
0.460529
-0.813974
-0.987731
-0.296636
0.253295
0.44679
-0.26571
-0.825351
-0.434582
0.190131
-0.747123
0.85147
-0.952629
0.103400
0.776630
0.336464
-0.97032
0.321669
0.170068
-0.408890
-0.474550
-0.144602
0.136610
0.217999
0.96675
0.309256
-0.917528
0.648349
-0.483653
-0.946031
0.778604
-0.13795
-0.949286
-0.476752
-0.986473
0.91773
0.855563
-0.478497
-0.722680
-0.596070
-0.137331
-0.663154
-0.816081
0.441369
-0.579605
0.592723
0.669896
-0.266549
0.974687
0.287592
0.145295
-0.938536
0.132092
0.25736
0.629882
-0.674127
0.559836
0.338425
0.681489
0.708357
-0.167194
0.168359
0.907598
-0.5328
-0.694562
0.359798
-0.188637
-0.389772
0.748072
-0.691853
-0.70019
0.661520
-0.252318
-0.522126
-0.296091
0.227605
-0.47915
0.333080
0.347225
0.354151
-0.664033
0.914348
0.44987
0.206104
0.235982
0.687367
0.812995
-0.452209
0.381537
-0.515473
0.721170
0.173618
-0.655395
0.240951
0.877812
0.560759
-0.341755
-0.943572
0.295580
-0.212506
0.80339
-0.837564
-0.797817
0.991351
0.780461
0.889686
0.766255
-0.303421
0.86356
0.940622
0.655826
0.538717
0.492840
0.417027
0.664671
-0.836335
0.562111
0.671048
-0.996377
-0.55634
0.685576
0.311173
0.524978
0.906185
0.675318
-0.608206
-0.864540
-0.877781
0.661917
0.178505
-0.957047
0.587950
-0.237796
-0.395439
0.921398
0.43715
0.912746
0.575157
0.2187
0.565410
-0.360853
-0.41354
0.836892
-0.615477
0.730297
-0.341750
0.841528
0.722854
0.705051
0.829850
0.569367
-0.266127
0.261158
-0.919838
-0.355330
-0.457204
0.175217
-0.457928
0.417694
-0.543622
0.900092
0.351687
0.847777
0.337297
0.192835
-0.211981
0.589768
0.760668
-0.352096
-0.630625
-0.682106
-0.939961
-0.586387
0.902136
0.503998
-0.668425
0.363835
0.145711
0.611007
0.797144
0.199211
-0.82397
0.519937
-0.156259
0.39923
0.95811
0.874713
0.612057
0.466365
-0.981534
0.476304
0.374455
0.702777
-0.84456
0.35879
0.633978
0.407078
-0.540422
-0.75792
0.315401
-0.999917
0.386801
0.963337
-0.852083
0.29403
-0.400067
0.32633
0.894904
0.811040
0.565546
0.860961
-0.114714
0.915900
-0.711408
-0.384522
-0.140112
0.954374
0.775422
0.42123
-0.863767
-0.10178
0.126291
0.554708
-0.778222
0.555
-0.761724
-0.59646
-0.645909
-0.564278
-0.999943
0.416830
-0.365944
-0.183321
-0.288917
-0.317927
-0.329676
-0.932870
-0.370917
0.993514
0.886030
-0.525613
0.371938
-0.40544
-0.77157
-0.407868
0.586327
-0.249861
0.712256
0.126341
0.691331
-0.670209
-0.288726
0.509678
0.639713
0.841487
-0.13614
0.206202
0.468711
-0.436104
0.884273
0.655674
0.185023
-0.455576
-0.855069
0.414804
0.58890
-0.83760
-0.237148
-0.523612
0.96631
0.435309
-0.764904
0.12150
-0.404609
0.295836
-0.808578
0.792188
0.373397
-0.923585
-0.378738
0.291220
0.972459
0.301597
-0.484771
0.602821
-0.223013
0.724352
-0.195993
0.737884
0.701108
0.922190
-0.17935
-0.535993
0.994846
0.136152
-0.830672
0.327566
0.318704
-0.529092
-0.3429
-0.417583
0.202748
-0.730711
0.394790
-0.32048
-0.535020
-0.121937
-0.184968
0.976993
-0.150213
-0.69752
-0.56869
0.816721
-0.59185
-0.211753
-0.26783
-0.321760
0.771272
0.660976
0.553771
-0.778312
0.163615
0.674451
0.107236
0.528399
0.280941
0.271039
0.28173
0.746088
0.466278
0.182677
0.587178
-0.238944
0.589613
0.73568
-0.109297
0.264879
0.784834
0.137849
0.107127
0.665872
-0.297103
0.725879
-0.57376
-0.445338
0.946161
-0.533067
0.165157
0.440845
0.188283
0.930858
0.882645
-0.603198
0.651420
-0.592255
-0.923647
-0.146617
0.227743
-0.578730
0.377168
0.841477
0.684788
0.889372
-0.662907
-0.637419
0.360982
-0.181475
-0.280366
-0.943811
-0.42072
-0.206687
0.310546
0.219173
-0.742152
-0.856112
0.854676
-0.475353
0.72133
-0.422113
0.727646
0.618934
-0.660513
0.848608
0.617787
0.905370
0.844838
-0.658283
0.981713
-0.210025
-0.708064
-0.875890
0.280078
0.618556
0.232321
-0.119955
0.132905
0.564948
0.88355
-0.767002
-0.238680
0.398707
0.300782
0.271606
-0.483503
0.522713
-0.580472
-0.270660
0.266200
-0.729113
0.446238
0.491193
-0.137013
0.405266
-0.18754
-0.964216
-0.360993
0.373656
-0.452617
0.460622
0.159597
-0.644041
-0.414644
0.116971
0.803918
-0.212069
-0.727856
-0.862005
0.308461
0.606591
-0.955892
-0.101002
-0.450082
0.495012
-0.668977
0.355172
0.455322
0.84996
-0.913915
-0.67162
-0.564404
0.517046
0.531551
0.189834
0.162675
-0.167227
-0.883584
0.435452
-0.291944
0.752718
0.402450
0.305847
0.623456
0.244091
0.109163
-0.804260
-0.623190
-0.998531
0.216710
-0.994753
-0.501143
0.14304
-0.979266
-0.234746
0.896572
-0.264835
-0.128059
0.189500
-0.477878
0.321590
0.261197
0.293312
-0.963509
0.555480
0.996561
-0.592309
-0.261270
0.882433
-0.572722
0.544450
-0.137348
-0.284670
-0.896319
0.49626
-0.424113
-0.993942
0.529770
-0.602402
0.95450
0.706204
0.740820
0.106068
0.905127
0.758978
0.138385
-0.463497
-0.629065
-0.57492
-0.255041
-0.932286
0.994686
0.397169
-0.246187
0.534088
-0.673807
0.950001
-0.55158
0.416718
-0.77275
-0.954487
0.995477
0.524097
0.198855
0.666279
-0.721411
-0.649403
-0.41147
0.273257
0.46144
-0.145324
0.80342
-0.134579
0.184098
-0.128490
-0.759697
-0.26089
0.17314
-0.379717
0.164479
-0.186418
0.160914
0.151043
0.882393
0.5748
0.264351
0.681193
0.795453
0.512898
0.399773
-0.273629
0.240717
-0.430997
0.366257
0.506905
-0.373063
-0.449331
-0.561848
0.768743
0.541027
0.405483
-0.474619
-0.666424
0.935153
0.249623
-0.337062
0.10750
0.855675
-0.384867
0.768814
0.785372
-0.617799
0.224910
-0.351430
0.656592
-0.800848
-0.214188
-0.181457
0.545539
0.92638
-0.967889
0.867471
-0.40183
-0.936739
0.461430
-0.349526
0.396486
-0.997858
-0.179676
-0.131402
0.274450
0.931049
-0.240422
-0.885602
0.745468
0.613828
-0.924292
0.208349
-0.720798
0.905878
-0.399697
-0.945384
0.255434
0.933932
0.808883
-0.787731
0.546640
0.88323
0.347638
-0.89376
-0.468517
-0.322817
0.217208
-0.389988
-0.708959
-0.636588
-0.583975
0.904840
-0.41566
0.790871
-0.453162
-0.450134
0.330087
-0.786865
-0.28734
0.803537
0.612149
-0.922764
-0.173872
-0.283717
0.641323
-0.991488
0.534981
0.581059
-0.284156
0.943349
-0.983238
-0.253472
-0.448293
-0.23755
-0.949282
0.523335
0.986350
-0.907142
0.791556
0.559406
0.660220
-0.690882
0.996278
0.288100
-0.676577
0.50456
-0.657637
-0.489492
0.860618
-0.615661
0.856892
-0.404037
0.101448
0.519818
-0.534742
-0.358588
0.179175
0.906515
0.837765
-0.488592
0.942417
-0.690509
-0.842977
0.738688
-0.209601
0.546201
-0.526050
-0.942441
-0.294121
0.36854
-0.574187
-0.540177
0.961266
0.961520
0.157659
0.829725
-0.989160
0.732834
-0.216587
0.568438
-0.858576
-0.525387
-0.581229
-0.12124
0.446439
0.736917
-0.477125
0.806693
0.756490
0.270126
-0.218325
0.46930
-0.136437
-0.72327
-0.283991
-0.779214
-0.271756
0.527193
-0.288781
-0.244687
0.137351
-0.788550
-0.291402
0.85572
0.879808
0.478394
-0.971902
0.338323
0.821440
0.977717
0.51416
0.247998
0.94236
0.692510
-0.347212
-0.634589
0.951506
-0.615393
-0.534735
-0.807153
0.89368
-0.29029
0.327223
0.202315
0.810706
0.770447
0.969667
-0.701647
0.826341
-0.446920
-0.880410
0.690821
-0.21000
-0.107529
-0.39884
0.486631
0.716581
0.223227
0.432068
0.708819
0.121926
-0.621249
0.14064
-0.155496
-0.749757
-0.563014
-0.232981
-0.11140
0.76402
0.842421
-0.549703
0.761891
-0.877416
0.826440
0.927013
-0.68611
0.14526
0.656885
0.529108
0.418051
-0.963854
-0.941736
-0.234901
-0.967169
0.104249
0.943942
0.171347
-0.952940
0.723656
0.874600
0.314640
0.732312
-0.149423
-0.906812
0.750635
0.473748
0.822280
-0.944028
0.401065
0.401190
-0.753493
0.191971
0.83670
0.489956
-0.440644
-0.490699
0.340472
0.117154
-0.644913
-0.168427
0.865181
-0.142741
0.606717
0.777348
0.30671
-0.545801
-0.40022
0.225357
0.882685
-0.931018
0.112574
-0.594966
-0.161081
0.459295
-0.768791
0.234246
0.302602
-0.354138
-0.496460
-0.433454
0.826376
-0.827648
-0.233380
-0.990091
-0.801023
0.472099
-0.375531
-0.399348
0.811889
0.375310
0.519070
-0.247357
0.502895
-0.247344
-0.249334
0.42840
0.692757
0.974813
-0.472550
-0.74907
-0.918719
-0.219874
0.130423
-0.347215
-0.510570
-0.555697
0.848434
0.367665
-0.920902
0.867037
-0.328511
-0.795002
0.813070
-0.463758
0.734721
-0.75545
0.602024
0.980394
-0.947346
-0.707465
-0.566487
0.3909
0.582569
0.282602
0.19287
0.706411
-0.92221
0.885419
0.271229
-0.707263
0.920547
-0.208446
0.110932
0.771372
-0.516450
-0.32547
-0.258351
-0.530562
0.440735
-0.860743
0.479157
-0.807821
-0.584920
0.993022
0.75122
-0.411156
0.999446
0.34593
0.808443
-0.685008
-0.317506
-0.440535
0.786717
-0.449482
0.300615
-0.687475
0.910084
-0.867502
-0.737593
-0.383858
-0.77162
-0.841089
0.930968
0.219690
0.714352
0.97010
0.171310
-0.640420
-0.24995
0.218184
0.916481
0.138086
-0.433660
0.837922
-0.898817
0.16673
0.49498
0.601643
-0.249797
-0.752582
0.758736
0.545063
-0.903490
0.920778
-0.791739
0.286800
0.560973
-0.51137
-0.463179
0.198592
-0.143543
-0.887032
0.589380
-0.722564
-0.826361
-0.836030
-0.324739
0.547848
0.82929
-0.189418
-0.123940
0.582888
-0.933809
-0.228603
0.555789
-0.308041
-0.158813
0.441430
-0.200102
0.620074
0.639141
0.644265
0.353549
0.224813
-0.177091
0.311147
0.923154
-0.18648
-0.560766
0.286655
-0.190799
-0.848592
0.306123
0.646861
-0.970369
-0.49040
0.723039
-0.89742
0.401770
-0.29420
0.245139
-0.912596
-0.267307
-0.57960
-0.694849
-0.493685
0.455664
-0.784317
-0.148652
-0.784364
0.698114
-0.244884
-0.43062
-0.530446
0.165534
-0.540046
-0.416786
0.611670
-0.900240
0.61223
-0.46950
-0.513441
-0.413537
-0.297106
0.728937
0.713916
0.947579
0.364556
0.809779
-0.951827
-0.971221
-0.935043
-0.460868
-0.621157
0.249048
0.988901
-0.237288
0.314965
-0.800101
0.245719
-0.726245
-0.472441
-0.434788
0.180819
-0.764705
-0.252585
-0.657223
0.156638
0.283399
-0.511904
-0.976527
-0.344798
-0.519501
-0.897344
0.304538
0.881345
0.619051
-0.220960
0.223488
0.331111
0.567129
-0.240472
0.320381
0.858797
0.691257
0.136228
-0.904211
-0.914303
0.173493
-0.776019
0.471063
0.25166
-0.11150
-0.176658
-0.680610
0.739184
0.124170
-0.988445
0.893118
0.48332
-0.766999
0.801215
0.698290
-0.611275
-0.43518
-0.866166
0.561010
0.637400
0.686515
0.323152
-0.354532
-0.647570
0.558345
-0.439606
-0.32313
0.584895
0.705202
0.986875
0.617981
0.307979
-0.18149
-0.176080
0.98181
0.667673
-0.660244
-0.184527
-0.602217
-0.9831
0.500816
-0.644730
-0.970079
-0.848793
0.648439
0.595125
0.466524
0.927919
-0.109953
0.96537
0.950185
0.25535
0.304091
0.141557
-0.74863
0.583223
0.117177
-0.141512
-0.490282
-0.278889
0.858679
-0.921494
0.809822
0.842580
-0.986118
-0.644262
0.736032
-0.63084
0.396212
0.462785
-0.388734
-0.79459
0.790314
0.625872
-0.727629
0.452022
-0.811480
-0.427863
0.739283
-0.541078
0.242266
0.178056
-0.371489
0.534774
0.994837
-0.271481
0.559920
0.922187
0.604615
-0.663534
-0.485524
-0.434905
0.521778
0.434659
0.682269
-0.502814
-0.193781
0.419185
0.471066
0.365676
0.467871
-0.365827
0.20801
-0.894377
-0.868777
0.474013
0.189821
0.651306
-0.320744
-0.489012
0.578054
-0.443900
-0.221752
-0.853457
0.333397
0.675073
-0.888994
0.345412
-0.877970
0.51564
-0.797702
-0.101049
-0.467200
-0.731826
-0.871024
-0.307309
-0.245368
-0.737265
0.130647
0.192642
0.842560
-0.781665
0.941320
-0.641350
0.366868
-0.82390
0.251195
-0.701149
-0.452146
-0.539044
0.170165
0.804952
0.113915
-0.399005
0.165643
-0.224959
0.975714
-0.739758
-0.650054
0.769029
0.106726
-0.730548
0.551210
-0.592669
-0.381024
0.359230
-0.494420
0.483074
-0.706399
0.885602
0.990078
0.396598
-0.149889
-0.431883
-0.550168
0.365922
-0.52331
0.531167
0.44520
-0.639601
-0.288255
0.9438
-0.163013
0.907362
0.890944
0.774159
-0.419877
-0.395872
-0.339817
-0.402415
-0.28668
-0.579583
0.381160
0.717245
0.783643
-0.883930
-0.872030
-0.854573
-0.902233
-0.937160
0.71252
0.706905
0.431132
-0.93601
-0.446884
-0.693638
0.264353
0.589256
0.416675
0.587547
-0.212403
-0.272217
0.881197
0.152181
0.921431
0.609313
0.833364
0.516517
-0.451699
-0.551797
0.106134
-0.890488
0.35008
-0.48706
-0.335301
0.168354
0.140434
0.148490
0.600067
0.837766
-0.906364
0.514181
0.796001
0.36928
0.157169
-0.146284
-0.866864
0.666496
0.65572
0.386259
0.867807
0.464929
0.511538
-0.62576
-0.430442
0.633103
-0.863774
-0.109238
-0.210687
-0.423828
-0.767595
0.663865
0.639588
0.569035
0.78267
-0.622385
-0.26261
-0.987019
0.217086
-0.165756
-0.466290
0.500687
-0.495199
-0.538897
-0.272444
-0.622800
0.565542
-0.707203
0.649730
-0.942995
-0.231534
0.706775
-0.169047
-0.828298
0.776093
-0.550015
-0.341969
0.605153
-0.660628
0.575759
-0.623127
-0.5817
0.1576
0.426504
-0.989259
-0.412007
-0.451231
0.511292
0.845280
0.522765
0.366348
0.380110
-0.123482
-0.61838
0.162017
-0.749888
-0.352509
-0.6518
-0.985077
0.38096
-0.318873
0.744186
-0.85238
-0.423087
-0.627773
0.68244
0.534984
0.218791
-0.466321
0.991634
-0.434579
0.929835
0.529931
0.173877
-0.885727
0.522049
0.178429
-0.7408
-0.38067
-0.226889
0.892700
0.176314
-0.259840
-0.118856
0.708439
0.354500
0.368364
-0.962810
-0.253392
-0.446007
-0.865013
-0.376423
0.750645
0.339813
0.330680
0.970904
0.861837
-0.683769
-0.58677
-0.847839
-0.429467
0.942839
0.3027
-0.728830
0.558689
0.911891
-0.659247
-0.499849
0.188499
0.714956
0.406366
0.775263
0.833079
0.389880
-0.294362
0.691577
0.472764
-0.554365
0.56417
-0.764915
-0.490738
-0.71514
-0.997826
0.592581
-0.927378
-0.738208
0.993397
0.601947
-0.488856
0.267289
-0.778604
-0.23401
-0.109634
-0.243511
0.410018
-0.330215
-0.717938
-0.83445
0.489444
-0.418441
0.983563
-0.750567
0.186472
-0.836142
-0.893399
0.974900
0.578650
0.923371
-0.608771
0.403392
0.208013
-0.435898
0.651688
0.158067
-0.711722
-0.74308
-0.249509
-0.704951
0.726446
-0.627663
-0.677228
0.808200
0.117216
0.976867
-0.931158
0.261129
0.146571
-0.97827
-0.732724
0.455744
-0.348755
0.172436
0.387632
-0.34246
-0.451184
-0.250276
0.780824
-0.900643
0.306400
0.140380
0.290474
0.925785
-0.131241
0.751656
-0.312211
0.824764
-0.253805
0.775582
-0.907292
0.788220
-0.504442
-0.486889
-0.613324
-0.699659
-0.297747
0.706338
0.274253
0.541618
-0.688440
-0.785812
0.17028
-0.661617
-0.640480
0.944975
0.279733
-0.422601
-0.804395
0.69442
-0.813375
0.370148
-0.641845
-0.732048
0.224962
-0.354297
0.83294
0.430406
0.299741
0.403859
0.561928
-0.4346
0.114733
-0.625836
0.852789
0.853200
-0.13437
0.809992
0.332538
0.604085
0.332059
0.503608
-0.647547
0.64731
-0.542390
0.403861
-0.850129
-0.945979
-0.351506
-0.916695
-0.816151
-0.903165
-0.542299
-0.1222
-0.771549
-0.948691
0.596393
-0.68018
0.902665
0.707580
-0.117693
0.549374
0.36001
0.481741
-0.99874
-0.108156
-0.717388
0.745613
-0.240830
-0.650878
0.868495
-0.665044
-0.568220
0.225181
-0.382165
0.432293
0.44203
-0.16736
-0.993374
-0.984065
-0.413267
0.9273
-0.136246
-0.906695
-0.18073
0.938511
-0.673494
-0.867809
-0.852971
0.745304
-0.542103
-0.251346
-0.159265
0.699216
-0.282912
0.245887
0.808206
0.859539
0.526398
-0.354232
0.840160
0.947392
-0.896299
0.788073
0.424543
-0.500758
-0.227326
-0.585658
0.52891
0.571935
-0.484507
-0.64687
0.105687
-0.753517
-0.723164
-0.209262
-0.400492
0.626035
0.488208
-0.78766
0.980189
-0.395750
-0.364333
0.626811
-0.782634
-0.785732
0.532922
-0.76206
-0.807349
0.787047
0.937472
0.126542
-0.669316
-0.183813
-0.683037
0.102979
-0.874808
0.387093
0.996490
-0.689070
-0.212652
0.562618
-0.841573
-0.900535
0.984900
-0.695788
0.716596
0.293042
0.91259
-0.92492
-0.255786
0.953874
-0.694202
-0.886089
0.871224
0.18873
-0.566314
0.862154
-0.253021
0.573162
0.999329
0.676646
-0.607632
-0.134542
0.446543
0.473187
0.938858
0.865629
0.800732
0.356457
-0.359581
0.788537
-0.989526
0.366487
-0.446086
-0.480469
-0.724951
-0.194044
0.126804
-0.31474
-0.588325
0.308381
0.964426
0.676596
0.442080
-0.953467
0.441087
-0.760261
0.425401
-0.673161
-0.66397
0.349606
-0.827098
0.640283
0.388589
-0.76305
0.209122
-0.504097
0.75049
0.971411
0.730098
-0.351496
-0.699587
-0.118152
-0.754858
-0.29179
-0.977648
-0.645308
-0.922436
0.791352
-0.473701
-0.804291
0.768696
0.372724
-0.5434
-0.393580
0.785365
-0.939422
0.889537
-0.126293
-0.881592
0.498355
0.534258
-0.180338
-0.945606
0.800423
-0.872051
0.102131
-0.429455
-0.846
0.335342
-0.719477
-0.172206
0.122012
-0.265530
-0.255195
0.920131
0.522714
0.929917
0.943788
0.223798
0.294831
0.865278
0.736598
-0.904521
-0.278678
-0.164574
-0.393274
0.689759
-0.947579
0.796297
0.618764
-0.472676
0.203521
0.877235
0.278117
0.924225
0.713236
-0.518966
0.116940
-0.703630
0.696054
-0.426477
-0.237688
-0.120967
-0.104231
0.388042
-0.150044
-0.380826
-0.779664
0.533579
0.391800
0.663433
-0.763659
-0.554870
0.122238
0.308921
0.159408
0.423972
-0.884340
0.98715
0.494908
-0.227918
0.380180
-0.514871
0.899511
0.733977
0.22607
0.912699
-0.96161
0.183218
0.758773
0.69395
0.776594
-0.347981
-0.71011
-0.682209
0.966158
0.727225
-0.551577
-0.22534
-0.806898
0.258751
-0.670273
0.132124
-0.155371
0.17537
-0.356537
0.381381
0.613003
0.826770
-0.692410
0.766287
0.935460
0.37610
-0.768312
0.454477
0.333007
0.921068
0.917382
0.802418
-0.401238
-0.19601
-0.939591
0.407259
-0.646696
0.752962
-0.259362
-0.30379
0.529113
0.198211
-0.644486
0.905339
-0.398620
-0.13478
0.912303
-0.421459
0.668556
0.587669
-0.874746
0.677094
0.261662
-0.376900
0.465657
0.232198
0.507973
0.324899
0.115801
-0.162656
0.572998
-0.863127
0.24735
-0.831547
0.758350
-0.817790
-0.446849
-0.670890
0.441293
0.745888
0.487774
-0.450777
-0.441200
-0.180910
0.522268
-0.104127
-0.552405
-0.613272
0.284545
0.303135
-0.380388
-0.192344
-0.132163
0.568453
-0.427377
0.513111
0.808779
0.427251
-0.772270
0.323333
-0.984433
0.422508
0.911066
0.146683
0.996953
-0.271211
0.87096
-0.753635
-0.843141
-0.309068
0.152781
0.218375
0.818772
-0.727892
0.770140
-0.401932
-0.995037
0.324116
-0.376574
0.134419
-0.436969
0.299924
-0.901889
-0.259677
0.375647
-0.48253
0.423629
-0.6341
0.428607
-0.349796
-0.818162
-0.986025
-0.92521
0.235654
-0.813644
-0.875326
-0.808407
0.291031
-0.745162
-0.488031
0.635806
-0.681942
-0.835617
-0.818189
0.455220
-0.495675
0.919713
0.602933
-0.340897
0.514034
0.241365
0.921507
-0.80964
0.309125
-0.279599
-0.979640
-0.366145
-0.491193
0.382570
0.982338
0.993719
-0.627525
-0.992418
0.958372
-0.101751
-0.4209
-0.378119
-0.941945
-0.170958
0.317914
0.564579
-0.398668
0.991841
0.648838
0.231948
-0.244907
-0.141894
0.171804
0.135595
-0.983979
-0.635287
-0.613167
-0.430256
0.505194
-0.322535
0.84477
-0.669718
-0.334191
0.922062
0.68676
0.130558
0.412382
0.702367
-0.923116
0.747067
-0.591661
0.927988
0.428464
-0.792645
0.992164
0.305822
0.2295
0.592490
-0.153453
0.835869
0.184915
-0.52064
-0.755232
0.697835
0.108746
0.134500
0.343608
-0.937940
-0.937086
-0.738435
0.845766
-0.38595
0.536151
-0.217252
-0.661989
0.944437
0.535901
0.444201
-0.267284
-0.518537
0.619643
-0.592791
0.715527
0.768029
-0.777669
0.614567
-0.67074
0.504200
-0.800599
0.325533
-0.290926
0.825845
-0.782823
-0.150664
-0.444787
0.426139
0.838592
0.60387
-0.582365
-0.239436
-0.851232
-0.16173
-0.23517
-0.37884
-0.274531
0.803056
-0.149740
0.908637
0.931652
0.499024
-0.244855
-0.957222
-0.976797
-0.153918
0.846025
0.951901
0.763709
-0.648269
-0.521152
0.644046
-0.82275
-0.877493
-0.108708
0.680932
0.878135
-0.933152
0.137823
0.206438
0.424336
-0.706486
0.786415
-0.323
-0.659166
0.886407
0.851098
-0.8706
0.10261
0.681741
0.221385
0.192034
0.58981
-0.738863
-0.531912
0.344128
-0.338363
-0.742962
-0.225354
-0.707607
0.908230
-0.613895
-0.640821
0.692701
0.541504
-0.802755
0.253468
0.378761
0.636327
-0.541958
0.579279
-0.640840
0.453054
0.558772
0.159792
0.111985
0.376747
0.827350
-0.864833
0.185002
-0.443550
-0.201930
0.498899
0.42173
-0.214668
0.852522
-0.502922
-0.227941
-0.909869
-0.183441
0.85798
-0.654035
-0.21306
-0.996465
-0.550493
-0.808828
0.685576
0.207414
-0.107801
-0.868758
0.866423
0.632769
-0.730995
0.358026
-0.196481
-0.743230
0.353245
-0.777528
0.911355
0.777042
-0.955460
0.972244
-0.629332
-0.858216
-0.461950
0.92307
-0.448254
-0.730422
0.618492
0.369171
0.662619
0.613604
0.26019
0.906767
-0.681477
0.915575
-0.818735
0.310677
-0.583830
0.217905
0.412219
0.406857
-0.551641
-0.72428
0.258432
0.501458
0.70352
0.969620
0.538898
-0.66451
-0.592901
-0.373664
-0.418902
0.376056
0.885939
0.81216
-0.420525
0.674985
-0.141704
-0.175004
-0.221716
0.837540
0.824229
0.421144
-0.716251
-0.99855
0.18678
0.237141
0.190566
-0.956664
-0.723510
0.374664
-0.525953
0.665258
-0.829766
0.584146
0.516726
-0.376255
-0.261550
-0.220435
0.317699
0.803306
-0.826515
-0.290309
0.169996
-0.609938
-0.801205
-0.70245
0.66956
0.27519
0.575767
-0.464557
-0.66055
0.466152
-0.154564
0.821759
-0.39583
-0.841344
-0.665512
0.883179
-0.894978
-0.245366
-0.510424
0.56045
0.567467
-0.990456
-0.727934
-0.784783
-0.328530
-0.637947
0.486580
-0.988061
0.84771
-0.392261
-0.477410
0.618495
0.317613
0.101275
-0.212176
0.405419
-0.273588
-0.471934
0.883592
-0.311864
0.540358
0.211568
-0.409517
-0.553101
0.545386
0.793627
-0.769858
0.911536
0.792335
0.915509
0.202835
0.816859
-0.265859
0.510650
0.61864
0.877926
0.772325
-0.145512
0.805476
-0.225186
-0.676679
0.890011
-0.947287
-0.566712
0.847063
0.776838
-0.835854
-0.559027
-0.398843
-0.283870
-0.924896
-0.579281
0.283995
-0.911768
0.456110
0.473039
0.672120
0.612030
-0.680950
0.875382
0.177317
0.94265
0.762269
0.663941
-0.755673
0.654524
-0.109608
-0.894143
0.991303
0.515779
0.975569
-0.96555
-0.351869
-0.267097
0.920033
0.77185
0.827403
0.659577
0.857446
-0.783489
0.271330
-0.326393
0.220876
-0.807246
-0.59151
-0.175945
0.311844
0.682410
-0.13791
-0.729236
0.124690
0.547526
-0.10576
0.574470
0.530622
0.513847
-0.828677
0.215595
0.577129
0.778085
0.862219
0.671001
0.742883
0.354128
-0.851975
-0.206850
-0.922490
-0.961463
-0.994184
0.317442
-0.410245
-0.359463
0.187881
-0.804828
0.114252
-0.401291
0.53295
0.666886
0.458408
-0.585557
-0.137083
0.319754
0.579488
-0.508992
0.817151
0.614831
-0.174075
-0.499022
-0.65705
0.126967
0.919467
0.189133
-0.633255
0.317998
-0.909738
-0.434751
0.728667
-0.622747
-0.552075
-0.398180
-0.474526
0.629326
0.20010
0.43262
-0.981255
0.298377
0.731192
0.906189
-0.376235
-0.488815
0.160447
-0.849147
0.710776
-0.713622
0.636337
0.664781
-0.157518
-0.792169
-0.455159
0.779596
0.38365
-0.853489
0.598188
0.166709
-0.16570
0.293101
-0.611795
0.582483
0.646846
-0.101774
0.440613
-0.426751
0.577014
0.775660
0.87055
-0.468588
0.665933
-0.411331
0.114459
0.754897
-0.749917
0.824398
0.222950
0.684283
-0.735692
-0.669332
-0.68964
0.774436
-0.831355
-0.678151
0.621704
0.76535
-0.501520
-0.68112
0.582259
0.747009
-0.903712
0.726592
0.10994
-0.512811
-0.229636
0.439343
0.794578
-0.460930
-0.280228
0.577047
0.318525
0.705922
-0.657801
-0.436025
0.629748
-0.121292
0.787147
0.176474
0.775111
-0.577531
-0.387780
0.819699
-0.230653
-0.324643
0.936063
0.445518
-0.587978
0.74633
-0.958179
0.518544
-0.726398
-0.154091
-0.4073
-0.860742
-0.536203
0.816636
0.455147
-0.622694
0.949669
-0.229386
0.881732
0.656672
0.342696
-0.231842
-0.274668
-0.405154
-0.906574
-0.63667
-0.406163
-0.722536
-0.362682
0.899053
-0.691859
-0.19982
-0.985437
-0.43612
0.440624
0.853232
0.947942
-0.600548
0.868164
0.256381
-0.597652
-0.201738
-0.244458
0.495237
0.979798
0.941322
-0.916038
0.829538
-0.727024
0.801348
0.573435
0.983672
-0.772358
0.776691
0.622627
0.931613
0.353121
0.773150
0.573977
-0.721071
-0.662677
-0.741784
-0.656401
0.512894
-0.960825
-0.583777
0.1527
0.88341
-0.668022
0.447112
0.898105
-0.543632
-0.544780
0.881509
-0.101521
0.705236
-0.297678
0.375618
-0.534695
0.853857
0.719108
0.546132
-0.521436
-0.43577
-0.15858
0.996460
-0.902119
-0.197893
0.889579
0.598361
0.714686
-0.271652
0.266971
0.482796
-0.52135
0.813539
-0.290639
0.40935
-0.26849
0.517887
-0.91554
-0.989374
-0.87144
-0.956926
-0.783021
-0.529
-0.375237
0.26424
0.952155
0.960227
0.878577
-0.291886
-0.682493
0.981292
0.933686
0.784753
0.46231
-0.51618
-0.994098
-0.142803
-0.596536
0.307531
-0.448217
-0.646686
0.875879
-0.921016
-0.413383
0.923672
-0.578428
-0.354275
0.436848
-0.570058
0.945860
-0.649159
-0.146573
0.233430
0.967999
0.747587
-0.391268
0.332941
-0.517538
-0.537955
0.983212
-0.575853
0.915648
-0.106458
-0.585509
-0.868280
-0.814545
-0.471327
0.825754
-0.736932
0.762070
0.726321
0.395144
0.453189
0.829572
0.392659
-0.969124
0.407128
0.898641
-0.753621
0.706455
0.531871
0.655693
-0.998471
-0.740660
-0.791552
0.252627
0.688773
0.577137
0.109510
-0.649459
0.252198
-0.470683
-0.536060
-0.689265
0.369827
0.944287
-0.433072
0.421249
-0.597780
0.716004
0.697345
0.423559
-0.649107
-0.44433
-0.923757
0.260788
-0.345180
0.351634
0.133499
0.687274
-0.469323
0.437729
-0.264246
0.366643
-0.53592
-0.767712
-0.83983
0.137056
0.708319
-0.8060
-0.391734
-0.840736
-0.33023
0.134507
0.265973
0.186201
-0.486047
0.670395
-0.515613
0.645024
-0.152390
-0.320143
0.636711
0.485816
0.671392
-0.9811
-0.279077
-0.316394
0.559269
0.994975
0.305387
-0.593242
-0.837811
-0.574431
0.817028
-0.922630
0.664896
-0.722144
-0.732676
0.162990
-0.218189
0.983547
-0.539700
0.325718
0.783547
0.473267
0.18223
-0.396720
0.846499
0.725811
-0.223311
0.665650
-0.923918
-0.706168
-0.112107
-0.577014
-0.558312
0.860266
0.893207
-0.746038
-0.506679
-0.282040
0.285815
0.413640
0.198968
0.312193
-0.820596
-0.826839
0.881991
-0.917460
0.918518
-0.873451
0.87741
-0.607546
0.919702
0.690407
0.89242
-0.983987
-0.200264
0.23723
0.569783
-0.337863
0.346464
0.134894
-0.214062
-0.771610
0.579534
0.125762
-0.895130
0.197279
0.119597
-0.273918
-0.892838
-0.100248
0.688238
0.8686
0.492592
-0.648401
-0.27604
-0.100216
-0.352003
-0.374247
-0.549591
0.631516
0.266023
-0.775906
0.749186
-0.110812
0.824083
0.251478
0.851384
-0.770342
-0.123065
0.215736
0.718392
0.908689
-0.220482
-0.34636
0.815650
0.731147
0.527651
0.983646
-0.556878
0.435213
0.821870
0.893282
-0.979559
-0.49934
-0.598721
0.285999
0.97975
-0.903860
0.993976
-0.121235
-0.637352
0.924004
-0.875788
0.474545
-0.34812
0.329980
-0.629154
0.562641
-0.919591
-0.744042
0.394599
0.351777
-0.257433
-0.843736
0.226837
0.93741
-0.333706
-0.61897
0.441748
0.158513
0.478904
-0.849595
-0.744459
-0.233124
0.57517
-0.698715
-0.39912
0.977394
-0.822482
0.65107
0.302455
0.429861
0.692946
0.878360
0.60904
0.127606
-0.41718
0.164219
-0.422143
-0.482932
0.407214
0.964480
-0.264845
0.777175
-0.279357
-0.652999
0.33835
0.250678
0.607323
-0.377827
0.165911
-0.724389
0.515340
0.542862
-0.318656
-0.449847
0.240147
-0.722052
0.356201
-0.625023
-0.374214
-0.733723
0.393588
0.167535
0.113439
-0.701843
0.83501
0.519683
0.863897
-0.52676
0.121045
-0.941127
0.433202
-0.898888
-0.678758
0.457666
0.834638
0.977375
-0.175791
0.261842
0.722977
-0.601285
-0.938974
0.921671
0.216219
-0.501776
-0.509574
-0.731160
-0.622434
-0.764884
0.670311
0.870517
0.413940
0.765880
0.25507
0.428019
-0.540464
0.71315
-0.182977
-0.798661
-0.483686
-0.252812
0.776044
0.452389
0.130372
-0.732374
-0.956175
0.338338
-0.999840
-0.508904
-0.648293
0.806536
-0.482579
0.184547
-0.387189
0.581105
-0.832701
0.896840
-0.850594
0.39927
-0.599206
0.330707
0.924249
-0.474553
0.289615
-0.982141
-0.436732
-0.643017
0.699232
0.101221
0.843476
-0.990001
-0.32596
0.801274
0.268774
0.896862
0.162559
-0.456066
-0.412966
-0.43602
0.914077
0.156842
-0.330773
-0.786473
-0.143776
0.149132
0.570021
0.179782
-0.542327
-0.518512
0.854962
-0.195434
0.675647
0.620681
0.582119
0.307547
-0.206380
-0.879710
0.264248
-0.83511
-0.70230
0.427981
0.888129
0.791924
-0.588819
-0.757909
0.274867
0.977654
-0.121195
-0.555480
-0.778972
-0.232215
0.843768
-0.38857
-0.810813
0.548745
-0.387716
-0.70350
-0.584489
0.222653
0.205415
-0.649794
0.450258
0.430798
-0.258489
0.307473
0.365658
0.539165
-0.684318
0.833795
0.733095
0.925230
0.875619
0.429361
-0.374206
-0.666122
0.665282
-0.59905
0.976069
-0.719698
0.509685
0.304723
-0.83212
0.601122
0.454615
-0.811717
0.850162
-0.857578
0.732527
0.702243
-0.455307
-0.202707
-0.716985
0.752481
-0.786019
0.960317
-0.15703
0.687400
-0.141633
0.899149
-0.272496
-0.816663
0.964165
0.881144
0.477533
-0.836130
0.984456
-0.569781
0.817802
-0.910849
0.827147
-0.415878
0.652559
0.974470
0.424505
-0.906793
0.100838
-0.852364
0.430402
-0.278048
-0.833248
0.357128
0.185719
0.35498
0.798228
-0.123695
-0.850218
-0.500930
-0.675556
0.813322
0.865371
-0.829767
0.992628
0.63917
0.931992
-0.847318
0.488847
-0.615648
-0.164059
-0.194440
-0.630198
-0.104015
-0.890412
-0.983194
-0.596697
-0.698735
0.549336
0.460982
-0.243338
0.481347
0.899568
-0.973274
-0.49463
0.579334
0.272773
0.692163
0.608261
0.383388
0.433828
0.64642
-0.195803
-0.41650
0.324584
0.319808
0.60236
-0.775956
-0.646173
0.348220
-0.370856
0.941864
0.217680
-0.546602
0.462909
0.324615
-0.329277
-0.959967
0.185339
-0.819275
0.20602
-0.594197
-0.972944
0.556996
-0.635735
-0.347458
0.865475
0.166573
-0.956053
-0.909097
-0.675870
0.348404
-0.655673
0.79283
0.826341
-0.867287
-0.553994
-0.960486
-0.347989
0.178760
0.939051
0.506668
-0.848245
0.887681
0.419121
0.255965
0.63194
0.132842
0.429093
-0.592584
-0.110683
0.651434
0.954060
0.707968
0.129403
0.802126
-0.445651
-0.905684
-0.14740
-0.614546
0.622848
0.45204
0.991234
-0.437614
-0.390171
-0.224818
-0.490071
0.198236
0.488172
-0.262533
-0.825637
0.235085
0.406158
-0.81536
-0.450487
-0.371111
-0.599299
-0.792081
-0.110713
-0.559916
-0.259895
-0.34443
-0.177338
0.226801
0.687940
-0.832142
0.586699
-0.817570
-0.724349
-0.446460
-0.144246
0.280875
-0.750239
-0.883134
0.302653
0.878189
0.744137
0.861570
-0.694367
0.619690
-0.94058
-0.412238
-0.551765
0.706319
0.161619
0.967303
-0.486702
-0.82114
0.837487
-0.614246
0.408299
-0.735392
-0.437771
0.622967
-0.201686
0.514446
-0.727195
-0.9206
0.705549
-0.555074
-0.901008
-0.689386
0.286908
0.141004
-0.253101
0.780888
0.280389
0.362892
0.629595
-0.366650
0.744869
-0.159729
0.356837
-0.751024
-0.400812
0.445907
0.861180
-0.722235
-0.939497
0.788836
-0.651193
-0.370350
0.118708
0.682446
-0.719102
-0.612288
0.446545
-0.452388
-0.457305
0.382121
0.542215
-0.192642
-0.996025
-0.584188
0.810820
0.128121
-0.975452
0.426299
0.264418
-0.875168
0.674194
-0.480196
0.775827
-0.956826
0.168700
-0.123954
-0.683328
-0.663368
-0.264178
-0.131229
0.136933
0.569716
-0.306878
-0.722898
-0.621113
-0.71169
-0.118228
-0.932399
-0.516653
-0.159891
-0.744525
-0.945326
-0.633147
0.139912
-0.372602
0.521380
-0.563195
-0.138273
0.119817
0.957723
0.975590
0.552590
-0.612962
0.504225
-0.406918
-0.847673
0.980667
-0.612002
-0.918045
-0.543843
-0.55759
0.800183
0.672673
-0.5380
0.832332
0.49772
0.991996
0.934445
0.120055
0.250925
0.135491
0.194770
-0.407950
0.246324
-0.591390
0.616644
-0.888096
-0.266103
0.904340
0.385963
0.234587
-0.60946
-0.70802
0.864245
-0.950414
0.234183
-0.246474
-0.718416
-0.268429
0.13124
-0.271260
0.506968
-0.79300
0.752829
0.560908
0.236664
-0.90880
0.571135
0.809354
0.868891
-0.583255
-0.362025
0.48380
0.516858
0.561534
0.176629
-0.676103
0.24855
-0.973022
0.771747
0.916477
0.362129
-0.822373
-0.685391
-0.401349
0.907847
-0.173709
-0.363390
0.383018
-0.571604
0.926582
-0.810051
-0.464535
-0.907144
-0.612590
0.4191
-0.203654
0.569128
0.332289
-0.690459
0.325154
-0.750947
-0.900884
-0.753657
0.510937
0.261159
0.589847
0.589261
0.422468
-0.8292
0.691649
0.113182
-0.411508
0.470387
0.453182
-0.510140
-0.275506
-0.309903
0.891776
0.9348
-0.905174
-0.872937
0.374421
0.65756
-0.474955
-0.864652
-0.602883
0.94612
0.176496
-0.790894
0.725846
0.440718
0.78474
0.726798
0.330535
-0.405668
-0.523006
-0.247083
-0.773507
-0.210669
0.903239
0.447771
0.569507
-0.553218
-0.623734
0.408386
0.161499
-0.899989
-0.116079
-0.242927
-0.879287
-0.198675
-0.476256
0.816073
-0.791301
-0.47282
0.134768
0.749719
-0.553788
-0.966632
0.679754
-0.559807
-0.740475
-0.113930
-0.119289
-0.335872
-0.38157
0.917221
-0.13010
-0.313233
0.309094
-0.531556
0.855568
-0.664490
-0.616917
0.619582
0.522493
0.654276
0.188243
-0.152227
0.157767
-0.306108
-0.538999
0.743042
0.505680
-0.905378
0.416790
0.774989
0.234562
-0.714418
-0.70602
0.664502
-0.62446
-0.888767
-0.603336
0.74573
0.45446
0.473380
-0.636715
0.685511
-0.789049
-0.989874
0.544176
0.510901
0.720694
0.146569
-0.108375
0.417095
0.646201
-0.454215
-0.379561
-0.43344
-0.425822
0.42157
-0.765850
-0.237637
-0.834910
0.793442
-0.25078
-0.674176
0.78718
-0.53421
-0.664520
-0.390620
0.809083
-0.109314
-0.373624
-0.130004
-0.185735
0.894688
-0.416182
-0.22837
0.392540
-0.146530
-0.153327
-0.163391
-0.190507
0.935491
-0.203680
0.714804
-0.687299
-0.717761
0.976776
-0.376722
0.52631
0.630449
-0.920088
-0.752609
-0.985917
0.246599
0.268901
0.371290
-0.143154
0.830787
-0.149245
0.392303
0.886061
-0.413819
-0.506885
0.541701
-0.94657
0.61033
-0.341788
0.360078
-0.261837
-0.983302
-0.16668
0.506498
-0.694077
-0.539362
0.915580
-0.196218
0.590785
0.180831
0.949636
0.173539
0.443738
0.91742
-0.597271
0.145935
-0.58499
-0.906199
-0.181
-0.267694
0.782687
-0.53933
-0.771425
0.532613
0.409246
-0.976233
0.985032
0.919527
0.417048
-0.730648
-0.463090
0.389780
0.522173
-0.629461
-0.741380
-0.249317
-0.253268
0.255039
-0.586107
0.419608
-0.17448
0.870587
0.61965
0.947602
0.317735
0.9685
-0.71185
-0.335119
-0.211796
0.632065
-0.894440
0.993596
-0.217337
-0.688753
-0.552639
0.831501
-0.504202
-0.605271
-0.8554
0.561533
0.747475
0.623468
0.487035
-0.412019
0.439520
-0.652007
0.958170
-0.481668
0.926942
0.11656
0.795135
0.566020
-0.61598
0.898209
-0.240516
0.912795
0.580016
-0.323004
0.11202
0.765882
0.811811
0.301034
0.612549
0.978193
0.985828
0.19073
-0.865712
-0.113004
0.305441
-0.30167
-0.20011
0.50301
-0.28281
-0.667078
0.624680
0.6558
0.399906
0.239176
-0.122999
0.68298
-0.756276
0.406142
-0.221521
-0.582002
0.563064
0.589271
-0.104188
0.699455
0.529229
-0.171954
0.348550
0.623104
-0.518809
0.793615
-0.628707
-0.750636
0.981989
0.523323
0.708630
-0.730472
-0.750199
0.887474
-0.475668
0.986858
0.502520
0.707863
0.370028
0.148583
-0.225953
-0.530647
0.836816
-0.755995
-0.470766
-0.538668
-0.900995
0.967443
-0.105237
-0.505583
-0.474551
0.134859
0.683957
0.860846
-0.690043
-0.942823
-0.467979
0.287008
-0.787458
-0.639954
0.838673
0.953973
0.447763
-0.423567
0.809037
0.682962
-0.454295
0.777012
0.660544
0.192238
-0.163639
0.782935
0.641236
-0.452767
-0.145650
0.719622
-0.271343
-0.756696
-0.111363
-0.821163
0.142118
-0.236694
0.321947
-0.734666
0.684269
-0.849431
0.94669
-0.512231
-0.218662
-0.197303
0.574071
-0.864988
-0.590521
-0.113578
-0.834651
0.171342
0.438867
-0.89535
-0.938094
0.776009
-0.783809
0.502976
-0.257807
-0.130736
0.12910
-0.873485
0.244965
-0.948748
-0.392861
-0.86428
-0.513420
0.236986
-0.182158
0.745805
0.183426
-0.775320
-0.663607
-0.845714
-0.842559
0.946939
-0.820841
0.442451
-0.75250
0.933998
0.486230
-0.244680
0.794548
-0.984641
-0.324540
-0.129662
-0.284964
0.991554
0.732334
-0.419041
0.330070
0.430363
0.186405
-0.249423
-0.296718
0.762470
0.720199
0.815302
-0.5170
0.40509
0.563093
0.870381
-0.107858
-0.829333
0.215556
0.931438
-0.614355
0.729243
0.750968
-0.611471
-0.678439
0.863338
0.897444
0.462441
0.994935
0.265029
-0.673121
0.922438
0.513698
0.653876
-0.145
0.791234
0.947116
-0.964316
-0.15495
-0.778475
0.466081
-0.608924
-0.353158
-0.782492
-0.574315
0.938826
-0.182931
0.577472
0.129387
-0.942237
-0.816662
0.293089
-0.286652
-0.494568
-0.349545
0.512433
-0.947561
-0.695504
0.709074
-0.681518
0.525517
-0.79881
0.514313
0.437782
0.888701
-0.805937
0.146194
-0.985495
-0.872785
0.251345
0.269458
-0.554309
0.401487
-0.550444
0.244161
0.426654
0.885010
-0.510830
-0.680241
0.75728
0.844984
-0.790659
0.497044
-0.940377
0.288921
0.624864
0.955501
-0.808103
0.461690
-0.500254
0.139565
-0.991881
-0.949797
0.456603
-0.484028
0.715333
-0.930349
0.352896
0.831202
0.313575
0.1348
-0.711207
0.150316
0.346543
-0.426914
-0.317857
-0.290058
0.107407
-0.361505
0.869894
0.612694
-0.690899
0.123924
-0.486789
-0.853420
-0.591602
0.771507
-0.844323
0.854823
-0.533829
-0.554015
-0.848217
0.710480
-0.83929
-0.552339
-0.917519
-0.571755
0.740781
0.684917
0.167157
0.544286
0.425811
0.94272
0.753968
-0.977352
-0.230833
-0.655835
0.408145
-0.67379
-0.954653
0.478602
0.817456
-0.513295
-0.778740
0.302160
0.769254
-0.737361
-0.194944
0.981551
0.297082
-0.236710
-0.39327
-0.123318
0.291565
-0.455899
-0.843119
0.634743
-0.533915
0.735166
-0.378954
-0.291258
-0.432829
0.859626
0.892957
0.576687
-0.832785
-0.717955
0.254999
-0.835937
-0.581026
-0.309135
-0.259042
0.117425
-0.640972
0.621966
-0.922622
-0.684488
0.974547
0.499577
-0.901644
0.573896
0.922366
0.639246
-0.165828
-0.756634
-0.799724
0.203704
-0.558704
-0.884428
-0.690073
0.219604
-0.452322
0.484498
0.964558
-0.327079
-0.576692
-0.149689
0.709179
-0.709128
-0.296823
0.654566
-0.564236
0.188017
0.695751
-0.322618
0.95192
0.514871
-0.479018
0.490737
-0.499798
-0.342483
0.235143
0.608253
0.797460
0.852034
0.299495
0.707182
0.397574
-0.503025
-0.483997
-0.995502
0.916921
0.643057
0.26095
0.355867
-0.467962
0.635088
-0.706875
0.680132
-0.560722
-0.114970
-0.555118
0.756653
0.233704
0.562369
0.634377
0.813243
0.584597
0.979941
0.106446
0.169290
0.66864
-0.310218
0.564071
0.310779
0.38868
0.17714
-0.280606
0.579382
0.583102
0.264715
0.732327
-0.801482
0.534259
-0.960320
-0.149937
0.247818
0.966692
-0.23244
0.64738
-0.171908
-0.792477
0.697592
-0.996695
-0.620097
-0.935078
0.829981
-0.479123
0.500681
-0.445592
0.686793
-0.139668
0.845034
0.9000
0.637124
-0.235006
0.177345
-0.515007
-0.133270
0.184616
-0.124204
-0.154531
-0.819803
-0.102001
-0.679742
0.330541
-0.659474
-0.333850
-0.576570
0.889139
-0.932941
-0.55430
-0.184332
0.17927
0.114844
-0.103673
-0.871293
-0.709586
-0.924563
-0.560636
-0.359181
-0.3544
-0.361387
-0.39516
-0.196597
-0.184355
-0.85504
-0.272528
-0.842928
-0.620142
0.525703
-0.229525
-0.14723
0.120797
-0.750698
0.576296
-0.88964
0.644887
0.433588
0.904661
-0.129410
-0.276076
0.361506
0.1102
-0.355412
-0.194911
-0.377763
-0.310817
-0.363547
-0.848125
-0.629400
0.740477
0.4263
-0.685068
0.586119
0.584388
-0.227801
0.446795
0.925421
-0.826446
0.101845
-0.194653
-0.962145
0.872094
0.453437
0.472642
-0.660994
0.833906
-0.631187
-0.619460
-0.141407
0.449187
-0.97017
0.991220
-0.376583
-0.819623
-0.355376
-0.958036
0.36099
0.192270
-0.583054
0.605078
-0.427087
0.425657
0.474310
-0.308284
-0.281670
0.17629
-0.686157
0.917477
0.826517
0.541168
-0.267729
-0.48471
-0.878391
0.309717
-0.938358
-0.221846
-0.870131
-0.940072
0.725325
-0.992862
-0.522180
0.418386
-0.535694
0.271078
0.589315
-0.576808
-0.860507
0.677226
-0.898726
0.233048
0.418091
-0.202530
0.135101
0.149016
-0.907312
0.900125
0.185074
0.637830
-0.170726
0.599331
0.270212
0.133439
-0.834124
-0.385970
0.313960
-0.86286
0.590264
-0.536626
-0.947772
0.618496
0.860224
0.800928
-0.869837
0.282419
0.380372
0.800605
0.90595
0.297655
0.261061
-0.690273
0.818995
-0.307073
0.581728
0.167329
0.562045
-0.417288
0.337150
-0.500273
-0.173328
0.763903
0.180795
-0.236988
0.14905
0.228813
-0.734621
-0.850988
-0.211998
0.995580
-0.550817
0.355931
0.981438
-0.567837
0.991436
0.558280
0.367154
0.751168
0.886691
-0.335692
-0.522800
-0.693915
0.483592
-0.843741
0.735669
0.522021
-0.551286
0.915702
-0.651171
0.884017
0.68001
-0.840076
-0.764480
-0.499457
0.579401
0.101824
0.399656
-0.875974
0.856994
-0.611543
-0.108093
-0.911855
0.527868
-0.708456
-0.343800
-0.337999
0.67474
-0.363308
0.285673
-0.515830
0.214268
0.967276
0.929745
0.529876
0.112022
0.928459
-0.307687
0.395848
-0.700575
-0.530947
-0.245834
-0.972528
-0.79726
-0.661615
-0.714955
-0.230474
-0.827803
0.575851
-0.590056
-0.576991
-0.279851
0.438547
-0.862117
-0.939446
0.487755
-0.607068
0.888395
-0.563250
0.948138
-0.366225
-0.435014
0.625020
-0.343505
0.20365
0.822950
-0.151993
0.619159
0.206692
-0.457639
0.76674
-0.165587
0.711688
0.296043
0.54808
0.532507
-0.423626
0.50437
-0.746690
0.765869
-0.327505
0.397115
0.207973
-0.102742
-0.530256
0.109859
0.538479
-0.807024
-0.362133
-0.557809
0.347249
-0.354327
-0.90541
-0.335874
0.315060
-0.120638
-0.723268
0.154767
0.50381
0.378611
-0.850594
0.187567
0.796621
0.671945
0.614011
-0.575695
0.352775
-0.764841
-0.883844
-0.280548
-0.235163
-0.874173
0.435292
0.406025
0.319153
-0.66310
-0.305810
-0.75172
0.281173
-0.261185
0.9576
0.372797
0.315960
-0.322019
0.754706
-0.915060
-0.36458
-0.464653
0.367229
-0.473776
0.171666
-0.888833
-0.826668
-0.96260
0.743827
-0.519377
0.227030
-0.115754
0.546165
-0.259146
0.73045
-0.807093
0.996143
-0.97605
0.658776
0.566106
0.627820
0.340622
-0.451649
0.78681
-0.310680
0.948879
0.522937
-0.597053
0.535110
-0.886326
-0.30406
-0.234010
-0.481517
-0.906274
-0.419349
0.3439
-0.443672
0.18009
0.780944
0.607149
-0.727453
0.662039
0.169717
0.319493
-0.115291
0.345687
-0.931943
-0.204951
0.944017
-0.70106
-0.99957
-0.926888
0.933960
-0.471654
-0.557940
-0.839233
-0.183887
0.52136
0.276716
0.574784
-0.610153
0.570409
-0.532872
0.471910
0.402937
-0.840257
0.131914
-0.562876
-0.228395
0.813483
-0.146038
-0.104433
-0.670340
0.199882
-0.560903
-0.855415
-0.727841
0.229505
0.717536
-0.737603
0.759784
0.623368
0.377710
-0.990277
-0.769830
0.425145
0.972828
-0.278498
0.202500
0.622928
-0.285750
0.967164
0.904168
-0.274304
-0.414437
0.258530
0.138824
-0.98623
0.100846
0.638992
-0.925364
-0.819249
0.110068
-0.574064
-0.92479
0.108676
-0.191688
0.391820
-0.272510
-0.750264
-0.710736
0.893872
0.407044
-0.882447
0.114100
-0.411271
0.585577
0.454009
-0.328267
-0.524566
-0.257770
-0.798975
0.225435
-0.94370
-0.889623
0.217596
0.369781
-0.482625
-0.620316
0.317420
-0.402864
0.290232
0.959211
0.716790
0.321371
-0.740928
0.907304
-0.61303
0.763402
0.663389
-0.516659
-0.802441
0.508806
-0.179618
0.682843
0.379890
-0.742081
0.623204
0.447068
-0.537826
-0.614055
0.863932
0.851361
-0.686803
-0.597260
0.300492
-0.747529
-0.516712
-0.420704
0.901809
-0.226072
0.221958
0.984526
0.702149
-0.701509
-0.716385
-0.35081
-0.869628
0.538256
0.17557
-0.939327
0.282139
-0.453687
0.459544
0.11533
-0.10643
-0.192109
0.722110
-0.594116
-0.640933
-0.180586
-0.643894
-0.970339
0.102109
-0.102657
-0.676815
-0.470420
0.761544
-0.757806
-0.831203
-0.615146
-0.523297
-0.590801
-0.983890
-0.186019
-0.513247
-0.498493
0.582273
0.703367
0.10131
-0.836753
-0.880712
-0.645900
-0.263984
-0.379697
0.205750
-0.969739
-0.318450
0.490806
0.778161
-0.959867
0.43431
0.481253
-0.959896
0.342790
-0.23348
-0.173325
0.519420
-0.579021
-0.255636
0.911297
-0.986265
-0.706785
-0.474280
0.639759
0.874417
-0.60202
0.574338
-0.576256
-0.242428
-0.536965
-0.131294
0.202541
-0.45867
0.466823
0.772984
0.279241
0.291860
-0.96668
0.183618
-0.534934
-0.336053
-0.8587
0.652943
-0.477329
0.536593
0.710204
-0.240936
-0.867658
-0.727011
0.621011
-0.745306
0.291948
-0.886279
-0.803307
-0.641395
0.160636
-0.449729
-0.920543
0.786770
0.547100
-0.928518
0.540307
-0.686401
-0.488961
0.742446
0.462463
0.526577
0.41271
-0.659379
0.999105
-0.699171
0.794574
0.361668
-0.800628
-0.145693
-0.504505
0.121384
0.276369
-0.452777
0.253901
-0.391655
-0.715680
0.503479
0.847440
0.634233
-0.496336
-0.38990
0.31360
-0.38731
-0.65448
0.179717
-0.774987
0.131118
-0.141591
-0.849391
-0.328175
-0.144561
-0.675630
0.833511
0.327251
-0.402319
-0.833853
0.630850
0.874671
0.213555
-0.370358
0.26424
-0.210726
0.229406
-0.290494
-0.780515
-0.836195
-0.695229
-0.573117
0.583951
0.29190
0.240309
-0.460283
0.760961
0.89797
-0.791425
-0.884141
0.638206
-0.8096
0.963537
0.462762
0.433612
-0.185481
0.359839
0.173934
0.691671
-0.446413
0.98872
-0.352196
-0.758003
0.350702
-0.418501
0.883630
-0.846062
-0.473376
0.223021
-0.586356
0.267799
-0.301827
-0.563140
0.571429
0.711590
0.219496
0.440890
0.702999
-0.530037
0.781026
0.321248
-0.554302
0.589087
-0.9615
0.480168
0.985094
-0.400513
0.375606
-0.311739
-0.251168
0.997581
0.866495
0.558708
-0.670069
-0.655900
-0.553637
-0.632104
-0.660811
0.135618
-0.66004
-0.815454
0.880106
-0.887076
-0.212324
-0.235452
0.738496
0.450509
0.704210
-0.207190
-0.97963
0.341727
0.872942
0.792244
0.744078
0.236884
-0.576352
-0.893886
-0.784657
0.228524
0.496130
-0.976826
-0.213362
-0.872322
0.952904
0.808204
0.975306
0.735172
-0.672818
-0.382002
-0.487982
-0.743331
-0.187577
-0.37146
-0.450884
0.485568
0.245998
-0.697992
0.922433
0.409637
-0.166178
0.442558
0.916828
0.989733
-0.737851
-0.522895
-0.539678
-0.322872
-0.936148
-0.215843
0.142040
0.366750
0.712862
0.880104
-0.151409
0.510633
-0.56639
0.491776
-0.163626
-0.563114
-0.885948
0.160014
-0.384939
-0.669235
-0.842905
0.740823
-0.135545
-0.405689
-0.688668
-0.55
-0.124590
0.190368
-0.496584
0.154697
0.680005
0.78039
-0.352876
0.24285
-0.720940
0.91607
-0.611302
0.581496
-0.972708
-0.111607
-0.305682
0.534157
0.655054
-0.611502
-0.439374
0.811848
0.33066
-0.234389
0.127941
0.640109
0.468546
-0.929079
-0.596851
-0.343048
-0.530464
-0.263639
-0.599021
-0.782771
-0.71377
-0.922066
0.193176
0.662835
0.140154
0.128536
-0.672251
-0.149680
-0.16714
0.736998
-0.622039
-0.215828
0.567405
-0.988650
-0.793615
0.453205
0.198398
0.892096
0.141890
0.650520
0.968507
-0.66491
0.64054
0.297908
0.811283
-0.727037
0.147656
-0.102179
0.938684
0.430543
0.894955
0.113643
0.291724
0.1280
0.593374
0.715658
0.430857
0.235344
0.31024
0.608383
0.600862
0.308335
-0.794637
0.496283
0.17695
-0.981972
0.326927
-0.6004
0.134059
0.568617
-0.175436
-0.322019
0.99128
-0.133908
0.123320
0.5164
0.77711
-0.989053
0.724013
-0.122021
-0.928515
-0.170711
0.232313
-0.390445
0.700351
0.642861
-0.759689
0.998433
-0.554949
0.505322
-0.390985
-0.918804
-0.340338
-0.373749
0.393195
0.322412
0.632468
0.93505
0.669839
0.263857
0.959365
-0.278683
0.387952
-0.94224
0.442162
-0.621170
-0.142736
-0.818197
0.964185
-0.547426
0.204069
-0.711794
-0.362962
-0.217671
0.805602
0.952049
-0.904600
0.373
0.540552
-0.751805
-0.726847
-0.332215
-0.945654
0.869010
-0.375062
-0.783571
0.318979
-0.932022
0.817017
-0.747447
0.180278
-0.420290
-0.962932
-0.410134
-0.547965
-0.518904
-0.567619
-0.177101
0.34235
0.939465
-0.495252
-0.504781
0.251106
-0.528876
-0.619201
0.239799
-0.8524
0.400710
-0.113458
0.991294
0.489136
-0.452588
-0.877669
0.602732
0.708505
-0.321201
-0.781586
-0.50692
0.295490
-0.133520
0.855892
0.746875
-0.549762
-0.868578
0.474781
0.840995
-0.886422
-0.53376
0.955977
-0.192347
0.714658
0.900943
-0.372235
-0.561641
-0.531204
0.615121
-0.101185
-0.284217
-0.25933
-0.346871
-0.529019
-0.497336
0.514155
-0.212236
0.239526
-0.167319
-0.950836
0.483133
0.536250
-0.23501
0.772639
-0.487254
-0.516971
0.73828
-0.440619
0.559972
-0.641271
0.417784
-0.640725
0.174614
0.550956
0.867140
0.926548
0.857568
0.911399
0.562956
0.552396
0.106919
-0.821682
0.128625
0.634152
-0.264645
-0.262257
-0.979905
-0.312450
-0.815938
-0.12805
0.397903
-0.549703
0.434855
0.169245
0.694197
0.48021
-0.823713
-0.498216
-0.164710
0.157287
-0.956847
-0.111784
0.355232
-0.91272
0.320346
-0.886953
-0.76134
-0.490073
-0.446815
0.25152
0.413663
-0.458480
-0.975581
-0.706067
0.638121
-0.602350
-0.315604
-0.531721
-0.171074
-0.874710
0.243422
-0.726021
-0.747376
-0.863249
0.908116
0.851555
0.994279
-0.75509
0.299436
-0.142856
0.161283
-0.48879
-0.975693
0.664075
-0.719946
-0.670891
0.333153
-0.831981
0.645711
0.791072
-0.99984
-0.391960
0.985367
0.580475
-0.281749
0.255065
0.984890
0.436272
-0.400897
0.140055
-0.671838
-0.633267
0.240563
-0.118225
-0.676831
-0.472807
-0.68277
-0.871078
-0.364940
0.371151
-0.174885
-0.89722
-0.446513
-0.636710
0.659047
-0.517309
-0.136768
-0.852228
0.648529
0.296310
0.396103
-0.102175
0.150236
-0.550728
-0.941159
0.161866
-0.580800
0.308523
0.810287
-0.907428
-0.754703
0.316571
0.608019
0.301506
-0.171957
-0.98261
0.399638
-0.548792
-0.690042
0.581403
0.54104
0.779949
0.543914
0.178570
0.550057
0.856240
0.543441
0.228935
0.374315
0.924360
0.644611
0.630685
-0.739410
0.110476
0.311702
0.93357
-0.984205
-0.517063
0.478130
0.915025
-0.814336
-0.365652
-0.976780
-0.25589
-0.125029
0.930073
0.5275
-0.846594
-0.256588
0.206841
0.681654
0.450449
0.206208
0.226683
-0.695850
0.228878
-0.945677
0.384316
0.189117
-0.306258
-0.392559
0.632843
-0.313441
-0.175224
0.952860
-0.654673
-0.714968
0.333078
-0.105339
0.121867
-0.734174
-0.827727
0.461627
0.635014
-0.138301
0.513948
0.210307
0.445047
-0.142581
0.610130
0.35042
-0.279011
0.402630
0.703891
0.720908
0.341862
0.209208
-0.651286
-0.381633
0.870637
0.776628
-0.567146
-0.564080
0.27036
0.148818
-0.351158
0.934674
0.966574
-0.274964
-0.394329
0.12577
0.967306
-0.905780
-0.925325
-0.937597
0.840051
-0.696899
-0.217513
0.935744
0.345
0.914420
0.301126
-0.981674
0.219102
0.454518
0.768862
-0.865974
0.721585
-0.387465
0.91872
-0.475577
0.71993
-0.855473
-0.949808
-0.50408
0.908483
-0.301658
0.846626
0.510014
-0.89026
0.195511
0.464332
-0.626760
-0.349591
-0.865531
-0.855641
-0.406091
0.29937
0.733492
-0.569134
0.446251
-0.265080
0.719931
-0.580297
-0.693786
0.227181
-0.43563
-0.467134
0.910134
-0.200902
-0.290893
-0.633126
0.16881
0.474901
0.159161
-0.50626
0.554356
-0.902378
-0.460117
-0.536936
-0.668351
0.75905
-0.488335
-0.414942
0.392469
0.690488
0.188739
-0.896699
0.19382
0.472346
0.448339
0.816659
-0.871382
-0.826039
0.718065
-0.518107
-0.159798
0.131034
-0.653403
-0.79307
0.678173
-0.245588
-0.126114
-0.105237
-0.30240
-0.840391
0.133259
0.30331
0.892440
0.885197
-0.735699
0.545977
-0.513668
0.576334
0.739340
0.729297
-0.941789
-0.317131
0.633524
-0.729751
-0.32656
0.175048
-0.743545
0.203261
-0.578102
-0.279194
0.491763
0.242002
0.18534
-0.688856
-0.473979
-0.208093
0.425742
0.516376
-0.463944
-0.755735
0.816270
-0.662516
-0.168866
-0.228504
-0.470588
-0.577122
0.849221
-0.484136
-0.153814
0.141982
-0.140201
-0.76265
0.391651
0.141561
-0.838769
-0.868548
0.860783
-0.247558
0.429546
0.292971
0.500112
-0.378838
-0.721922
-0.249792
-0.585022
-0.536233
0.774554
-0.291166
-0.721492
0.538154
0.362728
0.248004
0.970471
0.253162
-0.4328
-0.816503
0.448930
0.402829
0.574668
0.562941
0.560749
-0.401266
-0.228026
-0.534213
0.157865
-0.542484
0.511774
0.260457
-0.318755
0.398614
-0.92456
-0.376580
-0.410459
-0.744944
0.432031
-0.177523
0.923412
0.360788
0.303926
0.133661
0.73
-0.15089
-0.982985
-0.510444
0.305518
0.173880
0.640527
0.455713
-0.846221
-0.585171
-0.24895
-0.303737
-0.374187
-0.132450
-0.108583
0.172609
-0.974960
0.136855
-0.979597
0.808742
-0.589061
0.199441
0.49434
-0.829631
-0.888516
0.690260
0.693848
0.894423
-0.207579
-0.295206
0.325688
-0.941170
-0.688218
-0.291297
-0.758028
-0.469282
-0.599013
-0.609382
-0.356582
0.60455
0.370168
-0.674862
-0.777417
-0.164756
-0.628862
0.817511
0.444130
0.771550
-0.836707
0.316515
-0.679239
-0.974529
0.3576
0.926700
-0.539277
-0.637962
-0.254223
-0.489813
0.914814
0.532989
-0.630884
0.14579
-0.625535
0.240066
0.881681
0.89682
0.375082
0.355526
-0.648123
-0.255170
0.302086
0.613197
-0.722308
0.620653
0.273933
0.697151
-0.20496
0.496184
0.14211
0.624625
0.809184
-0.973166
-0.294872
0.79277
-0.127270
-0.163100
-0.743931
-0.502017
0.395660
0.619714
0.792666
-0.90763
0.544947
-0.491897
-0.355901
0.971404
-0.347182
0.382056
0.789614
0.617754
0.312133
0.862593
-0.73503
0.555008
0.519985
0.138757
0.7940
0.158517
-0.849171
0.628399
0.283289
0.886510
0.544373
-0.788878
-0.246252
0.767223
-0.703838
-0.130801
0.543483
0.246505
-0.376885
-0.892472
-0.647487
0.454065
0.217756
0.218084
-0.198619
-0.647868
0.889513
-0.109683
-0.876082
-0.210502
0.55779
-0.873614
0.543465
-0.179083
0.538086
-0.337880
-0.638896
-0.714937
0.390762
0.390401
0.70319
0.365078
0.507720
0.128301
0.868020
-0.480075
0.712811
-0.39414
-0.990161
-0.209331
-0.806404
0.746525
0.371860
0.334657
0.427187
-0.384708
-0.279681
-0.490043
0.224547
-0.687556
0.989852
0.49072
0.37673
-0.991644
0.823336
-0.72434
0.780890
-0.591393
0.796774
0.431725
0.167462
0.754172
0.566219
-0.234544
-0.895265
0.432390
-0.606085
0.620485
-0.602653
-0.187945
-0.329456
-0.55729
-0.595690
0.263096
0.573174
0.132778
-0.27606
0.704131
-0.163870
-0.933648
-0.893480
-0.976957
-0.880205
0.659676
-0.209571
0.908847
-0.624352
-0.165725
0.611699
0.612507
-0.639995
-0.958213
0.664939
-0.294131
0.633724
-0.887945
-0.110169
0.59474
0.978696
0.989584
-0.83123
0.759998
-0.379360
0.443869
0.870897
-0.208637
0.834365
0.211197
-0.378251
-0.328115
-0.249459
0.571883
0.113667
-0.866355
-0.383211
0.313335
-0.270723
0.206513
0.999057
0.157495
0.223111
0.897198
-0.82038
-0.556782
-0.130076
-0.504968
-0.650013
0.255516
0.740913
0.372396
-0.10516
0.106811
0.275416
-0.447675
-0.480060
0.177131
0.4006
-0.760648
-0.699077
0.579038
0.751383
-0.725040
-0.160858
-0.681429
0.651485
-0.542249
0.255908
0.975944
-0.478737
0.838502
-0.61493
0.178321
0.606315
-0.184248
0.289104
-0.650897
-0.847292
0.958236
0.905551
-0.942627
-0.209843
-0.735389
0.166640
0.29781
0.167657
0.636879
0.400269
0.327354
-0.270522
0.828329
-0.791240
-0.116465
0.887869
0.679387
0.230720
-0.350456
0.655946
-0.422667
-0.313530
-0.500669
-0.837084
-0.226690
0.469101
0.243938
0.581998
-0.331953
0.67847
-0.44474
-0.555824
0.265488
0.378580
0.227108
-0.734493
-0.373466
-0.618576
-0.561915
0.528035
-0.693013
-0.859001
0.769463
0.525572
-0.846941
-0.66187
-0.65487
0.131629
-0.408556
0.463271
0.577441
0.801791
-0.762139
-0.857746
0.876027
0.629011
0.415622
0.22345
-0.961715
-0.286502
-0.657688
-0.216424
-0.974700
-0.570502
-0.890967
-0.535272
0.264241
-0.968371
0.273783
-0.866787
0.244603
0.751556
-0.16515
0.845310
0.354522
0.303239
0.517205
-0.768089
-0.900420
0.907866
-0.405068
-0.292500
-0.812907
0.212041
0.603341
0.269205
0.607331
0.508169
-0.827366
0.118428
0.34348
-0.226802
0.974034
0.559812
-0.849834
-0.182195
0.427169
-0.440563
-0.251919
-0.843119
0.247785
0.703205
-0.165790
-0.995314
-0.113911
-0.691397
-0.568114
-0.699813
0.429443
-0.449308
-0.727304
-0.534180
-0.138902
-0.910902
0.143700
0.762435
-0.382697
0.279306
-0.226071
0.57996
0.421068
-0.488242
0.700296
-0.80387
-0.964033
-0.925369
-0.677550
0.878514
-0.466996
-0.239979
-0.59789
-0.551239
-0.17110
-0.507326
0.137870
0.583164
0.863771
-0.580825
0.775814
0.210159
-0.707260
0.463888
0.627781
0.233967
-0.648171
-0.221827
0.509064
-0.666799
-0.119963
-0.769357
0.288504
0.849476
-0.456632
0.232696
-0.607866
-0.488645
-0.611088
-0.216288
-0.811287
-0.849999
-0.440554
-0.683771
0.877596
0.992146
0.557400
-0.771746
-0.146728
0.514533
0.567876
-0.352158
0.222788
-0.523572
-0.826040
0.589098
0.222820
-0.129490
-0.543628
0.645698
0.196536
-0.935136
-0.432051
0.116193
0.844457
-0.214844
-0.894307
0.620779
-0.440510
0.467324
0.400563
0.452934
-0.528224
-0.319463
0.912038
0.9428
-0.119357
-0.895215
0.167799
-0.162891
-0.158487
-0.940941
-0.977442
0.202594
0.222423
0.717206
-0.759045
0.279075
0.268918
0.391825
-0.80051
0.322235
0.345819
0.299872
-0.745210
0.42227
-0.356851
-0.989196
0.577593
0.268597
-0.894413
-0.455707
0.188648
0.973432
-0.366024
-0.187579
-0.282864
-0.194539
0.759968
0.658653
-0.473527
0.441580
-0.684049
-0.681023
0.655270
0.94362
0.484479
0.235847
0.317556
0.679750
0.607241
-0.162360
-0.893495
0.518788
-0.367663
0.674994
0.878322
0.187920
0.63702
-0.856717
0.367619
0.785008
-0.17502
-0.557931
0.262839
0.51343
0.621363
-0.760186
0.603308
-0.201026
0.489120
0.812162
0.508946
0.962518
0.901730
-0.324324
-0.803020
0.637800
0.162892
0.188284
0.433413
-0.812164
-0.486036
0.602338
0.884028
0.60315
-0.679384
-0.256944
0.905264
0.793682
-0.71402
-0.592695
0.743692
-0.211296
-0.426227
0.848668
0.155561
0.947120
-0.265886
-0.247293
-0.352823
0.555767
0.212790
0.769594
-0.64878
-0.957752
0.197636
-0.527055
0.813647
0.880616
-0.170636
-0.132219
-0.422820
0.498
-0.145151
0.387677
0.71752
0.562886
0.272508
0.435300
-0.895758
0.506370
-0.976203
-0.67426
0.320833
0.546078
-0.710031
-0.334019
0.790341
-0.370614
0.582309
0.433467
0.218087
-0.971307
-0.845186
-0.860685
-0.348715
-0.867042
0.433185
0.147473
-0.915215
0.245488
-0.404553
-0.307153
0.430376
-0.130387
-0.952410
-0.215802
-0.592911
-0.177445
-0.626420
0.695394
-0.921539
-0.816406
0.45961
-0.625095
-0.173783
-0.619126
-0.482794
0.289582
0.636751
0.958560
0.16527
0.759660
0.394176
-0.563889
-0.491588
-0.995732
-0.370776
0.284204
-0.292369
-0.894266
0.296234
-0.77192
-0.988729
-0.724902
0.303096
0.214642
-0.890529
0.961767
-0.427760
-0.305301
-0.817643
-0.848828
0.145875
0.637862
-0.558683
-0.453453
-0.78225
-0.150297
-0.413773
0.208787
0.591366
-0.69197
-0.914084
0.766600
-0.72972
0.293896
-0.405639
-0.628092
-0.308460
0.538815
0.314434
0.238412
0.39267
0.492318
0.296613
-0.202613
-0.640887
0.369874
0.819127
-0.929519
0.241079
-0.331772
0.398844
0.747289
0.225818
-0.90800
0.311077
0.449264
0.750626
0.836088
-0.159040
0.451570
-0.826865
-0.871250
0.990622
0.87148
0.573241
0.427476
-0.895136
-0.712093
0.977221
0.177559
-0.648458
-0.154995
0.84758
-0.446323
0.546138
0.560078
-0.235689
0.51699
0.781154
-0.490716
-0.74120
0.359184
-0.609309
-0.606563
0.390523
0.391182
0.927298
-0.438065
-0.569965
0.804911
-0.814985
0.521810
-0.829023
0.826041
-0.745062
-0.997277
0.751302
0.304791
0.944091
-0.463495
-0.211829
-0.889948
-0.949910
-0.183888
-0.761458
-0.152331
-0.870141
0.659822
-0.280356
0.858398
0.318974
-0.877304
-0.728488
-0.463592
0.609803
-0.39899
0.330820
-0.477112
0.290565
0.800607
-0.682503
0.661172
-0.176136
-0.800865
0.839562
0.514614
-0.514938
-0.261517
-0.90367
0.948711
0.201253
0.38154
0.951161
-0.812804
-0.208970
0.810103
-0.115406
-0.476823
0.824973
0.264387
-0.453304
0.855776
0.203624
0.244373
0.875107
-0.510513
0.214398
0.608433
0.96638
0.407287
0.583705
0.746139
0.237721
0.507006
-0.533354
0.243582
-0.583098
0.471253
0.733004
-0.597066
0.941415
0.200823
0.688952
-0.837725
0.779551
0.640255
-0.495106
0.578720
-0.125708
-0.828226
-0.373471
0.162073
-0.203871
-0.743292
-0.898009
0.577691
0.964291
-0.511589
-0.136828
-0.471537
-0.110679
0.795987
-0.498187
-0.887669
-0.976785
-0.315663
-0.304056
-0.823178
-0.660119
0.477507
-0.939533
0.913904
-0.866418
-0.589771
-0.291160
0.952329
0.689454
-0.556682
0.155728
0.844241
0.160247
-0.999122
-0.186697
0.4934
-0.937826
0.404944
0.570345
0.813888
-0.777045
0.472713
-0.497673
0.502750
-0.689710
0.407472
0.20135
-0.494304
0.960674
-0.677389
0.864782
-0.994187
-0.197470
0.712672
-0.750683
0.720930
-0.962925
-0.112287
0.135037
-0.680429
-0.190821
0.702890
-0.888671
-0.907691
-0.239676
0.513069
0.300108
-0.423418
-0.939092
0.781745
-0.695356
-0.733857
0.729022
-0.151583
0.493885
0.237863
-0.468969
0.928366
0.170651
-0.723339
-0.453842
0.547489
0.776369
-0.284233
0.139702
-0.921590
-0.85006
-0.493339
0.534295
0.710792
0.509638
-0.745590
-0.405760
-0.852601
0.26366
0.503090
-0.845052
-0.266862
0.54190
-0.853236
0.617074
-0.28951
0.979329
0.548812
0.199917
-0.58156
-0.724611
-0.204516
0.994054
-0.223134
0.149409
-0.16980
0.809507
0.132235
-0.351290
0.57591
-0.793001
0.703148
0.641537
0.318658
-0.544269
-0.67363
0.213264
-0.431956
-0.845348
0.744091
-0.414019
0.505570
-0.561267
-0.603577
-0.655981
0.397274
-0.780414
0.254017
0.385087
-0.296111
-0.465842
0.747294
-0.151705
0.402778
-0.350693
-0.508162
-0.907941
0.20944
0.684242
0.898118
0.802041
0.305559
-0.428518
-0.37111
-0.648604
0.292019
-0.213048
0.826258
-0.218563
-0.394510
-0.375905
0.366674
-0.949109
-0.785759
0.528491
-0.489927
0.495621
-0.945691
0.387767
0.770450
0.832377
-0.183522
-0.101782
0.926531
-0.755168
0.438658
0.740066
0.931273
-0.709302
0.838879
0.917262
-0.84677
-0.640645
-0.369727
0.529524
-0.581135
0.718998
0.407327
0.807142
0.690182
0.687605
0.209737
0.450525
0.633199
-0.890746
0.397621
0.317236
-0.769948
0.29019
-0.502645
0.312557
0.436797
-0.881143
-0.885040
-0.210687
0.766948
0.704062
-0.842316
-0.150399
-0.830767
-0.496649
-0.881858
-0.227038
-0.804471
0.307834
-0.847305
0.423601
0.168298
-0.644579
-0.25734
-0.144912
0.269911
-0.802072
-0.519914
0.136798
0.26321
-0.95421
0.963684
0.559986
-0.611222
0.591624
-0.4563
-0.742630
0.352674
0.258904
0.275179
-0.720146
0.769144
0.206373
0.507394
0.672444
-0.492970
-0.958247
-0.123029
-0.741162
0.418758
-0.225483
0.380716
-0.145240
0.388026
0.660854
-0.324313
0.241000
-0.419571
0.415220
-0.306897
-0.493384
-0.888233
0.772874
-0.486218
-0.778218
-0.879527
0.361002
0.4518
0.26337
0.426739
0.572102
0.68192
0.360862
-0.293179
0.447432
-0.896450
-0.916296
-0.908800
0.828650
-0.719559
0.332699
-0.643274
0.892034
-0.716296
0.556689
-0.605563
0.410439
-0.974597
0.710574
-0.580087
-0.384205
-0.615175
0.293925
-0.506024
-0.435346
0.278500
-0.857374
-0.978098
-0.602272
-0.667781
0.870133
-0.320457
0.496156
-0.568226
0.595535
-0.881089
0.657555
0.796594
0.20239
-0.106760
-0.44554
0.739982
-0.823387
0.651337
-0.928827
0.100973
0.625167
0.595886
-0.749188
0.844405
0.345130
0.840817
-0.221758
0.986870
0.940030
0.730287
0.478891
0.886512
0.221055
0.244290
0.889672
-0.981547
0.283045
0.668866
-0.774250
0.893309
0.755118
-0.154770
-0.887890
0.767931
0.751623
0.328856
-0.1192
-0.565497
-0.785922
-0.404834
-0.187754
0.706786
0.963815
-0.535736
-0.921629
-0.890149
-0.679524
0.686328
-0.702913
0.911686
-0.985182
0.717755
-0.972263
0.241326
-0.125743
0.950132
-0.32541
0.817000
-0.65276
-0.767125
-0.298134
-0.180004
0.218547
-0.577777
0.353296
-0.408700
0.762710
-0.357557
0.442411
0.9511
0.761395
0.398003
-0.649266
0.822997
0.84092
0.217799
-0.763749
0.392589
-0.296841
-0.936460
-0.8887
0.21320
-0.504320
-0.22923
0.10464
-0.31238
-0.24781
0.82147
-0.160597
0.388590
-0.11619
0.659620
0.520546
0.790369
-0.55280
0.500228
-0.621046
0.352117
-0.933129
0.72099
0.440178
-0.231804
-0.48931
0.139007
-0.735448
0.970570
-0.166692
0.555140
0.198752
0.537329
0.621394
-0.350904
0.591810
0.367808
0.110765
-0.501237
0.59596
0.532254
0.563345
0.350761
0.231564
0.562213
-0.467874
-0.601846
-0.495566
-0.469714
0.209436
-0.875754
-0.556343
0.358890
-0.716173
-0.734403
0.109520
-0.917001
-0.454272
0.4364
-0.105446
-0.600444
0.716635
0.272650
0.857817
0.845514
0.562983
-0.384852
-0.481182
0.302787
-0.636573
0.489477
0.820200
-0.451663
0.190593
-0.476660
-0.538957
0.385711
0.795746
0.984145
-0.400725
0.753521
0.67280
0.115739
-0.914819
-0.778522
0.972068
-0.813837
-0.190830
0.583093
0.721528
0.193814
-0.653210
-0.32429
-0.237886
-0.618872
0.878939
-0.635024
-0.27118
0.527386
-0.169289
-0.9681
-0.90260
-0.966330
0.605372
0.178865
0.125530
0.620090
0.468556
0.744049
0.701798
0.377758
-0.768019
0.43309
0.279897
-0.769779
-0.392956
0.623247
-0.119332
-0.280659
0.139002
-0.567956
0.864908
-0.559624
-0.873270
0.588963
-0.699300
0.672158
-0.12207
-0.778809
0.802514
-0.257642
0.844402
0.195040
0.986820
0.204790
0.967928
-0.423058
-0.993497
0.715358
-0.802708
0.958187
-0.303747
-0.485680
0.862164
-0.608059
0.329430
0.376502
0.779295
0.137566
-0.79945
-0.408289
-0.631455
-0.913415
0.846734
0.8071
0.449446
0.667803
0.629308
-0.585500
0.934324
0.672503
-0.91964
-0.953939
0.169603
-0.153727
-0.466566
-0.813775
0.426068
0.755677
0.872315
0.438597
0.762711
0.107659
-0.292587
-0.399843
0.403070
-0.523370
-0.670408
0.398998
0.601520
-0.89561
-0.147447
-0.682460
-0.663230
-0.362670
-0.234590
-0.890010
0.940371
0.905672
0.207180
-0.492573
0.410566
-0.137989
-0.525958
-0.920987
-0.606065
0.711916
0.462940
-0.843380
0.865218
0.694419
-0.523669
0.613461
0.614803
0.729702
0.341000
-0.948586
-0.270923
-0.832542
0.656266
0.440711
0.796781
-0.532196
0.63356
-0.902243
-0.614330
0.544734
-0.213795
-0.634743
0.193680
-0.683286
0.103073
0.318952
-0.751151
-0.170878
-0.937727
-0.186101
0.280569
-0.26933
-0.126578
-0.305204
-0.558542
0.395260
-0.40838
0.633640
0.394449
-0.318256
0.465150
-0.871519
0.305054
-0.656422
0.686690
0.9993
0.77174
-0.343890
0.482454
0.944661
-0.531737
0.846037
-0.369926
-0.839799
-0.312955
-0.778250
-0.795263
0.543462
-0.724870
-0.859450
0.558761
-0.411524
-0.422721
0.356039
-0.920861
0.978875
-0.156975
0.541526
0.337294
-0.840332
-0.572084
0.461059
-0.301055
0.500368
-0.720758
0.470190
-0.261965
0.915454
-0.637129
0.138917
0.88547
0.526940
0.459057
-0.321479
0.998848
0.479304
0.296746
0.970984
0.461237
-0.140079
-0.863875
-0.461515
0.491983
0.359583
0.681167
0.719806
-0.132645
-0.47940
0.347918
0.420757
-0.47583
0.434051
-0.356777
-0.458482
0.392741
0.516362
-0.208830
-0.931513
-0.387550
-0.378982
0.789598
-0.871136
-0.861888
-0.546650
-0.321200
-0.556572
-0.383821
0.745816
-0.912012
-0.558613
-0.802860
-0.594073
0.569204
-0.261561
-0.333036
0.58177
-0.739332
0.77581
0.364742
0.811026
-0.107991
0.87430
0.390927
-0.748763
-0.37546
-0.640396
-0.898704
-0.884801
0.276408
0.457368
0.303258
-0.248430
0.961210
0.676515
-0.466595
0.44600
-0.887844
0.99103
0.481629
-0.614414
-0.671595
0.392286
0.489280
-0.587265
0.456154
-0.891485
0.592882
-0.834706
0.498631
0.912749
-0.515115
0.88869
0.122084
0.230787
0.68543
0.639241
-0.100012
-0.343142
0.341318
-0.387684
0.7744
0.589588
-0.968141
-0.671071
0.451868
0.981055
-0.573874
-0.918999
0.774249
-0.816023
0.994987
-0.99283
0.35847
-0.716995
-0.405537
0.690990
0.932905
-0.13908
-0.704874
0.884171
0.301503
-0.156430
-0.451503
-0.604039
-0.741567
-0.584897
0.424383
0.864258
0.159310
-0.837397
-0.234989
-0.494480
-0.325318
0.585293
0.226071
0.219639
-0.851043
0.435656
-0.484202
-0.561003
-0.976111
0.478675
0.379137
-0.860725
-0.956891
0.619646
0.259214
-0.359775
0.655219
0.647429
0.930885
0.441570
0.275841
-0.633531
-0.433274
0.502164
-0.373139
0.842584
-0.356477
0.807076
-0.434136
-0.21600
0.573554
-0.310586
0.359149
-0.142768
-0.857787
-0.621019
0.977917
0.926375
0.449084
0.853281
0.958435
-0.574501
0.431878
-0.144632
-0.841004
0.592068
-0.580312
-0.159684
0.893374
0.262200
0.403143
-0.917494
0.137769
0.308603
-0.821465
0.925429
0.374101
0.611164
0.914212
-0.188346
-0.438381
-0.686127
-0.715774
0.990859
0.664615
-0.393014
-0.136278
0.448818
-0.187083
0.893604
0.435658
0.304801
0.351668
-0.132092
0.188114
0.537449
-0.133557
-0.194244
0.585739
0.491184
0.438162
0.834465
0.227411
0.881191
-0.557057
-0.455747
-0.110182
0.835180
0.192865
0.760435
0.836766
-0.556530
-0.554164
-0.852359
0.935878
-0.906609
0.260446
-0.981185
-0.540710
-0.418704
-0.669877
0.123187
-0.667703
-0.758261
0.958343
-0.790604
0.332932
0.798138
-0.97909
-0.543351
0.510393
0.440533
-0.223739
0.775048
0.833151
0.894921
-0.100907
0.283087
0.9180
-0.661883
-0.76397
-0.795337
0.315973
-0.329130
-0.760325
0.480375
-0.355147
0.557909
-0.375330
-0.376040
0.559414
0.227862
0.838125
0.461636
-0.68651
-0.847533
0.92358
0.587082
0.752698
0.854918
0.305047
-0.300093
-0.288905
0.271784
-0.707311
-0.905422
-0.467841
0.443399
-0.644234
-0.669624
-0.544906
-0.890638
-0.192732
0.78299
0.910285
-0.974805
0.784863
-0.908230
0.132900
-0.770709
0.376895
0.623289
-0.325767
-0.183408
0.971723
0.715591
-0.402894
0.670245
-0.116654
-0.541056
0.714466
0.274976
0.307111
-0.605803
0.912277
0.796574
-0.568995
-0.166614
0.2903
0.381116
-0.719406
-0.523959
0.735641
0.234278
-0.975453
0.395587
-0.807547
-0.705601
-0.886473
-0.71021
0.204268
-0.604276
-0.320163
0.700730
-0.637264
-0.330397
0.694906
-0.511675
-0.564913
0.799195
-0.37640
0.746638
-0.381697
-0.476198
0.279996
0.99626
-0.963871
0.806584
-0.991144
0.639806
0.105512
0.534134
0.340912
0.263671
-0.308115
-0.962544
-0.774001
0.707294
0.677774
0.456573
0.279768
-0.991090
-0.776453
0.44026
-0.821340
0.945061
-0.170388
-0.759976
0.41357
-0.933478
0.602865
0.727931
-0.121557
-0.565269
0.651422
0.789805
0.94394
-0.691182
-0.94922
-0.671149
0.419041
0.875820
0.611758
-0.617081
-0.175795
0.551644
0.962935
-0.188231
0.231154
0.400176
-0.291694
0.846471
0.487229
0.289640
0.272861
0.14767
0.609703
-0.314035
0.42735
-0.907282
0.998029
-0.29894
-0.254854
-0.78160
0.4329
-0.401289
-0.701022
0.231168
0.301765
-0.286755
-0.514301
0.782881
-0.708461
-0.861819
-0.544385
0.2430
-0.260731
-0.536082
-0.283154
-0.34298
-0.125283
-0.616212
-0.716051
0.530909
-0.400893
-0.592443
0.151891
-0.555551
0.504944
0.127901
0.219175
0.624448
-0.195360
0.28197
-0.807478
-0.315055
0.530787
-0.791771
0.811351
0.781007
0.173048
0.643791
-0.781478
0.701644
0.133065
-0.852104
0.992580
-0.864851
0.669788
0.215512
-0.988248
-0.442731
-0.494538
0.798577
0.589886
0.34486
-0.469386
-0.604226
-0.393971
0.569991
-0.168119
-0.395629
0.931352
0.897697
0.669881
0.111110
0.676480
0.726220
0.821048
-0.509611
-0.620734
-0.206574
0.255078
0.373689
0.633023
0.692438
0.882127
-0.510898
0.864900
-0.930972
0.38156
0.741966
-0.112277
-0.918358
-0.992983
0.860612
-0.521123
-0.736542
0.394339
0.941604
0.570263
0.861208
0.238462
-0.782222
0.297054
-0.670847
0.271630
-0.82551
-0.397351
0.317232
-0.977936
-0.36756
-0.277735
-0.275261
0.399881
-0.215788
0.367260
-0.938886
0.481808
0.741788
0.950656
-0.146777
-0.858152
-0.122545
-0.262943
-0.678541
-0.650326
-0.256290
0.4947
0.116488
0.781121
-0.407676
0.441978
-0.786807
-0.100376
-0.219000
0.490286
-0.306022
0.111459
-0.636645
0.384696
-0.131633
-0.63188
-0.479437
-0.952179
-0.505668
0.444554
-0.914386
0.292612
-0.843022
-0.262493
-0.960372
0.944153
-0.133922
0.211313
-0.462718
0.118459
0.663736
-0.14978
-0.766135
0.255451
0.216811
-0.701501
-0.619242
0.865095
0.903453
-0.40639
-0.913073
0.162923
-0.589460
-0.333915
0.2949
0.679233
-0.634022
0.842563
-0.694074
0.188313
-0.830724
0.74786
-0.400279
0.428582
0.583823
0.683909
-0.486718
0.543891
-0.253772
-0.644709
0.846533
-0.439760
-0.567211
0.913417
-0.896690
0.204874
0.507897
0.177380
-0.735894
0.728261
-0.591536
0.332965
-0.775355
-0.187138
-0.303720
-0.802201
0.188494
0.663513
-0.40637
0.49694
-0.678660
0.664741
-0.566933
0.127438
-0.480787
-0.655249
-0.267869
-0.183283
-0.414127
0.105056
-0.718620
-0.384453
-0.665571
-0.695524
-0.624896
0.643535
-0.32491
-0.522818
-0.699453
-0.934956
0.22307
-0.768916
-0.611123
0.366105
0.838972
0.743098
-0.894770
0.13764
0.691869
0.266549
-0.487211
-0.653026
-0.251064
-0.151831
-0.858804
-0.647110
0.193344
-0.203991
-0.400930
-0.829719
0.557609
-0.346551
0.733073
-0.12721
0.585956
0.774412
-0.222059
-0.109222
0.635986
-0.939993
0.864193
0.408605
-0.519482
-0.378358
0.182693
-0.193018
0.813598
0.225386
0.899885
0.4318
0.550083
0.591713
0.722520
-0.761618
-0.994693
0.369648
-0.321419
0.432777
0.907201
-0.794017
0.535564
-0.862901
0.42958
-0.928538
-0.359099
-0.461389
0.227938
0.197677
-0.786741
-0.825316
-0.209963
0.156674
0.489569
0.888636
0.916938
0.3017
0.186042
0.834368
0.986909
-0.688195
-0.212114
-0.771543
0.235390
0.906862
0.961220
-0.319919
0.443494
0.218918
0.582396
-0.846186
0.790209
-0.468188
0.747825
-0.721603
0.581815
0.597095
0.108439
-0.266686
-0.854211
-0.882313
0.905727
0.19319
0.195177
-0.798637
0.345792
-0.793259
0.526730
-0.144956
-0.80356
0.41993
0.309062
-0.488804
0.524080
0.277682
0.445391
-0.226427
0.394932
-0.733043
0.335
0.884035
0.692855
-0.514833
-0.971446
0.526844
0.559053
-0.746677
-0.724279
0.318320
-0.23676
0.659354
-0.788703
0.852889
-0.647879
0.290097
-0.633965
-0.27047
0.884132
0.95462
0.234374
-0.940085
-0.707497
0.694247
-0.471300
-0.712839
-0.124923
0.996748
-0.257975
0.613613
-0.468275
0.586773
0.110548
0.461765
0.188405
-0.399314
-0.695887
-0.732559
-0.58866
-0.867864
-0.439375
0.541495
0.952896
-0.994276
0.936938
0.665782
0.544304
-0.540157
0.382728
-0.198588
0.75503
0.510264
0.453654
0.207478
0.185983
0.559039
0.688749
-0.222360
-0.187834
-0.885221
0.373581
0.46337
-0.319910
-0.605442
-0.104770
0.790123
-0.918286
-0.500719
0.59564
-0.400813
-0.816243
0.903609
0.93090
0.662989
-0.891661
0.922049
0.615565
-0.183128
-0.71234
0.154466
-0.108954
0.905333
0.761330
0.915532
-0.630601
-0.99145
-0.792549
-0.984540
0.161427
-0.199269
-0.712092
0.834682
-0.122409
0.779485
-0.322734
0.918703
0.394894
-0.491632
-0.746440
0.9822
0.239862
-0.372941
0.628073
0.950755
0.5011
-0.875292
-0.304047
0.561112
-0.244137
0.169156
0.790902
-0.31263
-0.428248
-0.374724
0.446412
-0.100786
0.9865
-0.235037
0.831209
0.460142
0.368521
-0.586027
0.561760
0.648081
0.520441
-0.405473
-0.421448
-0.529843
-0.992336
-0.57089
-0.805465
-0.125022
0.147954
0.485972
-0.578557
-0.848087
-0.314252
-0.135999
-0.613958
0.714615
0.117669
-0.994799
-0.73177
0.421518
-0.461914
-0.20614
0.669186
-0.115414
0.538401
-0.829008
0.63853
-0.580388
-0.627562
-0.286822
0.533171
-0.924975
0.637878
-0.706310
-0.477121
-0.809273
-0.122787
0.239118
-0.8229
0.641817
0.955919
-0.696292
0.147921
0.430581
-0.25772
-0.566059
-0.235193
-0.726136
0.443513
-0.616831
0.592978
-0.376021
-0.288696
0.540442
-0.486024
-0.392611
-0.653085
-0.10771
-0.398288
0.125545
0.191460
-0.532059
-0.215342
-0.332429
-0.723345
0.95841
0.924421
0.548440
-0.119706
0.542747
0.787494
0.596729
0.56966
0.790641
-0.565204
-0.428370
-0.640494
-0.699671
-0.734977
0.31044
0.14065
-0.290998
-0.147804
-0.667955
0.444673
0.905944
-0.178765
0.189098
0.626525
-0.240041
-0.412277
0.948394
0.145192
-0.424959
0.712870
-0.371196
-0.615593
0.181773
-0.17984
-0.547259
-0.93135
-0.694824
0.472228
0.540335
0.896365
-0.806834
0.481491
0.394117
-0.435998
-0.539557
-0.307784
-0.392155
-0.89299
0.203126
0.940009
-0.86293
-0.236292
-0.821396
0.697744
0.323625
0.174811
0.451808
0.918393
-0.315689
0.181354
-0.19612
-0.798703
-0.928868
0.18400
-0.511638
0.398732
0.24257
-0.895400
-0.859897
-0.756440
-0.736310
0.346687
-0.103905
0.550395
0.652175
0.791193
-0.253593
-0.116259
0.994251
0.830808
0.642124
0.136524
0.380918
-0.61090
-0.174125
0.457042
-0.748781
-0.614905
-0.585161
0.304984
-0.929754
-0.941828
-0.718778
-0.882161
0.225450
-0.767974
-0.458862
-0.566659
0.452774
-0.596948
0.445279
0.53686
0.374072
0.595802
-0.866596
-0.229274
0.513316
0.496050
-0.261894
0.977827
-0.123884
0.387623
-0.650299
-0.938879
-0.614736
-0.762677
-0.106170
-0.803132
0.34011
-0.472179
-0.299722
-0.729662
0.905261
0.77837
-0.636627
-0.170852
0.317818
-0.859610
-0.545463
0.620247
-0.367021
-0.252919
0.748345
0.986137
-0.454987
-0.199316
0.192475
-0.600451
-0.671042
0.781243
-0.766657
-0.584532
-0.543276
-0.85296
0.275337
-0.281642
-0.121173
0.148254
-0.590614
0.651874
0.625412
0.833014
-0.296520
-0.948327
0.144458
0.791583
-0.714371
-0.511942
-0.369315
0.862738
0.335486
0.803362
0.195294
-0.842529
0.602360
-0.864213
0.378298
-0.562012
0.647045
-0.675085
-0.756262
0.735322
0.875489
0.244632
0.877206
0.405808
0.768103
0.185704
-0.677139
-0.782010
0.71694
-0.539975
0.376155
-0.157515
0.128679
0.847407
0.815622
-0.871927
0.346345
-0.968619
0.740282
-0.952596
-0.616301
0.504486
0.715591
-0.605643
-0.965424
-0.753629
-0.763958
-0.881131
-0.743746
0.293931
-0.827619
0.283183
-0.798769
0.913867
0.142581
-0.563788
0.553821
-0.568675
0.871123
0.56697
-0.352641
-0.210830
0.721471
0.41941
-0.853203
0.540937
0.534434
0.371138
0.592274
-0.872255
-0.700526
0.526442
-0.20671
-0.523759
-0.302139
-0.761046
0.390782
-0.804085
-0.580190
-0.610175
0.698251
-0.630568
-0.7937
-0.565889
0.835768
-0.851419
0.906893
0.790641
0.989330
0.852062
0.411208
0.978955
0.617689
0.946949
0.145418
-0.663976
-0.740941
0.592707
-0.328955
-0.349091
0.629445
0.217370
0.611076
0.980254
-0.355116
-0.440932
0.478129
-0.601019
-0.719279
0.810049
0.137797
-0.741071
-0.284922
-0.143969
-0.8727
0.811305
0.726275
-0.207215
0.69390
0.486813
-0.52490
-0.707183
0.863985
0.142790
-0.372523
0.480667
0.459570
-0.421762
0.555517
0.907426
-0.575144
0.751472
-0.263758
-0.671474
-0.178861
-0.757655
0.86034
0.278323
-0.289392
-0.565988
-0.923010
-0.204939
0.268394
0.159776
0.192434
0.937211
-0.302285
0.585350
-0.163723
0.415544
0.415112
0.573935
-0.670741
0.483870
-0.822429
-0.654753
-0.96514
0.644371
0.2746
-0.737875
0.387702
-0.479111
-0.363769
0.288735
0.837637
0.870076
0.910182
0.302952
-0.845327
0.90112
-0.836681
-0.413195
-0.120910
-0.330807
-0.894417
0.351541
-0.260120
0.488459
0.927817
-0.184086
-0.514177
0.567260
0.530878
0.554338
-0.657035
0.560313
-0.905668
0.459615
-0.63778
0.666586
-0.891808
-0.756667
-0.881483
-0.292170
0.571376
-0.607459
0.563122
-0.26264
0.561284
0.502910
0.741405
-0.228388
0.585788
-0.190003
-0.511130
0.124115
-0.907421
0.71219
-0.674965
0.630909
0.872349
0.848247
0.445791
0.45825
-0.487818
-0.225396
-0.644663
-0.392648
0.174492
0.396371
-0.471944
-0.604914
-0.950324
-0.200974
-0.588579
-0.387983
-0.102955
0.412752
-0.627093
-0.555822
0.556369
0.376838
0.784059
-0.947836
0.384841
-0.676878
-0.897397
0.268855
0.990630
0.505715
-0.334416
-0.556489
0.646280
0.502470
-0.460523
0.420989
0.872215
-0.734277
-0.83666
0.647529
0.59025
-0.357998
0.122552
0.836848
0.613035
0.208743
0.752614
0.901175
-0.250827
-0.188621
0.978289
0.244595
-0.923790
0.539482
-0.693689
0.508669
0.27772
-0.225489
0.9872
-0.779859
-0.404901
0.603063
-0.270187
0.72763
0.424235
-0.748717
-0.903698
0.802085
-0.4888
-0.351298
-0.561283
-0.451292
-0.242986
0.739380
-0.255470
-0.908470
0.24193
0.850592
0.532123
-0.815395
0.217443
0.907938
0.106480
0.464982
-0.567943
0.326298
-0.192599
0.234634
-0.487075
0.204796
-0.9605
-0.435621
-0.141151
0.328179
-0.725920
-0.178688
-0.740391
-0.580857
0.313002
-0.474592
-0.378472
0.526523
0.127536
-0.523009
0.251523
-0.873509
0.357423
0.327631
-0.111696
0.204552
-0.832089
0.813684
0.986218
0.935705
0.473084
-0.696517
-0.760244
0.455332
0.16902
0.18744
-0.222498
0.562258
0.717735
-0.111199
0.62052
0.216104
0.215343
0.982974
0.457033
0.17134
-0.878033
0.814378
-0.969396
0.42409
0.764403
0.803781
0.469758
0.599526
-0.288633
-0.565981
-0.59180
-0.761178
0.328225
-0.992436
0.211888
0.264432
0.755926
0.244550
0.864872
0.260677
-0.864465
-0.648880
0.946850
-0.38070
0.991835
0.102520
-0.902489
-0.841890
-0.124203
-0.48677
0.392953
0.942365
0.908271
-0.906905
-0.990228
0.918770
-0.748393
0.705269
0.848760
0.930726
-0.380095
-0.407962
0.413297
0.29650
0.116882
-0.906296
-0.940492
0.691418
0.551930
-0.138258
0.282259
0.429555
0.173734
-0.242248
0.910868
-0.379441
0.722573
0.89899
0.553607
0.706074
0.746933
0.213029
-0.461033
0.536189
-0.535476
0.587825
-0.280532
0.881091
-0.668557
-0.476761
-0.812666
0.386741
0.159958
0.703813
-0.112543
-0.933112
-0.538610
0.546902
-0.83293
0.45310
-0.306596
-0.952856
-0.683220
0.41395
-0.473639
-0.963907
-0.407064
-0.854248
0.343642
0.313292
-0.653
0.832013
0.908898
-0.571611
0.494712
0.127313
-0.282761
0.388436
0.946821
0.350462
0.497045
0.739470
0.181371
0.503835
0.700836
-0.497550
-0.579884
0.757105
0.224831
-0.997326
0.461989
0.37203
0.753864
0.743435
-0.404528
0.153851
0.440972
0.322034
-0.36096
-0.663708
0.159349
-0.954774
0.7173
-0.744368
-0.556947
-0.467900
-0.899037
0.796391
0.447096
-0.386292
0.182781
0.269549
0.466168
-0.762448
-0.933804
-0.755550
-0.620118
0.865092
0.422204
0.375648
0.383859
0.514440
-0.865005
0.968502
0.399715
0.196429
-0.894937
-0.238953
-0.573913
0.379723
-0.460261
0.149927
0.845597
-0.740374
0.140832
0.279657
0.992276
-0.323939
0.653985
0.202086
0.647236
-0.668900
-0.864493
0.935984
-0.425606
-0.495179
-0.483684
-0.998950
0.660126
-0.629787
-0.371700
-0.842001
-0.736245
0.221257
0.974735
-0.960283
0.338210
0.196849
-0.537037
-0.190165
0.997596
0.364863
0.330451
0.326914
0.103139
0.824240
-0.898849
0.355167
-0.348535
-0.541677
0.32471
0.461593
0.647497
-0.606088
-0.340332
-0.663530
-0.997949
-0.335561
0.908560
-0.351683
0.651880
0.519242
0.842165
-0.734880
0.967185
-0.30322
-0.294870
-0.886689
-0.183063
-0.159606
-0.321734
-0.377676
-0.884234
-0.680788
-0.408417
0.353549
0.208395
0.643731
0.263552
0.757613
-0.171521
-0.263097
0.796203
-0.441463
-0.675267
0.535366
0.973261
0.349389
-0.142632
-0.682994
0.62649
-0.644052
0.942039
0.837956
0.182747
-0.469033
0.383505
0.853363
0.398269
-0.191679
-0.444951
-0.103242
0.156439
0.792061
0.999161
-0.882826
0.544303
-0.849206
-0.331013
0.724639
0.282732
0.900732
-0.442155
-0.878649
-0.597978
0.430314
0.313725
-0.977495
-0.18892
-0.318293
0.760963
0.79863
-0.244349
-0.824314
0.132583
-0.121827
-0.775329
0.114256
-0.809359
-0.574262
0.95938
-0.482972
-0.570836
-0.428885
-0.746375
-0.124133
0.464649
-0.845309
0.649417
-0.317064
0.767632
0.230020
0.494155
-0.276799
-0.369887
0.259908
-0.888341
0.424545
-0.203347
0.565258
0.116960
0.489765
0.409740
0.839663
-0.37402
0.390214
0.628323
-0.864348
0.480864
-0.975049
0.992208
-0.349280
-0.494190
-0.856079
-0.143608
-0.679964
0.143432
-0.874882
0.21155
-0.161386
-0.903978
0.379944
0.171835
0.687484
0.385440
0.536154
0.413842
-0.290902
0.691965
0.121922
-0.117374
-0.128846
-0.971615
0.846683
0.750979
-0.567680
-0.76021
0.703610
-0.191916
0.933260
-0.53627
-0.987709
0.903906
0.891854
0.458296
-0.464148
0.815662
-0.352828
-0.629428
0.296400
-0.723932
0.68068
0.811704
-0.564163
0.162773
-0.613681
0.515894
0.716574
0.912705
-0.48375
0.138557
0.463023
0.621871
0.257849
0.531715
0.664410
-0.934681
-0.55601
-0.20508
-0.782710
0.666244
0.432386
0.30485
0.118291
0.790093
-0.830543
0.195542
-0.882871
-0.625769
0.101416
0.727674
-0.929484
-0.531008
-0.441445
-0.153906
-0.251150
0.653250
-0.518640
-0.381553
0.143277
-0.836302
0.616649
-0.816442
0.881962
0.672945
0.116048
-0.781909
0.579326
-0.63321
0.897138
-0.277630
-0.553729
0.864529
0.130967
0.258357
-0.934081
-0.280768
0.159208
0.566603
0.55774
0.540900
0.672871
0.766410
-0.668431
0.305673
-0.563311
0.230210
0.30536
0.222114
0.373526
0.952100
-0.91483
0.891042
0.362783
-0.808213
-0.729897
-0.139435
-0.704627
-0.171317
0.251928
0.971332
-0.576646
0.964984
0.328986
0.768685
-0.700274
-0.42824
0.986358
-0.75153
0.424215
-0.800402
0.265185
-0.73232
0.845682
0.375575
0.237892
-0.429202
0.581153
-0.938072
0.613988
-0.645357
0.460247
0.138725
-0.654752
-0.312098
-0.613597
0.749432
0.568689
-0.364947
0.99918
0.28334
0.120133
-0.185053
-0.884426
-0.611426
0.346236
-0.329029
0.977669
0.769441
0.681633
0.227740
0.226744
0.174013
0.832541
0.726157
-0.312186
0.302974
-0.244731
-0.133605
-0.127506
0.627571
0.34519
0.796577
-0.940707
-0.644609
0.163910
0.433923
0.365874
-0.702439
-0.179600
-0.163579
-0.699439
0.440457
0.470933
0.73327
-0.835446
0.72181
-0.690204
0.398506
0.951129
-0.769604
0.948170
-0.538397
-0.360519
-0.545164
0.185785
-0.64609
-0.691648
-0.829395
0.79128
-0.761021
-0.152678
-0.333597
0.734666
0.990145
-0.291571
0.349891
0.512332
0.70138
0.645477
0.929322
0.356749
0.232840
-0.498997
-0.727331
-0.514014
-0.41757
0.870612
0.25926
0.623809
0.323777
0.808525
0.671474
-0.594661
0.710061
0.905970
0.104105
-0.149667
-0.827469
-0.431885
0.775847
-0.75857
0.612592
-0.709310
-0.584451
-0.170942
-0.764852
0.614601
-0.333030
0.726995
0.965753
-0.198827
0.895685
-0.923156
-0.29864
0.310659
0.817292
-0.139667
-0.365690
-0.101107
0.698448
0.374722
0.284221
0.932332
0.714938
-0.176695
0.808645
0.783254
0.240369
0.460189
-0.94155
0.592296
-0.190069
0.374036
-0.97292
0.505900
0.263544
-0.775394
-0.386299
-0.197721
-0.916109
-0.814633
-0.782643
-0.461790
0.337001
0.809598
-0.725532
-0.858955
0.650210
0.987712
0.224486
0.59595
0.406939
0.584853
0.91771
-0.927180
0.189695
-0.248988
-0.372404
0.995350
-0.665461
0.656913
-0.755899
0.339298
0.781564
0.186315
0.369679
0.43137
0.113604
0.118913
-0.926917
-0.729609
0.820610
-0.88950
0.238431
0.418771
0.438305
-0.327590
-0.624256
0.633017
0.542955
0.444575
-0.65243
0.721956
0.115703
-0.416928
0.919666
-0.191936
-0.157838
-0.449642
-0.914242
0.816513
-0.460449
-0.579455
-0.360048
0.6878
-0.31805
0.848341
-0.455518
-0.308600
0.443871
-0.646545
-0.872065
0.103814
-0.152071
-0.942524
0.938222
0.935213
0.452197
-0.516081
-0.727141
0.231600
-0.7117
0.888698
-0.682943
-0.550208
0.922827
-0.490351
-0.67938
-0.857500
-0.663974
-0.802675
-0.591767
0.33571
0.768908
-0.372562
0.621669
0.287699
-0.200456
-0.607774
0.890049
0.526565
-0.387440
-0.124121
-0.127434
0.191740
-0.297999
-0.426308
-0.248655
0.966434
-0.42236
-0.62669
-0.459511
0.809044
-0.559470
-0.576070
-0.91152
-0.262396
0.635903
-0.966675
-0.884491
-0.71097
0.669182
-0.104960
-0.473637
-0.484456
-0.926743
-0.696131
0.413846
-0.78925
-0.954697
-0.939188
-0.273982
-0.557146
-0.620805
0.189575
-0.682236
0.204139
0.274430
0.301959
-0.380495
-0.296645
-0.849893
-0.209845
0.530655
0.269759
0.460118
-0.47553
0.443235
-0.160338
0.644872
-0.569338
-0.126939
-0.711230
0.598929
-0.182141
0.315957
-0.803015
0.987914
0.945941
-0.817982
0.520273
0.457352
-0.44905
-0.688878
-0.480980
0.587861
-0.177211
0.340148
0.148874
-0.417983
-0.434854
0.326153
0.899790
-0.283433
0.348988
-0.577783
0.412220
-0.469791
-0.452075
-0.695072
-0.8772
0.499726
-0.514086
-0.107128
0.295303
0.510327
-0.259051
0.730
0.666899
0.37276
-0.901931
0.917852
0.682899
0.287628
-0.62665
0.584382
-0.781986
0.773772
-0.956686
0.991737
-0.922364
-0.14851
-0.371249
0.889313
0.816097
0.86740
-0.574354
-0.64883
-0.908589
0.424932
0.367915
-0.559044
0.126126
-0.962327
0.246421
-0.851153
-0.488833
0.382906
-0.397938
-0.930936
-0.715161
-0.448415
-0.54973
-0.579473
0.382161
-0.451169
-0.46423
-0.416330
0.375733
-0.288065
-0.365426
-0.823645
-0.521575
0.230694
0.478770
0.133548
0.212011
-0.516151
0.611613
0.746899
-0.132733
0.776554
-0.240985
-0.384409
0.604246
0.271577
0.328045
0.340284
0.818125
0.769133
-0.281665
0.7180
-0.33700
0.277012
-0.135308
0.671791
0.254683
-0.479902
-0.673934
0.145091
0.53138
0.764205
0.544595
0.747155
0.224524
0.659616
-0.968025
-0.999865
-0.706480
-0.163390
0.817141
0.142533
0.316230
-0.83845
-0.3099
-0.784698
-0.678308
-0.470124
0.686097
-0.585624
0.249919
0.933162
0.944741
-0.219669
0.726256
0.525713
-0.250944
-0.131574
0.807034
0.73691
-0.477059
0.899074
-0.439997
-0.894623
-0.586477
-0.553067
-0.758191
-0.87044
0.935608
0.386857
-0.206124
0.237966
-0.613521
0.540594
-0.617663
-0.263392
0.989027
-0.766441
-0.48016
0.587822
0.657663
0.503593
-0.659822
-0.151491
0.413702
-0.773647
-0.483623
-0.109598
-0.413857
0.550403
0.780830
-0.642594
0.492613
-0.231586
0.586452
-0.207826
-0.476650
-0.692674
0.818408
-0.248255
0.415219
0.368288
0.66219
-0.512339
-0.644431
0.511596
0.909242
0.227823
-0.79578
0.975189
0.795171
-0.459201
0.894435
-0.924646
0.28746
0.461306
-0.711156
-0.859159
-0.340185
0.773804
-0.466945
0.442581
-0.955943
-0.294394
0.162519
0.250607
0.452599
-0.745863
-0.894389
0.92581
-0.359764
-0.883452
0.899834
0.881000
0.146814
-0.257339
-0.972910
0.989946
-0.886677
0.513431
-0.70276
-0.523238
-0.990199
0.902613
-0.455964
0.324075
0.65434
-0.435704
0.982843
-0.237991
-0.4214
0.743416
-0.711602
0.938681
0.50406
0.163828
0.732503
-0.159909
0.472521
0.607291
-0.574069
-0.293269
0.171598
-0.121123
0.78382
0.284098
-0.370796
-0.92424
-0.793580
-0.680678
-0.999570
-0.964669
0.564278
0.971128
0.703453
-0.514340
0.542489
-0.433377
-0.52934
0.868528
-0.429966
-0.762969
0.212844
0.883160
0.919204
0.366763
0.441050
0.167200
0.488714
-0.74831
-0.233099
0.986041
-0.913132
-0.489676
-0.490270
-0.130087
-0.543535
-0.720998
-0.264803
0.279156
-0.200702
-0.619133
0.493703
-0.679784
-0.957365
-0.207289
0.376490
0.482405
0.129101
0.772040
0.362989
0.55960
-0.827889
0.179256
0.413821
0.793051
-0.620683
-0.288979
-0.231222
-0.129507
-0.272434
-0.895404
0.562831
-0.938546
0.382594
-0.344007
-0.645419
-0.684812
-0.209630
-0.82352
0.838832
0.270679
-0.320291
0.90253
0.77478
0.256453
0.589261
-0.998837
0.46018
-0.360376
0.680674
-0.690547
-0.137055
-0.315753
-0.755779
-0.2840
0.789860
0.570478
0.382234
0.178017
0.913196
0.325976
-0.586327
-0.170901
-0.294901
-0.577309
-0.268364
-0.334373
0.159568
-0.784808
0.80936
0.542663
-0.610224
0.13652
-0.806577
0.968522
-0.142492
-0.738582
0.652016
-0.877517
-0.989816
-0.955197
0.755388
0.696304
-0.488752
-0.863008
0.301466
0.473189
0.551518
0.420501
-0.194863
-0.594221
-0.716226
-0.582528
0.791343
-0.831512
-0.947576
-0.555692
0.108983
-0.134273
-0.765814
0.683776
0.435657
-0.11674
-0.676511
-0.861623
-0.853903
-0.241434
-0.337703
0.454724
-0.833064
-0.426558
0.589298
0.999957
0.750599
0.812370
0.164215
-0.100045
-0.685816
0.103400
-0.60247
-0.266405
0.969923
0.516984
-0.364506
-0.953025
0.774297
-0.10915
-0.394538
0.94582
-0.177806
0.177903
0.435802
-0.458246
-0.906020
-0.516649
0.75726
-0.913122
0.323599
-0.869629
-0.918167
-0.918380
0.234942
-0.88764
0.456519
-0.290969
-0.606650
0.492698
0.263173
-0.164071
0.545296
0.651813
0.980128
-0.699376
-0.27746
-0.508184
0.424364
-0.154730
-0.872211
0.805138
0.426841
-0.479407
0.81332
-0.592296
-0.439403
-0.30050
0.953441
-0.638425
0.279504
0.270000
0.423159
0.769516
-0.237453
-0.23181
0.684092
0.954747
-0.957131
0.177129
0.406260
-0.899320
-0.42145
0.863066
-0.643938
0.961859
0.871998
-0.747045
-0.526396
0.175385
-0.957159
-0.389865
0.575942
0.301241
0.295119
0.87888
0.764147
0.579747
-0.949282
-0.834583
0.493361
-0.516663
-0.61006
0.693221
0.812973
-0.867603
0.99876
-0.444088
0.118433
-0.725243
0.740051
0.631284
-0.833043
0.343195
-0.686548
-0.891899
0.6926
0.61621
0.704975
0.655335
-0.139800
0.804433
-0.296759
0.948199
-0.510202
-0.861449
-0.35630
0.787155
0.220116
0.167352
-0.308130
0.602927
-0.500517
-0.899340
0.935743
-0.756145
0.593966
0.347924
-0.841803
0.854974
-0.2271
0.634962
0.725509
-0.422927
-0.552468
0.368643
0.682234
0.208358
0.152470
-0.420948
0.178726
0.680109
0.254023
-0.212474
-0.356861
-0.480535
0.783872
-0.913386
0.537615
0.971360
0.442945
-0.983386
0.344277
0.340635
-0.299443
-0.617665
0.971381
-0.767214
-0.358511
-0.837583
0.563489
-0.590857
0.949968
0.373095
0.356909
-0.94019
-0.717162
-0.957737
0.269149
-0.590891
-0.92661
-0.79467
0.539034
0.805799
-0.342722
-0.129270
0.994206
-0.286276
0.740723
0.431758
0.36531
-0.413838
-0.603182
-0.847837
0.702653
0.473628
0.679988
-0.375708
0.916129
0.632920
0.857595
0.197766
0.998670
0.312327
0.659766
-0.353378
0.786214
-0.482696
-0.655145
-0.294432
-0.318318
0.669464
-0.353860
0.733681
-0.259384
0.561544
-0.645143
0.485132
0.759704
0.899560
0.57897
-0.148473
0.536507
0.266212
0.994406
-0.65802
0.361409
-0.827383
-0.296791
0.501610
-0.444017
0.189507
0.338816
-0.249326
0.988451
-0.34343
-0.918177
-0.406813
0.330337
-0.162689
-0.750022
0.670172
0.480110
-0.859404
0.574971
0.365780
-0.940520
-0.624501
-0.746279
-0.894208
0.539066
0.297431
-0.627720
0.428279
0.377270
-0.315506
0.335812
0.271427
0.999586
0.109175
-0.8197
-0.109898
-0.546595
0.260757
0.124578
-0.543956
-0.83517
-0.153591
0.545632
0.702000
0.689191
-0.82898
0.35888
-0.840925
-0.517860
0.642736
-0.941408
-0.23830
0.519737
-0.297229
-0.439553
-0.340664
0.198925
-0.783364
0.592478
0.700164
0.19222
-0.823025
0.686444
0.123289
-0.646755
-0.763066
-0.551363
-0.592518
0.587836
-0.748120
0.763637
-0.99516
0.615743
0.739824
0.368245
-0.522596
-0.255756
0.475282
0.42276
0.662857
0.397301
-0.309899
-0.245525
0.568821
0.341221
0.377103
-0.954781
0.583773
-0.875851
-0.811451
-0.279938
-0.664268
0.712372
0.994247
-0.770826
-0.476385
0.115732
-0.665849
-0.721406
0.710971
-0.584316
-0.683838
-0.597397
0.109622
0.107561
-0.750049
-0.771472
-0.439546
-0.70219
0.754846
-0.123601
0.41878
0.50219
-0.633295
-0.975101
-0.350606
-0.465044
0.98515
0.818408
-0.568394
-0.161915
0.313468
-0.249112
0.449936
0.703159
0.193081
0.468717
0.582447
-0.975390
0.806915
0.76361
0.509909
-0.708317
-0.152903
-0.365618
-0.969046
-0.556092
-0.493624
-0.68233
0.157239
0.181047
0.114506
-0.101632
0.685054
-0.429047
-0.543867
-0.682194
-0.79518
0.211257
0.949941
-0.470070
-0.137112
0.234206
-0.380422
0.607001
0.590185
-0.887982
0.954166
-0.917996
0.99342
0.647541
0.368804
-0.729689
0.752950
-0.197095
0.550525
-0.138231
-0.242383
-0.834726
-0.707581
-0.676818
-0.746128
0.35161
-0.587120
-0.372218
0.332905
0.362375
0.382198
-0.182735
-0.582067
0.354392
0.596051
-0.820230
-0.897765
-0.977591
-0.129387
-0.452169
-0.735562
0.608514
0.989544
-0.558200
-0.33196
-0.56862
-0.45344
-0.66896
0.652131
-0.276355
0.430264
-0.119320
0.784245
0.966079
-0.267672
0.821853
-0.938283
-0.874973
-0.443804
0.766628
0.870101
0.408748
-0.579439
0.575560
0.896932
-0.512456
-0.981205
-0.171577
0.245039
-0.711788
0.104961
0.548650
-0.996712
0.3775
-0.373150
0.433870
0.110245
0.675049
-0.834614
-0.953958
-0.618877
-0.575095
0.614542
0.881886
0.433385
-0.404997
-0.160019
-0.97943
0.409975
-0.629952
-0.388474
0.26377
0.939144
-0.737460
0.468387
-0.538009
-0.674185
-0.203700
0.892480
-0.697365
-0.711964
0.380565
-0.88714
0.577770
-0.612931
-0.281815
-0.304249
0.49182
-0.42322
0.49856
-0.478061
-0.114326
-0.733673
-0.990031
0.919964
-0.984724
0.306111
0.52967
-0.876501
-0.409866
-0.871165
0.39895
0.32577
-0.451512
-0.875719
0.585609
0.121938
-0.55084
0.534314
-0.998118
0.248863
0.635263
-0.864483
0.466151
-0.351672
-0.263121
-0.84051
-0.914604
-0.908445
-0.707880
-0.900189
-0.170650
-0.509777
-0.877740
0.303553
-0.47425
-0.858700
-0.140095
0.887271
-0.496871
-0.998616
0.978133
-0.579361
-0.715649
-0.775205
-0.304676
-0.233371
-0.697523
0.733764
-0.336295
-0.967473
0.622437
-0.582761
0.582060
0.368779
0.741679
-0.355276
0.966415
0.128901
-0.971501
-0.621946
-0.95854
-0.784207
-0.631169
0.401344
0.587992
-0.867536
-0.744046
-0.972962
-0.953033
0.921389
0.741840
-0.930877
-0.244008
-0.423024
0.480238
0.8038
0.932991
-0.402173
0.342920
-0.47976
0.721390
0.141341
-0.882162
-0.307894
-0.488748
-0.46261
-0.55005
-0.455197
-0.553269
0.547226
-0.439544
-0.642303
-0.380213
-0.453048
0.880697
-0.654045
-0.449241
-0.100227
0.942394
0.682952
0.670109
0.178084
0.706351
0.540480
0.511502
-0.325832
-0.675675
-0.839934
-0.45316
0.779022
-0.826710
-0.560805
0.777510
0.123708
-0.585506
0.667400
-0.535873
0.497082
-0.478765
0.534549
-0.157972
0.974018
-0.861222
0.405888
-0.139638
0.865256
0.650681
0.275004
0.603447
0.664449
0.721724
-0.960921
-0.693685
-0.48878
0.44621
-0.195421
-0.476513
-0.68945
-0.16095
0.760626
-0.176095
0.154786
-0.568296
0.287672
0.344855
0.360697
0.316674
0.356881
-0.328677
-0.699161
-0.505538
0.92243
0.580374
-0.836139
0.152373
-0.268555
0.739000
0.704301
-0.885836
0.479040
0.976799
-0.329974
0.710411
-0.303833
-0.125318
0.412386
-0.413929
0.129261
0.698522
0.590774
-0.111222
0.212068
0.315375
-0.673870
0.424694
0.464606
0.541703
0.211319
0.514140
0.291202
-0.34498
-0.786667
-0.724570
0.442732
0.430385
-0.790339
-0.925539
-0.391829
0.951480
0.958477
-0.251314
-0.294020
-0.250368
0.561484
0.536843
-0.920318
0.72627
-0.19770
-0.655618
0.252993
0.12360
0.627610
0.78444
0.211518
0.117843
-0.922451
-0.625783
0.194878
0.754515
0.673363
0.609049
0.895405
-0.817019
-0.511577
0.894029
0.74993
0.840606
0.393344
0.238395
0.465327
-0.291210
0.758099
0.636954
-0.309496
0.709340
0.231885
0.609244
0.32769
-0.558817
-0.931606
-0.825268
-0.391939
-0.709203
0.101277
0.390146
0.820189
-0.470735
0.114701
0.47619
-0.48215
-0.439760
0.108053
0.407390
0.991620
-0.201521
-0.935405
-0.446178
-0.692664
0.628980
0.619332
-0.876898
0.733186
0.50515
-0.488027
-0.788436
0.887797
-0.332695
0.793552
-0.136673
-0.222645
-0.741103
0.881335
0.518099
0.859015
0.400646
-0.198909
0.950573
-0.141530
0.779982
-0.648278
0.682151
-0.829318
-0.531926
0.271284
0.440747
0.39497
0.684683
-0.885484
0.527537
-0.382565
-0.739199
0.238431
0.513569
0.239917
0.42222
-0.411025
0.940623
0.255572
0.895918
-0.173853
-0.53489
0.551220
-0.683240
-0.973659
-0.213908
-0.171664
-0.454051
-0.675584
0.822761
0.293876
0.320048
0.105709
0.977949
0.249574
-0.920842
-0.243237
0.185834
-0.745209
0.263866
0.596203
-0.107797
-0.947234
-0.210667
0.562174
-0.54671
0.898411
0.593656
0.151744
-0.881755
0.961825
-0.857449
0.809633
0.515872
0.428710
-0.306415
0.257513
0.309133
0.8765
0.860270
-0.69580
0.943342
0.838718
0.488465
0.624956
0.424484
0.205521
-0.308196
-0.841569
-0.86349
0.120159
-0.811546
0.356033
0.615124
-0.673184
-0.452090
-0.423041
0.743460
-0.965134
-0.768573
0.151201
-0.209577
0.991342
0.888230
0.858194
0.135896
0.916400
0.872377
0.617177
0.153583
0.995601
-0.582182
0.33809
0.196753
-0.590272
-0.138091
0.191087
-0.614548
0.381793
-0.48045
-0.993710
0.734692
0.680439
0.698895
-0.127276
-0.620682
-0.974504
0.57871
-0.44859
0.556313
0.252654
0.892956
0.42072
-0.142522
-0.526635
0.696557
-0.923565
0.463159
-0.554672
0.417974
-0.530885
-0.804825
0.757873
-0.62758
0.150024
0.470567
-0.313476
0.846419
0.387380
0.812119
-0.212213
-0.467065
-0.456278
-0.256136
0.608631
0.209250
-0.229118
-0.677609
0.909475
-0.822427
-0.359440
-0.462177
-0.172870
-0.577521
0.330242
0.23322
-0.414669
0.194586
-0.453317
0.398250
0.641184
0.234169
-0.137928
0.406350
0.168498
-0.623255
0.38124
0.749911
-0.426733
0.320301
-0.233425
0.848486
-0.350363
0.551745
0.10147
-0.898333
0.73848
0.70691
-0.76984
0.291883
-0.705819
-0.322477
-0.516923
-0.503994
-0.916173
-0.249687
-0.684271
0.314044
-0.657598
-0.871019
-0.332137
0.351782
-0.934558
0.650465
0.899514
-0.289729
-0.373839
-0.898334
0.200947
0.867122
0.259328
0.783070
0.731334
-0.10937
0.995608
-0.89383
-0.684012
-0.250082
0.896342
-0.662817
-0.359247
-0.433894
-0.81105
0.140200
-0.767261
0.431877
-0.673187
-0.486540
0.344766
-0.309807
0.928490
0.184471
0.356707
-0.263777
-0.367804
0.565257
0.395492
0.976490
-0.880436
0.275003
-0.673069
0.190638
-0.438180
0.267131
-0.207360
-0.156025
0.492480
-0.264704
-0.291402
0.134940
-0.971427
-0.902611
0.732053
0.359870
0.28496
0.776539
-0.858105
-0.564175
-0.677060
-0.111937
0.924596
0.536622
-0.124811
-0.298967
0.362512
-0.591773
0.650456
-0.217212
0.922541
0.27704
0.728307
-0.685308
0.804125
-0.399050
-0.597141
-0.881958
-0.295302
0.971517
0.252612
0.352679
-0.220743
0.981768
0.471540
0.802765
0.808766
0.377824
0.667417
0.639838
0.828967
-0.469080
0.66228
-0.496901
0.285972
-0.297995
-0.255254
-0.702764
-0.627831
-0.379900
0.916217
-0.526158
-0.45839
0.778409
-0.483466
-0.217503
0.973488
0.771245
-0.37622
-0.950302
-0.252916
-0.411234
0.931676
0.500519
-0.831236
0.691584
-0.95789
0.505141
0.638076
0.887589
0.218150
0.950327
0.791676
0.264058
0.506070
0.701949
-0.979010
-0.267156
-0.259886
-0.986546
0.680798
0.871280
-0.412224
0.434569
0.176324
0.688194
-0.943603
0.618817
0.392797
-0.597281
-0.129940
0.174205
0.445118
0.52341
-0.241740
-0.828831
-0.749722
0.215479
-0.109236
0.244951
0.4910
-0.712740
-0.604371
-0.716496
0.247137
0.412388
0.162064
-0.35084
0.544307
-0.344891
-0.159017
0.224938
0.906537
-0.619741
0.639521
0.817686
0.830542
-0.625649
-0.894688
-0.464785
-0.688628
-0.67959
0.496471
0.974227
0.706821
-0.859529
0.525544
0.323633
0.557589
-0.964206
0.324419
-0.357895
0.345023
0.622578
0.842042
0.414241
0.997241
0.381363
0.101596
0.567194
0.191060
-0.223312
0.543896
-0.665037
-0.6673
0.331300
0.927488
-0.2406
0.189092
-0.28575
0.745052
-0.561805
0.441369
0.752358
-0.815110
-0.384087
0.778981
0.239126
-0.670698
0.940714
0.533406
-0.524815
-0.477562
0.766111
0.184910
-0.697789
0.270207
-0.188608
-0.235466
-0.287245
-0.776872
0.89450
-0.795085
-0.395082
0.749091
-0.143154
-0.640515
-0.776096
-0.227895
-0.301084
-0.369598
-0.859119
-0.807523
-0.384085
-0.505047
0.609917
0.859015
-0.870476
0.544295
0.119883
-0.634058
-0.92236
-0.447359
0.425356
-0.443244
0.120763
0.758018
0.968999
0.543962
0.124883
0.540766
0.363632
0.950520
0.570234
-0.532370
-0.820906
0.469507
0.473707
-0.330530
0.624824
0.141855
-0.102968
-0.241822
-0.981767
-0.457755
0.867498
0.357802
0.914656
0.981591
0.352194
0.691360
0.713094
0.118946
0.626790
-0.602216
-0.739603
0.29906
0.676649
0.430891
-0.90217
-0.281418
-0.403520
0.705197
-0.496599
0.835771
0.233454
0.538245
0.237055
0.166054
-0.623020
0.148165
0.545046
0.205194
-0.482504
-0.912816
0.557436
-0.46788
-0.866160
-0.828189
0.987830
0.727905
-0.740147
0.200536
0.956046
0.357401
-0.134861
-0.941689
-0.199989
-0.934307
0.332025
0.771566
0.557711
-0.399473
0.603044
0.819334
-0.924326
0.844862
0.846094
-0.641677
0.411989
-0.897558
0.20996
-0.775813
-0.535186
0.903479
0.557245
-0.789376
-0.526104
0.571531
0.932864
-0.752726
0.970809
-0.521665
-0.159338
0.651747
-0.678772
-0.667233
0.421256
-0.437105
0.153168
-0.823654
-0.48334
0.858073
-0.318232
0.219938
-0.853173
-0.108288
0.602956
-0.157237
0.825999
-0.366326
0.874641
-0.237243
-0.476606
-0.768692
-0.47637
-0.372891
0.238080
-0.186761
0.176920
-0.807410
-0.412067
0.370428
0.578355
-0.293669
-0.369354
-0.941829
-0.209907
0.572597
0.886124
0.348992
0.966339
-0.546084
0.985552
-0.760733
0.655896
-0.225270
0.516545
-0.82986
0.639717
-0.48310
0.553003
0.802123
0.201915
0.965776
-0.232362
0.538153
0.69355
-0.919474
-0.817083
-0.733732
-0.281054
0.57295
-0.71053
0.925203
0.549641
0.752546
-0.480004
-0.381907
0.445742
-0.802662
-0.211507
-0.909511
0.941405
-0.852122
0.25544
0.264171
-0.61209
-0.620549
0.978100
0.875737
0.35617
0.146738
0.699304
-0.230244
-0.425385
-0.855856
0.373722
-0.434108
-0.110704
0.106319
-0.388437
0.959198
-0.208309
-0.98260
-0.641851
-0.714150
0.118632
0.225793
-0.422239
-0.995688
0.488943
0.869
-0.133263
-0.726848
-0.721208
-0.896567
-0.720010
-0.591995
-0.951864
-0.114728
-0.180605
0.303887
-0.722471
0.149878
0.502069
-0.25039
0.997110
-0.402734
-0.460886
0.890692
-0.479102
0.840795
0.675728
0.643783
0.639397
0.254011
0.620093
-0.635592
-0.603930
0.36331
-0.447389
0.613364
-0.87279
0.607577
-0.662032
-0.279315
0.318233
0.856598
0.552900
0.137906
-0.775244
-0.528652
0.949816
-0.770607
-0.466066
-0.176098
-0.868309
0.874307
0.838264
0.52809
-0.496505
0.674135
-0.452234
0.325052
-0.547467
-0.230135
0.854875
-0.234401
0.439383
0.874790
0.328299
0.851609
0.389406
-0.701252
0.240504
0.760670
0.86185
-0.584452
0.481891
0.576257
-0.372462
0.868421
-0.81532
0.548381
-0.624183
0.975421
0.506763
0.698146
-0.585651
0.156543
-0.669811
0.79518
-0.868371
0.327119
0.89827
-0.895972
-0.742473
0.689627
-0.867217
0.893976
0.693884
-0.992939
0.212781
-0.129521
0.123188
-0.140940
-0.203279
0.65348
0.917133
-0.938265
0.844900
-0.469249
-0.598631
-0.444082
0.429590
-0.506305
0.207456
0.356826
-0.706681
-0.735022
0.772413
0.139221
0.612773
0.563694
-0.146092
0.536866
0.852549
-0.94717
0.197696
0.466085
-0.393210
0.783465
-0.987986
0.53608
-0.626639
0.557241
0.180944
0.891096
-0.450087
0.839975
-0.989454
0.103524
-0.415661
0.325888
-0.769745
-0.273348
-0.280715
0.312677
0.197104
-0.996072
-0.187619
-0.739148
0.282479
-0.678633
-0.117740
0.845098
0.928154
0.465550
-0.663215
0.989877
0.616115
-0.628619
0.836390
-0.198235
-0.823934
-0.889942
0.263973
0.896470
0.292040
-0.311723
0.126416
0.516974
0.621795
-0.431090
0.806666
-0.750675
0.200544
0.835963
-0.836943
0.619485
-0.744858
-0.672432
0.171222
0.104339
0.176709
0.389394
-0.89235
-0.874049
0.921597
-0.28745
0.242459
0.667397
-0.675066
0.512642
0.570263
-0.689240
0.674258
0.356656
0.963278
-0.825095
-0.909762
0.959465
-0.637211
-0.742732
-0.655006
-0.287072
-0.67249
0.373172
-0.490535
-0.287030
-0.50645
0.892272
0.370646
-0.86737
-0.742628
0.506615
0.642674
0.651389
-0.815947
0.355046
-0.681951
0.401122
0.629292
-0.40572
-0.692813
0.180626
0.820224
-0.984715
0.838178
0.557498
-0.499636
-0.233198
0.46547
-0.938548
-0.311412
0.882504
0.968417
-0.775268
-0.90625
0.717537
0.143443
0.559602
-0.487413
-0.703594
0.648473
0.906398
0.357910
-0.323124
-0.56887
-0.299656
0.587971
0.878015
-0.982138
0.154098
-0.469124
-0.888907
-0.286150
0.125290
-0.25530
-0.615506
-0.122681
-0.371168
0.694205
-0.401401
0.988670
-0.119393
0.399569
0.649382
-0.167044
0.3527
0.191467
0.797791
-0.373647
0.283884
-0.784670
0.105884
0.453999
-0.904294
-0.204050
-0.899298
0.523104
0.802065
-0.48803
-0.853437
-0.254927
0.401071
-0.265751
0.473067
-0.671000
0.554928
0.689046
0.879373
-0.686921
-0.291250
0.605715
0.116395
0.241943
0.84197
-0.369908
-0.55650
-0.827302
0.103934
0.688288
0.248804
-0.850305
0.814958
0.13600
0.198749
0.510703
-0.107845
-0.713252
0.761589
-0.142702
-0.278646
0.332476
-0.170150
-0.307371
-0.769184
-0.367439
0.354948
-0.854424
-0.273448
-0.413294
-0.568547
-0.478548
0.556767
0.416985
-0.663348
-0.196847
-0.588650
0.308995
0.205454
-0.549237
0.128378
-0.25331
-0.650773
-0.202288
0.747781
0.912770
0.539579
0.25424
-0.615823
0.931055
0.518449
0.253869
-0.689929
-0.382252
0.179231
-0.386375
0.848166
-0.823639
0.807814
-0.455864
-0.641510
-0.420979
0.309008
0.310140
0.405166
-0.720354
-0.885449
0.547067
-0.537089
-0.987115
0.860808
0.56634
-0.817900
0.756969
-0.422553
-0.214014
0.130523
0.277858
0.81398
-0.364363
-0.345546
-0.926531
-0.575294
-0.322726
0.402917
0.345055
-0.232387
-0.521756
-0.798315
-0.192355
-0.7911
0.801284
-0.557715
0.94319
-0.183493
0.158381
-0.576104
0.276386
-0.74863
-0.263781
0.458010
-0.290563
-0.526878
-0.257038
0.607397
-0.62414
-0.888466
0.270096
0.975545
-0.117999
-0.855801
0.204429
-0.877646
-0.583304
0.112632
-0.462994
-0.488627
-0.777393
-0.82229
0.857051
-0.516528
-0.821287
0.815867
-0.367528
0.488502
0.466802
-0.278261
0.292562
-0.668399
-0.657472
0.755656
-0.384378
0.390376
0.776141
-0.712554
0.678584
0.585361
0.150429
-0.107607
-0.192641
0.36189
-0.973117
0.847027
-0.503061
-0.174250
-0.812809
-0.313705
0.690542
0.875311
0.693039
-0.616227
-0.849652
-0.387846
0.119168
-0.550743
0.124267
0.3957
0.417735
0.879416
-0.882762
-0.114034
0.499924
-0.925463
-0.648173
-0.689853
0.421345
0.745539
-0.24020
-0.303783
0.661543
-0.487702
0.957810
-0.399546
-0.858995
0.329046
-0.848980
0.470033
-0.903524
-0.572075
-0.228975
0.925613
0.600713
0.470374
0.837241
-0.284275
0.628683
-0.284594
-0.779989
0.478391
-0.479455
-0.413446
-0.283221
-0.710045
-0.311679
0.254794
-0.576753
-0.223679
-0.884263
0.318553
-0.984562
0.220289
-0.407509
-0.232443
0.221729
0.859187
-0.550975
0.62324
-0.672464
0.537294
0.87194
0.41150
-0.5200
0.874118
0.991587
0.127320
0.828203
0.105747
-0.885198
0.972267
-0.565376
0.840815
0.620439
0.466900
0.191861
0.793399
-0.828986
0.975707
-0.132083
-0.240002
0.75201
0.99821
-0.747636
-0.171821
-0.543759
-0.772465
-0.491895
0.741839
-0.32773
-0.921590
-0.729285
-0.536394
0.65891
0.908810
-0.910982
0.837997
0.548838
0.405940
-0.659739
0.962013
0.238202
0.345337
0.380464
-0.875137
-0.328619
-0.670575
0.28069
0.132528
0.268126
0.324638
-0.739206
-0.681644
-0.616806
0.617223
-0.698050
-0.29099
0.346420
-0.699054
-0.494317
0.172825
-0.370919
0.397193
0.83074
0.525652
0.603763
0.46661
-0.529278
-0.147366
-0.332242
0.455334
0.376530
-0.482897
0.891575
0.482538
0.272495
-0.241533
0.531468
-0.558754
0.684800
-0.998446
-0.451048
-0.147885
-0.289766
0.642764
-0.92545
0.168653
-0.615236
0.224730
0.349853
0.441760
-0.911688
0.782114
-0.838372
0.574050
-0.457978
-0.844441
-0.133956
-0.405706
0.320282
0.78435
-0.179272
-0.398254
-0.898638
-0.334024
0.362957
0.387192
-0.975430
-0.234153
0.26527
-0.853327
-0.413403
0.909884
0.722799
0.520138
0.880412
0.972260
-0.845661
-0.886898
0.542555
0.25495
0.513059
-0.212861
-0.98345
0.302291
0.287921
0.642082
0.886091
-0.281388
0.900261
-0.684675
-0.400100
-0.873062
0.60154
0.22765
-0.497235
0.24573
0.977299
0.15135
-0.200800
-0.233221
0.505749
-0.706397
0.459974
-0.33435
-0.305665
0.689964
-0.891398
-0.500583
0.839339
0.586965
0.604313
0.863220
-0.365324
-0.689962
-0.712134
-0.87549
-0.831191
-0.642428
-0.298085
-0.684104
0.910327
-0.858571
-0.453447
-0.785982
-0.915208
-0.662065
0.500838
-0.133838
0.403641
0.981343
-0.779688
0.366363
0.379191
0.934748
-0.201007
0.830082
-0.25624
0.462116
0.80513
-0.288211
0.137397
-0.31594
-0.991914
0.53454
-0.505585
-0.544035
-0.103689
-0.928856
0.435542
0.192861
0.998808
0.296940
0.711598
-0.19857
0.523506
0.304184
-0.291048
0.331843
0.533915
-0.194871
0.936446
-0.357478
-0.165657
-0.555720
0.666291
0.270452
0.771526
0.722237
-0.842800
0.307939
-0.566514
-0.59914
0.980605
-0.656877
0.809758
-0.70374
0.107007
0.819043
0.230539
0.390215
0.639698
-0.594635
0.777116
0.927052
-0.58966
0.18927
0.879818
0.515746
0.503302
0.891296
0.540724
0.575616
0.422227
0.436747
-0.802127
0.65949
-0.36686
0.369401
0.977456
0.950070
0.47796
-0.210958
-0.80542
-0.304390
-0.932033
-0.929608
-0.190061
-0.120489
-0.932588
-0.265054
-0.416903
-0.692893
-0.507940
-0.267391
-0.391452
0.70875
0.219163
0.399567
-0.524891
-0.432606
-0.932347
0.446033
-0.383791
0.734696
0.156463
0.83798
-0.363459
0.543307
0.871690
-0.389500
0.544511
-0.735094
-0.258562
0.612436
-0.354970
0.273081
0.407256
-0.926078
-0.318341
-0.656482
-0.693230
0.80874
0.549676
0.477144
-0.951231
-0.717212
0.359725
-0.292121
-0.103320
-0.434444
0.465951
-0.778313
-0.942991
0.696959
0.397870
0.285192
0.610074
-0.696845
0.506599
0.613821
0.556987
0.469925
0.299693
-0.51351
-0.699307
-0.894008
-0.709672
0.554817
-0.409417
-0.463052
-0.121570
0.414740
0.630663
-0.407747
0.801927
-0.595093
0.868955
-0.791978
0.343416
0.604365
0.845476
-0.724333
0.203399
0.756868
-0.47279
0.936456
-0.968164
-0.416845
-0.495485
-0.252442
0.878866
-0.172679
0.428905
-0.432821
0.840691
-0.847748
-0.568264
0.274020
0.367583
-0.900832
0.250808
0.100063
-0.221188
0.850504
-0.374206
-0.530439
0.983185
0.517245
0.700480
-0.217115
0.19956
-0.743692
0.669648
0.876237
0.564953
0.484798
0.647062
0.67438
0.134475
-0.617628
0.569945
-0.794457
0.883890
0.481573
0.294472
0.125542
0.312608
0.935353
-0.403299
0.52193
0.137716
0.300365
0.154557
-0.685732
0.834803
0.346769
-0.484132
-0.474231
0.969280
-0.985097
0.687198
-0.127237
-0.496226
0.498415
-0.906885
0.384129
0.120304
-0.345731
0.601354
0.112950
-0.367528
-0.357258
0.600946
-0.252387
-0.303646
0.383035
0.864476
0.507003
0.572862
-0.292931
-0.588731
0.40700
-0.910610
0.532952
-0.417895
0.980826
-0.105622
0.153436
0.685926
-0.825850
0.159660
-0.13121
-0.719157
0.417542
0.41894
0.804471
-0.420237
0.856012
-0.231603
-0.359165
0.551219
0.467626
0.194428
0.396113
-0.59590
0.902630
0.430849
0.276091
-0.952227
0.474731
0.920459
0.624747
-0.640726
0.187897
0.902429
0.554532
0.403405
-0.626842
-0.159573
-0.510891
-0.761271
0.471118
0.361977
0.374832
-0.957196
0.308327
-0.645117
-0.734704
0.962890
0.674526
0.986015
-0.351672
0.251217
-0.19958
0.34173
0.179009
-0.977076
-0.20270
0.913690
0.169610
-0.244665
-0.264893
0.960068
0.691978
-0.438551
0.820982
-0.595563
-0.846692
0.700224
0.806626
-0.913852
-0.562546
-0.635763
-0.746334
-0.977918
-0.453043
-0.426586
-0.145070
-0.750239
0.342316
0.236257
-0.646061
0.852304
0.711304
0.875756
0.319630
-0.503565
-0.196889
0.464993
-0.237838
0.891871
0.698199
-0.441523
0.737815
0.229373
0.929608
0.759782
0.813802
-0.584775
-0.197319
0.43036
-0.250140
0.399126
-0.718635
0.906604
0.339734
-0.163707
-0.149637
0.430258
0.829696
0.483936
-0.125262
0.851327
-0.888510
0.464171
-0.896634
0.602779
-0.86514
-0.626507
0.898728
0.277974
0.364290
0.825452
-0.79616
0.434084
-0.431694
0.184970
-0.194443
-0.12374
0.988751
-0.685135
-0.532809
-0.581215
-0.322523
0.457176
0.773537
0.492417
-0.209537
0.684459
-0.606284
0.231170
-0.69268
0.111287
0.485141
0.863017
-0.632911
0.391982
0.868770
0.301396
0.697272
0.445248
0.526427
-0.124990
-0.288239
-0.574174
0.444345
0.932501
-0.254189
0.810028
0.200154
-0.729575
-0.253901
0.515138
0.127460
-0.830316
0.607810
0.328246
0.729582
-0.419258
0.779038
0.428696
-0.831481
-0.769700
0.437690
0.825000
-0.285478
-0.987262
0.708838
0.694755
-0.351638
0.177382
0.833340
-0.642743
0.475217
0.613447
-0.88138
0.510342
-0.403340
0.5289
0.408827
0.995228
-0.417569
0.750036
-0.1243
0.479057
0.2567
0.345034
-0.194773
-0.431533
0.566131
0.440598
-0.87123
0.90240
-0.780039
0.364198
-0.958522
-0.399523
0.858269
0.18851
0.627055
-0.728745
0.187053
0.498233
-0.61557
-0.51816
0.974746
-0.798309
-0.992411
0.585036
0.16782
-0.477668
-0.825013
0.867749
0.543102
0.59146
-0.900861
0.316131
0.861672
0.469740
0.744130
-0.583622
-0.46675
0.813449
-0.303185
-0.327888
-0.347721
-0.811624
0.682747
-0.372369
0.82326
-0.912359
-0.219407
0.587454
0.75559
-0.37013
0.611455
-0.571270
0.35270
0.729921
-0.783206
0.174775
-0.896070
0.336365
-0.698477
0.837372
-0.656602
0.796694
0.10926
0.989793
-0.474047
-0.422528
0.680145
-0.776337
-0.378518
-0.570223
-0.596773
-0.325355
0.764101
0.588013
-0.886807
-0.759733
-0.175117
0.935771
0.973280
-0.788881
-0.985074
-0.49182
-0.205208
-0.380634
-0.848130
-0.778155
0.212207
0.937747
-0.281583
0.955239
0.467498
0.744504
-0.787753
-0.861362
-0.638543
0.724713
-0.861653
-0.321540
0.115766
-0.166940
-0.169384
-0.441504
0.81309
0.390605
0.937716
0.563988
0.577169
0.564181
0.21472
0.158660
-0.75787
-0.316337
0.689972
-0.520654
0.856404
-0.802339
0.665393
-0.956437
0.655799
0.625948
-0.692886
-0.515081
-0.14780
0.667682
0.21158
0.728972
-0.742419
-0.67090
0.199538
-0.754482
0.308043
0.114436
-0.349721
0.236492
0.417915
0.631740
0.568728
0.413561
0.258788
-0.652465
-0.456642
-0.409596
0.943098
-0.147805
-0.97135
-0.198579
0.8165
-0.411320
-0.383888
0.879759
-0.26604
0.945309
0.174674
0.211544
0.989170
0.746113
0.278150
0.161227
-0.665099
0.363885
-0.244024
-0.716470
0.908184
0.126427
0.291954
-0.126580
0.550391
0.946594
-0.463463
0.674879
-0.571204
0.414799
0.609405
-0.70603
-0.401410
0.585796
-0.546008
-0.930327
0.430056
-0.778969
0.95646
-0.73272
-0.10142
-0.887454
-0.210708
-0.958943
0.16030
0.631267
-0.466120
0.932644
0.169062
0.62021
0.337058
0.685615
0.81808
0.5476
0.886485
0.339843
-0.614966
-0.886584
-0.305982
-0.123939
0.735622
-0.980152
0.489780
-0.101978
0.947589
0.890265
-0.189052
0.568114
0.40464
0.964666
-0.685043
-0.339928
-0.48158
0.158388
0.72040
-0.192505
-0.553886
-0.42110
-0.601806
-0.218861
-0.824439
-0.834042
0.201358
-0.800704
0.8451
0.201475
0.586232
0.509855
0.767916
0.504884
-0.950572
0.680323
-0.902751
-0.64477
-0.382873
-0.570304
-0.908817
-0.769861
-0.839207
-0.384702
-0.852288
-0.541152
0.643933
-0.589264
0.235603
-0.800862
-0.307889
-0.206986
0.236323
0.231549
-0.71154
-0.375565
0.238904
-0.606500
0.715992
0.442121
0.93732
-0.523153
-0.66984
-0.182219
-0.722917
0.5115
-0.496971
0.757799
0.999917
0.868842
0.823906
-0.567395
0.906186
-0.173625
-0.197802
-0.706811
-0.115371
-0.61904
-0.375086
-0.1296
0.259909
0.128810
0.734865
0.490174
0.908663
-0.322205
0.636129
0.828084
-0.96200
-0.680846
0.617456
-0.618241
-0.650325
-0.464239
0.956973
-0.639767
0.988299
-0.973763
-0.687891
0.490650
-0.372011
-0.361828
0.735160
0.550455
0.707973
0.641715
-0.651662
-0.90961
0.972806
0.360103
-0.537088
0.146662
-0.284800
-0.281255
0.133420
-0.118302
0.617464
0.29923
-0.186394
-0.700338
-0.844384
-0.736149
-0.151066
0.314386
0.415014
0.53651
0.190712
-0.510193
0.869796
0.480908
-0.112409
0.24999
0.595692
0.598851
-0.151652
0.709157
-0.190298
-0.8435
0.305120
0.465236
-0.513663
0.704941
-0.751906
-0.212592
0.555639
0.657622
-0.809062
0.397923
-0.253895
-0.219544
-0.845019
0.917936
-0.890360
0.893034
0.765544
0.948320
-0.909862
0.499936
-0.384748
-0.316174
-0.922381
-0.124789
0.656417
0.652550
0.552190
-0.832212
-0.833500
-0.948878
0.192871
0.435694
-0.716535
-0.237623
-0.553627
0.804518
-0.482792
0.911468
0.94489
-0.652968
-0.75321
0.693923
0.210317
-0.541072
-0.792635
0.284030
-0.848215
-0.943921
0.136442
-0.191147
0.951808
-0.177502
0.116358
0.356125
-0.641579
-0.994457
0.347316
0.377115
-0.730867
-0.634155
0.440841
-0.25360
-0.670614
0.853806
-0.183531
0.46182
0.556971
0.602644
-0.829006
0.400528
-0.567
-0.220189
-0.83366
-0.938221
0.548195
-0.854088
-0.523266
-0.278093
0.881435
0.549992
-0.209558
-0.233009
-0.336211
0.439859
0.827127
-0.184859
0.751725
0.691930
0.35057
0.682030
-0.751584
0.88642
0.448271
-0.501434
-0.47691
-0.394672
-0.163954
0.23779
-0.979687
0.214439
0.853081
-0.150861
-0.320700
0.472603
-0.505647
-0.971714
0.723455
-0.48434
-0.459796
0.17785
-0.634000
0.764737
0.72844
-0.330823
0.801210
0.892050
0.460914
0.775450
0.918406
-0.653723
0.435390
-0.197638
-0.202146
0.879629
0.828645
0.685782
-0.342576
0.776951
0.788091
-0.500656
0.169390
-0.243592
0.951969
-0.928270
-0.299800
-0.810781
0.723783
0.443093
0.287196
0.620576
0.736488
0.94839
-0.789581
0.494485
0.495917
0.683325
-0.420551
0.811963
0.978665
-0.275600
-0.354931
0.562712
-0.127505
-0.37348
0.844879
-0.46894
-0.996987
0.660433
0.13524
0.880593
0.182764
0.207453
-0.523541
-0.492188
-0.792354
-0.813375
-0.370521
-0.742351
-0.898245
0.429079
-0.470329
0.324493
-0.617707
-0.770237
0.172548
0.173377
0.247454
0.474980
-0.916598
0.305905
0.767660
0.856237
0.11720
0.152560
-0.410993
-0.169443
0.57613
-0.864990
0.995214
0.339256
0.318763
0.39427
-0.409815
-0.886268
0.514279
0.35366
-0.827805
-0.936472
-0.522897
0.782196
0.187024
-0.331564
-0.445575
-0.952662
0.864486
0.641255
0.837256
0.298522
0.227793
0.573486
0.893315
0.540363
0.49512
-0.593351
-0.82220
-0.22651
-0.843538
-0.546586
-0.67122
0.762606
0.340223
0.147562
0.600896
0.424552
-0.630875
0.570762
0.155946
-0.278015
-0.620665
-0.777868
-0.763265
0.4834
0.187439
0.412268
0.599725
-0.218874
-0.95088
-0.117428
0.328872
0.524673
-0.89074
-0.516642
0.239265
-0.966832
0.666024
0.595520
0.577924
-0.68797
0.184479
-0.536277
0.688644
0.240505
0.154291
0.996068
0.932618
0.959263
0.165233
-0.266713
0.786915
-0.297132
0.10950
-0.914932
0.525712
0.870590
0.497499
0.10748
0.194723
0.486227
-0.125538
-0.348531
-0.552092
-0.79849
-0.816404
0.638175
-0.612812
-0.88962
0.344313
-0.728988
-0.20328
-0.612920
-0.39151
-0.736674
0.391273
0.99241
0.737900
0.91320
0.788271
0.7318
-0.66788
-0.240698
0.97153
0.336066
-0.849906
-0.344195
-0.697337
-0.420765
-0.97136
-0.970363
0.896692
-0.37926
0.550081
-0.440937
0.849472
-0.975731
0.126452
-0.144916
-0.546089
0.214128
-0.578740
-0.298934
0.548144
0.528918
0.909843
0.166394
-0.601590
0.473832
0.882623
0.522727
-0.912080
-0.197411
0.714887
-0.294842
-0.856013
0.689675
0.99999
0.227183
-0.257365
0.326127
-0.288087
0.490095
-0.245898
-0.74052
0.911400
-0.893320
0.611589
0.894717
-0.949410
-0.620156
0.731234
0.756529
-0.847497
0.512080
0.772518
0.788422
-0.363434
0.466635
0.275149
0.254206
0.170171
-0.42734
0.238258
0.140941
0.643363
-0.509444
-0.103634
0.238535
0.766037
-0.572346
-0.621527
-0.115514
0.671990
0.110646
0.155541
0.650042
0.512378
-0.623826
-0.146580
-0.971009
-0.42217
-0.197244
0.262778
-0.613335
-0.702747
0.83723
0.62801
-0.309236
0.297739
0.198284
0.784734
-0.295345
0.573806
0.596805
-0.200291
-0.543033
-0.80971
-0.904712
-0.176057
-0.888916
0.220080
0.203079
0.688229
-0.534025
0.964901
-0.471953
-0.96987
-0.79451
0.202822
-0.907532
-0.276774
-0.678325
-0.707196
-0.734198
0.617436
-0.278410
-0.628459
0.153102
0.26508
-0.335361
-0.935789
0.257396
-0.90964
-0.219922
-0.45808
-0.729603
0.127077
0.229384
0.23670
0.233878
-0.103049
-0.511327
0.26481
0.80901
-0.384261
0.560750
0.223576
-0.869178
0.187698
0.641031
-0.765612
-0.588792
-0.811267
-0.243314
-0.298111
0.992397
0.505833
-0.165373
0.200858
0.101656
-0.662536
-0.421521
0.996905
-0.233356
0.412504
-0.450813
-0.277726
-0.587157
0.374134
0.440283
-0.824016
0.106109
0.969109
0.378515
-0.34108
0.787790
-0.175282
0.615460
-0.16362
-0.873142
-0.755908
-0.639687
0.879912
-0.638980
-0.573668
0.958995
0.28296
-0.243885
-0.369291
0.200076
0.135276
-0.616396
-0.229881
-0.999097
-0.113378
0.707814
-0.712546
0.419273
0.90699
-0.879209
-0.653868
-0.578404
0.936014
-0.195921
-0.477394
-0.225057
0.416567
0.955933
-0.589663
0.409044
0.343622
-0.605031
0.464360
-0.197684
-0.115261
-0.735779
0.947802
0.967646
-0.652824
-0.221826
0.75917
0.775594
-0.804689
-0.138933
0.202910
-0.130097
-0.181188
0.151758
0.308489
0.233312
0.942687
0.225585
0.799626
0.807010
0.873151
-0.615373
-0.508424
-0.957906
0.638847
0.740170
-0.677521
-0.420994
-0.638100
0.536961
0.922194
-0.403045
0.772068
0.788076
0.338213
-0.540497
-0.140275
0.676786
-0.63190
0.478164
-0.764235
0.60146
-0.604954
0.816817
-0.570245
-0.222348
0.640404
-0.873674
0.286727
0.500519
0.773188
-0.352658
-0.713239
-0.594866
0.696840
0.994818
-0.807717
-0.902832
0.568809
0.688430
-0.589780
-0.631495
-0.568876
0.675362
0.199623
0.480544
0.733250
0.435331
0.411702
-0.771974
0.135932
0.85970
0.854460
0.872673
0.224803
-0.562325
-0.504586
0.593825
0.248045
-0.929065
0.961420
0.453183
0.791868
-0.173863
0.951416
-0.312113
-0.228981
0.547350
0.903237
0.23064
0.497479
0.491681
-0.811913
-0.591879
-0.871045
-0.23978
-0.963259
0.43488
-0.398380
0.958698
-0.195893
0.953496
-0.185247
-0.541020
-0.437223
-0.249230
0.182177
0.969472
0.342769
0.570400
0.598648
0.562631
-0.620596
0.833387
-0.856175
-0.401476
0.579249
0.25998
-0.888523
-0.885686
-0.163807
-0.293153
-0.424883
-0.372779
0.856680
0.497818
0.86614
0.49940
0.699273
-0.242538
0.191765
0.156572
-0.31691
0.84567
0.265941
0.762313
-0.137873
-0.808438
-0.867147
-0.846760
-0.157101
0.728212
-0.954084
-0.950926
-0.694184
-0.241509
0.870183
0.689668
0.580651
-0.822089
0.260841
0.792694
-0.188924
0.994175
0.782349
-0.812602
0.734570
-0.699519
0.835320
-0.858363
-0.876614
0.448158
-0.497953
-0.165024
-0.944765
0.957901
-0.604219
-0.153377
-0.351727
0.365566
-0.21191
0.106232
0.235336
0.444415
-0.488900
-0.632864
-0.919002
0.628665
-0.251552
-0.528264
-0.297155
-0.434628
-0.236761
-0.727222
0.251909
0.755269
0.303661
0.28862
-0.699956
0.642357
-0.292408
0.70724
0.388948
0.661070
0.9430
0.353171
-0.675500
-0.240664
0.892157
-0.533453
-0.93378
-0.417167
0.182928
0.968741
-0.952012
0.588094
0.919025
-0.488535
-0.874559
-0.464826
0.338940
-0.223279
0.638501
-0.475757
-0.464533
0.674724
0.330638
0.987655
-0.86978
-0.912803
0.600200
-0.799762
-0.676067
0.859902
-0.954256
0.467320
-0.175430
0.856693
0.703598
0.344589
0.374365
-0.758746
-0.660262
0.251274
0.735503
-0.786230
-0.697679
0.887632
-0.423346
0.957077
0.588615
-0.703503
-0.147700
-0.94329
-0.408998
0.52133
-0.490937
-0.521071
-0.73633
-0.898439
-0.969127
0.177543
-0.819717
-0.556904
0.329062
0.137018
-0.454730
0.714427
0.917069
-0.970080
0.280380
0.142136
-0.349445
-0.438868
0.468257
-0.264919
0.571032
0.620542
-0.23990
-0.150165
0.691428
0.787081
-0.644057
0.264941
-0.342970
0.403547
0.773587
-0.427371
0.241594
0.62462
0.236250
0.663587
0.286196
-0.230735
-0.977928
0.179590
-0.668085
0.331866
0.500884
-0.389621
-0.348181
0.499908
-0.371555
-0.761152
0.309870
-0.355705
0.183700
0.386106
-0.819774
0.812786
0.514095
-0.983410
0.475399
-0.10674
-0.428436
-0.852842
-0.226168
0.931089
0.280030
0.243578
0.548560
0.168725
0.134928
0.234860
-0.688026
-0.785109
0.556374
0.900653
-0.116501
-0.40761
-0.344327
-0.354259
-0.279059
-0.684572
-0.493942
0.665342
0.43785
0.807466
0.905252
-0.649769
0.606324
0.311751
0.236102
-0.743527
0.156435
0.930245
-0.710597
-0.103963
-0.86204
-0.65097
-0.749389
0.655352
0.597212
-0.488240
0.21496
0.612094
0.605592
-0.339574
0.168953
0.710650
0.383743
-0.858855
0.958103
-0.600348
-0.784057
-0.657158
-0.428589
0.842973
0.808033
0.560969
0.501927
-0.6406
-0.129612
0.465565
-0.945434
-0.656658
-0.849814
0.456221
-0.994684
0.884929
0.271071
-0.828540
0.887301
0.241814
0.519078
-0.41216
-0.8551
0.128524
0.909954
0.953081
0.319361
0.217270
-0.641604
0.9797
0.762765
-0.931382
-0.953165
0.249849
-0.947787
-0.52153
-0.327150
-0.487871
0.657343
-0.990217
0.243189
0.455391
0.585741
0.764431
-0.378857
-0.896338
-0.668955
0.208163
0.103994
0.978939
0.982379
-0.34998
0.157166
-0.677935
0.171969
0.414512
0.644154
-0.10413
-0.575268
0.973593
-0.549073
0.612101
0.214003
0.389204
-0.794629
0.402482
0.431941
0.119242
-0.993054
0.919969
0.498034
0.96533
-0.237088
-0.888436
-0.398143
-0.766483
-0.248312
-0.197948
-0.715200
0.813016
0.471649
0.319542
0.202035
-0.9049
-0.268666
-0.360112
0.779852
-0.941594
0.596296
0.345650
0.692060
0.458008
0.523421
-0.435392
0.275814
0.781155
-0.12963
-0.683757
-0.572185
-0.410087
0.621825
0.640257
0.775900
0.934971
-0.928233
0.366637
0.909106
-0.593370
-0.513306
0.703852
0.793522
-0.52935
-0.102056
0.21483
0.429499
0.547798
-0.750825
-0.2058
-0.802610
0.415275
0.250354
0.867489
0.122909
-0.624691
-0.489621
0.941688
-0.329903
-0.605981
0.764020
-0.138906
0.608091
-0.277548
-0.423815
-0.918346
-0.249340
0.473620
0.631885
-0.175507
-0.318320
-0.423715
0.645094
-0.123789
-0.392731
0.923310
0.389938
-0.382975
0.297976
0.389650
0.972834
-0.464568
0.157970
0.721868
-0.312002
-0.577354
0.730278
0.954616
0.399177
-0.866722
0.840879
0.981364
-0.884952
0.777903
0.541215
0.421071
-0.991901
0.252575
0.372884
-0.972431
-0.904523
-0.831560
0.583559
-0.526526
-0.897285
-0.807348
-0.699633
-0.1686
-0.185757
-0.283866
0.463494
-0.757374
-0.139633
0.154323
-0.17097
0.713755
0.192891
-0.72774
0.364196
0.275538
0.992549
-0.32350
0.904304
-0.276767
0.329977
-0.333385
0.814627
0.281570
0.133413
0.983129
0.78999
0.588483
0.758551
-0.564693
-0.260558
0.900581
-0.472175
0.945289
-0.483319
-0.982892
-0.331746
-0.123119
0.956093
0.616985
-0.356935
-0.272720
-0.813350
0.740529
0.38814
-0.727353
0.178159
-0.68832
-0.593569
0.59517
0.785234
0.922888
0.391390
-0.779706
-0.999753
0.469693
0.513158
-0.825326
0.119970
-0.447467
0.387431
0.974508
0.351811
0.248628
0.90166
-0.54973
0.866906
0.992381
-0.572925
0.154836
-0.685132
-0.445718
0.399647
-0.73855
-0.353252
0.194753
-0.728847
0.855329
-0.245306
-0.542390
0.928454
-0.210873
0.124281
0.602713
-0.491694
-0.786236
-0.898430
-0.924173
-0.52054
-0.334047
-0.35703
0.178694
0.730767
0.361560
0.654333
0.311546
-0.50370
-0.410852
0.242025
-0.904561
0.287466
-0.459602
-0.471807
-0.327
0.898156
0.929168
0.895879
-0.731113
-0.658239
-0.602720
0.545679
-0.411712
-0.469389
-0.287052
0.868834
-0.477838
0.915114
0.858550
0.353920
-0.910783
-0.225955
0.218639
-0.496870
0.748481
-0.75129
0.984034
-0.814523
-0.216858
0.251015
0.511679
0.244580
-0.792503
-0.959662
-0.62968
0.542634
0.565659
-0.362759
-0.890424
-0.250403
-0.531091
0.22811
-0.946342
-0.427223
0.637599
0.216167
-0.830793
0.655148
-0.136795
0.307053
-0.928393
-0.206219
-0.134628
0.311056
0.944959
0.180311
0.919696
0.991175
-0.589513
0.61943
0.645694
0.892743
-0.771562
0.616135
-0.679054
0.140825
-0.289227
-0.650556
-0.948726
0.965260
-0.555776
0.886088
0.897750
-0.857863
0.844718
-0.714376
0.230620
0.483251
-0.671363
-0.943244
-0.55278
0.506921
-0.980169
-0.801065
-0.635442
-0.371637
-0.944601
-0.666690
0.167692
-0.845966
0.477063
-0.535527
0.200167
-0.742571
0.634517
-0.771004
-0.802589
-0.67005
0.435402
0.260710
0.667100
-0.778414
0.406424
-0.486756
-0.2362
0.102879
-0.925769
-0.703462
-0.173538
0.546523
-0.131848
-0.530555
-0.111804
0.266252
-0.14687
0.134403
-0.159309
-0.326192
0.390626
-0.139849
-0.662023
0.872415
0.913840
-0.262785
0.21910
-0.928137
0.643187
-0.637252
0.605310
0.818549
-0.430466
0.818137
-0.898474
-0.155508
0.957278
-0.682089
0.87142
-0.756149
0.646733
-0.121064
-0.344594
0.855106
0.540599
-0.775476
-0.395862
-0.282258
0.96034
-0.932455
0.244725
0.799961
-0.416024
0.370360
-0.585611
-0.20501
-0.178148
-0.933692
0.707120
0.543228
0.313860
-0.426332
0.461786
0.52402
0.325338
-0.585033
-0.105524
-0.804770
-0.899749
0.24715
0.334343
-0.750408
0.703135
0.551586
-0.989250
0.207030
0.446222
0.529184
0.858304
-0.498534
0.115499
-0.786409
0.984914
-0.742572
-0.799013
-0.402727
-0.328856
-0.645848
0.353588
0.991302
0.808600
0.678653
0.348046
-0.679184
0.338480
-0.422697
-0.777637
-0.675003
0.316638
-0.679918
0.701214
-0.249009
0.752133
-0.94766
0.92292
-0.481263
0.800753
-0.672067
0.884106
0.871503
-0.561673
0.192917
0.503307
0.618214
-0.801847
0.451950
0.897130
-0.82189
0.112168
-0.271336
0.295728
0.138057
0.428868
-0.761634
-0.710432
-0.568264
-0.443689
0.127768
-0.145454
-0.799647
0.76820
-0.999420
0.468908
-0.139566
-0.291268
0.301889
-0.679854
-0.199831
-0.282774
-0.454401
-0.110954
-0.781664
0.300200
0.17992
-0.688119
-0.425660
-0.585588
0.255242
-0.23041
-0.635573
0.322062
0.417659
-0.410112
0.626992
-0.95307
-0.686093
0.136763
-0.760904
0.893541
-0.398970
0.629240
0.862952
-0.282415
0.785677
-0.29354
0.136118
-0.391416
-0.869686
-0.687619
0.494415
-0.610775
0.989187
-0.164617
0.700854
0.78045
-0.672523
-0.957159
-0.438466
0.686374
0.61382
-0.161746
0.583498
0.267630
0.354691
0.466214
-0.770880
0.62318
0.857232
-0.542864
-0.834150
-0.174263
0.844546
0.74853
0.887348
-0.507157
0.993309
0.662584
-0.222066
-0.29991
0.434520
-0.974920
0.605898
0.481821
0.296878
-0.53922
-0.678298
-0.154054
0.392312
-0.805857
0.506487
-0.261095
-0.498270
0.592955
-0.886598
-0.846150
-0.151855
0.526519
-0.374662
0.253589
0.65729
0.835273
-0.52048
-0.266872
0.250938
0.756725
-0.418448
0.773574
0.457852
0.186110
0.22180
0.698272
-0.369684
0.964494
-0.265836
-0.448590
-0.558298
0.591945
-0.789542
-0.87411
0.964251
-0.314259
-0.378308
-0.332121
0.487067
0.213314
0.550492
-0.715988
-0.169083
0.180874
0.414917
-0.282837
-0.913328
0.616265
0.249952
-0.776056
0.64164
-0.113254
0.727204
-0.794985
0.963607
0.756224
0.952591
0.950628
-0.152694
0.589297
0.277319
-0.573530
0.779622
-0.926223
0.409824
-0.760130
-0.825298
0.916461
0.835112
-0.283126
-0.268803
0.345522
-0.27914
0.375772
0.944005
0.780923
0.869908
-0.928324
0.576953
-0.195457
-0.589530
-0.977117
-0.861675
0.483683
-0.637730
0.11858
-0.838864
0.160631
-0.169883
-0.563739
-0.534176
0.851565
-0.248172
0.86319
-0.183493
-0.328254
0.270067
0.704204
0.715302
-0.344882
0.987400
0.292269
0.230474
0.209395
-0.22007
0.30598
-0.150500
-0.509325
0.694756
-0.740149
0.910125
0.167625
0.890127
0.344639
0.92420
0.991166
0.562615
-0.906085
-0.769040
0.709798
-0.404966
-0.896287
-0.138911
0.470491
0.33961
0.744621
-0.795396
-0.156982
-0.816779
0.323656
-0.223848
0.989020
-0.147314
-0.612256
-0.43289
0.740105
-0.578803
0.36425
0.558357
-0.584086
0.233909
0.569108
-0.273658
0.263884
0.260417
0.32341
-0.935067
0.303432
0.949170
0.31439
0.754094
-0.473418
-0.440641
-0.566964
-0.533112
0.624021
0.512462
0.345382
0.435573
-0.425615
0.713159
-0.729311
-0.995670
0.763311
0.981135
0.486356
-0.598998
-0.584479
0.502322
-0.554991
-0.335197
0.835160
0.372142
0.182837
-0.789809
0.536409
0.582760
0.183898
0.814815
0.555975
0.774663
0.47532
0.34809
0.413302
0.816158
-0.88919
-0.663657
0.548071
0.620974
-0.359867
-0.855712
-0.462808
-0.194701
-0.49607
-0.626620
0.321819
0.164265
0.291298
-0.34066
0.252559
0.705597
-0.34284
0.298261
-0.921406
-0.829616
-0.362724
0.726607
0.156505
-0.988591
0.447177
0.328047
-0.532848
-0.654700
-0.724092
-0.561450
0.538991
-0.834481
-0.152653
0.671983
0.568330
0.388038
-0.219631
-0.789291
-0.35953
0.98602
0.909446
0.768480
-0.951666
0.299144
-0.111947
0.168761
0.643993
0.773270
-0.652337
0.387059
-0.979556
-0.184426
0.406094
-0.608029
-0.267951
0.441530
0.165984
0.652396
0.149543
0.826113
0.812135
-0.461485
-0.30821
-0.252776
-0.196361
-0.936530
-0.447636
-0.891458
0.611025
-0.812129
-0.238822
0.89078
-0.12726
-0.555161
-0.693016
-0.456464
0.892502
-0.477632
0.669057
0.122834
-0.402947
0.557689
-0.696672
-0.220665
-0.981338
-0.219377
0.835511
-0.141318
-0.566283
0.526859
0.594107
-0.797154
-0.933976
-0.409932
0.37899
-0.984805
-0.108482
-0.324134
-0.24345
0.145555
-0.126651
-0.742195
0.706093
-0.843103
-0.96345
0.564379
0.385989
-0.693413
-0.669024
-0.439352
-0.668816
-0.180475
0.999355
0.615157
0.82113
-0.62087
-0.674702
0.719982
-0.720499
-0.202227
-0.449400
-0.23649
0.160843
-0.671708
0.853113
0.569496
0.567921
0.331932
-0.287284
0.107328
0.256859
-0.610866
0.490049
-0.861412
-0.410287
-0.543745
-0.346597
-0.727781
0.317162
0.370012
-0.543253
0.724908
0.722183
0.678450
-0.36635
-0.895218
-0.471545
-0.257759
0.869637
0.688495
0.699162
0.655964
-0.315987
-0.585903
0.299587
-0.836128
0.928128
-0.470367
0.650582
-0.659780
-0.450948
0.13415
-0.93786
-0.400440
0.423049
-0.759700
0.837527
-0.684322
-0.832114
-0.819368
0.742493
-0.490893
0.249238
0.837286
0.142782
-0.619741
0.84768
-0.548927
0.937034
-0.658330
0.554654
0.998646
0.866399
-0.62049
0.469545
-0.346566
0.569618
0.915365
-0.831424
0.235028
-0.766069
-0.84288
-0.4277
-0.29391
0.98935
0.817746
0.138457
0.562124
-0.15712
-0.219722
-0.538294
-0.213649
-0.920100
0.443121
-0.398017
0.242083
-0.49271
0.14923
0.475940
-0.27564
-0.281092
0.744817
-0.178055
0.940758
-0.963818
0.195378
-0.243120
-0.642730
0.54393
0.431098
0.796705
0.616496
-0.515905
0.932230
-0.708437
0.566721
0.321457
0.925431
0.651184
0.209633
0.59373
0.666171
0.814038
0.982067
0.427457
-0.837193
0.119050
-0.102843
-0.117812
0.143153
0.511220
-0.848483
-0.54117
-0.848542
0.672808
-0.869359
0.463186
0.551028
-0.360784
-0.178359
0.978964
0.45108
-0.501945
0.765674
-0.183025
-0.962359
-0.135054
0.43274
0.101109
-0.927176
0.466344
-0.538804
0.848419
0.239459
0.655631
0.30149
-0.466075
-0.765313
0.223208
0.104130
-0.956168
-0.133182
0.877332
-0.313098
0.100978
-0.785063
0.69514
-0.13205
-0.930051
-0.159841
0.219540
0.769333
-0.265247
-0.686340
-0.98339
0.411041
-0.856960
-0.662081
0.753384
0.261790
0.764510
-0.938037
-0.403425
0.784662
-0.236611
0.951863
0.650845
-0.174471
0.772195
0.920899
0.651282
0.441393
-0.908868
-0.791591
0.627710
0.32967
0.132939
0.258949
0.438598
0.386192
0.504466
-0.647713
0.91956
0.587755
0.199348
0.767390
0.356947
0.907929
-0.344962
0.960771
0.785606
0.881245
-0.481094
0.971261
-0.700157
-0.111255
0.728213
0.876286
0.613857
0.717025
-0.489048
-0.696539
-0.209550
-0.144514
-0.820342
-0.43538
-0.615376
-0.40846
0.581330
-0.48867
-0.402265
0.2463
0.951795
0.983352
0.375495
-0.895209
0.217496
0.226890
-0.712569
0.14264
0.993041
0.655212
-0.498937
-0.221240
-0.224517
-0.394459
-0.462934
0.789966
0.308375
0.13085
0.506400
-0.64765
-0.532746
-0.667295
-0.179411
-0.294579
0.255713
0.297222
0.162201
0.867622
0.304922
0.46206
-0.175355
0.215289
0.642194
0.200305
-0.653020
0.388843
-0.73078
0.947434
0.770402
0.941295
-0.708157
-0.813470
-0.756980
-0.773430
0.459526
-0.862462
0.688512
0.667669
-0.822477
0.512005
-0.649397
0.177615
-0.989690
0.974966
0.883416
0.818912
-0.671130
0.978284
0.829827
-0.522716
-0.120406
0.473292
-0.495633
0.172329
0.525287
0.793607
-0.101534
-0.897161
-0.128977
-0.884021
-0.821092
0.636670
0.335315
-0.436685
-0.399373
0.487201
0.377284
-0.845050
-0.617806
-0.191028
-0.701713
-0.834130
-0.504914
0.443528
0.636122
-0.162636
0.546834
-0.465789
0.446966
0.79996
-0.378227
-0.882471
0.560394
0.144781
0.261253
0.353998
-0.869500
-0.315270
-0.435772
-0.8306
-0.86347
-0.561813
0.2954
0.548035
0.930076
0.812611
-0.227933
-0.96519
-0.455309
0.482880
0.609813
0.712233
0.541358
-0.853728
0.302654
-0.81729
0.582034
0.54887
0.187496
0.67612
0.747306
-0.458579
-0.608010
0.279918
0.829102
0.812586
-0.632380
0.950933
-0.585027
0.183573
0.699400
0.793036
-0.425196
0.899126
0.967198
-0.246616
0.363314
-0.206095
-0.809350
0.67348
-0.765164
-0.110072
0.437457
-0.87635
-0.382019
0.426519
0.569215
-0.395558
0.100182
-0.639808
0.777775
-0.298236
0.624325
0.145117
-0.506697
-0.104832
0.641455
-0.185757
0.792262
-0.134102
0.577306
0.804757
0.812880
-0.173637
0.11351
-0.13147
-0.216223
-0.962919
0.848419
-0.306927
-0.869558
0.143329
0.143017
-0.106279
-0.151535
0.142265
0.317354
0.391715
-0.663689
0.592352
0.378798
-0.496871
0.433235
0.468273
0.116883
0.153122
0.703313
0.13808
0.174593
-0.814313
-0.393172
-0.54970
-0.903600
-0.873464
0.528390
-0.275034
0.587668
-0.534914
0.264399
-0.818909
-0.811092
0.400429
-0.301186
-0.909791
-0.567028
-0.801908
0.680683
0.187078
-0.852620
0.700629
0.42710
0.320903
0.263920
-0.167633
0.891708
0.425955
0.474925
0.766262
0.273325
0.768243
0.400159
0.316905
0.459734
-0.214182
-0.597229
0.209717
0.890475
0.303022
-0.419141
-0.199068
0.489902
-0.562707
-0.484111
-0.257291
-0.5023
0.597789
0.112037
-0.518729
0.451381
0.400479
0.164075
-0.721253
0.173521
-0.725299
0.527635
-0.936216
-0.582094
-0.982364
-0.344245
-0.339993
0.297893
0.787155
0.885180
-0.498055
0.71499
-0.901523
-0.57786
-0.322830
-0.163404
0.856674
-0.5200
0.708576
-0.324518
0.169851
0.479652
0.534383
-0.963978
0.187476
-0.660126
0.702071
-0.133121
0.483553
-0.742722
0.938567
-0.887216
0.629869
-0.104484
-0.996062
0.578442
-0.614117
0.708461
0.835639
0.502743
-0.554301
0.741351
0.927199
-0.376318
0.581733
0.249839
0.574223
-0.315542
0.29471
-0.58890
-0.365380
0.740502
-0.211778
0.160701
-0.154106
0.103237
-0.342666
0.481131
-0.751766
-0.713322
0.9194
0.370151
-0.100217
-0.303861
-0.138423
0.187926
-0.32787
-0.516004
-0.377392
-0.808335
-0.856502
0.756258
0.272513
-0.501738
0.611191
0.390482
-0.178221
-0.720154
0.479031
-0.440831
-0.903119
-0.670314
-0.557185
-0.180472
-0.379377
-0.982428
0.933083
-0.467752
-0.492427
0.262580
-0.700902
0.240355
-0.930049
-0.190266
0.984525
-0.575591
-0.776206
-0.339902
0.948577
-0.784321
0.541885
0.80185
-0.538139
-0.196918
-0.550131
-0.166889
0.628913
0.162861
0.884106
-0.517099
0.16928
0.788979
0.338596
0.126525
0.165608
-0.131479
-0.226651
-0.698814
0.275954
0.828061
-0.871583
0.593471
-0.918546
0.92163
0.658515
0.703987
0.218304
-0.984929
0.138200
-0.360426
0.55005
-0.44005
-0.219923
0.562799
-0.154904
0.354667
-0.902162
0.559688
-0.253527
0.139713
0.293817
0.103838
0.853019
-0.585374
0.716575
0.327731
0.470411
-0.569589
0.630909
0.218915
-0.555953
-0.845005
-0.70778
-0.795177
-0.89248
0.752700
-0.811295
-0.927890
-0.945307
-0.688238
0.975418
0.949814
-0.904059
-0.652515
0.684497
0.869837
0.477717
0.698566
-0.152239
-0.389153
-0.461338
0.173608
0.514744
-0.453300
0.614764
-0.638285
0.673861
0.68715
0.140208
0.661944
-0.625364
0.581507
0.762976
0.684281
-0.290169
-0.189407
-0.247992
-0.540493
-0.464514
0.739140
0.135332
-0.218516
-0.998229
0.419817
-0.524813
0.479494
-0.613543
0.285964
0.857428
-0.324438
-0.560032
-0.931809
0.909565
0.570760
0.466095
0.2414
0.203678
0.443325
-0.508162
-0.856697
-0.977608
0.699505
0.913545
-0.374
-0.472067
-0.951275
-0.871362
-0.356475
-0.871738
-0.187711
-0.269840
-0.488317
0.411055
-0.708129
-0.827490
-0.468545
-0.933722
0.912602
-0.186224
-0.650945
0.270493
0.206742
-0.518008
-0.955487
-0.523156
0.276635
-0.366027
0.299218
0.212948
-0.212652
0.604878
-0.878240
0.398304
0.418572
-0.736523
-0.759171
-0.704441
-0.181576
0.45482
0.644899
0.312966
0.394339
0.202839
-0.972429
-0.700905
0.488929
-0.898983
0.360736
-0.190716
-0.914519
-0.365177
0.450608
0.155955
0.324771
-0.285600
0.319131
-0.407557
0.277561
-0.407028
0.542536
-0.951423
-0.446421
-0.431339
0.696749
-0.619170
-0.65647
-0.801310
-0.86670
-0.664792
0.191406
0.897464
-0.65311
0.224008
0.431770
-0.109214
-0.771674
0.554827
-0.460100
-0.541605
0.124575
-0.768118
0.661476
0.222830
-0.559398
0.675940
-0.354366
-0.777695
-0.911130
-0.278902
0.665444
-0.866262
0.481459
0.687917
-0.923609
-0.614761
0.906651
0.754758
-0.985013
0.348977
0.897914
0.811568
0.147379
-0.188311
0.140023
-0.434114
-0.888034
-0.275289
-0.237818
-0.343757
-0.709081
-0.725963
0.857750
0.732915
-0.491014
-0.903527
-0.655867
-0.157562
-0.853415
-0.378107
0.845790
0.831609
-0.145302
0.136022
0.102808
-0.544548
0.954650
0.460326
0.267585
0.171516
0.824191
-0.147529
-0.339194
0.799656
-0.683668
-0.702399
-0.22689
0.295987
0.673610
0.67463
-0.428141
0.104661
0.915227
-0.711544
0.307285
0.457764
-0.990807
-0.127886
0.943088
0.38963
-0.138010
0.188919
0.308075
-0.361394
-0.433268
-0.274456
0.73573
-0.760553
0.976809
-0.687964
0.871509
-0.931923
-0.783726
-0.225022
-0.503704
-0.386275
0.521699
0.318765
-0.60101
-0.844164
-0.625368
0.871131
0.14090
-0.687741
-0.136486
-0.791345
-0.37787
-0.903016
0.783078
-0.581032
0.908375
-0.444848
-0.542502
0.292553
-0.960124
-0.128677
0.771690
0.800786
0.664197
-0.293031
0.896937
-0.325032
0.323997
-0.272590
-0.872439
0.426561
0.337282
-0.727241
-0.151374
-0.515092
-0.189216
-0.213342
-0.159930
0.263038
-0.535360
0.141163
-0.673150
-0.883374
-0.210596
-0.653278
-0.42290
0.380201
0.467600
-0.775710
-0.676294
0.763176
0.450924
0.342769
-0.23351
-0.467685
0.194581
0.23712
0.107748
-0.413934
0.612106
0.917731
-0.179755
-0.550322
-0.954432
0.299033
-0.649538
-0.496236
0.71431
-0.744020
0.993869
-0.686197
0.853259
0.88885
-0.649700
-0.312056
-0.86383
-0.432556
-0.560424
-0.429845
-0.825262
0.661934
0.823791
0.607967
0.29880
-0.506357
-0.596397
-0.728551
-0.935168
-0.443368
-0.352959
-0.363028
0.17915
0.221832
0.294814
-0.609548
-0.929611
0.627580
0.946006
-0.648625
-0.103887
0.32340
-0.380240
0.698997
-0.611032
-0.416630
0.930493
-0.919686
-0.575242
0.43100
-0.825900
0.22836
0.956836
-0.25266
0.402316
0.911432
-0.861577
0.239191
-0.737368
-0.73578
0.596905
-0.312391
-0.269866
-0.475807
0.406300
-0.747868
0.204260
0.20415
-0.937473
0.96642
-0.752276
-0.362344
0.984551
-0.888375
-0.56076
0.70319
0.968514
0.696732
0.647492
0.632545
0.724150
0.802344
0.667470
0.122211
0.384793
-0.944732
0.259633
-0.783627
0.941315
0.482456
0.150308
-0.166725
0.484542
-0.389906
-0.552348
0.702179
0.919217
-0.753965
-0.359988
-0.707982
0.127735
-0.914555
-0.992494
0.147904
-0.886537
0.447553
-0.732192
-0.672019
0.477735
-0.865121
-0.600729
0.855637
-0.104529
0.622985
-0.2132
-0.758354
-0.16385
0.33587
-0.403797
0.459041
0.844556
0.327180
-0.520872
0.309834
-0.93829
-0.61394
-0.258609
0.730857
0.42986
-0.376711
-0.717514
-0.691337
0.840679
-0.259131
-0.939120
0.51163
-0.624766
-0.393128
-0.410246
0.176949
-0.394270
0.198635
-0.671727
0.48721
0.316039
0.276184
-0.76850
0.283806
-0.208798
-0.162006
0.777462
0.964298
-0.624216
-0.64219
0.93092
-0.54890
0.995864
-0.656594
0.215722
-0.415008
0.647100
0.598019
0.175066
-0.641480
-0.457467
-0.80838
-0.49359
-0.153509
-0.435266
-0.224389
-0.975249
0.532073
-0.49157
-0.671408
0.410336
-0.829345
-0.810313
-0.781387
0.858246
-0.918299
0.775409
-0.66994
-0.560625
-0.14695
0.954584
-0.556953
-0.34716
-0.933650
-0.277695
0.381457
0.724178
0.261819
0.187223
-0.36222
-0.15129
0.877534
-0.953658
0.131658
-0.197735
0.542878
0.418142
0.114856
-0.705211
-0.569436
-0.686268
-0.703641
-0.710752
0.461290
-0.41371
0.459796
0.968386
0.847039
-0.314562
-0.469032
0.641403
0.697321
-0.660799
0.28755
0.409740
0.865268
-0.581790
-0.22808
0.50721
0.706870
0.14315
-0.148593
0.536701
0.421099
0.7033
0.396265
-0.451098
-0.740685
-0.938469
0.994259
-0.400337
-0.960570
-0.428436
0.307373
-0.500181
0.87602
-0.697262
-0.13550
0.264531
0.601578
-0.873837
0.952705
-0.607783
0.469537
0.495536
-0.927165
0.839676
-0.394352
0.903818
-0.779974
0.232321
-0.951200
0.620124
0.679898
-0.948456
-0.188925
-0.795672
0.179932
-0.867725
0.982411
0.145970
-0.775486
-0.313665
0.286462
-0.904268
-0.654187
0.450366
-0.582524
0.119193
0.987850
-0.60250
-0.406294
0.351110
-0.775730
-0.268400
0.614801
0.184071
-0.432720
-0.592830
0.747923
0.301972
0.666391
-0.556553
-0.339180
-0.544041
0.743396
0.20158
0.976566
0.768622
-0.622808
0.26791
-0.967745
0.144248
-0.257654
0.636000
-0.266880
0.956744
0.690310
-0.214890
0.189044
0.872874
0.363223
0.114836
0.297005
0.124790
0.436832
0.673774
-0.395147
0.837747
0.104157
-0.691083
-0.928072
-0.337013
0.161124
0.680577
0.827187
0.831666
0.479188
0.562903
0.862664
0.212358
-0.355627
0.736778
-0.253210
-0.436280
-0.564624
0.244757
-0.775190
0.660135
-0.650025
0.319188
0.926868
0.183974
-0.613708
-0.698601
0.950924
0.292220
0.346147
0.90030
-0.636227
0.473077
0.653674
0.726252
-0.815956
-0.881532
0.243452
0.943194
0.867926
0.92728
-0.906750
0.990710
0.734992
0.680578
0.344633
0.196848
0.813271
-0.698064
-0.904111
-0.412163
-0.327056
-0.702401
0.527119
-0.257180
-0.805467
0.909383
0.173941
-0.602596
-0.215727
0.22776
0.86487
-0.541221
-0.922254
-0.883056
-0.179954
0.62785
0.621618
-0.110223
-0.927133
-0.576486
0.750016
0.477523
-0.418666
-0.865595
0.879646
0.711106
0.657053
-0.382243
-0.7965
0.438377
0.76871
0.243986
0.782701
0.879931
-0.237966
-0.475140
0.974991
-0.428292
0.549134
0.60756
0.214964
0.911265
-0.540542
-0.967676
-0.75161
0.285482
0.423569
-0.366874
0.883679
-0.948809
-0.735928
-0.625979
-0.409316
0.620929
0.897216
-0.903583
0.969900
0.500549
0.141062
-0.91653
0.390631
-0.884607
0.906604
0.536823
0.530992
0.428280
0.942286
0.494191
0.657588
0.826405
0.313158
-0.666984
0.577542
-0.826204
-0.668462
-0.967531
0.294993
-0.389646
-0.136324
0.508233
-0.444806
-0.450588
0.23477
0.738694
-0.59901
0.752221
0.811441
-0.205174
-0.619442
-0.656643
-0.949236
0.863351
-0.992664
-0.962178
-0.212171
0.312657
-0.439629
-0.560421
-0.708026
-0.660524
-0.896919
-0.690042
0.864655
-0.130047
-0.926595
0.804706
0.927216
-0.636412
0.437407
0.81574
-0.101706
0.822907
-0.673829
-0.520793
-0.715147
-0.182486
-0.626767
0.836779
0.284097
-0.524575
0.786221
0.119227
0.513691
0.182375
0.386934
-0.633380
0.174532
-0.546327
0.355967
0.746569
-0.281142
-0.199534
0.834289
0.432035
-0.35844
0.361783
-0.318596
0.568208
0.753002
-0.816090
-0.530884
0.661280
-0.422110
-0.586482
0.823783
0.365545
-0.294812
0.529186
0.117744
0.763839
0.466888
0.8359
0.122985
-0.134124
-0.359854
-0.48627
0.432390
-0.628858
0.466570
0.148930
0.64745
-0.911631
-0.112258
-0.5010
-0.434743
-0.416296
0.410824
-0.203467
-0.517574
0.442500
0.320511
-0.800870
0.233738
-0.607401
-0.161421
0.507013
-0.819863
0.102075
0.375814
-0.711181
-0.392287
-0.744892
0.68484
-0.853272
0.802303
0.496190
0.303251
0.392067
-0.243140
-0.753649
0.788505
0.630728
0.195659
-0.573194
0.356241
-0.414734
-0.928204
-0.67991
0.624337
-0.615450
0.733387
0.65807
0.925052
-0.606331
0.973696
0.572755
0.136995
-0.919625
-0.968991
0.936831
-0.809899
-0.106465
0.27543
-0.251144
0.128424
-0.594873
0.494587
0.931154
0.151260
-0.104185
-0.413818
0.919861
-0.913127
-0.916171
0.848658
0.756408
-0.720919
0.913014
0.553682
0.916695
-0.63457
-0.60271
-0.688601
-0.494037
0.45263
0.481169
0.791514
0.42599
0.273221
0.619464
0.844477
0.296789
-0.755098
-0.346563
0.406666
-0.990887
0.774827
0.544520
0.558936
-0.819642
0.669483
0.95985
-0.734546
-0.198343
-0.130060
-0.645998
-0.226384
0.572638
0.701647
0.806614
0.698812
0.94789
-0.881364
0.969772
0.226923
0.77204
-0.122929
-0.873756
-0.828126
0.381594
-0.922610
-0.965428
0.519437
-0.646828
0.973620
0.845750
-0.767297
0.178776
0.612552
-0.605314
-0.937962
0.252234
0.372059
0.951071
-0.230793
-0.191076
0.392963
0.818750
0.210923
0.166188
-0.435373
-0.889680
0.468829
-0.884036
0.733357
0.953561
0.204572
-0.764916
0.848137
-0.809521
0.565005
-0.232334
-0.673454
-0.903072
-0.549366
0.101625
0.81199
-0.220114
0.92466
0.180467
0.626204
-0.529848
-0.339824
0.407408
0.10751
0.266892
-0.733879
-0.50077
0.583014
0.808063
0.538763
0.149824
0.933698
0.202695
-0.990441
0.884692
-0.33543
0.963774
-0.709304
0.77680
-0.620816
0.328517
-0.392854
0.278381
-0.848096
-0.140953
-0.28837
-0.523174
-0.177068
0.21404
0.141736
-0.816860
-0.836989
0.548646
-0.668169
-0.299053
-0.3603
0.160032
-0.522517
-0.888678
0.557563
0.273825
0.836760
0.581640
0.555572
-0.730395
0.541844
-0.388939
0.844241
-0.441479
0.596616
0.834099
0.400807
0.29380
0.465250
0.810289
-0.980393
-0.641917
0.913817
-0.863687
0.342953
0.199402
0.657689
0.779983
0.42279
0.563397
-0.511051
-0.788170
-0.424332
0.835182
0.251961
0.945099
-0.762290
-0.565861
-0.843278
0.178201
0.539982
0.103734
0.965946
-0.732305
-0.137884
0.196177
-0.209551
-0.77145
-0.801898
-0.556170
0.590502
0.802567
0.637342
0.545252
0.830680
0.183205
0.101057
-0.601037
-0.687008
0.624285
0.661749
0.990179
0.804809
0.537887
0.496003
-0.693272
-0.144383
0.955650
-0.413323
0.262346
0.257060
0.647369
-0.248842
-0.457825
0.98100
0.793447
0.418924
-0.663853
-0.367303
0.379497
-0.812150
0.982517
0.117664
-0.254611
-0.988126
-0.291342
-0.478861
0.119655
-0.703469
0.212610
0.692294
-0.594123
0.306037
-0.884008
0.459718
-0.85703
0.368979
0.261106
0.39092
-0.17631
-0.549026
-0.272404
-0.280389
0.304647
-0.518596
-0.301780
0.39667
0.354813
0.153881
0.51749
0.535030
0.434523
-0.722025
0.390653
-0.244050
-0.788335
-0.266313
0.853668
0.485502
-0.530561
-0.191925
0.731341
0.728245
-0.610001
-0.357679
0.44781
-0.315554
-0.796719
-0.691286
0.798696
-0.144712
0.244766
-0.680474
0.957728
-0.289454
-0.686427
-0.836982
0.745675
0.52978
-0.480058
-0.17426
0.819719
0.520497
0.370560
-0.352866
-0.663472
-0.788992
0.908603
-0.39377
0.151796
0.354620
-0.326562
-0.805048
-0.789535
-0.427914
0.785036
0.310785
-0.294673
0.253897
-0.75770
0.383547
0.104341
-0.680185
-0.642006
0.395628
0.564745
0.181082
-0.974555
0.963544
0.360508
0.550036
0.869503
0.266651
-0.724808
0.378466
0.160015
0.572524
-0.934553
0.793653
0.4975
0.919418
0.972233
0.977379
0.602982
0.743583
0.365086
-0.109035
-0.187145
-0.915118
0.928939
0.745235
0.55598
-0.869663
0.86821
-0.115766
-0.885301
0.177869
-0.135684
-0.353379
-0.612524
0.702157
0.906934
0.728552
0.735934
0.38736
-0.453607
0.786532
-0.101731
-0.48412
0.352215
-0.313052
-0.199363
0.644106
-0.678874
-0.590066
0.610801
-0.301713
-0.652471
-0.644519
-0.190288
-0.85983
-0.983579
-0.185804
0.45062
-0.306566
-0.398395
-0.151145
-0.143244
0.965509
-0.309089
-0.629868
0.880502
0.986682
-0.478200
0.954083
-0.347160
-0.828736
-0.428933
0.932401
-0.248757
-0.871272
0.374938
-0.277614
0.850372
0.340300
0.315051
0.112056
-0.934454
0.277583
0.762643
-0.81143
-0.788084
-0.956895
-0.440771
-0.691012
-0.160968
-0.369384
-0.617405
-0.54088
-0.406474
0.143591
-0.913613
0.949782
-0.387090
-0.777074
-0.975383
-0.292242
-0.284448
-0.496836
-0.171138
0.931100
-0.782836
0.384365
0.947483
-0.384371
-0.865546
0.591834
0.816314
-0.659931
-0.285334
-0.869491
-0.295222
0.56889
0.927222
-0.821241
0.774278
0.463172
-0.52826
-0.506412
0.802343
0.386970
0.935097
-0.479753
0.553124
0.471169
0.576689
0.131880
0.18745
-0.484285
-0.258846
-0.77032
-0.574220
0.139295
-0.387742
-0.660059
-0.52842
0.374327
0.58537
0.772055
0.510117
0.482824
-0.100236
0.507774
0.319825
0.581301
0.813939
0.644500
0.198538
-0.47910
0.462206
0.292717
0.787703
-0.535692
0.37478
-0.490606
-0.583676
0.667106
0.104487
0.802894
0.199645
-0.519337
-0.42528
-0.434447
-0.496689
-0.860050
-0.223031
-0.506648
0.336165
0.889678
-0.382791
-0.470294
-0.870068
0.166732
-0.344986
-0.915220
0.870173
-0.74567
0.147451
0.186472
0.507724
0.119387
-0.231994
-0.257841
0.184727
-0.974506
0.44156
0.566690
0.98554
0.405132
0.703048
0.504523
0.787614
0.518627
-0.120808
0.95557
0.784325
0.391991
0.357332
0.617183
-0.313704
0.142282
0.69195
0.788437
0.442395
0.643993
-0.546625
-0.751369
0.243958
-0.302008
-0.7799
-0.509651
-0.128862
0.841149
0.67827
0.28253
0.82726
-0.772095
0.395861
0.836022
-0.786805
-0.16404
0.144883
0.700374
0.70474
0.786312
-0.399948
-0.903103
0.230309
0.531356
-0.235288
0.228723
-0.246498
-0.986288
-0.77703
0.996967
-0.335030
0.714292
-0.297498
-0.901459
0.417049
0.962598
0.532790
0.378512
0.642657
-0.93940
-0.985831
0.745017
0.839835
-0.907392
-0.586320
0.782047
0.434083
0.433969
0.427358
0.615906
-0.55904
-0.210461
-0.476910
0.384498
-0.15195
-0.546569
-0.317455
-0.782411
0.539244
0.74828
-0.626866
-0.79619
0.385919
-0.825235
-0.365369
0.690389
-0.535998
0.42671
0.522528
0.165179
0.905609
-0.571453
-0.519687
0.896706
0.560019
-0.700848
-0.861114
-0.764188
-0.810408
-0.93015
-0.546917
-0.113402
-0.716959
-0.644879
-0.99595
-0.293563
-0.38159
-0.260972
-0.735233
0.133130
0.161917
-0.514842
0.130798
0.819121
-0.901158
-0.116983
-0.244597
-0.563694
-0.419162
-0.717396
-0.534983
0.556666
-0.908679
-0.647342
0.491669
0.971869
-0.130803
0.225674
0.282094
-0.202807
0.473284
0.147679
0.582879
-0.195790
0.952650
-0.553503
-0.473201
0.93480
0.927809
0.58497
0.553999
-0.622121
0.33430
-0.462755
0.408942
0.15128
-0.18056
-0.116461
-0.906884
0.635680
-0.774494
0.379871
-0.299354
0.145928
-0.246878
-0.195697
-0.234792
-0.518383
0.181965
-0.100098
-0.679404
-0.989487
0.310737
0.331099
0.450903
0.593507
-0.672316
0.989445
0.479435
0.231537
-0.339799
-0.76247
0.277757
0.875518
0.92121
-0.566982
-0.123547
-0.985338
-0.695121
-0.168258
-0.283217
-0.887774
-0.767849
-0.959907
-0.12593
-0.522653
0.651383
0.959688
0.193531
-0.905214
0.843528
-0.573529
-0.545018
-0.917712
0.391657
0.902517
-0.880441
0.663112
0.183863
-0.444630
-0.330816
0.97904
0.82536
-0.427691
-0.925504
-0.594423
0.321454
0.252459
-0.759524
0.622965
0.288847
0.342407
0.348477
0.850282
0.661243
0.761500
-0.778547
-0.6962
0.949702
0.653502
-0.283910
-0.160590
-0.932230
0.504542
-0.132277
-0.875639
0.685693
-0.623116
0.256270
-0.599215
0.284662
-0.425924
0.252824
-0.440645
-0.383891
0.594084
0.374777
-0.822222
-0.200428
0.31465
-0.486975
0.786534
0.641503
0.239543
-0.399401
-0.331638
-0.232177
0.779977
0.706800
-0.203880
0.347475
-0.307548
0.585343
0.61964
0.456535
-0.151181
0.516886
-0.148883
0.863717
-0.88866
-0.743536
0.463534
0.210770
0.977068
0.496838
-0.40965
0.495265
0.82918
-0.478284
0.382732
0.754663
-0.911035
0.504332
-0.462642
0.448345
-0.631168
0.488364
0.683947
0.854566
-0.649408
0.841964
0.712070
0.555239
0.450542
-0.972574
-0.517399
-0.399892
0.547843
-0.4705
-0.272275
0.78346
-0.161283
0.30850
0.298549
-0.22598
-0.753172
0.154683
0.234496
0.809286
0.776149
0.34665
-0.58154
0.721983
-0.855135
-0.132834
0.696090
0.63557
-0.294243
-0.735309
0.496175
-0.57101
0.171526
0.263646
0.921706
0.123764
-0.887497
0.507757
0.625692
0.68000
-0.472781
-0.124589
0.928367
-0.58949
0.798906
0.331754
0.584870
-0.577133
-0.116992
0.678770
-0.430065
0.252907
0.477316
0.779566
-0.506756
-0.100187
-0.48401
-0.664761
-0.929275
0.715731
0.550673
-0.539614
-0.469046
-0.924643
-0.473880
-0.141089
-0.438651
-0.737859
0.671012
-0.51680
-0.881344
-0.673658
-0.892996
0.422866
0.94834
0.66804
-0.218788
0.330106
-0.755871
-0.790224
0.374514
0.650048
-0.841662
-0.761837
-0.938037
-0.206796
0.481738
-0.781830
-0.251578
-0.229710
0.375999
-0.540975
-0.935637
0.831677
-0.125830
0.437611
-0.69567
0.862565
0.24623
-0.456609
0.954273
-0.814745
0.576563
-0.843449
0.833976
-0.723609
-0.886026
0.837466
-0.652017
-0.29524
-0.323749
-0.310895
-0.587499
0.337250
0.830568
-0.91134
0.489968
-0.253556
0.18806
-0.927377
0.686517
-0.579110
-0.431923
-0.426910
0.118424
-0.378140
0.956274
-0.351842
-0.895201
0.188599
0.999304
-0.543314
0.218316
0.72156
0.410227
-0.606257
-0.683225
-0.701991
0.634649
0.715441
-0.618040
0.711599
0.331674
0.150791
-0.785237
0.985348
0.135475
0.790166
0.841884
0.107266
0.894560
0.897912
-0.415243
-0.209286
0.761509
-0.835670
0.567365
0.470216
0.643414
-0.158618
0.960398
-0.729545
-0.188980
0.482369
-0.414737
-0.832032
-0.819511
0.403435
-0.846199
0.317351
-0.86505
0.503611
0.732994
-0.585614
-0.594835
0.321411
-0.404551
-0.683812
0.87019
0.173452
-0.272169
0.327407
0.735428
0.359138
-0.376268
0.222040
-0.862214
0.149347
-0.699479
0.487968
0.995546
0.882252
-0.860336
-0.542684
-0.764950
-0.481817
0.721620
-0.161503
0.572770
0.587732
0.746187
0.444515
0.535424
0.719962
-0.845176
0.561921
0.17310
0.273523
-0.526590
-0.374059
0.48696
-0.361363
-0.697804
-0.260069
-0.592564
0.252317
0.173926
0.463504
0.807047
-0.976957
-0.907749
-0.525650
0.499404
-0.835410
-0.648086
0.350239
0.98049
-0.983451
0.267173
0.99132
-0.124026
-0.714840
0.564633
-0.556358
0.878163
-0.56609
0.588546
0.743676
0.414137
-0.146649
0.821260
-0.275358
-0.724844
-0.231515
-0.18682
-0.400811
0.198448
0.473365
0.810348
0.651114
0.79391
-0.507128
-0.839039
0.272240
-0.346243
-0.348104
0.432130
0.86812
-0.882271
-0.698048
-0.681678
-0.76367
-0.214510
0.159560
0.95808
0.746075
0.551102
-0.875841
0.20360
0.676021
0.83323
-0.50458
-0.647587
0.705132
0.488302
0.979869
0.18391
-0.566459
0.122320
-0.290464
0.53045
0.942385
-0.322447
-0.26992
-0.482660
0.742114
-0.727139
0.114140
-0.962546
0.453642
-0.255156
0.137181
-0.6099
0.22801
-0.946011
-0.379252
-0.382509
-0.119556
-0.656216
-0.596819
-0.365914
0.737563
-0.647857
0.500485
0.703680
-0.577604
-0.903990
-0.748736
-0.934777
-0.554860
0.601154
-0.396196
-0.772102
0.721323
0.178653
0.83546
-0.173427
-0.670325
-0.189165
0.948040
-0.157641
0.368033
0.756781
-0.4424
0.404658
-0.121402
-0.526102
-0.22180
-0.66055
-0.759227
0.94350
-0.821979
-0.180235
-0.605414
0.179467
-0.294949
0.111802
0.431444
-0.296104
0.109197
0.27858
-0.739279
0.264550
0.884868
-0.21316
-0.91665
-0.519573
0.899796
0.405949
0.101912
-0.607721
0.955230
0.92547
-0.620811
0.855247
-0.122118
-0.960608
-0.469769
-0.139209
-0.555763
-0.515085
0.792544
0.77425
0.767170
-0.746607
0.101495
-0.298647
-0.590205
-0.959752
-0.812550
0.941025
-0.730809
-0.796066
-0.159496
-0.555216
0.612153
0.395392
-0.654016
-0.646093
-0.472544
0.322973
-0.263382
0.147117
-0.45520
0.97307
0.954572
0.792739
0.972671
-0.885960
-0.556784
-0.363779
-0.60534
0.122690
0.748341
0.652090
-0.194189
-0.827629
0.629388
-0.343862
0.114319
-0.49331
0.995854
0.270625
-0.979931
-0.617045
-0.146817
0.738357
0.256348
-0.438255
0.662535
-0.258279
0.98112
-0.830647
0.577006
-0.435113
-0.132031
-0.276569
-0.875570
-0.96411
0.736483
-0.424921
0.210632
-0.607004
0.57029
-0.20727
-0.651956
-0.576289
0.881267
-0.510274
-0.97798
-0.182303
-0.462536
0.874067
-0.38770
-0.709960
-0.716638
0.691257
0.814511
0.426955
0.859873
0.107457
0.243041
-0.294603
0.123388
-0.131637
-0.266616
0.483720
0.805516
-0.99963
-0.844617
-0.652243
-0.461156
0.4877
-0.158115
-0.179911
-0.912219
0.46170
0.3820
0.828624
0.662002
0.897450
-0.306906
0.690475
0.738957
-0.473061
-0.116713
-0.661181
0.985158
0.402592
-0.646948
-0.677613
-0.902577
-0.747132
-0.580909
-0.582661
0.52370
0.687883
-0.861282
-0.988052
0.685149
0.216518
0.619122
0.412436
0.92814
0.780257
0.430236
0.298930
-0.214359
0.271914
-0.654522
-0.554532
0.334687
-0.582522
0.653478
0.828912
-0.548039
0.173193
0.472186
0.804146
0.433362
0.304763
0.558627
-0.229116
-0.682459
0.84606
0.871958
0.560226
-0.914258
0.435318
-0.229674
0.422715
-0.858717
-0.977580
0.697890
-0.412255
0.882482
0.27555
-0.353415
0.730447
-0.274053
-0.405560
0.486897
-0.385360
-0.141239
0.485244
-0.117613
0.181331
0.20220
0.339937
0.456990
0.398419
0.985563
0.296934
0.198997
0.923909
0.875139
-0.651766
-0.811607
-0.279544
-0.890509
0.356464
0.705451
-0.17156
0.729411
0.476487
0.625638
-0.558577
0.333585
0.982883
0.915597
0.38337
-0.752613
0.185477
0.243583
0.549771
0.262513
-0.174919
-0.960383
-0.726340
-0.65521
-0.908899
0.110438
-0.335064
0.355692
-0.492957
0.741092
-0.611081
-0.737751
-0.606982
-0.294283
0.148130
-0.579341
0.557465
-0.547829
-0.262222
0.2985
0.337213
0.671302
-0.557446
0.506576
-0.330987
0.98050
-0.290430
0.254979
0.849839
0.570518
0.622411
0.353723
-0.722288
0.463681
0.547606
-0.671984
-0.96441
-0.73448
-0.402984
-0.736995
0.860397
-0.676040
-0.703551
-0.564592
0.996633
0.100416
0.801322
0.798920
0.872044
0.508122
0.245620
-0.820822
0.556097
0.28653
0.990648
-0.209405
-0.117046
-0.34577
-0.849168
-0.923043
0.250631
0.464846
0.477600
-0.575565
-0.559072
-0.801999
-0.296497
0.179459
-0.33445
0.844380
-0.490113
-0.907842
0.971934
-0.460460
0.57940
0.666903
0.406963
0.360526
-0.944572
0.783264
0.52482
-0.824689
-0.240789
0.234278
-0.728613
0.331031
-0.165147
-0.858589
0.697645
-0.958183
-0.218904
-0.580510
0.305892
-0.543135
0.909831
0.754108
0.944367
0.827644
-0.615650
0.975743
-0.173284
-0.595693
0.578352
0.475512
0.289683
-0.64288
0.607838
0.167160
0.134890
-0.164194
0.69399
0.523386
-0.529804
0.715274
-0.445657
-0.38774
0.546848
0.957373
0.121454
-0.433902
-0.415637
0.952430
-0.175692
0.937205
0.346237
-0.355303
-0.536053
0.462106
-0.262424
0.244017
0.417454
0.843374
0.433611
-0.605855
-0.266337
-0.482556
0.54300
-0.705449
0.70928
-0.56927
-0.260405
0.865506
-0.323624
0.378668
0.54049
-0.326833
0.938181
-0.952158
0.487307
-0.443210
-0.114123
-0.468322
-0.877104
0.431119
0.849129
-0.881550
-0.416629
-0.938696
-0.107372
-0.359005
0.972754
-0.149278
-0.372397
-0.799080
-0.692154
0.162404
-0.684409
-0.7404
-0.837201
-0.542250
0.442922
0.828568
0.203560
-0.632508
0.117334
0.505058
-0.193703
-0.1024
0.272125
-0.942157
0.558746
0.803260
-0.251640
-0.837373
0.281891
-0.807876
0.319775
-0.100716
-0.436413
-0.866971
-0.241089
0.160188
0.542718
0.517245
-0.994020
0.811826
-0.596667
-0.828626
-0.458454
0.453501
-0.78326
-0.981511
0.446877
0.954140
0.848156
0.953390
-0.709493
0.556742
0.307494
-0.583407
-0.566093
-0.886985
0.43024
0.527420
0.930666
0.274529
0.275002
0.439797
0.370972
-0.121523
0.247752
-0.857431
-0.221196
-0.725810
0.37217
-0.862909
0.253507
-0.282423
0.498209
-0.830715
-0.823469
-0.954219
0.393988
-0.853056
0.820657
0.533146
0.598548
-0.58359
-0.837454
0.381139
0.642443
0.994334
0.542998
-0.225186
-0.635657
0.502786
-0.677497
-0.590303
-0.883725
0.869151
0.966994
-0.805495
0.309226
-0.901639
0.680728
0.537704
0.75882
0.735474
0.841499
0.176439
-0.532914
-0.452636
0.652582
0.830953
-0.519002
0.757041
-0.618753
-0.567890
-0.942743
-0.591012
0.785011
-0.462995
0.693458
0.479773
-0.191834
0.528466
0.851789
0.967863
0.56745
-0.557030
-0.15273
0.578095
-0.392960
-0.78358
-0.131867
0.475527
-0.830790
-0.777772
-0.169696
-0.575558
0.946462
-0.602630
0.117831
-0.851679
-0.402015
0.266676
-0.755485
0.567667
-0.507109
-0.516853
-0.864452
0.72208
0.963607
0.735843
0.140230
0.494834
-0.448130
-0.434001
0.184311
0.740537
-0.210742
-0.519966
-0.884689
-0.147377
0.282716
0.63479
-0.172963
-0.358763
0.18372
-0.786226
0.955064
0.794351
0.894878
0.485507
0.30385
-0.698219
-0.265962
-0.240059
0.338523
-0.575154
0.568019
-0.801112
0.323377
-0.393905
0.803538
0.49407
0.977544
-0.161797
0.588463
-0.467963
0.906054
0.892680
-0.417072
0.355372
-0.36528
-0.409539
0.601863
0.861882
0.403230
-0.299693
-0.468623
0.965372
-0.709212
0.834942
-0.807178
-0.949228
0.501792
0.917953
0.7351
-0.190811
0.720203
0.681132
-0.327353
-0.280011
-0.347858
-0.453705
0.445157
-0.779000
-0.578950
0.968397
0.433200
-0.132065
0.792237
-0.370208
0.839695
-0.392524
0.677722
-0.914669
-0.165727
0.768363
-0.807088
0.846418
-0.673849
-0.439319
0.239361
-0.671633
0.358045
0.123905
0.886421
-0.498927
-0.571484
0.802367
-0.997812
-0.286986
0.460772
0.193476
0.826474
0.552810
0.665312
0.269475
-0.432550
0.609938
-0.777511
0.973582
0.744308
0.906400
-0.396665
-0.597703
-0.458507
0.590720
-0.489095
-0.703492
-0.340442
0.332244
-0.764784
0.943132
-0.575532
0.504283
0.803266
-0.533327
-0.983079
-0.896071
-0.664847
-0.806925
-0.927520
-0.75338
-0.214545
0.248536
-0.551485
0.593445
-0.698853
-0.29956
-0.606000
-0.143781
-0.44809
-0.989544
-0.633188
-0.923984
-0.928447
0.970447
-0.644906
-0.788935
0.340968
0.930790
0.134604
-0.725074
-0.577165
0.624195
-0.805622
-0.625135
0.961436
0.394671
-0.532999
-0.441717
-0.82268
0.833766
-0.457949
0.619329
-0.692876
0.207722
0.107059
-0.693642
-0.720532
-0.900093
-0.118517
0.409290
-0.172611
0.707283
0.155321
0.167057
-0.561164
-0.481116
-0.656228
-0.850735
-0.166917
-0.692938
-0.540310
0.474552
0.737122
-0.819701
-0.932577
0.451945
-0.549304
0.327151
-0.340932
0.942215
-0.527736
0.953914
-0.556480
0.533070
-0.412162
0.513725
0.645292
-0.729667
-0.911978
-0.754406
-0.294711
0.466096
-0.914636
-0.64993
-0.803808
0.674017
-0.979595
0.515510
-0.465284
0.775825
-0.307292
0.346271
-0.310532
-0.367703
0.625307
0.583418
-0.877516
0.280387
0.842762
0.47721
0.385293
-0.494467
-0.866021
-0.900964
-0.91261
0.725103
-0.482693
-0.383842
-0.147314
-0.48440
0.906358
-0.725344
0.681373
0.576027
-0.383816
0.687058
-0.861838
-0.650349
0.224207
-0.91868
-0.260808
0.230374
0.921050
-0.569430
-0.398465
0.873690
0.249730
-0.88697
-0.637470
-0.487943
-0.321176
0.306747
-0.389230
-0.943577
-0.541114
-0.445258
0.401473
0.61775
0.838904
-0.907240
-0.281781
0.58544
0.412668
0.495318
-0.844670
0.71424
-0.190966
0.381565
-0.851620
0.226338
0.909644
-0.711009
-0.379932
0.633640
-0.920342
0.972557
-0.838162
0.766338
0.211047
-0.817321
-0.761270
-0.254267
-0.299621
0.81490
0.993679
-0.60328
0.495777
-0.214440
0.60473
0.127250
-0.421665
-0.215643
-0.163613
0.543362
0.759991
0.463081
0.765782
-0.506202
-0.869533
0.249349
0.411873
-0.282887
0.113718
-0.816063
0.378111
-0.704063
-0.75825
-0.575956
0.418041
-0.646802
0.996354
-0.731997
-0.343583
0.376596
-0.342244
-0.109032
-0.968326
0.694471
-0.921950
-0.288939
0.486552
0.132542
-0.429062
0.834519
-0.860521
0.57839
-0.623908
-0.651716
0.544388
0.213312
-0.170609
-0.189806
-0.746968
-0.737331
0.911165
0.518037
-0.51977
0.476447
0.391782
-0.360846
-0.308640
-0.141882
-0.724874
0.416392
0.854614
-0.704951
-0.984754
-0.680510
0.295388
0.433345
0.993168
0.604270
-0.634666
-0.42537
0.908036
0.827807
-0.338421
-0.665576
-0.795992
0.881613
-0.744378
-0.708534
0.997675
0.977206
-0.839590
0.15968
0.394638
0.394255
-0.733660
0.88456
-0.872880
0.891076
0.402305
0.307300
-0.671325
-0.881607
-0.808182
0.661187
-0.495538
-0.131624
0.598002
0.200590
0.800535
-0.54649
-0.64342
-0.208595
0.92073
0.664875
-0.205379
-0.209027
-0.193792
-0.808760
-0.197128
0.840536
-0.657398
0.60498
0.636105
0.764392
0.888637
0.3539
-0.994851
-0.890201
0.860861
-0.97654
0.559955
0.459298
-0.430019
-0.272075
-0.770710
0.352517
-0.117476
-0.683508
0.706807
0.222926
-0.299646
-0.64776
-0.987656
-0.414125
-0.26406
-0.914759
0.334812
-0.856462
0.158467
-0.424683
0.273852
0.873638
-0.739272
-0.661263
0.554104
-0.557877
0.143359
0.180952
-0.93983
-0.979534
0.623209
-0.223104
0.301054
-0.239205
0.724455
-0.937755
-0.473794
0.905988
-0.401245
0.175498
-0.484145
-0.325451
0.388733
-0.274872
-0.134185
-0.119458
0.181403
0.231767
-0.422128
0.491035
-0.651214
0.693947
0.756536
-0.854426
0.199891
-0.629482
-0.796004
-0.827892
-0.494041
-0.667454
-0.873523
0.418324
-0.129475
0.86440
-0.121065
-0.247243
0.38970
0.929991
-0.57477
-0.469640
0.330694
0.974108
0.86760
0.827788
0.937470
0.241732
0.798507
-0.898624
0.310149
-0.28641
-0.595244
-0.752549
0.733426
0.946073
-0.983309
-0.597328
-0.547539
-0.473407
0.406142
-0.731454
0.312790
-0.670957
-0.665947
0.71983
-0.587351
-0.956366
-0.409213
-0.333162
-0.907807
-0.966247
-0.727652
-0.237825
0.651365
0.425843
-0.45131
-0.401119
0.163188
-0.501922
-0.158010
-0.837936
0.707234
0.444309
-0.19570
0.775438
-0.573058
-0.334846
0.337966
0.92253
0.316607
-0.79542
-0.191746
0.236012
-0.585441
-0.216774
0.344544
0.5165
-0.881716
-0.684577
-0.259649
-0.861368
-0.718054
0.649769
0.801590
0.78055
-0.776472
-0.996288
-0.154610
0.839505
0.2940
0.999855
-0.660045
0.431967
0.487199
0.475752
-0.92912
0.95908
-0.49686
-0.899690
-0.4053
-0.485826
-0.651694
0.265095
0.747119
0.546356
-0.709935
0.130248
0.583936
-0.428094
-0.195111
-0.817985
-0.757318
0.131694
0.175923
-0.174633
-0.41834
0.476853
-0.658925
0.499833
-0.879253
0.672456
-0.625105
-0.475521
0.397623
-0.796529
-0.323813
0.913463
0.44760
-0.404488
0.109246
0.917012
0.272284
-0.360962
0.168518
-0.369958
0.456041
-0.669665
-0.877823
-0.322891
-0.565154
0.384534
-0.250287
-0.486451
-0.375858
0.32083
-0.502764
-0.668890
0.375664
0.255313
-0.923351
0.141011
0.184039
-0.493242
0.988566
0.853661
0.935555
-0.475392
0.52544
-0.997242
-0.885486
-0.946212
0.11124
0.712354
0.161306
-0.480027
-0.592939
0.980402
0.464418
0.871545
-0.289778
-0.39409
-0.479754
0.443880
0.509348
0.509757
-0.503151
-0.815788
-0.71071
0.933767
-0.12162
-0.833387
0.551185
-0.414784
-0.803785
-0.501293
-0.527887
0.351601
0.88208
0.572644
-0.752955
0.508743
-0.54723
0.286733
-0.885378
0.874524
0.150648
0.18993
-0.554404
-0.266493
-0.236458
-0.968105
-0.341193
-0.288339
0.147892
-0.59661
0.976089
0.189658
0.925640
0.189310
-0.729597
-0.224910
-0.804449
-0.131134
0.710385
0.233395
-0.198118
0.227541
0.70263
0.1416
-0.925920
-0.151708
0.145834
-0.481877
0.850462
-0.398844
-0.251374
-0.493008
-0.416714
0.447381
-0.538123
-0.590294
0.914981
-0.308257
0.882773
0.719752
-0.887103
0.259759
0.729179
-0.137116
0.412824
0.676053
0.192419
0.269079
0.793204
0.252584
-0.913589
0.100273
0.209771
0.330166
-0.234555
0.933941
0.437731
0.187301
0.451689
-0.262904
-0.376730
-0.561416
0.624370
-0.210987
-0.63308
0.781606
-0.339155
-0.321819
-0.806761
-0.674174
-0.734608
-0.195680
0.834520
0.371954
-0.223750
0.183426
0.606519
0.202335
0.91690
0.681169
-0.393246
-0.648247
0.861007
-0.314031
-0.654756
-0.225437
-0.145377
-0.110760
-0.836802
-0.782458
-0.150277
-0.210090
-0.227079
-0.20391
0.858451
0.506472
-0.680687
0.16803
0.157490
-0.209463
-0.868096
0.234315
0.405074
-0.509722
-0.344142
0.851485
0.290769
-0.800273
0.990352
-0.869322
0.554928
-0.616854
-0.563219
-0.777310
-0.997196
-0.565660
0.970729
-0.395118
0.661402
0.134032
-0.229725
-0.49021
-0.563445
0.71047
-0.186310
0.918953
0.348868
-0.493205
-0.202169
-0.665501
-0.806344
0.97362
0.31136
0.669229
0.430026
0.730787
0.305131
-0.212950
-0.145454
-0.455077
-0.257070
0.105706
0.942542
0.550730
0.902131
0.860429
-0.447392
0.485550
0.482976
0.203771
0.990745
0.572754
-0.747071
-0.197156
-0.586053
0.740642
-0.542616
-0.481766
-0.961612
-0.629870
-0.765080
0.88572
-0.997147
0.723705
0.761605
-0.393126
0.894739
0.564578
0.784288
0.50687
0.413968
0.246168
0.154030
-0.441743
0.793136
-0.12090
-0.110969
0.803393
-0.707488
-0.104592
-0.487279
-0.254148
0.496302
-0.56532
0.580461
0.683635
0.414901
-0.983718
0.690442
0.233630
0.46131
0.74499
0.379087
0.297921
-0.921343
0.588373
0.416583
0.306993
-0.177601
-0.709827
0.503450
0.785196
0.355970
-0.519987
0.227079
-0.562695
0.32041
0.463016
-0.515086
-0.14056
0.679803
0.877757
-0.477655
0.525624
-0.580980
0.929671
0.661618
-0.519134
-0.516485
0.580352
-0.825442
-0.49479
0.780241
-0.268612
0.273433
0.280814
-0.434153
0.565974
-0.859673
-0.83417
0.359754
0.525084
0.760659
-0.555312
-0.599691
-0.569765
0.795064
0.282617
-0.131740
0.419689
0.382953
0.874761
-0.859074
-0.761619
-0.48686
-0.675754
0.890829
-0.946164
-0.761409
-0.961337
0.669844
0.302586
0.150347
-0.589270
-0.685488
-0.719964
0.225815
-0.918251
0.551812
0.319989
-0.41260
0.525290
-0.712934
-0.99930
-0.521986
0.868147
0.625074
0.689443
0.788640
-0.90212
-0.804025
-0.575273
0.404901
-0.147433
0.689748
-0.73564
0.495870
-0.695801
-0.619365
0.715851
0.889704
-0.849535
0.271084
0.322904
-0.850396
-0.50205
0.739645
-0.716965
-0.119004
0.133964
0.364525
0.88816
-0.839088
-0.101904
-0.96701
-0.116157
-0.401755
0.533888
0.537375
0.248916
0.302612
0.74896
-0.440953
0.219508
-0.688963
0.401413
-0.593705
0.946589
-0.791198
0.923951
0.866249
0.423361
-0.554857
-0.973548
0.846745
-0.512707
-0.554290
0.224319
0.895816
-0.71552
0.830004
-0.670972
-0.995898
0.889207
-0.666055
0.707701
-0.402322
0.349365
-0.604664
0.565763
-0.578081
0.117119
0.698777
-0.643967
-0.301618
0.212077
0.221189
-0.71684
-0.500611
0.36889
-0.806753
0.731674
-0.875652
-0.682607
-0.920304
0.448078
-0.359545
-0.147110
0.422988
-0.169268
-0.22949
-0.372581
-0.780746
-0.977579
-0.437860
-0.480727
0.759058
0.970041
0.809793
-0.147731
-0.417370
0.744836
-0.710062
-0.351590
0.683023
0.890362
0.934907
-0.466464
0.739913
0.513363
-0.974863
0.938739
0.239196
0.401335
0.77780
-0.295440
0.693931
-0.788418
0.448574
0.53397
-0.693570
0.870274
-0.239406
0.860482
0.297133
-0.189797
-0.400640
-0.522269
-0.70020
-0.721530
0.505375
0.159302
-0.89950
0.603301
-0.120432
0.702826
0.633161
0.958831
-0.942543
-0.884591
-0.225863
0.544377
-0.235628
-0.299044
0.506603
0.486152
-0.553897
-0.727638
-0.142231
0.698724
-0.20341
0.109370
0.523706
0.558773
-0.920219
0.222278
-0.550456
-0.805290
-0.349653
-0.124436
-0.641261
0.900940
0.288747
-0.871709
0.475869
0.726345
0.4687
-0.182416
0.936621
0.510995
0.700906
-0.35627
0.532632
0.70151
-0.977956
-0.254895
-0.321528
-0.847079
-0.300765
0.590309
-0.321926
0.305548
0.668722
-0.371360
0.261857
-0.978535
-0.131981
-0.246830
0.887785
0.63251
0.27920
-0.517663
0.990333
0.992427
-0.116235
-0.100436
0.415743
0.764776
-0.926652
-0.206160
0.534843
-0.667625
-0.747914
-0.847790
-0.747788
0.17793
-0.745540
-0.641509
-0.900198
-0.59676
-0.249377
0.970948
0.82449
-0.782289
0.904564
0.197611
-0.205849
-0.622584
0.328748
-0.105815
-0.414119
-0.368598
-0.659064
-0.928237
0.193100
0.608400
0.664377
-0.140302
-0.831424
0.755928
0.427393
0.691748
0.367832
0.619710
0.817410
-0.805822
-0.365485
0.907541
-0.217231
0.616515
0.856395
-0.369162
0.320616
-0.267599
0.948408
-0.920733
0.526122
0.41748
-0.959517
0.623240
-0.419687
0.524809
0.119834
0.809721
-0.300832
-0.263749
-0.167505
0.194351
0.175080
0.672866
-0.518181
0.15642
-0.722433
0.970963
0.751553
0.975230
0.539617
0.472765
0.481445
-0.996516
-0.741428
-0.972208
-0.925881
0.429758
0.144862
-0.740802
-0.696225
-0.740052
0.362891
-0.133313
-0.337922
0.318390
-0.641287
-0.536990
0.589994
-0.421362
0.342828
0.756707
0.76483
-0.886023
-0.805443
-0.917093
0.932326
-0.953030
-0.400864
0.926014
-0.711240
0.132677
-0.551912
-0.991612
-0.752230
-0.989681
-0.839250
0.880120
0.965558
-0.653430
0.425673
0.305373
-0.744021
-0.169569
-0.861100
0.916376
0.856340
-0.957571
0.267777
-0.550158
-0.394863
0.147770
0.835284
0.666198
0.826738
-0.88196
0.890152
0.126763
-0.684677
0.811764
-0.908268
0.150821
-0.809898
0.172860
-0.90281
0.130387
-0.811914
-0.235609
-0.822400
-0.448040
-0.737787
-0.417902
0.962510
-0.294818
-0.357350
0.709317
-0.351074
-0.30226
-0.484883
-0.271353
-0.475161
0.93012
-0.196250
0.934273
0.263132
-0.184140
0.951254
-0.145212
-0.179413
0.77303
0.62964
0.318734
-0.679463
0.91363
-0.584751
-0.772215
0.797161
-0.346987
0.710201
0.528413
0.696277
0.974253
0.830948
-0.77647
0.592199
0.63477
0.974275
0.69202
0.247523
-0.850789
-0.72338
0.924890
-0.488231
-0.862910
0.69489
0.171766
-0.620228
0.929650
-0.814541
0.494242
0.194953
-0.61904
0.939930
-0.855671
-0.324375
0.568784
0.329464
-0.266212
-0.281904
0.532480
0.553149
-0.633513
-0.882969
-0.140907
0.603165
-0.104251
-0.709221
-0.51
0.329965
0.869309
0.78534
-0.567406
0.448121
0.258397
-0.511797
-0.597771
-0.527827
0.238324
-0.310800
0.624659
-0.47085
0.744788
-0.927769
-0.438161
0.116913
0.428427
-0.778269
-0.152501
0.378507
0.956415
0.234480
-0.955251
-0.301823
-0.689456
0.121863
-0.559293
-0.75730
0.441606
0.48920
-0.777586
-0.703590
0.910336
-0.718198
-0.708249
-0.22791
-0.987010
0.735204
0.52283
-0.168541
0.166003
0.88559
-0.975704
0.29377
0.684142
-0.813429
0.793186
0.184094
0.515231
0.799063
0.515350
0.920850
0.595478
0.477326
0.209433
-0.905852
-0.968975
0.617084
-0.191406
0.878341
0.757462
0.369980
0.725143
-0.286874
0.972719
-0.980207
0.940496
-0.23134
0.73463
0.700087
-0.179032
0.174685
-0.149407
0.609039
-0.470935
0.249065
0.211856
-0.811750
-0.205824
-0.693725
-0.217266
-0.699317
0.607694
0.210088
0.739264
-0.996759
-0.65171
-0.582657
-0.995918
-0.71744
-0.711781
0.727956
-0.972559
-0.376988
-0.671035
-0.389631
0.293703
0.562416
-0.844104
-0.131611
-0.715384
0.18017
-0.332519
-0.511486
-0.825075
0.827995
-0.420391
0.493198
0.128362
-0.604039
-0.973604
0.720403
-0.115323
0.201409
-0.88029
0.59147
-0.977743
-0.616673
0.710543
-0.155051
-0.227741
-0.105179
0.55350
-0.73787
0.984915
-0.499462
0.704201
-0.258531
-0.535389
0.811655
0.825665
0.975888
-0.464319
0.630022
-0.237072
0.743185
-0.284472
0.145649
0.446741
-0.39887
-0.929967
-0.906529
0.791919
0.2748
-0.657705
0.983431
0.201558
-0.286778
-0.68232
0.873444
0.734577
0.802821
0.981346
0.875225
0.684259
0.892449
-0.970814
0.281099
0.996742
-0.606393
-0.98251
0.137817
0.65495
-0.998391
-0.374099
-0.955383
-0.521169
0.644079
-0.706675
0.963308
0.950768
-0.521513
0.171087
0.200667
-0.86461
0.822277
0.913237
-0.517226
0.417394
-0.112460
-0.420156
-0.932874
-0.342400
-0.960194
-0.128961
0.956362
0.779259
-0.517664
-0.796840
0.150879
0.558097
-0.617070
0.965955
-0.450067
-0.166265
0.691194
0.663076
0.44099
-0.233726
0.87256
-0.444147
0.442418
-0.554197
0.206456
0.711118
-0.783395
-0.846844
-0.256902
-0.51113
0.712500
0.302201
-0.836504
-0.60468
0.3458
0.401249
0.173234
-0.650684
0.101507
0.608439
-0.588623
-0.698003
0.621477
-0.288836
-0.873999
0.101700
0.73680
0.22899
0.401883
-0.307140
0.893913
0.528759
0.586489
-0.715504
-0.933381
-0.512312
0.676205
-0.410375
0.787867
0.692413
-0.71866
0.764719
-0.230719
0.572083
-0.903689
-0.70648
0.620316
0.897454
-0.327907
-0.411154
-0.969606
-0.299645
0.166485
0.976197
0.441936
0.132572
0.979076
0.175701
-0.717613
-0.358750
0.659711
0.935256
-0.577863
0.519536
0.962022
0.167059
0.886860
0.610144
-0.693076
0.524051
-0.254952
0.165167
0.70266
0.960175
0.121356
-0.441885
-0.297381
0.610150
0.726204
-0.781014
-0.576729
-0.652559
0.447481
-0.516936
-0.365396
-0.791923
0.213962
0.887080
0.847015
-0.621163
0.198886
-0.298495
-0.956541
-0.887863
-0.554684
-0.403676
0.649655
-0.595004
-0.351642
0.754046
0.185631
0.370091
0.52116
0.716525
0.137132
-0.383854
0.400736
-0.864989
-0.107347
0.72727
0.938081
0.793445
-0.565343
-0.201225
-0.533093
0.666729
0.533945
0.634669
0.326696
-0.485192
0.205234
-0.832550
0.67748
-0.995952
-0.450391
-0.837126
-0.61435
0.8913
0.51725
0.576469
-0.681762
-0.819895
-0.796370
-0.318120
-0.322111
0.619599
-0.188710
0.682372
0.666041
-0.947905
-0.779708
0.53962
-0.448308
-0.500626
0.789366
-0.601204
0.836645
0.719539
-0.875665
-0.788787
-0.357323
-0.274178
0.893240
0.318844
0.667579
0.224771
-0.84485
0.804783
-0.857960
-0.65531
-0.898857
-0.667510
0.87835
-0.884870
0.941060
-0.710333
0.114748
0.360769
0.457414
0.116326
-0.979066
-0.88633
0.136182
-0.629049
-0.231530
0.674173
-0.877668
-0.382241
-0.245085
0.478060
-0.457121
0.517233
0.689256
0.612562
0.73967
-0.304369
0.586338
0.116586
0.319123
-0.749367
-0.472920
0.197392
-0.797929
0.832443
-0.363097
0.261864
-0.15248
-0.424792
-0.173452
0.883880
0.282595
0.300454
0.613955
0.107805
0.195379
0.516435
-0.797066
-0.535239
-0.326165
-0.154361
0.710890
-0.25833
-0.228028
-0.946996
0.487980
-0.648900
-0.51829
0.155860
-0.882746
-0.631567
-0.637191
0.262777
-0.894534
-0.545604
-0.198404
-0.909961
0.148895
-0.151785
0.902773
0.294756
-0.962361
-0.194033
0.409363
-0.712679
0.646263
-0.402939
0.8600
-0.234063
0.496438
-0.123833
0.995985
-0.120488
0.2294
0.554508
-0.887407
0.812172
-0.309272
-0.380311
-0.388803
0.43449
-0.953588
0.834873
-0.144809
-0.865323
-0.848604
-0.852441
0.539304
0.22173
-0.245204
0.963017
0.942297
0.498732
0.814099
-0.2909
0.488386
-0.270672
-0.9099
-0.920516
0.174482
-0.827860
-0.291348
0.900379
0.169583
0.404954
-0.531938
0.580103
-0.175865
-0.758509
-0.474231
-0.225570
0.324129
0.437297
0.118140
0.519841
0.660004
0.348412
-0.544354
0.814709
0.204047
-0.161429
-0.620339
0.726573
0.336720
0.302520
0.762853
0.322625
0.57037
0.452915
-0.634087
-0.500503
0.836809
-0.278149
-0.130410
0.127806
-0.345226
-0.586795
-0.547120
0.278122
0.314802
0.727495
-0.141437
0.680991
0.326395
-0.406355
-0.623015
0.287279
-0.788477
-0.873692
-0.174638
-0.769697
-0.807086
0.1783
-0.702564
-0.754398
-0.376900
0.611374
-0.48366
-0.233164
0.942624
0.851597
0.579082
-0.58167
0.220656
0.802799
-0.449710
-0.947863
-0.445340
-0.611002
0.262256
0.681623
-0.363646
-0.673846
0.618067
0.819478
0.579235
-0.159034
-0.326303
0.42229
0.665413
-0.491310
0.933877
0.888272
-0.421524
-0.43474
0.897379
-0.839288
-0.50799
-0.705742
-0.452850
0.262261
-0.712648
-0.706754
0.154848
-0.134967
0.110365
-0.968090
0.581802
0.939812
-0.871989
-0.203458
0.741088
-0.63098
-0.72234
0.977105
0.326765
-0.73521
0.177013
-0.111068
0.561963
-0.701180
-0.872312
0.232923
-0.41984
-0.490145
-0.188726
0.716047
-0.736351
-0.238054
-0.580690
0.850021
-0.454526
0.463220
0.220169
-0.512458
-0.820324
-0.970813
-0.882908
-0.695807
0.409176
0.871570
0.879557
-0.44069
0.399467
0.457197
-0.13636
-0.403964
0.747112
-0.132406
0.957824
0.265766
0.374854
0.19841
0.989372
-0.215359
0.901601
-0.29155
0.190899
0.429770
-0.871700
-0.603227
-0.194185
0.869851
-0.390727
-0.424931
0.679826
-0.159404
0.476333
-0.828795
-0.411245
0.896958
-0.647435
0.126709
-0.515690
0.461404
0.959799
0.305431
-0.588174
0.127986
0.210243
-0.360157
-0.276319
0.944750
0.731510
-0.251062
-0.334051
0.971954
-0.590486
-0.336173
-0.687848
-0.526271
-0.378561
0.317984
-0.523336
0.978341
-0.515240
-0.623649
0.890763
0.576916
0.858296
0.281380
-0.8703
-0.690185
0.384703
0.738070
0.856640
0.236550
0.612395
-0.234640
0.516858
0.385663
0.67831
0.372714
-0.610415
0.97219
0.293960
0.177410
-0.148287
-0.418206
0.926658
-0.121893
-0.453322
0.534851
-0.429330
0.717801
0.15177
-0.10991
0.145480
-0.74307
-0.849687
-0.257310
-0.66478
0.479015
-0.335019
0.780459
-0.86202
0.44975
0.260796
-0.121593
-0.382022
-0.669019
0.975562
0.512911
0.580067
0.425993
-0.791449
0.606105
-0.634375
0.105397
-0.531398
-0.231072
0.788209
0.673476
-0.404930
0.288187
0.667168
-0.700503
0.153568
-0.796477
-0.833337
0.196093
-0.422126
0.999066
0.436376
-0.58601
0.506671
-0.585375
0.114777
0.892941
-0.86625
-0.306660
0.138335
-0.912877
0.769635
-0.58243
0.480881
-0.744111
-0.89240
-0.992214
-0.880344
-0.493390
-0.373192
-0.714600
0.886673
0.7678
-0.788670
0.243444
-0.870558
0.735262
0.898380
-0.759518
0.80546
0.798621
-0.795862
-0.211754
-0.874354
-0.579573
-0.332966
-0.251869
-0.418067
-0.192938
-0.606589
0.166447
-0.625408
0.633693
0.727919
0.419401
-0.929544
-0.494604
-0.41562
0.917964
-0.444207
0.679816
-0.824415
-0.513165
0.707584
-0.481924
0.175190
0.307673
-0.582785
-0.840738
0.850930
0.635521
-0.27218
-0.22233
0.869188
-0.17402
-0.954088
0.123273
0.661607
-0.53690
0.375246
0.199716
-0.700337
0.383738
0.965109
-0.110178
0.33672
0.112866
0.392177
0.162375
-0.591650
-0.91113
-0.909699
-0.840593
-0.883529
0.456849
-0.946249
-0.841916
-0.196660
-0.962413
0.966483
0.10512
-0.818292
0.61046
-0.291183
0.988187
0.919551
0.428571
0.326390
-0.916909
0.196152
-0.985048
0.546676
0.821692
-0.52619
-0.937809
-0.856698
0.535610
0.104405
-0.401811
-0.852782
0.278421
0.502002
0.117935
-0.525212
0.71017
0.924955
-0.380118
0.399381
0.764024
0.985916
-0.20160
0.682859
0.33956
-0.668779
0.699204
0.858470
-0.810246
-0.233673
0.221570
-0.995730
-0.480250
-0.381356
0.425020
-0.578531
-0.781794
-0.923582
0.439766
0.874077
0.910058
-0.942194
0.580769
-0.135944
-0.710194
-0.868252
-0.644855
0.257055
-0.817371
0.18178
0.451852
-0.464140
-0.677509
0.551953
-0.510516
0.623701
-0.485238
-0.62540
-0.399265
-0.489726
-0.84454
0.73927
-0.254665
0.887119
-0.485745
-0.863485
-0.18359
-0.687596
0.231700
0.845847
-0.665580
-0.195494
-0.551797
-0.733178
0.489223
-0.576873
-0.129940
0.335690
-0.498134
0.489346
-0.128108
0.437828
-0.196809
-0.875040
0.881327
-0.203429
-0.190436
-0.214078
-0.206013
-0.725999
-0.202866
0.301617
-0.470024
0.233763
0.376470
0.984741
0.592293
0.683749
0.64347
-0.250315
0.796029
-0.8933
-0.885371
0.761403
-0.202973
0.819325
0.306627
-0.254997
0.790955
0.777514
-0.244574
-0.221059
-0.701177
0.142322
-0.496302
-0.227550
0.879086
-0.795148
0.492200
0.888547
-0.560306
0.133716
-0.861519
0.676288
-0.910177
0.852603
0.248762
0.991620
0.11175
0.748168
-0.559284
-0.799808
0.244906
-0.719181
-0.184212
0.464983
0.348304
-0.644155
0.503764
-0.378650
0.806950
-0.85046
0.853972
-0.522003
-0.243312
0.372624
-0.278594
0.757320
0.316445
0.776959
-0.116933
0.277879
-0.873346
-0.675061
0.275181
0.307404
0.834022
0.654195
0.985468
0.553142
0.479074
-0.547730
-0.647255
0.797521
0.297903
0.497061
-0.849126
0.396425
0.213326
-0.132287
-0.157903
0.86991
-0.348494
-0.196271
0.466441
0.79095
-0.707884
-0.735888
0.964579
-0.351543
0.140593
0.193670
0.139896
-0.744896
0.177935
0.874433
0.833227
0.360467
0.735315
-0.32035
-0.822504
0.179976
0.287012
-0.918231
0.965626
0.30426
0.634730
-0.128644
-0.846897
0.160552
0.750724
-0.393374
0.512762
0.282024
-0.826931
0.966185
-0.974246
0.696175
-0.578379
-0.29203
-0.400532
-0.682929
0.316430
0.842592
-0.685114
0.220863
0.38130
-0.52493
0.884430
-0.315321
0.197632
-0.877149
0.460372
-0.949490
0.220435
-0.615461
0.554674
0.688934
-0.109964
-0.550784
0.534671
0.263620
0.902237
-0.640045
0.199686
-0.530734
-0.753225
-0.85549
-0.13912
0.768701
0.562788
0.888020
-0.198904
0.21272
-0.624833
-0.620298
-0.376408
0.765010
-0.232735
-0.98018
0.876774
0.346092
0.69339
0.876301
0.15737
0.350304
-0.545516
0.212340
0.331630
0.569641
0.322021
-0.148673
0.590210
0.9779
-0.835091
-0.771719
-0.769253
0.374569
0.582156
0.438197
0.412224
0.176419
0.543177
-0.734865
-0.138724
-0.347623
-0.10797
-0.191878
-0.926332
-0.940305
0.825807
-0.505993
0.346187
0.950006
0.647785
0.42589
0.693056
-0.50454
0.124119
0.627392
-0.606177
-0.756292
-0.987664
0.734334
-0.182533
-0.675420
0.419367
0.119753
0.578328
0.210250
-0.490666
0.318828
0.988199
0.936307
0.187306
0.407866
-0.55068
0.443162
0.145033
-0.956729
-0.368488
0.368611
-0.846266
-0.69762
-0.590828
0.683413
0.565555
0.781569
-0.920579
-0.698777
-0.314280
-0.934073
-0.303505
-0.928433
0.71084
0.808809
0.550015
0.743781
0.182137
0.853580
-0.126260
-0.370811
-0.88290
0.761922
0.902961
0.633107
0.600046
0.102942
0.460768
-0.384794
0.432889
0.487777
-0.371024
0.411889
0.561454
0.358830
-0.351519
0.895881
0.398374
-0.448680
-0.667558
-0.34929
-0.681672
0.203860
0.685598
0.190644
-0.782258
0.134095
-0.942684
0.739148
0.844158
0.224556
0.860325
0.151840
0.327297
0.592739
-0.231363
-0.778812
-0.281891
0.55475
0.571327
0.602328
-0.957246
0.55924
0.798759
-0.436773
0.925756
0.871300
0.814471
0.561132
-0.172716
0.136625
-0.814243
-0.317115
0.414462
0.579975
0.651414
-0.888430
0.951430
-0.541295
0.255780
0.425812
-0.672101
0.483969
0.869308
0.144694
0.231677
0.446103
0.229460
0.658407
0.168513
0.178767
-0.453390
-0.461292
0.527905
-0.187714
-0.13359
-0.481573
0.459694
0.688385
0.43347
-0.371026
0.630750
0.320945
0.613052
0.536837
-0.734086
-0.634197
-0.782803
0.625001
-0.614428
-0.610745
-0.975298
-0.829599
0.90564
-0.763995
0.867416
0.408936
-0.501207
0.874730
0.741937
-0.928529
-0.643524
-0.212556
-0.690919
-0.253387
-0.682976
0.965838
-0.989154
0.609619
-0.346127
-0.213630
0.541339
-0.228062
-0.901503
0.189511
0.547064
0.152167
-0.713471
0.133268
0.718632
-0.226090
0.283492
0.92587
-0.20070
-0.868717
-0.108524
-0.96093
-0.737617
-0.725115
0.943300
-0.798912
0.549018
-0.197304
0.832155
0.183232
-0.233580
0.985100
0.150306
-0.822422
-0.296246
-0.52926
0.289838
-0.87339
-0.989527
-0.182927
-0.759784
0.455895
0.965623
-0.603996
-0.500124
0.864917
-0.229254
-0.283480
0.444058
0.66289
-0.829746
-0.177779
0.300939
0.663392
-0.626628
0.255997
0.860863
0.727919
-0.881444
-0.140616
0.151847
-0.147976
0.888255
-0.793365
-0.570062
-0.105322
-0.11575
0.35745
0.97276
-0.119333
0.578160
0.626669
-0.603575
0.814565
-0.719207
0.899291
-0.993419
-0.284859
-0.511427
-0.246692
0.970583
0.514002
-0.151467
-0.294673
0.281588
-0.489000
0.305688
0.331476
0.502961
0.910634
0.133927
-0.125926
-0.373544
-0.525372
0.521713
0.999165
-0.640430
-0.990807
0.579266
0.556993
0.732190
-0.236954
-0.194366
0.463494
-0.747176
0.435847
0.700406
-0.524801
0.5262
-0.991626
-0.854942
0.535625
0.20310
0.803622
-0.844617
-0.976782
-0.439313
-0.614686
0.814871
0.847359
-0.485014
-0.475854
0.361332
-0.292075
-0.599885
0.926275
-0.307197
0.466551
-0.504684
-0.443436
0.663494
0.926109
-0.666660
-0.252839
0.168032
-0.76283
-0.899758
-0.354819
0.101849
-0.660389
0.479652
-0.156561
0.564916
0.114358
0.925990
-0.935254
-0.10717
-0.724996
-0.434863
-0.675261
-0.110738
-0.772294
-0.852737
-0.304291
-0.806711
0.656320
0.584049
0.589566
-0.985050
-0.251270
0.294422
-0.16877
0.564240
-0.498869
-0.752412
0.634703
0.474730
-0.389999
-0.566814
0.798406
-0.691675
-0.176241
-0.816664
-0.457393
0.502435
0.229107
-0.411541
0.618350
0.504209
0.523941
0.840406
0.636124
-0.81993
-0.158956
-0.753118
0.55036
-0.444794
-0.753221
-0.29789
-0.579525
-0.435631
0.845435
0.54616
-0.372009
-0.613708
0.364502
0.570946
-0.285603
0.59455
-0.334450
-0.918274
-0.290071
0.137117
0.140879
-0.770259
0.699131
0.529036
-0.602118
0.41055
-0.691533
0.386430
-0.625230
-0.89366
0.643020
0.871745
0.994099
0.366958
0.185792
-0.327462
0.187333
0.79779
-0.336316
-0.463735
-0.741523
0.428915
-0.675907
-0.521795
-0.289074
0.244675
-0.276335
0.909566
0.939143
-0.554604
-0.813303
-0.484310
-0.528845
-0.436157
0.689256
0.319948
-0.921036
-0.380187
-0.80561
0.930784
-0.29497
-0.818082
0.808231
-0.92619
-0.36876
-0.388662
0.78346
0.883520
0.953414
-0.988705
0.735922
-0.589802
0.90221
0.802957
0.388325
0.56769
0.425553
0.756358
-0.118852
-0.497512
0.528905
-0.38612
0.791851
0.730795
-0.274514
0.904289
-0.544505
0.700099
-0.980433
-0.838212
0.753150
0.819284
-0.802538
0.928841
0.940972
-0.109823
-0.345231
-0.109833
-0.103272
0.398701
-0.592832
0.904575
-0.829785
-0.804768
-0.140434
0.211681
-0.54314
-0.588641
0.122961
0.810947
-0.492891
0.566515
0.585558
0.7909
0.549680
0.66617
0.742304
0.312553
0.608570
0.898661
-0.276654
0.158942
0.657660
-0.220525
0.297769
0.877259
0.468594
0.661486
0.152826
-0.259336
-0.108710
-0.877722
-0.329850
-0.972161
0.823949
0.687425
-0.13868
-0.980627
-0.626654
0.968502
0.265328
0.747787
0.322239
-0.304428
-0.111374
0.693923
-0.406069
-0.620155
0.794625
-0.190692
-0.979490
-0.268233
-0.240837
0.181240
0.966365
0.308267
0.28208
-0.481968
-0.498032
-0.341865
-0.866512
-0.862195
0.640138
0.41205
0.74667
-0.86041
-0.142719
0.563868
-0.603134
-0.283751
0.927555
0.317545
0.680777
0.822562
-0.102262
-0.304568
-0.716568
0.274060
-0.165465
-0.824173
0.579867
0.810642
-0.780840
0.622494
-0.635971
-0.986178
-0.14616
-0.551993
0.135940
-0.390555
0.55335
-0.723329
-0.378238
0.161313
0.345359
-0.300188
-0.895700
0.647813
0.1692
-0.576866
-0.692906
-0.750245
0.899471
-0.919268
0.193146
0.789966
0.521298
-0.536736
-0.543389
-0.475943
-0.199887
0.813975
-0.403313
0.288479
-0.764801
-0.591725
-0.461094
0.681581
-0.644209
-0.912329
-0.427024
-0.118540
0.731943
-0.396914
0.869677
-0.680433
0.648989
0.681503
-0.988901
0.490013
0.868032
-0.244113
-0.423709
-0.722395
0.42896
-0.454330
0.369725
0.450947
0.228147
0.409705
-0.720720
0.200093
0.617250
-0.454716
0.884283
0.392558
-0.542820
0.114145
0.78719
0.583504
-0.20322
-0.624240
-0.127058
-0.524419
-0.439402
0.485734
0.540614
0.562535
-0.600129
0.796721
0.511037
0.269432
-0.858655
-0.569443
-0.769174
-0.91694
-0.707134
0.179543
0.307474
-0.222102
-0.154439
-0.939702
-0.426368
0.885623
-0.68546
0.543614
0.387975
-0.149793
0.229327
-0.216709
0.388535
0.304350
0.540690
-0.962566
-0.220561
-0.144097
0.408857
-0.102758
-0.618741
0.378075
-0.187077
0.783223
0.767439
-0.854388
-0.684956
-0.27972
0.895853
0.201865
-0.848921
0.833763
0.865452
0.477186
0.578012
-0.142239
0.568326
-0.400393
0.474707
-0.846809
-0.149336
-0.755264
0.288646
-0.424135
0.148264
0.653746
-0.823137
0.583019
0.465370
-0.995603
0.156502
0.756488
-0.174508
0.996585
-0.856849
-0.407713
-0.577295
-0.356829
0.978918
-0.83145
0.923317
0.640719
-0.740753
-0.467748
-0.800296
0.282210
-0.117545
0.197979
-0.228283
-0.973972
0.70662
-0.124021
-0.577366
0.546603
-0.778167
-0.199819
-0.882991
-0.996995
-0.580629
0.862573
-0.928094
0.854076
0.216186
-0.370396
-0.762972
-0.45954
-0.242405
-0.514296
0.167178
-0.892408
-0.690647
0.195885
-0.449119
0.713735
0.657623
-0.927026
-0.237444
0.180412
0.349509
-0.898099
0.411528
-0.462468
-0.630381
-0.506409
-0.554015
-0.775608
0.523749
0.851004
0.164374
0.35321
-0.657400
-0.440419
-0.259801
0.381178
0.687992
0.238144
0.256035
0.786158
-0.226432
-0.716679
-0.724088
-0.57813
-0.463781
-0.737058
-0.989909
-0.482856
0.251078
-0.574858
0.576811
-0.152894
0.784371
0.397027
-0.124354
-0.959527
-0.508456
-0.647585
-0.168494
-0.480383
-0.130567
0.293134
-0.22525
0.284139
0.731970
-0.300835
0.364090
0.89936
0.877471
0.705220
-0.186501
-0.385315
-0.340953
0.443854
-0.254650
-0.174426
-0.174383
0.22046
-0.759903
-0.986863
-0.197887
0.833358
-0.774131
0.226791
0.926609
0.169779
0.113110
0.840772
-0.104346
-0.996215
-0.725216
0.260566
0.154554
0.612859
-0.105150
0.955386
-0.920125
0.897718
-0.228390
0.862211
-0.89224
0.300814
0.103437
-0.172750
0.942564
-0.83132
0.372310
0.83731
-0.142662
0.990377
0.329017
0.99905
0.734507
-0.976102
-0.154837
0.634249
0.386656
-0.446396
0.109353
-0.214228
-0.337167
0.236050
0.157410
0.269046
-0.49076
-0.96941
-0.721539
-0.176291
-0.227175
0.451648
0.507059
-0.142426
-0.53664
-0.900160
-0.240673
-0.731287
0.411749
-0.320023
-0.803470
0.901936
-0.881197
-0.779695
-0.712077
-0.91488
0.624732
-0.837616
0.661738
0.25506
0.85218
-0.394772
0.40054
0.936436
0.609748
0.537315
0.878233
0.814821
0.954481
-0.394871
-0.66855
-0.122162
-0.545848
-0.823378
-0.456174
0.955692
0.290902
0.383635
-0.509227
0.299112
-0.609235
-0.564898
0.308382
-0.279603
-0.974235
0.445774
0.677186
-0.249029
-0.560420
-0.463324
0.437643
-0.74338
-0.285833
0.575854
0.810749
-0.430388
-0.260449
-0.456509
0.375005
0.348047
0.926939
0.423035
-0.910815
0.859863
-0.260824
-0.4181
-0.258555
-0.427013
-0.52844
-0.855801
0.910537
-0.316283
-0.797827
0.772521
0.25257
-0.71128
-0.947095
0.72673
0.682580
-0.845497
0.772075
-0.158223
0.444549
-0.91371
0.620807
0.360987
-0.749713
0.735034
0.482767
-0.753076
0.144477
0.976572
0.834720
-0.982186
0.498133
-0.977056
0.710065
-0.817190
0.236868
0.652007
-0.372085
-0.421724
0.722969
0.702042
-0.180666
-0.230112
-0.795675
0.449419
-0.288633
-0.147695
-0.291992
0.89678
-0.292734
-0.673023
0.331782
0.419982
-0.370730
-0.858370
0.31168
0.332140
-0.531883
0.569682
-0.285289
0.957953
0.483411
0.877041
-0.779455
-0.326517
0.389940
0.118144
0.840924
-0.941943
-0.379832
0.338057
0.360726
-0.139188
0.748802
0.736520
0.760676
-0.124365
0.832826
-0.568548
0.484478
-0.200824
-0.410958
-0.596141
0.857095
0.496240
-0.854750
-0.680632
-0.20847
0.140790
-0.561395
0.803740
0.88137
-0.115215
-0.445864
0.565949
0.95181
0.321113
0.85742
-0.790726
-0.488043
-0.212468
0.637616
0.74621
0.745625
0.428113
0.92723
-0.661796
0.192664
0.134527
0.977127
-0.601575
0.983602
-0.611151
-0.356294
-0.44885
-0.721548
-0.703482
0.183159
0.17628
0.509868
0.752157
0.710300
0.816155
-0.707316
0.574196
-0.683863
0.789455
-0.614811
-0.769514
-0.351540
0.848147
-0.104458
0.948605
-0.846086
-0.216401
0.444679
-0.991249
0.898863
0.90647
0.790790
0.323327
-0.356967
-0.174824
-0.62446
0.459237
-0.791442
0.3427
0.375366
0.699869
0.434617
0.93758
-0.401181
-0.66980
-0.408763
0.938929
-0.855176
-0.706912
0.407743
-0.700274
-0.375130
0.884176
0.499600
-0.578825
-0.355987
-0.612771
-0.227670
0.702605
0.824241
-0.961600
-0.476270
-0.465262
-0.679138
-0.59941
0.86614
-0.557071
-0.952431
-0.144670
0.361554
-0.843350
0.34894
0.540849
-0.195354
-0.407768
-0.45745
0.285304
-0.786250
-0.369813
-0.955445
-0.552269
-0.706322
0.20156
-0.583291
-0.627137
-0.437378
-0.178738
0.442960
-0.767541
-0.479395
0.690614
0.577381
-0.79859
0.242837
0.345371
0.912130
0.756693
-0.39685
0.309911
-0.490732
-0.84174
0.923888
0.916735
0.498853
-0.37867
-0.375937
0.19740
0.220752
0.833302
0.581975
-0.694575
-0.109018
-0.628910
0.260823
0.288033
-0.392222
-0.196018
0.151472
-0.715662
-0.313381
0.144925
0.998364
-0.675340
-0.780616
0.715410
0.236372
-0.373049
0.377606
-0.10446
0.457133
-0.906337
-0.187039
-0.198169
0.247812
0.505189
-0.183713
0.283215
-0.331132
-0.433898
0.16254
0.507044
-0.591997
0.114368
0.398404
-0.124385
-0.939646
0.737596
-0.165781
-0.981549
-0.882301
0.7490
0.653204
-0.764444
-0.798317
0.128789
0.380354
0.583549
0.32278
-0.458307
0.339084
-0.835276
0.646119
0.921768
0.541342
-0.258198
0.422759
0.6009
-0.589098
0.93004
-0.485147
0.718338
0.373978
-0.354205
-0.32509
0.385995
0.427909
0.650324
-0.310495
0.918634
-0.991762
0.308184
0.475225
0.6838
-0.600999
0.484443
-0.354340
0.984352
0.537373
-0.167279
0.667422
-0.941476
0.290897
0.685712
0.680245
-0.2286
0.330235
0.119234
0.624664
0.902488
0.258618
0.828163
-0.106066
-0.857629
-0.667425
0.213322
-0.610886
-0.462882
-0.779302
-0.52231
-0.785645
-0.164260
0.364988
0.437693
0.442270
0.248020
0.243465
-0.346551
0.405051
0.509323
-0.261792
-0.440027
0.910147
-0.323517
-0.567856
-0.665349
0.430266
-0.502086
-0.629455
-0.333962
-0.796313
0.805318
0.690870
-0.422014
0.872401
-0.201101
0.686686
0.39575
0.576742
0.286282
0.738840
0.530804
-0.297593
0.513416
-0.489022
-0.515126
-0.945714
0.357818
0.472313
0.248858
0.260225
-0.995259
0.607440
-0.60096
0.914278
-0.845132
0.814362
-0.854929
-0.925180
-0.555357
0.732077
0.732242
0.907280
0.314375
0.418948
0.240660
0.529545
0.142436
-0.303458
0.837519
-0.65262
0.387207
-0.607644
-0.991581
-0.643187
-0.979731
0.133773
0.53055
0.318385
0.936999
-0.447016
-0.932858
0.446282
0.629898
0.277826
-0.483829
-0.699124
-0.739065
-0.145877
-0.355945
0.310288
-0.164328
0.564001
-0.1467
-0.101166
-0.652423
0.632477
0.41095
0.176927
-0.828500
-0.687466
-0.830546
0.699718
0.209711
-0.332962
-0.151012
0.934037
0.603664
0.565428
0.413129
-0.59950
-0.247480
-0.683538
-0.287540
-0.992272
0.831571
-0.944722
-0.582680
0.748081
0.522739
0.390753
0.240645
0.538148
0.855533
-0.965794
-0.802874
0.366920
0.234524
-0.371633
0.427276
-0.154457
0.559995
-0.953669
-0.776323
0.967771
0.299145
-0.5518
0.716019
-0.416805
0.163594
-0.872919
0.924695
-0.533174
0.806650
-0.197636
-0.785064
0.9126
0.967624
-0.36790
-0.180898
0.75714
-0.395790
0.52539
-0.657602
-0.199714
-0.368295
-0.304016
0.828825
0.968562
-0.774701
0.385753
-0.34644
0.453880
0.390380
0.778920
0.11584
0.84026
-0.452218
-0.519184
0.638613
0.447368
0.824236
-0.332603
0.137630
-0.321240
0.500068
-0.504800
-0.134577
0.569686
-0.965703
-0.612588
-0.235945
-0.384662
-0.382236
-0.830688
0.655449
-0.60462
-0.62145
-0.165450
-0.210582
0.144811
0.226388
0.278068
-0.124644
0.402275
-0.712712
-0.583986
-0.260533
-0.669525
0.388848
0.696323
-0.294621
-0.556687
-0.666202
-0.72894
-0.241532
-0.620139
0.383668
-0.345237
0.262313
0.115011
-0.311431
0.956387
-0.183999
0.731086
-0.126125
0.649848
-0.216898
-0.293865
0.961377
0.792589
-0.100816
0.670829
-0.343640
-0.25501
-0.279931
-0.613683
0.872215
0.679679
0.712335
-0.661765
0.870879
0.291912
-0.550853
-0.3582
0.985241
0.715139
-0.241604
-0.603246
-0.918386
0.223901
-0.801965
-0.822384
0.440360
0.246746
-0.429181
0.540212
0.736476
0.420543
-0.450606
-0.315911
-0.253001
0.554608
-0.933370
-0.112553
-0.819307
-0.82778
0.206743
0.328156
0.407226
0.832503
-0.999765
-0.685524
0.721192
-0.56275
-0.46545
-0.640349
-0.919589
-0.826855
-0.385516
-0.221068
-0.792214
-0.858799
0.209009
-0.678765
-0.278209
-0.1699
-0.400336
0.563272
-0.825995
-0.809678
0.508085
-0.688438
0.161336
0.796986
0.971053
0.784380
-0.838253
0.794929
-0.862839
-0.696202
0.501315
0.451727
0.417829
-0.539531
0.150898
-0.632716
-0.799236
-0.603010
0.869151
-0.23778
0.450755
-0.636175
-0.967690
-0.852623
0.937504
-0.487931
-0.279431
0.856823
0.987362
0.457436
0.261916
0.829948
0.927658
-0.538077
0.865659
-0.669717
0.886366
0.605423
-0.253350
-0.200938
0.555928
0.146025
0.177584
-0.48972
-0.915555
0.819558
0.112913
-0.754975
0.598818
-0.386437
-0.371260
-0.297244
-0.362048
-0.144387
-0.909769
-0.322604
-0.66899
-0.817410
0.471478
0.925781
-0.405495
-0.597208
0.911198
0.108037
-0.161588
0.7198
0.550629
0.823179
-0.723461
-0.44427
0.829244
0.98928
-0.835661
0.173330
0.299073
0.243228
0.360802
-0.255681
0.192619
-0.298369
0.858193
-0.436113
0.126361
0.354204
0.259563
0.999405
-0.282015
-0.17654
-0.47376
0.457519
0.806447
-0.83721
-0.57535
-0.955602
0.219473
0.637066
-0.75891
-0.519193
0.848824
-0.568427
-0.788380
0.713546
-0.215222
0.704423
-0.954888
0.641751
-0.895393
0.928584
0.97579
-0.719435
-0.170863
0.427423
0.946033
-0.965359
-0.336365
-0.935948
-0.134323
-0.711493
-0.413398
-0.128495
-0.126915
-0.645973
0.528423
-0.7941
0.491448
-0.975759
0.632934
-0.425418
-0.898855
-0.406528
0.440916
-0.392671
0.24674
-0.957489
0.69137
-0.322710
0.888935
0.251066
0.59592
-0.592417
0.19088
-0.729704
0.4063
0.747341
-0.62252
0.654492
0.529049
-0.627464
0.184031
0.991795
-0.703643
-0.965574
0.315892
0.42641
0.508351
0.959229
0.235938
0.212165
0.360408
-0.659273
0.146079
-0.958533
-0.393632
-0.228851
-0.687303
-0.863536
-0.567855
0.16229
-0.78454
0.775584
-0.726632
-0.630597
0.456451
-0.718924
0.318621
-0.272224
0.724666
-0.656181
0.333107
-0.728666
0.654735
0.444061
0.454017
0.622690
0.551864
-0.635629
-0.682144
-0.241066
-0.141694
0.471807
-0.370892
0.957720
-0.974789
0.730209
-0.531639
-0.361011
0.83782
0.925317
0.265362
0.586622
-0.495338
0.612074
0.521183
0.316078
-0.845835
-0.155896
-0.48269
-0.828639
0.243871
0.363659
0.50428
0.478236
0.529742
-0.221065
-0.984266
-0.645034
0.62643
0.173439
-0.142953
-0.279407
0.310106
0.238220
-0.65273
-0.897787
-0.142060
-0.117358
0.502469
-0.875754
0.31852
-0.376372
0.420858
-0.528427
0.311219
-0.100032
0.707735
0.992016
0.331096
-0.892569
0.297096
-0.738217
-0.84507
-0.664348
-0.225
0.168243
0.669625
-0.597252
0.598726
-0.606690
-0.343897
0.913173
0.602514
-0.102178
0.135426
-0.362683
-0.817808
0.904383
-0.989179
0.38347
-0.141538
0.54187
0.267558
-0.418000
-0.293471
0.325285
-0.247764
-0.721705
0.659999
0.816593
-0.334982
-0.260653
0.796529
-0.604161
0.250120
-0.807818
0.365451
-0.235527
0.546148
-0.48349
-0.194569
0.993340
-0.128444
-0.325316
0.55280
0.100221
0.837539
0.92109
0.42263
0.452481
-0.855131
0.716746
0.671360
0.369943
-0.122152
0.573480
0.308278
0.791759
0.314569
-0.741517
-0.775337
0.792816
-0.235317
-0.279649
0.581195
0.602668
-0.541486
-0.173260
-0.304392
-0.946707
0.477847
-0.259618
-0.119712
-0.739199
0.201156
-0.320483
-0.871512
-0.622074
-0.998224
-0.417114
0.182910
0.48450
-0.371900
0.937242
0.281266
0.619189
-0.920490
-0.577943
0.962888
-0.990836
0.346916
0.656890
-0.940971
-0.841609
-0.213392
0.551320
0.794857
0.637050
-0.337833
-0.843050
0.490947
0.927270
-0.857398
0.484343
-0.855060
0.500683
-0.302852
0.936756
0.469242
-0.699371
-0.553441
0.111641
-0.366814
0.31409
-0.872041
0.356451
0.369403
0.323481
0.821639
0.79792
-0.799356
-0.395028
0.770752
0.378736
-0.110150
-0.438982
0.361503
-0.44595
-0.332019
0.465668
0.466815
0.599752
0.138545
0.95724
0.247410
-0.153236
-0.788695
0.181679
-0.880048
-0.315794
0.671226
-0.686495
-0.338104
0.277398
-0.323446
-0.906888
0.81539
0.659184
0.946226
0.696621
-0.963128
-0.273106
-0.398121
-0.343974
-0.564256
-0.301072
0.930897
-0.784564
0.235009
0.455477
-0.805030
-0.865069
0.901709
0.139357
-0.311865
-0.74275
-0.202187
0.59520
-0.834871
-0.394830
-0.579615
0.150963
-0.199822
-0.812218
0.513842
-0.509639
0.662764
0.238145
-0.415313
-0.445113
-0.246185
0.34875
0.899475
-0.48681
-0.530593
0.166178
-0.172118
0.653426
0.285373
0.839475
-0.766044
0.634440
-0.240174
-0.25986
-0.799144
0.415369
0.23193
0.493703
0.60991
0.206070
-0.18600
-0.218146
-0.722094
0.79010
-0.853568
-0.323035
0.783952
-0.564773
-0.862764
-0.228670
0.578211
-0.223591
-0.610636
0.556776
-0.776030
-0.779564
0.651448
0.501700
0.901986
0.897362
-0.15548
-0.891519
0.694224
0.856330
0.79756
0.251601
-0.245392
0.292076
0.708838
0.560359
0.128051
0.795851
0.370338
0.185746
-0.910966
-0.544232
0.819857
0.242366
0.924748
-0.103773
0.216401
-0.695175
-0.346919
0.350525
0.352456
-0.573331
-0.767161
0.292711
-0.699438
-0.926176
-0.77917
-0.53271
0.422512
0.411855
0.427039
0.384468
0.903707
0.137938
-0.66895
0.339089
0.399348
0.932562
0.314306
0.820361
-0.703730
-0.140502
-0.733298
0.679421
0.522115
-0.535774
0.155961
0.625299
-0.516237
-0.826647
0.251700
-0.35187
0.110860
0.850262
-0.193023
-0.955264
-0.449865
-0.711105
-0.322243
-0.371677
-0.30859
0.309865
0.344045
0.246489
0.698401
-0.476119
0.271577
-0.633855
-0.479056
-0.840308
0.703797
0.117890
0.407690
-0.369529
-0.735874
-0.90645
0.165009
0.469906
0.335675
-0.885688
-0.822236
-0.16882
-0.389466
-0.508954
0.167559
0.573306
-0.661187
-0.57722
-0.36544
0.831516
0.168457
0.55504
-0.322671
0.358872
-0.758158
0.725127
0.639072
0.706911
-0.425451
-0.413412
0.565129
0.497070
-0.710619
0.327898
-0.498395
0.552286
0.81575
0.516670
-0.649553
0.95297
0.152806
-0.20810
-0.595138
0.336768
0.459940
0.646303
0.285956
-0.284089
-0.730869
-0.776443
0.771402
0.412468
-0.969223
-0.773577
-0.321032
0.59193
0.722003
0.298421
0.324077
-0.854082
-0.418074
-0.325438
0.676462
-0.733310
0.737868
-0.152947
0.871186
-0.362248
-0.10905
-0.975538
-0.37404
0.838479
-0.631087
0.592900
0.288442
0.255534
-0.980071
0.443251
-0.706852
0.96568
0.719018
-0.470343
0.331282
0.946965
-0.517473
0.190476
-0.957235
-0.830636
0.682208
-0.576191
0.386870
-0.193518
0.929049
-0.539826
0.329682
-0.113326
0.918613
0.155256
-0.448965
0.624786
-0.541078
0.37667
-0.360569
0.119340
-0.291839
0.13427
-0.527256
-0.562002
-0.360067
-0.124911
0.770926
0.771154
-0.854611
0.455786
-0.544985
0.786366
0.412186
0.100728
-0.692336
0.331885
-0.431951
0.179236
-0.584962
-0.448217
0.359418
0.667484
-0.844070
0.336235
0.881401
0.34962
-0.905297
-0.545153
-0.161714
0.122943
0.898654
-0.870930
-0.316492
-0.322517
-0.824109
0.362837
0.376567
0.346576
-0.501663
0.952023
-0.23889
-0.358507
-0.808315
0.279374
0.65895
-0.856784
-0.373497
-0.811507
0.326938
-0.107797
-0.421111
-0.367279
-0.533659
-0.534668
0.429372
0.967443
0.990029
0.898800
0.229612
-0.801078
-0.96844
0.776408
0.901929
-0.676684
-0.238293
0.896267
-0.287819
-0.489787
0.493754
-0.405856
-0.27498
0.892740
-0.699251
0.332224
-0.486067
0.257074
0.307517
0.569606
-0.654102
0.471018
-0.63475
-0.100856
-0.147183
0.205476
-0.131450
0.80416
0.500984
-0.209180
-0.764697
-0.645450
-0.191059
0.866380
-0.452359
-0.740727
0.198628
-0.31561
-0.95382
-0.646101
-0.239412
-0.399855
0.495614
0.46162
-0.969780
0.196834
-0.313100
0.17946
0.261161
-0.35440
0.836665
-0.852685
-0.504264
-0.330101
-0.49367
0.358563
-0.860484
0.659641
-0.271395
-0.352696
-0.477499
0.8357
0.908167
0.327462
-0.426981
0.915552
-0.171773
-0.815292
-0.168836
-0.308387
0.154299
0.23335
0.941722
-0.887233
-0.905132
0.970644
0.305812
0.722286
-0.521656
-0.899659
-0.445355
0.728636
0.583449
0.325870
-0.238377
0.3192
-0.817561
-0.923812
-0.225856
-0.5104
0.50976
0.546324
-0.987454
0.87120
0.834711
-0.974100
-0.318343
-0.929900
0.279369
0.203133
-0.922732
-0.426776
-0.749205
0.48632
0.194338
-0.622401
-0.62189
-0.118455
0.470040
-0.75105
0.225058
-0.617522
0.784647
0.477897
-0.352249
0.614467
0.403708
-0.531627
0.424536
0.644326
0.666700
-0.380541
0.468157
-0.294884
-0.253627
0.275652
-0.451899
-0.538439
-0.989653
-0.333267
0.213719
0.616884
-0.21682
0.770340
0.277826
-0.97796
-0.714097
-0.189767
-0.10037
0.153155
-0.887345
0.775054
-0.871039
-0.608495
0.362533
0.718947
0.922200
0.710031
0.517046
0.906452
0.927741
-0.255751
-0.998938
0.340445
-0.962874
0.305344
0.955113
-0.738519
0.910243
0.203196
-0.805128
0.365381
-0.774326
0.187563
0.588488
-0.602597
0.614617
0.158069
-0.336570
0.655235
0.508467
0.182367
0.557330
-0.289732
-0.784253
-0.773055
0.415072
-0.833063
0.246553
-0.513475
0.630994
0.351272
0.7124
0.891871
-0.524207
-0.159491
-0.24038
0.496255
-0.779098
0.81647
0.311621
0.669085
-0.25842
0.948796
-0.555479
0.623790
-0.94696
0.464789
0.755
0.961868
0.903766
-0.557637
-0.495922
-0.25526
0.872585
0.354724
-0.478227
0.427251
0.558662
-0.292817
0.838320
-0.333318
-0.408021
-0.551189
-0.671119
-0.450091
-0.150769
0.19043
0.94325
0.921712
0.184446
-0.667468
0.332949
0.683094
0.987120
0.522104
0.925223
-0.791160
-0.686234
0.774725
0.371759
-0.448592
-0.748897
-0.685572
0.544908
-0.842837
0.916424
-0.908379
0.637729
-0.657337
0.116441
0.482993
-0.67568
-0.891262
0.649208
-0.627509
-0.407156
0.59848
-0.576440
0.31979
0.869056
-0.883406
0.417826
-0.551205
-0.415962
0.196757
0.937040
0.90421
-0.502960
-0.274763
-0.680374
0.689488
0.11077
-0.759935
-0.11108
-0.741569
-0.699435
-0.698348
0.449464
0.689169
-0.490800
-0.430535
0.114732
-0.948800
0.535343
-0.286213
-0.158540
0.303248
0.757741
-0.789839
-0.404154
-0.165365
0.189088
0.253555
0.629619
-0.20332
0.377706
-0.64611
-0.488175
0.626484
-0.269679
-0.239235
0.921103
-0.114190
0.154723
-0.447694
-0.951790
0.695171
-0.509477
-0.295784
-0.440507
-0.292219
0.283335
0.827005
0.886593
-0.311380
0.882538
-0.100845
0.125803
-0.482486
-0.635416
0.872107
-0.575943
-0.760790
0.548710
-0.740868
-0.405394
-0.807431
-0.906269
-0.976591
-0.604277
0.465488
-0.871290
0.323161
-0.297720
-0.310323
-0.768531
0.69399
-0.266062
0.462599
0.919467
0.320341
0.269259
-0.529942
-0.794913
-0.484744
0.827208
0.918711
0.549269
0.728296
0.563872
0.329181
0.737403
0.193230
-0.261474
0.850941
0.892002
0.505803
0.815407
-0.336790
0.58631
-0.525864
0.320822
-0.617043
0.202799
0.749784
0.900311
-0.99075
-0.993899
-0.673883
0.464487
0.952667
-0.212459
0.34103
-0.10569
-0.670891
0.225132
-0.504096
-0.674034
-0.448750
0.982831
0.643505
0.793852
0.69913
0.551238
-0.559477
-0.784973
0.404919
0.486967
0.58002
-0.326267
-0.115793
0.958353
-0.130058
-0.257381
-0.509222
0.293694
-0.672410
-0.411660
0.875298
0.2472
-0.11327
-0.463272
-0.817581
0.371620
0.996832
-0.120829
-0.765639
-0.732514
-0.227923
-0.990857
-0.262811
0.922576
0.372099
-0.677545
-0.329838
-0.231229
-0.983814
0.790116
-0.677444
-0.193331
-0.375977
0.786901
-0.942399
-0.70018
0.542015
-0.940171
-0.378131
0.256401
0.229688
-0.30332
-0.646668
0.933397
0.472414
-0.464582
0.917954
0.340487
0.4777
0.468252
-0.195860
0.633851
-0.631849
-0.575407
0.469475
0.276563
-0.314810
-0.291394
-0.84808
0.624665
0.497361
-0.739785
-0.263512
0.225599
-0.756716
0.731818
-0.232121
0.723157
0.972397
0.390303
0.163076
-0.173739
-0.490114
-0.955717
0.722629
0.164849
0.185981
0.151658
0.17610
-0.234134
-0.71108
0.243256
0.847975
0.199903
0.781329
-0.778596
-0.257074
-0.938643
-0.450173
0.838463
-0.991094
0.425497
-0.424299
-0.142920
0.470764
-0.248941
0.859360
-0.361453
-0.491314
-0.560411
0.667916
-0.733400
0.324046
0.188530
0.82756
0.979727
0.546659
-0.283630
-0.15084
0.929220
-0.319957
0.27721
-0.703062
-0.919356
-0.983235
-0.467019
0.851478
0.608845
-0.905167
-0.982449
0.340722
-0.94477
0.400104
-0.891043
-0.321010
0.417389
-0.31129
0.369341
0.866988
-0.928568
-0.284817
0.534079
-0.145063
-0.344524
0.973005
0.554505
-0.805501
0.233812
-0.543442
-0.653498
0.461471
-0.54476
0.32349
-0.226793
-0.228866
0.782266
-0.100005
-0.682683
-0.975622
-0.295299
-0.870533
-0.778706
0.15140
0.914344
0.653726
0.455739
-0.638730
-0.124150
0.450384
-0.86770
0.539009
-0.225638
-0.701733
0.400435
-0.451880
-0.142335
-0.578244
0.31152
0.482616
-0.668318
0.513339
-0.767892
0.666976
0.339502
0.275690
0.796611
-0.811660
0.486417
0.963274
0.707101
-0.615292
-0.770272
-0.319535
0.303272
0.746920
0.454846
0.644704
-0.445034
0.631132
-0.429041
0.727160
0.237873
0.280605
0.568565
-0.127496
-0.175385
0.157808
-0.969028
0.263433
0.279494
-0.792946
0.819670
0.473430
0.749331
0.565592
0.527737
0.436728
0.864276
0.522606
0.477564
0.741212
0.425594
0.631311
0.376363
-0.183274
0.454154
0.422902
0.930223
0.54880
0.517248
0.374278
-0.945928
-0.843300
-0.561043
-0.275750
-0.532360
0.724260
0.948687
0.868928
0.283020
0.13612
-0.544775
-0.527351
0.849200
0.187256
-0.719056
0.927785
-0.405244
-0.507893
-0.653344
-0.521246
-0.833309
-0.660011
-0.633782
0.623399
0.97494
0.686680
0.589878
0.149971
-0.828967
-0.321878
-0.415113
0.245711
-0.537102
0.302996
-0.569951
0.892503
0.102453
-0.701609
-0.81455
0.685741
-0.994724
0.337571
0.619157
0.56385
-0.341122
0.28851
-0.144279
0.576593
0.544519
0.388180
0.736536
0.550435
-0.833198
-0.91576
0.609757
-0.609955
0.666090
-0.738140
-0.951420
-0.282427
0.689140
-0.48778
0.102193
0.514801
0.537664
0.793886
0.700017
0.629541
-0.112719
-0.964221
-0.14786
-0.876014
-0.521702
0.998828
0.408679
-0.798369
-0.625238
-0.447591
0.505222
-0.406847
-0.898078
-0.349791
-0.61408
0.647663
-0.216802
0.929307
-0.186060
0.428817
0.419475
-0.729940
-0.741606
-0.958678
0.891808
0.610628
0.401366
-0.988973
-0.250913
-0.413892
0.350800
-0.519152
0.189791
0.831895
0.770133
0.116317
0.237414
0.566819
0.890919
-0.862217
0.964471
-0.728814
-0.523024
-0.181634
-0.89255
-0.602611
-0.173434
0.40362
-0.86576
-0.255429
0.165674
-0.79022
-0.767061
0.898461
0.687691
0.473412
0.266227
-0.534352
0.436366
-0.79541
0.311513
-0.482030
0.836621
0.364526
-0.911002
-0.812610
-0.540758
-0.996116
-0.570179
-0.482152
0.687959
-0.426385
-0.674143
-0.259790
0.193075
0.152484
0.570540
0.22241
0.156906
-0.363062
0.555778
0.660936
-0.583658
-0.920708
-0.584334
0.444411
0.391129
-0.226480
0.864237
0.692134
0.374658
0.594606
-0.995484
-0.868712
0.36318
0.736651
-0.923799
0.204985
-0.87345
-0.693998
-0.561258
0.943973
-0.525558
-0.534012
-0.689428
-0.963461
-0.103469
-0.525637
0.207618
0.767696
-0.658827
0.868736
-0.934640
0.606436
-0.232120
-0.726368
-0.955197
0.262118
-0.873500
0.386903
0.538628
-0.659719
-0.941135
-0.257403
-0.612409
-0.425393
-0.45799
0.370215
0.400556
0.35128
-0.309791
-0.458758
0.464543
-0.778447
-0.33358
0.450027
-0.548419
-0.730436
-0.327806
-0.671012
-0.529291
-0.244156
0.906888
0.71882
-0.623727
0.972824
0.901211
0.231210
-0.152459
0.736501
-0.207713
-0.274156
0.812627
-0.278391
0.508784
0.597001
-0.562162
-0.129518
0.971881
0.292846
-0.857466
0.45479
0.213604
0.157136
-0.319051
0.68233
0.596519
0.799249
-0.379686
0.65932
0.543396
-0.959250
-0.536795
0.90960
-0.839224
-0.620637
0.682180
-0.971721
-0.975509
-0.778200
0.55199
-0.337677
-0.737879
-0.93569
-0.247271
0.38740
-0.855139
0.928930
-0.119463
0.933315
0.436401
0.171731
0.252772
0.530718
0.305013
0.39195
0.704408
0.528283
-0.546503
0.76205
-0.297706
-0.133497
-0.145640
-0.577484
0.598670
0.740144
0.64752
-0.186356
-0.88031
-0.62159
-0.575050
0.785961
-0.994578
-0.238098
0.452449
-0.883911
-0.461952
-0.935705
0.79836
-0.872697
-0.23989
0.262633
0.73772
0.438971
-0.198769
0.587551
0.118836
-0.85981
-0.720462
-0.203552
0.154734
0.955771
-0.104872
-0.224280
0.921017
-0.412271
-0.258874
-0.582805
-0.156599
-0.10801
0.39258
0.161891
-0.4569
0.820564
0.88304
-0.930647
0.111580
-0.892429
0.294246
0.433865
-0.246390
-0.709326
-0.37394
0.870614
0.830259
-0.65713
-0.28824
0.60315
0.991828
0.274777
0.421348
0.355875
-0.608194
0.265733
0.881366
-0.666759
-0.545735
-0.665725
0.184569
-0.293474
-0.450459
-0.400698
0.619495
-0.29028
0.374598
-0.207808
-0.541933
0.328875
-0.811988
-0.85271
0.810558
0.337462
-0.644469
-0.972127
-0.572231
0.843867
0.657493
-0.501973
-0.738284
0.888313
0.867511
0.908828
0.176157
-0.75924
-0.865015
-0.197851
0.429578
-0.548220
-0.571205
-0.903086
-0.818653
0.682478
-0.507871
0.753136
-0.748156
0.875389
-0.770274
-0.541464
0.54625
-0.450928
0.294935
-0.595215
0.700445
-0.798561
0.212838
-0.931438
0.481305
-0.507639
-0.314719
-0.268036
-0.934928
-0.194895
0.443995
-0.167986
0.870099
-0.418262
0.784046
-0.889548
0.705968
0.788845
-0.422461
-0.950298
-0.850551
-0.409295
0.267768
0.260849
-0.337108
-0.940603
0.224807
-0.796077
-0.243855
0.776293
0.260520
0.61448
0.870303
0.401646
-0.603280
-0.712883
0.842586
0.651805
-0.315861
-0.345755
0.401103
-0.950426
0.911299
-0.753521
-0.993546
0.732112
-0.712008
0.253258
0.160206
-0.907780
-0.39553
-0.733670
0.775546
-0.25199
0.330835
-0.777082
0.173665
0.390553
-0.506715
-0.272823
0.673889
-0.787031
-0.314849
0.484561
-0.727897
0.271246
0.45709
-0.682295
-0.906745
-0.429016
0.111152
-0.2222
-0.449958
-0.402486
-0.536851
-0.489638
0.712949
0.629342
-0.866014
0.535558
0.22596
0.877714
-0.811721
0.405914
-0.300207
0.988750
0.41028
0.212529
-0.900101
-0.480363
0.806677
0.680396
-0.279374
-0.63777
-0.939993
-0.255651
0.406139
-0.547248
0.726079
0.485383
-0.304444
0.953999
0.981459
-0.385514
0.297896
-0.834864
0.868582
0.624199
-0.341351
-0.809696
0.803663
-0.276638
-0.231417
-0.460368
-0.809752
0.532840
-0.936237
-0.492372
-0.169719
-0.315608
-0.260115
0.88540
-0.698437
0.793005
0.433420
0.353836
0.700753
-0.479591
0.970713
-0.438723
-0.402062
0.411014
0.974754
-0.805052
-0.781273
0.644793
-0.303837
-0.686438
-0.478778
0.74766
0.598497
0.181986
0.59078
-0.264125
0.117888
-0.326609
0.674412
0.890955
-0.641011
-0.826344
-0.849372
0.496377
0.237176
-0.671836
-0.662260
-0.660856
-0.691558
0.76360
-0.504420
-0.813131
0.43333
0.174964
-0.393717
0.915968
-0.794630
0.489716
0.246154
0.313565
0.168910
0.715636
0.764708
-0.608279
-0.252040
0.755958
0.541476
0.411473
0.225183
-0.851611
0.168708
-0.169980
0.26244
-0.123694
-0.162142
-0.272081
0.939012
-0.678574
0.396914
0.192691
0.487845
0.921767
0.34092
0.163188
-0.436030
-0.910879
0.782379
0.600781
0.773259
-0.597373
0.194438
0.266454
0.373524
-0.869876
-0.748235
-0.935745
0.43921
0.298106
-0.707104
0.369992
-0.992446
0.780577
-0.394434
0.99800
0.654890
-0.103096
-0.82980
0.499131
-0.830931
-0.259646
-0.464279
0.331599
0.569255
-0.618918
0.607352
0.452198
0.302486
-0.890975
0.163190
-0.380966
0.720652
0.183760
0.369965
0.292840
-0.84603
-0.296415
0.264230
-0.89787
-0.290423
-0.142550
-0.730319
0.530277
-0.860228
0.762430
0.961083
-0.874202
-0.627459
0.518072
-0.257206
-0.231024
0.879752
-0.923396
0.188157
0.493820
0.754592
0.892708
0.747471
-0.550421
0.876942
0.180173
-0.972600
-0.36114
0.112337
-0.630187
-0.881451
0.744058
-0.905003
0.937890
0.680638
0.88093
0.100785
0.952846
-0.920140
-0.488659
0.332471
0.151460
0.239559
-0.421482
-0.258113
-0.754144
-0.429233
0.449824
-0.682009
-0.460100
-0.852128
0.830581
0.45348
-0.317521
0.803048
0.795274
-0.24068
-0.440591
-0.167013
0.648228
-0.430095
0.113747
0.933279
0.226268
-0.467637
0.10639
-0.750914
0.305383
0.624648
-0.278102
-0.978141
-0.79568
-0.536464
-0.265837
-0.898584
-0.161308
0.349141
-0.737063
0.838626
0.930412
-0.682404
0.175084
-0.782272
-0.745933
0.619724
-0.867321
-0.613764
-0.116426
0.983400
-0.886410
-0.329032
-0.759720
-0.839125
0.993298
0.976467
0.533070
0.381114
0.608541
-0.704974
0.603011
-0.378510
0.438915
-0.449925
0.175207
-0.453957
-0.348013
0.142039
0.493867
0.120869
-0.175267
-0.927229
-0.272559
0.932843
0.988082
-0.235575
-0.962515
-0.610481
0.639063
-0.989476
0.10083
-0.908591
-0.259126
0.498534
-0.548146
-0.272864
-0.233091
-0.948102
0.541140
-0.903102
0.518763
-0.669371
0.785466
0.431765
0.856610
0.271504
0.897378
-0.257494
-0.747078
0.942203
-0.408135
-0.51342
-0.447864
-0.179580
-0.396743
0.550931
-0.254064
0.945841
0.500155
-0.496764
-0.831552
-0.256163
0.464717
-0.918140
-0.302389
-0.539724
0.108114
-0.868102
0.106864
0.577686
-0.163068
-0.451817
0.865272
-0.489367
-0.807970
0.754896
0.754400
-0.884805
-0.41068
-0.463617
-0.179640
0.570333
-0.594408
-0.392788
0.518821
-0.721231
0.615444
0.615374
-0.87060
0.395199
0.607225
-0.50904
-0.677507
0.613447
-0.255007
-0.94737
0.113109
0.271458
0.619858
-0.441494
0.634722
-0.336922
-0.852127
-0.279939
-0.89742
-0.383273
-0.341586
-0.91296
-0.886239
-0.770374
-0.814511
0.124951
0.46534
-0.667843
0.60656
-0.321425
0.788415
-0.494601
0.159699
0.128785
0.449678
-0.462760
-0.946236
-0.843063
-0.291504
-0.6426
-0.994900
-0.66341
-0.44139
0.224180
-0.359873
-0.832878
-0.236656
-0.305183
-0.618371
-0.162149
-0.946027
0.892018
-0.211670
0.757443
-0.864870
0.641895
0.927951
-0.417558
0.958772
0.76885
-0.220047
-0.466934
0.753594
0.369410
-0.238791
-0.956367
0.189173
-0.109786
0.99819
0.936722
-0.180154
-0.340812
-0.803205
0.80195
-0.432812
0.596975
0.99548
0.142266
-0.385083
-0.257812
0.559588
0.325045
0.95269
0.665957
-0.334764
-0.676129
-0.697649
0.623024
-0.324368
0.295536
0.893004
0.442744
0.505476
0.878400
0.96688
0.30786
-0.866744
0.921390
0.823366
-0.673453
0.222730
0.189401
-0.915580
-0.937586
-0.64700
0.513482
-0.674689
-0.466610
-0.57589
0.587077
-0.481222
0.843258
-0.490047
0.826331
-0.384699
-0.504248
0.882071
0.44161
0.538778
-0.553952
0.763925
0.77536
0.540013
-0.618779
0.405508
-0.268232
0.340073
0.267401
0.908842
0.176238
0.626221
-0.933674
0.890488
-0.338647
-0.508638
0.65450
-0.476386
-0.227529
0.719836
0.130354
-0.84870
-0.44778
-0.59132
0.804119
0.954968
-0.294219
0.177197
-0.122185
-0.238433
0.46008
0.386136
0.52339
-0.287148
0.911626
-0.158881
0.681384
0.989622
0.217750
0.71046
0.16728
0.518580
-0.123555
-0.571545
0.796166
0.255629
-0.589753
-0.469985
0.20640
-0.471017
-0.313174
-0.6951
-0.906354
0.237074
0.45328
0.662326
-0.850487
-0.405708
0.393035
0.252487
0.819935
-0.547729
0.149881
-0.84485
0.807552
0.135493
-0.701753
0.115286
-0.139018
0.764915
-0.176832
0.279108
-0.124500
-0.517714
-0.694774
0.223090
-0.794669
0.440750
0.821237
-0.147776
0.113442
-0.265869
-0.942066
-0.456006
-0.766219
0.298135
0.164516
-0.3075
-0.294764
0.322904
-0.323694
-0.504247
0.349517
0.579265
-0.502938
0.315897
0.43015
-0.947928
0.995625
-0.98870
0.657560
-0.221247
-0.490601
0.627445
-0.777815
0.291255
-0.45400
0.219872
-0.773204
0.82024
0.558884
0.925227
-0.496039
-0.103333
0.309793
0.769860
0.599208
0.305782
0.248134
-0.907878
0.916281
-0.643811
0.27340
0.872950
-0.179174
-0.109391
0.869248
0.856309
0.940477
0.889656
0.161845
-0.250328
-0.683329
0.399919
-0.5690
-0.990117
0.23283
-0.916356
-0.497613
-0.883872
-0.260634
-0.963901
0.60585
0.527874
0.296205
0.284036
0.109752
-0.768160
0.606828
0.240896
-0.992230
0.567194
-0.864943
0.98841
-0.789209
-0.588399
-0.525032
0.212430
-0.888862
-0.619383
-0.190539
0.192174
0.954136
0.609724
0.644766
0.689835
-0.597987
0.168862
0.256931
-0.858190
0.283120
0.128688
0.31593
0.910121
-0.114127
-0.138227
-0.465627
0.637662
-0.323439
-0.13432
-0.98007
-0.605202
-0.993000
-0.191628
0.74471
-0.328777
0.529111
-0.198447
0.831288
0.513864
-0.670776
0.282785
-0.15196
-0.588872
-0.167834
-0.306841
0.338276
-0.994540
-0.718812
0.97560
-0.752339
-0.183579
0.916507
-0.358507
-0.523299
0.209562
-0.557166
-0.363184
0.929147
-0.910997
0.587064
0.911878
0.678939
0.256617
0.125291
-0.707387
0.813219
-0.191784
-0.305698
0.993873
-0.455366
-0.55777
0.212134
0.584894
0.403721
0.270966
-0.262787
-0.432478
-0.121967
-0.855829
-0.75977
-0.641240
-0.486888
-0.651626
-0.899668
-0.654287
-0.365286
-0.883919
0.161730
-0.267758
0.997410
-0.72590
-0.754273
-0.718275
0.710516
0.123499
-0.653673
0.708393
0.630469
0.482203
-0.38222
0.401524
-0.879260
-0.13632
0.786962
0.606442
0.336467
0.77273
0.700453
-0.483333
-0.886004
-0.230166
0.920629
-0.229295
-0.331282
-0.597587
0.364342
0.289364
0.800908
-0.800944
0.100739
-0.404946
-0.119123
-0.560650
-0.794119
-0.746897
0.199873
0.252505
0.431974
0.671600
-0.709652
-0.132760
-0.784651
0.350300
0.241473
0.206133
0.591335
-0.812122
-0.609650
0.530035
-0.449460
0.600245
0.770348
0.769835
0.850903
-0.965579
-0.226975
0.183605
-0.520464
-0.629890
-0.201502
0.620501
-0.963455
-0.503296
-0.838100
0.976875
0.342969
0.453246
-0.946222
0.315640
-0.697221
0.906737
-0.895912
0.452174
-0.140600
-0.211018
0.950792
-0.651292
-0.296847
0.3704
-0.736976
0.422507
-0.590403
0.709615
-0.615187
-0.366456
-0.339179
-0.752956
0.879888
0.167820
0.319899
0.395295
0.243061
-0.701290
-0.750232
-0.674855
-0.718278
0.83506
0.489468
0.361659
-0.851080
-0.933415
0.550365
0.941703
-0.924206
0.483446
-0.521065
0.547500
-0.958033
0.304035
-0.986488
0.711826
-0.592606
0.529800
0.621157
0.703082
-0.168631
-0.178849
-0.355573
0.665601
0.746428
0.72940
0.544142
0.31621
-0.901934
-0.726793
0.830899
-0.109541
-0.750303
0.538284
0.563504
-0.360049
-0.910567
0.967483
0.175804
-0.578623
0.814837
0.706078
0.788355
-0.893858
-0.589708
0.95064
-0.575622
-0.876817
-0.876650
0.730089
-0.172819
0.721346
-0.661742
-0.382231
-0.354618
-0.792482
-0.645122
0.561138
-0.236260
-0.640119
0.75648
-0.795632
0.972492
-0.9900
0.603902
0.838352
0.379185
-0.892811
-0.764880
0.911177
-0.268601
-0.805306
-0.202220
0.863552
0.821441
0.813505
0.271558
-0.581065
0.797938
-0.125896
0.880011
0.727617
-0.40299
0.332827
-0.928175
0.441030
-0.464016
-0.143203
-0.612780
-0.653773
0.543131
-0.880368
0.592768
-0.91444
-0.601454
0.341603
-0.214294
0.257014
0.206002
0.576125
-0.350198
-0.363658
0.779843
0.996803
-0.29969
-0.859549
0.634207
-0.420495
-0.234054
0.166739
-0.761984
0.316975
0.577563
0.747224
-0.680183
0.950447
0.373208
-0.360948
0.337318
0.578378
0.524680
0.973093
-0.210549
0.934919
0.938231
-0.280113
-0.610001
0.709198
-0.203781
0.3834
-0.328827
0.947051
-0.784738
-0.371438
-0.182103
-0.522048
-0.904097
0.898374
-0.921433
0.559250
-0.934952
-0.108937
-0.985507
-0.281574
-0.307262
-0.105958
-0.272393
-0.854477
0.361008
-0.211891
0.175732
0.766246
0.261785
0.710828
0.14267
0.591940
0.142146
-0.43229
0.35364
0.833294
-0.126563
0.495068
-0.508613
-0.972439
0.91812
0.929085
-0.950974
0.380078
0.392657
-0.428683
-0.393689
0.905199
-0.237852
-0.696192
-0.789583
-0.648547
-0.985091
-0.831454
-0.525864
0.879679
-0.504576
-0.401573
0.536800
0.184662
-0.388910
-0.369085
-0.150320
-0.834786
0.255417
0.694093
0.576818
0.961147
0.2607
0.88318
0.112847
-0.662499
-0.293114
-0.105678
-0.878429
0.792076
-0.452742
0.566291
0.984502
-0.23939
0.964760
0.284921
0.60672
0.652544
0.71374
0.624454
0.225212
0.350701
-0.867378
0.380944
-0.779424
0.529499
-0.883238
0.351580
0.45923
-0.107660
-0.609903
0.584966
-0.187706
0.766558
0.494725
0.476006
-0.194318
0.754615
-0.315791
-0.840208
-0.341284
-0.843733
0.498201
-0.92262
-0.603537
0.587512
0.625208
0.400368
0.442693
-0.104699
-0.557939
-0.657355
-0.440117
0.846658
-0.63882
-0.367476
-0.572925
0.629688
-0.955580
0.647954
-0.438225
-0.288910
-0.440650
-0.909052
0.856206
0.820762
-0.110809
-0.199107
-0.922792
-0.823187
0.248983
-0.908192
-0.434578
0.925738
0.776182
0.465627
0.325511
-0.310546
0.960169
-0.165857
-0.749702
0.263224
0.13792
0.927789
0.540800
-0.439610
-0.974345
0.644395
-0.402034
0.831785
-0.660178
0.425329
-0.84654
-0.784555
0.988177
0.377550
-0.969735
-0.114742
-0.652162
0.436464
-0.826213
-0.15450
0.256581
-0.758537
-0.229979
0.869536
-0.920438
-0.908551
0.579796
-0.566268
0.159870
0.305853
-0.617298
-0.145836
0.979480
0.495127
-0.7431
-0.638955
0.686776
0.438979
-0.504166
-0.839617
0.152437
-0.946049
0.441274
-0.300208
0.488841
0.247101
-0.543009
-0.408303
-0.7942
0.844534
0.930361
0.795737
-0.913685
-0.50244
0.575936
0.358808
-0.154381
-0.976960
-0.333527
-0.713151
-0.399581
0.444859
0.385894
0.981432
-0.272946
-0.441913
-0.342160
0.820444
-0.988718
0.190049
-0.276902
-0.325733
-0.370067
0.543291
0.96213
0.42315
0.249399
0.954737
0.856689
0.61833
-0.278489
-0.332942
0.257748
-0.392847
-0.56779
-0.843825
0.648106
0.797668
0.504955
-0.238120
0.113754
-0.613315
0.283961
0.514798
0.20574
0.270286
-0.596729
0.952417
-0.789319
-0.133647
-0.960865
0.212483
0.179735
0.143497
0.867463
-0.802211
-0.178404
-0.377074
-0.532635
0.119369
0.984855
-0.884977
-0.509236
-0.468765
-0.215362
0.177358
0.96238
0.817904
0.399994
0.477016
-0.375723
0.765027
-0.243810
0.49197
-0.550326
-0.846007
0.74574
-0.149470
0.601082
-0.915070
-0.220648
-0.25376
-0.482271
0.109212
-0.837386
-0.666074
0.381808
0.316292
0.605907
0.918416
-0.50408
0.724118
0.11759
0.225145
0.8176
-0.461990
-0.748996
-0.578415
-0.363351
-0.146236
-0.790207
0.446550
-0.276116
0.830339
-0.161036
-0.587312
-0.29531
0.852779
0.217723
0.686836
-0.250844
-0.487428
0.152544
0.747460
-0.753470
-0.749336
-0.738711
-0.748397
-0.991433
-0.929555
-0.327492
-0.880266
0.344651
-0.914665
0.327322
0.304626
-0.266679
0.94359
-0.857897
0.967823
-0.768219
0.671396
0.945750
0.38111
0.514882
-0.606005
0.886
0.715749
-0.219317
-0.424264
0.264620
0.641158
0.37296
-0.499580
0.610040
0.22912
0.700915
0.885191
-0.146806
0.583849
-0.407320
-0.20415
-0.192478
-0.786448
-0.399284
0.991139
-0.455954
-0.227908
0.884167
-0.904795
0.711244
-0.388820
0.654720
0.575177
-0.230017
-0.979567
-0.381585
-0.561896
0.768852
-0.18563
-0.75409
0.864744
-0.158352
-0.57318
0.852845
0.569432
0.406173
0.8953
-0.748615
0.895124
0.775861
0.132321
-0.907378
0.764214
0.75267
-0.877070
-0.792480
-0.714744
0.383524
0.509704
-0.250529
-0.833163
0.553740
-0.750300
-0.942598
-0.313691
0.552819
0.908611
0.656583
-0.169132
0.455603
-0.915230
0.337074
-0.715267
-0.918390
0.473319
-0.336812
0.858325
0.664950
-0.709260
-0.770401
0.842361
0.985317
0.816123
0.940149
-0.922806
0.580514
-0.160187
-0.468011
-0.638186
0.133131
-0.71672
0.934340
0.876848
0.54975
0.723192
-0.641765
-0.697654
0.832877
-0.818038
-0.531736
0.685131
0.578880
0.546191
0.753477
0.949645
-0.328588
0.872904
0.984020
0.378571
-0.852213
-0.413428
-0.700020
0.637412
-0.657563
0.338628
0.196294
-0.334255
-0.385429
-0.338419
-0.97528
-0.58219
-0.858438
0.721749
0.680876
0.430510
0.234788
-0.543420
-0.471373
0.984058
-0.668987
-0.350940
0.862797
-0.156808
-0.598346
-0.419837
-0.332348
-0.154695
-0.925532
0.65949
-0.493116
-0.172202
0.856749
0.179065
0.929158
0.489763
-0.2161
-0.979779
0.558603
-0.145888
0.180871
-0.885527
-0.76487
0.220357
-0.433018
-0.124780
-0.782765
0.170391
-0.528956
-0.483989
0.28931
0.56260
0.847160
0.928754
-0.205330
0.595416
0.673073
-0.415772
0.553870
0.751579
0.922436
0.429375
0.689693
-0.377421
-0.465575
0.676764
-0.867867
-0.41951
-0.801767
-0.153494
-0.561701
0.909651
0.778909
0.500686
0.477905
-0.352372
0.161329
-0.138248
0.897866
0.586024
0.409783
0.890653
0.28516
-0.541733
-0.419662
-0.870084
-0.993193
-0.248841
0.621511
-0.621234
-0.518145
-0.16110
0.271706
0.46848
0.219083
0.565718
-0.412012
0.455573
0.905328
-0.819867
0.208886
0.855410
0.986039
0.490535
0.370131
-0.223319
-0.601728
0.567750
0.942844
-0.559358
-0.763823
-0.823498
-0.97800
0.649068
0.276379
-0.877175
-0.675239
-0.720049
-0.353188
0.785181
-0.838706
0.611595
0.280634
-0.830220
-0.826648
-0.901757
0.547359
-0.282658
0.520680
-0.680992
-0.917014
-0.315028
-0.323456
-0.769884
-0.762014
-0.916316
0.79918
0.557506
0.739961
-0.100382
-0.293657
0.157080
-0.243748
0.2528
-0.404169
0.77839
-0.274392
-0.946141
-0.944297
-0.790846
0.787443
0.823384
0.751426
0.227914
-0.284969
-0.574349
-0.846789
0.419643
-0.203873
0.371317
0.138396
-0.478282
0.874727
-0.43342
-0.173152
-0.558041
-0.57702
-0.344310
-0.278668
-0.816869
0.933225
-0.658616
-0.155352
0.903255
-0.533135
0.999972
0.272784
0.117024
0.419029
-0.482889
0.510906
0.69129
-0.938707
-0.894090
-0.502016
-0.813718
0.618529
-0.247960
0.583298
-0.649459
-0.458492
0.820668
-0.644037
0.395140
-0.614411
-0.171600
-0.435311
-0.693927
0.170521
-0.140451
-0.815328
0.140482
-0.459207
0.724091
-0.572362
0.191642
0.539334
0.278482
0.466356
0.762790
-0.68004
0.206085
-0.691472
0.426391
-0.520733
0.567234
0.37363
-0.286271
0.612511
0.55428
-0.416617
0.248431
0.292085
0.172028
0.716888
0.355561
-0.901913
-0.320913
-0.494363
0.488082
-0.830498
-0.867510
0.279384
0.880783
-0.196847
0.109472
-0.215986
-0.602121
0.401169
-0.266513
-0.741671
0.935654
0.700072
-0.269673
-0.36575
-0.725884
0.845775
0.734934
0.263527
-0.49759
0.68281
0.590191
-0.549839
0.792339
0.482813
0.618122
-0.713630
-0.384421
0.326696
-0.640842
0.444554
-0.230345
0.476472
0.931842
0.613701
0.233077
0.689889
-0.482602
0.531933
0.739793
-0.366497
-0.755584
-0.911692
-0.526534
0.310452
-0.634363
-0.50454
0.561689
-0.862692
0.815981
0.507836
0.674728
-0.388679
0.953807
-0.464976
0.968064
0.567868
0.944305
0.896357
-0.750652
0.154567
-0.994521
0.282428
0.281003
0.566093
0.137865
-0.662395
-0.788007
-0.2629
-0.520743
-0.468119
-0.815431
-0.245159
-0.31899
-0.746928
0.864679
-0.683918
0.139221
-0.931762
-0.627818
-0.33561
-0.88136
-0.127334
0.296087
0.134310
0.597568
-0.821990
0.638416
0.689089
-0.725018
-0.969218
-0.853865
-0.481601
-0.652187
-0.413312
-0.943922
-0.78394
-0.175534
0.908203
0.852043
-0.288451
0.677647
0.895315
-0.210295
-0.19083
-0.53126
0.74067
0.674142
0.416430
0.1736
0.122688
-0.309320
0.494069
0.439514
0.472827
-0.477490
0.290224
-0.904424
0.503904
0.802648
-0.82736
0.27641
-0.279118
-0.745176
-0.60817
0.557995
-0.725274
-0.417291
0.868521
-0.137968
-0.697418
0.135330
0.803299
0.689535
0.187177
0.346543
-0.864310
0.459421
-0.592320
-0.355328
-0.984213
0.352995
-0.296990
-0.928832
0.176148
0.539563
-0.231315
0.377561
-0.231000
-0.374522
-0.75632
-0.204444
0.611602
-0.83370
0.384815
0.373412
-0.868374
-0.594868
-0.45749
0.363580
-0.623205
0.611816
0.578037
-0.921838
-0.56474
0.227216
-0.17427
0.588400
-0.128229
0.349304
-0.143172
-0.914777
-0.998179
-0.209615
-0.33346
-0.782178
0.992690
0.27423
-0.899723
0.896118
-0.761974
-0.121007
0.587698
-0.924783
-0.897529
-0.261676
0.29507
0.84952
-0.686098
-0.587966
-0.384114
0.408699
-0.280490
0.463885
0.418088
-0.169115
0.516041
0.992168
0.515882
0.852370
0.223742
-0.970466
0.323203
-0.313639
0.866338
-0.761450
0.788102
0.143609
0.155328
-0.281510
-0.516553
-0.786183
-0.257101
0.169037
0.211654
0.702747
-0.684510
0.204997
0.244984
-0.533368
0.936593
-0.878126
-0.497672
-0.825992
0.178286
0.259121
0.74480
0.243786
0.340007
-0.620917
0.983288
0.503409
-0.513230
-0.675512
0.743394
0.385888
-0.20051
0.437387
0.318454
-0.687076
0.887234
0.707933
-0.24206
0.326000
0.913599
-0.432227
-0.786933
-0.81038
0.160395
0.574729
0.481783
-0.100130
-0.740984
-0.52261
-0.317249
0.72531
-0.718240
-0.715253
-0.281240
0.623012
0.504522
0.124431
-0.507229
-0.624323
0.478371
0.87766
-0.159670
-0.494692
0.758118
0.476445
-0.318996
-0.828906
-0.878497
-0.296034
-0.101765
-0.387280
-0.490639
0.930447
-0.717180
0.181844
0.270176
0.704762
-0.6563
-0.846853
0.262761
0.389104
-0.904978
0.135345
-0.762170
-0.459564
-0.866778
-0.986574
-0.874908
0.871637
0.504497
0.820345
0.872149
-0.720871
0.240914
-0.676098
-0.923726
0.118136
-0.799565
0.644884
-0.201213
0.458374
0.983998
-0.941761
-0.394674
0.967347
0.899584
0.673844
-0.829152
-0.683150
-0.995144
-0.606446
0.940802
0.780280
-0.494416
-0.334806
-0.562317
0.279972
-0.754481
-0.921574
-0.67836
0.48327
0.192966
0.771858
0.633239
-0.124888
-0.330608
-0.579959
0.972269
-0.44482
-0.818107
-0.678666
-0.172469
0.443092
0.213076
-0.76105
0.769940
0.764684
-0.362956
0.501376
-0.24254
-0.657283
0.390303
0.142625
0.113833
-0.861961
0.566395
-0.345070
-0.15617
0.182166
-0.185533
0.25957
0.899056
0.434731
0.876240
-0.807264
-0.595075
-0.255357
-0.734494
0.864302
-0.617793
-0.296620
0.783242
0.955757
0.462557
0.60257
0.428900
-0.119915
-0.425913
-0.622673
0.523457
-0.202648
0.927188
-0.620263
0.888692
-0.26362
-0.243533
0.207027
-0.997377
-0.374691
0.333412
0.108024
0.70220
0.606621
0.298937
-0.798286
-0.691935
-0.457278
0.491645
0.797158
-0.111163
0.919527
-0.662854
-0.414175
0.322043
-0.636517
-0.740168
0.934120
-0.5184
0.822873
0.286387
-0.159219
0.654798
0.113797
0.726743
-0.43133
-0.250827
0.708954
0.605567
0.90265
0.911997
0.615769
-0.987676
-0.495257
0.90630
0.329686
-0.455641
-0.388043
0.621756
0.256883
0.445500
-0.702758
-0.295381
0.126362
0.51194
-0.861262
0.459762
0.648060
0.543273
-0.473004
-0.977799
0.43625
0.807948
0.60233
-0.482565
-0.810908
-0.649837
-0.140746
0.441730
-0.878870
-0.87
0.488820
0.249867
0.939993
0.312902
-0.459748
0.248391
0.756847
0.967745
0.518748
0.650548
-0.894729
-0.359674
-0.278307
-0.302583
-0.327034
0.930013
0.278872
0.469087
-0.5725
0.664566
0.589044
0.485198
0.485650
0.679323
0.419607
0.850407
-0.662961
0.349811
0.527838
-0.131150
0.987768
-0.670727
0.273748
-0.34562
0.438156
-0.261299
0.128439
-0.405795
0.715794
-0.651191
0.931342
0.966089
-0.228032
0.568275
0.517350
-0.127095
-0.793293
0.804463
0.970340
-0.862867
-0.54507
-0.468401
-0.387017
-0.346091
0.475667
0.754564
0.531585
0.34016
-0.552905
0.548191
-0.818069
-0.91725
0.505812
0.678404
0.767919
0.917354
-0.698142
-0.38076
-0.776304
-0.704322
0.414153
-0.691685
0.695891
0.738059
-0.327994
0.351755
0.994241
0.757426
0.372374
0.492559
-0.526157
0.995423
0.312020
0.825811
-0.450370
-0.373001
0.505372
-0.842966
-0.306740
-0.999116
-0.899980
0.297150
0.827057
-0.910628
0.39462
-0.372428
0.845804
0.306271
-0.917702
-0.278853
0.694921
-0.748947
-0.749245
-0.434261
-0.205643
-0.207072
0.300602
0.516197
-0.107854
-0.843442
-0.379068
0.745639
0.100073
0.899049
-0.216698
0.902199
-0.862461
-0.144616
-0.275764
0.184043
-0.528608
-0.103382
0.928041
0.473221
-0.79109
-0.699563
-0.48885
0.683050
-0.13466
0.683085
-0.309058
0.658135
-0.752782
0.299577
-0.414333
0.26305
0.391088
-0.804855
0.265620
-0.871377
-0.627443
0.802907
0.48847
0.857990
-0.617113
-0.325181
0.642711
-0.614042
-0.818772
-0.456744
-0.913592
0.692399
0.129090
0.656513
0.291683
0.739439
-0.131535
-0.628159
0.61009
-0.275400
0.543577
0.120646
-0.132954
0.614486
-0.164660
0.701183
0.70633
0.415636
-0.407189
-0.110785
0.116392
-0.650702
-0.941627
0.461013
-0.281363
-0.713463
0.886051
-0.527580
-0.85149
-0.487083
0.246002
-0.877117
-0.98201
-0.549062
0.881255
-0.720614
-0.542775
-0.794630
0.682882
-0.3391
-0.541113
0.821889
0.67315
0.962521
-0.524240
0.951330
0.637870
-0.603229
0.637553
0.757813
0.844842
-0.65511
-0.882448
0.388373
0.632137
-0.45927
0.141323
-0.116766
0.249989
-0.393807
0.45243
0.60824
0.689938
0.935537
0.332697
0.395356
0.204482
-0.81510
0.837361
-0.168612
0.410703
-0.675452
-0.598707
-0.793369
-0.387857
-0.139278
0.48666
0.632565
-0.380509
0.615152
-0.294157
0.407098
-0.987727
-0.101921
0.991195
0.327290
-0.1424
0.470277
0.311312
-0.481531
0.967175
0.648621
0.820913
-0.303502
0.881993
0.430980
0.445514
-0.191141
0.843039
0.807386
-0.79947
-0.752486
0.653771
0.714206
-0.2762
-0.696957
-0.816548
0.502130
0.175821
0.871587
-0.240638
-0.750317
0.656998
0.668450
0.783577
-0.366977
-0.126864
0.977600
-0.858578
-0.778423
0.403897
0.347629
-0.370014
0.890610
-0.688096
-0.603651
-0.581116
0.163943
-0.844483
-0.287209
0.824581
-0.7938
-0.290001
-0.764785
-0.677345
-0.526272
0.51292
0.818039
-0.756365
0.967143
0.503550
-0.405901
-0.473818
-0.355486
0.434942
-0.462715
0.813233
0.727321
0.456191
-0.251813
-0.551667
-0.247483
0.684691
-0.540619
-0.806876
0.401870
-0.111260
0.427798
-0.410320
0.419732
0.942331
-0.621137
0.353100
0.858798
0.873270
0.491885
-0.437753
0.544249
0.353947
0.79852
-0.625334
-0.503955
0.322198
0.838025
0.231389
-0.610484
0.140205
0.445636
-0.96433
-0.851653
-0.964101
-0.427344
0.115611
-0.524298
-0.89166
0.146734
0.118578
-0.967447
-0.582442
0.205999
0.63230
-0.503903
-0.564457
-0.729444
0.286677
0.663297
-0.440988
0.652633
-0.578588
0.542510
0.813787
0.898607
-0.339934
-0.405845
-0.187879
-0.252560
0.461032
0.487248
0.222355
-0.235436
0.830495
0.759811
-0.505727
-0.860787
-0.622081
-0.268422
0.92541
0.400937
-0.65788
0.387556
-0.967683
-0.537481
-0.912931
0.3260
-0.274127
-0.677023
0.653782
0.408809
-0.881983
-0.760177
0.189245
0.972636
-0.228332
0.746966
0.213060
0.580493
-0.290990
0.642162
0.659056
0.888264
0.400471
-0.554157
0.518474
-0.213762
-0.265267
-0.904522
-0.518890
0.769004
-0.283436
0.74048
-0.166845
0.193591
-0.288867
-0.210813
0.513879
-0.397459
0.180717
-0.484955
0.947288
-0.99649
-0.189009
0.699772
0.914033
-0.487827
-0.501099
-0.210317
-0.249120
0.674835
-0.272365
-0.485911
-0.501079
0.733299
-0.351340
-0.897340
0.433325
-0.543887
0.33864
0.846586
-0.228788
-0.145367
-0.928992
0.946887
0.792297
0.232452
0.23724
-0.883611
-0.118086
0.239303
-0.351518
0.317110
0.649984
-0.407177
-0.137362
-0.631746
0.620881
-0.128742
-0.165501
-0.277042
-0.213704
0.538813
0.744210
-0.794935
-0.72039
-0.880779
-0.687234
-0.208400
-0.575239
0.21067
0.902046
-0.595104
-0.978982
-0.621857
-0.832179
0.134986
-0.924746
0.316016
-0.128928
0.563957
-0.661543
-0.624525
-0.158977
-0.685996
-0.481207
-0.479522
-0.908933
-0.455237
-0.831176
-0.65104
-0.492346
0.741944
-0.906594
0.602401
0.168912
0.236489
-0.643798
-0.695585
-0.726644
0.86049
0.121349
0.140161
-0.156550
-0.950903
-0.705196
-0.200138
0.248801
0.130988
-0.43
0.190917
-0.448804
-0.32115
0.837477
0.444434
0.625633
0.804677
-0.612407
-0.809970
-0.56588
0.305739
0.293232
-0.475679
0.447960
-0.213781
-0.889113
0.166015
-0.864809
0.946871
-0.958534
-0.782760
-0.438141
-0.363854
-0.48627
0.852209
-0.451049
-0.899704
0.663827
0.802667
-0.498403
0.592495
-0.453850
0.241785
0.989344
-0.53651
0.612666
0.564749
0.456553
0.134060
0.618780
0.643100
0.144219
0.814111
-0.918187
0.952537
0.665930
0.836810
0.336246
-0.471145
0.299956
-0.306172
0.877559
0.996134
0.315878
-0.355645
-0.632817
-0.4488
-0.57901
0.101434
0.468082
0.425383
0.631708
-0.770146
0.373493
0.326249
0.282439
0.618775
-0.19695
0.10463
0.261457
-0.270232
0.881205
0.187662
-0.126024
-0.947898
-0.375771
0.244472
-0.668179
0.491786
0.288613
-0.747825
0.966808
0.247402
0.497862
-0.838429
-0.140325
0.653593
0.416086
-0.993340
0.163055
0.652569
-0.347224
0.62658
-0.460715
-0.89779
0.405183
-0.836732
0.720557
-0.874848
0.374704
-0.494091
0.854643
-0.569264
-0.21644
-0.329191
-0.536548
0.239878
0.427858
-0.448232
0.373333
0.154254
-0.408320
-0.666861
-0.624178
0.380000
0.771338
0.546616
0.54480
0.413062
0.711190
-0.777175
0.273071
0.680566
-0.835943
-0.105855
-0.183162
0.20497
0.283801
-0.236711
-0.261771
0.423213
0.523507
0.691795
-0.602063
0.170463
-0.879816
-0.110047
-0.481044
0.370168
-0.919412
0.42616
0.252486
-0.210408
-0.783176
-0.960618
-0.96534
0.594409
0.870013
-0.198028
-0.907415
0.334385
0.316130
0.972822
-0.235046
0.630514
-0.819014
0.773384
0.768947
0.124139
0.947263
-0.597071
-0.501293
0.663839
-0.994037
-0.876087
0.746711
0.205035
0.171257
-0.892719
0.37200
-0.77113
-0.229067
-0.960419
-0.350641
0.582842
0.202020
0.341701
0.887746
0.590971
-0.900112
-0.299588
-0.193883
-0.258720
0.715185
-0.287795
-0.707377
-0.641303
0.731757
0.967163
-0.718985
-0.380302
-0.246271
-0.624318
-0.276600
-0.48505
0.198700
0.856239
0.885420
-0.274075
-0.782750
0.385694
-0.926778
0.426572
-0.661424
-0.740933
0.460093
-0.817766
-0.875942
-0.356734
0.690078
-0.845606
-0.269684
-0.797713
-0.333156
-0.788414
-0.633658
0.122386
-0.750163
0.735323
-0.975398
-0.824701
0.146547
-0.658208
-0.117256
-0.691384
0.452886
0.212464
0.787892
-0.910380
-0.81965
-0.753307
-0.421959
0.308763
0.941004
-0.100062
0.553046
0.868246
0.83582
-0.238434
-0.574101
0.8172
-0.15865
-0.265911
-0.747165
0.441157
0.907789
-0.61105
-0.586511
0.501871
-0.446658
0.476622
-0.43048
0.732001
0.904026
-0.327469
0.932958
0.21468
-0.588982
0.268932
-0.980022
0.681630
0.420907
-0.733912
0.145308
-0.83989
-0.870421
0.108023
0.938183
-0.40101
0.843165
0.869394
0.252268
0.241299
0.694593
0.693751
-0.253025
0.595130
0.150821
-0.714054
0.113883
0.404449
0.875007
0.414126
0.385201
-0.204457
-0.854502
0.4490
0.481065
0.980725
-0.788724
-0.882977
0.82562
-0.232034
0.839854
0.45865
-0.776837
0.454394
0.479139
0.497739
0.355452
-0.609059
-0.292399
-0.349428
0.892042
0.465474
-0.520982
0.755220
0.342911
-0.353280
-0.966048
-0.169207
-0.849460
0.911081
0.524825
0.225643
-0.143721
0.606583
0.964603
0.209585
-0.802518
0.570116
0.539863
-0.443397
-0.345295
-0.614596
-0.712174
-0.570580
-0.956460
0.439289
-0.923187
0.877915
-0.15987
0.19381
0.473214
-0.353588
0.936731
-0.631937
-0.281745
-0.908425
0.904715
0.971088
-0.339528
-0.211228
-0.56034
-0.777273
0.315450
0.562482
0.172391
-0.828381
-0.843534
0.954042
-0.654730
-0.289564
-0.694017
-0.79867
0.237362
-0.731973
0.108976
0.872878
0.593719
0.176936
0.338044
0.273311
-0.353985
0.672392
0.832718
-0.10489
-0.728765
-0.940275
0.530746
0.537866
-0.103802
0.861350
0.245745
0.410492
-0.933436
0.781338
0.359550
0.298267
-0.705398
0.943760
-0.146150
0.541916
-0.287007
0.330402
-0.535037
-0.102214
-0.170812
-0.884321
-0.730497
0.772374
0.914946
0.451765
-0.641066
0.20737
0.269747
-0.400932
-0.951450
0.807165
-0.457743
-0.88915
0.522187
0.147972
0.187397
0.109558
-0.843459
0.614531
-0.951997
-0.549255
-0.849032
0.972231
0.567193
0.534677
-0.832363
0.789805
-0.995761
0.799238
0.618905
0.727301
0.495856
0.756901
-0.235143
0.614073
0.954081
-0.812907
0.249672
0.438245
-0.674653
0.368213
-0.347469
-0.829826
0.69442
-0.893884
-0.608979
-0.11001
-0.490748
0.444151
0.172039
-0.462088
0.737905
-0.445585
-0.92838
0.837147
0.373106
0.307212
-0.879730
0.580158
0.315159
0.153871
-0.644283
0.545326
0.481831
-0.893627
0.80406
-0.779990
0.147062
-0.838592
0.625758
0.523744
0.397451
-0.235792
0.517050
0.259057
0.322697
0.272701
0.126857
-0.618364
-0.323857
0.262558
0.384058
0.738926
0.300827
0.287373
-0.285962
-0.441802
-0.674777
0.509651
-0.9897
-0.540389
-0.214341
0.815926
-0.631118
0.949886
-0.462633
-0.875590
0.287696
-0.894164
-0.224738
-0.547813
0.992654
-0.226818
0.183562
-0.375610
-0.21529
0.42405
0.729090
0.93420
0.325326
-0.347887
0.288454
-0.151003
0.870697
-0.713730
-0.226704
0.638840
0.767511
-0.919493
0.118479
0.660885
-0.727456
0.375879
-0.594327
0.365811
0.545310
0.223965
-0.969880
0.958971
-0.936488
0.968717
-0.450597
0.415255
-0.989568
0.685534
-0.662557
0.248057
0.566063
-0.362911
0.642292
0.112747
0.475125
0.54072
-0.228034
0.318286
0.685745
-0.360419
0.927266
-0.870802
0.659480
-0.541234
-0.935461
0.712050
-0.962284
0.694618
-0.836388
-0.308531
-0.660430
0.272870
-0.375647
-0.85691
0.910864
0.230438
0.770841
0.754965
0.206633
0.752358
0.118195
0.676322
-0.88426
0.201407
-0.694658
-0.269031
0.872542
0.276257
0.165761
0.342285
-0.840762
-0.914756
0.223020
0.558277
0.998625
-0.88100
0.807748
0.230003
-0.651715
0.370044
-0.941349
-0.734165
0.213680
0.94785
0.888722
0.972420
-0.42498
-0.373793
0.589602
0.211524
-0.759058
-0.737751
-0.580398
-0.12037
0.915516
0.94838
-0.21157
-0.703462
-0.355778
-0.130632
0.268022
0.490338
0.506580
0.608743
0.312553
-0.717113
0.636243
-0.671123
0.455322
0.481459
0.581594
0.260409
0.438006
0.870294
0.278470
-0.554637
0.620330
-0.373366
0.941810
-0.739445
0.318729
-0.842328
0.944127
0.204318
-0.229315
-0.286640
0.778428
0.930014
0.27272
-0.526570
0.317586
-0.852236
-0.642535
0.64826
-0.724063
0.355062
0.293534
0.514117
0.743545
-0.153462
0.920565
-0.783770
0.19856
-0.431779
-0.30444
0.869224
0.39558
0.285946
-0.979766
-0.299143
-0.187748
-0.262974
0.367947
0.235295
0.11878
-0.600705
0.345213
-0.147789
-0.614612
-0.928550
-0.537919
0.509439
-0.551938
-0.292274
-0.695214
-0.268238
0.245623
0.880597
0.824655
-0.241415
0.537355
0.285329
-0.742948
-0.763989
0.529040
0.35320
-0.6666
0.160788
-0.889201
0.123013
-0.560832
0.983730
-0.922463
0.452731
0.12925
-0.616356
0.52619
-0.949200
-0.851156
-0.185831
-0.922081
0.963507
0.798615
-0.520057
-0.93710
0.788583
0.550674
0.977350
-0.152994
0.252960
0.640580
-0.748903
0.287353
0.521470
0.927644
0.35058
-0.961156
-0.811178
0.639213
-0.963939
0.7009
-0.903818
-0.41189
-0.63525
-0.827602
-0.909158
0.218505
0.194085
-0.872516
-0.160720
0.455560
0.166238
-0.710697
-0.209192
0.341355
0.599186
-0.958358
-0.938752
-0.416876
-0.226434
-0.867818
0.745364
0.310005
0.592182
0.687708
0.982682
0.981385
0.592689
0.159041
0.74697
-0.491364
-0.397817
0.209591
0.965622
-0.887903
-0.387298
0.360353
0.842045
-0.588464
-0.852880
0.736186
0.452145
0.533539
0.442358
0.363067
-0.225680
0.223642
0.820506
-0.992772
0.576052
-0.10890
0.152749
-0.612365
-0.557954
0.461726
-0.509705
0.795453
0.431836
0.523036
-0.537924
0.423953
-0.740535
-0.419807
0.113532
0.379874
-0.325958
-0.169287
-0.794712
0.989855
-0.15185
0.796205
0.165846
-0.3093
0.437003
-0.988228
-0.412233
0.254885
0.92480
0.262865
0.119975
0.928300
0.66208
-0.440993
0.911943
0.729939
0.398782
-0.968371
-0.150507
-0.678662
0.13945
0.562439
0.628127
-0.128002
-0.524720
-0.442971
-0.549960
0.123332
0.985211
-0.993441
-0.27878
0.856987
0.798580
0.507640
-0.829526
0.52951
0.402248
0.302354
-0.465418
-0.750982
0.853928
-0.183889
0.597929
0.52761
0.387899
0.512998
-0.802286
-0.358790
-0.228047
0.66306
-0.601789
-0.933749
-0.250999
-0.34413
-0.699163
-0.255611
0.12053
0.989684
0.263074
-0.225826
-0.121351
-0.99455
-0.657866
-0.40856
0.357381
0.976191
0.742772
0.963208
0.662395
0.259245
0.299370
-0.463707
-0.954357
0.954110
0.528541
-0.901108
0.951465
0.89882
0.975162
0.11598
-0.270604
-0.808065
-0.414082
-0.556204
-0.801600
-0.470740
0.330305
-0.445097
0.420543
-0.534797
0.95496
-0.115328
0.952822
0.172645
-0.852300
-0.293231
-0.688385
-0.168985
-0.905274
-0.695296
0.540638
-0.324196
0.133188
-0.188310
0.684853
0.535519
0.191718
-0.860015
0.372410
0.105228
0.249608
0.863968
-0.532459
0.556812
-0.274495
0.177312
0.450849
0.202429
0.303507
0.686825
0.146552
-0.317766
0.873193
0.999162
-0.243145
0.986666
-0.535553
-0.463450
0.916292
0.538450
-0.305075
0.522272
-0.249976
0.889018
0.631794
0.574547
-0.798189
0.632968
0.586446
0.949689
0.252872
-0.355049
-0.819694
0.889141
-0.871466
0.959477
0.659707
0.965170
0.722804
-0.979518
-0.430032
-0.649296
0.962731
0.932307
-0.430746
-0.895121
-0.851057
0.988395
0.101375
-0.955794
0.821480
0.182087
-0.397021
-0.423574
-0.34149
0.990775
0.473510
0.241459
0.438687
-0.501770
0.88468
0.69403
-0.679767
0.159332
0.968039
-0.303039
0.30398
-0.303411
0.665087
-0.63597
-0.646430
0.712475
0.210796
0.72533
-0.644053
0.35269
0.3899
0.704750
-0.195175
0.497512
0.979209
0.469085
-0.802030
-0.469731
0.15834
0.199059
-0.620404
-0.814908
0.381820
0.997036
-0.494448
-0.791099
-0.169681
0.182014
-0.876285
-0.44422
-0.996431
-0.897806
0.802356
-0.781931
0.933569
0.29510
0.925228
-0.901526
0.764563
0.881979
0.963571
-0.757360
0.685280
-0.14461
-0.651605
0.449764
-0.88743
0.962850
0.264163
0.258346
0.758476
-0.268057
-0.648627
-0.23457
0.100849
-0.188555
0.94867
-0.230377
-0.917993
0.374417
0.336425
0.250339
-0.204455
-0.348973
-0.474323
0.182702
0.411528
0.949207
-0.653047
-0.506051
-0.910805
-0.851021
0.156873
-0.818524
-0.842588
0.193521
-0.49826
0.636886
0.173402
-0.239251
-0.109531
-0.913228
0.905416
-0.130271
-0.867805
0.345064
0.330928
-0.300635
0.793835
-0.111724
-0.312100
-0.848140
-0.749106
-0.648911
0.987238
0.602938
0.342819
-0.166885
-0.927659
-0.839403
0.933479
-0.90426
-0.896904
0.301265
-0.510220
-0.843514
0.718234
-0.216950
0.693033
0.422554
0.270375
0.809745
-0.574363
0.894134
0.790139
-0.813838
0.434356
-0.20729
0.811678
-0.538351
0.251335
-0.693275
0.106223
-0.953263
-0.808791
-0.28585
-0.434013
0.725065
-0.847665
-0.543103
0.869088
0.877774
-0.293911
-0.183760
0.253202
0.460192
-0.136680
0.506811
-0.96398
-0.74865
-0.868595
0.500708
0.458132
0.343690
-0.361325
-0.459953
0.276439
-0.566562
0.268935
-0.708644
-0.988786
-0.575730
-0.355008
0.401075
-0.58968
0.356596
0.612094
0.746525
-0.599430
-0.892376
-0.9712
-0.707522
0.722761
-0.889206
-0.57111
0.546537
-0.283039
-0.204069
-0.721161
0.605806
0.597436
0.224046
0.336058
0.796108
0.93490
-0.412597
0.73518
-0.905706
-0.910555
0.304327
-0.909115
-0.529917
0.5835
-0.346554
-0.855482
0.23479
0.431114
-0.695152
0.734448
0.735365
-0.212449
0.447492
-0.784433
0.598598
-0.180816
-0.662656
0.786493
-0.798438
0.959263
0.35677
-0.613704
-0.300367
-0.823033
-0.844694
0.3131
0.418123
0.244374
-0.534251
-0.251519
-0.240149
-0.552126
-0.38618
0.128082
-0.163652
-0.498400
0.418442
0.291190
-0.673274
0.714328
0.188057
0.130733
0.965744
-0.988148
-0.920267
-0.149197
-0.188354
-0.95925
-0.72647
-0.580381
-0.344056
0.951980
-0.707238
0.481307
-0.390098
-0.931186
-0.462151
-0.217039
-0.953378
-0.960594
-0.961207
0.583118
0.843819
0.409239
-0.419403
0.669117
0.101106
-0.42310
-0.896972
0.221562
0.751957
0.381577
-0.247371
-0.158355
0.320156
0.623451
-0.261445
0.463630
0.885614
0.538082
-0.411545
-0.101181
0.344649
0.353701
0.699814
0.45043
0.760715
0.182232
-0.541588
-0.241539
-0.492241
0.175813
-0.71561
-0.375303
-0.545016
-0.811248
0.120585
0.985565
-0.88626
-0.739559
0.430881
0.756563
-0.760278
-0.232386
-0.312087
-0.196316
0.855269
-0.74367
0.527924
0.433061
0.879409
-0.62205
0.673091
0.497933
-0.903389
0.66509
0.54799
0.558571
-0.278220
-0.633296
-0.781236
0.910988
-0.234445
-0.79687
-0.467730
-0.868013
0.273409
0.863486
0.10694
0.224570
0.631615
0.281058
-0.630505
0.534196
-0.630588
0.531737
-0.29809
-0.564681
0.977136
0.542976
-0.189820
0.308358
-0.373912
-0.926082
-0.82319
-0.815042
-0.990789
0.433053
-0.452082
-0.562723
0.167446
0.527198
-0.53537
0.494213
0.768951
-0.991893
0.480883
0.454705
-0.21152
-0.272106
0.80496
-0.333758
-0.699600
0.208931
-0.250413
-0.267057
0.382467
-0.647818
-0.918839
0.983031
0.695573
-0.679266
-0.307879
0.547604
0.547463
0.948855
-0.423210
-0.215597
0.565777
0.307197
0.712535
-0.266754
-0.884863
-0.563712
0.572957
-0.524197
0.554371
0.961339
0.853787
-0.223986
0.845005
0.61914
-0.488158
0.940081
-0.218391
-0.902831
-0.337886
-0.574986
0.116862
-0.59155
-0.201793
0.474702
0.303169
0.134766
-0.977688
0.590911
-0.564297
-0.639964
-0.446688
-0.622744
0.343676
-0.145062
0.727864
-0.937015
-0.858746
0.50898
0.612228
0.333055
-0.994345
0.105057
-0.859278
0.827430
-0.381497
0.992384
-0.563792
0.525969
-0.173407
0.105383
0.907432
0.262350
0.71273
-0.375774
0.871553
-0.631602
0.209355
0.870636
-0.465332
-0.524914
0.198165
0.707719
-0.165130
0.669426
-0.937424
-0.239808
-0.333559
-0.160090
-0.331760
0.637390
-0.761046
0.101916
0.38357
0.71739
-0.703324
-0.866871
-0.146655
0.663447
-0.840983
-0.166674
-0.624034
-0.655967
-0.941346
0.911482
-0.868274
0.509123
0.334218
0.632426
-0.99945
-0.392616
-0.333523
0.704758
0.866783
-0.824668
-0.733782
0.518878
-0.430529
-0.348114
-0.23607
-0.677685
0.324821
-0.553906
-0.797849
0.547966
0.923202
0.217415
-0.232775
-0.769607
-0.323083
-0.840028
-0.618322
-0.447386
0.50104
0.937079
0.87800
0.481945
0.801573
0.588013
0.254888
0.529920
0.109267
-0.951167
0.185861
-0.957952
-0.831402
0.598513
0.156887
-0.14928
0.874103
-0.797054
0.83123
0.890878
-0.863908
0.516823
-0.163927
-0.813239
0.826783
-0.131588
-0.1533
0.554292
-0.403873
-0.799012
0.231409
0.800455
0.798651
0.67417
-0.909213
-0.799176
0.986242
0.408270
0.395447
-0.939716
0.502267
-0.751227
0.677197
0.853089
0.491030
0.158182
-0.498746
-0.827952
-0.588851
0.695524
-0.402720
0.303890
-0.327052
0.55485
0.450021
0.977434
-0.582858
0.972441
-0.66886
0.857478
-0.26688
0.280355
-0.7002
0.855535
-0.36381
0.126622
0.562112
0.860769
-0.175376
-0.160720
-0.944159
0.94037
0.383168
0.819778
0.924713
-0.7970
0.241973
-0.509539
-0.945690
-0.877533
0.432487
-0.453877
0.467371
-0.432820
-0.263604
0.784496
0.248046
-0.767486
-0.977717
0.597621
0.297224
0.886536
-0.926622
-0.304526
0.277502
0.370735
0.218919
-0.253645
0.171963
-0.361742
-0.796357
-0.159684
-0.541124
0.708322
0.514434
0.937624
0.427888
0.867208
0.736587
0.259526
0.386498
0.756783
-0.487578
0.808059
0.729597
0.611462
-0.832392
-0.603062
-0.698316
0.408710
0.617328
-0.57112
-0.203198
0.432430
-0.128759
-0.502931
-0.838570
-0.120674
0.302847
-0.18394
-0.131239
-0.74751
0.401002
0.853500
0.505550
0.344772
0.157600
-0.200799
0.358910
0.849639
-0.841538
0.2927
0.128638
0.555312
-0.601391
-0.463930
0.719915
0.212614
-0.216495
0.252940
-0.361028
-0.361276
0.32302
-0.912130
0.228008
0.911585
-0.630693
0.298710
0.70818
0.190816
-0.944082
-0.404840
-0.193429
-0.301267
-0.199921
-0.164674
0.184625
0.628634
-0.120729
-0.640843
-0.335239
-0.450988
0.983293
0.725263
0.120073
-0.242672
-0.570826
-0.244505
-0.297672
0.206884
-0.616332
0.607599
-0.930212
0.534236
0.293351
-0.916030
0.243860
0.594522
0.149421
-0.797616
-0.752216
-0.366354
-0.720505
0.120002
-0.189335
-0.32123
-0.731148
0.122977
0.392308
0.228653
-0.348645
-0.314249
-0.544406
0.336010
-0.744908
-0.512378
-0.690267
0.852872
0.522295
-0.428950
0.332465
-0.33650
-0.133499
-0.757678
-0.330194
0.727819
0.163719
-0.787697
-0.467192
-0.434657
0.773686
-0.741930
0.342119
0.391077
0.600380
-0.92397
-0.313804
-0.29163
-0.282675
0.489464
0.289524
-0.324413
0.775704
0.194074
-0.268521
0.4054
-0.608471
-0.22512
0.373490
0.847709
0.266321
-0.423068
-0.66153
0.60134
0.755424
-0.510754
0.799585
-0.530896
0.979981
0.850891
-0.870054
-0.323414
-0.633633
-0.461819
-0.792221
-0.13697
0.765986
-0.155020
0.921700
0.213673
-0.281104
-0.754777
0.592299
0.172332
0.526996
0.337135
0.910872
0.908279
-0.39181
0.584332
0.712331
-0.889944
-0.551147
-0.826809
-0.776471
0.182676
-0.797614
0.138266
-0.739478
-0.478545
-0.850173
0.696228
-0.508935
-0.821902
-0.523662
0.895870
0.520615
-0.714310
0.863483
0.577314
-0.614306
0.697531
0.213795
-0.834537
0.179099
-0.736100
0.161468
0.306669
-0.585892
0.251223
-0.567509
-0.861899
0.965611
0.676239
-0.150033
0.985402
0.13543
-0.208964
-0.551434
0.696963
-0.872937
-0.792509
-0.414448
-0.253864
0.260453
-0.142598
0.684884
-0.916086
-0.613410
-0.995942
-0.362230
-0.560488
-0.696981
0.635815
-0.329306
-0.11652
-0.798546
0.269352
0.419691
-0.729686
0.544655
-0.508106
0.909485
-0.912739
-0.49222
0.319044
0.922730
0.819930
0.165336
-0.900831
0.788525
-0.213238
0.749349
0.316418
0.38511
-0.365537
-0.951093
-0.845410
0.846892
0.416178
-0.699535
0.823920
-0.131106
0.274680
0.615948
0.307438
-0.637051
-0.24249
0.552323
-0.71792
-0.419475
0.690354
0.860029
-0.263851
0.326618
-0.119388
-0.415252
0.681122
0.619863
0.359153
0.680370
0.672989
0.736324
-0.220173
-0.554257
-0.879482
0.761999
-0.377005
-0.138305
-0.845301
-0.320885
0.523780
-0.940702
0.315200
-0.193408
-0.829081
-0.890001
0.191199
-0.715660
0.431324
-0.219690
-0.276353
0.913347
-0.120069
0.294214
0.549279
0.962764
-0.900293
-0.794313
0.496736
0.922551
-0.377852
0.860591
0.955229
0.13128
0.395224
-0.213712
-0.730859
0.841288
0.695064
-0.365355
0.783307
-0.833755
0.264290
-0.415446
-0.132143
-0.119548
-0.183253
0.111751
0.589095
0.41387
0.874050
0.172250
0.414864
-0.4894
-0.665393
-0.870624
0.214721
0.648653
0.848801
0.756390
-0.434800
0.39995
0.888783
-0.272887
0.792979
-0.494902
0.118430
0.820995
0.197043
0.159575
-0.712491
-0.343841
0.250931
0.406224
0.89297
0.629732
-0.554905
-0.142150
0.337827
-0.954271
-0.762015
0.830539
-0.116326
-0.930092
0.510129
-0.208509
0.636219
0.149833
0.61196
-0.503235
0.751375
-0.674590
0.319047
0.782673
0.780833
0.304032
0.702470
0.455999
-0.818811
0.164869
0.475759
-0.67912
-0.442081
-0.515480
-0.806506
-0.170123
0.184387
-0.896867
0.694158
0.676661
0.932837
-0.50544
-0.147969
0.486807
0.892635
-0.328424
-0.541406
-0.513076
-0.130434
-0.3117
0.79976
0.11175
-0.534305
0.800501
-0.103934
0.252511
0.490560
-0.188430
-0.809599
-0.638014
-0.843265
-0.103332
0.362775
0.884511
0.677668
0.462855
0.93572
0.54711
0.414776
0.405397
0.332375
-0.588186
-0.960964
-0.977817
-0.484558
0.505501
0.98621
-0.228847
-0.257945
0.987311
0.550043
-0.209610
-0.956900
0.787846
-0.119534
0.923090
0.851152
-0.307549
-0.804245
-0.615383
0.933901
0.132978
0.246069
-0.10272
0.507889
-0.955979
0.480453
-0.217900
0.946263
-0.325381
-0.715342
0.550411
0.276100
0.894962
-0.176031
-0.401852
-0.147581
0.658808
0.413008
0.930368
-0.699367
-0.11534
0.568289
0.617173
0.751533
-0.613053
-0.740081
-0.33369
0.54130
0.129230
0.471380
0.372798
0.65913
-0.45315
0.217038
-0.432523
-0.378382
-0.612577
0.189843
0.493927
-0.205008
0.408251
0.786798
0.477623
0.919007
0.103793
-0.654288
0.42052
0.24550
-0.231827
0.612106
0.190698
-0.141111
-0.969864
-0.549378
0.305035
-0.87125
-0.732181
-0.703963
0.747555
0.333010
0.46062
0.360644
-0.740204
-0.724538
0.659488
0.185437
-0.327133
-0.686166
0.690207
-0.793494
0.538988
-0.741232
-0.787246
-0.997325
0.584518
-0.902501
0.350339
-0.235046
-0.164693
0.95279
0.296229
-0.223423
0.123617
0.469416
-0.694191
0.841770
-0.143529
0.504348
-0.28198
-0.981928
-0.864713
0.759648
0.663928
-0.821948
0.470631
-0.201858
0.230647
0.939278
0.367575
-0.684440
-0.671605
0.811297
-0.625565
-0.778614
0.333671
-0.782831
-0.677677
0.929789
-0.569877
-0.202930
0.701668
0.840072
-0.862773
0.802932
-0.704398
0.808467
-0.46287
-0.740194
0.451762
-0.841967
-0.312056
0.16522
0.716333
0.847690
0.730752
0.359423
0.4464
-0.397439
-0.11550
0.613938
0.236800
-0.641008
-0.558523
0.987643
-0.416363
0.828423
-0.3464
-0.234504
-0.823960
-0.522359
0.165518
0.536188
0.597630
-0.553572
0.166703
0.357833
-0.622620
0.719294
-0.380043
-0.224133
-0.569251
-0.41178
-0.930205
-0.808864
-0.390581
0.825229
0.213006
-0.758786
-0.811396
0.452520
0.512573
0.414306
-0.809194
0.865393
0.873241
-0.534701
0.174786
0.531559
0.884266
0.375508
-0.671647
-0.347300
-0.594858
-0.727993
-0.934797
0.933410
0.507219
-0.131619
-0.514021
0.54707
0.119242
-0.346107
-0.681640
-0.915371
-0.218090
0.357106
-0.40672
-0.323446
0.810493
-0.74489
0.748304
-0.741716
-0.871967
-0.604641
-0.386700
-0.773251
0.765109
0.316323
0.513376
-0.529007
-0.555278
0.653907
0.106872
0.747833
-0.545144
0.695359
0.830221
-0.581676
-0.343115
-0.604529
-0.878370
0.268461
-0.529842
-0.606580
-0.849183
-0.291037
0.54405
-0.516763
-0.955002
-0.594995
-0.86918
-0.826299
0.276486
-0.652032
0.626997
0.382120
-0.150693
0.665198
-0.751718
0.240105
0.956422
0.521714
-0.508791
0.688457
-0.819426
-0.996643
-0.606512
-0.372540
-0.263623
0.18952
0.797485
0.428692
0.568006
0.145065
-0.914725
0.953330
-0.949017
-0.398326
-0.546227
0.437953
-0.886589
-0.821054
0.290244
-0.408803
-0.734519
-0.477191
-0.345180
-0.512887
-0.32478
-0.265615
-0.75828
-0.334702
-0.210343
-0.999006
0.336164
0.154927
0.904260
0.748558
0.169577
0.264723
-0.585117
-0.468805
-0.164150
0.876188
0.155998
0.176535
-0.360749
-0.773023
0.760618
0.360366
0.241693
0.835888
0.491276
-0.340458
-0.741808
0.114005
-0.863448
0.806279
-0.80856
-0.256931
-0.824271
-0.501384
0.461056
-0.788817
-0.79141
0.351161
0.180829
-0.983139
-0.287847
-0.365662
-0.445131
-0.905638
0.578831
-0.368882
-0.394385
0.412893
-0.59281
-0.436380
-0.221388
-0.774716
0.890733
-0.137715
0.829278
-0.260020
-0.477156
0.179485
-0.621702
0.263571
0.797041
0.376572
-0.258267
-0.442786
0.736446
-0.870590
-0.620716
-0.291068
-0.287535
-0.99363
0.582343
0.750290
-0.501418
-0.498139
0.14899
0.840006
0.910515
-0.36070
0.522396
-0.2683
0.358023
-0.249381
-0.551283
0.6540
-0.1938
-0.955631
0.497991
0.160132
-0.152050
0.638881
0.452685
-0.11594
0.211818
0.48336
0.526521
0.509408
-0.956997
0.379635
0.815592
-0.863451
0.41134
0.918163
-0.557708
-0.54886
0.285623
-0.909412
0.689007
-0.134213
-0.485022
0.151391
-0.782625
0.928791
0.419590
-0.280606
0.243657
-0.569064
0.479492
-0.823917
0.114578
0.779663
0.88924
-0.171214
0.642785
-0.195109
-0.520681
0.172055
-0.523652
-0.559280
0.441977
-0.211128
-0.500296
0.486778
0.300123
-0.49692
0.222204
-0.847607
-0.551134
0.605411
0.873305
0.354431
-0.179725
-0.213644
-0.176388
-0.679324
-0.129162
0.336704
0.703349
0.641950
0.166882
0.450878
-0.37350
-0.700214
-0.866363
-0.815108
-0.655202
0.650006
-0.728729
0.571009
0.152926
-0.556187
0.657137
0.944251
-0.232726
0.880311
-0.794197
0.305047
-0.178731
0.452736
-0.343591
-0.301115
0.953736
0.866425
-0.331124
0.620288
0.204119
-0.798844
-0.585719
-0.254447
-0.362001
0.734405
-0.15004
0.504098
-0.561066
0.755182
-0.224679
-0.936155
-0.7420
0.893586
0.756367
0.338947
-0.690349
0.854448
-0.913591
-0.610865
0.276358
0.948143
0.417427
0.1449
-0.441779
0.432207
0.812930
0.877579
0.687295
-0.675246
0.801391
-0.920502
0.184689
0.284161
0.916549
-0.406577
-0.789353
0.516973
0.839665
0.217978
0.791407
-0.464255
-0.534900
-0.457391
-0.629351
-0.182210
0.695887
0.955187
-0.910366
0.11561
-0.167078
0.52527
0.805562
0.195917
-0.604276
-0.959376
-0.580433
0.32724
-0.798170
-0.853880
0.655456
0.890968
0.171507
-0.748273
0.601855
0.425142
-0.694325
0.758069
-0.563522
-0.177819
0.400586
-0.112537
-0.77178
0.129056
-0.151728
-0.335574
-0.535379
0.674881
-0.72697
0.305113
0.699340
-0.476189
-0.240628
0.442609
0.737301
-0.521005
-0.273975
0.635258
-0.295156
0.259206
-0.263603
0.286774
0.821322
-0.538573
0.901161
-0.117627
0.606645
-0.543223
0.377131
0.684129
0.122612
0.252320
-0.838677
-0.780444
-0.651893
0.97071
-0.150782
-0.230831
-0.861852
-0.415179
-0.129443
-0.912570
0.642975
0.99714
-0.957977
0.134539
-0.505330
0.993528
-0.790791
-0.510545
-0.329975
-0.390885
0.24165
-0.485566
-0.423824
-0.681734
-0.949904
-0.322060
0.566450
-0.129338
-0.238322
-0.121369
0.683441
-0.120363
0.405223
-0.465973
0.754877
-0.248660
-0.511278
-0.697764
0.184029
0.521074
0.6508
-0.243165
-0.813964
-0.613738
-0.669084
-0.828642
-0.850006
-0.859462
0.96267
-0.23131
-0.698645
0.662891
-0.555075
-0.177730
0.256507
-0.389389
-0.90994
-0.352325
0.37761
-0.989949
-0.217524
0.608428
0.283949
0.355463
-0.826030
-0.264065
-0.199442
-0.767303
-0.803964
0.526325
0.676541
-0.356190
-0.64621
-0.188845
-0.707284
-0.841933
-0.30090
0.25042
0.950955
-0.726960
-0.308155
-0.301661
-0.434333
-0.294819
0.46701
-0.331473
0.253212
-0.7129
-0.428884
0.452920
-0.407473
-0.577328
0.777918
0.267954
0.15579
0.505859
0.502291
0.347684
-0.425540
0.723979
0.980001
0.195483
-0.775820
0.583750
0.914939
0.857224
0.880580
0.759975
-0.69626
-0.903725
-0.539196
-0.925292
-0.766161
-0.527168
0.948184
-0.663943
-0.822952
-0.194102
0.578391
-0.319829
0.847228
0.815742
-0.644310
-0.902659
-0.636350
-0.831846
-0.765025
0.249738
-0.62818
-0.722887
-0.28054
0.971892
-0.278961
-0.966130
0.460200
-0.867034
0.979365
-0.67940
-0.291197
0.853963
-0.809688
-0.619446
0.475651
-0.622251
0.162442
-0.582177
-0.764673
-0.74206
0.236416
-0.417338
-0.326296
0.36748
0.967148
-0.929336
-0.591641
0.702245
0.501813
0.492395
-0.223579
-0.32287
0.976137
0.609222
0.168533
-0.300797
0.723765
-0.134270
0.2508
-0.872075
-0.792060
0.260706
0.617416
0.301382
0.800994
-0.613046
-0.941128
0.443299
-0.776149
0.174428
-0.735949
-0.382337
-0.709714
-0.26129
0.203978
0.198231
-0.215968
-0.896091
-0.938241
-0.985318
-0.23955
-0.796513
0.760050
0.398701
-0.292333
0.997234
-0.564707
0.520702
0.412531
0.502996
-0.961387
-0.612548
-0.192869
0.43444
0.738817
0.903051
-0.659831
0.760560
0.455729
0.988784
0.248743
0.809049
0.398294
0.120576
-0.392934
0.943687
0.357503
-0.564382
0.97578
-0.197836
-0.669293
-0.115521
-0.800451
0.781709
0.551695
0.36947
0.272864
-0.162944
-0.692100
0.998336
0.939796
0.955708
0.530962
0.364025
0.644269
0.464937
0.662748
0.675390
0.489243
-0.752084
-0.743944
0.357728
-0.151379
-0.204320
0.836897
-0.961218
0.177384
-0.590346
-0.953369
0.336887
0.516232
-0.943904
0.414986
-0.674883
0.592745
-0.461520
0.732350
0.869850
0.372626
0.276265
0.825883
0.502569
-0.670762
-0.227965
0.47286
0.254473
-0.399381
-0.258850
0.366727
0.751302
0.877053
0.812513
-0.64775
-0.42190
0.305590
-0.163277
0.555939
-0.134740
0.275114
-0.883536
0.443911
0.402271
0.369090
0.690364
-0.627559
-0.211641
-0.654489
-0.146721
0.255574
0.673018
-0.23718
-0.692638
-0.534845
0.839062
-0.222789
-0.648712
0.376959
0.542696
0.744808
0.514570
-0.674727
0.393333
-0.783070
-0.81185
-0.761669
-0.116161
-0.623202
0.397749
-0.185235
0.968007
-0.959410
0.107428
0.700406
-0.631475
0.399537
-0.817582
-0.388609
-0.436185
0.300025
0.759379
0.304277
0.363434
-0.233397
0.601879
0.997994
-0.859360
-0.219309
0.842830
-0.649616
-0.364929
0.136702
0.639771
0.942483
-0.246046
-0.626031
-0.304203
0.913671
-0.374140
-0.461524
-0.82052
-0.62257
0.449627
-0.424552
-0.201281
-0.799466
0.639674
0.781426
-0.10536
0.904458
0.482771
0.778361
0.493501
0.487316
0.839100
0.360012
0.924711
0.378916
0.736539
0.699500
0.910340
-0.536735
-0.467840
0.862164
-0.74775
0.251311
-0.813463
0.860873
-0.754408
-0.207310
-0.813381
0.547364
0.22296
0.145136
-0.246100
-0.213008
0.376307
-0.222808
-0.616961
0.355228
-0.884299
0.249283
0.185268
-0.37431
-0.491049
0.49537
0.812065
0.558875
0.523182
0.109549
0.65000
0.958427
-0.621357
-0.318159
-0.298912
-0.930055
0.828982
0.397325
0.838550
-0.953927
-0.195851
0.634029
-0.600365
-0.358629
-0.896916
0.441886
-0.339793
-0.435928
0.614253
-0.199469
-0.460178
-0.129080
0.857918
-0.303411
-0.993866
0.26067
-0.777154
-0.713985
0.369353
-0.50123
0.89850
-0.744538
0.408674
-0.390793
-0.450905
0.968796
-0.752490
-0.716596
-0.656986
-0.823228
0.310049
-0.873274
-0.25744
-0.13778
-0.692578
0.177719
-0.72262
0.212071
-0.135428
-0.536568
-0.709479
-0.530121
0.152297
-0.105082
-0.815780
0.492840
0.293958
0.245736
0.469725
-0.747504
0.356120
-0.944732
0.880185
-0.942024
-0.276021
0.151004
0.16661
-0.996526
-0.960547
-0.10946
-0.546272
-0.418509
0.386252
-0.676285
-0.956464
-0.534634
-0.381716
-0.257320
0.668874
-0.310220
-0.710640
-0.479452
0.175053
-0.928965
0.577587
0.428280
-0.960050
0.480442
0.60090
-0.718632
-0.96868
-0.361844
0.765337
-0.256838
0.851212
0.411811
0.60986
0.321858
0.367241
0.887992
-0.190735
0.585040
-0.712117
0.13439
0.738561
0.821467
0.501690
0.830366
-0.351531
-0.733943
0.203319
0.280947
-0.37017
-0.16697
0.369981
0.381791
-0.253666
0.744205
-0.548666
-0.770696
-0.489717
-0.639009
-0.324530
-0.291139
0.589284
0.878804
-0.687188
0.573260
-0.311613
0.161167
-0.527352
-0.275015
0.26143
0.295858
-0.776866
-0.862037
-0.691421
-0.807046
0.3126
-0.692012
0.155971
-0.417717
-0.279624
0.83716
-0.129992
-0.789184
-0.304195
0.471066
0.599773
-0.421499
-0.866183
-0.675926
-0.817288
0.89908
-0.97510
0.961881
0.901793
-0.612993
-0.403280
0.289007
0.974297
0.706968
0.691447
-0.641534
0.977664
-0.184211
-0.895627
-0.917804
-0.859462
0.566033
0.822338
0.243157
0.423865
0.421901
-0.585564
0.876770
0.821803
-0.871058
0.794477
0.320823
0.608330
-0.132341
-0.881524
-0.733224
-0.574210
-0.247014
-0.343524
0.120680
-0.379026
0.110887
0.769841
-0.40804
-0.87747
0.137599
-0.457158
-0.654366
-0.479810
-0.569446
-0.353205
0.651377
-0.634633
0.323964
-0.904915
0.261899
0.503577
-0.764884
-0.876795
0.897766
0.750254
-0.846767
0.10141
0.789254
0.804193
0.400341
-0.694075
-0.84814
-0.466462
0.306866
-0.369774
-0.171671
0.974255
-0.663121
0.774948
-0.815592
-0.112605
0.765320
-0.679846
0.645401
0.429626
0.157790
0.613813
-0.452410
-0.684086
-0.968005
0.877097
-0.959915
0.625288
-0.702402
-0.700275
-0.958144
0.696707
0.935627
-0.278038
0.893296
0.143124
-0.347718
-0.842746
0.353565
0.108461
0.129748
-0.10302
0.836911
0.229051
-0.552180
-0.90013
0.742208
0.233788
-0.195977
-0.291568
-0.252194
0.689416
0.224334
0.916394
0.91699
-0.448525
-0.526766
-0.827463
0.610770
0.935696
0.985841
0.189626
0.845133
-0.954941
0.967944
0.163087
-0.713906
-0.336404
0.417370
0.65195
-0.310357
0.246868
0.488899
0.233506
0.130846
0.295324
-0.227615
0.393793
-0.424717
0.630210
0.111595
-0.645505
0.678505
-0.312797
-0.751059
0.121296
-0.891712
-0.931244
0.958848
0.512986
-0.850304
0.239085
-0.809613
0.150667
0.14316
-0.659697
0.123231
0.984117
-0.287111
-0.930315
0.191259
0.132290
0.452479
-0.496288
-0.744637
0.17373
0.333936
0.672861
0.438393
0.894233
0.153462
0.94974
0.859132
0.111133
0.408710
-0.217117
0.609411
-0.199294
0.929294
0.989570
0.704856
-0.268874
0.812459
-0.698694
0.314320
-0.703562
0.146857
-0.260828
-0.910332
0.668584
0.413410
0.919012
0.751461
-0.117417
-0.330240
-0.354687
-0.662987
0.106593
-0.598001
-0.242651
0.398215
-0.896456
0.777454
-0.583766
-0.45599
0.523180
0.654404
-0.514535
-0.593203
0.86620
0.771644
0.474892
0.613925
-0.426430
-0.903125
0.156952
0.131646
-0.879116
0.727045
0.629590
0.715233
0.748006
-0.111316
0.291854
0.443550
-0.144315
-0.852486
0.682529
0.717045
-0.711042
0.294392
0.437862
0.921403
0.367843
0.296213
0.937445
-0.666557
0.897435
-0.497048
0.515096
-0.600468
0.672144
0.311324
-0.435718
0.979985
0.681244
0.531107
-0.733121
0.468789
-0.133663
0.614750
-0.292801
-0.789263
-0.575532
0.412230
-0.226910
-0.266393
-0.982005
-0.286432
-0.638790
0.597188
0.573500
-0.471845
0.97158
0.440289
0.705637
0.301929
0.852699
0.221380
0.893856
0.551565
-0.162661
0.52524
-0.428379
-0.595093
0.638079
0.419908
0.320578
0.67256
-0.832387
-0.164910
-0.78937
0.569168
-0.590736
0.392573
0.456862
-0.121710
-0.278448
-0.796893
-0.545895
-0.806700
-0.100621
-0.428257
0.118361
0.871639
-0.519411
0.521478
-0.536093
-0.562689
-0.397546
0.127773
0.415752
0.506636
0.940069
0.433731
-0.728220
0.702643
0.467040
0.799096
0.142766
-0.568855
-0.739989
0.776878
0.697331
-0.919263
-0.811182
-0.465637
0.812871
-0.437487
0.308507
-0.271610
-0.628002
0.381921
-0.621506
-0.713149
-0.884457
0.459154
-0.888689
0.416881
0.91952
-0.197249
0.899533
-0.646420
-0.667864
-0.498050
0.955126
0.529450
-0.776617
0.194523
-0.125093
0.195101
0.222380
-0.633997
-0.922992
0.213441
0.419728
0.434430
0.106281
0.64370
-0.681110
0.783220
-0.364784
0.735716
0.256746
0.572230
-0.870616
0.907741
-0.970642
-0.720418
0.625322
0.424930
0.377254
0.364311
-0.972915
0.774032
-0.23806
0.806613
0.386275
0.562697
0.505273
-0.541212
0.451314
-0.501591
-0.507044
0.315591
-0.188573
0.693768
-0.632586
0.565715
0.519466
0.775878
0.929704
0.448215
0.641172
0.991704
-0.178543
-0.555040
-0.14574
0.568166
0.311344
-0.686689
-0.656982
-0.582098
0.954889
-0.927773
-0.520265
0.533980
0.802494
-0.798653
-0.25812
-0.622817
-0.839626
-0.350565
0.267192
0.408523
-0.835192
0.594806
0.992021
-0.814447
0.357422
0.937618
-0.962224
-0.360361
0.970146
-0.757441
-0.949373
0.716665
0.590819
0.192256
0.502313
-0.469252
-0.212343
-0.346032
-0.273667
-0.667627
-0.419051
-0.25128
-0.593196
0.178698
0.544505
0.559300
0.349102
-0.831933
0.375900
-0.830637
0.141320
-0.732071
-0.363947
0.590732
0.754934
0.785055
-0.379957
-0.587965
-0.712026
-0.52848
0.735507
0.299465
-0.920819
0.540882
-0.671940
-0.691285
0.671408
-0.199628
-0.17812
0.705674
-0.81423
0.463085
0.817266
0.467239
0.334066
-0.334879
0.164940
0.670534
-0.798446
-0.898831
-0.582936
-0.316351
0.529825
0.806052
0.339043
-0.836737
-0.518809
0.914551
-0.867224
0.898071
0.418230
0.787215
0.899998
-0.185282
0.669166
-0.685183
0.706933
-0.539150
0.550217
-0.817101
0.889634
0.858782
0.986364
0.260870
-0.671476
0.571231
-0.940947
-0.705581
-0.848900
-0.539389
-0.7680
0.802872
-0.258810
0.500428
-0.203577
-0.247343
0.487719
-0.18006
-0.395812
-0.844024
0.470521
-0.189699
-0.322757
0.768765
-0.818847
-0.206075
-0.565431
-0.90196
0.383674
-0.665973
0.908154
-0.196815
-0.535795
0.902661
-0.526402
-0.31599
-0.710996
0.924744
0.149282
0.721763
0.34368
0.827360
0.969490
-0.940394
0.508182
-0.456768
-0.552388
-0.361266
-0.901108
0.52494
0.43317
-0.940786
-0.854448
0.304420
0.591743
-0.4564
0.986726
-0.742264
-0.265834
-0.825733
-0.321729
0.223056
-0.452436
-0.478653
-0.880955
0.297407
0.164298
0.194938
-0.136427
0.538829
0.558246
0.870635
0.375319
-0.17541
-0.811909
-0.447873
-0.642128
0.524108
-0.287956
0.480814
0.566614
0.609536
0.532767
-0.749658
-0.336537
0.913717
-0.348234
0.956107
-0.429955
0.397410
0.333276
0.891855
-0.548916
-0.102673
0.451429
-0.5784
0.394413
0.265307
0.936147
-0.629078
-0.819806
-0.200171
0.359852
0.924297
-0.678983
-0.548024
0.199694
0.20368
0.888547
0.585483
-0.739233
0.874372
-0.239292
-0.577178
0.670997
-0.480827
-0.265404
0.691547
-0.386333
-0.415065
-0.970255
0.593928
0.435673
-0.434912
0.253689
-0.696900
0.644367
0.642920
0.227304
-0.91803
0.426355
0.421809
-0.769981
-0.833368
-0.761905
-0.737983
0.244227
0.934814
0.462559
-0.36824
0.422825
0.741875
-0.821349
-0.983557
0.604894
0.463306
0.164343
-0.755712
-0.514824
0.123343
-0.353866
-0.525241
-0.709589
-0.310697
-0.862485
0.921101
0.597598
-0.901560
-0.47771
-0.467600
-0.476829
-0.232970
-0.332374
0.608202
-0.94116
-0.640279
0.109224
0.78780
-0.658280
-0.23666
-0.736999
-0.355132
-0.607743
0.269896
-0.174513
-0.857236
-0.184754
-0.325220
0.111593
0.880678
-0.181319
-0.170044
-0.719182
-0.142061
0.154653
-0.447283
0.110494
-0.258953
-0.575460
-0.406455
0.782697
0.917669
0.386602
0.517284
-0.692663
-0.703905
0.951624
0.197230
-0.155477
0.80972
0.21370
-0.234487
0.847024
0.366453
0.538642
0.688810
0.69304
0.321495
-0.882072
0.470453
-0.785799
0.481422
0.597363
0.440934
0.534295
-0.95675
-0.566514
0.203881
-0.856306
-0.352375
0.892298
-0.748992
0.680369
-0.450212
0.941971
-0.686233
0.611376
-0.981546
0.879011
0.994284
-0.460738
-0.1675
0.936473
-0.440791
0.808594
-0.704080
0.350704
0.695199
-0.556264
0.142570
-0.66077
0.258710
-0.29162
-0.918898
0.179088
0.354183
-0.519494
0.183431
-0.594118
-0.765099
0.450093
0.136309
-0.954956
-0.864574
0.493271
-0.42160
0.868652
0.269507
-0.57478
-0.322340
-0.134291
0.909096
-0.65086
0.142457
-0.265807
-0.94621
0.409440
0.33050
-0.95142
-0.908321
0.937473
0.664115
-0.251351
0.220293
0.671083
0.578099
-0.735509
-0.8216
-0.612428
0.976153
-0.574581
-0.594135
0.850761
-0.864771
0.73866
0.50669
0.239926
-0.333817
-0.197462
0.316459
-0.613096
0.222976
-0.898106
0.665553
-0.381865
-0.905121
-0.745185
-0.456820
-0.159146
0.58201
0.611036
0.277056
0.372711
0.858591
0.197688
0.471423
0.102313
-0.675741
0.925591
-0.543658
-0.15705
-0.780255
0.980740
-0.389540
-0.75019
0.889251
-0.589317
-0.537017
-0.809885
0.48554
0.603363
-0.818357
-0.214377
0.738799
0.868097
-0.480129
-0.247589
-0.677397
-0.13812
-0.884568
0.31032
0.291238
0.972831
-0.98729
-0.256567
0.790289
0.183614
-0.598310
0.651801
0.570664
-0.135919
0.920053
0.827530
0.644542
0.180741
0.962877
-0.335634
-0.864826
-0.631426
-0.607534
-0.143543
-0.780628
-0.39174
0.725149
-0.748753
-0.727226
0.862959
0.300885
0.277434
-0.80888
-0.990889
-0.702652
0.330585
0.151342
0.563738
-0.366358
0.189404
-0.34439
0.558629
0.952258
0.88105
0.224759
-0.359468
0.190611
0.987423
-0.611430
0.831617
0.821188
-0.914265
0.156919
0.764111
-0.701636
-0.702967
-0.214798
-0.528367
-0.601683
-0.362893
0.600242
0.352086
0.875616
0.578704
-0.350526
0.833832
0.88877
-0.176949
-0.258804
0.801777
0.410927
0.212868
-0.282693
-0.825487
-0.390413
0.227171
-0.427094
0.814212
0.951471
-0.822460
-0.803238
0.990064
-0.437094
0.170615
0.624425
0.172691
0.993489
0.693782
0.159500
-0.193263
-0.224002
-0.89624
-0.32397
-0.986510
0.296752
0.802218
0.14318
0.541162
0.991999
-0.180015
0.200522
-0.168128
0.770970
0.502898
0.897532
0.29439
0.632948
0.288982
-0.22899
0.165566
0.117166
-0.452347
-0.309122
-0.99249
0.221639
0.433897
0.148323
-0.648877
-0.496640
-0.398820
0.364289
-0.32059
-0.63675
0.178935
-0.629238
0.438930
-0.861341
-0.877890
-0.917491
0.504288
0.772756
-0.593996
0.572914
-0.389428
-0.911001
-0.980080
0.732860
0.305232
-0.365885
-0.399461
0.861372
0.257881
-0.762373
0.925880
-0.145614
-0.851699
0.884705
-0.872153
-0.721273
0.43526
-0.566182
-0.940269
0.68450
0.611929
-0.246020
0.945811
0.882487
0.862809
0.855815
-0.357429
0.735209
-0.436152
0.171175
-0.77534
0.86240
0.557428
0.177371
-0.467817
0.259551
-0.712860
0.123841
0.645668
0.378716
-0.683893
0.813519
0.752314
-0.766802
-0.684995
-0.13124
0.379482
-0.916293
0.784491
-0.950960
0.372189
0.364758
0.748786
0.260074
0.11280
0.419284
-0.906026
0.769199
0.297883
0.363159
0.23035
-0.778111
-0.24704
-0.339428
-0.820773
-0.577855
0.17251
-0.794365
-0.947565
-0.676844
-0.209581
-0.686723
-0.845283
0.290300
-0.24628
0.158749
0.62447
0.450181
0.663969
0.412698
0.112701
-0.194058
0.965870
0.928693
-0.559214
-0.904986
-0.218017
0.917107
0.80336
-0.755523
-0.893571
0.152628
0.883836
-0.75873
-0.908770
0.548901
0.28180
0.667775
0.247734
0.940191
0.718358
-0.608447
-0.469590
-0.32380
-0.249315
-0.171244
-0.734879
0.615257
-0.443034
0.199226
-0.212406
-0.889628
-0.7438
-0.750989
0.186576
0.94824
-0.85413
0.390367
0.745178
-0.621283
-0.243355
-0.170084
0.632751
0.113302
-0.509175
-0.943942
0.577007
0.478520
-0.940029
0.388673
-0.469746
-0.580597
-0.219473
0.110163
0.393711
-0.508201
-0.556677
-0.131653
-0.979978
-0.781566
-0.590188
-0.243439
-0.75430
0.784345
0.984172
0.174770
-0.689220
-0.9078
0.726331
0.906048
0.399744
-0.789813
0.92534
-0.662202
0.715477
-0.594370
-0.169277
0.989213
0.592472
0.292872
0.979280
0.546915
0.255713
-0.609897
0.707938
-0.134790
0.446547
0.580456
0.878773
0.644298
0.202779
0.416268
-0.109181
0.165821
-0.211743
-0.311002
-0.959039
-0.892228
0.930262
-0.713148
0.534424
-0.778587
0.288894
-0.36405
-0.634405
-0.278270
-0.952076
-0.241946
0.616372
-0.795615
-0.382812
-0.51844
0.480886
0.72955
0.446198
-0.598405
0.150393
0.961594
-0.768739
0.639659
-0.711407
0.273033
-0.645172
0.757446
-0.439098
0.606013
0.176031
-0.196465
-0.118281
0.100770
0.88227
-0.61454
0.592519
0.226964
0.53752
0.313458
0.817257
0.461347
-0.617823
0.240326
0.288207
0.911536
0.536900
0.153859
0.410126
0.736014
-0.986508
0.286031
-0.853221
-0.972989
-0.895971
-0.704836
-0.389292
0.175657
-0.901329
0.613093
-0.295027
0.202830
-0.665336
0.3462
0.644023
-0.122872
0.53296
-0.725911
-0.438251
0.846194
0.501701
0.563802
-0.233567
0.447164
-0.188147
-0.357137
-0.101240
-0.315103
-0.433009
-0.391094
-0.574393
-0.223917
-0.439222
0.566911
-0.681433
-0.244399
0.480488
0.106831
-0.580365
-0.881656
0.130606
0.251687
-0.315112
0.31126
0.918059
0.857859
0.452539
-0.636494
0.64308
-0.318291
0.132862
0.445228
0.887244
0.360110
-0.622408
-0.236122
-0.996911
0.17564
-0.87304
0.92850
0.503614
-0.14168
0.65189
0.880620
-0.370419
0.875239
0.277954
-0.632984
0.388880
-0.149160
0.751213
0.797006
-0.905796
0.576501
0.379612
0.31167
-0.652764
-0.355732
0.212349
0.847450
0.951616
0.118754
0.559510
0.427473
0.777537
0.992382
0.994620
-0.793228
-0.603958
0.926220
0.71784
-0.383148
-0.2723
0.958853
-0.491585
0.830545
0.45345
-0.705476
-0.733742
-0.585949
-0.225935
0.40030
-0.367719
-0.153676
-0.719339
-0.471599
-0.553637
-0.32023
0.109981
-0.804137
-0.313532
-0.77472
-0.616686
0.996437
-0.948601
-0.861708
-0.160718
0.427797
-0.251349
0.532819
0.177722
-0.310868
-0.375518
0.804072
0.850120
0.119770
0.275596
0.555233
-0.529246
0.759063
-0.650409
0.168736
-0.38862
-0.888620
0.694359
-0.809955
0.942210
0.119793
0.980067
-0.835932
-0.81130
0.542895
-0.702000
-0.281714
-0.166151
-0.709093
0.177901
0.176743
-0.507067
0.56030
-0.3155
-0.106212
-0.19513
-0.779445
0.698926
-0.862471
-0.603783
-0.169487
0.19846
0.53381
-0.8331
-0.551613
0.673009
-0.952051
-0.310072
0.414207
-0.906770
-0.258592
0.262776
