3.622089
0.103549
-0.215249
-3.81952
8.946405
8.379983
-8.81913
-0.41501
-4.114891
-1.83298
4.275193
9.30995
8.185786
5.33341
-6.894839
6.408689
4.206059
0.5519
9.499094
7.476347
-1.787502
-4.967573
-9.195803
0.482778
8.957496
-1.184665
-8.59881
-8.885861
-1.982453
6.826940
1.179562
1.178758
-7.411727
9.610070
5.855738
-2.127842
8.773660
-6.907810
-2.55441
5.364149
-6.400880
-1.989884
-1.129451
-4.38073
-7.749090
-7.673694
-3.704222
1.79439
1.804863
-5.895940
2.829019
-1.907952
1.100314
8.118258
-7.960916
-4.102135
6.210228
-7.861430
-1.457953
8.982250
2.261263
1.507256
-4.898989
9.848189
6.964926
-8.621291
-1.977829
9.775496
-8.471159
-0.120259
7.570594
0.739395
8.132900
0.880559
5.536797
5.850705
1.12329
5.209538
-1.554477
2.368359
3.547126
0.436149
5.427027
9.652780
3.231665
4.640950
-7.499123
-0.983708
-1.505191
3.521525
-5.498609
1.246761
3.756886
4.444325
9.673621
1.376995
0.724794
-7.178496
-4.29949
-0.750313
-7.976198
-1.278200
-4.912065
-9.494341
3.421940
5.748011
9.839612
-6.709071
4.565927
-4.481009
-1.822676
-9.654408
8.928704
-3.588945
-7.771559
-3.257266
3.687017
-2.43583
-8.343378
-3.607944
3.842455
1.94576
4.578364
-9.83409
8.54036
8.680219
-1.855305
-8.304087
6.721415
3.653590
-9.334573
1.773267
-2.247871
1.186802
3.84403
7.362613
8.769444
-7.693564
-9.811340
1.237755
9.421114
2.700445
-3.246509
8.988010
2.30246
-2.628423
-4.588863
3.565880
-2.119409
6.625532
-2.175841
-2.645495
-9.129070
-1.688578
-4.923780
-1.405065
2.812651
8.518197
-7.825789
-9.973195
5.646709
6.148202
5.283643
2.300905
3.903141
8.658402
-0.962006
3.67045
9.667082
7.122513
-9.638390
-4.152179
5.364324
-7.37688
9.160281
3.762349
-5.505019
8.977155
-0.744636
1.443225
-9.698454
-6.235221
-8.666316
5.153515
9.385396
2.802092
1.808667
-5.250477
6.129367
-1.303830
-0.747061
1.105769
9.44509
1.846924
-4.846623
9.946747
-5.805699
-2.901836
5.302205
6.190238
2.172098
-5.918879
-9.582760
-2.11714
0.243428
-6.470889
5.940094
2.188767
7.710414
-2.249672
-6.249766
-2.409152
-0.995753
-6.675887
6.86717
3.162696
8.673211
-2.459633
-7.288792
4.290055
-2.283603
9.16497
-9.594508
9.62144
-4.782682
-7.602745
-1.501786
-2.252798
0.306675
-4.965622
0.419876
-5.325185
1.665836
3.991886
-5.831400
-6.944159
-1.801052
1.858527
4.788997
0.851934
3.780656
-9.824931
-5.426615
-6.581460
6.965355
5.697721
2.941254
-5.369165
1.473792
2.27574
-7.836920
-6.185431
-5.89606
1.660305
-4.959671
0.770386
-4.727901
3.817648
-9.808779
5.524321
-4.446248
-0.994437
-2.10424
-8.160047
3.951544
8.216314
4.931220
4.380964
4.940423
6.914948
-3.672825
-1.478357
-9.672829
6.199208
-9.638953
2.957421
-5.368685
-7.330352
-1.211586
5.2533
3.247118
-9.265909
6.760691
-7.304717
-6.590996
-1.579200
2.39715
-2.216794
9.928086
-0.15073
2.485726
8.302645
4.9323
0.583481
5.701517
6.347681
9.221933
-7.771847
-1.378387
9.498327
-5.79321
8.761490
1.572246
-7.668068
-2.764516
-4.500542
-8.349921
9.197690
5.374201
-9.607393
-7.416150
-3.531238
4.251272
-1.336941
-7.92964
5.626688
-3.550018
5.386317
7.868733
7.441702
-5.636651
-5.422954
-6.135961
6.268642
5.920832
-7.794047
-6.752320
-7.533938
8.394395
-4.261134
4.599780
5.522357
5.790355
7.976022
-3.263777
-0.418136
-0.939643
-5.694570
0.396960
8.937366
-1.406830
-5.770558
5.527083
9.960383
5.891046
3.928388
0.699098
7.269546
-1.509696
-3.804635
0.628768
-7.586043
-3.648470
5.952011
0.248956
-5.492841
-6.961361
-2.923189
8.912262
8.839327
-2.449168
-1.374267
8.136983
9.527670
-2.522350
4.417505
-2.147623
-2.135995
-7.109895
0.466283
8.658878
-6.94509
-7.576440
2.599049
7.155423
9.620257
6.438291
-2.308624
2.500801
-5.40871
6.249821
7.756419
8.146708
1.585510
5.24838
-1.229999
2.693835
-9.894059
2.753861
2.734559
3.642775
-5.476735
-8.94353
-1.148964
-3.168239
-0.190880
-5.150745
2.195456
2.461010
6.57302
2.966968
0.848885
-8.797563
-7.422146
-4.288979
1.102541
-7.450387
0.287159
0.921481
6.370507
-9.707812
-2.666864
7.520434
8.415231
-3.453117
9.142578
8.746317
-2.441817
5.639490
0.93196
5.53848
1.164220
-1.417399
7.391387
-8.751500
1.698682
3.907460
4.44933
4.339260
7.735100
0.806107
3.519250
2.723414
6.732513
-3.452341
5.204582
-0.91777
-3.564313
5.909349
9.564719
9.900929
0.142145
2.955229
-6.860617
6.273540
-0.163468
-6.672978
-4.581093
6.813278
9.41727
5.875989
8.369911
-3.204065
-3.795852
-5.53010
-1.727040
-2.549328
-2.910982
5.373288
0.308210
4.934495
-8.574603
8.264136
-8.242861
-6.726939
-4.168710
2.321814
-0.761676
2.85314
3.685724
5.160331
-4.377359
6.28009
3.34808
3.774724
2.37650
-4.470702
5.295914
-9.61677
-4.613972
-8.994527
0.595683
4.270999
9.740892
4.317567
-9.537682
-7.128276
0.187733
-9.594333
4.754067
-5.491497
-0.224767
3.561184
6.764883
-9.595079
6.262359
-5.484488
6.550578
-2.255009
8.683095
-7.36913
-6.476793
-9.896446
0.323883
-6.826614
-2.663013
-9.870728
3.436815
2.173539
4.142577
5.990606
5.712153
-1.419252
3.899254
-9.893053
4.718215
-2.428774
-6.669359
1.627703
6.898139
8.751086
-1.678042
9.903773
-3.22169
3.765408
-7.761274
6.272126
-1.298804
-4.875536
7.290034
8.709042
-8.685825
0.180824
-9.606837
-2.320452
-8.115579
-1.687935
-8.908249
7.213335
-0.776732
-2.773723
-2.678561
3.719751
1.865602
-8.982664
3.996694
4.109555
-3.266374
-4.169213
-6.413073
-1.928797
1.951120
7.674435
-8.518868
8.990236
-0.370299
2.453035
-4.994218
4.809004
-0.772930
0.208734
3.825457
7.308924
-4.356312
-6.607162
3.349223
-6.730777
4.439761
9.417128
7.843508
-0.528338
3.761693
-6.189430
6.80356
-4.300075
8.314898
-3.670576
5.443960
-5.934129
-0.310296
-7.18239
0.470402
-8.134259
-2.716947
-1.704632
5.120252
1.334108
-7.799233
-7.542551
4.856713
-0.31002
-5.274152
4.927972
4.301386
-1.267060
3.432155
-7.178598
5.720816
-6.531273
-6.543449
4.568149
2.682767
-4.132643
-5.107207
-3.203169
-6.236954
1.523462
6.249619
-2.343035
2.254191
4.809736
9.544260
5.411814
6.63009
3.731144
0.120852
-2.352385
4.759851
3.142484
6.75538
9.383022
4.128643
7.553849
2.135667
-6.142780
-1.358600
2.731634
-6.924128
1.689603
-1.42980
-5.44059
5.293695
-7.958303
-1.170525
8.70273
-0.860716
-4.778808
5.864364
6.399707
-5.211521
-2.553996
-6.269574
1.386161
-7.831925
2.669873
-7.663855
6.902019
7.769455
-0.26013
-7.330531
-4.758545
-3.209431
7.811832
4.152301
0.366505
-7.80872
2.203058
5.464697
5.306270
-5.417379
-3.324654
-0.104857
-3.568036
0.639790
1.39700
8.838039
3.895523
-7.990960
8.988716
4.321201
4.199936
9.178919
-7.44074
-0.181564
-5.456018
-7.20956
1.572939
6.13986
-3.146256
7.995763
-3.893037
5.112976
4.897715
-1.542736
-8.233043
9.818790
-9.413553
4.220392
-0.220355
-5.236064
2.168548
-5.891515
-1.477120
9.42453
-6.710954
9.38673
1.896355
-2.179521
3.879133
-1.500259
-2.880451
-0.735998
-8.245819
-0.970340
1.91127
-4.64196
8.426857
-8.268401
-8.602815
3.609058
5.250191
6.451953
3.327322
2.290364
5.883815
1.857071
-5.512570
-2.296568
3.429459
-7.615244
-0.606341
-4.571298
6.917981
9.156216
-4.295751
5.80244
-4.548370
-2.112834
-2.436807
-9.915774
7.49994
3.236270
5.694248
-9.669747
7.165812
-1.273569
8.540863
7.943607
-6.717500
-3.14411
8.927048
-2.221954
-7.834729
-3.609049
-7.835276
-4.913579
5.701029
-7.226548
5.786705
2.327310
-4.463608
-3.801940
2.429957
9.781992
6.14261
7.422515
9.603351
4.621490
7.589767
-3.944989
-1.635636
-0.195349
-2.893103
-6.390442
1.906171
3.606100
-6.763800
0.436484
3.84113
-3.424187
1.987468
-9.217358
-8.852163
-6.726611
6.449753
-0.373216
-0.443284
-2.360986
5.352872
-4.205645
-5.762969
-2.972098
-0.151326
1.246962
5.557351
-1.96753
0.287685
-9.733498
-3.572033
-2.393057
8.174265
6.34939
3.170430
3.506543
-7.917370
-3.309082
8.836834
-6.231724
-3.446587
2.598241
-9.594521
2.939247
-6.366131
-7.243686
2.298525
2.980401
-3.662529
2.820897
-9.816493
-9.485835
-1.67274
-7.323779
-3.711095
-1.413254
-5.677218
9.576690
5.208424
7.892808
4.330638
-1.126649
8.673900
-7.663008
-4.128911
2.274745
-1.607052
-3.526851
-8.375928
2.991117
5.604143
2.177945
6.310763
4.113470
2.41667
7.945131
6.583902
4.256505
-3.976045
7.372347
2.815365
-5.605239
8.227805
-1.266689
-4.562023
-0.308550
-4.435877
-9.621221
-6.957626
2.653516
4.601698
-2.649164
-4.438914
2.128497
-0.380921
-5.874153
3.366587
-4.981627
3.246123
7.568707
-0.907794
-1.867526
0.658552
-7.75284
5.263896
-4.749703
8.477837
9.64903
-4.251056
5.45045
2.819218
9.905291
5.908503
-2.56660
7.649155
-6.248012
9.161780
0.342690
-7.444666
2.392631
-4.872805
-0.486886
2.400391
-8.52234
-1.87263
1.886399
-4.840149
-6.831451
1.325580
-7.85012
-7.194806
8.562756
1.572740
7.883311
-5.86104
1.928665
9.193401
8.358149
-0.487813
-9.349800
-8.505509
-3.774158
-4.93741
-6.856410
-5.635177
6.79199
9.952838
3.934228
8.366059
-4.725700
-2.373078
-0.697351
-5.701757
-3.753984
-1.455321
-6.860327
-7.404459
1.411512
6.229291
3.699727
2.391481
8.15711
-7.651527
-6.904372
6.624853
3.931780
9.270169
5.317070
0.463336
-6.196781
0.350853
7.947414
-5.760621
-0.400567
-4.240015
8.397790
0.953091
3.858757
7.81719
5.471686
-9.754356
-5.335513
-1.428860
-8.703451
-7.978677
0.677155
4.691918
-8.911071
3.746128
7.975436
-3.749665
-4.9352
9.737506
7.102004
-4.523572
9.143414
3.376958
-0.527078
4.394492
7.475239
-9.482454
7.250638
-2.759909
-8.770888
-5.684143
1.772392
-3.433427
-4.103987
-5.675533
9.197081
8.689372
-5.390411
-2.152063
-7.919542
-8.912649
4.593711
-3.672586
3.324840
2.977898
-4.377887
8.532947
7.676392
-6.333926
-6.243055
3.505784
5.194740
-2.420633
8.109479
3.272003
0.302697
2.225858
-6.7587
1.898523
-2.207631
4.156745
-8.979062
-3.446976
6.510266
0.272920
-1.410470
2.152703
0.705341
2.426093
-9.499725
-2.362131
0.409610
-9.268575
3.95262
-6.247214
-4.669625
9.289439
-3.123251
-3.847454
9.795973
-6.728217
0.633618
6.739619
-1.466854
3.924802
-4.385466
-6.667895
5.997948
-4.899564
7.754913
-8.804331
-0.688211
-6.418319
5.925281
1.235714
0.622538
5.12577
-2.558532
-0.482098
2.693016
-9.240066
-6.452676
-1.289512
-7.19149
7.253202
-1.722533
-1.613118
-7.730750
-5.198680
-7.380714
-2.556474
0.3232
1.321904
9.284811
3.875161
-0.501402
-8.65354
-3.751263
5.557078
3.898715
-1.47439
-3.807581
-3.867352
7.161423
-0.615076
-8.980377
9.396215
9.391521
-1.41178
-7.794581
6.893802
-3.578907
-1.786220
4.837957
-1.269619
9.818058
0.722157
-6.595036
6.200149
5.736177
0.100185
-7.848649
6.501152
8.863246
4.768800
9.60269
0.271761
1.952278
-3.369434
-3.113011
-6.49021
5.290311
9.611757
-5.913415
8.356710
3.589421
-5.559221
-5.211383
-4.453778
2.294882
1.78330
-5.697926
-9.248927
-6.1203
0.825413
6.991178
2.800204
-9.490999
6.174953
7.568567
1.924370
-7.826196
6.639045
2.380421
4.429924
9.40000
-4.303624
4.459853
7.493669
-8.290858
-4.448080
-2.47059
-6.378108
7.536630
-4.468746
4.47518
4.346014
-9.439808
5.56635
6.166625
5.64661
7.829073
-4.674139
9.848787
-7.870571
-9.81257
3.955671
-2.326722
-7.169057
1.206686
-5.491823
0.948840
-8.436637
-4.77906
-0.285773
-7.6514
0.763777
-9.893892
-4.340359
-8.629552
0.535977
-3.540419
9.689937
-5.395343
-0.676916
8.519753
3.971374
2.894143
-1.727870
-1.45540
-6.13780
-6.729955
-8.990435
-6.502062
3.113625
-4.212045
0.362229
-4.552551
2.109734
1.202835
0.554893
-9.657731
9.460190
-6.915258
7.100841
-6.335417
7.109148
-5.218514
-7.41057
1.949838
6.574411
3.450752
-5.119281
-5.786287
-9.363467
0.527735
-4.282494
-0.115470
8.437157
-3.491779
3.324875
8.982930
-5.679547
-4.921514
-3.727245
4.210365
4.582920
2.239842
-4.733682
6.690527
-8.796860
1.156631
8.394866
6.520813
-3.449728
0.766102
-2.354408
-8.291090
5.311015
-1.487943
-6.255361
-0.220384
-4.317412
-5.182078
3.633373
7.518413
-6.397637
7.520836
-2.519831
9.348132
6.13870
-6.841920
4.331564
3.678701
5.804847
-8.920894
5.753560
8.402117
-4.622759
7.665520
3.220929
0.85845
3.933251
8.158015
1.313652
2.333540
-6.16485
-9.716896
9.725862
-9.354400
-4.123155
-8.771138
3.518731
-5.199700
9.512473
0.606777
-7.1025
4.92855
-8.919454
5.653
3.200937
-9.534176
-3.358641
8.5896
0.187348
-4.675138
-9.422866
2.184090
-0.877281
1.125196
-4.109709
-5.568101
1.69864
-3.580954
5.259386
3.902460
0.876422
-0.681404
8.67006
1.242740
8.563004
5.183659
1.875843
-7.158286
3.263394
-7.187287
9.85799
8.927251
-1.804499
-5.186053
-5.39861
5.115918
8.948400
-7.412299
-2.513512
3.955739
5.414118
-0.827868
2.897431
0.983736
-8.728332
-4.757279
-0.638680
-9.958749
-9.298442
0.949847
3.299074
4.222545
7.950719
-2.517899
7.199529
-8.558613
-8.811516
-7.801375
-8.235534
2.377387
6.930572
-0.464536
6.422884
2.642818
7.277687
5.883706
-3.93144
3.370753
3.128833
-4.880896
-5.615384
-3.746416
3.618212
5.644557
-7.292834
-1.840431
0.11925
5.478698
-5.199501
-4.989128
-0.797425
8.923468
-5.106154
7.296201
8.527860
-4.517013
-0.822273
-0.287860
-5.198798
-6.306972
-5.506123
8.243173
-7.466308
1.631116
3.380414
0.991890
8.865602
-3.578342
-8.49919
7.409168
-6.536983
3.81454
-0.272643
-1.245116
-5.643430
1.276770
1.985568
-9.814453
-5.242123
1.984433
-9.546861
5.243186
-4.996876
1.946789
9.872774
0.851748
6.884371
1.309270
-3.414305
4.430978
3.149910
-9.593575
8.37851
2.432694
2.925573
-5.929606
-5.436682
-8.828755
3.684168
-4.569192
-0.409347
-8.741617
4.163807
4.432209
-6.824643
5.468188
3.155966
3.873544
4.468079
2.665344
-0.482474
9.982684
-4.892808
-1.726075
-2.429273
6.391530
9.464594
-5.565539
7.487285
0.644137
-5.16130
9.236821
9.899785
-7.559226
-5.164190
-8.123899
9.884310
-9.882105
-2.978745
5.858397
4.90254
8.83663
-0.580242
8.776502
-6.588299
-5.840277
-6.33328
-6.323419
-3.67742
7.767079
9.570424
-3.992954
-0.17354
1.536432
-2.308968
-3.764235
4.293764
4.878500
0.600335
-5.430202
-7.44944
5.460689
-5.914260
-1.821793
9.742515
6.873320
2.305404
-8.439429
2.673851
-2.503769
-0.271226
3.615534
-1.71299
-2.284172
6.997951
-3.833639
-7.631513
5.424901
5.537224
2.585278
1.787088
7.745782
-2.454313
-9.930035
-9.225734
6.166729
5.33608
-7.603783
-0.304810
5.737024
0.330627
2.130564
8.630228
-7.743879
-6.776958
0.21036
3.833082
1.34851
-1.549422
-4.83349
8.624049
1.959102
-7.220392
-9.479220
-6.536108
-1.905361
5.420616
-7.713388
-4.724929
3.508815
8.133974
0.903845
-7.80562
7.151143
4.12919
1.957032
7.117507
5.560656
7.890262
-0.927487
-3.409355
7.182846
-5.894875
7.175672
-0.769116
-3.484870
7.827617
-7.663145
8.509952
-9.433812
6.34427
9.419494
-7.97171
-0.771499
-6.438049
-3.665634
-3.326911
-3.875200
7.23890
5.14262
-1.838778
-3.180470
2.910477
7.142067
7.542735
3.609049
-1.330744
-6.308977
9.620756
5.156344
4.326875
-1.574410
-4.81795
8.743904
2.736411
-6.861136
-5.86597
-4.273116
6.83837
9.545064
-5.574259
0.722200
5.441086
-0.795384
4.72946
-3.744525
2.443050
9.528136
1.358633
-4.991134
9.923549
0.511010
3.450337
3.652009
-7.258093
3.327677
6.986161
0.564290
-0.887393
7.576228
-0.787137
-3.363349
-9.879274
-0.416707
-7.235905
2.73278
-3.306316
3.21616
2.8646
-4.867595
-2.143528
-2.410703
1.907672
-0.591874
-9.742341
-1.464724
2.503547
4.818212
6.420505
-3.701761
-9.653116
-6.198118
-0.364129
1.634192
-0.627611
-5.118832
1.951884
4.112928
7.682606
6.31959
1.769920
8.683626
6.652779
1.40300
8.779250
-6.138238
-1.674189
-4.726125
-8.315662
1.967799
6.66482
-6.271593
9.961129
1.591820
-5.755540
-0.678279
-1.824760
-6.731234
1.215915
-4.699306
-6.915874
3.486031
7.156950
1.809113
-8.44008
-6.521950
-1.361771
-6.548059
9.677390
6.465074
-2.459422
2.946708
-6.610557
-1.620100
8.15639
-6.92775
-3.989746
2.897095
8.540946
8.753314
-9.985646
3.853480
9.112058
-8.238861
-9.342062
-1.177200
2.422556
5.419240
-8.898488
-2.108919
1.749838
-5.253473
7.589503
6.463933
6.653172
-4.750285
-0.244518
-4.13993
-5.639473
-2.765645
-5.406639
-6.505524
7.525362
9.76708
-5.779664
2.649869
-2.812801
-8.741855
7.366830
4.745024
2.113399
-8.6657
-8.245574
-3.491266
-1.982593
4.61617
2.421892
8.485972
-9.673099
-3.398113
-5.286285
-6.603806
2.571444
1.327760
-7.820333
0.702337
-3.756761
6.195419
-5.65008
7.521354
2.330101
-9.381538
4.213892
4.836173
2.841443
-3.493013
-4.473456
-6.595574
-1.601222
-8.373581
8.657675
5.83256
1.656981
1.140775
-3.58610
8.360373
-3.656739
2.853248
8.919519
4.77709
-7.693227
9.601415
-3.889726
7.162309
-6.230572
-1.947552
8.15588
2.191440
5.186880
9.550564
7.352903
0.891294
-7.63627
0.83794
-6.820673
-4.599354
7.429202
0.300027
1.323754
4.101605
6.7162
9.214452
-8.806732
-2.440982
8.774330
-9.349034
1.74523
-5.574834
-9.219565
-5.960941
6.360319
-2.627279
0.879587
-8.523321
-3.720791
-0.218921
-4.481614
-0.524460
-5.571601
6.293567
2.273625
3.348327
7.925319
-2.551878
2.860853
3.640213
-1.522017
2.935467
7.213294
7.679252
1.434947
-7.487540
9.567837
1.482570
4.705424
-8.10729
6.747520
6.506672
-8.863019
-1.552479
-4.535992
-1.173879
-6.609771
-2.723254
-8.521298
7.757398
1.134124
-1.649442
3.311460
9.208132
9.665728
-7.925169
-7.367487
-2.918001
2.644941
5.409160
0.850872
-8.8445
8.817348
1.523579
-2.290039
9.584378
-5.377785
5.754449
-8.713293
-2.959741
4.20873
4.644211
-5.369131
9.58653
-4.781607
0.73986
7.142373
-9.80188
-7.127037
7.836921
7.450887
-1.619411
2.991937
2.912628
-4.73264
-4.139574
-7.69431
-4.230323
3.56602
-8.676859
3.532958
-2.959419
-5.513744
-9.980576
-0.916200
8.127007
-4.197374
3.537790
-5.902706
-4.5414
-4.322007
-3.873360
-4.820035
1.47516
9.614456
1.335166
9.767280
-1.85875
-6.371141
6.266465
-7.125122
-4.881645
-5.188151
0.3873
2.790494
4.104927
-7.603098
-4.354440
1.621978
7.462316
4.552313
-3.941280
2.588635
-8.524476
0.729378
0.635894
8.887383
6.164867
0.38840
6.895657
-8.257084
6.445127
0.849500
5.806588
-7.880261
-1.684973
6.555892
-7.776648
-1.433118
-5.412795
3.498495
-9.815342
-3.277684
-7.557321
-6.174478
-6.436001
1.446817
0.810024
5.912767
3.860672
7.632408
-6.780287
-3.761943
2.166010
0.549668
0.125944
-2.79788
8.265878
-3.881785
-8.449999
-8.382528
-5.936456
-7.40560
0.93394
7.385196
1.796227
-9.11459
-1.103138
-0.364263
9.711601
0.74299
9.467204
-7.738363
-9.616404
2.207703
6.170386
-5.940455
-3.481079
-0.602281
2.216830
5.218102
8.205801
5.992919
7.857750
3.449952
5.868251
5.205886
-4.91701
5.758871
7.121885
2.630742
-6.667970
6.686378
-2.242877
2.914510
-7.602825
-9.104050
0.945996
-2.231801
-3.842080
-9.972082
-8.728810
8.63117
9.746069
-0.910424
-7.247531
-4.960482
-0.506084
-6.365416
-8.140760
-5.598001
4.922539
6.352879
8.881940
-7.367472
-8.775780
5.975114
-4.204064
-1.554333
-0.784791
-0.50028
-6.948082
0.695981
4.463749
9.526969
-0.800149
-0.369764
7.888920
-7.787262
3.329294
-1.840746
2.810052
-5.966023
-8.404479
1.355138
8.277480
6.386332
-7.158530
-7.100157
0.92982
-8.761413
2.252507
-1.972453
-0.790481
1.104884
3.766782
5.68308
3.500928
3.785057
-4.475030
1.871988
-6.25961
2.917734
-3.726936
3.433670
3.564903
-3.953490
-6.969195
-8.500939
0.852335
3.352678
2.842714
-8.648849
7.220752
-9.479256
-5.812201
3.464365
0.854783
7.625633
2.393425
-8.734789
-1.960193
7.289441
9.727690
-8.549069
6.374814
-0.971707
5.924410
-9.733849
-0.185083
-0.753142
-8.310013
2.914363
4.967572
2.229282
6.100459
-1.695061
-4.450228
-9.851507
-0.916189
-9.496609
6.461797
-7.687172
-0.272526
4.504020
-6.828206
-5.573637
1.721031
-7.641523
-4.960745
-5.72124
-8.226801
-5.901320
-6.868770
-0.373194
-9.480013
0.47688
1.564279
1.470548
-0.500344
-8.322400
6.206208
4.978135
5.36192
-3.380654
0.240805
4.233456
7.53667
3.668020
5.928022
-2.233511
5.113799
2.30685
-8.671341
5.824644
9.994614
5.525810
-0.991869
-5.630175
-1.82250
-1.341544
3.480181
3.241315
-1.9914
-1.687451
6.647122
-8.368940
-4.900592
1.322709
-7.105840
-8.783033
9.160336
2.476662
9.193793
-8.864275
-0.385113
0.480761
8.901027
-0.699578
-5.60788
-2.396326
7.972407
2.386480
4.185581
-2.524699
1.744831
5.840591
-9.854142
5.777352
3.240398
1.358232
-4.472400
-4.579434
-6.404298
2.505962
4.539173
0.700111
-6.325010
-0.347168
-4.89293
-4.140874
4.834000
1.296305
1.520801
1.217635
3.251082
-7.489902
-4.447560
-1.508732
-0.372996
0.617492
-4.638546
-0.924918
0.895791
-0.220394
4.423428
-1.282427
0.121631
9.795182
-0.596784
2.766836
0.179922
0.308442
4.764534
3.952496
-7.378290
-4.97442
-6.810062
-7.357513
5.603315
-7.604057
-3.49669
6.257799
9.41105
-5.920388
-4.629636
-4.936282
2.330228
-2.775388
-5.780493
6.718540
3.239725
3.949892
8.323013
-7.738529
-2.933185
-2.330409
-4.728981
-0.766884
-1.755651
-7.292067
0.175672
-4.553686
0.767254
-1.580911
-0.463505
8.309680
5.700524
5.995157
-1.34738
2.938936
3.828158
2.235723
-2.968485
-0.34846
-5.871546
-7.624574
-1.230212
4.18687
-5.281741
-7.283513
-8.775249
3.480321
-5.381325
0.801276
9.995053
-5.895843
1.834054
-3.55020
-3.325625
-3.434224
9.672884
5.217277
-5.137442
9.200633
-0.20464
1.60441
-4.630244
4.430397
1.488762
-1.840077
4.906926
-7.550172
-2.521889
-5.757858
4.325630
-9.96751
6.212148
8.902032
1.217795
-0.924826
2.822990
1.203889
-7.547844
-7.236179
1.102876
-0.142987
1.252355
-5.265035
9.236047
-8.523719
-4.45923
-6.475544
-5.62563
0.428071
6.805404
3.215026
-3.717379
-3.426355
5.321406
-4.374944
9.943398
6.450047
-3.445062
6.966684
-1.256421
3.672606
-3.311991
-0.386724
2.831541
4.864237
-4.893286
-8.290734
-9.227768
3.801286
-0.247469
-3.669193
-2.242148
-1.702338
7.347502
-2.413688
1.424615
0.426205
-9.894004
-1.923279
8.942101
6.755874
-2.612329
1.712492
4.999072
-2.793474
-5.503347
6.72089
-2.466100
7.130442
1.548150
-5.975647
3.118241
0.771573
-4.355069
-5.700272
-3.187769
7.194496
7.43890
4.963719
-8.755271
-5.698718
-9.946901
-4.774673
2.368020
-1.590795
-9.373040
-3.139370
-7.799637
-2.796903
-0.21743
9.416259
5.285380
7.725085
-1.480569
-7.34552
7.696861
-9.487195
-6.993994
-4.650656
3.620327
5.967508
5.151496
-0.806883
7.737946
6.299756
3.708935
-8.153254
7.343561
-3.840097
-3.606582
7.398287
1.946634
-8.198524
0.444984
3.54032
-7.616465
4.21675
-8.409032
-4.610878
-1.391411
-5.805080
-0.268144
8.65982
-2.956385
-4.419920
-2.458437
-3.317853
3.969011
-2.922258
-0.344601
-0.340017
-7.425069
-2.718549
-2.27341
-7.638447
-7.818919
-3.794045
8.717078
5.447933
3.310353
2.943626
3.229685
9.631518
9.864000
6.404819
3.791657
0.673682
-1.72570
-5.430057
9.357022
-4.244876
7.898700
-0.619341
-3.956430
-0.415408
-4.383491
-7.351822
-8.638253
7.244500
-9.576469
4.495113
-8.856802
9.86605
6.386718
5.817188
5.532814
3.319812
-2.4930
4.305247
5.668696
8.921982
8.8732
8.158631
-1.519549
6.955486
9.871262
-6.574885
-4.256389
-0.988345
-3.200810
-0.767159
0.932267
-6.111188
-6.923261
-6.324918
6.764269
-1.108455
-0.742002
-1.303162
1.552787
7.67347
0.374659
5.331526
3.540904
1.873160
8.694538
6.21502
2.173862
9.705606
-1.405627
-4.975327
-0.336687
-4.14792
5.200977
-0.382089
3.62669
-8.81275
0.561849
-6.760780
4.150062
1.963208
-8.967379
-5.611193
-1.522190
-0.107281
-2.724086
-1.136876
4.454106
-0.966834
-3.945518
4.975650
-2.640928
-7.832365
8.881487
-5.845549
-2.597711
9.348865
3.604159
8.570161
-6.436125
6.640381
-7.125554
-6.261033
1.61612
6.728267
4.675791
-0.934150
3.133675
7.319864
-3.802552
9.699099
6.5416
5.205234
9.393395
-1.124793
-5.990357
-1.263230
-4.563935
-9.862932
5.127055
-0.818175
4.428293
7.598338
-3.677027
1.62200
-0.599406
-8.919059
-9.370026
6.556465
-8.81242
3.896834
-9.610918
1.414457
8.535780
2.552851
9.742993
6.232942
3.505903
-8.662849
3.572700
-7.5303
7.692463
1.155946
-4.84636
-6.871928
8.675320
-9.485168
9.564704
7.477862
-2.603927
-9.69954
-2.726823
3.486475
2.463599
-4.851575
-9.712603
-7.678794
-8.152855
2.21164
-7.840186
-5.723867
-4.52689
-0.953923
0.358377
-9.285481
-7.837142
8.723650
-6.694298
0.771342
-8.617631
3.805866
5.857702
0.465602
-2.301865
-1.451126
-9.268963
0.496104
8.68660
2.100393
-2.69163
-6.578899
-2.699554
6.190656
-4.22328
0.174521
2.498810
-4.740502
8.578393
4.165337
-2.522499
3.6417
3.340960
6.578816
5.706612
9.566375
9.959937
-5.240793
-5.616241
8.329635
-5.668669
6.734622
-6.366066
2.420702
-6.396837
8.112688
-1.986677
6.836825
-6.126530
-0.473510
-2.461806
2.193284
-2.730493
-2.289337
-2.60474
-3.582582
0.546536
5.934792
-2.36910
3.431283
0.766895
-7.82597
-6.417512
-1.596246
-8.713969
6.993644
-2.1646
7.181561
-6.806886
-7.977509
0.55769
-2.710336
-8.675832
-9.834675
-7.91215
-0.358641
7.782345
-0.832653
7.862741
-7.999140
-0.715360
-8.22264
-6.80432
7.653061
-5.545841
2.786541
-5.990448
7.220450
-0.411339
-9.116379
-9.250499
8.613300
-8.287378
1.690245
9.934501
2.250465
-9.631783
-4.80100
-1.293330
-0.78359
-0.929048
-1.417518
-9.254107
-1.147350
4.899219
-1.633633
8.709235
-6.908369
-5.580040
-2.103342
-0.961063
-0.901266
9.946217
-7.176348
-2.277425
-8.278936
3.126
-0.431444
-0.793340
9.497152
0.691965
-0.111925
-2.886684
1.819973
8.85685
-8.651025
-1.766459
-0.580121
9.172111
1.352112
6.198483
5.672975
-1.193107
7.529338
-1.829018
2.507718
-1.682719
8.95961
8.655813
-0.942314
-5.575160
6.31766
-5.729749
-0.615328
-6.864851
-2.272095
2.115996
-2.429385
-6.643705
3.35946
-2.135963
-5.635721
-6.163498
-5.605978
-3.299487
-0.329709
6.347671
4.152536
-4.324424
-8.35447
5.154069
-7.395126
-4.947945
-1.489280
-9.581173
8.568995
4.960464
-7.954650
-7.647516
-3.694875
-6.555392
-5.804229
-5.989504
3.357317
0.522998
-4.351398
0.114613
7.444990
2.288268
-3.804503
1.513289
-0.583294
-8.650239
1.393975
-4.387775
-3.447480
-9.935502
9.683161
9.359345
8.288478
-2.538711
-9.747761
5.859812
7.790103
-8.544268
-6.736183
-5.418492
-8.584363
2.155742
-4.329203
-1.766915
-0.540624
-3.970911
7.530928
-7.610697
-4.733215
1.249882
2.275311
-4.287195
-9.541100
6.390583
2.832583
3.966746
-5.476016
-2.238015
-9.640519
9.163712
-1.226744
-8.29128
7.930209
-2.218465
-2.948959
-8.869452
6.839757
-3.682681
0.426140
3.839021
-1.307112
9.963832
-5.448572
1.606886
-3.205690
-0.785608
-3.350257
-3.914212
7.604522
3.670756
0.395499
-2.21358
3.384586
-4.509929
3.304324
0.600354
1.881118
-9.622631
1.579260
6.391525
2.706786
2.268138
5.137413
-2.728469
-5.776123
8.745685
-0.990256
-0.865945
1.88139
6.566625
-9.173129
-1.698411
-3.139009
-2.943493
2.202399
6.637767
-5.551559
-2.777680
4.746693
9.63121
7.397720
-3.178693
9.911046
0.495718
-1.475342
-7.121539
-6.551014
-3.161239
-8.574843
1.920144
2.39611
1.189086
-6.636707
0.519888
8.83449
-6.619867
-2.874825
0.838581
7.377079
-8.94810
1.74752
5.6386
3.588122
-6.991675
-2.127833
-0.748051
-7.457394
8.840124
1.673921
7.221831
7.546975
-3.530720
-4.384463
-4.19252
2.447156
-9.627166
8.713525
-2.224543
5.354164
9.193583
-5.146593
4.769156
-1.250360
1.259616
7.284108
7.439990
-8.347128
5.396700
-8.427287
-4.815968
-2.173905
5.59500
0.511841
1.635404
-5.905512
-8.482701
6.82319
2.710816
1.208316
6.248740
-7.570273
-1.236240
-2.777363
5.94456
-4.723123
-4.110521
-6.400168
6.338292
-8.116733
-9.638711
-0.581459
7.607920
5.3604
-7.502519
4.396986
-4.971112
6.664889
8.858147
9.431236
-5.360497
-2.461900
6.392997
1.762344
-8.565432
-4.470368
-3.382664
-5.268670
8.759761
-0.50400
-8.865255
-9.969420
-9.449518
1.25439
-8.507250
9.989406
5.678679
-6.234646
-8.541124
8.452757
7.569925
2.564044
9.16573
5.568136
6.705987
0.448996
-3.710501
-2.977968
-1.948988
4.965358
-6.974666
-6.853760
8.548190
-1.7
3.938853
5.962864
-5.58759
4.92851
1.850162
-5.606806
-6.929535
2.167251
4.838432
-1.392595
7.338828
-7.217085
6.500420
6.900216
6.651119
-4.810607
-1.315083
6.250826
-0.214582
7.706574
-0.327641
-1.783770
5.7606
1.226002
5.933278
6.594775
-4.659498
8.102115
6.292737
6.779554
-3.78927
8.129708
0.927465
4.14606
-4.334
-8.734810
6.857546
0.298077
-2.223653
7.505412
-7.19595
-1.137736
-5.560566
7.821211
4.336237
0.756765
-2.409754
3.93934
1.609189
6.137396
-6.417833
4.810846
-3.67501
-7.744461
7.551375
4.454227
-1.531440
4.475215
-7.871317
-3.528833
-1.743671
-6.594758
-8.728153
-8.554970
9.122519
-1.431135
-9.699276
-1.817193
2.82962
9.203885
-5.718078
6.128784
-3.90092
2.678920
4.232831
-4.88063
1.34084
-8.964298
2.488990
-6.733701
5.835828
5.213204
-6.709380
9.875504
5.972391
0.551415
-2.583156
-1.115406
5.623380
3.978396
-6.741991
-7.174189
5.353395
5.40466
-9.274021
-5.209283
6.761036
2.661259
-5.727147
-1.41660
-8.325037
-3.811706
-5.114101
-9.355018
8.213378
9.954715
-4.150742
8.351894
9.38821
0.184162
7.37970
8.436074
-8.624381
3.312273
7.375253
2.785712
-0.611418
5.435527
-1.406148
-6.113958
9.53705
4.86
-5.94584
7.723300
-0.926699
-3.462451
4.56191
-6.985308
-3.911061
-3.560597
5.491929
0.546445
-9.19500
2.57899
-9.16662
-8.625517
-1.839181
2.324748
1.950463
9.755148
4.922965
8.491886
-8.930687
-2.347399
9.86999
4.524739
3.929980
-5.430492
-5.978155
-9.462765
-3.514631
7.187459
7.997687
8.556251
9.70100
4.498637
9.304312
5.543317
-1.717312
2.770064
3.262169
7.685556
2.619375
-2.566774
3.618355
6.790782
9.225923
3.246608
3.726641
6.616485
9.671288
-0.330367
-3.85609
4.384053
-5.56747
-1.739745
3.441434
8.124499
9.219432
5.220741
-7.591190
-6.361762
-6.719917
-1.663342
2.264639
-8.593910
9.182496
4.302004
8.528455
-2.62811
-4.224190
-1.725707
8.318325
5.588716
7.136358
-6.95958
-2.258299
2.849304
-6.148284
-3.365528
-2.117522
-4.591906
-8.602694
9.268201
5.456128
-0.255926
-7.890988
-1.835453
0.213819
-5.278224
-3.733057
2.718563
-9.563801
2.21392
-2.754679
-3.511949
4.436169
4.677130
-9.85892
-9.158208
8.989591
0.804233
-7.844193
-1.944147
9.692811
5.742896
9.190360
4.809855
-2.450684
-0.293835
-6.672134
-9.219454
7.527701
-6.232275
-9.85024
-2.58429
-7.441120
-2.607735
8.910077
-6.78319
4.907037
-3.612936
8.947283
-8.473879
5.246821
-4.988083
-9.758672
6.478405
-9.340763
5.947991
-9.458297
9.861272
1.961151
-9.634829
-1.342807
-0.745191
7.617582
-7.150340
4.636969
-9.560857
-7.215838
-0.274048
-2.471291
-0.335270
7.130964
7.427044
0.314643
-6.234883
-9.795497
-5.939268
2.260867
8.634628
9.222542
0.455542
3.323859
3.590666
-4.760399
1.559025
-7.497655
4.917050
-8.281555
2.49465
3.82054
-7.856825
-1.524958
-4.945614
-0.831278
-2.864942
7.164241
-2.366145
9.64215
-1.957937
-4.837712
9.658479
-8.788213
-9.357877
7.827219
5.994532
-9.611049
-0.504973
4.615572
2.720066
0.936730
1.520811
-0.411499
0.481711
-4.289408
-9.144045
5.571945
3.619817
-7.204713
9.608188
-0.396058
-5.166731
-0.777032
0.300974
9.651469
8.692498
-8.805355
-0.121578
8.556368
-0.173939
-8.448581
-8.734358
-9.689751
9.102971
-3.880953
-6.334563
-5.458333
3.863314
7.603534
6.294566
3.656476
8.625994
5.240283
6.427194
-4.668439
0.253426
-9.358903
-1.556817
-3.983336
-6.843174
-9.744519
4.567077
-7.510285
1.351173
-8.907069
-1.313090
6.810789
-5.205522
-0.618867
1.607193
-8.893495
-1.893649
-0.858366
2.477397
-1.886417
-7.450028
1.19145
0.52100
9.444913
5.284764
-6.382573
5.911166
4.496539
-0.862621
-2.469312
-3.985051
-4.663264
8.379207
4.689696
-7.127123
6.501959
-0.591427
3.446251
2.125774
-2.464816
-0.886799
6.221165
-9.795055
2.297639
1.864136
-4.618093
-2.969355
6.778869
-2.937703
9.923256
0.654648
3.549204
-3.658773
9.551807
2.156868
0.791424
-7.321696
4.691555
2.397539
4.785918
4.875060
-5.133666
-3.224999
-6.44618
-0.798572
-0.97632
6.476462
-7.10136
9.661258
2.71954
6.707040
5.453315
3.81000
1.868798
9.114348
6.198138
-7.770966
6.285835
-3.521614
-6.932359
2.441325
8.219512
-8.816125
-1.889937
-2.25458
-8.346854
-7.678253
9.825000
8.27705
-6.651203
-9.997765
1.458803
-1.167983
0.866656
-0.599441
-7.164909
7.693398
-4.661370
6.78960
-2.607426
-0.835075
-2.468947
7.478708
-8.461710
9.286752
7.68182
4.520489
2.930993
-4.101881
-9.38416
9.672956
7.963178
-9.128596
-4.501686
7.972385
2.82505
8.178899
-2.456173
9.739327
7.572418
-0.90297
-1.323435
-0.246986
0.512582
-2.986879
-6.302023
3.106571
-9.126626
-0.23557
-5.876324
-4.292355
3.139428
9.886490
-4.528602
-6.43826
3.202563
9.589346
-4.241017
4.572217
1.233885
-8.231731
2.755065
4.767064
-3.945380
-3.758996
4.213001
-0.389900
-8.501296
2.3362
3.119073
-3.969903
-7.613446
-0.922192
-7.626775
-4.239778
-0.780784
-1.35465
6.626743
-0.197598
4.255233
-2.192326
2.817584
-7.270434
-8.470071
-0.945097
8.739340
9.55361
-9.998860
0.810852
-1.579908
7.539913
-7.406245
-5.966675
-5.471913
1.900045
7.493715
7.465925
-5.722926
-8.766016
9.598557
3.372327
-4.540876
9.234004
-0.857549
4.70992
6.597759
-1.251339
8.67196
-7.188426
-9.296275
-1.678680
8.495265
0.596316
-0.735917
-3.416841
-3.100539
1.526351
4.265989
-4.834667
0.559588
5.20661
0.757799
-3.209951
-0.827441
8.114886
-9.972332
-0.893493
3.860648
1.113074
6.384084
9.821291
2.797023
0.368508
-6.253398
-2.858299
-1.221498
-9.973460
3.365524
4.981237
-6.492673
6.228812
9.868334
-1.422856
-6.488695
-5.318119
-1.327970
-0.651491
-3.815034
6.600940
3.360228
6.136134
-3.982023
1.172046
9.916155
-8.558142
-6.696543
-5.336394
2.887539
-7.694276
-7.902381
-2.895940
0.496243
7.16666
-8.825717
6.693148
-5.960904
4.883189
-6.433463
-3.493602
5.12139
-3.30804
-7.262056
7.90583
-6.455593
-9.845781
-7.579266
-9.500370
6.776937
-3.740352
6.991557
5.890780
3.606860
5.121819
-4.607705
1.13377
6.896976
-8.438695
1.7632
-7.491325
8.100404
-1.737249
7.814152
0.827357
7.309882
9.603795
-0.369542
0.600730
1.696901
0.607870
2.827241
-2.367152
-6.291111
0.828472
3.102521
4.52500
4.40542
1.129563
5.852636
-9.470346
-2.239399
-0.667703
6.162391
7.813971
-0.776966
-4.142731
4.473697
6.150490
-0.611805
5.381626
3.951279
1.937519
-2.593947
-6.734717
6.703537
-5.326641
8.724178
-1.749336
2.2847
-6.214314
1.991609
5.645621
2.59853
2.558121
5.968897
3.911054
3.953444
3.620257
4.557409
-2.133888
6.820039
0.371615
6.972669
-0.785594
1.624359
3.782284
-7.402100
0.473855
-0.631689
-9.36463
-5.37100
-0.101230
6.715428
7.440939
-9.45182
-2.231696
9.843473
-0.637395
0.330096
8.473477
-6.765502
-4.230484
-8.481340
-2.610627
-2.692818
-2.696810
-8.566361
4.738563
-7.833674
-0.409102
7.631441
-5.804377
4.815877
3.122260
1.58174
1.731628
8.924906
-9.72812
6.132850
-3.769412
8.986259
7.369547
0.504153
-6.105506
-0.647249
6.141860
2.853740
0.110010
-2.580768
-9.112464
9.662222
2.28249
-2.441029
0.898256
-9.526908
-5.19804
0.590106
1.320529
8.916931
6.245690
-8.232262
9.991734
0.844837
1.123799
3.950880
3.384256
-6.671906
0.255089
3.722969
-9.692045
-9.964433
-1.42745
2.780175
5.197228
7.399411
8.66677
4.824533
-9.43073
-3.348659
-0.322058
-8.592088
9.820969
-5.553304
8.230121
2.266028
-7.220638
7.597403
-8.19132
7.322708
6.908708
-5.539176
-7.479078
6.687443
-0.41814
-4.149636
-0.994495
-3.927943
2.170941
2.494930
3.106529
4.214134
6.298531
-7.435169
-4.371519
-2.853865
-2.248916
9.656051
-1.383453
8.990547
2.825992
5.211847
7.772903
-6.846482
-1.469536
-2.904890
-0.418572
3.747574
3.972945
-4.146523
5.107368
-6.731483
-2.590750
0.680599
8.688472
-8.656185
-3.249725
6.979940
-8.774773
6.321517
-2.631454
-0.294762
-5.525575
5.655127
9.118587
-7.287475
7.48360
-9.133806
-6.716217
0.179045
7.996487
-5.510887
6.450444
-7.588061
-0.770220
5.466457
7.98014
4.599816
5.686732
-9.364412
2.295731
1.71706
3.940172
-0.8232
-6.440132
-2.957049
-3.698816
6.431510
8.684127
7.198736
-2.845910
-6.740751
-7.694375
5.748707
5.558876
5.243468
4.606311
-8.728469
0.227398
-4.335665
-2.748669
-2.462897
0.989237
-0.778132
3.450349
7.743404
3.156459
4.303879
8.269130
6.255294
-5.659489
-1.744741
-3.615461
0.728173
-5.58406
-7.78996
-8.230639
3.244855
-6.36803
-7.806962
8.754067
8.240380
5.6654
-0.263614
9.276321
-9.603651
4.489071
0.55244
-6.30641
-1.159010
-5.776018
6.146686
-2.733912
9.43284
-0.852935
9.613214
2.100231
8.954091
-9.995027
6.8521
3.249866
9.894905
-6.688377
8.762097
-5.360589
6.25908
9.353402
4.90062
5.964391
7.45898
9.141543
2.489043
-4.845129
-7.732807
-7.932045
-3.719163
-4.697812
-6.389768
-2.333923
5.77270
1.295172
-5.247294
-5.629380
6.142638
-4.379407
1.192622
-8.679147
5.971915
6.508667
-8.317134
-3.889485
-9.24643
-0.101160
-0.323766
-9.970910
6.919533
-3.679191
-7.119638
8.814584
6.761124
-2.5157
-3.204578
-0.848430
5.781842
-3.737622
-7.196870
6.846045
2.899313
8.262793
1.270409
8.999431
5.777736
3.336266
-5.820754
-3.890189
3.407626
6.114745
-2.174339
6.74677
-6.840778
3.789777
-9.843862
3.27678
0.958735
-8.444449
-1.488432
-3.10219
2.721703
4.226172
-9.854560
-3.367993
-0.320684
6.884508
9.456950
-7.787150
7.129082
-3.195967
4.317499
4.425695
-2.750644
-1.595459
6.959571
-6.620718
-8.947869
-4.761778
-0.952635
9.960770
-9.868224
-5.882041
2.44193
0.744516
4.740083
0.423811
8.823380
8.413876
7.123396
-8.473078
8.473139
-7.845284
-3.848389
5.304309
-6.613743
1.97375
-3.156065
-7.246764
1.672973
0.531072
2.566082
9.579152
-6.995975
-9.116253
-1.502739
5.147710
1.188236
-1.572185
5.61336
-0.641028
-0.755681
2.306222
-1.658340
8.856230
-7.677111
-2.861066
4.348260
-1.962071
5.632729
-2.999981
-3.20553
6.167586
4.835419
7.356089
-3.550259
-0.31671
-2.930405
-8.918878
1.727503
0.61957
8.936960
-8.951299
3.167773
6.615062
1.893067
9.20879
5.662562
4.6350
-6.657134
-7.643544
1.639314
-6.400125
-0.232198
4.793874
0.974087
3.449948
-9.82523
0.769129
-2.955485
7.307024
9.307375
6.977092
-2.516464
3.760910
8.66521
-0.983554
-2.60034
5.742716
1.434128
-1.894477
8.153017
-9.212115
7.990368
-3.204603
3.953532
2.646572
-1.304604
3.106542
7.542383
7.301967
1.512485
-0.845956
4.186153
3.281626
-3.442601
8.643165
6.849618
1.628131
5.780539
-8.262326
8.896869
7.958839
-1.974385
4.459971
-2.176506
4.706865
-0.34601
-1.768804
-4.135840
3.86188
-8.514326
-9.89623
-7.540546
9.824760
-0.695924
3.107570
-4.706271
-2.312982
-3.550599
-5.445152
-3.814960
0.688861
-8.396459
-4.156610
-9.250940
3.154755
-1.511220
-3.686304
9.791787
7.640912
-5.496005
-1.770287
-2.422597
9.427322
9.760783
6.83136
3.133950
3.431473
7.260862
1.790661
-8.107058
6.724379
8.281303
-0.285672
1.111304
6.937770
6.388993
9.203948
-3.179265
9.898248
6.289697
1.684923
2.805493
-1.531514
4.535947
-1.69733
-6.320331
9.282610
7.159226
-9.741965
4.188091
7.509962
-9.994217
8.547100
-9.595935
-5.934208
2.128704
3.829725
3.468744
1.822975
-8.683079
-1.672466
8.31867
3.42585
1.506644
-7.535349
-7.99174
1.554407
-6.654052
6.577376
-4.706274
-5.846795
8.200216
1.572029
-4.10100
4.50377
0.795297
-4.48838
-1.609964
-4.637901
2.907317
9.89952
-2.212120
4.300743
1.870217
2.549181
7.271843
4.166907
0.580450
-9.464864
-5.159476
-6.863717
-4.733701
-6.317647
9.141788
2.745473
-7.664050
7.996695
-8.330517
5.286866
-5.992174
0.636362
9.66226
-0.998334
5.488363
8.579117
-6.320975
-7.25584
-8.741784
0.595891
8.225806
-4.55198
8.174019
-6.794390
9.733405
-4.377635
1.792613
2.733831
-8.917251
1.406973
-3.667861
1.408448
1.459746
9.588162
1.111343
8.171078
-3.29191
6.349733
4.645751
-9.764114
-5.475338
9.804299
4.903713
-7.323452
1.578204
-3.672682
-1.702357
4.988204
8.588510
-3.728709
2.37396
7.740378
7.892852
-6.668839
-2.895433
1.306038
-8.278291
-0.604805
5.535763
1.988417
3.886091
6.896648
8.428536
3.974204
2.121816
-6.499067
-4.793387
-1.33967
3.86892
-7.114265
-2.880201
-4.860037
-4.890777
-9.843430
3.74152
2.161148
-1.809804
-0.206126
-7.371021
7.893000
-4.500772
4.264439
3.408025
-0.824384
-4.698707
4.959131
5.395343
-4.801985
-3.783864
-6.876743
-6.552687
8.246844
8.339509
-8.259220
5.12884
9.238670
2.435645
-9.429902
-4.739055
2.999053
-2.807809
4.78229
6.670350
5.474948
8.851805
-1.875075
-6.222257
-7.219508
-4.72954
8.669968
-5.903550
-9.790824
-0.112582
-2.276849
-2.591658
0.304771
-8.342617
-3.649595
-1.544041
5.293469
3.290974
2.605596
-0.484178
-9.266230
-5.727324
-7.880344
8.480312
-6.995577
-2.823338
-4.251706
-4.763381
6.682525
3.571015
4.615554
4.291090
3.965779
-5.514698
6.676454
-3.186909
3.119015
-2.626390
8.161638
-0.482881
0.251757
-2.712412
-8.489207
-8.370562
-0.248150
2.738863
4.935798
-2.616073
5.587013
1.937864
4.185506
2.596171
0.380829
2.936178
-9.742528
-5.828162
0.500066
-1.42650
3.219295
-4.228878
9.126063
1.42755
7.786398
8.322770
3.682921
8.59659
9.123539
1.26282
-5.877926
3.356460
7.977471
-8.476364
1.565551
4.734239
5.385694
-9.251715
-3.71164
-7.328897
-2.608283
-5.12686
-8.512676
4.261054
7.886695
-9.286782
-4.364787
1.412296
-7.257471
5.916731
5.916373
-1.24750
9.470740
1.864054
-8.796504
4.538135
-3.928069
-7.165581
6.826680
-0.34907
-3.300192
1.533165
5.90287
-6.465380
2.618458
-6.631424
4.238518
0.341785
-4.709294
-1.379504
-0.230369
-6.353820
-0.795247
9.34623
1.882058
8.224246
-3.864323
-5.650723
-2.544799
-9.804022
-6.345124
-6.600830
-3.112243
9.350102
-3.694815
-8.942886
-8.632449
7.691574
4.834898
3.372749
-0.340036
6.553302
4.578417
-8.989316
-9.767731
-8.532122
7.913912
8.151619
-3.619734
-8.27549
-7.270922
0.63868
-4.792913
1.253303
3.996014
8.903104
-1.715171
-1.296539
-9.814283
5.329553
-0.646372
-4.593512
-9.288157
4.358900
-4.639493
8.341103
-4.890264
-2.435777
-2.669216
5.458183
-2.659076
-1.611930
9.386399
1.77253
1.673808
-2.976498
0.484743
-9.628805
-7.76657
1.964385
-9.319537
8.929389
-1.374160
-3.446763
5.916854
3.296799
-7.973349
3.178028
-0.207375
-4.908378
4.94238
7.927678
5.485859
0.605994
-2.130631
3.215617
4.202054
8.496559
7.534909
6.502674
-0.374388
-4.809127
-8.935174
-3.622576
3.464939
7.168774
1.194228
5.542396
-8.358435
0.202652
8.72134
7.770068
-5.774899
3.944434
4.241789
9.67466
9.750969
5.749295
2.273175
-7.529985
-7.944455
0.610824
0.456770
-4.855
5.816369
5.66649
-1.967310
-5.720408
-7.822500
7.324849
-6.730129
-2.929079
9.247179
6.619603
-8.668929
-0.376446
-9.394578
8.433903
5.69523
6.143520
5.374898
2.835793
4.812624
9.80290
-8.615930
-8.144981
9.251260
0.202090
-2.746766
6.674814
9.32571
4.764494
-7.514110
0.738189
-8.953939
-7.977729
-0.876208
4.133039
1.501333
-5.287239
9.848310
-5.398324
5.899064
8.81356
6.81156
-5.567393
4.916513
6.555799
9.402802
-7.43397
-2.653808
-8.608934
-0.260919
-2.938739
-7.722686
2.261393
-7.667137
0.223884
6.133723
3.659772
1.476846
1.101164
-8.846276
-9.709940
-6.946698
-9.26840
-5.928097
-7.43029
0.504675
-3.330720
6.808403
-8.302387
5.210995
-4.949645
2.599691
-0.242291
9.961188
-5.672897
-8.933217
-5.144951
-5.384199
4.788419
-7.482897
-8.728551
8.496825
8.510405
-9.30684
-9.241151
0.365691
7.54379
5.966986
8.580360
8.28369
-3.640938
6.128006
-0.468977
9.657986
4.172187
9.538257
-2.777225
7.736162
0.223472
5.541542
6.901367
1.252593
0.227615
-5.585076
-5.769813
9.454722
5.605726
-1.851424
4.92366
8.600621
-3.891790
6.178071
-9.472641
-8.285906
4.681254
-8.383483
1.790990
-9.441802
1.335608
-5.536418
3.72601
8.617799
7.300019
-6.104589
9.173143
-7.710573
7.255136
6.67705
-9.433498
-7.59635
-0.487658
-3.135287
5.771466
2.623812
6.277401
-4.534750
8.817878
-2.765214
-0.744536
8.815505
-3.95095
-4.991448
-4.682635
5.641297
-5.669694
-2.965430
-3.395638
-1.784012
-6.572354
1.96273
-0.408538
0.581752
8.750066
-3.729851
-9.142048
0.159801
1.526386
3.464237
-9.590115
3.821167
2.733379
6.814411
-0.199550
-1.176613
-9.369414
-4.571706
9.801888
-2.910541
-8.179232
1.836145
6.213137
0.921655
9.436795
4.473896
-2.674255
1.223919
3.604670
-2.179443
8.764953
1.417204
2.748821
-4.684693
5.290222
-9.831826
-6.72061
9.636622
-9.718016
-9.842628
-2.991048
5.753391
-7.950825
6.316729
0.181867
-9.229436
-6.668754
-3.869235
9.402587
-5.587048
-5.333161
-0.336508
9.433236
-2.352832
-8.16953
6.378744
3.912103
-9.807636
0.805615
8.510710
-7.618717
5.894589
5.239179
-3.434011
0.163779
-6.235057
8.963321
6.936982
9.792664
-2.764735
-3.695822
-5.126029
-5.776045
-4.629398
5.519170
1.110876
3.666656
7.338912
0.29583
9.624905
-0.228278
-8.689215
-8.311521
7.561135
9.307242
2.566795
3.718538
-6.190927
2.791598
-3.842517
8.887099
8.27709
-7.158938
1.552667
-7.126557
1.593441
-5.155674
-3.809281
7.7595
4.510578
9.599317
5.485985
6.296612
-8.323595
-9.196332
-0.950345
-8.696510
4.617835
-0.53232
2.64988
5.761658
7.920575
-1.198251
2.938911
-1.703690
9.316182
-9.343182
-5.503228
4.987249
-8.103193
-1.693579
-3.678208
2.568439
3.39562
-1.160595
-3.541745
-0.809156
-9.602151
-5.762715
-3.298443
2.236267
0.659150
2.85783
6.329128
-2.712782
9.433075
7.473058
-8.529239
-6.735807
5.629640
-0.824784
-3.566545
-7.775497
1.682595
0.710399
5.562599
5.71728
3.64616
2.560845
-6.547662
6.128262
-2.512576
9.895163
-3.360816
-4.465449
-8.369656
-8.98832
-0.11187
2.676170
2.372846
-3.432364
-9.58287
-1.942468
1.170692
8.588438
-6.392136
-4.47567
-3.27787
-9.894741
-0.867884
-6.609559
6.911848
-2.890352
-3.287863
5.336033
-4.228909
-2.561795
-3.406419
2.343748
-1.450981
1.275779
3.946405
4.8139
3.356144
-7.867590
8.524276
6.695860
-1.481174
-6.407756
-4.668130
6.635141
7.257506
-1.77160
-7.69275
6.888192
8.638701
-2.229289
1.191173
-1.552139
1.239633
3.637891
-3.840120
1.274522
-9.347799
2.347816
-5.126956
-7.397778
-9.754781
5.604384
9.290336
-6.779969
-3.865414
-9.493077
6.671097
9.271969
7.679637
-5.902024
-5.151343
8.425120
-2.614759
9.937447
9.995621
-0.595842
2.815270
4.206830
6.691417
-5.424084
-2.117770
2.996350
9.95613
0.687894
-2.411086
9.588956
3.12378
-6.545505
-0.536151
-0.627626
7.734060
8.610235
8.860534
-0.291647
0.683541
2.385280
-9.922645
-6.966733
5.789514
-1.586976
-3.261143
-6.479711
1.184152
1.989224
-5.832376
8.709229
8.764680
-7.297648
1.31315
-1.657098
7.599081
-5.7739
1.363070
-3.309743
-2.502949
-2.902829
-5.581987
-6.69155
-0.426188
8.705591
4.18638
3.648446
6.205249
-3.549582
-3.5796
9.224728
8.140716
-7.160052
-6.765822
-0.263892
-2.241238
-7.959003
-2.896900
-8.271783
-9.72878
-9.616209
-2.127357
2.887354
-0.226552
-6.143562
5.328186
5.863154
-3.788908
-0.435816
9.662677
6.456088
4.235230
-5.98443
3.631233
-4.776141
8.722406
-1.37724
6.854187
5.893398
8.221289
-1.327306
-1.468880
-1.786727
6.957252
-5.746277
-6.934045
-4.794498
8.253937
3.725612
4.514012
4.175663
-1.843127
-3.643760
-7.948566
5.533153
-5.508380
4.235136
7.576577
0.321610
0.938756
-0.574340
8.200804
6.53377
4.263206
6.428821
5.875419
-9.325405
3.300153
7.202905
1.894355
1.112146
5.216286
-6.159305
0.244281
2.428467
7.974492
-3.332753
9.297748
-2.123415
7.51718
-8.596670
9.966637
9.488396
-3.805706
-6.899838
-3.303945
0.42760
1.351419
9.839203
-0.311370
-9.223028
5.664870
-8.837699
-8.311244
7.348713
5.895278
-5.826358
0.983712
6.667491
-7.596954
-6.666455
-8.988140
-9.811001
-4.777989
7.649739
-0.338364
8.851062
1.4232
-4.128328
-0.346765
6.227614
-3.367544
8.733193
6.812957
9.445246
4.13546
-8.854506
-2.10888
8.350462
7.228784
3.924520
-1.693404
-4.200304
8.282921
2.768850
-6.6804
-5.408414
6.800038
2.649036
-6.171956
7.965751
5.664172
-4.320769
9.713837
2.654071
-0.791210
5.947265
-9.6004
-1.455306
7.939852
9.839111
0.380698
-6.899453
-9.677624
-5.11816
-1.863628
-4.246606
-3.15255
-8.213169
-4.190808
6.176958
1.612490
9.190808
-7.628570
3.208695
3.216387
-2.691153
-7.525056
8.34486
7.868481
8.231699
3.573541
6.590882
4.88139
8.295503
8.383396
-9.143028
6.38018
-1.74368
6.707386
-0.393274
-6.3849
0.887105
5.975199
9.462107
-9.875998
-8.80499
-0.805866
-8.616409
-3.725297
0.323340
-9.103846
-1.679307
5.273234
9.481493
9.545485
6.165243
3.548274
-8.219632
5.730157
-7.431978
-5.105849
4.808961
9.648546
-4.229097
8.362469
-2.915705
5.64538
-7.363338
7.886473
5.341330
-3.153887
8.327994
1.234403
1.364667
4.213597
-4.657191
7.775949
7.375736
1.589313
-2.658331
-4.389776
-5.371144
9.830798
-1.41971
-3.969805
2.192489
-8.391618
-2.599115
6.583668
4.559083
2.957337
-1.916984
5.246985
2.595886
-0.225490
6.498264
4.329915
2.268627
-7.226796
-7.58190
0.136844
-9.616645
-3.858292
9.579836
-4.662297
8.835623
-9.757007
1.235102
0.612939
-9.28888
-0.141280
1.823539
-7.479515
7.940004
-8.763331
-9.919299
-7.116751
-9.747304
1.926426
9.237785
-9.756817
-1.440859
1.239598
-5.883667
3.485306
-1.786355
-2.317784
2.893156
3.781097
6.241109
-8.815028
-9.156052
0.880825
-8.847640
-3.152685
8.941906
5.83630
-7.818513
3.898008
5.935054
7.474892
6.175154
6.826674
-6.458025
-3.492858
-7.727208
8.564024
3.185463
-7.306127
-8.368792
0.643949
-2.404767
5.92105
-4.945561
6.365155
-1.836192
-4.177732
0.674855
-7.769774
-4.210882
-6.788344
2.800837
2.920764
-8.28950
-2.973036
-3.422059
1.317926
7.744266
-7.519594
3.58268
-4.811696
7.738418
9.46292
-4.45641
-5.743545
-1.600158
-1.859042
3.84219
-3.493858
-7.877734
-3.120990
8.383929
0.71318
-8.791615
-7.490380
4.49122
2.820383
7.981897
-6.241222
3.335429
-8.508104
2.547593
5.771083
0.132044
-8.626721
-1.777207
2.5561
-6.113358
1.361216
-6.268729
-8.926870
0.630982
3.635837
5.504079
2.764997
-2.678488
-3.844711
-0.639059
-6.145752
4.375000
1.720890
3.304412
-7.509496
-9.923811
-3.855326
-0.278068
-8.273863
-6.146744
-2.911310
6.808785
0.174596
6.33201
-5.415841
-3.609950
-2.747574
9.488136
5.608845
-3.115261
3.637095
6.19211
-2.563044
-9.679110
-8.514745
3.738490
1.338073
-8.111194
-2.703639
0.509175
4.166860
9.338798
8.399991
-8.587680
-0.206278
-2.281633
-5.221204
4.429374
-0.151507
-2.177817
8.171402
8.43571
2.119461
-2.90022
-1.472102
-9.714246
-5.393702
-9.807098
7.409868
-4.359913
-9.772493
5.768351
-0.915756
-6.777750
2.741
0.648530
-1.459608
9.288399
1.729746
0.519992
-8.168313
-3.357921
8.911261
7.744678
8.962202
3.770113
-3.482746
8.804955
-0.682466
5.783138
-2.284789
3.875172
7.114210
7.154070
9.52068
3.313012
-0.651147
-6.460175
2.63548
5.871133
1.275547
5.16580
-7.895287
-1.343776
-5.623446
-2.767741
3.425193
-1.55410
-7.979494
-9.410839
3.902143
-7.621718
-2.443837
-0.247059
8.808764
7.607508
7.897052
-7.676493
-4.267140
9.867811
9.261645
-8.249782
-8.223746
-6.781397
-0.109507
2.260146
7.546326
-4.619193
-5.971627
8.183528
5.126029
-6.74677
6.562406
5.484502
-3.701094
-7.835628
-0.655845
7.103292
-8.233377
-9.541948
3.956195
3.378261
6.462569
-8.136604
7.163777
-6.869205
-3.376747
4.67105
-2.649475
7.358294
2.610429
-6.634822
9.230311
7.104289
-8.70859
6.723175
1.354088
-4.509924
-9.809876
6.258275
-8.38649
-8.277027
1.48086
3.914233
8.392674
5.668150
-6.92641
-7.354698
-3.41259
6.902055
5.479034
-2.761094
-3.126497
-7.521460
2.598941
7.522716
-8.678342
8.958920
-5.947905
-9.294774
9.357819
-1.747471
-9.131256
4.739485
5.676448
9.529355
-6.537733
6.572023
-6.142149
3.90690
-6.675921
-7.936492
-2.665782
-4.911876
9.621713
4.155263
-6.729731
-0.437759
8.634045
9.876200
7.549929
4.650616
-4.972061
-3.608055
-8.629116
2.601481
-2.80569
-9.712019
9.520159
-1.903838
-4.706887
-9.770773
7.359320
8.603783
8.276353
2.537126
0.948160
0.47189
0.438940
8.265563
6.617748
5.204119
-8.444818
-5.521979
9.347477
-9.575731
3.845652
-7.919674
-1.235556
-3.943696
6.920294
9.715279
-5.979268
-3.717025
-6.20254
-3.550775
-8.910070
3.178708
-9.585059
6.649282
8.307921
-0.751510
-1.783527
-1.246940
8.778236
-7.170122
7.443370
-1.578846
9.107385
-5.500633
-8.24153
6.295693
3.35725
-0.689066
-2.777697
-2.165446
7.428045
3.411146
-7.550775
-4.598840
4.499039
-4.688017
5.848350
-4.508362
-4.868726
-2.466048
4.367455
-6.483019
7.507798
-5.26853
8.205817
5.868963
-8.251450
7.136805
5.804671
-0.33285
-5.992769
-3.159197
-7.111416
-8.473163
2.745072
4.983999
6.969287
9.285717
5.106002
6.240545
-6.854790
-3.376784
-9.734023
-7.960932
9.689054
9.933780
3.383128
0.401800
1.981805
4.508221
-5.447097
4.682240
-4.213021
2.547239
2.228098
-6.494119
2.181563
5.574583
5.326336
-9.725142
9.320638
1.621944
9.788258
0.963700
-6.621435
-7.506533
-1.602995
6.396460
-8.172645
8.553905
1.297136
1.257129
-4.810668
-9.724480
-4.443146
-2.204776
-7.426797
-7.525043
-2.901314
-3.537414
7.941565
-1.593568
-9.659313
-5.384524
-6.316440
-1.199512
2.527859
1.515748
-0.221410
6.3886
-0.71965
1.746287
2.681498
-0.149506
9.630362
-9.778205
-2.583218
-5.681099
-4.984661
8.150197
-7.280669
2.673213
8.68605
7.310217
-0.89827
6.915988
-6.444420
-7.650978
-5.60704
-8.91264
-6.763721
-2.568696
7.583404
-9.983512
-8.669894
2.958992
9.50318
-6.504436
-4.837093
3.786053
-1.355202
-1.616504
-4.865304
4.750395
-2.421283
8.541035
3.887856
0.528612
5.177106
-8.817999
3.634193
4.390004
1.791351
5.390485
-0.530329
-2.784358
7.101263
-2.409113
5.391590
1.109398
3.170153
7.337578
0.696719
4.347334
-4.789287
-1.176119
-3.499528
2.809832
-6.611467
-6.774231
-7.567824
4.380154
5.827724
7.292190
6.7596
-7.911577
-8.61521
-2.861635
1.324181
-2.142617
1.167647
-6.517111
0.97366
-4.216115
7.263843
-6.770881
-5.554289
-7.715332
-9.695825
-0.371008
-3.366629
2.885547
-7.265340
8.202726
9.561393
9.646980
7.151957
-7.575854
3.728503
-1.254076
0.894099
-4.765453
1.248292
6.170340
8.856491
1.797991
-8.422768
4.825047
-4.833761
1.805794
7.883764
2.751670
-6.926623
-3.22341
-4.254939
-8.888260
7.725890
1.289414
1.843220
5.83134
-7.863811
0.68233
6.614651
-4.252054
-4.183168
6.485739
8.806746
1.298147
-3.568500
6.313606
3.336595
-8.15216
1.147624
1.465761
-0.656317
-0.59433
-4.505804
7.418197
7.621660
-7.466306
3.757929
-0.929349
-0.699532
3.511453
1.903805
0.131527
-7.599231
3.32809
7.238026
4.574455
-7.125230
-6.237810
-2.13132
-5.549495
9.131659
-3.942791
-0.468630
-3.32275
-3.931873
3.768627
-1.856145
-8.47373
6.357527
6.934233
9.275954
-7.39009
2.766479
0.996872
-6.664737
9.359030
0.578761
-0.598211
1.346729
3.7495
-3.124666
4.569343
6.505757
9.16788
-7.651596
0.648207
-2.581077
-0.91788
4.934501
4.89644
-9.655770
-3.248184
4.842383
6.874292
1.892539
-6.861701
-1.34053
-1.298445
-3.702250
-7.602994
8.967616
5.72069
-8.955363
1.416681
3.420193
-2.179691
-0.537854
5.589795
-3.966431
-9.498138
2.741468
-5.788383
-5.757284
7.153927
-4.995100
-9.965104
6.195794
-8.300952
3.372365
1.860886
3.856161
3.13958
-2.582463
6.436763
-1.934797
2.1808
-5.983146
1.912864
-4.605760
0.764083
-4.474476
6.253611
1.657205
-3.640621
-3.653244
-4.115268
-2.206384
-4.980797
0.28303
3.831685
-4.372729
7.909255
-8.745998
4.640243
6.745917
-6.90823
-5.123715
-1.73091
3.723551
-7.996516
2.752873
7.332430
-3.265498
-4.167244
8.958080
8.605507
9.111332
4.975055
0.109540
-9.120547
3.772159
-8.87908
-8.288701
-7.548095
9.539415
2.399554
6.792835
-6.409292
0.746072
7.864184
-0.78959
9.763128
-5.342296
4.78815
-5.96576
-8.657848
1.853455
-6.323463
-8.140965
9.29512
-0.18325
-2.343924
-2.855091
4.817325
2.914222
-9.587511
-0.475402
6.205580
-7.236748
0.194800
-9.683930
5.25354
-2.274276
7.235751
-7.974225
6.29114
2.832676
-6.145042
-4.924561
-8.884601
-6.922050
9.115868
0.229182
2.604289
0.352708
3.54665
-6.884359
6.695245
-5.327140
-3.437360
1.539066
1.683287
5.213947
8.502489
-3.882592
-4.752125
0.731303
5.811881
-2.683087
-0.98020
-4.251482
-9.860105
1.432893
8.760473
5.78596
-1.394192
2.736375
-6.937820
-6.659922
-5.343594
-7.873439
4.687858
-1.419071
4.779909
7.407365
4.170498
-6.91271
4.119449
3.917575
9.329141
-7.824210
-0.425496
-8.816287
-9.726882
-3.176121
-5.530246
2.574084
-2.38940
-4.736695
8.350436
-7.978184
-4.904124
2.504714
9.180143
9.723588
5.697293
9.44508
-6.952550
-2.908297
-6.538965
1.704502
-8.794699
0.981061
-1.682660
6.712109
0.993126
-5.663505
4.363573
-3.696428
0.579644
-4.375068
3.390556
9.51606
8.207209
-3.584247
-3.326138
1.28535
5.232819
-2.10634
7.98677
8.331031
-2.234936
-6.714517
2.274488
7.94991
6.415966
2.934708
-3.212075
-9.200619
6.808637
-7.91445
6.269899
1.622346
-7.646198
-3.540467
6.533616
-9.102418
-7.943083
4.902832
7.227150
8.462977
1.18085
1.766679
-3.276716
-2.271759
-3.336055
4.312094
3.744763
7.834177
-3.140027
-6.244637
-7.479038
9.594520
7.338303
5.984875
2.145580
-6.752736
9.224699
-4.806249
-3.181652
-4.192251
3.413138
8.146917
1.532286
-3.699091
-5.736855
-4.662843
9.579473
-8.429827
-9.149442
-4.965468
-9.824532
-2.777422
-7.558113
7.992379
-4.835626
2.940262
-9.618381
5.647452
-0.378003
9.917357
0.59208
-0.766242
-8.632979
3.30426
0.459811
-4.583065
1.636574
2.877741
-1.80111
5.974393
7.236485
3.279525
3.766783
-6.263249
9.435309
9.52523
2.777734
-8.706768
-8.753100
1.615227
3.742266
6.475101
-0.591154
5.164890
8.705041
5.47233
-5.615375
3.576905
1.579275
5.484136
-1.757901
-3.943428
-0.323310
2.530527
4.111857
6.527112
-4.875709
6.794223
8.676746
-1.119743
0.581255
-8.330470
-6.614210
-7.748314
-2.479680
6.759969
-6.641703
-2.418969
4.314887
0.598910
-7.853561
5.370161
3.591107
1.623906
-0.633448
6.841127
5.777823
6.607967
1.875761
3.193184
1.44371
-3.703576
-8.630579
-2.665042
3.853844
5.792490
7.524446
-1.441772
7.855043
1.957359
-6.352110
3.653255
-2.674913
-8.547646
2.536119
-5.636366
-5.92004
2.61087
-5.962584
9.144088
9.171804
-0.931997
9.794829
9.867759
1.774694
9.632729
5.315697
-2.601419
-0.97864
4.197145
-7.92446
4.311786
5.107797
1.594706
3.470259
6.71948
-8.708616
-4.904708
1.618348
3.737285
2.702524
-8.382529
-1.430554
-5.37865
-1.268460
1.142106
3.844227
3.950473
-3.38285
-0.586598
2.255852
2.217852
1.888243
0.610911
5.253614
9.591048
-4.772293
-5.113046
6.731080
-6.240610
-2.355134
-3.650746
5.988290
-1.959210
2.674565
-5.120966
-7.854011
3.615018
-5.792345
-2.37043
-9.86397
9.642933
3.89178
2.372040
3.45734
0.378722
-7.513109
-7.809474
3.701940
-2.745142
0.42032
-5.364813
6.414986
9.629850
4.587613
-4.90945
-2.730894
4.763401
-4.334217
-9.174421
-1.524623
0.739958
-3.503876
4.288315
-9.85189
6.85415
-8.409960
8.912834
3.725408
0.156379
0.242790
-3.587390
-2.833113
6.585489
3.732910
4.288407
-2.179757
-4.403717
8.253411
3.979833
9.295423
9.791269
7.315831
-3.316799
-5.907673
9.708769
-0.811033
-1.429007
-4.358798
-9.934621
1.847251
-3.137662
-7.513109
-7.510172
-9.933520
9.351989
0.400051
-8.454962
3.945908
2.598297
-4.568508
-1.99331
8.810860
7.19858
-6.344517
-0.517748
-3.344310
-1.487608
5.384063
-0.770735
-5.660161
-5.347765
-7.624815
8.807142
4.727899
-1.327461
-8.281895
-7.951288
-9.731945
8.499016
-7.703473
5.192569
-5.620316
7.16177
7.890323
-6.176274
-7.258724
6.537724
5.951883
-7.479813
-5.719812
-7.240388
-5.657223
-7.297530
-1.697519
-8.201707
-6.844194
-2.969290
6.580955
-5.63252
1.703270
2.161169
0.784714
-8.198721
-4.726684
-4.612854
-9.668341
1.724095
4.215053
-5.873160
9.681081
-5.891345
0.147465
9.135166
9.354272
-9.695106
7.850296
-8.594917
4.466693
-2.933860
-7.959879
4.780915
-8.637355
1.702774
5.791055
3.83365
-8.814114
-6.311144
-1.60098
9.641931
8.668950
0.328075
-5.296825
0.876268
-1.748773
6.673729
-8.263989
5.704248
-2.718599
-4.38449
-8.53309
0.927909
-7.69946
-1.626887
0.766600
-4.843359
-5.35917
-0.710922
-9.495996
-7.857832
-8.730291
-2.589603
-0.183981
6.699834
1.807234
-1.329940
0.351317
8.685479
-5.127219
-3.769338
-2.737417
0.733109
-7.84489
-0.121088
5.202821
0.78462
6.938092
9.562052
8.621887
4.385252
3.374244
-6.158524
-3.666001
-3.482974
-8.236329
-9.725371
2.793459
-5.476510
-8.1798
-9.381673
9.990318
-6.558024
4.707100
4.105173
-3.484783
2.653164
4.456609
3.246434
2.224472
0.34294
1.412533
9.129312
-1.917738
-4.378654
6.633148
-6.400392
0.242496
-4.162961
7.174783
-0.932554
4.337877
8.248646
-8.339737
-9.793504
3.92920
-4.990666
0.244818
-5.132483
7.646522
-3.272382
5.908088
-8.543958
-6.738016
-4.713715
-4.92580
5.359395
-7.683675
-8.522031
1.153600
-7.802855
-9.504090
-8.669838
-6.462116
4.282310
-3.25427
5.808262
-5.63911
5.518520
-9.851401
-6.237338
8.641589
7.885679
5.218256
-9.528112
0.576047
-2.971334
9.704639
2.569837
7.183058
-5.707176
-7.414574
0.729692
3.196487
4.69328
-6.61930
7.750523
-0.527204
-7.559298
-1.885188
-9.658473
6.198360
-1.525292
-7.792755
-1.495570
-7.432398
-0.112316
8.376288
-0.771875
-6.817597
-3.397558
8.232744
5.481097
-7.28296
7.92597
6.234816
7.998297
-1.387077
-1.105797
-0.240646
7.974681
9.15079
-2.292766
-9.21083
1.429221
6.102859
9.587576
-0.666599
-9.867132
-6.748475
0.195814
-4.867624
-3.994968
-3.586787
7.952188
1.619446
4.504607
3.236339
2.190931
-3.140257
9.418268
-7.455224
7.967519
-4.952602
-9.955122
-2.67675
-9.525079
1.358335
5.954519
1.935782
4.59122
9.815571
-3.220208
-2.598505
-1.971544
0.284898
-5.157779
-8.661411
1.495096
6.525967
-7.18851
-0.169562
-8.845725
-5.558660
-6.378801
8.291041
7.914826
5.271117
9.563548
-4.532106
-1.284346
1.754886
-1.431656
0.249471
8.193638
-0.219278
-3.877715
-7.726732
0.608313
1.476977
1.301211
-2.107432
9.227563
2.398166
5.217744
3.690547
2.101472
-8.608299
2.872439
-7.421692
-8.265673
-5.455937
-0.162046
2.746079
-8.283046
-1.151750
5.675934
5.737722
8.157287
5.498176
-1.776144
8.308241
-9.849353
1.831138
-2.503066
7.91479
-9.299304
5.553312
-8.547530
4.406625
-2.640278
3.33348
-1.693267
7.363951
5.443565
-9.633502
-7.657013
7.615570
-2.84768
-6.2454
6.757616
0.132279
9.98732
0.819021
0.555578
9.75097
-7.594736
-1.241374
-8.301788
-5.416915
1.601281
4.147384
8.363463
-1.615225
-7.217456
-8.222277
-3.688464
3.464377
-3.586977
-3.603794
7.437806
7.729290
0.544300
7.576103
-5.705002
-2.858210
1.218285
4.925888
-3.629293
-0.896916
5.247563
-9.955202
1.152112
4.969729
-3.743427
-2.512431
6.868192
-8.921798
-8.398271
5.632104
-6.523859
6.191170
-6.781421
-0.658075
6.952711
7.882783
0.186922
8.69942
7.479870
-0.520035
9.310584
3.289322
0.185540
0.59890
-3.4829
3.725358
-6.79688
0.802456
5.852256
3.825676
5.652337
-6.63450
-7.46923
-9.722163
-0.124308
1.480433
-9.302969
-1.976462
3.422709
8.39982
-1.976737
-7.756833
6.87792
6.718331
-7.371933
-7.968606
-5.907485
3.924548
0.540682
2.784812
1.660623
0.511403
-0.110121
-3.642317
1.684235
7.757054
8.553430
-9.702105
-3.489185
5.283278
-0.426411
3.570921
0.296612
0.650405
2.870817
8.598506
-1.797555
-1.803636
9.76859
-0.556286
-7.281899
-7.230434
-1.675076
7.703618
-1.550743
-2.72031
8.268794
-5.532165
-8.819397
-9.154819
-5.839596
-5.50703
6.815896
-9.728944
-7.464867
5.191550
9.698750
0.539897
-7.417098
7.819537
4.546844
2.25431
-4.309867
5.213116
-4.901936
-6.247143
-1.330892
-1.983442
-9.524781
-5.548120
1.93395
2.991559
9.440344
-3.663881
-2.333085
9.515051
-6.798162
5.451214
4.39075
-0.381142
-4.115883
6.115598
7.914637
-8.361602
-6.669085
-1.818304
-0.517163
0.464410
-7.199944
4.657215
-2.172111
-7.291477
-2.40744
-0.246133
2.637111
-8.599262
8.896082
-8.374815
-6.535254
9.385828
-6.507363
-7.476900
-6.802352
5.440415
-6.538617
-4.462747
8.211505
-6.99405
4.94013
-8.234404
-8.901721
-6.728198
4.345787
8.152772
-5.27108
-3.154232
-5.385152
0.204328
4.108874
0.782383
-9.398421
8.129099
0.265895
-5.365905
4.158910
3.314725
-1.916261
-6.892303
-7.617668
4.143960
-5.857009
7.780530
1.875070
1.975687
-4.490092
-8.505957
3.486030
3.158168
-2.621778
-7.970872
-7.472559
-0.512208
2.334369
2.801182
0.549067
8.154187
1.738070
6.234926
6.332730
-4.140357
2.989246
2.761466
2.618820
5.827205
-7.752525
-1.70043
2.610836
-7.774814
8.454280
0.299606
5.422049
-0.227673
-4.980658
-8.72425
5.478662
-0.205813
3.276187
0.175814
-1.579214
-4.108166
-6.249894
-4.960604
0.785208
8.58077
-2.96744
-2.933924
8.756509
-0.302569
8.323382
-7.151678
-5.927814
1.157388
-3.634570
-3.461829
-8.499073
7.982475
-9.531135
-0.723185
-5.882496
5.430643
3.699938
5.628782
-3.928495
-1.612441
-9.720339
0.279909
-8.980610
-6.98631
5.842488
8.758693
-0.504468
7.813355
-2.162310
1.336542
2.426831
-5.46273
-4.612442
-3.914550
7.738815
-7.957675
2.690106
-8.380273
8.701917
2.289608
-8.637880
-6.245806
5.612212
5.784587
-7.969764
8.82943
-3.554768
0.601528
-0.852007
-3.751051
-8.394749
-6.52498
-8.4205
3.714130
-9.829960
-1.161478
-9.500083
-5.350243
-4.41666
2.220309
-1.255420
-0.57476
-9.189104
0.295450
-1.258359
-7.365702
-8.542452
7.27769
-4.685576
9.217788
4.946719
1.26601
8.219592
-1.621553
-8.566126
-3.506725
0.526293
1.212302
-8.133577
2.658476
6.54402
0.199754
-3.696084
-0.514895
9.919373
9.739478
-1.136689
6.643792
-2.94680
6.80075
8.787581
2.505324
-0.774427
8.816699
3.411238
-6.365459
-3.12360
-8.410746
5.621090
9.812616
-1.235817
5.321059
-6.127649
1.875179
3.701554
1.172901
8.312296
7.162386
-9.419121
4.248782
3.309845
-4.656713
-9.5491
3.52264
-4.311927
-7.252911
-7.98341
-0.501258
9.138160
-2.587374
2.445327
-9.499602
0.255521
0.3865
-1.561331
-7.339159
-8.219158
-6.697338
-0.217149
-9.399682
1.90256
9.491986
-1.991338
-5.683258
2.475629
-9.70007
-7.188347
-8.110243
-8.30785
-9.369095
3.890306
-6.904265
-1.584037
-9.451464
5.526106
4.152596
2.100195
-0.950894
9.238654
8.585283
-0.94508
9.695304
-8.919977
-3.24049
8.11384
-1.992370
4.273462
5.622874
-0.221594
0.803122
-5.799844
8.785666
7.768924
-3.257310
-5.417728
6.242161
0.800616
-4.314143
0.860283
-2.502525
-0.577260
4.7499
6.697506
4.747672
1.609459
4.808975
-9.15168
6.328232
-8.215415
3.915369
-3.13379
-7.120305
-7.931452
-3.883148
8.966740
3.742666
9.203298
-4.105744
2.589232
-5.875356
-2.799941
2.130128
-2.684287
1.714990
-4.995900
7.944745
-7.803687
-7.373341
1.555
-1.29260
2.478335
-2.925039
0.376871
2.80395
3.266929
3.62286
-4.308145
-3.503322
-5.8754
-3.556207
-7.544699
2.503961
7.587004
-7.208926
1.285581
4.267357
3.413271
-0.442975
9.462212
-6.576567
2.145044
7.483936
-9.239723
7.96692
7.769833
1.255048
-2.13433
8.848675
-8.617764
7.386663
0.635575
5.908245
3.97006
-5.95083
-7.499223
9.576354
0.905116
-5.793654
4.777995
0.866892
2.132904
7.120731
-1.334334
7.393421
-6.506919
-1.476760
-6.570303
4.200818
-8.843984
8.478366
-1.164179
1.562818
-9.158219
1.190106
-8.787875
-9.721358
-4.245605
5.890399
3.20769
-8.738127
7.945488
-3.311132
8.226951
1.306304
6.127922
-4.707381
-3.621035
6.290353
-8.508988
-8.54937
2.344146
-0.993169
-3.639089
8.132593
0.867101
-0.865886
-9.122059
-5.722275
-1.383705
-8.950333
-2.416878
7.947518
6.105071
-6.564110
-0.31092
9.293892
-9.590222
-4.198389
5.976090
-4.493150
0.971345
6.356162
-0.507791
8.620477
-6.33230
-6.357619
4.817378
-1.549894
-6.845521
-6.696895
9.191657
-1.673954
-2.653306
7.768804
-2.669393
1.705821
5.743976
2.938619
-7.495675
-7.831553
7.863883
2.42246
-1.797808
2.784698
2.534320
4.626824
-5.839749
6.312373
1.210383
0.26220
7.285739
-9.443933
-9.856964
-5.65328
6.689502
-2.762716
0.158941
3.211907
8.987861
-1.332323
-7.942190
-6.525471
3.756120
-8.803796
-4.953654
0.358737
-2.241217
-5.861422
-9.157973
-9.626544
-8.131393
-9.503699
-2.334764
-0.906044
-9.2238
2.190370
-9.97264
-0.562669
-1.415311
2.349220
-7.423320
5.406999
2.776894
-1.357264
7.762495
9.682089
8.362411
-4.962401
-4.243024
8.159437
7.76666
8.420551
-1.716563
9.753527
-1.818886
3.866295
8.770843
8.773747
-9.769133
1.882271
-5.772409
-9.570939
-5.781560
-5.771741
2.931174
-6.778450
9.503938
-4.237608
-2.542129
-4.316460
6.942525
4.359997
3.459522
0.534348
-2.458090
2.25948
5.887307
3.920931
0.121925
9.700610
-3.849126
4.160492
8.538907
2.217288
8.465512
1.586115
3.445390
6.846886
0.47996
-5.334207
-0.587790
-3.97506
3.434294
-8.896067
-0.770917
3.990020
-5.815474
-7.300272
1.682024
0.502859
1.595590
0.935445
-1.366071
-1.346989
-0.928899
1.86244
-9.844972
7.92389
-2.782132
5.3422
-5.5925
0.122415
-2.546088
8.815852
-5.632642
9.494675
-4.471714
-7.41853
-3.19275
3.1032
-4.804980
8.535260
-7.805732
-9.50690
8.715257
-0.537647
5.540583
-4.539541
-5.351144
-6.173769
-3.510275
-4.472605
5.996204
6.447143
-7.172411
4.649964
6.416989
-4.867516
-5.577581
2.845669
-4.675202
3.588459
-7.224206
2.128532
-9.633641
3.372175
-7.871513
-4.87017
4.576892
-0.360415
-5.471321
-9.681886
7.43724
-2.362566
2.721807
3.320352
9.695849
6.421585
1.37101
-7.893541
4.197378
5.458888
-6.667027
4.818001
-7.358953
-0.978647
-1.843398
6.853844
-7.910205
-4.106414
6.771788
9.614233
8.738561
2.852626
3.117663
-2.683665
-3.406456
-5.190253
3.122072
5.778806
0.553574
3.884993
-7.971301
8.372575
-2.451381
2.929525
-1.611008
-0.740735
3.707589
-3.97726
9.288336
-3.509501
3.703758
4.570838
3.928743
7.136425
-6.721589
-2.11279
5.375693
-0.757738
5.747478
2.633051
4.61396
0.254722
1.582007
-7.160914
6.191461
7.596455
1.566151
-9.255323
-2.959131
-6.714795
-9.407310
-2.557032
-4.20185
-1.764502
4.719508
5.45267
0.933458
8.157079
5.297504
1.159420
-1.252329
-0.312693
1.395000
-9.427991
-2.64445
-8.542303
-0.872843
-6.464464
-6.42199
9.902582
8.678666
6.431846
-9.449549
-8.281078
-8.603701
7.125229
-4.958471
1.185930
-9.546576
-0.548598
2.874086
6.963054
-3.372535
-0.122714
-8.978092
-4.690881
3.789997
8.208898
6.653720
6.872910
0.574944
-0.495800
0.464523
-7.392465
4.674914
-3.925370
-3.653434
-6.281004
-2.756192
-4.637550
-4.827660
2.37892
-4.700092
2.263809
-6.42826
2.608139
2.634034
-9.78982
6.128914
-4.846758
-1.781112
-7.322414
4.950071
-6.3913
-3.155712
7.867206
1.829278
-1.864629
7.665806
-3.402880
2.465113
-4.427451
6.818397
2.586123
0.639446
4.685985
9.618406
-8.639199
0.513016
-6.512402
-2.274906
1.628190
-5.610146
1.953571
-3.922273
-7.42728
8.472129
-9.811808
-9.173450
-8.169618
-8.647070
-2.903272
-7.776989
-1.218292
-8.231096
6.3815
-7.370953
6.194492
7.855414
5.19524
-6.89702
-2.47415
1.836464
8.758896
-6.433536
7.499832
-7.160121
0.32810
-1.757097
2.878704
-3.393681
-4.93285
8.605708
-0.541096
-7.369372
-0.12810
-9.30489
-3.894539
-1.933120
-4.836034
0.772899
-1.874433
5.76613
6.640076
2.783113
7.769526
-7.570425
8.105820
-9.53851
-7.302637
2.355350
0.301691
-4.705429
-8.886675
-0.637029
5.390029
-0.161858
-6.596286
-1.758827
-0.373874
-1.869189
-3.122099
1.258595
-2.884385
-9.56918
-1.629213
-0.130434
-5.623772
1.487416
0.170836
-8.26420
-5.310713
-5.447206
-6.479808
2.81299
1.518441
-0.77111
6.844086
3.441539
4.923321
-2.108422
-1.319487
0.407264
8.77182
1.215916
3.976847
0.266357
1.762656
6.62029
8.923303
-8.753058
-8.904129
-3.531321
7.409581
-8.906943
0.113028
5.140698
-1.636739
-5.257627
9.974427
9.957975
8.267395
9.213401
3.243198
0.352948
-4.623950
-6.574645
-6.798496
-1.655942
8.104873
0.584964
-0.171933
1.734322
-6.195747
1.600687
2.714114
-0.480170
7.681566
-4.597310
0.773078
-1.164878
0.525768
-7.276229
4.980288
-0.14821
-5.803123
0.974575
2.153523
-1.9409
-4.283509
-3.950250
-6.313
-4.184740
-6.749636
-3.905497
-0.37974
3.738314
-5.613866
5.979480
-5.491096
3.769941
1.400979
-9.556143
-6.2459
4.935675
2.956477
-4.778981
2.883356
4.983873
4.161490
-6.672933
7.232136
5.364867
-3.347355
-0.159889
3.333642
1.671736
4.665100
6.950905
-8.54911
-9.260627
1.34657
-4.377312
-1.506038
0.654118
5.243401
8.311862
2.630519
4.296885
9.806794
6.167693
-6.665876
-4.185970
1.316824
-2.60896
-4.353861
-0.184902
2.300294
7.616099
-7.632540
0.994757
-1.408385
-8.105562
-0.451153
0.792515
8.322241
0.857621
-4.103096
7.207413
7.154183
2.481963
1.967734
-9.162505
9.927235
-3.284316
5.404216
0.13986
-6.941840
0.334649
-3.489299
6.212583
-9.188546
7.599417
-9.631166
-4.633321
7.150426
-2.85399
-0.74085
-2.482187
9.893100
2.455716
8.197497
0.494124
-0.215
-5.134220
-8.237709
-9.600221
-7.112081
8.876385
-0.584195
1.938749
-7.389307
-7.452659
7.774959
-6.799794
-6.844184
-2.795994
0.185561
4.987431
6.19901
-7.288622
-7.522529
5.910169
-7.50958
-6.576064
6.635160
-7.895025
9.441057
-5.347341
-7.128769
-7.162089
5.903016
1.65401
7.659720
3.686189
-7.762675
-5.675944
0.509865
-6.376521
5.185000
4.519497
8.318762
3.4806
7.997583
-9.104758
-8.642477
6.938573
-0.821743
2.993901
7.926126
-1.154673
5.968163
-7.889126
-2.860435
0.416696
7.133975
-9.163783
7.401145
-1.770767
-7.169046
-4.692048
0.534565
0.599614
7.468948
-9.802289
-9.802176
9.747638
-0.798265
8.496628
7.219248
-5.151124
-7.811754
3.68956
-4.411185
5.352376
-0.480936
2.472045
-9.264278
-9.195728
-1.260298
-8.900465
-4.270902
-8.856125
5.61612
-9.747797
-4.847729
8.979031
9.854542
6.326351
4.714283
1.187383
-1.437699
-8.999797
-2.989643
-2.876184
-0.461711
-6.548399
9.400238
1.331847
3.323501
-3.143504
8.393925
-7.435574
4.337406
-3.26960
1.856612
-8.823650
-8.400120
2.366651
6.951676
-6.382789
2.593159
-7.853688
1.20503
1.187918
5.587380
-2.99320
-8.702771
-4.252273
8.590531
-4.948180
-5.28954
-4.754201
-6.672774
-9.257965
-3.902310
1.583872
9.367402
-0.136787
1.740225
9.17569
7.628677
-7.451121
3.953179
-4.988611
3.68024
7.597087
-9.883098
6.842530
-6.325682
0.316933
6.199072
6.81611
7.785534
5.880400
8.37776
1.361393
-1.466924
2.57140
1.417018
6.137091
-0.165537
3.47664
-7.54023
2.341038
9.683026
1.498650
-3.371781
-5.186175
7.562267
2.756633
3.303195
7.314278
-3.273707
5.134661
9.885752
2.595004
7.408559
7.693164
0.807701
-2.594205
5.369609
-8.365688
-6.147703
8.17540
-3.855600
4.248714
-7.525571
-3.185800
5.286541
6.761163
8.746759
7.441569
-6.376905
2.639496
0.570379
-0.885285
-6.82864
3.534897
4.460265
8.904881
-8.141732
-1.474011
-1.215998
6.674102
-1.950282
7.446642
-8.790890
1.875233
5.425539
-9.733158
-9.424998
8.870670
-4.435861
-0.784627
-1.450860
2.257457
-9.2188
-1.177919
4.3156
2.731736
1.673877
-7.543636
4.782580
9.316672
8.752704
2.177406
9.508767
-8.313300
0.642254
-4.472246
6.224510
7.40777
-7.911411
9.568762
1.686932
-4.216205
-5.119574
3.704282
5.361914
-2.1659
-6.873025
-8.401012
-8.456290
-9.991071
2.306334
1.336589
-6.855644
-0.382039
-5.93695
5.993767
3.846695
1.810006
-8.427334
-8.997613
-0.353867
4.732448
6.343466
-1.179337
-1.69712
-7.173199
-0.962044
2.660757
-7.310115
4.370585
-4.378225
-9.52672
-4.610130
4.170173
3.953436
-1.321833
-6.793375
8.241088
7.98687
-2.306112
0.403488
8.180799
5.974634
0.156988
-2.626253
0.476124
-8.216720
1.211088
1.785587
0.851199
-3.921890
-4.867878
-8.937965
-3.959265
-1.143819
7.561340
-5.417730
-1.642331
-6.928604
-9.586665
-4.503450
-2.57186
-7.300545
8.876360
-7.438453
1.940260
9.219968
7.70951
-5.734297
1.825047
-7.165663
-4.159635
-0.504114
4.657382
3.809131
-3.585614
-8.946603
-1.625170
7.348756
-0.419299
-8.655296
7.11341
4.355311
8.657877
-2.845600
1.611356
-0.516484
0.978715
0.673084
-0.11845
9.614365
-2.951392
4.629168
8.431886
7.752258
2.61441
-9.266992
9.137934
2.712514
-3.274087
4.647698
-3.999012
3.4016
6.166825
7.177524
-1.845246
2.271957
-6.887909
-8.834623
-7.460857
1.218613
1.246836
-5.589571
9.602129
-0.942389
-2.455950
5.786872
-2.451640
-1.945321
8.457350
3.483222
-8.670005
5.969092
-9.9651
-8.739922
-4.944866
-8.653221
9.164683
0.617186
4.239596
-5.306001
-3.464099
7.745607
-4.121836
-0.275965
6.418221
-3.877499
3.442108
-8.999958
3.385672
9.576459
7.790932
2.308631
9.202775
-0.591846
2.934584
-3.170587
4.119433
-3.232761
-7.488596
-8.311586
-3.217655
9.360458
-0.741789
9.854949
-4.472564
-1.23147
8.192623
-3.145676
8.15844
-8.559074
-8.81369
2.46828
7.201058
0.698600
9.782714
-4.420677
9.457285
-8.850998
-1.634479
0.677047
-5.587867
-7.157871
-8.179339
-0.404101
-3.907653
1.140929
5.274518
-5.976909
-2.964510
4.242270
3.638127
2.853384
9.764852
6.147024
-4.338498
7.844541
-8.171948
5.29696
-2.47108
-8.789084
3.298348
-6.172620
1.458729
-6.874085
3.633641
3.3759
3.437819
3.360404
-2.171568
-3.473086
6.974710
6.264306
8.16099
7.893076
9.815689
2.691593
7.178068
0.33281
-1.266845
-0.843270
-5.521178
-9.422344
-4.916504
-1.768512
3.641743
8.874695
-3.828262
-7.190744
-7.475485
-6.762297
-4.323913
-3.491384
1.437330
-9.620481
-2.947626
7.536055
-5.905878
3.494915
-2.696274
-8.648821
-6.374697
4.848612
6.851226
3.398637
-3.867569
7.622769
-6.323124
-9.695760
7.741252
5.275503
0.141781
0.861266
-4.889004
0.108797
-8.321861
3.169938
4.44076
-2.256185
-8.29715
9.840150
-3.966140
-6.764302
-2.209668
5.739568
-6.7189
8.927452
1.69116
-8.338060
-6.745551
0.987862
7.230168
5.847164
2.720168
5.700406
5.670162
7.46062
-0.934523
0.691373
-7.496021
-7.606071
9.813378
3.776076
9.355430
-3.440445
5.656270
-9.841119
-6.681282
2.220834
-9.715961
-0.712730
2.51291
2.697784
-9.449215
6.482548
-7.570055
-4.718926
-3.856613
7.601287
-4.774658
-5.638629
-0.181061
3.148476
4.388037
-5.619913
-1.544510
9.381046
9.142879
-1.797236
-7.551842
6.902720
5.455940
-5.57585
1.967379
2.57104
-1.283557
-8.303008
1.956578
9.958251
4.12511
-8.351669
-3.172105
-2.557812
8.206576
2.51258
-8.607112
-9.444192
3.765073
9.459072
-2.643828
-0.577649
-8.899162
8.338486
-3.44097
7.887679
5.521849
-0.7470
6.209236
9.270025
-6.536129
-4.559392
-2.726180
6.41491
-5.530204
-0.676052
-6.536137
-5.910370
-7.101758
1.550527
2.763986
1.238292
7.325116
-9.712915
-0.959500
6.304153
-3.281779
-2.48546
-1.15943
-6.981747
8.405029
9.445970
-5.682219
1.529290
-0.325671
-3.631809
9.335385
6.958247
-3.540570
-0.258886
4.932276
9.64165
4.763002
7.722263
4.532495
-5.691199
-9.907130
4.232778
5.62161
0.46093
-2.218749
-5.860468
8.209542
-4.107440
9.267076
-6.164303
-3.586922
-5.365768
-6.516683
-9.88316
0.546060
7.294946
0.813646
-5.784381
-7.252792
3.28198
-0.258762
9.796219
-6.598818
6.723479
9.429090
2.164277
-3.509559
-0.195234
6.8974
9.934217
8.211220
-8.230759
-7.741966
-1.323352
-3.537364
-5.570046
-6.314571
3.980481
5.191569
-9.214911
1.214809
8.294537
6.819864
2.340177
-9.427440
5.144066
-2.817704
8.229297
9.228634
6.35803
-1.711706
5.515106
1.242222
-5.524576
-4.569296
-4.321823
-5.462787
6.985395
-1.601235
6.351983
-3.139154
-8.206672
2.268943
-0.616991
8.57815
7.128779
-5.948986
6.316655
5.212266
-1.860094
-9.958698
-4.239238
-8.479900
4.533252
0.223121
-1.9650
8.36905
-3.122591
3.528709
0.967540
8.507591
5.344218
2.992526
5.727442
-8.73542
-9.116475
-9.694416
-7.753799
-1.796372
-1.456074
-7.535832
-2.240210
-6.226822
-1.313669
-8.601390
8.147799
-8.114380
-3.933767
-0.438968
8.842249
8.36409
-8.463793
-7.363639
3.248552
2.619080
-6.247400
8.110458
-5.761512
2.839504
2.873145
7.829973
8.733933
-7.412891
-0.892076
5.898930
0.23349
6.381807
2.185072
-8.703296
2.216499
-7.213458
2.230006
-9.22705
-8.302025
2.930693
-6.477393
0.638982
5.13486
-2.534674
6.157866
-4.241664
-6.338828
4.396799
-0.779218
-7.767340
-2.496598
8.181688
-3.965774
0.126718
-6.987674
-1.454491
6.324437
-9.364151
-7.986524
-5.599983
3.587107
-7.971245
-5.683260
0.391872
9.800379
-6.157982
-8.678141
-9.107212
0.951550
-9.62235
2.369960
-3.352120
-3.647695
-8.302877
-2.335988
-1.904895
2.283965
1.812026
-4.369527
-2.768388
4.775951
-4.405164
-0.354069
5.72088
5.202290
4.248703
-8.149466
0.745367
7.433263
-6.683326
-0.128242
-7.838766
-5.818848
-9.235396
-3.480281
-5.386588
-4.595946
-8.786496
8.98156
-6.966122
-4.485335
-3.25754
-8.939499
-5.906971
0.714694
6.731361
7.345515
-4.357473
-0.579261
8.896759
-4.562003
4.867296
-3.250507
0.549352
3.352273
-7.377911
-0.874970
0.476564
-9.477116
-4.760835
-2.560101
6.486806
7.928771
7.672141
0.468664
-7.798621
5.564953
0.363606
-6.981075
7.31870
6.998464
1.849840
-4.160809
4.838166
8.821586
-8.342115
8.98410
-9.985042
7.326780
2.219238
2.559174
-6.941297
-5.716551
-8.651795
9.329086
9.584344
-0.311832
8.902873
-1.350383
-3.615125
5.490640
-1.20676
-9.208391
-7.498909
-4.564371
9.873440
-9.257442
2.281330
-8.825063
4.869716
-0.479863
-0.621264
8.176464
-8.822623
-7.397909
-2.723908
1.175440
-4.334562
-3.219022
5.639248
5.814478
2.820239
8.597827
-5.380147
-3.818994
3.759806
-4.303279
0.244894
8.36579
-1.996015
-1.287382
-7.852264
7.260394
3.687459
4.665073
-5.273958
7.387554
8.779656
2.731594
1.617488
-8.274349
-3.731098
-0.92647
-4.535460
5.431217
-3.145122
8.433789
4.989010
-6.628994
7.89117
6.492275
6.685651
1.489483
-3.985247
4.585794
-2.593768
6.801678
6.512804
3.972040
-7.248669
-8.822355
1.496832
-5.640715
4.514400
-5.288994
6.694978
9.457254
3.512433
-0.123818
-9.539357
-7.376538
-1.426061
-8.419026
-0.964432
-9.597740
5.750166
8.599537
-4.579642
1.679492
3.528081
4.247231
-0.296512
1.910633
-7.579075
3.287087
8.620462
-0.205672
-8.844396
1.565790
4.341893
-5.937727
-6.691999
9.585190
-0.290719
3.806635
7.938283
6.896995
-5.140025
6.179806
-1.689213
-8.174898
-8.562457
-3.245246
-0.191348
5.332491
-7.782768
1.292345
-0.493462
5.449410
0.356033
-8.225062
7.852782
5.19355
6.668118
-7.861793
4.920173
-5.947366
-4.149046
8.885961
8.723901
-4.521111
-0.215318
5.531226
-6.537672
-5.558081
5.882736
-6.482623
4.738387
4.822757
6.882836
-2.156892
-1.819824
-5.434089
5.277637
-4.509112
7.493709
-7.14198
2.362922
3.66049
-9.56635
-5.207067
5.775111
3.97196
-7.709031
5.311438
-7.733505
5.960815
-7.391677
0.207842
8.295271
-5.377867
-5.9444
-2.372617
-9.31316
-4.523213
-2.406391
-4.79936
2.542825
-7.533445
8.390906
7.481691
6.511748
-5.784550
1.283242
1.769108
8.267612
-5.788817
-5.863271
2.853898
-5.343099
-8.387508
-1.194194
-7.54620
-3.582333
4.970014
0.561805
7.91210
4.35398
7.269692
8.518288
4.76456
4.871119
-2.879018
-0.989122
5.232746
5.165808
-0.678347
-2.366651
-8.289899
-2.14239
-7.897873
0.455197
-8.197959
8.427062
-4.425747
4.479474
9.855857
-8.827359
6.806309
6.613901
4.142290
-0.262633
-5.169123
-9.432734
-7.635798
-3.264682
7.881191
-6.125591
1.577
2.292193
-5.518727
-3.272987
-8.942445
-5.373414
-6.104074
-4.850817
-9.295805
0.117383
1.682204
6.796519
-2.474566
-8.130571
-0.703379
5.940007
-4.751163
3.78948
2.919187
-4.127737
9.48311
-2.487217
-3.91061
1.969429
-8.934011
-1.637578
0.512864
-3.195667
-3.950669
-3.691765
-4.544547
-3.509591
-2.395444
-6.237185
4.824154
1.615147
7.467227
-6.820
-6.583095
4.509858
-2.414844
3.980258
-1.518970
2.21898
-5.619614
9.15497
-3.149554
-4.805653
-3.62741
3.840005
0.814240
-5.517403
-1.469417
-3.244989
-1.846254
5.723575
4.514531
-2.731985
0.604310
6.82175
8.373698
6.23425
-5.24596
3.321711
-2.119253
8.274078
-1.401335
0.968249
-3.975642
-8.6608
9.87358
2.116384
-1.623001
4.93475
-9.98759
1.258469
0.588102
-0.237213
-7.44158
-5.555326
-1.643428
-4.122702
3.510553
9.276398
7.697929
0.621402
2.770392
8.175782
-6.602262
-6.621437
-4.864540
0.672565
-3.585288
9.660009
0.185737
2.314427
6.320159
-1.120620
2.167706
-0.953413
6.699
-2.364220
0.709415
2.659286
-4.307308
-8.268592
-2.801609
-2.10812
-5.133414
-0.729926
5.839322
0.654086
2.264217
-4.212971
-5.776748
4.653476
-2.980910
-9.529442
-9.991208
5.968468
6.115365
8.780087
1.151551
0.815045
6.463283
-9.249297
-5.520219
-2.112560
1.630589
-5.274716
-7.482002
1.285851
4.566834
-4.518014
6.315030
-7.265190
3.153437
-0.781382
-2.643483
-0.905860
1.782087
-7.144191
0.129905
-7.519800
0.526846
7.960495
4.925168
9.950831
7.50573
-7.731956
3.963447
-1.376764
5.268346
-0.273394
-2.723304
-5.114063
9.178617
1.469889
-7.100438
9.217207
-1.578560
-0.699204
-3.864989
-1.642749
9.66852
-7.452327
8.97068
-2.121810
7.856989
8.429738
-6.262269
-2.653022
3.229835
9.155318
-1.432919
-9.105836
-1.650916
2.509681
-4.116608
-4.71328
-2.589445
3.150757
7.164732
-1.350662
-6.530995
-5.429037
3.642498
9.899052
8.152236
8.18840
6.232425
-6.855198
-8.102715
7.356318
-6.258756
4.393233
-0.728428
-3.361410
8.413988
-2.775856
5.393104
-6.11651
-5.800869
6.23299
1.834257
3.150312
-3.110002
2.880597
-4.455426
-3.467448
7.504345
-4.671914
-1.604559
6.499717
1.708050
-2.276905
9.118968
-5.425793
-0.580079
6.250414
9.971992
7.977236
-8.154050
9.605148
2.686849
1.690613
-6.9675
-6.856110
3.624032
6.727430
-1.942160
-2.694029
-7.478338
3.128659
-6.668291
-1.447845
0.617631
-9.320357
3.952972
-8.938198
-5.808892
-7.36694
7.326224
7.765687
-7.887506
8.883377
-4.30207
6.479668
7.657553
5.143941
2.705599
-2.314518
2.947935
-2.792604
3.453673
6.617991
-5.8875
-8.636001
-9.871831
4.856748
-7.285480
-5.165595
-7.158417
3.291342
-8.693027
-0.31765
1.271753
-1.30621
2.661432
-7.600806
7.819646
-6.126843
3.42740
5.926265
-3.26753
4.264415
-6.522628
5.347952
-0.220054
-6.829193
-1.319310
8.912356
-2.922849
-5.298724
1.865289
-4.43513
-4.967739
-0.679547
-5.331289
4.278446
-2.410469
-8.496487
-7.251151
-6.316526
2.500307
2.11873
-1.882990
-6.385410
-6.66107
-0.586513
9.63788
9.317576
6.507426
2.643372
6.200737
0.689921
8.891692
-7.845030
-5.381536
-2.753968
6.791520
-0.297149
-2.699565
6.437969
-7.811086
8.716908
-4.166246
-0.675895
0.409050
-7.729705
-9.399953
-8.830263
-5.549827
0.293444
-7.410343
2.884481
9.760435
-9.437547
-1.817579
-1.450286
0.954886
-1.395166
0.88703
-6.542923
1.917550
-5.929674
7.752864
-7.311515
-3.450658
-2.551829
-7.885350
6.759091
8.470203
7.201899
-3.424853
2.433798
4.978347
2.708394
-0.332540
-9.259834
-6.219981
-2.129287
3.334367
0.868697
-7.25720
-9.248484
-4.905118
-6.272411
4.820613
9.367304
4.879122
1.310954
2.574318
8.274268
-3.953727
-4.46599
4.966205
2.981761
-6.921135
0.234985
-2.991491
-5.76005
-8.247617
-9.525587
-8.595462
8.882096
1.851991
-5.999845
2.517701
-4.770803
0.18985
-1.998580
6.871581
1.456002
-6.620540
-0.423620
-6.81022
4.46919
-8.593724
-6.542048
2.775549
-0.206052
-3.111808
5.616191
4.993469
-4.197369
-4.823547
-5.289152
3.641352
-2.768580
4.422173
1.109973
-2.424339
-5.96534
-9.168499
-4.235695
-0.180219
-1.886766
-2.355181
7.586813
3.868817
-9.736530
8.704884
4.129109
-4.981559
-2.882773
2.772725
0.248789
-1.841531
5.177381
0.282034
7.480095
2.944913
-4.304648
3.208194
-8.132668
-1.791793
4.9115
4.73786
-6.659864
-2.503224
6.58743
-1.436396
2.60520
2.544003
-4.55344
-9.830237
3.48901
-5.630807
2.414784
-0.503996
2.283612
-1.6515
4.377589
7.9592
-6.433138
4.14649
4.43202
2.283939
6.578391
-6.620291
-0.208025
-7.821689
-1.406195
-7.266193
-6.158931
-2.184375
-4.167022
8.115986
2.105054
9.794090
-5.202670
5.389537
2.307440
-7.500547
8.29214
-5.981488
3.154902
-6.631063
6.524425
-1.282476
-8.409213
-1.704600
-4.175153
-3.198460
-7.333171
5.979718
8.152752
3.928178
-6.589936
-3.716417
2.444266
-1.497859
-9.182533
8.937189
-7.28018
-9.613953
0.395721
-5.540344
-5.196512
0.436575
3.87327
2.867790
2.651150
-4.777550
-9.231187
-5.557627
-2.254709
0.477336
-9.856571
5.949543
-1.522376
-3.533341
-6.654333
5.576857
4.532079
-0.820464
-2.970788
-5.103099
-4.178278
-8.818965
0.225227
9.357680
0.746889
2.575386
6.780360
7.389831
-6.50455
-7.641602
-5.703616
-3.982067
7.397177
-7.552626
0.348908
6.404470
-9.529566
-4.471736
3.755902
-2.702181
-1.755206
-9.804252
3.282509
4.745058
6.725240
0.361036
9.262007
-8.443881
-0.759826
-9.180631
8.293042
-7.308041
4.44595
7.244281
9.232077
9.303928
1.35219
-2.173607
7.657979
-8.538790
1.941290
2.85447
-5.469681
9.7521
1.735240
5.518099
5.793272
4.573975
7.848294
7.372133
-9.880376
-4.611878
2.403595
-7.21684
-3.727555
-7.279152
3.4807
8.715583
-2.339011
7.667620
-2.365689
-9.242613
-4.639137
2.83504
1.336348
2.146097
2.816681
6.416021
-6.601374
-0.579773
9.857306
4.407965
-9.833551
-9.87393
-3.209716
-4.419408
-9.750920
1.513877
8.798605
-9.420695
9.784984
-1.771848
9.509517
-4.917938
3.502443
-3.506939
-0.210578
-0.650871
-3.543401
1.227180
2.402532
3.435145
9.567634
7.471840
1.714916
9.633209
9.405521
8.848533
8.378266
-3.628799
-3.663553
9.856186
-3.131016
4.321593
7.31664
1.470945
4.575197
7.62635
-1.512546
-9.207181
-7.50885
9.861344
-8.410408
-2.723944
7.236244
-7.417045
-9.805992
3.97309
-1.974573
-9.981184
-4.344323
5.466522
5.331982
2.475635
-3.885672
1.793361
-6.831912
0.406846
9.399399
-7.187838
6.917314
2.251382
-2.46227
5.465569
-2.347355
-5.723248
3.580546
-4.494446
6.43935
3.774264
4.859910
-8.900814
-6.241969
-8.810134
-4.361958
5.617333
6.509656
-4.844920
-7.753138
0.692531
-2.160635
9.18125
-0.731523
8.632812
8.197626
-4.344341
9.866320
9.111826
6.971353
0.360653
0.500268
1.274807
-7.484710
3.143498
-4.265798
4.198965
-8.149894
-0.731835
4.922883
-7.766973
4.587426
6.211447
5.572556
8.396370
-5.525726
8.806230
-7.887920
5.764100
-2.828747
0.802294
-5.926330
7.328786
8.576844
-1.885674
2.888090
-2.814420
9.9007
2.370875
-3.495497
5.870579
-4.373126
-0.470703
-3.987173
4.890894
-6.358069
-5.621791
-7.430083
-0.932837
5.861890
9.656477
7.83572
-8.246952
-6.874417
7.22171
-5.119289
-3.691497
-2.61376
0.116848
5.138365
9.954674
2.884422
3.886642
-8.257418
-9.606298
-6.302603
-2.750777
-1.281591
6.904053
8.989038
-0.64747
0.518111
4.205904
-2.631535
-9.265824
-6.548722
-4.321946
-1.207287
2.183885
4.151873
0.489494
2.369576
8.875693
6.771147
-3.930357
-0.891845
1.258549
-0.271022
-1.441584
4.436141
-0.360353
2.168895
6.295245
8.109693
3.869659
-2.181439
5.863990
-6.700793
-4.940734
8.520570
-8.429340
-1.764495
-3.527793
6.441491
-1.137124
0.396868
7.253093
-4.576801
-4.542575
-8.850654
-5.685614
-5.504245
-0.708829
-2.175057
-7.674078
-4.652601
8.2470
-6.982234
-8.379268
-5.151508
3.218743
-4.457678
9.553560
8.801634
9.311594
5.953098
0.423938
9.104456
-8.179094
-5.621290
-8.951613
5.632109
8.394569
3.799489
-6.288360
0.481955
4.326198
1.41477
-2.237297
1.456235
-9.548943
-3.717389
7.982169
1.52112
-0.618629
-3.388501
-6.497977
-7.949528
7.758092
1.270234
-7.670165
8.176630
9.247307
1.468461
0.609021
-2.13287
-1.118003
-8.379813
4.903172
-7.867175
8.893112
2.481652
5.232202
7.88385
3.300636
-1.706370
9.787543
-5.354001
0.479925
-9.918964
4.611002
-6.621334
-9.183701
2.247568
-7.414104
-2.785585
-6.266864
6.355920
0.518632
-7.513093
-0.125889
-6.543537
-6.942669
-8.570591
-7.444820
3.625323
-0.674441
-3.710179
-4.112350
5.816829
2.690791
-1.110997
7.591803
7.881763
-5.552911
-9.938586
0.228806
5.243819
3.337626
-6.506503
-3.669415
-8.470068
-3.529798
7.32305
-4.257862
-2.104221
-4.389671
8.897428
4.983413
1.682610
-0.24463
0.651213
7.590047
0.816336
-9.384321
-8.771525
4.86919
8.37650
1.333896
-5.604359
-1.665869
7.725569
-9.410809
1.797039
8.798728
7.485139
-9.762153
4.891281
5.632694
-2.324019
-9.504463
-1.843440
-7.327371
-1.969702
-4.835442
8.666101
-9.82252
0.473566
2.737471
-3.890086
-1.97667
0.384679
1.435038
-9.838791
-1.412276
1.572516
-0.91038
-4.538408
9.501332
-6.313707
7.63540
1.416701
5.647814
2.134986
-3.191607
8.132758
4.959930
-2.435276
-6.933725
4.604323
9.771091
2.454842
4.15370
-8.780044
4.234920
7.215438
7.420405
7.899367
-5.158596
-8.935562
-0.120351
0.843336
-4.972842
-4.460261
8.660735
1.19244
4.591954
-9.469901
-0.707847
6.839827
-7.179549
0.757849
-7.540485
-4.658919
7.764489
-9.48802
3.644616
-2.544565
-8.183925
-3.12773
-1.119081
-1.790291
-9.997598
0.272724
1.879361
-0.568782
-3.556425
-2.295399
0.652368
-0.334983
-6.278806
-4.604190
-1.154469
-5.935191
9.373913
-5.164073
-3.841268
-9.481100
-3.69822
-5.831634
2.90011
-8.573557
-9.7418
-8.964783
3.620925
-9.223980
-0.855455
-7.159966
5.198432
1.671129
-2.590831
1.592971
-1.467840
-2.729388
4.683043
-0.175462
-0.808133
-9.653832
1.491607
4.6530
4.533584
-6.351575
-6.97398
-3.409170
-8.254787
-6.975457
6.767957
-1.989908
5.122410
0.751636
5.192870
-0.85179
7.969415
5.885700
2.798819
3.846047
7.735014
-8.353877
-1.862604
-1.943275
-3.783370
-9.490072
-5.140001
9.200997
-3.435151
-7.525506
-7.647526
7.125694
6.130196
6.668989
3.748605
1.902626
-1.998981
-7.651420
-3.785466
-2.139553
-8.205490
1.783940
-1.832106
-7.505102
-9.554566
2.689719
-8.995740
6.474749
2.979742
-2.374946
0.473705
-2.560088
-2.955269
9.70908
-5.333929
8.527702
7.658650
-8.383128
-2.902133
9.167167
-2.703737
9.675721
4.208813
7.949562
4.83309
0.358659
-6.161887
-3.524677
-2.582099
3.635971
-2.825845
-9.873564
-1.563068
7.759167
-1.450611
-4.741023
-2.803770
-0.150943
8.289997
-2.167970
-0.708865
8.870034
-6.727917
-0.237784
7.986895
-7.825532
4.765044
3.496786
-9.403886
4.388478
-3.617729
4.828079
-2.662545
-9.362646
4.394295
-2.840802
3.577178
-5.281663
2.962582
8.234739
-5.217752
-9.253818
-9.700150
-7.668872
9.886446
-0.836188
2.259121
1.475368
-5.119520
5.514279
5.343966
5.801096
5.788405
-1.550164
-5.291453
6.64576
1.146008
-7.849849
6.672886
-9.986301
-2.727629
6.481894
9.626231
-7.790483
4.886350
-0.308129
-3.412972
-0.778059
-4.717757
2.678297
-9.410769
-4.132925
6.614937
5.556954
-8.144200
7.746770
-2.717204
9.830974
6.563450
9.34152
-7.790063
-3.658798
6.957804
9.508191
-9.343771
0.272351
1.358505
-5.264595
9.356821
2.824422
-0.653699
9.572282
-5.94769
-1.847390
-2.136982
2.333542
5.294255
-1.399391
4.943360
0.160272
-8.728424
-9.58585
9.800032
6.84055
5.467608
-5.94890
8.745377
-6.619921
-0.65847
-6.646607
3.912705
-1.654205
-3.46256
7.46662
-1.196319
9.322646
-1.697994
-8.197221
-7.601273
7.750619
0.986034
-0.961217
8.248451
8.975208
3.505231
9.459150
5.719563
-0.548021
9.860268
-3.116016
6.991888
3.216308
-9.880566
1.784694
6.529100
2.65039
4.520106
-3.639678
-5.43677
-0.797950
-7.65457
8.758902
8.48844
0.465185
-3.570941
-8.595135
2.344062
-2.515715
3.340021
2.418251
0.533730
5.639788
-9.730347
2.570209
-3.134582
2.445050
-2.477115
-0.950339
-6.896392
-0.208246
5.1918
0.752944
0.193983
4.238307
4.670610
-5.536344
-3.900548
4.283328
0.840715
-1.616385
-3.924642
6.347295
-0.643245
0.377690
4.15814
-0.644911
-8.860116
-2.489140
-6.80402
3.973923
0.104307
5.5283
5.349345
-0.834136
-2.95272
9.234632
-1.729970
1.574754
9.202971
-5.543716
6.805236
1.22153
-2.914708
0.709588
0.161453
6.940912
3.617015
-6.57606
0.62366
1.988361
3.968329
-6.410560
2.695054
6.465056
6.614608
-0.159524
6.261067
-3.779354
6.719876
-0.163037
2.599112
0.648760
3.317265
-5.953971
-8.425720
-3.311430
3.362087
9.824012
1.755608
1.876198
2.762202
2.186152
-6.719257
5.243523
3.501241
9.170216
-1.675010
1.148989
-7.166112
-0.272393
2.972545
-8.751249
-5.19065
-7.503753
3.154016
8.617167
4.536378
9.689070
4.370947
-1.818239
6.193983
-3.97292
-2.209629
1.331909
-4.418102
-1.926632
4.136227
7.441676
-1.666993
9.567784
-0.536601
-8.335644
5.667419
9.251182
7.846808
-4.471891
9.780295
-4.479734
-9.719197
5.664796
-1.621628
-1.45886
-6.721523
-9.151253
5.871532
3.36376
4.295657
-3.669401
9.363030
2.296548
0.255489
-0.466542
-7.26999
3.662840
5.222328
-6.607211
-8.260475
7.351051
-1.804262
-3.803455
-3.432765
-1.745145
8.592593
9.158878
-4.695184
2.564670
0.755580
3.531857
-0.889589
-0.547972
7.204507
-6.964470
-8.873749
2.686570
-7.554186
0.348130
7.621130
1.668844
6.193376
3.41406
-8.25834
7.918500
2.702300
-2.404233
-3.719842
7.355105
2.433584
-8.215755
4.569021
-7.813996
-4.237784
0.789502
7.214294
-2.137459
0.201522
6.618019
-2.467973
9.506964
-2.266848
-2.153568
-8.715094
2.155935
-6.956912
1.508126
1.979796
-4.475164
-3.309657
7.620756
-5.593659
-7.421741
5.662761
-9.858905
-6.412321
-9.541663
-3.167514
9.526070
-6.972436
-9.423843
6.612398
4.623475
-9.787422
-9.825672
4.44078
-3.689639
1.383462
-5.359773
-5.236591
3.998243
-7.635339
-2.963785
0.104445
-1.288764
-5.672679
-2.245804
-5.516267
2.463864
-1.563760
7.641963
5.835582
-4.221924
9.771786
-6.631577
7.176554
8.819038
-8.100693
-0.221737
9.191889
9.16288
-3.602425
0.562700
-0.36939
8.328917
-0.264306
5.887184
4.403542
-1.713194
-5.692265
-8.60994
7.850329
-7.695609
6.76972
8.98862
-0.50044
-5.119549
9.69533
-7.932617
4.656312
-0.837082
6.600539
5.814969
7.218647
-9.550655
-1.991627
0.685413
2.483754
-9.970993
-1.368867
-9.385617
2.553883
5.476091
9.714940
7.823721
-7.647704
-1.451195
4.637729
-2.127200
-8.632803
-9.846803
-1.346545
5.498712
-9.482561
-3.924120
-2.889547
8.945238
2.210742
-0.788297
-1.94167
0.301016
-9.762280
3.562145
-8.64636
5.972049
5.867743
-0.226994
0.251566
1.457918
3.784339
-6.632402
-6.871371
-9.87834
9.274234
1.145511
3.525386
-4.577917
-4.754297
-9.724961
-0.584404
-9.481782
-6.263898
3.793649
-7.569749
9.591110
3.298205
-1.64229
-2.350774
-0.884933
-7.971355
4.187856
-3.835452
3.709127
1.371026
1.402138
4.774511
-4.872242
2.922325
8.692677
-7.124864
0.519579
5.25574
-0.997870
-5.40651
8.944505
4.338589
-4.780995
-4.333288
0.266116
9.820794
4.581724
-7.547042
-4.464292
-9.643477
-3.170698
6.120712
1.308076
-1.313373
-7.971023
-1.682313
1.934949
-2.916788
7.463282
3.799912
2.330407
4.940553
9.437567
8.693690
-7.631247
5.975620
8.851673
-6.778985
8.815835
-5.443740
9.219704
-1.571880
7.355209
1.867040
9.924307
0.342184
6.425113
-1.787521
6.976452
-3.972549
7.902938
-5.971021
-1.297510
-4.190481
-7.479660
-8.136070
1.358376
-7.597879
-1.771367
2.342123
5.626410
0.470987
7.816409
4.616593
-2.565231
-8.809921
-1.326284
-6.449641
-7.508035
-0.800947
2.804823
2.739365
-5.176455
-0.471301
7.490943
-6.676042
5.401485
5.59681
-5.503561
4.676871
4.68514
-6.97778
7.219334
-6.279746
0.436793
-9.202839
9.230307
-3.393924
-0.775219
-5.178263
9.945179
-8.702377
-2.920845
4.933343
6.356465
4.271794
-4.5603
1.400528
-2.906210
-3.547037
6.123956
-5.474494
1.854369
-4.440035
4.702793
-0.133588
7.441164
-1.27008
-9.950800
-9.232453
-3.65192
0.1177
-4.654540
6.760967
-0.83851
-2.609043
-7.23030
8.72471
4.151291
3.67412
-2.482747
5.858827
-6.930734
-7.102960
-2.341552
3.2976
-2.842674
-6.898952
-9.572338
3.769044
2.36106
3.13833
1.176719
-2.895486
-0.126521
4.572616
-9.851009
6.435567
-7.836946
-1.38651
-8.756783
-2.572886
3.4490
-1.706134
-0.438787
2.802651
-1.406770
-5.306878
-2.59096
9.847417
-0.739255
-7.733709
-9.656903
-8.988626
8.315486
-1.495389
1.47662
9.298627
7.179941
-3.263942
-0.803322
-1.866891
-9.952130
8.752111
-2.678671
1.858333
3.380064
-7.611225
-0.987384
-0.861839
0.756890
-6.462023
-3.33774
-5.476633
3.13085
7.81919
-1.485784
8.631452
-5.342152
6.709684
9.65115
4.180403
-3.272906
3.548583
-5.963356
-9.349063
6.201094
7.599815
8.843852
-1.113148
5.704349
-2.388074
2.580269
-6.716714
4.549520
-1.273709
7.747616
7.867655
-0.245053
-8.383546
1.144974
-9.286226
2.785678
-1.677104
-5.953490
5.627921
9.298668
-9.451516
-6.234268
5.505428
5.458330
5.190791
0.366864
-5.292157
-7.998903
-8.966808
-1.544937
-0.967088
-9.316724
-3.470402
-3.24917
-8.717324
-8.935697
-9.743952
-4.407861
-1.444240
-0.159501
-0.817614
-7.286233
5.359468
-1.388161
9.33639
-0.98480
-8.852009
3.4035
3.991696
1.475619
-9.754471
-8.279768
1.834835
6.892396
-0.459837
-1.727950
-7.579950
-0.791643
2.910988
6.872089
3.768941
3.568631
9.71532
-4.780750
-0.204850
-7.93862
-5.383481
-3.334013
9.836967
1.336583
4.25067
-8.720032
-0.224063
-0.380277
-9.609539
5.429137
-3.970254
-1.568547
6.260756
-7.554929
-9.410333
7.97791
-3.413424
4.192066
2.326115
5.308112
-0.866007
1.579750
3.757336
-4.309753
-1.141795
5.22402
-3.36557
7.739441
8.428156
-8.307551
8.504194
-1.401565
-4.850030
-4.170204
5.731376
-9.74963
-7.920999
-1.493546
2.205586
-0.150306
-2.273196
0.28158
-1.532794
8.15158
-0.579235
8.602655
-9.732264
-8.381488
-9.742392
7.141092
5.434756
-1.940337
-0.786640
3.698298
9.17768
-4.403198
3.360638
-1.959348
-9.422419
-1.178007
4.50014
-1.542636
-8.573788
-1.993502
-3.488333
-1.789657
-3.5143
-2.539436
-1.402436
-0.316079
3.430673
-5.19414
-3.143164
-2.818366
-0.576529
9.996890
9.198456
8.913490
-6.523482
-4.287174
-8.829308
9.133695
-6.107968
2.571472
9.222505
2.595186
2.92715
-7.108434
8.118042
6.511256
-5.498787
-7.130648
6.433125
2.12709
-3.830198
6.922982
0.564366
-1.275845
3.80504
-9.413482
8.590859
6.43308
2.790245
-6.523889
-4.29902
-8.917519
-8.699981
-5.575744
9.941948
-5.354777
9.101407
1.11146
3.217688
-0.861706
-8.998320
4.366388
5.561096
3.191512
-8.882421
-7.268218
-0.343807
-4.640680
6.773133
4.206995
-2.438623
3.814568
-5.290515
-0.914480
0.962308
-9.547207
8.82659
5.159523
9.337460
-2.923066
2.923878
-3.886152
-5.243757
3.729380
7.886060
4.688449
7.7678
9.461505
-2.544724
-1.991376
5.179519
-2.107472
-2.174329
-5.424834
-0.566851
-4.515505
-8.539014
-9.981186
7.966348
-6.816691
-2.706506
-7.107121
-6.833103
3.691320
-1.79900
-0.993857
0.464045
-0.89476
-3.29673
-2.138449
-0.371574
-7.620221
-9.803248
0.680763
5.982146
4.593458
9.203148
-0.367950
5.516665
-2.194018
-1.940440
7.902748
5.221117
9.69877
-2.390214
-6.232629
9.145330
7.150980
1.747117
-9.900089
-8.459293
1.614882
-7.990329
-2.418738
-3.107781
9.137357
4.534029
9.729136
4.328508
5.361817
-6.483865
8.582578
-7.761825
-6.857559
3.550543
-7.339274
-8.784508
-1.638449
4.236344
4.611209
-6.989768
0.279756
9.416625
5.621493
1.480589
-9.384126
6.81087
4.200448
6.925895
-9.488191
-8.787427
5.315600
9.687591
1.861026
5.803699
1.590688
4.908406
-6.290882
-7.434549
-4.216970
-0.967258
-7.201983
-1.503723
-1.667006
-5.33041
-9.668723
-0.429677
0.616765
-1.835732
-6.355626
-3.304009
-0.670648
8.735299
-8.430941
5.895418
-4.92967
-2.440420
-6.18862
4.28743
-4.912310
-1.157753
-9.585205
3.993914
9.104174
-4.777011
-1.816126
2.844910
1.739066
-8.338532
9.561506
6.141310
-3.528849
9.958812
-5.451274
2.156888
-7.625049
-2.40832
-8.350265
5.170115
-8.336114
0.720241
6.142856
-0.274607
9.334443
3.269655
2.975663
7.578137
-4.1145
-7.779903
4.426801
-0.370501
6.285110
-2.239480
-2.260229
-8.967884
2.139456
-6.623775
-6.749399
2.288098
-5.578405
-2.181825
-5.756022
-3.346196
9.911160
8.902188
-5.992520
4.323559
-3.936135
7.213219
-6.808574
4.91019
5.780794
7.537107
8.634567
1.923967
9.674964
3.346869
4.66874
-5.319773
-7.885469
3.707115
5.638860
-1.998519
-3.509220
5.947543
5.765022
-8.133817
-9.677704
8.146081
-7.827048
-2.331714
4.809199
-2.564583
-9.911356
-4.793384
0.596501
-8.313229
-8.299831
3.492441
2.587928
1.427570
-6.102386
-3.393170
1.353382
0.617588
-4.626108
-0.53906
-6.764204
8.340228
0.618102
4.966943
-2.126571
1.219494
6.793288
-7.840820
4.309634
2.481104
2.521753
-3.592931
-8.357073
-1.641227
6.809811
-0.672025
7.792451
5.115150
2.917154
-6.827668
7.159923
5.697396
-2.481586
-2.67717
-7.432416
5.678068
-8.197845
-9.861481
-2.802915
9.615551
-1.386001
-7.362116
-3.433180
5.700944
4.648703
-6.403029
-4.699767
2.848559
-3.173871
9.18043
4.829474
-2.162621
9.610417
2.13582
-4.46048
5.1274
2.583990
6.553943
4.575338
4.48977
-0.318882
5.544974
-8.457355
2.504907
-2.304404
-5.771909
8.585491
0.975699
-3.287663
-9.840650
-9.250210
-2.902346
-9.675524
5.519278
5.618200
-1.137346
6.996096
-1.377866
-9.680271
9.560830
4.553939
6.5424
2.77905
-5.381801
-6.963396
1.868740
-7.615458
4.271189
3.422580
5.644969
1.503685
-7.317611
0.664425
-1.1483
-0.317339
-0.949103
-8.152330
-2.28865
-4.587110
-7.598377
-3.419668
0.817545
-1.210707
7.274678
-7.561441
-5.172843
5.246232
3.810406
-0.726881
-9.708630
-5.800133
-0.588033
7.594106
-2.863554
9.327233
8.948540
0.112567
-3.918420
-2.669992
-4.273511
-2.890298
9.24038
-1.508696
-2.41400
2.590929
-5.507328
-0.739698
-0.956723
-7.670916
7.18442
8.564974
2.762885
-1.913368
-7.227131
-9.11555
-6.311731
-5.816853
-1.289505
9.23743
-9.295502
2.780710
-3.795852
5.445314
2.839553
2.325773
1.263909
0.118855
-7.519528
8.867998
-9.866959
0.273572
0.10837
-5.586442
8.25435
-3.401919
-5.274120
0.182070
-8.381819
-1.313740
0.165099
-3.470692
-4.795492
0.418737
-2.253795
8.44150
8.801357
-8.353499
-7.1077
-3.66301
-8.572913
-3.816416
2.577520
9.684783
8.583517
-2.113277
-7.116188
-2.856158
-9.968396
-7.488781
-4.285311
2.708595
-2.581259
6.881438
-7.228278
5.614510
4.991109
3.115843
-1.687134
8.86802
-7.628586
-8.510290
6.686254
-6.951970
-3.242527
5.328072
-7.769109
-9.366994
8.958875
-4.578533
-0.292270
-9.189351
-5.53487
0.11255
8.747438
3.361905
-0.967935
-8.681714
-0.875754
-7.2099
-5.65881
4.836060
-2.570287
5.333469
-7.523398
-9.368351
-5.515543
2.439731
-1.289464
7.719171
8.848358
2.305612
7.117575
1.970500
2.332709
3.930378
0.640635
-3.716237
3.40530
-8.572389
-1.406700
-6.835732
2.81542
-6.197615
-9.711560
-2.370813
-8.569985
-7.277011
1.173604
-0.651872
-9.230266
-7.941962
0.655724
-7.941840
7.650131
4.787643
-3.271783
-0.101742
-5.233604
-2.473184
-0.56005
-7.314075
-0.553005
7.406722
9.878431
-4.268137
4.22571
-1.815071
-0.878228
-7.736220
6.510493
-2.58690
9.281952
-3.261821
0.195912
-8.312138
1.497664
-0.322476
-0.96288
-7.992705
9.179951
8.404645
-2.576045
-1.898930
6.315142
1.958460
6.165584
-1.691944
0.155636
0.790264
0.101715
3.145995
-0.237179
9.411920
-9.142348
-3.757840
6.559236
-4.569107
7.635230
3.119480
-3.274430
7.126925
-7.252007
-1.415276
0.911257
-0.935862
4.284879
-2.972323
-6.837022
-7.975265
-6.896109
0.295856
-1.579153
1.838397
1.972517
-2.813009
4.318333
3.686777
-1.93934
-9.728143
9.379670
1.666580
-8.251222
4.370773
6.953507
-5.141771
8.209757
-1.200350
6.231713
-4.422724
-8.409215
-2.465616
-1.751556
6.2690
-9.666998
0.139385
-1.355714
7.117215
-2.912563
4.546078
-9.25728
6.731270
-3.474914
-7.835812
4.652361
-8.413432
7.932033
3.559202
-0.981716
3.809862
0.255431
-4.730797
3.418893
-3.570940
-3.74064
3.398124
9.201243
-9.176826
8.557929
9.576264
1.138204
2.685668
3.684274
-0.401929
1.324972
-1.669457
6.542067
-5.331218
9.670479
9.956060
-1.250391
7.95553
3.739168
-3.656150
-4.682311
0.470013
3.465391
0.600478
-4.434477
-9.465456
-8.19630
3.352429
-9.194652
-0.997896
-1.849452
3.823384
-7.834169
-8.83050
0.779556
0.481618
1.765498
3.769402
0.728053
-8.809373
-7.931644
-7.936190
2.492467
0.175248
6.799398
0.551748
3.388359
7.75974
-3.193795
-2.513693
8.208172
-9.926839
-4.172411
-8.926631
-3.306330
-8.713280
1.161995
2.672105
-8.596038
-6.644800
0.848991
1.541710
1.62694
-9.246112
7.691367
3.694367
8.220378
-4.551251
4.489091
2.245599
5.146502
-8.123443
-3.628964
-2.671886
2.911103
4.178719
6.510129
-6.810045
9.154441
-3.737113
7.104458
-2.464649
7.744524
-8.116496
3.539900
-6.804714
-7.656923
-6.742169
0.248911
-5.256834
9.927091
8.108673
9.859642
-7.242692
1.503935
1.851092
9.978529
9.622977
-3.335687
-1.122102
5.744173
7.348403
-0.541883
5.502632
1.869834
6.587295
7.833734
3.151985
8.835741
-7.39442
9.532907
-3.936946
3.199856
-6.582514
-0.201415
0.596461
-4.605070
7.367813
7.143212
4.696529
-7.284598
-4.350863
4.3997
-9.619993
6.957895
0.488936
8.96910
3.760348
-4.618577
7.974582
3.499519
9.453915
-3.153469
3.689120
-8.47149
0.97389
3.459839
7.451883
7.258209
8.198206
-1.344022
-2.712211
8.788776
4.740869
-4.183709
8.802359
-2.225985
7.543304
-1.122131
-3.138382
-9.772233
-7.340987
2.195507
-6.339791
-1.426536
-5.413636
2.790029
-7.168976
8.827177
7.899563
-6.360714
-5.226503
-7.950845
7.203562
-6.190125
5.441333
6.570925
3.555094
-3.845723
-7.217372
2.868248
-3.142373
0.784662
-3.67539
2.248225
-6.510431
7.689219
-7.494222
5.985098
3.283977
-3.12889
-0.493124
-3.32965
1.344270
-3.766832
-0.243539
-3.188026
-9.906676
1.52111
7.566
-4.618900
0.816882
-0.821017
3.65798
4.303843
-1.208926
-9.222379
-0.431480
4.874971
-7.431280
8.801427
-0.853659
8.730349
-2.248864
-6.444039
6.80450
-6.184882
-4.446552
-0.392388
7.7488
3.575828
9.110298
-0.653078
-0.204430
-8.624976
0.230605
8.232151
-5.850345
4.508215
5.774224
-8.132588
-0.718557
-9.381719
-9.426739
-4.435768
-8.229000
5.982659
1.951826
4.51631
-6.189748
5.797458
5.192540
2.195949
8.570738
7.82125
4.657795
6.378200
9.944574
9.803468
6.863624
9.132530
1.702365
2.199779
4.761500
8.108309
-2.865183
-7.779079
-0.598500
2.657439
7.13167
2.923556
-7.553899
0.106401
6.511838
-1.680596
0.597501
-7.458848
-5.280000
-8.496433
-8.708832
-3.106947
1.488234
5.561587
-0.522953
-5.975776
9.485829
-8.227258
-8.61913
-6.483424
5.746202
-3.746577
7.617079
-1.576424
-1.857096
8.187891
-4.709822
-1.288072
-6.701720
2.549266
-4.520853
9.113296
-1.766503
-0.550727
9.572368
-2.859616
2.609421
-2.935634
-9.264401
-4.908425
-2.364139
-3.856729
-2.9492
9.310664
-5.838184
-6.631356
9.182310
-7.460523
6.209604
-4.491468
3.305891
4.915426
2.33948
-3.311240
-3.323725
1.961203
7.895214
7.351932
-1.619428
6.915774
8.790237
1.280022
2.14776
-9.728299
-8.520374
-4.930665
6.367844
-0.441333
-6.570414
-8.52192
8.795092
2.163254
-2.529758
2.904097
3.113287
-0.479161
1.665779
7.339100
6.475998
4.286078
8.260808
-9.706080
7.570024
-8.886589
-3.450662
-9.618672
-5.868176
-5.578035
-8.100181
-0.570395
-3.937155
-2.957995
-3.978344
4.980274
2.208437
-7.699559
6.384304
-5.663221
5.461291
6.865282
2.443737
-9.991749
9.672572
5.532316
0.991430
7.646849
0.977736
-8.682573
0.584108
6.191044
0.789459
7.640160
3.965581
3.335746
9.669948
3.902497
8.168418
-7.852238
7.499288
1.758807
-6.684837
-7.730886
-8.854949
4.68074
-7.350535
-1.394419
-4.448339
-3.863897
7.337016
-9.812637
6.188746
-4.360023
-5.867273
-7.383069
7.439727
-6.61380
-5.862174
-1.336197
-8.682374
3.484813
5.450912
-6.370128
3.882623
-1.470330
3.501700
2.613976
3.742361
3.571625
2.437653
-5.872438
0.602083
-1.860481
-7.345814
9.945735
0.244670
2.593154
2.385607
6.103072
1.93094
0.209042
4.779904
-1.478076
-8.212635
8.334504
3.259456
8.427218
-0.899170
-5.53838
-5.227419
-0.134991
-3.745016
9.24757
0.377047
-3.168157
5.384771
7.44939
-5.278991
1.312936
2.234751
7.998441
6.476444
9.787195
-1.791175
0.350550
3.927407
-5.250064
-6.944380
-7.912313
0.740585
-3.554994
-8.564582
8.32902
8.987085
-4.639767
-8.809100
-5.787246
2.517774
0.867151
-6.438271
4.974907
4.579345
0.29305
-1.833193
0.400760
0.867458
7.650764
0.311968
6.613710
-5.868926
1.345073
-2.7887
8.882869
5.724510
0.873043
-1.646313
5.4432
5.681112
-1.169790
0.350075
-1.511609
-0.693033
-5.458931
-5.874909
0.411699
-6.225420
-2.641526
2.963613
2.709457
-2.746207
0.28488
2.47559
-2.899116
2.579761
-4.955391
-9.943119
9.894051
-1.491655
5.47899
-2.176493
-7.262716
-0.135288
7.351152
-0.760474
-9.636820
0.336881
1.506970
0.667871
-4.17049
6.207941
5.623328
4.774819
5.871798
1.889550
-1.670280
4.174742
4.595653
-0.123595
-2.205829
-3.584517
9.973162
-2.949309
-2.560516
7.705899
9.481572
3.842926
6.249433
-4.595143
2.888065
0.692450
0.184792
-1.111454
-0.124076
0.606516
1.319247
-3.899090
8.199278
-7.726783
0.149475
-6.517107
9.4918
5.785291
-4.600341
7.870924
4.453885
-1.568560
-4.873340
-3.963878
5.480120
4.627896
-6.24427
-0.126525
-8.399849
5.921269
-7.396683
9.307664
8.13490
8.247243
3.120418
3.553785
1.723441
-0.846884
9.2862
-1.348157
-7.5637
0.778196
5.81276
1.114157
5.603620
1.215494
-3.983237
-3.911767
9.302728
-7.240109
2.627538
2.918900
-8.199108
5.825149
5.793607
5.68248
-1.793322
-2.509607
5.343628
-0.695236
-5.2050
-7.144403
-7.462661
-2.486668
-5.430963
9.448669
9.609922
-6.638164
-3.896631
8.355481
4.911929
1.55258
-9.563666
-6.34780
-3.66405
9.294867
4.419306
-0.939313
8.283006
-2.269466
-4.622450
-6.2202
-4.327621
3.830519
2.303343
5.572402
-9.222298
-7.13649
-1.5117
-8.540331
7.314527
4.813403
-2.214067
-6.495532
-2.628115
4.75482
-2.286304
-7.386853
-7.531647
-5.617315
-7.515692
-2.655059
-0.574321
-0.869850
1.60072
-5.244098
3.684091
0.832060
-8.627320
-3.352875
1.794545
-8.574779
-9.212131
-7.517871
-9.355222
7.543879
9.139893
-5.881913
-4.299942
-1.915447
-5.268761
1.674409
9.462148
8.846045
-7.837985
0.582434
4.638523
-9.808908
-7.480442
6.701125
3.88272
5.157576
6.564095
1.914855
-9.47002
-9.569664
-1.210589
6.686570
7.829669
-9.783558
1.901111
-2.493227
-7.651035
8.586668
-8.817997
-6.732949
-5.875402
-2.868899
-6.144408
-5.969167
-0.291329
9.379653
-6.908550
8.856520
5.585961
6.934857
3.1994
-0.425896
-9.531823
-9.316568
8.997610
0.663221
-9.470977
3.501325
8.185472
-3.570420
6.225834
-2.395006
-9.248155
6.164006
1.893414
4.370194
5.603925
7.212939
-1.332959
6.265632
0.260259
-0.708593
7.479535
7.717491
-0.907982
3.858689
7.949264
-1.120963
-1.713954
-5.346902
-9.954664
0.539235
4.42862
-8.513722
6.268382
-2.337157
-5.866916
2.328638
-1.256351
8.319176
-0.120237
-0.369017
-6.460522
-7.191962
0.694640
-7.378322
3.645908
-5.101322
-3.473855
-6.63764
-1.685736
2.83678
1.482537
-0.845494
-3.406394
-0.589571
4.770066
4.897144
-3.91767
2.584243
-0.237826
5.490829
-7.915190
4.553772
-2.920297
3.283147
6.12183
9.941617
-6.432792
8.709355
-7.639537
3.310872
-8.125081
-0.26335
9.239300
-2.942263
-8.546251
1.180820
8.979996
3.933986
-1.590203
-7.667087
3.764667
2.849130
-4.765969
2.954283
-2.487291
-2.651413
-4.343791
-7.172546
6.689217
-5.680687
-5.121432
9.442994
-1.715498
-4.859241
-1.190073
8.720177
8.391172
-5.152201
9.712619
9.711964
5.493812
1.183243
-7.806594
-4.635869
4.129682
-6.801580
2.381440
-0.849258
7.622667
1.324576
4.138424
-9.828877
8.728715
-8.152961
-9.23196
-5.343062
1.280324
8.695127
9.243664
1.647857
-5.72041
4.670352
6.369432
-2.884781
2.591990
-1.713838
5.454149
-0.236799
2.213990
2.98341
-3.601817
5.250933
7.196229
-6.277003
-7.129125
5.398629
-8.887094
-7.492314
-1.579899
-3.256163
2.362036
-4.35942
8.139461
6.401310
-6.974449
-6.398426
-6.16304
5.141111
-5.467974
-4.756909
7.139421
-8.720255
3.686115
-8.890082
-7.733288
-6.324076
3.376284
-7.827709
6.947854
-5.950711
8.418268
-8.501398
1.418331
-8.914352
5.750111
1.571087
-6.292261
5.317078
5.654206
-2.883544
9.744902
7.633022
2.67494
3.736834
-6.9650
-9.893093
8.269239
-1.670744
-5.755072
4.473844
-5.616675
9.806634
-9.280329
2.207522
-8.511001
-7.924052
1.254401
1.394682
-9.688958
5.601434
-6.82821
-1.67740
8.573941
-2.503404
0.803184
-8.707041
-1.302414
6.397917
-8.794276
-9.694754
9.466542
5.854543
-7.8131
-8.511153
3.100443
0.302003
1.8927
-3.6805
-1.966383
-8.159085
-0.58754
4.314771
-1.217418
-1.79728
5.592872
-5.784202
8.610475
-7.809740
-6.293031
-2.265659
1.845410
5.631456
3.691539
1.599600
5.891747
4.854812
-6.744892
8.864402
3.611258
-3.812442
-9.646356
-1.579541
-4.15596
-6.413598
-9.833755
-3.376511
-2.827517
5.228405
-9.585980
-6.866626
4.229427
-5.733138
-4.208882
-0.390431
-9.357512
6.186645
7.211089
2.8615
-0.421666
8.743274
-0.755450
-7.303605
-8.568251
4.691872
2.823123
-3.821049
7.89518
9.857071
-0.20813
1.192003
1.183083
9.156762
-6.692581
-7.322487
1.460080
-7.455465
-0.168803
-3.460314
1.558404
7.81757
-7.897000
-0.233560
0.857278
-1.977037
5.983268
4.266187
2.12439
1.916763
-1.20476
-6.228894
2.317993
-4.43225
-8.708195
-5.913859
9.319384
4.780598
4.634902
7.971816
-8.132057
3.685496
-7.791430
2.149296
-9.915856
-6.783691
-0.591641
4.799785
7.379941
8.984560
3.590308
-7.271941
-5.627568
-7.70543
6.834424
4.292843
0.906483
-1.207670
3.946237
-9.650977
-1.722301
-2.729740
-0.869486
-0.975883
6.124861
-9.540967
4.105357
-3.686471
-8.64906
5.875565
1.122968
-8.422820
-5.493322
4.609552
-8.437159
-6.891998
-8.274114
-5.175148
-2.427588
8.895023
2.78366
-9.567925
7.151992
8.458136
-7.105956
-8.897172
-7.640980
4.760215
3.978899
7.726918
7.171600
8.67952
-9.113009
-4.692609
-2.782636
1.57007
-1.23984
-5.821630
-7.620064
-9.484191
-2.322280
-4.257300
-3.712071
-2.179916
-1.303090
-6.2402
4.718905
2.694010
9.135569
-4.954818
-1.563132
9.38879
8.949982
7.964787
7.541428
3.302215
9.660671
9.225073
1.304692
8.878429
-7.673200
7.376959
0.574010
6.861009
6.930566
8.598021
-5.404030
6.888929
8.390701
-0.45761
-1.821948
-2.74248
4.59960
8.491156
0.547752
-2.565542
1.30577
1.694466
6.734866
5.287346
-4.823077
5.905191
5.56215
8.258836
-1.445136
1.705600
2.342443
3.499984
6.436000
-2.487887
-7.501371
3.182356
-6.424154
0.800774
9.173225
-1.504778
7.360750
2.177876
-4.845084
-3.753077
-9.463966
3.283349
-2.318178
6.595708
-7.639799
7.481852
8.687409
-1.836104
1.106050
-0.232113
-9.17993
0.803118
9.492680
2.175598
9.594357
3.710445
-6.262165
-4.559256
7.134407
5.939970
0.463831
-4.207363
-9.352922
-2.841014
-5.472413
-7.453049
2.254995
-9.304411
1.746469
2.942604
-8.162247
-7.869363
6.347302
5.946946
-2.747651
7.905568
7.418903
-4.458712
8.410155
-3.830227
-8.500097
-4.921406
-6.897272
9.436727
-8.715370
-2.327557
-4.500087
5.495123
-5.871923
7.281246
3.179414
-8.30259
-8.73847
0.630398
-6.57278
-7.826901
-6.908667
-9.557572
-7.78027
9.249206
-3.497361
-4.501091
-9.129759
9.247019
9.799817
8.535804
5.876901
-1.758362
3.638899
8.445021
-9.6954
5.341148
2.369009
7.987811
2.634280
3.540138
-8.549296
-9.161839
3.872892
6.587082
-5.552952
-6.466267
-1.389992
5.365269
0.571553
1.33418
1.577766
9.145968
-4.262891
6.39267
-1.240654
-2.848063
-3.362584
3.946681
5.331021
0.831775
2.984746
4.183187
-4.185461
8.146819
-4.512282
-5.288804
-3.850237
3.81943
-6.939028
-0.604828
2.619483
-3.532287
-4.21433
-4.959813
-5.418158
1.498475
-1.634328
-6.248413
1.705999
0.94991
2.416103
-2.796159
-2.864773
-1.401190
1.961027
4.784940
-4.720992
-1.648118
3.29351
3.679362
5.946276
-1.814841
6.468243
-6.608296
-0.865467
4.784744
3.138578
-2.293559
-6.847982
-9.257227
5.126122
7.590503
7.215361
-3.22130
1.454270
5.478997
-1.562080
1.886905
7.185531
-8.196663
2.498938
-4.541165
7.635855
-3.131428
-7.461780
-8.587937
4.294840
-9.303481
4.778330
0.265090
-6.926772
-4.742356
-5.526683
0.264348
7.47295
5.257344
9.195590
6.484259
-0.933263
-6.906936
-4.146152
3.809738
-2.455493
-3.847836
5.8895
-1.876590
-4.962622
-9.829070
-5.362841
3.265817
-4.251013
7.817369
6.22401
-1.501964
5.420192
-6.238863
1.578620
8.217949
-6.976685
-8.665860
-6.34214
-0.41223
-0.396540
8.175903
-1.610958
2.298056
-4.461837
-9.846947
-5.421294
4.634492
0.909831
2.393461
2.411474
-4.419362
2.297665
4.538928
-1.52444
-7.800835
6.96821
0.852297
4.816730
-7.241132
-4.975576
-0.9760
-2.394704
3.34248
0.199960
-8.470459
4.63695
-4.472705
1.879701
6.835251
-7.864225
-2.395867
-1.606082
6.589475
2.676807
1.329915
-7.912100
6.361006
-2.311127
9.188646
7.903375
4.350438
-4.498251
0.128129
-4.295352
1.568715
6.232702
9.416838
0.973420
-1.235531
-7.411599
8.26255
9.89261
1.995321
9.811388
5.221069
-7.727527
1.878106
4.694567
-4.56610
-0.315840
-3.820128
5.998047
-8.455679
-2.298850
-7.204367
-8.502147
-4.104288
7.920854
5.230268
-3.737528
-3.862362
7.955207
7.30667
8.700519
7.776468
5.827229
0.85503
-6.832
-9.546638
5.474803
-0.196926
-6.255616
-0.740133
-4.162151
-1.333058
-5.990275
8.344977
-7.791624
5.57485
-0.199172
5.532525
4.877671
-2.265363
7.151280
3.834271
0.551408
-4.288486
-3.666145
-7.605241
-6.852393
-1.628778
2.829462
-9.442356
-9.465423
-2.148238
5.750919
3.617045
8.832121
-8.396978
5.858254
4.723457
9.156809
-5.446630
6.816701
-6.945525
-0.166160
-5.985233
5.747722
-5.761602
-6.84359
-0.398813
-4.753842
2.543469
6.516706
3.341184
1.367526
9.147141
-3.1219
0.595904
5.52791
7.740623
-6.771828
8.8570
9.409559
-4.407512
4.699725
-6.37117
2.36732
-4.530693
8.948680
-1.148949
0.854957
-1.739866
1.250305
0.235681
2.125167
3.84924
-4.132888
5.16783
-9.14561
-6.726935
-7.36365
-7.213046
8.316799
-0.864331
7.196826
9.681809
0.982775
-1.584591
-0.83160
9.563979
-7.251318
5.917005
7.602316
9.200456
2.667995
2.671954
9.282154
-4.535328
-4.478520
7.544059
6.913598
9.925744
-1.836713
4.896812
0.858074
-3.362019
5.493570
-4.869264
-5.54940
-8.548807
-0.594153
-0.743695
7.210478
-1.311302
-1.943202
8.303005
-0.588872
-9.267227
7.955364
4.220092
3.141742
-9.487984
1.659471
-7.774872
7.550995
-3.655836
-9.244996
-6.149687
-8.905237
1.957461
2.399474
-1.144876
4.119409
-6.643436
9.162825
-7.535651
5.123932
3.421238
0.329538
-3.387420
8.176394
-7.290615
0.506482
6.1768
7.604127
-6.289467
-0.360792
3.923327
4.244299
3.279072
4.764090
-3.357447
-8.63479
-2.25305
-5.566855
6.722771
7.665241
-1.155615
3.859931
5.167074
-0.67210
-1.476165
-7.22463
-6.858218
2.110513
-8.974879
3.986967
0.270708
6.763693
9.795460
8.269782
7.363053
-5.882241
4.850179
9.752283
-0.709034
-3.9897
7.48370
0.231426
-4.319718
-4.108668
7.846016
-6.438263
-0.432538
-2.886849
7.851699
-4.566212
-0.211981
-4.460973
-1.656767
-3.515494
5.588011
4.383189
-3.923491
-4.550783
7.408283
-6.470869
5.725510
3.959264
-8.452178
5.999711
-9.387998
0.980092
7.174587
-2.821662
8.189951
-4.988490
-6.227175
-7.470728
4.466929
-1.535494
1.301445
3.94446
-7.901815
4.123388
-6.195068
-2.935852
-7.977360
-4.498870
7.961354
9.570637
-1.809509
2.782332
7.905001
-1.101007
-8.921134
-8.290016
8.194875
3.361221
8.264670
-3.841049
-2.606421
8.465135
-1.397284
1.577455
9.860015
7.434915
8.774293
-0.138028
3.480497
1.784980
9.103324
3.220622
-2.747673
5.618996
-7.925275
-3.894283
5.978223
-6.638105
-8.372799
-0.176362
-4.103081
9.478817
7.85901
-1.345688
-3.359185
0.563878
-4.766135
2.160831
-1.141891
-6.457634
4.949108
-5.739088
9.292707
-9.7251
-7.460174
8.544196
7.177880
-1.168225
0.136906
-1.597124
4.817508
0.934086
6.651127
3.232658
0.297675
-3.287806
-9.613685
-8.253536
2.361816
8.827677
-0.343833
-3.13366
3.315092
5.367617
-8.516629
-7.121315
4.261904
-4.220884
-8.159086
1.734755
6.438227
-3.702260
7.298646
-8.520091
-9.406552
-6.418201
9.615588
-9.176592
5.785790
-0.612793
-6.222021
3.947335
9.239172
6.265012
-3.741161
-1.481648
-6.774277
-3.265439
8.175964
7.416726
-4.815402
-0.232178
-6.164067
-9.442513
5.467838
3.756671
4.430327
4.267062
7.487760
-1.251508
-9.325764
-0.632404
-6.906392
-6.413671
8.707036
3.709391
5.838938
8.711264
8.502961
6.32525
1.396396
1.816596
-0.273164
-7.488920
9.761580
1.315953
5.150040
7.38118
-1.761978
7.497585
-4.178016
-4.651379
3.149852
-2.837501
-4.673192
-5.124763
0.465239
-4.641298
-5.403651
7.240058
-6.951084
-1.346141
-4.573984
1.541006
2.693582
-1.738750
7.902252
4.23026
0.361393
4.387610
5.683258
-4.128381
-5.539575
8.222708
4.666700
-2.149483
-4.503363
-8.362027
-9.279947
2.535453
4.626130
5.729995
4.47482
0.695741
1.61327
7.784730
-5.23416
5.242624
-2.600005
-2.982858
4.663944
7.594349
2.636566
2.848226
-4.286687
7.678237
6.761624
9.922750
-8.700992
9.974096
3.613320
-7.850980
-1.782752
5.980916
2.184532
6.543950
-1.757708
3.329169
0.104010
-5.878529
7.220884
6.240853
5.184784
-1.100159
2.715423
-2.59200
-1.948923
-4.891656
-8.162729
-3.845794
-7.956413
1.642180
-7.530147
5.740528
1.637902
-9.508956
-0.31927
0.1144
-0.823004
-0.198499
9.101726
-4.178709
1.764076
-4.673283
-8.887246
4.74146
-2.326988
-3.403480
3.116441
-1.86231
-6.707733
6.685477
6.776670
5.166096
-4.953915
6.371901
7.479256
5.224901
9.16846
7.501468
-4.73616
0.689704
-6.991912
8.26739
-5.534713
9.186442
-1.974529
3.447254
-6.638465
9.338462
6.778448
6.543799
-6.329575
-6.416205
-4.476972
0.399124
-7.773157
0.926061
8.294019
-1.477120
-4.561597
-5.287885
-2.825111
1.982649
9.926596
1.610866
-6.923713
-3.860745
-3.163215
-1.815267
-0.867423
-8.876949
7.82603
-3.443595
-4.503014
-0.311927
7.540424
-4.712089
4.757824
-3.316095
-3.758068
1.345838
5.623206
-3.468801
2.782478
-7.41208
0.160467
-8.913414
-3.226108
3.908922
-1.955327
-2.410568
-4.78884
9.818089
-2.94481
-9.867360
-3.747592
-2.658890
3.11055
7.934598
-9.277491
6.874453
4.151489
-0.674851
8.888133
-5.810702
-3.754485
-0.776259
1.588113
-2.464222
-8.204331
-2.82860
3.929294
8.399545
4.478765
-1.433080
8.852755
-9.381905
-2.966648
0.833093
-9.406513
-7.642235
-2.950829
5.927529
1.874074
-0.401295
-1.892906
-0.96497
0.670960
-3.660052
0.482021
-9.930710
8.880573
4.483098
4.929490
-2.107880
2.345324
9.879954
-0.37086
2.888481
6.898361
-4.303763
-7.671193
9.929947
-0.512274
8.896938
1.33372
-2.774331
2.18074
-5.214896
0.230594
-6.438978
-3.998635
3.376746
-4.468137
-4.695937
9.428738
-6.108502
-1.831726
2.269371
-4.597841
0.815510
8.820383
2.525739
-4.898323
-9.900329
5.155991
0.977927
-9.311501
2.161093
-3.931538
9.37548
3.299238
-4.871451
-4.716837
1.314966
7.595481
1.591754
1.78115
8.556288
-6.790223
-9.977812
-1.74385
-0.111282
-6.948896
-9.88070
1.708387
-7.271291
0.401634
-6.414792
-3.612840
3.593620
-8.688993
6.719343
-5.726761
1.609570
6.300803
4.956452
8.554444
5.406280
5.189406
8.835359
3.898039
-6.676686
1.559101
5.778475
0.649773
3.768477
9.275397
-0.215944
-3.662759
-8.438769
-2.489083
-0.437141
4.361523
-6.760180
3.721182
3.436566
7.726677
6.960447
-8.585372
-3.697941
-0.408125
8.404917
0.407661
-7.659470
-8.769913
3.72498
-8.523677
-9.161544
-7.425082
5.503697
2.232749
-4.510277
-7.529319
-6.365329
6.280429
9.924392
0.614752
7.110554
-5.627741
5.345426
-9.218730
7.220384
5.820234
7.863450
8.659268
5.896168
9.43418
-3.827697
1.209452
-3.806760
-3.801209
-6.633628
6.708936
-8.434793
-1.503373
-1.168238
-8.534590
-7.609753
0.71625
-6.861638
-3.999843
-9.718989
-1.562058
7.58368
-5.573250
1.903483
8.973461
5.914288
-1.352870
0.916949
9.468302
-9.225661
-8.925762
-4.905191
-2.511046
-5.435300
8.574120
2.487277
9.2468
1.845499
3.339480
-1.285622
-9.317552
6.144206
4.716730
2.538497
4.294098
9.1770
2.787619
6.239622
9.703065
7.726849
-6.513610
7.625406
-2.669663
-4.186925
-9.113381
-3.906140
-7.995843
-8.735359
2.557991
-7.415688
-5.50464
-6.904433
-5.882788
-6.980222
-7.181091
-6.59516
-3.102774
3.829684
3.85747
-3.243146
-1.71151
8.920019
-5.933956
5.829693
-0.694782
9.790619
7.635324
1.16518
5.690173
2.875708
-7.783620
-0.443870
-7.481865
-3.83620
-2.952412
4.685272
4.704691
-1.6512
-4.842448
4.803192
2.271730
1.363932
0.467881
-6.466365
-6.855957
9.850453
-3.509369
-2.935480
0.507526
2.278550
-5.524402
-7.316234
0.574064
9.748202
-1.151989
-5.996558
3.105234
4.80636
7.971986
-3.985811
9.481466
-9.275275
1.294757
-5.21777
4.572658
4.416165
7.721218
-8.741564
3.451011
-4.757416
8.914915
-5.260646
7.125838
6.494723
-0.350020
-0.547684
-3.454522
-8.579902
-1.375657
1.349313
-1.779422
-0.706737
4.480196
5.157513
-6.519593
-6.718425
2.750569
-9.237609
9.743831
2.273924
1.297347
-8.295567
-2.576563
5.402389
2.343877
-1.973685
-7.707979
-6.784329
-8.944298
-0.155250
4.690953
2.949972
7.709304
-9.127491
-3.666554
-5.225567
0.835864
8.984671
5.768241
-6.562231
0.715956
2.525188
-4.696666
1.226937
-7.240810
2.806935
-2.643737
4.18137
-5.651393
-6.320039
-7.297999
-4.398974
-2.918530
-7.433231
3.861818
-5.64520
4.531374
8.970361
5.649456
-3.545663
5.330582
-2.178816
2.556689
8.206208
3.222161
9.303806
2.676710
-4.693091
6.821266
-1.862182
7.861717
-3.568531
4.507814
-8.408934
2.982478
5.501959
9.774313
-0.959629
-2.76046
1.291307
-4.441805
2.341890
-9.390536
4.506274
-0.638687
-6.165944
-9.636213
6.613574
2.68386
-6.166459
-5.453456
0.776310
7.313839
0.655436
-8.490956
-5.558912
4.679463
-7.529319
8.801571
-7.350190
6.521005
-9.208437
-5.948315
-7.281155
7.615893
-5.967711
8.838567
-5.519126
-8.936315
0.715234
1.630840
-8.641290
7.121177
4.944686
-9.134443
0.845488
-4.760117
1.30894
9.755043
-9.33653
1.33184
0.723444
-7.364391
8.786218
7.128007
0.913420
7.668664
2.105907
-5.754468
3.899568
-5.924099
-0.381772
-5.448319
-9.104759
-9.115897
3.613977
9.115766
2.427128
-1.616245
-4.586728
-9.570164
-1.713744
-6.175112
5.559091
0.326721
-7.128796
-1.327157
2.165569
1.707630
-9.708384
-7.717836
5.252817
-6.69475
7.15851
-9.394513
-6.333470
4.746142
8.333896
3.202639
2.106841
3.946068
-6.677125
-7.165432
9.892011
4.961622
-2.457458
-8.58904
1.849022
-3.287646
-7.991020
-8.545873
-7.38721
-3.183308
-5.671099
9.544833
5.680287
4.689905
-6.417196
5.544081
-5.261839
-4.827909
5.960129
0.394962
-9.718237
1.462157
-5.21234
-9.728940
7.331417
0.678912
8.490417
9.872773
-4.288400
9.381721
-4.867222
-0.636916
-0.136071
8.371203
1.884862
-4.526072
7.615183
1.626862
-9.139686
-3.192377
-0.968243
9.138384
-4.763984
6.41684
-9.628685
-8.491240
2.173429
-4.937093
2.126492
-0.701755
-9.574198
2.462057
-4.860193
5.273490
-3.463591
1.729209
-4.781961
-0.144968
0.174650
9.675760
7.546371
-8.653705
-6.634679
2.141716
0.546019
-4.248803
-2.259787
-0.226860
-0.776882
-5.565893
-5.786270
5.438961
-4.662349
6.736771
-1.703911
6.708808
3.759052
2.511722
-8.936615
-9.643870
7.367947
1.683044
2.51218
2.849014
3.382627
-4.599296
-7.228229
-2.567741
7.279152
-5.537111
8.533730
-1.331733
6.101177
1.960390
-8.116495
-6.82809
4.140839
4.550371
-7.54619
7.946816
9.276504
8.346305
-3.111533
-4.234537
-4.935735
1.951743
4.991369
8.297313
4.414003
-4.761700
7.533332
-1.64140
0.69874
-6.601750
-5.25136
1.206307
-4.777263
-7.449882
3.308256
8.147891
-9.22248
-4.981411
8.357113
-6.734180
1.622057
-3.620888
-0.329834
-8.373383
0.301906
-6.202726
3.989955
4.972801
8.13922
-7.708498
-7.807420
-6.279125
-2.75358
1.187486
-5.945528
3.247135
6.886710
-7.397587
0.360257
9.844594
9.485054
7.790420
4.999704
-8.373817
-6.362642
-2.790787
-4.806143
-4.947311
-6.712053
1.457484
-5.917784
1.231361
5.51807
-6.708958
-6.59844
-5.439076
-2.565732
-0.913417
7.971283
-1.785956
0.549584
2.585937
-7.690494
-5.422261
-1.1427
0.889874
-8.334737
7.255429
-0.533187
8.44618
8.634318
-5.303693
-4.326810
1.736077
6.872609
9.131751
-8.787939
-0.647316
-0.689898
4.111386
-6.885617
4.930374
-9.477018
-1.610062
-4.522110
-7.789360
-6.367238
-4.337830
-1.98201
-6.652337
1.786195
6.49359
-5.60470
-5.510024
1.303928
8.992667
8.949763
5.542657
3.543131
-9.451667
3.861940
-7.408268
-4.877993
4.630629
4.402252
5.65473
7.752041
-0.766249
-4.755412
-0.442133
-6.421446
-4.128025
-6.975892
8.958416
4.685661
8.196088
-2.279057
2.301808
9.118522
9.860104
-8.662540
-7.828377
4.406973
5.975151
-9.42935
4.430605
3.614478
6.93372
-8.377241
4.558272
-3.571780
-9.796057
0.639371
-5.496069
4.996778
-7.60104
9.751520
1.339418
9.73697
-3.258823
-0.304227
-9.147706
-5.433638
4.621563
6.669897
3.297006
-5.698978
-8.154869
-2.482841
-0.801414
1.487046
-3.202277
-1.259132
3.97288
-6.691896
-8.569539
-6.193527
-6.178337
-6.617341
-4.404133
-5.96985
5.784028
1.261319
7.200935
-6.582591
2.919419
9.304227
6.488535
-5.811762
4.863956
0.420293
5.785000
-7.589431
1.816280
-8.54406
-2.6410
-7.485652
-9.191108
0.310353
-0.842580
-6.72850
-9.520915
8.389052
1.452746
8.325636
-5.183268
6.627885
4.369366
7.69696
-5.862569
-0.152117
-1.35327
-1.812577
-5.745188
-8.550447
0.810944
2.962452
4.792846
-8.823366
-6.865773
-4.300375
3.547466
-1.424750
-9.521657
-8.654467
3.877587
6.713779
7.648695
7.389796
-3.731082
8.31487
-2.880212
-4.798173
-1.690774
-8.10762
5.600125
8.158484
3.797371
5.918858
-3.108993
6.713993
-5.885976
4.176620
-1.398503
9.296813
-2.938350
7.134058
-2.362742
4.933599
4.153645
4.888651
-6.471698
-9.966604
-8.281767
-1.455196
8.657711
-3.766898
2.529242
-3.77086
-6.832930
0.527857
-0.709705
-6.742334
4.972974
-5.59695
-0.562316
-5.564609
-0.741412
-8.406447
-7.478573
-9.583135
-6.434128
4.401174
5.209951
5.226256
1.779608
-1.775653
-9.381154
7.475204
6.475051
8.50692
6.90778
-2.616065
-2.44100
-8.205707
-0.39730
0.203881
-8.981410
-1.901560
-2.557768
7.782966
8.137715
9.815367
-5.74609
-3.921119
-0.381890
6.51940
5.495880
-0.971474
-1.368816
-1.199183
5.562064
-9.375233
-9.72570
-0.347674
-9.975856
2.704022
4.340529
1.750179
-8.957232
-6.404035
-2.141280
-3.808802
-1.506313
-2.277913
-0.362014
3.798346
-6.307143
-1.386166
-9.420625
6.517343
-7.459287
-2.867820
1.591013
-2.703475
9.642677
-2.790510
-0.231618
-8.945530
7.420071
0.24057
-7.473025
7.329037
-0.483680
7.9524
-9.254243
-7.226398
-2.630010
-2.289258
-9.503377
-2.713248
-1.839257
4.22686
2.72337
2.527226
0.665267
5.848474
2.391547
0.634331
6.930290
5.732753
4.591766
7.417560
-0.143364
-4.843839
-6.222459
9.954606
-5.314438
-9.82631
-5.655657
-9.2645
3.631299
7.530996
7.547127
-4.679723
-9.454661
-3.609832
1.887987
7.435488
-6.541594
7.742385
4.234759
6.407028
-1.249175
-1.866241
1.785452
1.672075
-4.890936
0.349935
7.683403
-4.337983
-5.46427
-8.433205
-9.915879
7.121460
0.442843
-6.69784
2.473241
-8.967651
3.668351
-3.230997
9.658234
-6.581362
-1.564081
3.669870
-6.578452
-1.744488
3.777811
-2.599111
-6.611174
3.904650
-4.189219
3.732346
-0.457409
4.613585
0.550761
2.87095
6.894660
-3.348042
-3.313528
-5.990874
-3.201710
-8.992463
8.829044
1.627330
-2.508783
8.916245
-3.435853
-2.540848
1.198881
7.594656
-2.475522
-9.499712
4.248590
-9.318941
-8.380636
1.12126
-9.957901
0.512124
3.273905
6.887124
6.740079
5.538340
-8.14255
-7.141584
9.533912
-1.774706
-1.918355
-5.408577
8.77062
2.753691
-2.429337
-5.822062
-2.440683
1.597890
-2.953719
1.16953
-9.703836
-8.966573
1.829661
-3.524685
-0.613598
-8.604625
5.997479
8.40750
-6.569733
-8.997766
8.820625
-3.512563
8.102056
-6.863010
4.715252
2.882511
-2.419478
7.824056
-2.754182
9.776472
-1.149280
1.823666
-3.691854
0.347260
-2.59927
3.742839
0.734411
-7.991678
-2.628882
4.83392
-0.921215
-4.329837
-2.792182
8.654264
6.924416
-6.248941
0.716112
1.839759
9.660633
-2.748467
9.617379
-8.571644
4.156528
-6.957736
0.387334
-2.644222
2.610912
6.739586
9.337947
-5.676531
-5.48162
-1.602121
7.194777
-4.517985
-6.919005
7.974117
-8.426160
2.525896
-8.297707
6.337773
-4.762188
-1.8521
4.406609
-5.264985
2.237913
7.249811
-2.549619
-2.886153
-0.99173
6.849312
-3.401388
-2.856429
3.818783
4.961330
-9.209102
1.498489
8.473713
-8.745688
5.53998
0.252944
-8.19057
-7.400500
-9.515745
2.559569
2.566310
5.938621
-0.166972
-5.161170
-6.479815
-3.420616
1.837696
8.976893
3.395784
-6.984626
8.41108
5.803144
0.36896
-1.291983
-0.454560
-8.172855
2.263476
3.644164
-7.687700
7.729218
-9.213696
-4.899293
-0.251794
8.293967
-6.738798
-3.672988
7.349482
9.270985
6.387054
-8.213434
9.826045
8.791199
-5.563869
8.311027
4.710195
3.241189
6.357328
8.896309
-5.835025
-1.601966
8.665405
-3.99155
-9.706360
-4.556620
-6.425566
8.284111
0.305110
4.752038
-5.785413
-1.609287
5.952877
3.29880
-2.255941
-0.399207
-6.237293
-0.58053
-2.534475
-3.499689
-4.773737
3.227320
6.590226
-6.204851
-3.346043
0.610375
9.276172
-7.602684
-6.798396
-3.253341
-2.863828
-5.464881
-7.658468
6.142696
5.500370
-0.470552
0.609864
-5.860223
6.989389
-3.818824
1.100566
-8.136382
3.51909
7.800026
-1.926963
1.205015
4.685
-3.100323
4.45629
5.403784
-6.674477
7.631445
-0.502009
-0.909098
-1.24859
-2.228040
-8.129016
7.3959
-2.971905
-5.831251
1.351689
5.880697
-3.915859
-0.82939
-6.590043
-7.904835
3.530573
-7.593473
-4.437405
-3.568110
-6.804413
-8.730528
-8.31893
-7.727714
-6.167072
-5.760579
-8.745954
7.607532
8.961986
-5.371299
4.755607
3.789388
-1.104086
-8.718064
7.573122
-8.177769
-5.276397
6.30727
1.928365
2.973922
3.482297
7.837882
4.921376
-3.132284
7.102603
-4.389672
-1.414677
-3.224545
7.896397
2.900341
6.771784
9.347843
-3.359048
3.353643
-7.542990
5.126866
3.349498
1.473191
3.621831
5.273755
8.283911
-1.956962
7.82297
1.247650
-0.203789
-4.7485
0.869210
5.549011
6.593967
-6.932442
9.54712
-6.959426
-9.484465
-1.551207
-9.324639
-5.907365
9.172705
2.568040
-8.317917
-7.351435
-9.52585
4.225853
3.702732
-2.391326
0.128925
-9.974872
5.56033
-1.721907
-9.962037
-6.398254
6.304313
-0.996829
2.432765
-9.694417
-4.545789
9.190670
0.636545
7.268977
-5.153328
-4.367215
-7.359431
-8.217393
1.900527
-1.376946
-6.230562
-9.786014
-5.950666
-5.897223
5.226431
0.256205
-1.854334
8.589755
-3.655616
4.820059
-3.441706
4.198537
-5.549072
1.65698
-7.986673
-9.274035
-8.326038
0.446997
-5.150092
-9.351736
-7.779052
0.461476
7.106031
0.865614
9.492851
-8.657422
5.726542
9.59642
-7.906819
4.652248
1.189228
5.748320
7.599188
1.725200
-5.507229
-4.204410
8.72947
-0.967176
-0.993204
3.839350
-3.292971
-7.828477
-7.160756
-0.322529
0.895846
1.867380
4.543870
0.218650
-1.371422
1.635926
1.396601
-0.916149
-1.172396
2.304079
3.176811
-6.767092
-1.765048
-2.380871
1.674202
6.584565
1.247856
0.886008
6.247341
0.931043
3.695019
2.530145
-3.673537
-4.198141
-8.71134
4.802072
-6.713953
1.132454
6.402402
-7.168203
9.785088
4.116201
-1.577976
-8.681581
-5.678369
7.939763
3.618041
-9.593452
-3.814850
1.421927
5.267818
5.12982
3.457215
0.849214
0.86201
-2.842378
8.702311
0.462912
-5.977486
-5.42429
-0.72434
-4.278872
8.191887
-1.485018
7.389108
2.975293
2.45643
-5.314113
-3.945861
-1.826936
-6.674599
4.241233
5.675743
1.556107
-3.563904
-6.410209
7.518431
-2.55669
0.615374
5.496045
2.152313
4.851998
-7.124433
8.943186
-9.641119
1.820785
5.324562
-5.887467
-9.456059
3.7824
-6.134249
8.875063
7.25490
-0.293771
9.164922
5.28053
-0.891161
7.283536
4.551997
-8.609701
6.316287
-8.862708
-0.6547
5.907197
8.153469
-0.792914
-9.752095
3.65794
-3.789680
-5.539128
-1.326535
-6.304213
-4.840514
-6.576221
0.454522
-6.116534
-7.383044
0.127669
1.721524
9.620669
-9.349280
8.41606
7.89062
-5.517139
-1.652311
-6.626797
6.501354
2.683496
3.940407
-4.340437
-5.9638
-0.747946
-0.967125
6.673722
5.258584
7.391530
-3.381828
-5.465221
6.740206
3.963760
2.707715
-2.298607
-0.40649
0.290707
-4.625003
6.530762
8.91815
6.723910
0.71068
4.338461
5.179464
-6.459708
-5.704448
-1.35450
-0.969854
2.676323
5.265301
-7.787199
1.892809
-2.555244
4.631291
-4.130590
-4.317437
3.158959
-9.845229
1.151183
6.435649
-7.113158
-7.648931
-8.783175
2.996002
-0.995126
-8.628212
4.903205
-0.143517
-1.974150
7.925866
-4.606833
-2.257313
0.948373
-3.18475
-0.679787
-7.875665
-2.826909
-7.568969
4.588053
-6.44130
5.235207
-4.948481
6.560411
-2.175297
2.908077
-9.922047
0.501939
6.355768
2.328764
-9.572110
-1.37807
-1.839013
-3.624660
9.694274
9.527507
-9.152188
-1.680178
-7.47386
-0.397330
8.704160
-8.410093
8.121964
-7.613438
-1.832887
-3.315138
4.223627
0.950371
9.322278
-6.908318
0.329248
9.629198
3.43376
4.36615
-6.169327
-2.649512
-5.868896
-8.265878
-9.342397
8.486925
8.28228
0.54767
6.120702
-6.65046
-6.28812
-5.222626
-2.657643
7.486051
3.420732
7.509073
-1.148403
-5.42884
0.635312
-9.531300
-7.344286
-3.456213
-0.149515
6.164173
9.450556
-2.330944
0.746357
-8.509693
3.282853
0.109214
5.25391
5.717064
-2.350097
4.277033
7.796454
5.250758
-6.610518
5.936666
-7.800321
2.289481
-6.18249
1.15436
-6.987318
-9.624242
3.928612
-6.804807
-2.794606
-6.46411
7.119458
-1.165412
-1.199221
-5.81522
5.784880
-2.942460
-4.718433
2.79709
9.873584
-5.330062
1.475190
-6.108171
7.370925
5.772490
-2.62635
-9.591457
-8.668693
2.574445
3.75825
-2.299702
2.182743
2.41621
5.165819
1.573584
7.313058
-6.855207
-4.856978
-6.730630
-0.313675
7.884367
-7.521821
-9.345495
5.520803
-5.246964
-8.605502
-5.414000
4.582214
5.344931
2.298211
6.831990
2.243628
3.557369
-4.365034
5.553900
-3.929160
0.520745
6.985521
0.959477
-6.533409
7.815848
7.73790
0.522684
0.204150
-2.284007
-0.335841
-0.189061
-2.215227
-8.271317
-6.120665
-6.44242
7.475471
-0.936173
1.771843
8.19637
7.410167
8.581639
-4.431701
-2.58920
9.324578
-6.10534
0.981484
7.481054
-2.582967
5.652257
0.242824
3.832884
2.910479
7.977481
-2.26073
1.556959
-3.418691
9.685061
9.395103
-4.269321
-6.591721
8.214496
-0.326708
-5.659936
-0.1848
3.473109
2.634314
6.960934
-6.905493
-3.756187
-0.49005
2.194116
-8.256806
-5.701481
3.103413
5.754476
7.697908
-1.431546
6.436444
-7.295570
-8.661180
1.292452
-0.538622
-9.793817
-3.551871
6.355208
-1.760787
-9.670949
-2.803457
1.37064
6.157443
9.272666
-0.564526
-5.392435
-5.416330
8.638059
-7.530730
-7.245011
-5.225484
-5.410345
8.72133
-1.259855
8.167625
8.568603
-6.680620
6.90739
7.69786
5.348375
-4.841700
-0.502558
-5.626518
3.874761
-9.539739
3.676428
-3.78644
-5.330962
-6.272239
-1.695966
6.756740
-7.290723
-5.851330
-7.596006
-5.797415
-1.52789
-2.270914
2.351769
2.966117
-1.644688
6.148847
3.187724
-0.204370
7.787269
-3.196276
0.115370
6.113152
-9.386596
-3.510089
-1.102472
-5.479418
-9.31683
9.261825
1.312714
7.542759
2.491700
7.868668
7.752307
7.989933
7.853784
6.72531
-4.370210
7.586601
-9.573034
3.409163
5.408756
7.657305
1.909372
4.549431
-6.543599
3.52915
8.742580
-8.800317
-6.946848
9.969443
-3.580730
-7.379727
9.995939
2.332313
9.415292
-3.830995
7.91545
5.228625
4.20414
0.779625
-0.49018
-5.836645
-8.11174
-1.873968
7.898609
-3.455233
6.616370
-1.301287
3.63881
-5.509892
3.48482
2.604759
-0.319677
9.618960
1.535688
8.646163
1.486949
-0.833330
4.1975
-0.939732
-3.132398
6.160702
2.404372
4.408403
4.988756
6.77076
-1.504358
-6.878498
-0.428122
-8.173644
-7.894689
-3.640275
-8.763399
0.758883
-5.533399
0.469206
-8.537887
-7.872166
-6.773328
4.305256
-3.10546
-1.454031
2.724119
4.173191
-2.903857
-6.484507
6.77658
5.653905
-3.79284
-6.355768
-4.939443
4.446355
-8.553557
4.181773
-2.223055
-0.698863
4.653570
8.107885
-9.973010
9.160716
6.393703
-0.50307
6.803507
2.416703
-0.132426
7.516778
-2.522615
-6.204175
6.433624
0.500644
3.226842
-1.106412
2.626090
4.509995
-9.414965
2.793915
9.98647
-7.955875
1.986802
5.303414
7.745129
-3.251390
9.784904
3.899228
1.292488
-6.220442
0.349251
9.365189
-5.376140
6.871467
-0.495534
-9.674749
-2.459419
7.169402
-8.221403
-8.780552
1.330922
-3.427834
-2.759109
-4.274725
-0.991678
7.136809
3.332883
6.205990
-7.298830
6.26368
9.182519
-6.898634
4.614237
2.832481
-9.373133
-3.464970
-6.359384
-0.357630
6.875289
8.172145
2.17696
1.761195
-3.767829
-5.446444
-5.668505
4.929548
1.937026
-2.634006
-6.706243
-9.407843
2.486656
6.822659
-5.327334
-1.759792
0.394757
0.772963
-3.482164
-1.404299
0.229005
-9.771466
4.541698
-7.271277
-7.826132
6.336854
-2.152274
-3.645527
-4.281582
-0.419823
5.450585
2.732805
3.471331
-4.683860
-4.131587
9.615045
5.64327
3.180642
2.377187
7.107339
-4.488754
-8.260379
8.313704
9.651739
-7.613493
8.42654
-4.666310
-5.944625
7.101507
9.168176
9.548932
-4.989132
-8.743891
1.903962
6.707920
-0.14600
9.644504
8.782612
-2.74449
-2.317951
2.932940
-1.402706
6.460054
8.92667
-1.984405
-8.266855
-1.587766
4.11467
-4.234951
1.119053
4.803818
4.777999
5.818327
-8.238508
4.690279
2.819839
-2.669842
9.906598
7.474732
9.992103
2.143240
-5.477074
-8.499091
-5.436830
-1.226956
-2.577391
-0.502733
7.196544
-0.925084
5.279153
-5.93056
-5.816083
-6.850942
-4.690389
-1.427093
-9.529105
-8.812338
8.348205
-9.664525
4.512602
-2.11489
1.481356
-8.700202
6.519059
5.143730
-2.813551
0.832009
1.385300
-1.380021
3.290905
-1.626407
-4.46120
-3.27118
-4.584845
-7.672482
-2.634
5.663044
6.678797
4.244439
-0.285052
8.596143
-7.787120
-3.157713
-4.75218
3.262727
-5.114629
-7.192735
-9.825733
3.361830
8.465550
8.682200
8.506917
8.453763
-6.222939
-2.817152
9.929189
1.339897
-6.913988
9.520412
1.571892
8.842983
0.476443
2.2041
-7.963247
-3.977611
5.684911
9.602132
-0.392318
-5.250620
9.388771
6.640881
-0.86741
4.29823
-3.144193
9.505068
-2.375175
-2.869145
1.728767
-8.747072
-2.318594
8.392530
7.651080
-1.633867
6.278300
-0.323672
8.587134
5.514228
-8.444851
8.292991
-9.95413
4.940361
1.187170
-9.795931
2.801389
-1.166792
-7.869750
9.111528
8.494256
5.926606
-4.142846
-7.564450
2.832301
9.549492
4.745847
-9.565558
-8.546397
-1.30837
-6.920725
-0.944830
5.366576
6.988205
9.202247
-2.692487
8.92791
-4.197812
-4.814870
5.563803
3.958839
0.444829
4.831116
-7.696763
-1.14834
9.939796
1.816636
-0.930393
-9.447857
-3.755132
9.963746
-0.600658
3.76124
3.49342
-9.601113
4.596444
-6.68475
-3.795757
-2.827496
-1.226442
7.23431
-2.171893
-8.100306
0.207952
-8.450331
-1.62395
-1.252983
9.114886
0.878620
-8.326351
-9.87290
8.87572
-6.804730
0.586232
6.128842
-7.447394
3.514387
-7.630106
-0.241296
-7.312166
-9.565146
-1.513036
7.240144
1.822594
-5.342432
-4.884420
8.77705
5.990764
-0.419354
-5.707324
3.564763
3.531454
-5.295643
7.441284
3.692681
4.500165
9.442483
-1.772618
9.638160
-7.885025
2.388620
-4.719883
3.482738
-9.998267
9.852703
3.174887
-6.928567
6.144480
0.420030
9.61919
-2.349611
0.880956
-3.685341
-9.486560
-1.139911
-3.471475
-3.882023
-8.932909
-1.131249
-5.412751
-5.452033
7.846564
4.127797
2.107728
8.711289
-8.147515
6.916570
-5.460938
-5.69589
-4.897037
-5.795602
8.702961
-0.338997
-2.186450
-9.759938
-7.428516
2.883425
0.569582
9.115117
-7.972764
7.688089
-2.643409
-3.719680
-1.118594
-9.326713
-8.516652
3.159886
-9.622086
6.868865
2.547825
-7.555364
-4.343516
-4.307901
-1.59964
9.223785
-6.510653
0.100788
-9.910760
-3.917858
4.191672
-9.629239
5.58865
3.183511
1.342174
-6.721305
6.80842
-8.365652
-9.975514
-7.963657
-2.961551
0.941960
-4.109325
-4.623409
-7.720242
4.518420
-8.344656
5.748307
-5.372906
-5.873245
-3.601837
-3.622859
-4.975323
-0.519097
-9.594786
3.229650
4.196530
-7.489728
-2.726383
-4.333609
2.229262
2.121368
-3.122812
0.808813
0.395584
-3.192597
6.953861
5.276570
4.493673
-1.129739
-3.632073
5.445875
-5.62161
0.557551
-4.104512
5.423285
9.32291
3.792538
7.935982
-4.868233
-1.978889
4.353434
-3.131081
6.770801
3.340748
-6.403003
6.736274
-0.504387
-3.746126
2.155171
3.581482
-5.803378
6.393171
7.506377
-1.468162
9.157758
-4.284115
2.317445
8.534320
-9.944765
6.678518
-1.884005
3.523453
-5.626320
2.299213
-5.646644
-5.91898
0.216322
5.296103
6.267222
-8.546970
-4.597884
8.773397
-5.720944
1.211326
-0.101643
0.794899
4.60071
-6.885196
-1.532752
0.674262
0.891208
-6.986968
-6.354713
-9.49877
5.24269
-7.435649
-0.600836
6.837274
-6.679285
9.104338
-5.790950
-4.139478
5.157025
1.18966
-5.508163
-2.271260
-1.949213
-3.241991
1.445697
-6.860259
-4.516294
-0.44390
-4.217946
4.274257
-1.941002
0.836176
-0.238327
6.756582
6.243434
6.297042
4.558966
-2.436766
-1.917411
-6.388317
-8.383011
-2.925761
-9.1273
-1.177679
-4.324957
9.122394
-0.190678
0.837113
8.201176
6.439892
1.604932
2.688107
-7.960676
-4.920910
-4.778094
-7.526983
5.27836
-0.796946
1.395056
5.40112
-6.39075
-9.849299
6.274256
5.617683
4.603457
-1.507716
-2.111152
2.489082
-6.594625
-9.828840
4.96396
-3.296657
-0.355384
5.790201
-8.262435
-9.613397
4.965479
-7.25713
-8.631212
5.499503
-6.554127
4.949072
1.856094
-7.235869
5.525659
-1.503559
5.729255
-1.230585
1.320845
-6.878741
-1.493439
-6.204016
9.343417
-8.218604
-8.447260
-6.149193
-2.315768
0.90841
4.447142
-9.12000
-0.97903
7.317599
-9.484099
6.469137
4.579268
3.76926
-2.91860
8.105903
-9.144767
7.872368
7.271858
8.930068
7.279717
3.209605
4.955601
7.43365
-5.9159
-1.65887
8.960486
-9.46505
-0.169982
-6.373412
-0.860811
-4.459245
6.420021
8.674049
-4.919576
3.439668
-4.841516
-5.88616
4.709318
-3.285175
-9.650137
4.771951
-6.636108
-0.338226
-1.955233
-1.578988
0.315394
5.825571
-6.465535
-3.539849
-2.978580
3.61446
-9.998052
9.776705
9.440768
-6.999402
-1.518492
3.474878
4.431416
-4.558089
-9.744661
-3.368297
-9.371888
4.175457
-6.2109
-3.738715
-0.857649
2.684074
7.822958
-7.499973
-7.292
8.6758
-6.258617
-6.424681
-3.359530
0.18395
8.496618
0.109592
-0.682889
-8.198396
-5.195963
5.686874
3.699870
1.265708
6.161093
3.826793
7.262211
-0.502191
9.537963
4.284591
-5.816516
0.911104
3.420299
5.232342
-8.6338
4.293453
-5.832402
-6.480834
9.922823
-3.497680
-3.705377
-7.546207
9.59632
9.987917
9.272095
2.304401
9.586878
7.616144
-0.534495
7.508468
8.252812
7.479841
0.876431
4.658802
0.576312
-6.306404
6.675873
-1.463282
-8.687175
2.885514
7.859244
-8.424881
-9.9881
1.67247
5.796617
-4.237034
-4.198302
-3.996473
1.628733
4.17906
7.178023
-3.814461
4.989780
6.279964
2.672929
1.957123
-6.953299
-6.731985
1.425676
-1.85220
6.735437
-7.145492
-9.795226
5.593774
-9.683587
-0.157328
9.354106
8.949794
3.407676
-2.447629
-6.922465
-4.240484
5.793864
-8.625189
-8.318060
6.152742
2.882621
7.222352
7.652055
5.316817
3.234544
-2.99610
4.210125
5.104925
0.547623
2.727500
4.150734
-6.737921
0.737398
-3.607545
-5.400878
6.401890
0.272427
-2.291362
4.568822
-8.304746
-4.656462
2.494428
-2.768438
-0.918873
5.877010
-6.81667
9.289679
-7.294912
2.755258
1.988778
2.631862
5.599837
3.82349
9.280511
-0.478436
-1.459724
5.323985
-5.281344
-8.436727
-2.370460
-5.293693
1.873510
-4.847834
-7.470413
3.865146
-2.916557
-8.575594
4.81980
-3.243428
-3.145112
-2.91779
-2.739891
1.583875
-2.424874
2.149057
-2.182492
-9.574140
2.646386
9.694142
5.989017
3.519789
5.434674
7.333507
3.298639
-4.126933
-4.813178
-3.817097
-6.979029
-8.580318
1.90395
-5.363369
-1.209284
7.501651
9.604656
4.988712
-1.35318
8.661031
0.957798
8.7598
8.53859
-7.758047
-5.695588
0.122725
-2.139686
3.138641
-0.334054
-3.359363
-6.854115
-8.431993
-0.819843
-0.6682
-9.995947
-2.771369
0.633751
-4.914437
3.224007
-0.891993
-8.219139
-7.217179
-5.466431
3.57292
8.869481
3.628636
-6.352758
-5.646505
-7.498588
3.977030
-5.226510
-1.204827
-3.468635
7.39088
4.190587
-0.651422
5.27968
4.492615
-0.667652
-4.919838
-2.92183
-0.71506
-8.773449
0.534207
4.876813
2.280863
5.34078
9.286563
-8.469105
7.289361
8.639324
-8.770836
9.901076
3.496477
7.130681
-9.189523
-5.817991
-7.368842
7.972231
-2.675800
2.456581
-8.24731
2.101430
-5.671665
-8.258172
-3.84243
4.284948
1.404608
-5.419485
4.29937
5.155802
-2.889262
-5.818176
-5.199641
3.116921
-1.930477
-7.921171
3.639434
-2.888181
-4.620165
-7.157453
-2.139367
9.820393
-7.134310
9.61243
7.248227
6.401136
8.821609
-6.394842
4.609416
-9.657485
8.995630
1.648581
8.717768
-0.391209
4.927076
5.925965
-9.672823
-9.88612
0.592816
-9.248077
2.693845
3.368438
-9.57328
-7.476508
-9.259253
9.336038
-6.660740
4.872791
-6.344022
4.243653
8.212785
-4.423491
-9.179810
7.648758
4.891577
-7.189198
-8.426406
2.941162
0.128308
4.113613
-7.554561
5.963136
-3.987917
-9.863026
-3.463320
1.232228
1.612066
1.792010
2.344320
8.894516
-8.174323
-4.393938
-9.438151
-9.364290
4.165215
1.67476
6.472519
-7.524732
-3.96907
8.49417
-5.625915
4.555540
3.261781
0.924450
3.708657
-6.505978
-0.21964
-1.199373
3.463017
-4.973907
-2.812952
4.51067
5.200442
8.216292
-4.477995
5.965224
4.910206
-3.441359
5.834342
3.949827
-1.198681
2.238875
-5.497052
9.895011
4.346097
8.982822
-0.905366
-6.586250
-0.66557
-0.410490
-8.216523
-8.561515
-9.550062
-0.411242
6.102208
-8.815267
7.572747
3.912966
0.35296
-9.435458
-8.54656
7.738546
4.54547
4.170398
-6.335094
-8.542984
1.275644
1.926927
1.487249
-0.274600
-0.238808
-5.94906
5.114472
0.761856
-7.481125
-5.618375
9.640076
-3.967948
-3.188239
1.400212
0.981652
-5.698139
8.78484
9.221807
0.506644
-6.67909
0.720869
6.554622
1.998488
5.87761
1.257901
-6.79916
-9.325057
5.531518
7.869699
-8.707397
-4.587597
-6.785943
7.745714
9.470511
5.234934
-3.761441
0.177640
3.598005
-6.300744
3.283334
-1.647798
-1.66917
-3.475934
-5.612145
-8.359410
5.215733
9.395605
-1.977510
0.183256
0.552191
9.635873
-5.187874
4.279169
-1.391894
9.646514
4.300932
-7.918711
5.857612
9.649155
9.163037
5.106657
-0.583962
2.897249
0.792230
-3.772122
8.555506
6.420175
-1.543771
7.557002
-9.760613
2.437938
1.269481
3.289453
7.522846
-4.549099
-6.276680
-2.404968
9.845922
-1.60699
-7.265260
3.495444
4.387125
0.160881
-6.579528
-3.551312
-2.239101
-9.427473
-4.67845
-9.501476
-9.410225
-1.440779
4.216145
8.320287
8.650454
3.515227
-0.203082
-7.753171
5.618375
-4.342465
5.515146
-3.864327
8.860652
-9.773600
-2.925330
4.805984
-0.997364
9.292504
1.580019
9.738535
-2.312400
3.83226
5.30104
3.572865
-0.356038
-1.991854
9.31626
-2.714455
8.984166
9.424957
8.505600
2.185375
-4.388711
0.848104
-9.400194
-8.695435
1.765406
-0.813190
-4.591958
8.236438
8.605446
1.730480
-9.443165
4.153207
-5.117856
3.778794
-6.942005
-6.121206
-4.608900
-8.501458
-1.53769
7.61880
-6.641721
8.823398
-6.663423
-8.34186
7.443894
4.924173
-2.189477
1.256677
-9.550730
-4.577237
1.37925
-3.805153
4.276081
-2.818199
7.675998
-7.98533
5.931697
7.767450
7.842230
7.277834
8.321095
-3.931530
8.745994
4.915049
9.701136
8.78965
-2.169742
-5.98719
-5.883706
-5.94825
5.277604
-3.622819
4.953870
-6.901474
-2.48875
7.807263
6.649867
3.249812
1.896479
0.624247
-4.10352
4.641777
5.290971
2.266720
0.387222
-6.361181
7.770778
2.64061
6.524834
8.478975
-8.720669
2.603715
6.26940
-1.285394
-3.294126
9.754272
2.777501
2.17203
5.604801
0.424002
-1.85982
-7.351995
1.877563
-8.616556
5.470450
-6.4471
1.25883
4.700905
-9.795703
2.206755
-0.558308
-9.860716
3.788459
-8.116157
2.143234
-0.740560
-4.302022
8.114748
-0.726449
5.178311
-2.465661
-3.825520
8.861604
-7.117204
3.877716
-9.953618
-8.99183
8.608263
8.498063
0.406088
0.272692
-8.667506
-4.458876
1.524365
3.480531
-1.281470
-1.964359
4.555079
-7.270889
9.907492
3.187994
1.154352
1.216338
7.646059
-9.76024
-8.649467
8.106948
0.266842
6.276601
0.829971
-2.137966
8.666249
3.240340
3.270899
3.358779
-4.898047
-6.358675
-0.356198
4.982526
0.252076
-7.87288
9.277207
4.5690
8.247965
-4.44751
5.360225
2.992211
8.937772
-9.268338
-3.738448
8.288298
9.73177
2.280141
8.641881
3.320808
7.876593
-2.475055
3.739496
-4.420405
2.827088
6.305868
0.478359
2.10812
5.692622
-8.761985
0.610384
-8.135866
1.729812
6.748418
-1.657860
-5.226566
-9.574529
-0.946251
-5.896478
3.673177
-9.837449
8.716817
2.852548
5.698766
-4.7458
-2.549775
9.97665
6.757007
-7.291592
-0.892357
-8.847406
-4.549684
7.990599
3.909646
-8.727230
-6.786792
-0.426904
5.93220
-3.829258
9.327638
-5.866699
-2.573175
4.66582
9.109436
-1.966506
0.779302
7.807094
-9.624411
-9.177504
-3.395556
-4.951743
2.683515
-5.824041
-8.742223
-8.620474
-0.498956
-4.927446
3.487255
-4.968096
3.145209
-4.427304
5.178138
-3.431045
-3.692976
0.873576
-5.700076
-4.475620
8.143465
-6.280479
-8.748624
-6.875539
9.560626
9.860709
-0.875074
3.680454
3.792411
-0.990248
-3.564706
4.689254
-1.508692
9.451280
2.468761
-5.244650
3.119341
-8.835056
0.12269
7.182642
8.757267
4.739753
-0.581844
-3.977806
6.838590
6.342335
-8.952790
-3.330228
5.380929
-0.804968
-3.594318
-4.376092
-2.463475
-1.605090
2.676476
6.270964
-1.249263
-9.2798
-3.695673
-9.153003
-8.881388
-3.445535
4.534697
-9.173920
-2.814484
5.925151
3.783274
-3.508196
2.934971
-2.592222
2.662591
8.419696
-1.86940
-8.278871
-6.456943
2.492450
-2.695023
8.566509
-2.404431
1.138776
6.58158
0.273249
0.676492
8.215010
9.10246
-2.255028
-0.736673
2.188091
1.644785
-3.286076
5.814025
9.77315
-1.554185
-3.295686
-9.959385
9.876119
-7.487391
-2.60123
7.135216
-5.131289
1.156917
-5.358338
3.155249
0.667294
8.656994
-5.97643
-2.481692
-0.20516
1.280625
-7.182802
3.865823
-3.420551
-9.636586
-1.157716
3.715305
-8.352302
6.807384
-3.333576
6.602617
7.291996
9.687789
-9.120374
6.150714
-5.365697
-0.61011
9.196039
3.195958
1.999101
-5.214649
-7.977818
2.419898
0.730509
-3.751637
2.154884
7.607544
0.799315
6.827840
7.174811
-5.893449
1.748026
-4.437698
-9.344640
9.405755
2.741277
-5.541627
9.5757
3.35025
6.404112
1.479298
-8.379551
5.880515
0.702685
6.482786
9.855180
-7.185566
-4.51305
-6.164790
8.721979
-4.721972
9.379420
-3.704845
5.634497
-9.382533
-9.216943
-9.808962
5.766136
-1.920484
4.67143
9.413627
5.369739
-1.167152
3.759917
2.525378
9.836588
-5.983879
8.476174
9.868287
-1.678891
-3.344803
-8.828968
-4.543641
9.336635
9.459689
-5.395591
-4.966816
-8.907986
0.754056
6.702519
-8.475354
-7.278183
-7.523129
9.431390
-0.121111
-1.974827
1.242183
-9.732143
4.727195
7.147824
3.61172
-4.913571
3.74760
3.195539
1.584881
-0.251812
0.549273
-8.977495
2.496299
-7.6678
0.187523
-0.383637
3.456692
7.917626
1.135777
9.87187
-3.683799
1.376077
-7.104711
-6.623758
-1.668441
0.197761
0.6255
2.649754
5.43298
-9.307997
-5.935030
-9.682934
-8.283851
7.981329
8.923192
2.170612
4.669864
1.495708
3.843683
3.815022
3.177889
3.481559
-1.736229
1.405496
2.561446
5.358899
-8.697843
8.67676
5.353320
-7.723255
-1.264668
-5.694063
-5.871165
-8.933388
-0.504492
6.252918
4.376426
-6.913977
-8.998972
-3.191061
2.798242
0.788249
-0.327664
9.249394
6.502064
-0.41570
3.38524
2.679142
-9.459132
4.705825
-8.783299
-0.836740
-6.896762
-1.666891
5.585327
-1.729870
-5.426713
-9.922757
9.769326
2.836092
9.846310
-9.581001
0.250579
7.726211
-9.457636
-8.465699
-7.486966
-4.414215
-4.677776
-9.276621
-9.401810
-0.884291
-4.512313
9.613541
6.953720
2.551268
0.964107
-9.230762
8.63078
6.920189
4.507920
4.125923
-6.610937
7.376076
1.604584
-1.365436
4.421206
1.198608
-5.620398
-8.455904
-0.57570
-7.755355
5.646611
6.498270
-9.520191
6.202714
1.11538
-4.949981
-1.915906
-1.136147
8.338267
-9.473134
2.425039
-3.222648
-3.963149
-8.116615
9.750666
0.345763
0.132666
-0.690807
-4.456727
-3.938347
7.777941
4.586446
1.739940
9.875710
-1.842841
1.578891
-2.798821
2.155733
0.589180
-6.673083
-9.679151
-1.770345
-3.444937
-4.223116
-2.307598
-6.226271
4.896414
-8.782988
-1.22140
-0.435787
0.529766
-9.245469
7.805544
6.173140
-4.464872
-4.947758
8.483914
-4.173302
-3.255786
-2.155388
-6.326809
2.547988
5.438077
-5.220664
-5.287810
-4.966004
-4.383195
2.305499
-8.921354
4.303588
0.125284
3.98298
8.476623
-4.737900
3.105246
3.402610
2.372616
-8.911678
-6.319136
2.133482
4.790504
8.336320
2.16398
-3.636282
-7.401817
-2.745171
-2.130453
9.557931
7.717259
-9.347871
9.121508
-4.364978
-9.626270
-7.859813
-6.286272
-1.677105
-8.31019
1.731211
-2.83178
-1.524628
-3.359147
-1.228373
-9.230604
-5.326112
3.285500
-3.181312
2.965212
7.977114
5.161398
2.320850
1.621655
-0.337966
5.322455
-4.591520
7.297795
2.843099
-2.972601
-5.849460
-8.515255
1.203598
-2.262359
2.329400
-6.769697
5.209522
-7.25039
0.502521
7.835425
-9.54770
-4.408120
0.462301
8.774645
1.187948
0.446934
6.298561
-2.68941
-6.43573
-0.920123
-6.663802
-3.284428
-7.943401
7.961569
-0.993293
-4.343833
9.884702
4.691066
-2.577074
-1.385825
9.606271
-7.604226
-6.378593
-1.649322
-9.678773
7.829049
-9.869848
3.527044
-0.825676
1.300969
-4.788348
2.858935
8.437204
7.501807
-7.794686
1.536493
0.174162
1.522608
-0.650770
-4.602223
-5.780738
0.399172
1.225602
-7.719781
4.843278
8.105739
-1.883701
4.29162
3.782245
8.687319
-4.679267
-0.848007
4.830470
1.488897
8.988964
2.9442
0.412086
2.66742
-4.500456
8.55254
-4.64811
2.801121
2.155825
6.82479
9.566537
-3.951741
8.741881
-4.660175
3.229231
-9.99820
5.390516
9.882059
-3.6323
8.472560
1.549
8.466274
2.975474
-1.895499
3.288214
1.419514
4.9421
9.737202
8.967217
-3.529936
-6.946959
-1.690900
5.287552
-2.665353
-5.891047
2.465088
-6.959084
9.437846
-3.702494
1.425207
8.204816
7.607857
3.586072
-3.914046
-2.219252
-7.763624
-9.646982
3.743492
-0.484267
5.842928
9.808387
-1.897544
-5.609379
1.886662
-3.657596
1.210396
-0.964575
-4.962258
5.457001
1.383316
-5.336547
-6.714599
5.241074
5.719878
-4.300011
-5.388872
2.484255
-2.28891
-5.460626
-6.998308
-8.583495
4.421003
9.602338
4.746276
-3.250510
8.850646
0.343010
-8.341882
5.139810
-5.704708
-3.879506
7.472591
-1.930562
-4.830096
3.90559
5.369548
0.877458
1.611568
-4.501434
-3.553111
-4.633565
0.595694
-9.154097
-7.66202
-1.51885
-8.443863
-0.114655
-5.548516
3.807042
0.834507
6.145571
-1.840081
6.339041
4.761140
3.336304
9.315042
7.580704
-5.959950
-9.827365
-2.290055
-4.85434
3.576655
8.269013
8.576720
-3.846223
3.168082
-8.460901
-6.85786
4.170657
-3.216949
2.294125
-2.35750
-5.37518
-0.453527
-9.866330
0.844165
-7.314543
-8.908471
0.174465
8.435921
2.10993
-2.561605
-9.444190
-0.514142
-8.532601
-2.352223
9.288050
-8.437139
4.759439
-8.115019
-4.277584
3.848918
-4.405678
-4.733228
1.408288
-0.277082
-6.507692
-5.593722
-5.620958
-3.243707
9.227973
3.318826
-9.101072
0.579527
4.724068
9.433731
-9.36327
0.362753
0.837830
1.119673
2.160555
8.971468
3.630369
-8.581450
3.371556
7.500585
5.869816
7.734597
-1.48417
-3.87069
5.481923
-9.994211
-4.505557
-9.905285
-3.959329
5.592328
9.81365
-2.934132
-0.260703
8.682036
-0.474543
-9.349845
6.143119
-5.471790
3.399033
-0.681620
1.236931
1.101293
8.186515
-3.297724
0.587296
-9.699436
-9.638314
-8.34301
-2.468847
8.313507
3.101570
4.186502
6.335602
-4.80937
0.25928
-9.652497
-8.471208
5.471266
3.590660
5.272368
0.141422
5.795538
5.136144
-2.973000
4.471790
4.139762
0.326760
-2.692255
-8.224390
-9.805846
-9.150946
2.496623
-6.427818
-3.680103
-0.518497
-4.79353
6.545755
7.72369
-5.693498
5.394339
-1.972049
4.560901
4.863749
9.183493
5.150125
3.756869
-5.688927
7.417507
6.897522
6.268689
-4.254320
1.61246
3.452301
3.79980
-7.433637
1.985062
7.390369
9.976318
-1.951517
3.24003
3.548680
3.676493
7.904066
0.691921
-8.687458
-1.958230
5.583589
9.109290
-8.91352
-3.255975
5.997500
2.771624
-5.688303
-9.578583
-7.658661
-3.595014
4.144511
6.996081
6.83581
-4.304535
7.443982
2.756244
-2.335271
8.600660
-7.697800
7.27623
-9.124249
-0.378047
-4.248984
9.204928
-4.302587
0.574289
-1.729231
-6.187831
5.125658
6.779228
-4.590417
-2.659168
-3.611122
6.53983
-3.760080
-5.210560
-2.726103
2.962309
2.46817
5.121935
3.299029
-0.722612
-5.421467
6.446473
-7.134869
-5.414284
4.73668
6.931940
-9.622465
3.843042
-4.621295
-3.597825
2.667033
-3.77901
2.551711
0.391048
-1.170203
-7.167461
2.537951
-5.440034
-2.652938
9.767082
2.474336
-1.869472
-5.522824
-8.227176
-7.193089
5.146666
6.566569
-3.499614
3.584088
9.602670
-1.794322
8.580513
9.440420
8.476208
-6.651218
-1.6413
-6.22791
-3.806465
7.233180
9.407879
5.961093
7.43501
-4.765710
-4.679431
-3.659359
-2.392051
7.561319
5.188762
-7.747119
-7.889328
-0.415175
3.766293
-3.844857
-2.690043
2.12677
1.522199
4.881628
9.657533
-0.382232
-2.123461
-3.483891
7.774196
-4.574890
-2.326392
5.537616
6.859780
1.782944
6.362605
-3.888876
-3.111288
2.954073
9.345620
8.362134
9.285679
-3.795684
6.67862
8.494264
0.668912
-7.747865
8.543650
8.912893
-2.303472
-5.998032
7.357783
4.72768
-8.155664
3.645022
-3.938822
-9.727301
-4.876339
-8.25750
-4.659424
3.551559
-6.793397
8.227681
6.908381
-7.178925
-4.854960
3.782741
-9.367496
-8.236864
-7.344918
3.553631
1.225137
-4.161467
6.641954
5.767163
4.31360
9.103455
6.247667
-3.7645
-1.296282
-4.966107
-7.982448
-8.252145
-1.331613
8.376518
-9.548234
-1.785584
7.332220
-8.580835
-4.557179
-0.404323
-9.706532
-8.257203
5.767664
-7.695354
-3.186494
9.128747
-3.304856
3.565965
-9.665289
-9.980451
6.548730
4.144321
-7.895986
6.478383
-5.658677
0.984578
0.559543
2.114887
-9.690958
-8.67687
-0.727533
6.169298
6.161477
-2.35685
2.684792
7.657033
1.770695
-1.841647
7.967076
5.736866
5.522636
-5.579975
-8.133381
7.499575
1.341207
5.361124
-7.720777
4.208671
1.390770
3.448715
-7.879310
-4.747637
1.198017
5.610084
-7.11278
-2.543923
3.708950
8.98606
1.311427
3.554723
2.896180
7.579684
-9.290885
-4.707612
4.349200
1.933144
-5.116477
-9.186247
-1.984101
6.993466
-6.434858
-8.863617
8.859718
-6.556542
0.970016
2.957700
-9.364365
-8.943494
-3.903758
-8.119574
-6.72362
-6.641432
-0.58071
-1.36647
5.219949
-8.586551
-0.229432
-9.857542
7.53135
-9.676696
-7.766594
-5.219011
3.129981
0.306743
1.456908
0.446028
0.207248
-5.889749
-6.163427
-8.45086
3.528193
-3.80310
-5.48704
0.809444
2.435425
3.929367
7.216267
3.693194
1.303643
-8.951371
-2.788656
0.371509
9.374066
-9.338046
3.332800
-8.545573
-0.595620
5.228725
7.786078
8.837167
-7.575039
9.766289
-1.629928
8.812289
0.103764
0.477613
-7.896215
-1.566820
2.895529
8.45769
-5.62626
1.506997
8.426489
3.902509
5.744501
-8.387891
6.278398
-6.632290
-0.175464
5.211565
-6.691962
-7.405313
-0.272183
-2.150287
-5.894022
-2.352542
-3.71420
-1.646277
9.822189
-9.868884
1.139881
9.726570
-6.395240
3.808524
0.262359
7.893214
-8.145997
-7.949628
-8.387279
-5.354481
8.897002
3.110173
1.500991
-5.979594
6.481195
2.750294
-0.658432
-0.516711
-8.957421
-7.672379
-8.356797
5.735342
-1.180623
-8.513881
2.369049
-7.156503
6.228785
-4.657316
0.121076
7.925903
6.457033
6.854348
2.877122
-1.887890
4.244234
3.208513
-8.673941
5.302867
-8.528567
-3.771025
6.384721
-9.783009
-3.76063
-3.764874
4.861741
-9.815154
5.924464
8.815399
8.70080
-5.613223
-6.633559
-2.520590
0.976954
9.215977
0.267894
7.501753
-8.590410
3.246298
5.643086
6.418202
-3.13900
4.887214
5.408844
-2.455913
-5.949015
9.616033
-7.181831
-9.353056
-4.399871
8.883548
-6.91463
-8.924689
9.166237
-5.892169
1.416416
-3.568015
0.678472
5.188603
1.913807
5.440517
1.381956
-9.888034
-1.479343
9.165541
1.646252
9.738428
-1.427468
-5.820136
6.162729
0.98334
-4.77857
-1.598846
9.64867
5.917468
-1.579860
4.33761
-1.895204
-1.829670
-5.222918
7.958468
-9.952572
-4.813045
6.948224
2.40699
8.15343
9.255867
0.846638
-0.466129
5.335647
-0.852646
-0.457645
8.48952
-3.998248
6.817582
-9.639791
-2.660182
-8.100833
8.905563
-9.410860
9.263102
0.560623
-4.413983
2.905676
8.133274
5.497893
-4.612097
1.993295
5.53044
-3.137365
-7.469176
8.523298
-7.252303
9.985587
0.671375
-6.383070
4.136016
5.669728
-1.347195
0.150900
-2.900138
-6.480258
-7.832555
-9.555037
-1.613247
8.373825
-1.476562
1.65287
8.273539
-2.523231
-2.225225
-9.642623
-7.852400
-5.784891
3.345773
5.701023
-0.348536
4.900409
-5.349938
6.299222
6.885626
7.61976
-5.900625
-3.621172
7.209205
-9.368803
9.483035
-2.687919
-3.685887
-3.824133
-9.769911
-2.939711
8.297438
9.192001
2.694789
-7.935400
0.287661
-8.228134
-7.338457
-4.408523
5.477914
-2.771856
-8.965676
-8.911776
-1.911398
-2.826667
5.358608
4.372108
-5.767577
4.894953
-7.53458
4.161422
-3.280822
-9.312283
9.876976
9.184108
0.635186
3.196892
1.73499
-7.950894
6.169561
9.532117
-0.461921
-8.772762
1.656643
-7.808353
-0.195995
-3.590880
-4.737494
4.457941
7.677098
-0.872877
-5.849840
-5.540958
-8.890711
8.810498
-8.643338
4.264191
-4.561517
6.786541
0.866920
8.339760
3.399188
9.809673
9.916204
3.563052
2.483382
7.796028
4.214234
7.811501
9.538721
-2.598161
-4.489234
-6.706565
6.22917
-9.578580
-1.730965
2.643362
6.455708
-7.389145
-2.417966
0.219270
8.665934
-4.640502
5.167580
3.137880
4.394603
-6.548385
9.412473
5.32033
-4.709957
-5.313167
-9.697775
7.779321
-3.367479
-6.894804
-0.924348
0.455846
-5.285326
7.627021
-7.808786
-5.885693
3.939552
6.492301
-4.734155
2.204381
-2.997913
-3.845716
-4.391151
9.122630
8.912947
7.729124
4.757728
-6.697396
-3.672280
8.882664
-8.950076
7.785472
-3.937236
4.850547
9.557438
0.767865
-6.311349
-4.402017
6.335543
-2.446701
0.179351
-6.425139
7.672614
-0.690750
-5.622922
-7.761562
6.541421
3.385697
7.786693
-3.994916
-3.731098
2.993154
3.143152
-3.88594
2.435759
9.130298
-3.384985
-9.990250
-5.610787
3.467932
-3.927998
-6.457412
0.325296
-0.17941
0.869543
3.470244
2.71557
-0.533889
-7.742904
-0.550497
9.919722
7.29930
1.822612
9.970382
3.196695
-6.608120
7.482572
8.877824
7.179573
-5.174514
-8.373913
-9.25222
-5.121595
8.806184
-1.200287
0.256015
4.70963
-5.579171
7.770890
5.256907
-0.505156
0.476337
-1.627864
4.285033
-9.982136
-2.588716
6.91370
-3.78007
5.82516
9.847801
9.440712
-3.813674
-1.963915
4.230399
-2.99861
2.252643
7.845921
5.845916
8.130452
-1.879101
1.299083
0.731606
-8.750949
0.446003
-6.655658
-9.580200
9.991997
2.478364
-4.618472
2.699563
-4.494896
-0.993276
-9.703744
-5.254165
2.445923
-9.744802
-0.255872
-5.103206
-7.848460
0.606854
-7.709839
-5.630829
3.183500
-8.331767
-9.306030
-9.722501
8.833823
5.485919
7.557408
0.146038
-9.163616
-4.909223
-7.114467
5.46647
-0.151768
0.85488
1.944358
-5.204023
-8.375552
-0.44713
-7.460124
7.600330
-7.458607
9.771405
0.792887
2.968978
4.44479
2.307966
-9.346294
-6.524275
2.965114
-3.378652
-2.428421
-8.781570
2.802570
6.797452
0.5069
2.259243
7.45895
-7.922431
2.551243
-1.612299
0.14821
9.389630
4.299724
7.380520
-0.750210
-2.353152
3.909721
-0.279119
4.55113
-2.665125
5.225835
-6.228556
-0.444693
6.667132
6.864853
6.115037
-1.725652
1.42992
2.140388
-7.950251
3.883936
-1.369864
-8.189606
-0.145732
3.68399
-9.479027
6.636860
-7.71441
9.737905
5.671145
5.483458
-5.706019
2.728458
3.366850
5.485363
-4.866912
9.381001
8.420998
-9.815080
1.102007
4.946904
-5.91960
1.282082
3.478315
7.347793
-5.271719
1.332428
6.804628
5.214960
0.703811
0.254138
-1.749875
-1.44536
-3.844079
-5.810589
0.528816
2.477787
3.810715
7.599041
0.97021
3.975802
8.235193
-5.97566
-6.291379
-2.216186
-6.324646
7.549081
0.237786
-0.328113
2.667846
8.842639
-3.315749
2.662784
-0.198530
-9.917654
9.167950
3.737489
8.958700
-7.152562
-7.17685
1.806935
6.258098
7.637403
-5.989385
-5.158124
8.986913
-2.4568
-7.688876
-9.366906
4.121345
-7.49216
1.159025
4.685964
-1.243951
2.124366
-5.59747
3.374739
9.651129
8.93998
-8.64164
7.713121
1.432564
-4.505538
1.627531
6.997073
-4.48170
-8.948774
-9.952725
-1.18723
-9.815684
3.361291
3.495185
-0.959111
-1.390472
-3.327710
4.896245
2.115693
2.506974
-0.758966
7.754925
-7.132550
1.908353
-8.790415
-6.431996
6.109752
0.948048
-6.490281
6.660245
-3.76365
5.348992
4.58642
4.402083
-9.844583
7.891681
7.170908
0.712040
8.563248
-9.673306
7.511291
-0.612278
3.791952
5.927956
-2.31827
4.546324
-5.894624
-0.888084
-6.939303
-2.680324
6.101771
5.995314
8.115877
-2.112364
2.376776
6.732233
-2.610730
9.638373
-7.763209
2.508223
-6.17309
0.883184
-5.971193
-1.339977
-5.907971
-8.3408
6.550672
0.720671
-9.258150
-2.693653
-0.249541
4.920753
-9.319569
6.237940
-8.636527
6.30805
7.999804
0.921794
-9.717565
-4.810068
5.912330
6.126124
-3.963116
-3.539182
2.483040
-4.171466
-5.853045
9.138508
-5.182579
4.715763
7.795341
4.405917
-4.463380
3.455275
-4.721579
-4.170263
-9.321088
1.241078
9.167255
2.841419
-4.506279
-6.411375
-4.961109
9.507754
-6.289250
5.942124
-1.529885
-7.535986
-2.431277
7.900620
5.786786
6.485754
-6.123648
6.179937
-1.710155
-7.680991
6.780262
-4.410071
0.708926
4.343053
-7.60920
1.141516
-2.23462
-4.686490
-2.553171
8.894140
0.846956
-7.765413
3.374235
-7.840679
-2.522516
-6.958729
-3.560693
1.805869
7.202011
0.38369
4.289771
0.453399
-2.614294
8.687383
9.89638
-0.607844
9.760459
-0.154781
-3.3450
-7.500270
-3.358936
8.843358
5.879961
-8.694021
1.112241
-2.711891
4.667193
0.968903
-6.852569
-5.355008
-3.886714
5.294642
6.376909
4.991400
5.978793
-4.377957
9.147621
3.881184
-9.868162
-6.310567
-4.763120
7.31946
-1.86794
-6.541960
-3.84827
-0.805033
-1.310422
5.394158
-7.178317
-5.699053
-4.972989
-5.842709
-2.151570
9.295887
7.486032
7.801542
7.503366
-7.742343
-3.3730
-1.140096
8.22800
6.538558
-1.982010
3.762771
8.355889
8.256508
-3.842585
1.778095
-9.944220
-4.209124
-5.883372
-7.246438
-8.362972
1.319767
2.658785
6.981205
5.575709
0.785422
-9.4504
-8.894918
7.704775
6.407064
6.844494
-8.168636
-1.708080
6.948858
0.692514
2.958764
9.489953
7.806163
8.47490
-4.269439
1.494215
-1.736533
9.275516
-5.467054
6.84007
-8.968959
4.416359
-5.886778
6.72988
-4.858363
-9.38396
7.459707
-2.958417
8.709662
4.694648
-4.521788
-8.460152
-8.546949
-2.160745
0.555372
-5.621541
-9.720100
6.503333
1.712023
-1.295029
-8.428513
5.587591
-2.778570
-0.323964
-4.271264
-3.406261
0.223170
4.974876
-8.453247
3.125339
9.591509
4.304366
-4.680269
-4.638699
1.252645
-2.864118
-4.60570
-7.269004
5.480542
8.921198
8.285619
3.611945
0.360330
8.594074
1.506627
-7.137009
-7.623113
-4.685041
0.858828
-5.340147
-9.940377
-4.571681
8.854353
1.566963
-5.33476
-4.8804
-3.448263
2.542319
-8.265849
8.621156
6.217227
3.161924
7.759612
-0.206914
0.658879
-0.368154
8.231559
-0.793314
-5.838774
-1.848482
3.776340
3.875263
-6.789900
6.880582
8.257735
8.944337
2.561045
-1.247326
9.720923
-9.324314
6.913998
0.946703
-8.994112
-8.426928
3.812116
9.215856
-9.614248
8.4611
-4.412913
3.105002
-5.218388
-6.970298
5.522656
4.151427
7.547172
8.368771
-5.500730
-8.690960
9.732776
-2.948600
-1.703265
-0.289463
-2.582458
-7.888502
0.120882
-1.537332
-1.565837
-0.800148
2.971237
-9.316381
-6.159894
-6.415774
5.63429
-2.64266
6.877918
-4.316501
-3.595873
-2.362985
-5.622449
5.787178
-3.962174
0.398531
-1.582898
-2.521580
7.398708
7.245102
-6.462237
-5.518139
-2.169176
9.115422
7.821827
-9.991658
0.947081
8.270555
2.366934
6.357101
2.778388
2.229335
8.993740
-2.42839
7.725718
6.685919
8.855570
0.298098
-2.594123
2.621561
-6.180563
-7.416058
9.658326
7.562520
0.399467
2.647693
2.738433
5.738233
5.685025
-9.977517
-5.893515
3.862552
7.951823
-0.814153
-5.81315
-7.575137
9.803629
-1.746576
4.158181
-9.921730
-6.910678
9.419763
-9.161970
8.647391
7.951568
-5.767515
-9.297505
-7.913458
0.397122
8.858972
-6.920568
-2.795179
0.866159
1.340889
8.749186
7.39573
-6.859745
-3.948134
-9.42974
-5.861994
4.382713
1.498645
2.588695
5.121038
1.393476
-7.3676
6.10422
-3.250047
0.469128
-7.309494
1.241930
-3.144412
4.469406
-7.378883
8.36586
-8.394083
3.218889
-3.841214
-7.658164
-5.583214
9.475335
9.771448
-3.783084
5.376403
-5.892294
5.79942
-0.527977
-0.63440
-0.150817
-7.349434
-1.521285
6.565436
3.464180
-8.838915
6.327032
-0.838359
9.343869
-0.919392
-5.298622
-6.467041
4.734143
-6.374561
9.500005
-6.612583
8.607532
-7.488732
-7.199324
-5.441844
2.90211
-1.802589
-3.162193
3.160710
0.85939
-6.237317
0.991247
-7.240024
4.579942
-3.55329
5.213273
0.720944
7.444128
-0.420461
-3.731733
-3.809420
9.41492
4.754981
-6.788248
2.1513
4.314168
7.541189
-2.665968
-0.422648
8.702144
-5.488107
-1.942178
2.122833
2.584211
4.492934
5.839900
-0.682618
-9.372732
-8.39732
0.360680
8.937867
6.492258
-6.531452
2.295475
-3.880619
0.342215
7.893535
3.771876
9.905014
-5.262466
-8.59615
8.622231
6.508160
-2.472382
7.819497
0.551019
-1.981116
5.167329
8.808330
-6.326768
3.424786
0.106844
2.831472
9.721504
-3.877503
-5.792403
-3.822457
9.650282
0.164962
-8.406230
4.218414
5.88436
-9.959498
4.912110
-2.725393
8.796320
-6.467106
-0.147637
3.93437
1.758577
7.889171
9.577538
-9.929558
-2.969742
-9.686824
3.416655
1.710253
8.32383
-9.66726
-5.170670
-1.638277
1.927039
-9.143798
-7.636380
6.642641
-2.556437
6.653818
-1.306299
0.164160
-9.392365
-8.429848
-0.978671
-0.127270
-9.384200
1.145218
8.652070
4.217428
1.308399
3.72620
2.636231
2.757811
-2.326531
9.436282
9.532973
9.69994
2.250523
5.40269
6.600431
8.996094
0.810338
-0.213833
-1.844855
3.146797
-5.263456
-2.863917
4.590821
-9.606
-4.779794
6.718332
-3.496733
-1.540065
-2.278178
-3.173391
0.385679
8.299241
-3.59295
2.350616
-1.874280
1.455039
-0.165512
5.674635
-5.223867
-2.656093
-5.923945
-7.44046
-5.86389
-8.850553
5.860457
9.716530
6.931220
-7.831217
-6.114002
-4.173487
-3.607412
1.228289
-2.900036
8.213474
-3.685562
9.96093
3.163401
2.384219
7.847667
-2.799221
2.444976
-8.137907
-9.726311
-2.236780
8.568985
-3.564504
8.194728
4.657872
6.628571
4.847046
9.485740
-8.952248
-6.323320
5.168992
9.372522
-6.794367
9.634705
2.341110
-5.744798
-8.476124
-3.192223
-2.49563
-2.243729
-4.223815
8.719646
-8.416784
4.411324
0.866666
8.199733
9.741842
-7.808565
7.844879
-5.505043
-6.515370
0.112638
-7.898538
2.437574
-5.924474
-8.49814
1.925814
-0.432223
2.538430
9.229387
-6.828415
-9.504506
-1.662885
-5.97919
5.444315
-1.75885
4.737429
-0.905069
2.803734
-6.966633
3.670201
2.138253
-1.90434
9.459881
-4.141566
5.34859
-0.339493
-2.313663
-6.798638
-3.122944
9.307977
0.901811
-0.500732
6.35984
2.945140
7.152675
6.741107
-7.119899
6.237626
3.665421
-4.116320
-8.451442
-5.175294
-8.950761
4.908465
6.492723
1.295771
-9.55038
3.191947
-5.510230
-3.9226
8.842784
4.181861
-5.116891
1.107755
-6.812371
9.298302
-0.421394
-1.978957
1.802335
-1.14470
4.406989
-8.914405
-9.37452
2.812114
-1.699882
5.853431
-0.530222
8.366505
2.599906
-7.895847
-1.919704
-1.90214
2.582673
-5.896898
4.908649
-6.143355
-4.413137
5.289387
-5.447700
4.431009
1.248542
-0.743083
6.129198
-4.491073
-1.969169
-7.375857
7.525792
9.840367
8.331244
4.800758
7.779731
-6.158801
9.885077
8.512364
-7.852775
-6.122544
9.658752
-4.24323
-5.585764
-9.426628
-3.959115
0.135633
2.530044
2.241375
-9.166522
-6.730488
-1.592980
7.167134
-3.258691
4.315351
4.284474
-7.414604
1.481528
-5.98092
3.271722
-0.487938
0.122599
5.217849
4.97702
7.642458
8.136524
-6.359631
9.986933
7.419858
-9.687124
-4.641504
-0.921896
-5.187052
-5.977646
7.395796
1.351776
0.804703
-6.439264
0.752801
-6.503041
-5.856505
4.60035
-4.706611
2.963366
-5.605345
-5.431547
2.759149
-8.486405
1.127547
2.747964
8.652081
8.327837
-6.897831
-7.96265
-6.20841
-1.314016
4.628668
1.324428
4.904581
-6.272634
-2.632062
-3.140722
1.204158
-3.42127
3.115923
-8.854046
3.91921
9.666954
0.502058
-9.866386
4.746628
2.515641
-7.266165
-4.188458
8.278591
-5.658261
-8.242664
-2.823653
7.403986
3.78505
-5.144232
-9.736894
-7.217034
-3.966130
9.596800
-9.129885
-5.395753
-4.55778
7.918035
-0.919810
9.817385
-5.759174
7.918603
-5.467126
-0.995928
-9.588227
0.130774
-8.199138
-1.492977
8.514349
4.613288
-3.52776
-8.348453
-7.799188
-8.593440
-7.526152
1.255584
-2.24402
-0.688963
-4.653253
9.995778
8.893473
-6.566881
4.265740
1.439828
-8.202297
-0.166680
-8.245082
-6.493282
1.345667
-5.722046
-0.439804
8.807172
4.193697
8.615560
4.68691
5.108611
0.415152
9.187450
-2.402132
-1.606249
9.896739
-1.842730
5.792674
-2.578464
8.793540
2.964055
-3.378297
-9.60669
8.700133
5.949944
9.354936
7.775877
9.328704
1.279158
3.67067
6.411079
2.477874
3.512536
4.8346
9.310971
3.658810
-7.8019
-3.165771
3.325762
-9.619905
-4.116891
-8.958035
9.558490
-2.589354
-8.485463
-8.853067
-7.105256
2.84762
4.67905
3.665855
0.672151
9.50849
-2.212950
-1.702772
-8.736800
6.781331
7.674948
-8.709880
-1.731185
-7.18020
7.637452
1.561
-2.617925
-3.969376
9.95964
1.825013
-1.298980
0.558590
-9.769614
8.741461
-1.126740
-8.42343
5.446305
-3.929821
-6.49540
1.839983
-7.154217
-3.97497
-9.270939
5.742447
-0.210580
-8.347490
2.204026
-9.25841
-4.515709
6.410430
-1.524039
9.15132
9.626294
-1.88709
-8.936749
5.324220
6.251682
-5.337061
4.66085
6.567424
2.149737
4.112006
-6.45525
5.719908
-5.392968
6.675094
7.124980
6.705285
8.345830
0.612506
-5.345298
-9.214775
7.802081
0.894509
-1.234504
2.65352
3.218191
6.897047
2.676818
6.40508
3.431253
0.889444
-4.913862
-5.163504
6.694375
-6.959578
-0.799683
7.950022
1.747654
5.807722
-7.181298
0.18118
8.946542
-8.528447
-0.94
7.270802
7.982963
-0.810612
2.942683
3.757710
-4.351847
-0.103098
-1.226236
-6.39696
-5.437987
0.688316
-4.823333
-2.610285
2.429868
-9.991603
-8.819647
-5.377957
-2.72331
0.300277
0.258005
3.607185
-9.856451
0.772784
-3.338908
-3.786127
3.438515
1.993722
8.953515
2.780787
7.3987
-8.139561
8.974662
-2.975903
3.986598
2.949432
-6.138465
-9.421898
1.386477
-3.774789
-6.175588
4.994157
-7.467867
-5.387349
8.395592
9.438816
-9.508624
7.424663
8.597595
5.99750
0.747758
5.283272
-2.346181
-2.792936
-5.912674
9.560655
-8.6655
1.721892
-7.216442
-7.927468
-9.668460
-0.927055
1.391870
8.4862
7.774640
8.687801
7.210129
-3.996443
5.468640
1.13197
2.437609
8.401111
9.414212
2.944781
2.896518
-9.181368
-1.238147
-8.91833
9.167088
5.94211
-9.972953
-4.67424
-6.660895
0.99547
-6.209022
3.385641
0.706412
7.177990
7.554971
9.537447
-9.569236
7.835152
9.262250
1.242400
-6.296817
1.716492
4.156522
-4.859742
0.789889
3.964661
8.364550
-9.459869
5.135378
7.321641
8.447087
1.957290
7.914
-5.848811
5.592813
8.883656
9.848257
8.459568
-9.301365
1.518192
-6.758652
-9.715415
-5.774122
3.157537
-3.76354
6.569193
-9.689852
-5.40272
-1.422901
8.132695
-6.412053
5.557792
-3.319109
0.819822
-9.952377
0.506664
-1.963695
9.688020
9.172214
-2.551654
0.147982
-3.924637
1.355263
1.957125
-1.579034
-6.813804
-5.94147
-7.751968
-2.763187
1.429170
-5.300812
2.136767
6.136098
7.105632
-4.686553
9.987921
0.62577
-6.633076
-5.223338
-9.288970
-8.479017
8.172830
8.477256
3.711405
3.211451
-8.413421
9.856681
-9.504928
-6.78885
-5.234414
-3.39522
-6.158543
-9.516113
0.983849
5.2522
5.183872
7.825351
-6.570163
-1.621219
7.807116
-6.524320
1.622698
-6.722667
1.993029
3.539416
-5.564734
1.540551
9.45798
-7.229901
-0.316200
-0.110017
-2.90368
-1.946437
-3.155478
-7.461602
3.76259
-3.929222
7.360822
-4.908689
3.168062
8.857002
-5.531384
-0.382455
-7.442680
-4.179557
-7.628312
6.456466
-6.38425
-7.428002
-9.246415
1.333485
3.697180
-3.992902
-0.943320
-7.57814
-9.392153
-1.511071
6.955119
5.286448
4.218607
-6.100501
-1.525794
-9.617559
5.289529
3.246238
-8.432937
6.474941
2.268767
-4.724295
7.233861
8.481879
3.809000
-1.262960
-1.258917
-5.239552
-3.384422
-6.805489
-2.508273
-9.498497
3.236867
-7.453445
-1.998068
-2.600621
-1.221302
-2.868839
1.84694
9.777372
9.457944
-8.114234
-2.32689
9.915566
5.896070
-4.983642
3.828545
-1.203957
-1.388820
6.299720
9.927949
8.58627
5.932401
-0.783132
1.92699
2.670104
-4.294657
1.741629
8.766922
1.238608
4.478528
4.27658
0.351793
6.720504
-0.103587
-4.982759
2.991345
5.834297
8.413157
-2.296268
-7.261002
2.281657
3.505169
-0.447877
6.25347
6.650001
8.338185
-2.885741
-4.45681
9.690475
5.119843
-0.294437
4.240180
4.954882
9.188971
2.551497
5.228918
4.515890
2.670394
5.975706
8.670433
-4.749455
8.240432
4.495156
-6.783187
7.691761
-1.719989
-3.859215
-6.943738
1.903065
3.517114
0.79590
-4.355798
0.399965
-9.110911
-1.63040
-9.906353
-6.979037
4.683183
8.580826
-8.362441
-1.664223
-1.264257
-4.951780
4.165321
2.93853
-4.288872
-4.12000
-0.746424
4.711594
6.850512
1.866315
-7.508459
-5.501023
-6.888219
2.420532
8.338778
-7.330242
-6.770493
0.119619
-2.764335
6.254459
-6.636876
3.332793
2.193119
2.877821
-8.449939
5.332178
-5.503576
0.163668
1.893281
-4.571207
-5.894375
-5.94338
-0.671932
5.759775
1.484423
8.651100
7.755456
1.576618
-4.309829
3.838305
3.28363
-1.388460
-2.419621
-2.526416
-7.645729
-1.116339
6.752136
-7.356317
-6.48502
-9.109377
1.793403
-6.737454
-2.790677
3.662541
-8.230869
-9.978302
-0.720668
-9.994247
-6.446356
-4.970275
-7.169916
6.939654
-5.373829
-5.144372
-3.43762
-2.40071
3.817103
9.613962
6.523618
-5.888604
1.514522
3.978790
-1.637165
-8.425620
6.903275
-6.715859
-0.979713
2.963324
4.23010
0.723625
-5.690898
8.201881
6.543084
-4.988832
-7.234371
2.510569
-8.795729
-0.326871
5.614596
8.105258
-7.285486
-9.841546
2.196742
-1.273959
9.701216
5.554980
2.842618
0.930291
-4.399256
8.805836
-9.522283
8.95824
-9.505249
7.871370
9.652511
2.751948
6.885540
1.33000
7.190356
-2.864266
-9.294707
2.656226
-1.183407
-5.902984
-0.352845
1.251009
-2.108045
4.752386
8.27256
-7.547250
-5.933979
-7.989281
6.71054
-3.859690
-3.661850
4.695104
3.481726
-3.413392
6.904041
7.869280
4.114945
9.679673
2.175639
-1.624444
8.381107
8.614491
-0.592897
8.169160
-4.925338
-6.535435
-0.896422
1.270301
-5.862356
5.823289
-6.572437
9.978997
-8.777628
-1.109078
-1.725734
-0.654852
9.443682
-6.26203
-7.424400
-8.709327
-3.224323
9.180294
7.755992
2.949496
2.174197
0.850490
-3.331301
-1.731577
2.280047
-9.119645
5.907520
-0.24779
-2.602267
-5.749231
-7.634833
-2.700763
-0.998809
-1.425392
-6.767166
4.370135
9.90292
9.500074
4.578478
-4.103133
1.215821
-6.642275
1.37347
0.328368
6.90597
1.232081
-1.978500
1.70529
-2.204816
3.621000
-7.301281
4.936210
-5.859923
-7.403723
-1.331891
3.408122
-2.784765
-3.336636
-0.637571
-4.289836
-5.42663
7.563589
6.520675
-2.461784
-9.295958
3.790361
-0.347834
9.575019
-0.455640
6.568174
5.564811
-5.628668
7.434724
2.20326
-3.746548
6.671281
-3.575664
5.921843
6.813053
0.970462
-0.498717
7.215452
-2.89581
3.464675
1.260811
5.809879
5.520002
-8.208649
3.212458
-6.168998
7.400811
-7.466910
7.898182
-1.764358
6.527221
6.966379
0.388544
-8.174254
-2.382178
-1.467954
4.32462
-2.640511
-6.404419
1.791612
3.822418
7.243385
1.758497
-8.910716
6.170940
2.352223
-8.425027
6.404421
-6.505857
8.335268
-1.390033
-7.414612
-2.218884
1.355554
4.516920
8.948144
-8.301872
0.11620
7.27946
2.281737
3.537350
-2.838359
9.634791
5.831542
-7.119218
9.363646
4.581836
-8.289898
-3.644696
-5.567000
-9.848423
-4.344087
-4.781026
-0.950441
0.763048
-0.906139
-4.215585
3.632765
4.45748
-1.993095
-8.810074
6.403071
-4.186697
-2.379838
3.370750
2.643651
9.179387
-3.279832
8.956606
6.270360
5.502830
-8.707718
9.207032
-9.151915
-2.373908
-3.508582
6.403231
7.672397
1.89625
7.299611
1.385708
0.196339
1.75590
-2.804489
3.882533
3.40067
7.732285
7.174774
2.483947
-5.221905
8.414446
3.387998
4.545632
0.74044
-3.385778
-4.851583
-9.631462
-6.872100
9.402384
-0.662569
2.955719
6.268312
0.824418
4.831071
9.440184
8.58371
6.677860
-2.218236
-4.868248
1.201168
6.549312
9.298388
-2.161088
-8.213002
-8.291324
8.762234
-3.182153
-0.283365
-0.273349
-3.636052
8.593380
-3.76131
-1.472304
9.843882
-8.264910
-1.153870
-0.845993
9.5445
-6.987975
4.712319
7.873749
5.911632
-1.126985
7.827874
-8.361722
-3.685066
-3.856276
7.585917
-7.92225
7.243449
2.757109
8.182516
-5.818059
6.824826
-3.964877
0.496830
7.215625
-9.787063
-8.527212
1.193069
5.969744
-0.417912
8.130057
3.578483
-2.639776
-6.95198
-6.65915
4.946976
-1.743826
6.411738
0.212085
-5.18618
-8.742968
-0.512121
8.186655
-6.128294
-4.22102
9.724357
8.370030
-0.51348
-2.11760
8.524727
8.772765
5.90285
5.818466
3.405832
-1.381918
-4.445997
-5.417837
-3.308298
-2.826800
-7.459441
-0.624131
1.934577
7.485612
-9.949718
4.905739
2.935944
-9.20011
-1.385416
-9.960249
-9.472946
7.942127
-3.627110
4.40018
-3.883857
6.803273
-7.304018
7.626799
5.658000
3.965321
4.44171
-5.451980
-0.961515
-4.663061
-1.375084
-7.52472
3.560791
-7.862391
3.375108
5.407242
6.818296
-7.584063
-6.328676
5.986710
6.76483
4.31361
7.789786
-9.804056
-0.577829
-3.12874
-6.585792
-2.769529
1.22565
-5.488362
-0.206938
-0.94854
-5.955384
3.92545
2.616785
9.735160
-9.863937
-6.596341
9.868002
-0.156787
2.125758
7.666350
-5.831037
1.696962
-4.610164
-5.462104
-5.176375
4.571273
-7.230863
-6.32875
-9.931317
-0.519024
-0.343709
-4.227863
3.942837
-9.99164
6.709719
-1.876646
6.369473
-8.243471
7.470650
6.290653
-7.798333
-8.981780
-0.900833
-0.204983
-4.145741
3.70692
5.92531
-3.79259
-8.220368
8.641616
-5.9353
2.703674
3.872484
4.191356
-9.89690
3.260213
6.790550
-4.395213
-3.656133
5.955572
2.845257
-3.185251
5.203417
-1.842591
0.718290
2.56585
-9.734123
-4.636729
1.7875
-5.318210
-8.891093
-4.41208
6.233983
-2.886605
4.720407
8.881132
-5.439471
2.487955
5.138548
-2.95266
2.999724
-2.893980
-4.965356
4.602688
-6.513684
-1.271682
-0.169599
7.965281
-3.602999
-4.222533
7.295807
-4.668080
-2.557306
-4.650550
-1.823108
-0.793270
0.133972
2.579339
-1.798804
-0.767538
4.836456
-5.413002
5.538384
-2.479291
-0.89622
-1.155194
-5.524435
9.153167
7.562050
-6.373280
-8.198476
0.37362
-1.300269
9.952553
9.596903
-7.263355
6.739942
-7.196263
-9.597601
-4.579657
-2.881318
3.282038
-9.482601
1.523962
-4.573023
1.936541
-3.440489
2.186136
-8.785525
-4.37462
-1.709484
-6.154399
-3.785210
-7.656653
6.248019
-1.165283
-9.563638
-3.967521
9.46449
7.878826
-3.321579
9.573185
7.187358
5.464367
-7.356765
-2.461457
1.558148
-8.386782
4.143621
5.458970
-0.879784
-3.836435
5.610963
8.202320
7.134469
-7.980433
-8.676754
-9.696625
0.709829
4.18244
4.692036
-3.440689
-9.934954
5.476395
8.205312
8.402429
6.233029
4.744398
-4.420410
-9.823866
4.317240
-4.254815
-1.209776
3.369481
-5.231001
6.634750
0.74888
1.593212
9.609208
4.266497
5.56753
4.827057
-2.446548
-5.42541
4.817356
6.421814
8.319997
2.705010
-4.273480
8.735234
9.141222
-3.183478
-4.786341
-3.917468
-4.536902
-9.882660
3.357171
8.193463
6.168639
3.703109
-8.620741
7.755126
4.877432
1.197435
1.600970
-0.835389
-4.51794
-4.325074
5.764793
8.463806
8.721314
-9.594072
1.909136
-4.145759
7.830130
5.812311
3.514115
2.771891
-8.774299
3.794817
-7.117737
5.851577
0.728870
8.503255
1.641254
6.163419
-2.985114
2.430806
9.243014
1.590377
7.692357
-0.169694
-6.777514
-9.909602
-2.763393
4.456209
1.856143
-3.982286
-7.708767
-9.800381
-3.688228
-3.642680
1.257809
-0.442750
-6.343262
9.305829
-1.142760
-7.884524
-2.819363
-4.688872
-5.353278
-3.381261
-7.173454
3.426025
4.191283
1.594132
7.830695
8.369735
-6.158409
3.439733
-1.353140
9.74635
-0.773912
0.744838
-2.897014
7.993835
-8.524214
4.827943
-2.920011
-5.992834
3.879497
8.268228
7.318061
-8.286803
8.617206
-1.168883
-9.247663
3.996308
1.815692
-1.525180
5.813643
-1.67063
4.150350
0.753310
6.301968
7.503960
-3.986121
-5.546444
-9.587368
5.750949
0.509626
-9.216539
1.946324
2.989244
7.122843
9.211430
7.281545
-8.341050
7.217889
8.864777
2.790899
-8.843048
-0.354862
-3.95344
-6.384003
9.838045
5.626352
-2.512940
3.494117
7.901927
0.261551
-1.870280
2.344232
7.801055
-9.510411
1.290621
-8.161996
7.110658
9.199403
3.15600
-3.342902
5.174584
-5.243536
-9.496084
7.437823
1.191596
-0.485186
-1.83786
-4.328445
-6.469758
8.888854
1.860279
6.259786
-3.442237
8.986624
-5.826008
-2.765728
0.948490
-5.403584
-6.657833
0.96811
6.14774
6.765650
-4.726375
9.181654
6.158249
-2.463133
-7.258303
-5.687121
-1.432637
-8.59509
8.877935
-0.578851
-9.438498
6.436607
-9.43705
-8.451390
7.144847
-7.724214
3.517938
4.512128
-6.595638
-4.145100
-2.420300
-7.896178
-7.43007
7.203147
-1.625974
1.776331
-1.90506
-1.226332
-3.280620
-8.268144
-8.987258
-7.647986
-4.464685
-9.79252
4.987526
-8.931457
9.630870
9.518404
8.653567
5.430647
-2.428495
-4.118314
-3.936711
0.927390
-5.58095
3.506375
7.480094
9.529894
-1.167902
-6.506109
-6.173263
6.106017
-2.233253
5.81625
2.854280
-4.693546
6.375753
-9.24112
-8.864955
-6.178904
-1.234102
6.17808
5.210712
-5.277499
5.297421
3.774357
-8.639764
7.557215
-3.528764
4.757032
-3.156316
-7.671462
-0.937137
7.890052
-8.973949
2.730572
0.699000
-3.875680
8.790505
-3.127729
9.909814
-8.310023
-6.950726
-9.65175
-0.734995
-3.814468
4.997138
-2.691464
-4.405204
2.519667
3.213757
-1.237927
0.93633
7.24292
-9.307403
0.756738
3.630304
9.84217
-7.675691
2.966196
-7.196411
-8.522652
2.132734
-5.963794
2.905883
-5.965655
-6.840978
-8.779910
-5.658129
-5.266142
5.764381
-1.546309
-5.954653
2.940140
5.51593
-2.56710
9.253609
-8.155779
5.454684
5.555530
1.494335
-8.484856
9.281373
-5.461167
-5.564883
0.932627
2.804786
1.811664
1.553831
-3.706978
-7.237301
-2.824859
6.541361
-6.486836
6.657784
-1.443734
-4.843047
9.696700
-2.784603
0.281239
8.936396
5.30809
9.627137
6.680035
2.129643
-2.27554
8.946831
3.624730
2.733382
-4.727473
-5.678883
8.81949
0.454230
5.560748
8.862670
4.441232
-6.745413
7.63646
0.723948
-6.312854
4.504640
8.52958
-1.782668
-5.267835
5.478943
-9.590129
9.45127
0.686984
3.761456
8.536795
-1.294239
-5.486537
2.660850
9.444315
4.33321
-9.557510
-9.77141
-4.506341
-5.502544
-8.315484
4.672635
1.769232
5.687224
0.397193
-1.459887
-9.254329
-6.705398
1.107565
3.8122
-1.647371
6.854517
-0.617848
1.506675
-4.820018
0.825711
0.519050
1.6516
4.849590
-7.218903
7.392264
3.939172
2.121162
6.941123
-5.92609
-1.470879
-4.658311
-9.696063
-2.693979
-2.642048
2.42815
-8.244468
-0.919643
3.321219
-2.169126
-0.860557
-0.888104
9.989743
-9.387225
7.704467
0.949591
9.286321
0.52822
3.899645
-1.333467
0.207010
9.313280
-9.204031
4.885781
-0.724470
4.939003
-4.921642
-7.644265
2.195328
-7.65012
-1.829572
-4.476241
-1.179682
1.635958
8.539048
-4.47353
1.720039
0.801576
-3.727959
2.336758
0.797101
-8.485897
8.774898
1.686551
6.608081
3.243955
-5.60117
-9.859239
-1.177793
-3.431775
-7.987357
-5.535197
-7.904927
-2.300578
-7.640636
0.649571
-9.266386
-9.445428
-5.314609
5.101962
-3.388851
-4.488496
3.426196
-1.865280
2.441707
-4.727229
-2.252848
-1.287659
8.116887
1.984842
-0.260987
-5.226071
-0.882345
1.521058
3.312410
0.380834
0.486639
6.689940
-1.366330
-6.209954
6.136234
-6.165231
3.832143
-6.525545
-9.95070
-1.148652
3.335862
5.955791
-6.937514
-5.111992
7.581188
-7.250305
-0.124190
8.596337
6.564728
2.471072
6.42597
-0.532152
-6.260100
-4.310625
-7.701273
-5.209382
-5.544672
-9.105840
9.930296
0.330450
-6.203488
4.519698
-5.518076
-0.564953
9.870282
-9.570297
4.346583
0.547634
-6.182643
9.379386
-6.286514
8.723538
6.195305
3.606625
-7.618546
-6.295906
-9.921712
4.103804
-9.954871
4.39640
-9.345537
4.915157
8.280654
-1.218479
-8.39258
6.960616
3.191935
7.794239
-3.389720
-6.425026
6.714255
-1.9951
-5.799110
5.148863
1.107811
5.62589
-7.583494
9.533461
8.976476
6.95183
7.785319
-6.366102
3.528367
6.500123
-8.404346
-0.859583
-6.161740
9.748881
3.208460
9.11698
-1.681885
-0.113614
-1.189337
-3.738766
9.464026
0.404377
8.36785
3.36835
8.747820
-1.43110
-9.864081
6.441342
-5.301195
-4.726398
8.898519
8.925369
-3.869538
8.830871
5.342831
1.381894
6.559595
-9.144901
-5.536619
-3.746763
7.824514
-8.141512
7.106398
2.848206
-4.632171
5.183105
-9.480001
5.753802
-5.601770
0.729593
-6.392391
1.570541
-5.152068
-2.690111
0.737855
-1.43122
9.165374
-3.452339
-0.894417
4.760097
-3.808483
-7.938094
5.590652
-1.635694
5.936796
-3.320437
8.717569
-5.171434
-6.826934
-7.220688
3.615811
-3.353170
-5.574277
4.385530
8.635136
0.504321
-4.176192
2.614397
3.605443
-0.267452
-6.330017
5.185530
3.437236
3.237202
9.791893
-1.839163
3.938487
3.771591
8.790814
-8.890574
-7.863672
-9.2240
-1.760723
-1.762479
4.126848
2.306980
-4.139663
-0.858818
-1.603176
9.748727
-9.483454
7.455873
7.19154
-3.263928
-5.59372
-9.556974
-7.293761
3.929571
1.595155
-4.412306
-6.132126
8.600983
-2.37112
9.845045
-8.327392
5.243343
2.432061
6.864736
8.312959
9.567546
-7.35422
9.96612
-6.237004
8.250025
-9.381803
3.275538
3.754562
-6.958538
-2.262637
4.302738
2.794866
8.255177
-9.623194
0.950774
-0.985493
0.819428
6.9553
-5.365981
-0.818284
7.994320
9.790044
6.337582
-4.270621
9.626273
-9.249583
2.984295
6.557402
-3.433667
-0.477828
6.35547
8.641666
-1.364312
9.816449
3.718728
-1.837527
4.71001
-6.178338
2.946803
-1.818583
-6.89019
-9.60849
8.528940
-1.264821
7.891686
-6.360309
-8.656184
7.631442
-9.779286
0.465697
-1.58015
-9.1504
-3.635264
4.780525
4.740612
4.141798
1.750018
-2.549568
2.581497
-8.828529
-6.252140
4.920581
-3.959166
-4.248561
9.121565
-3.329612
-6.677523
-5.785357
-6.831452
6.762610
6.913766
-1.890292
-0.236685
8.30942
-0.21531
8.132844
-6.241542
3.487457
8.534736
2.646312
7.836940
4.131931
-2.565494
9.772892
-4.51004
9.140442
-6.215709
-9.543174
-9.639703
3.635847
-9.360137
-3.581063
0.219208
-5.233737
-1.389563
-1.324605
0.852121
9.682340
-7.116971
2.471114
-1.56435
-0.270349
1.35851
-0.73276
-2.446270
8.176363
-0.912753
2.896982
8.649212
9.671474
-9.642785
-9.400085
-0.591659
-1.299351
-1.779703
-2.116423
1.449954
1.512356
-3.363156
7.125705
-8.984906
6.784545
-3.622037
1.716590
8.301941
-5.284006
8.987389
-4.264212
2.796815
-7.734875
-3.549505
7.813493
8.280836
-0.20089
-3.588178
0.464075
3.307793
9.548437
4.599342
-4.109719
-2.267394
8.198801
-9.853081
8.305541
0.888237
5.864519
-6.867164
6.829774
0.813760
9.665926
8.28330
-1.885878
-8.539468
2.611136
-6.850178
8.42183
6.503861
-9.189897
9.913559
-4.955311
7.566379
5.328972
5.23880
-8.480995
-4.687701
-0.748530
3.643908
2.681629
8.410130
3.428754
-7.363572
-2.481977
-5.499124
6.751742
-3.94429
-1.899069
-5.546534
-8.903988
-2.801206
-6.84652
-1.903899
-7.319983
-8.186078
9.558004
-7.46898
-6.535641
-6.550066
5.110386
6.406499
-7.868315
2.967499
0.270428
-7.106076
-0.531027
6.509924
3.246821
9.6599
3.433166
-6.208152
-7.774391
-0.527934
-6.865056
4.267735
1.235095
4.35232
-5.278925
-9.381597
2.889780
-2.740168
0.217615
8.439477
-3.309654
9.148128
-3.657331
-4.878915
-2.892482
-3.717322
3.936204
-0.175868
3.326461
5.772649
-4.998285
0.757444
0.705259
-7.340053
8.720808
-4.577991
-8.434555
-4.240017
8.718882
-0.129189
-2.515225
7.742046
-1.593738
-9.789045
4.912255
-1.209589
3.95349
-9.942963
-5.525304
3.59986
-0.986488
-2.647168
0.157449
-5.723720
-7.224896
8.553460
0.426733
1.297272
-9.857297
9.433270
0.797840
5.465644
-8.677774
9.655841
7.739899
-8.683459
-1.548161
5.284912
-2.650081
-4.878902
-6.100564
-6.797590
5.261080
-7.52070
9.992307
0.994048
-9.266881
3.422508
1.887540
-7.219986
-5.479832
3.169919
-8.453766
-8.488823
9.515162
-1.274033
-2.318894
4.76480
-0.844061
7.995288
-8.996135
3.128091
1.856799
-9.892739
9.375400
-0.561033
0.133097
-2.123401
-1.365913
2.478010
9.887650
-1.662694
-2.149787
1.577306
3.546377
2.565659
-3.112849
-1.487532
-1.112215
3.874439
7.994190
-4.951302
-5.948396
-5.922888
6.396303
0.883805
8.692131
3.140174
-1.304416
3.61621
8.407078
3.853274
4.11949
2.772606
8.511633
-3.153485
7.742845
-3.896458
-9.286782
-2.763377
-4.320607
-7.846122
3.518968
6.972580
7.333320
-4.147565
8.980975
-5.946398
-4.47720
2.880802
2.352789
1.425166
6.81939
0.271506
3.433105
-9.963041
3.261471
-2.20526
-3.896733
-5.194507
8.975469
8.679402
-1.643228
-5.911601
-9.257126
7.191438
-9.868021
-0.62425
8.671108
-7.497205
-9.820445
-0.445084
-9.249947
0.237652
6.413483
-0.110761
-8.993402
5.42383
-0.204101
-9.42628
4.955120
1.261660
-1.420120
1.545142
-4.875528
3.393441
3.545569
3.109736
-1.106468
9.916147
4.249632
5.115095
0.159236
5.574339
-2.755653
-2.993009
-6.961492
-0.561827
-9.340088
-9.516439
9.71734
-0.859121
3.807334
-8.166319
5.206433
-0.824807
-1.132203
-0.638375
-8.869354
-4.545593
-9.226073
-7.382265
-2.275830
3.326888
4.113285
-1.994197
8.879418
-0.347221
-9.990989
-8.949895
-9.623734
-4.294843
-1.561965
-3.100689
-5.1705
1.504316
-7.150587
-7.385657
-2.804058
-3.229526
-8.211206
8.337182
-3.433873
0.341317
5.742184
-7.842907
-7.468295
5.266902
4.393456
2.200959
-9.751358
-0.787076
-7.206732
0.286154
5.835880
-4.518249
4.294756
-8.561171
2.664715
-3.112729
3.855108
-1.548291
-2.970768
6.717210
-9.888306
-8.2112
-2.79298
-4.754099
-9.928523
-1.406628
-2.417942
-3.722725
0.625457
-4.592715
0.965816
-8.486944
7.515359
3.519355
3.765834
-0.164605
8.916627
-7.805962
7.103335
8.531829
-9.377599
-0.509229
5.928616
9.963222
-2.174217
8.742669
-3.297659
-3.694297
9.997224
-3.209914
-4.533225
-1.371815
-3.760501
6.294932
-2.696505
-7.410093
-7.358678
-4.476554
6.970093
-3.981106
-1.135012
8.364924
-4.190489
9.127068
7.661310
-3.624459
-1.148416
7.182513
-2.532711
4.302347
-0.23248
1.589367
-0.509931
-2.746262
-7.745230
6.713755
-1.394506
-7.601496
6.512668
9.674304
-9.263614
-3.846528
-3.794860
-4.869113
4.396922
4.558440
-5.280114
-3.436973
6.989219
9.423299
-0.236670
0.564345
7.287600
8.113276
-1.652090
4.598056
4.575634
-0.733239
3.253386
8.185137
5.830839
-1.697390
5.890507
0.952827
9.597908
1.87332
5.651206
-5.200389
-8.820024
-0.539132
4.548369
1.111351
4.107308
8.298398
9.586438
-3.368349
5.235276
3.950981
0.985141
-6.294271
0.850727
4.891179
0.12675
4.986463
7.442173
8.64598
4.451795
-7.179398
0.13350
0.690686
-1.945599
-4.92575
0.829006
-5.78102
0.276339
-1.537977
-3.983054
3.230071
4.28473
8.198285
-3.278639
0.334255
-4.992838
5.361695
-0.739225
-9.711866
7.680671
1.364564
4.747230
-7.297458
8.342223
9.732254
7.875080
-1.783378
7.443610
4.814301
-0.443698
3.332652
6.627856
-3.859013
-0.749513
5.212252
-6.888861
-5.575642
-1.383401
-2.588477
1.245200
1.336623
7.609169
3.607665
-1.46747
-3.688702
0.384139
0.642246
-8.824720
8.154432
0.892306
2.202659
-6.966409
-8.414432
3.909596
1.761419
4.734859
9.221350
8.4268
0.559929
-2.669929
4.327023
1.831159
8.842897
-3.737602
4.232083
9.87650
3.676811
5.575209
8.715301
5.169214
0.698498
-2.672482
-6.183982
-4.357015
-8.754681
1.549330
-3.157805
-8.222353
-3.567693
-7.348258
-0.5410
-0.709104
-7.425750
-5.118836
-5.665254
-0.342775
-6.886259
2.549759
-0.821192
1.776839
6.602981
1.626641
-9.195330
-0.668297
-5.266792
4.771954
-5.238730
-1.860283
-1.244525
3.590406
8.583492
0.954985
-9.344664
-9.969215
5.185652
-7.748658
7.207563
6.752877
-6.574248
8.272073
-9.194611
3.863624
-8.471863
-5.961432
7.967519
5.155379
-6.867786
-9.23705
-7.656541
-0.103840
1.142439
6.891673
-4.494533
9.629999
-1.966366
-8.803132
-3.912250
-3.532451
1.40370
8.680532
9.43343
4.744999
-4.740485
6.374467
-5.132510
-3.200268
2.359103
7.300227
8.809220
0.943978
-4.9280
7.683384
4.862618
-6.18847
-5.629854
-2.146807
-6.757789
-7.846938
-4.405256
-8.121988
-7.100974
-8.968302
1.648348
1.119294
8.11139
-5.322953
-3.857869
3.44489
-1.931615
2.526913
9.59972
-8.57783
3.265344
6.972197
1.36457
-7.590634
3.834998
9.645003
4.320876
-8.671838
2.158219
2.272947
-5.732110
5.914679
2.839500
-7.652779
8.984972
1.142924
-2.940868
1.333118
3.441662
9.883827
9.111562
2.805919
5.569841
6.447171
0.244509
-4.368782
1.348127
7.114158
9.226493
-0.745104
3.211423
-5.407146
-9.337173
-4.37961
8.583794
6.809668
-1.393292
4.139189
7.235550
-3.324242
8.194566
-5.578631
-2.940172
-2.85986
3.701556
-5.255503
-2.923454
-6.646278
-0.789797
-7.762971
1.482329
-8.575787
3.816559
-3.323543
4.27558
-2.689465
8.194400
-6.374136
-7.375537
-6.941446
-9.816969
-9.213529
-1.54624
-6.193779
0.152604
8.547596
-3.188424
-2.984732
1.75709
7.213257
7.721618
8.279007
6.496759
-3.831397
-7.852557
7.778147
6.863670
-4.65284
0.512915
5.29065
8.860352
-1.38162
-6.105578
-5.911863
-3.780560
8.255579
0.26385
9.803731
-1.445401
-3.359636
5.4235
-4.712518
-1.181664
-0.982649
5.825605
2.863135
-6.642835
-2.902186
-1.625920
0.889745
3.423270
-9.948115
-8.743286
8.338246
8.564394
-1.790638
2.278774
9.925176
8.795130
0.401550
-2.289853
-8.836744
6.80385
-8.126353
-0.402863
1.174124
5.728419
-9.59428
9.3588
-9.6300
-6.943553
1.335933
-4.895959
2.837999
-9.112000
4.608973
-5.159351
-2.922320
-8.316419
-3.483920
1.314568
-4.198929
3.634175
-8.330888
5.176369
0.735014
-0.313811
-0.191536
-9.293364
-9.447129
1.54382
-6.921328
-6.884712
-7.541270
7.533707
0.264888
6.425288
5.776030
-2.343840
2.681361
-2.278542
-2.111640
-1.236
-6.389345
-1.600614
-6.746044
-8.467312
-2.923769
-2.521383
-6.92925
-4.155019
2.505881
0.860793
9.853929
-9.848883
7.505671
-3.75659
1.389012
8.637264
-6.630133
8.814747
1.761841
-7.876391
0.559462
1.352324
-4.272331
-5.617077
-9.811848
-5.149028
-4.456105
-8.963495
-2.433388
-8.493777
8.144898
-0.808799
-7.86095
3.722830
-1.219022
-2.498439
-8.566113
9.31321
9.49084
-8.641634
-1.669764
-6.503757
-5.992494
7.158000
-7.75933
-7.651657
-5.6086
1.318407
1.887017
-2.990107
1.987718
-7.472016
-7.762621
9.680921
-6.327640
-5.30979
-3.423614
-6.510707
1.739401
9.59435
-4.448236
-5.83406
-5.773743
-9.121694
6.850091
7.210658
-6.185484
-1.857032
-6.740273
-9.916995
8.512479
8.745546
-6.603601
5.111842
-6.911918
-8.628818
-8.881494
-6.708738
-1.912604
0.929165
-6.199474
-6.260304
-5.67320
-8.899495
4.954103
5.42432
-7.711812
2.385858
0.607981
-2.117583
0.974099
-8.142118
-3.188693
-4.920271
-5.458548
-8.169965
8.265182
4.446035
8.569555
-8.892369
-3.815120
5.882990
-0.841525
8.810679
-3.902294
-3.577345
4.915593
-8.347589
1.65719
-7.982587
-8.60062
-9.981267
0.522858
-4.784858
-2.666763
9.122676
-4.195030
2.628341
4.775762
4.794331
4.801631
5.255411
7.846843
4.731918
-2.379962
5.249523
-5.26920
0.460982
4.514096
-7.272171
-9.627575
-4.428132
8.524129
-8.273443
-8.3106
1.131763
-2.236761
-4.233691
-7.986496
-4.560893
-4.972175
-6.764051
-8.917789
-6.472599
4.213339
-6.806772
-2.375574
-9.631129
-9.718128
7.895983
-6.991727
-2.323345
-0.629896
-0.274574
-4.989299
-5.703087
0.149111
6.354291
-6.812312
1.520919
-0.268635
-8.715739
7.774011
7.967582
6.86246
-4.649461
6.305344
1.774302
-6.290028
-2.355370
1.47572
-8.338811
-4.25840
-4.510098
8.296886
6.566841
9.159437
-5.450250
3.70409
-4.738041
5.865483
-2.960813
-9.347377
-9.171423
-1.674821
-1.395927
-4.37828
-4.233284
-4.369289
-4.741803
-7.388098
2.93161
-0.89082
-8.633521
-9.726764
4.938705
2.467861
7.619577
-5.135451
-4.854568
5.132297
8.499859
7.845121
-4.677571
-5.23660
9.180274
-0.230606
4.850446
-2.490043
9.219808
0.294133
-1.94853
5.582782
1.621649
0.866524
3.24933
3.9155
-6.857020
5.318162
-0.278224
-4.446304
6.759557
-6.794792
0.673795
5.513735
0.74080
-0.777183
9.123609
-3.732937
1.256969
-9.550273
2.261499
-1.406858
2.831470
-4.212907
8.58477
-9.581160
-5.11561
2.683774
-5.120548
-0.541689
1.757684
1.379737
3.474279
2.212015
-8.910413
-4.659814
5.436669
5.130703
-5.60078
-1.19370
-3.938531
7.609822
8.344387
2.816021
-2.54811
2.618485
-4.833282
-5.790108
5.254603
2.483736
1.27782
6.664591
-8.801021
-1.268543
1.312768
4.992172
-1.887917
0.11562
-2.595939
2.728892
3.501165
-0.670444
-9.616464
-5.329858
5.22639
9.121574
-8.286475
9.986717
-9.320299
-3.863652
6.152497
-3.125367
9.908436
-9.362444
-4.303411
-7.786150
2.945498
-7.614738
-4.100329
-2.656874
5.284463
-3.10876
-7.17058
-5.104029
2.540333
-8.671442
-0.973176
-1.333453
-8.796539
-5.958374
5.547849
-5.582482
-5.249069
-3.164074
5.173708
-0.267906
8.117298
-7.8360
5.444160
3.712295
-7.225473
-6.136190
1.86167
9.983840
-3.224357
-5.111130
6.430308
6.676447
-0.947933
-3.377798
2.622917
-0.967753
-2.455886
-3.104375
-2.533601
-8.283896
-3.543054
-8.767901
-5.808241
-2.976966
-5.232450
-5.122542
6.229724
4.835769
-4.104751
2.726732
-0.453265
7.434353
-5.194708
-6.694842
-5.614348
-3.727753
6.687601
7.547355
-6.323560
-8.240572
8.409523
-3.777072
8.19667
9.601593
5.417000
2.88805
-2.101113
9.426162
-6.684681
-5.926621
6.435880
-4.271863
-5.718823
-8.585002
2.363718
5.803772
-4.511354
5.265245
-3.384862
-1.7659
-1.827666
9.847202
8.467918
-5.949928
-8.439020
-2.98598
2.140062
-6.283719
4.76924
-3.326885
-3.306879
-4.426428
-7.978956
-6.500483
-8.592602
-7.705016
-9.926530
7.841906
2.426362
-2.331875
1.1419
8.870873
9.728452
9.776629
7.633109
-7.628906
6.600497
1.59236
3.786721
-2.167813
9.242876
2.839576
-6.805115
-6.640116
9.778155
-7.174605
-2.411711
-6.178592
1.758967
8.229762
-0.917861
-2.646495
8.842093
-9.967259
-9.555181
8.198460
-6.602112
3.209021
-4.377444
9.17392
-6.977092
-2.774316
-5.763585
6.222406
4.894706
9.446296
-9.506084
-0.674567
5.10982
1.334753
-0.780989
1.141623
-8.256231
1.446279
3.351885
-6.751204
-3.335193
0.31915
-3.19962
7.574654
-6.442104
-7.56525
4.580766
9.340567
2.335892
-9.605570
-4.864413
6.714533
-6.914008
-7.291226
-6.412634
-2.738973
-5.44559
-0.92978
6.139340
7.78351
3.356308
-5.479294
4.638230
3.360450
-9.980706
-0.796340
-9.465327
-4.727547
-8.578335
4.336873
0.270716
9.747763
-4.283577
-7.414473
6.715104
-3.143926
-1.273818
-8.169192
-6.719673
9.228447
-1.817438
-5.867409
1.576543
2.375200
3.70958
-2.76451
-3.130652
-0.794473
8.160891
1.885600
0.46951
5.550308
5.842262
-5.77394
-0.648860
-1.537364
-9.539248
6.636190
6.555738
-9.908931
-2.516291
4.681238
-6.635184
4.210761
-2.306092
-8.185335
6.476066
9.452103
4.798989
1.752751
9.541835
-0.500031
-9.494750
3.102534
9.731288
-9.419266
1.275625
-4.431016
6.163560
1.666854
-7.793793
4.140385
2.740586
-4.436659
-8.822350
-5.546519
-0.662883
0.194337
-4.809775
0.581288
-7.901455
1.802920
-7.483272
2.94049
4.813307
-3.496194
-1.811695
4.752227
-5.253541
-7.663684
-4.702701
7.461485
4.407362
-0.551434
-6.512588
2.538464
-9.531975
-0.801452
9.261557
-6.108556
-4.9303
5.757590
-0.526506
7.540287
-6.751943
-1.500177
9.815156
6.876116
8.910098
6.726876
7.907740
0.870497
-0.418067
4.66427
-1.393273
0.728264
5.567596
-5.239314
-0.979295
-2.557431
4.153758
-8.987331
3.519633
7.158028
8.970301
-2.985393
3.741768
3.287753
-1.457505
7.479877
1.12482
8.64622
3.393887
-9.43137
-2.36305
-0.641688
2.875813
5.37486
-2.35527
2.296386
5.546940
8.694928
-3.643553
-3.810882
9.779694
-8.459614
-0.95259
2.254224
9.692176
0.388410
-3.900357
-7.898127
-6.369052
4.832765
-7.447294
7.215644
-8.606856
-0.879050
2.319980
2.903502
1.109495
9.466793
-8.556369
1.804815
-8.222564
9.845921
7.865631
-6.124803
-9.177276
-2.91280
5.646851
-5.423633
7.600201
9.852814
-6.476002
0.765812
-3.214561
-0.401158
9.612529
-1.540852
-5.90887
4.679345
-7.204352
-0.34961
1.520289
-5.107632
1.528985
1.907557
4.122398
3.493489
-4.440684
-7.73479
5.375018
-5.901670
-1.458251
9.783677
2.240220
-6.177161
-2.752007
-7.625682
-5.889467
4.222916
8.49664
6.969911
7.836472
-7.158053
-2.184115
-1.161923
0.492635
-7.305133
5.656620
-0.637984
-6.444922
2.798138
7.765297
-7.833984
-4.660888
-1.258642
2.534802
-3.644471
4.81138
4.801841
-0.396409
1.239862
4.750221
-0.385738
9.446442
5.688905
-7.290290
7.2603
9.451527
4.42881
2.515933
5.403996
9.676981
-9.687711
-5.110592
-9.129739
-6.423429
-6.484296
-0.133825
-2.544989
-7.872124
9.560151
6.923560
3.727649
9.839106
-8.886116
-3.160024
-8.195632
8.637412
3.599206
3.366503
-7.852065
-7.779401
-8.931436
4.661205
-2.964206
-1.496639
0.581500
4.705038
-6.835134
0.14667
5.792276
-6.539253
-5.965283
7.274429
6.577283
-3.3585
-6.9467
-0.562873
0.797630
6.291430
8.916397
3.232683
-1.680200
6.502950
8.540038
6.677582
5.108308
-7.27850
7.589972
1.393881
-6.806079
6.678633
-4.823646
5.656204
5.837512
1.364480
2.733748
0.526815
-4.965072
7.400005
5.846281
0.612530
-8.238004
1.720691
-4.818668
6.109220
1.112282
7.353675
-6.396271
-7.37700
9.85745
-0.973155
-9.448966
2.709729
-9.742044
-1.118652
-6.783
6.45803
-4.765209
-5.265326
-2.940035
-0.111767
0.459156
-6.322200
-3.840752
-8.368675
-4.270451
6.796180
3.472676
3.265011
3.605895
-9.308905
-3.535627
4.7713
3.962206
-0.217775
7.399991
-0.621137
-5.267592
0.219275
-0.30238
8.302580
-5.9455
-0.599829
6.299785
4.851365
-8.373223
-5.382493
-2.441330
5.282240
-3.686901
-5.628051
-5.217458
4.914278
-8.557065
9.502921
-7.87819
8.131266
-6.396738
-8.389615
-9.374909
9.474866
8.998393
5.997469
3.479808
-4.923967
4.580427
6.332825
-4.318652
-3.838202
3.110752
-5.682891
9.373551
-2.192188
-4.738631
-1.829017
-4.314712
-6.85290
4.39596
-3.102610
-0.72923
7.670140
3.489609
-3.781492
-4.460066
3.598750
-1.700464
7.369380
8.253116
-3.232060
2.244882
-4.666491
-0.971755
-8.191770
-7.807654
-7.815567
-4.655828
6.908865
9.423855
9.3098
9.33853
-4.594167
-0.432339
7.889218
6.189695
-3.72402
-1.882708
-4.935326
0.831898
-2.95667
-4.861949
2.687313
1.274605
6.597082
2.468940
-1.833894
8.323397
6.637913
-2.146823
-3.619595
-2.804641
-7.463195
0.745397
-1.655705
4.869537
2.710900
-4.995361
-7.895099
6.318981
-7.207214
-3.562897
-1.452586
-4.954096
4.16120
7.527874
-3.711759
4.123823
3.679480
9.830408
8.408505
-3.25791
-4.544214
2.167440
5.170074
7.181904
-6.155517
-6.957511
9.427636
2.203805
8.465546
-6.316101
4.76465
9.242537
1.559714
5.200053
-6.516740
5.253378
-6.405330
2.867694
6.959452
-5.404170
-6.248394
-2.493766
-7.578029
0.33657
-5.388523
-9.870738
-6.604127
-2.268169
6.209625
-5.837000
-4.692438
3.803801
1.854880
5.15750
-3.468315
1.400796
2.254352
-0.489325
-5.825871
-3.245888
-2.516423
-8.779348
-9.277201
-0.569696
0.373240
-3.720923
5.866125
-3.730528
5.181825
1.179468
0.160333
-0.856461
-8.277970
-9.519243
-9.613935
-7.434219
0.367184
-6.533309
-9.200764
5.611878
0.603650
-9.868520
-9.726641
7.516540
-6.286671
5.505350
-8.57021
-8.228739
-6.993479
9.726166
2.639986
9.284066
8.954105
0.927304
-7.289713
-8.898218
-9.990096
7.947824
2.18282
5.350591
-7.673276
9.113965
3.78175
-7.327526
-2.413963
-1.951423
-1.374125
-3.49252
5.26466
6.506531
-4.134030
0.996261
-2.961745
-3.273474
0.447988
9.288312
8.783443
5.539458
7.752394
-2.932080
0.321036
4.42896
-5.414430
3.389743
-8.445196
-8.837797
-3.465765
4.868252
8.960380
-9.793134
3.717106
-7.405572
5.488849
-8.45112
7.918240
-5.554900
-6.390164
1.830860
-6.409888
-5.670067
6.150632
-4.952910
1.105865
8.87596
0.171575
-1.805792
-6.278559
9.889670
6.694936
3.963103
-6.109899
7.489066
0.627147
2.971277
-6.911199
-1.892110
-9.268159
-0.988758
-2.471216
4.159561
-3.846927
-7.799476
-1.390076
5.623928
2.546144
9.591318
-7.797997
3.72697
4.246279
8.244983
8.255229
9.427648
-6.198800
2.223605
7.589659
-1.468539
-6.182388
2.493413
6.807637
8.336348
3.42648
-5.36437
-3.839485
-9.562587
-3.726076
-4.208447
-0.418164
-6.656088
1.878275
5.104995
-5.979459
-6.864944
-6.77280
7.490189
6.760305
-4.917419
5.69201
4.13649
-6.823460
-8.261266
8.604753
6.109152
-3.685758
-5.82427
6.6413
-5.80079
-0.771964
-2.780808
-1.600025
7.553603
-1.494244
5.431890
-4.435684
-5.345109
8.755458
-5.876453
-4.432895
4.842948
3.279051
3.619481
-3.969232
-7.856819
4.114484
0.368561
-5.109241
-3.580477
3.248743
-6.150537
-1.332212
1.100878
6.234151
-6.369490
8.99695
4.626875
1.66162
-7.391265
0.714969
-8.809237
-7.454878
-7.284621
-0.852069
5.651467
9.114705
-2.193819
4.266623
-1.572222
6.503422
3.525822
0.966019
1.135768
8.138198
0.458893
1.471025
-9.289077
-2.797963
9.106924
2.312790
-5.180656
-6.861058
8.686209
0.273339
-3.856599
-3.321833
1.252382
1.307827
1.37976
6.866800
4.509268
-5.258264
-8.117722
-9.372264
-0.873959
-7.274275
9.204268
0.857759
6.501371
-7.740029
2.560803
3.5869
-2.557597
0.868108
-9.559248
-7.122616
9.545587
5.600888
8.635536
9.240105
-3.243737
-3.343440
1.400272
-4.616794
-1.749993
-9.689173
-5.239814
9.654299
2.273159
-9.618018
-4.588382
5.693517
-7.708041
-8.749675
7.707036
-5.486787
0.846852
5.507851
6.843896
8.840005
3.752559
-5.658715
0.80692
-0.92441
4.78420
-1.565175
-2.224378
6.85263
2.265072
4.915692
-9.244525
-6.528012
3.109595
-0.389545
-3.501009
3.710332
-1.673984
-4.148131
0.819775
-2.929371
-9.611291
-5.486619
-9.732522
7.89745
8.791610
9.61505
0.386219
-7.128955
2.797565
-0.268649
-1.349508
6.825405
6.355056
9.19153
1.459193
2.237245
-8.434835
-8.792695
1.912439
-9.575491
-6.181192
-9.6771
1.63887
-5.978489
9.140120
2.82495
-1.999593
9.598103
-2.509804
2.70823
1.210531
-8.540220
-3.62861
-4.27329
-8.39720
-8.375292
5.611904
-0.135773
9.592208
-0.262420
4.447764
0.981394
0.688717
-7.957493
-3.774172
-3.147002
9.313230
-9.224042
3.155781
-0.569943
1.42019
-5.236850
9.193910
9.977087
-8.81222
-7.162787
1.787926
8.988936
-9.363919
-0.939031
2.752392
9.563589
1.396491
-3.830310
-8.408729
-7.687818
-0.42871
-4.569440
9.436001
8.718412
-3.711796
-7.347565
-1.639819
9.760922
4.701072
3.234441
1.508031
-6.351425
-9.988665
-3.91883
9.747376
-9.997163
-8.594446
-9.249487
2.423021
6.745326
-8.862838
-4.596186
2.417956
-2.724769
7.972010
7.395719
-6.75838
-4.925209
6.257791
-2.515017
9.901057
5.458784
9.757636
-0.266320
3.703248
6.296567
2.393843
9.667599
-2.878757
0.728389
4.967288
-9.103485
2.488407
1.110717
3.578652
4.639588
-7.323393
7.224512
-9.108786
3.399236
5.357541
6.879242
-1.560526
2.302997
6.380480
-0.764987
1.335884
-5.201713
2.287684
-4.851588
7.441145
-8.957413
7.859176
-2.904070
-7.358417
-3.474519
-9.516241
8.393776
-9.323781
7.635955
4.607745
-1.690085
5.986462
2.17987
1.379024
-0.164579
-0.497888
2.218696
-1.551516
-5.121485
-9.811489
8.11773
-2.601578
2.657782
-3.999735
-2.7917
-1.963667
-3.202869
2.476293
1.38918
-6.775038
-8.642148
6.597663
8.984405
-9.739150
6.220315
-3.902418
-9.301702
-3.328294
7.305975
4.387054
5.179274
9.372722
-3.953860
0.489731
-4.843008
3.210973
2.58812
-1.154277
4.48884
-8.380471
2.960526
-5.833528
2.84701
5.888181
-1.276407
-3.708241
-6.696405
3.927418
4.393925
-3.134843
7.474268
-6.21643
-8.407335
2.132103
7.935096
5.552981
4.888178
7.275091
-2.558368
2.527631
-4.602638
-5.962665
4.496785
-5.642507
9.922266
0.695423
5.140247
5.864607
3.22779
9.696353
8.749448
5.175293
9.323770
-8.246875
3.865494
3.972386
-5.759441
-7.955768
1.972434
-4.203363
-9.299751
-2.252218
-4.598759
-1.230357
5.828172
-9.810948
7.731665
5.478503
9.359256
-5.415940
5.692539
4.308043
9.225117
4.456898
6.162245
-2.779777
5.4916
-1.977911
5.79721
6.849476
7.499883
2.780390
-6.866289
-0.114056
-3.770564
-8.184957
4.362324
3.62107
7.240074
-9.868660
1.151228
-7.420232
-7.927890
-6.272962
-3.685805
0.27296
4.592030
5.628025
9.613784
-4.908563
-7.961006
-6.980006
3.757253
2.550569
-0.333204
1.267405
-1.649299
7.156
-8.297887
-8.622213
6.338963
4.948019
-8.229773
0.83217
7.138759
-2.134261
0.803734
3.993152
8.280972
8.907270
4.740706
-7.965212
-6.1020
8.292373
1.112232
9.146404
3.938537
-7.80660
-0.717150
2.945440
7.190445
6.929522
-4.659031
-7.619871
9.878965
-0.253164
5.558929
-4.412857
5.364159
8.194371
2.42058
-5.246184
2.271120
9.830287
-2.555958
9.70541
-0.508296
-1.705662
-3.623087
-6.57895
-8.433710
-6.491237
-9.712041
-5.580790
3.938914
5.898645
-4.90036
2.679
9.194882
5.906149
4.79919
3.906637
-9.832179
8.31926
2.609399
-6.959915
2.852989
5.847551
1.872810
-3.809277
-5.334971
-7.41006
-8.173568
-8.3776
-3.878270
2.353008
-8.498532
1.339490
4.65191
2.331426
1.196092
9.125601
7.94840
-5.332200
-0.418473
-7.325277
-6.951258
-7.386451
-0.631535
4.430450
-4.172991
8.971783
8.733462
-8.290207
-4.706650
2.592189
8.390387
-7.470586
8.680337
-0.925153
-1.981607
3.733727
9.189815
-7.72495
-4.352839
-8.458173
-9.708802
9.635961
1.62790
-9.87182
9.524213
1.86327
-5.931828
-2.639206
8.57012
6.603720
-5.120959
-9.76340
0.856314
0.92415
3.215095
-6.913696
-6.676353
-1.720177
-4.851727
-7.294005
-3.639200
-3.277700
4.196442
-8.75765
4.840820
-3.989568
-2.739384
9.312788
-6.782274
-3.984331
0.409836
0.767591
3.693558
-8.250526
3.558382
-0.624987
8.536669
-9.257960
-7.428066
5.103999
-7.405831
-1.970874
-7.875467
-5.492278
1.913721
-7.871243
1.278541
2.328320
3.257110
9.400285
6.568204
-1.883715
8.173574
-5.117872
-8.792373
5.70602
0.425775
-4.113630
-0.446953
5.724372
-0.446570
8.507032
-2.706052
1.220838
-3.334618
-3.605776
9.142946
-7.515502
-5.981404
7.968720
-2.614152
-6.807180
6.551382
0.722225
6.811988
7.250744
-0.393383
-8.34800
-9.19667
3.605094
9.707719
-8.895745
-9.85593
3.418133
8.43941
-0.239038
0.106730
-8.556441
8.701800
3.22465
-9.210104
-6.743993
-6.647514
-9.594017
9.353396
9.260268
4.920411
-4.993121
-6.477550
-6.871453
5.176254
2.457050
-7.586429
8.83068
0.218249
-5.803960
-1.574594
-8.472590
7.16397
9.258385
-5.803650
6.392615
-4.921024
5.474472
7.987444
-5.503882
-3.262823
5.403703
8.482963
1.202402
-1.100837
-3.904726
0.358060
-4.108355
0.782332
-5.249739
3.254493
-5.266060
9.244858
1.701141
-0.22714
-9.353127
6.698488
7.645224
2.276405
-0.842982
-2.148917
0.252452
1.658882
7.900955
-5.720705
-2.954486
-8.994914
-4.763013
7.733256
3.409438
1.779091
5.654093
-8.921796
-2.581515
8.319300
7.785044
-6.883474
5.456298
-9.644576
9.746991
4.13284
-7.214300
-4.616098
-3.496240
9.72220
0.850400
-9.700258
3.320284
1.388405
4.181026
8.541131
-3.650340
-3.761106
-9.532311
0.864910
3.512312
5.912651
9.577195
-3.785308
6.753894
-8.892393
8.12598
7.252252
-5.565853
6.18566
0.446041
1.149676
-3.12945
9.524851
2.813617
-0.142587
2.525045
5.175292
5.742130
-7.721798
-0.186518
-4.503042
-1.855275
7.596207
9.597889
7.557701
-9.16774
1.658151
-7.726586
-8.787095
-6.188236
-5.958672
-0.11055
-5.438932
9.27611
-2.47338
-2.906859
6.618772
-6.951681
6.471440
-2.712966
-1.638653
-0.881825
7.971781
-2.433370
-7.112915
6.120297
0.496915
8.418061
-2.142217
-3.391182
-1.351473
-2.42486
9.803143
-7.262355
-9.534365
1.660521
2.206653
-8.314561
-6.743535
-5.764319
1.597852
-1.202806
5.590237
-2.682725
-0.56936
4.243857
6.183051
-4.493292
5.126260
-5.553395
-0.520368
0.149480
-6.838907
-5.560432
1.231072
-3.512798
-7.9557
-7.701911
9.556978
6.716975
4.573085
-8.509485
6.568661
4.70108
9.276182
-8.204895
-8.65824
0.549272
-3.486151
-7.136349
0.264185
-1.983863
5.14541
-6.946458
-1.462337
-8.135468
-5.209706
0.384456
7.669362
-3.674331
-6.469111
4.90422
-8.204097
6.165395
-4.18396
-4.26876
-9.703634
-2.58226
6.792563
-4.496328
-2.886496
-6.19801
6.438431
-7.711049
-6.907763
6.337459
3.172328
-8.543603
1.967851
-9.447575
-5.151829
5.344798
-7.10344
-8.195713
-5.331011
1.394927
3.522930
9.957430
-1.82884
-0.568653
8.605420
-3.662297
0.829706
-9.311745
8.306512
0.832405
3.399948
7.229127
2.894520
-0.188691
6.640671
1.620606
4.148297
-3.178526
7.938696
-0.820218
0.160552
3.164729
9.376354
6.763276
-1.773072
-4.73923
-6.526979
5.142584
1.116451
-2.295943
-6.559636
0.430459
4.898548
-9.46787
-6.443828
-7.211444
3.11932
-7.158648
0.512391
-0.863323
-8.560201
-0.2974
-3.420768
-3.224457
-9.635436
-9.294375
5.789178
3.817198
5.556960
-0.430810
1.291670
8.300092
-5.137158
-4.179221
-0.222262
6.523001
-8.704419
-2.777142
-5.400107
-3.722469
4.523821
7.880149
-6.738266
-2.996720
9.735002
4.880588
-2.677626
3.138049
-2.936856
-2.102791
-4.982825
-8.653513
-7.634179
-4.345593
-6.528564
8.818528
6.26213
0.940796
9.412181
-4.964623
9.577989
-9.543949
7.678949
5.120145
-3.563112
4.230110
8.676846
-8.607739
9.283578
-8.137174
0.374646
5.36165
6.518234
8.559119
-7.671893
-9.107909
2.264109
9.301767
-5.907988
-2.19628
4.739478
-5.50364
-8.638502
-9.138072
8.411019
7.502261
-1.713973
-1.621424
2.649060
1.725412
6.331457
8.561534
-3.443242
4.688234
5.416654
-1.158912
-9.210525
6.215636
-0.331040
-5.323963
1.331579
-3.244887
3.100052
-5.898957
1.233424
-6.775348
5.632637
-6.585753
2.452815
-0.625461
-1.672374
-8.783977
-2.76042
1.670719
-5.706080
-4.625848
7.415933
5.306660
-1.435804
7.936075
6.49236
-7.623096
-7.219191
9.797114
1.45099
7.896154
1.541893
-4.160139
-2.515582
5.906560
-0.689738
-0.196697
0.672324
-1.733024
-4.310457
-6.605344
-9.425737
8.404273
-8.126705
1.562200
1.852572
9.670195
4.799045
-9.347868
9.471032
0.390969
-7.766230
7.496398
-9.437189
3.475350
-7.96014
-3.832063
5.339299
6.804209
0.56610
2.625250
9.438987
4.556066
3.620275
-8.663548
-5.108797
4.645761
-1.987488
-2.322656
-4.867937
-9.966491
2.223662
-8.548836
-5.895342
0.357180
8.529255
2.780491
0.781084
9.330079
-7.775343
-7.104262
7.224157
6.901257
1.631962
4.886165
6.622863
7.970776
1.278318
-5.368437
-6.78046
6.947403
-7.634462
-1.61858
3.818361
-7.7896
3.326714
-4.883613
8.324354
7.185481
7.756948
-9.939394
7.699312
-2.776715
-6.204088
-1.909477
-3.733710
-1.238746
4.688724
-8.897434
-8.678601
-7.323922
2.454011
-8.293025
3.742222
2.949915
7.802271
8.922152
-0.313038
0.736896
-0.78515
9.448644
-3.311038
-3.267456
-6.928812
-9.113466
-9.312964
-1.403074
-9.718355
-2.132215
2.830137
4.52717
-3.772052
-3.687456
8.91994
-8.673404
3.373865
-9.410737
7.539116
5.964080
-0.583063
-2.107369
-0.860922
-7.814085
-2.776236
9.973244
-4.871377
6.272906
2.616335
-5.698350
-3.288553
3.949105
0.677708
-0.752695
9.474227
3.287468
-3.305884
7.358792
9.332914
-8.495661
-0.462897
2.581110
-8.419371
-7.266083
3.808702
5.171928
1.512811
-6.721570
-7.692590
3.997690
-3.84600
7.52735
6.9463
5.332060
-9.867315
0.358760
1.812343
8.583089
8.460256
-3.576531
-1.146617
-6.942714
1.430280
-8.319727
7.331046
-9.454816
-1.11209
7.789757
1.181958
7.4373
-5.752664
4.922432
-0.62083
-2.623693
-4.840641
3.554332
-3.936696
7.500543
-0.967444
-1.62693
6.267628
-8.699555
-6.411207
4.928401
-1.66845
4.242911
5.782654
-5.14771
5.38703
-4.798355
7.419313
3.531844
-4.78660
-0.522747
-7.183830
-0.876605
-3.604942
4.347348
-8.442635
8.556409
-3.209396
6.670612
-5.346136
-3.330756
-4.248165
-1.455357
-9.990312
-6.789726
-2.386846
3.749116
2.939229
4.741166
2.370833
0.239438
0.275382
-8.61864
-5.358145
-4.946881
-2.359195
4.633791
0.85375
3.133261
7.825645
0.241187
2.418987
-0.59227
6.38512
4.478137
0.725449
5.739435
9.592858
-2.978761
5.600460
-9.804092
5.436765
1.262995
-6.254493
6.368867
9.944900
0.369437
-4.907948
-5.499662
-5.402097
-2.502438
7.40123
-1.806887
0.864593
-4.604091
-5.972262
-9.844655
-9.371411
-6.637907
5.293754
-6.164599
-9.975276
8.693829
2.830429
-1.972646
-0.82263
9.401083
-0.184892
-9.26548
0.421165
-9.969203
-1.958403
-4.341881
6.898985
-3.884208
9.666419
-1.223220
7.924050
4.193209
0.530360
0.853951
0.666422
-5.524248
2.234316
-0.661219
-4.925400
1.999122
-2.727039
-6.996915
-9.446657
2.853667
6.898897
-5.73975
-5.72729
2.241941
-9.37905
-4.575588
-1.223370
-0.715199
-9.44918
0.182750
5.97898
4.232413
-3.444528
-9.665932
-5.264482
3.422948
3.364551
2.13341
8.595233
3.640585
-3.519702
3.415358
-0.368154
-6.96053
3.292980
-7.367983
0.836536
-5.942030
9.681380
-3.501243
8.255287
-4.875112
-3.434695
2.490411
6.316907
2.952086
-8.971538
-5.598633
-6.581274
-1.448028
4.897996
2.61782
8.139095
8.123520
3.164636
9.559631
-9.215099
-7.528297
5.512565
-4.279488
7.469653
0.151817
-4.708635
5.540965
0.228508
3.96950
1.997921
8.284310
2.381795
-8.4462
3.137201
-6.551651
-3.639278
6.834775
-1.144907
-5.886581
-9.11882
3.8702
4.475674
-2.510425
7.528278
6.976286
-5.916231
-6.487210
7.329093
-6.606518
5.395468
7.911041
-9.197888
-8.252220
2.869879
6.520518
-2.355953
-8.601171
2.797138
3.688714
5.372849
1.880168
-0.978629
8.50028
-8.647882
-9.876688
-7.804451
-7.103151
7.607565
-1.946248
5.522133
7.379807
-2.495267
8.893245
6.84166
-3.596307
-9.405954
-7.462044
9.735433
-8.555216
-3.527911
7.565338
-2.611243
-9.347161
-3.58017
2.130042
9.51051
-7.209701
8.690810
7.291518
5.216891
6.356131
6.589405
-5.895344
0.356680
-3.621294
3.49523
-0.962170
-2.495090
-8.255850
-1.674345
-5.305413
9.12509
-9.323604
1.648297
1.554400
5.154574
0.887476
-9.698798
-6.840327
-1.867278
2.823915
-2.275576
-2.833505
6.877567
-2.982130
2.277237
-5.297587
0.285586
7.932044
7.12128
9.259080
-5.545385
1.460447
4.415963
-4.284965
5.205099
-1.709536
-6.276798
-9.401975
-3.889974
-5.866084
4.668421
-7.793142
0.112909
-0.243313
0.771460
9.335572
-8.372180
-3.547379
4.250552
-4.865329
-4.699273
-1.544312
3.233953
-2.678465
8.827276
3.506677
-4.497905
-3.602898
-7.786405
8.27849
5.619015
-1.588936
-2.914411
3.11403
-6.713933
-2.194396
-1.678680
9.443583
9.407432
-2.460203
-5.467978
2.615532
3.179654
9.305957
-0.237756
-0.746510
-7.167791
-9.390132
2.477264
2.163386
-1.862883
-5.758677
7.911432
-8.71453
-6.400854
5.275966
-4.170763
-1.615854
3.697787
-0.752021
7.773703
-7.898198
-9.747148
-5.685906
3.791285
-6.744512
2.256337
-1.5438
4.468104
2.535414
7.183923
-6.881611
-3.760360
-4.516178
6.971373
-5.363701
1.439673
-1.916136
-5.183223
8.201845
-0.168092
0.944849
-8.807144
-4.150058
-8.45044
0.925661
2.67875
-3.126096
-2.232531
8.601319
-7.984481
-0.155721
6.45941
5.369585
3.361616
-5.813318
0.436500
-8.36555
5.102569
-5.102647
-2.88555
-4.760567
4.296
9.84453
3.529216
-4.338663
-7.360143
-6.549682
2.856119
8.429975
6.505797
5.768031
-7.677878
-1.526129
-5.462842
-4.82119
2.793268
-1.664164
8.337256
2.45075
-5.421643
-6.418738
-6.741137
-2.918431
-3.836556
0.373480
3.858874
-2.212886
-4.504774
4.837108
-1.312535
8.535963
-8.267959
-8.541523
5.441108
-6.495931
-9.44654
9.996478
-4.384733
-6.581889
6.501571
8.198631
9.441101
-8.906859
-0.122034
-6.582172
5.369393
-0.276965
-9.452699
-6.266557
-1.763614
1.881864
5.523693
-1.462944
-2.101694
1.792853
-2.909900
9.311710
-6.727521
-7.662107
-5.468928
8.976871
-4.205549
1.422920
-7.719564
1.503885
-7.304519
-9.166120
-8.85167
-7.962744
3.380741
5.357081
-1.90395
-4.54488
-0.639867
2.484918
-7.204517
2.168059
7.652507
3.626914
-8.874189
-3.641594
9.843697
-5.4192
-2.102374
6.723586
5.177033
5.888967
8.138394
8.685539
6.192509
-5.128232
7.985931
6.487508
1.539531
-7.894267
9.571954
-1.360759
-3.975860
3.986070
0.870487
6.526202
8.343002
-0.894928
-4.752822
-2.556549
-6.307381
5.693482
3.431967
5.658993
8.517825
0.882653
-4.395071
-2.931482
-8.496076
7.191229
-7.256877
9.870055
2.919728
8.60644
-4.494692
5.414383
-2.464299
-2.114021
0.883761
0.313050
1.812507
-2.954086
-6.131251
-0.319861
-9.989635
1.11060
-8.459394
-9.161288
1.495318
4.247010
6.456562
8.431354
-4.897572
1.287185
0.259184
-6.847748
6.935528
-6.917597
8.758141
3.469587
8.726814
-1.335754
1.650110
-3.589612
7.731254
5.86082
6.68479
-3.659095
-8.488305
2.923518
-9.310489
-7.429020
-2.749551
1.436037
7.775634
7.790681
8.975887
9.339702
7.10711
-9.516935
-8.589034
-5.716274
-4.813656
7.327809
-3.29566
3.210815
7.719305
1.490564
-2.474894
-0.430435
-9.310423
7.907080
-6.7104
6.326013
5.420716
0.55171
-6.799109
2.753712
1.578076
2.760506
-9.773578
1.895075
6.70371
2.565369
6.816106
7.598216
7.735085
0.686247
-0.824110
6.643033
5.692654
-1.529305
-7.901964
-7.140638
-3.56784
-7.712673
0.319120
-5.595431
-3.64873
8.685990
-1.405567
2.50381
-8.11158
8.327708
8.326043
-6.426880
0.685390
2.933387
3.924583
-4.237053
-1.631304
-4.913618
2.462718
7.865329
7.170467
6.226943
7.149325
-8.672699
2.483312
-1.921627
1.663380
-2.884874
-4.148118
-4.838725
-5.613685
0.529781
-4.299688
0.242526
-5.986430
-4.596274
-7.241695
-7.393669
-4.69873
0.314169
-7.454266
1.816207
-0.826871
7.688001
3.365688
-3.268164
-3.632482
-2.122649
-8.652283
2.200456
3.116143
-8.602517
6.886519
-2.117476
-5.791
-3.19777
4.96060
-1.925724
-8.393644
9.647938
-1.527332
7.645510
3.564958
9.552660
-9.883848
9.544951
1.648595
0.952828
-7.851319
-0.413940
9.954861
-4.444700
-7.183313
-0.30275
-2.673586
7.478935
-9.230838
3.561778
-3.110756
8.46406
2.85538
-9.344294
-9.425191
4.731102
-2.412206
8.952943
-7.889442
-2.350467
-7.745390
-3.500561
7.747565
4.13734
-3.977283
-6.203170
4.727702
-0.467433
1.450960
-1.359584
1.146133
-7.661926
-1.837255
4.626981
-0.475805
8.83391
2.996368
-2.888320
5.721832
2.760445
-6.49586
5.216363
-2.823534
-7.956638
-6.959969
0.775069
-3.649394
2.478796
-6.248924
-0.332866
9.113795
4.337100
5.19694
-1.909143
-9.502829
-2.810740
-9.36045
5.422799
2.438435
-1.50265
5.134227
7.320101
0.786166
-2.886029
0.213969
1.278493
9.162994
4.863840
7.302054
-2.166766
7.251123
8.88361
0.411193
9.43155
2.457237
6.613408
0.803090
-1.675676
3.709963
-0.671227
4.892334
-6.3432
-0.374325
1.508354
-3.347368
-4.877844
-8.943226
-9.579559
-0.209642
6.304614
-9.398389
6.141545
-4.886887
8.387878
-9.79603
-7.659679
6.890248
7.483359
4.270150
-6.69026
-5.79457
-1.519864
-9.511310
2.464990
3.424059
-1.878459
-6.925245
-7.400213
-9.495389
-6.404386
-6.314781
6.151614
-4.885613
9.923807
2.774551
3.301564
2.866340
-0.444809
8.616531
8.591147
-6.673273
2.294002
-1.78526
3.430085
6.252909
0.626603
-3.727197
-3.928587
-7.746838
0.452098
-1.113395
3.326537
-0.127740
3.511964
-3.976902
-6.946614
3.299559
-3.960982
-3.847449
-3.970701
-1.218772
5.939148
0.250738
4.588213
-2.359028
0.337734
-3.858600
-3.271613
3.537936
-0.274100
8.587603
-3.151720
-5.260453
-8.992327
-6.810131
-9.450424
7.539807
-3.838183
3.757786
-4.561806
9.735047
7.874550
-4.823206
-0.225106
-0.592214
0.417785
6.648433
3.100068
-5.217321
3.396697
6.92547
0.556346
8.210890
-8.823271
6.498053
8.594265
-4.449641
-8.955486
-6.383413
1.271359
-4.409775
-4.386265
6.901605
5.667193
1.224412
-2.383392
1.78207
-2.881367
-2.631055
2.568706
-2.805182
9.42826
4.705245
-8.582940
4.450073
4.382508
-0.314381
-0.377773
7.189105
7.965698
-8.136952
2.279064
-5.948378
-1.355786
-5.357263
9.934509
0.681789
7.597802
-2.605329
4.120488
4.898286
-7.864850
9.406445
-5.941028
-4.135794
8.731505
0.111555
3.870503
-1.406067
5.349303
9.268917
6.2797
6.77416
-7.230723
-5.45659
9.972297
1.909497
-4.687992
1.685556
7.574941
-1.354551
-3.677689
5.790715
4.191065
-3.718172
-9.245651
0.708012
0.819748
-4.178661
6.873728
2.58141
-7.113834
-1.938361
3.938167
8.54281
3.971552
6.905134
-0.482934
-6.91808
9.170527
5.35689
4.505268
-0.582061
5.343484
-6.536612
8.723458
4.359966
-5.871986
4.980214
6.853855
9.67850
2.525806
1.356356
3.415624
-1.861970
2.446270
-7.414177
-6.473702
0.477298
-4.603626
5.726416
-7.903808
9.282341
2.284024
-1.363378
-2.574682
-4.405842
-1.245638
-5.93358
-3.557162
-6.323929
2.429348
7.378687
8.786711
3.996904
-2.545879
9.157093
-8.706864
6.67179
7.734604
-2.46643
-5.587497
-6.882974
-0.805782
-0.287897
1.191289
4.478581
-1.563949
6.437447
0.576374
9.100708
7.220513
5.872301
-1.822061
1.902874
-5.478117
-8.122473
8.241784
0.598040
-6.800953
-9.891332
-2.225811
-5.717386
3.777450
3.676361
4.927376
-3.592726
5.829504
-8.860926
-9.270525
4.792904
-9.991058
-0.936134
-3.543809
-9.587162
-9.419498
-8.683052
0.405459
-8.634318
-8.839779
2.565513
-7.461284
-6.747607
3.780430
0.930871
-8.69100
-4.222290
-8.480210
8.633700
-4.764448
-0.189760
9.317320
-9.372938
-3.74001
8.230663
7.486581
3.801835
4.801855
-5.799793
-6.689279
-6.740839
-1.263729
1.281710
-9.214566
2.122456
3.592544
-7.560679
0.709913
-8.478411
3.984137
1.583224
0.357535
0.284708
-1.112350
2.137242
-9.290255
6.156842
1.475645
-0.726873
-5.60578
-7.757562
0.491232
-5.127964
-0.40697
-3.787080
-2.146831
-4.573827
8.418960
-4.967733
3.19938
0.264855
-0.476027
-0.400832
7.353684
3.32797
4.76980
-0.78776
-2.598864
-0.863511
-2.834774
-5.529496
-0.14549
9.163819
-5.262016
8.937842
3.812186
9.208008
-4.282150
0.542962
-1.200965
2.349440
-8.745951
-2.914432
-0.466497
-4.475547
-6.212310
-8.339969
-8.948704
-3.973826
0.383070
-4.196372
-5.194941
4.371155
-3.125847
-1.812701
0.980868
8.223678
5.103557
-3.252072
-6.532734
-5.780319
-3.40674
6.328348
-4.323514
9.771835
-1.127505
-4.235415
9.787221
9.97776
-4.193692
1.308638
3.792053
-3.906242
-1.565636
7.753085
-3.460488
1.383805
6.863004
9.879493
-7.407100
9.828893
0.341246
-7.655452
4.142665
-8.928732
-4.342708
0.365459
-2.737017
-6.560939
5.605648
1.887527
-4.219599
3.642538
-6.484692
7.618632
-3.783489
0.623119
-9.405643
-5.401930
-6.226107
9.71868
7.280555
2.644220
9.585459
-3.669906
-0.167000
-6.53580
-4.713451
2.9618
8.337926
3.105475
4.690215
-7.400687
-9.408697
-4.889612
2.739462
-0.850011
-8.586717
2.686599
5.226948
-8.813411
0.849867
-8.555916
-7.574096
-5.421802
-2.684964
8.179775
9.529353
9.655695
9.477083
-8.703271
3.438833
2.964324
-1.923963
-7.903211
-6.571973
9.129953
3.630732
-6.304113
7.159715
-8.535463
-2.569538
-4.919451
-2.534944
0.792012
-8.96618
-3.704577
3.982252
-9.8
4.960798
-0.575216
1.205731
6.669505
7.555159
-2.436789
7.736197
-8.654701
-2.888426
-8.966727
0.61651
-9.166633
-2.984945
-5.988123
9.624141
7.333313
0.535202
0.285430
-8.230302
9.516903
9.449345
9.187345
-6.299069
-3.837704
-8.755405
3.554412
-8.59442
-2.883465
-9.698353
2.35414
-5.378306
0.687825
-8.55541
-3.203537
3.801317
-7.404040
3.481200
-2.252642
4.922123
-8.345366
5.521801
-7.513081
5.2191
-5.974076
-8.933212
7.503739
1.535322
-8.79517
-1.905401
8.759629
-1.159104
2.69523
-8.161880
-6.251596
-3.176374
-5.724323
-0.933505
7.896065
-6.979116
9.913716
0.735279
-5.822111
1.378390
2.459656
-0.785800
8.158137
-7.980709
-1.734716
9.189153
-3.266142
-5.343755
4.427440
-6.62983
-8.252575
-7.486646
-3.698406
-3.391596
-8.101537
-0.424098
-1.264681
8.415619
-4.519663
2.162689
0.22929
-9.835628
-7.293512
5.153607
3.833068
-9.227958
-0.866451
5.629559
-6.285266
6.622978
2.53791
-3.37360
0.392189
-5.760065
-7.154400
5.309911
4.932103
-5.287118
-6.751416
9.236085
4.804107
-9.224410
-5.983640
-4.812907
1.71104
6.892472
-2.184756
9.245343
7.489852
-4.921593
7.219607
5.439529
3.416986
0.961842
5.711354
-1.531292
-1.133264
-1.416425
4.10335
-4.200259
-0.125528
-2.839933
-5.897186
-1.205828
-4.525925
1.528229
-3.522650
1.957643
6.636680
-4.311176
2.217216
2.158908
-1.393366
-8.904229
8.988053
3.232294
1.45777
6.129610
-6.245489
-1.366913
7.931827
1.159840
8.523183
-5.438844
-8.352312
1.523997
-3.452489
-5.303755
-3.10573
-0.66926
4.673073
4.470894
6.816674
-5.607599
2.565849
3.733703
0.123036
6.772852
-5.673497
5.428947
8.383083
9.720417
-1.665266
-9.578291
-1.880073
-7.558666
1.879068
-5.887057
7.712242
-1.149170
-2.532048
7.309057
9.672741
-4.629930
-1.652174
9.575431
0.956404
-9.247582
-1.752719
9.515092
9.568924
1.136344
-2.171893
1.8597
9.286760
-2.55879
2.82361
-3.972891
-8.16672
-0.403553
0.562483
-1.392896
1.615210
-2.894691
-5.325982
-3.789156
-4.326529
1.849872
1.246242
-9.227883
2.460315
-0.959236
-3.582759
-0.487273
-8.302709
4.713944
-4.296410
-6.522863
0.124534
-9.886846
-1.324890
0.7592
5.71296
0.720598
-0.964096
-2.604902
0.698897
-2.361145
-3.48185
-1.809394
0.564677
7.876517
0.170514
4.545526
2.412596
-1.130410
6.971773
-1.779565
0.920010
5.639352
-8.165472
-1.991391
-7.43641
9.454038
-3.193502
-1.81096
-6.830762
5.771616
-2.393816
-6.370953
4.589873
2.859114
-8.702622
-0.708043
-0.112329
7.363222
-7.581978
9.467494
-7.413618
-5.952184
-7.925290
3.381263
-1.229323
1.123633
-0.158775
-4.714643
-4.954350
-7.849669
5.696518
2.898555
-3.611484
-8.778
7.90531
-0.408034
8.923677
-6.830961
6.727336
4.959915
7.267610
1.593294
0.307920
9.485008
3.500025
-8.88297
0.441515
-5.188361
8.208409
-0.50934
6.216133
9.117624
1.740296
5.976735
-0.240908
-8.762138
8.664058
8.621796
9.349994
6.835706
-0.928603
4.841554
-5.989467
8.951122
7.276354
5.539342
0.664473
1.59071
-7.70450
0.942298
0.118178
-2.898404
9.876272
5.359700
6.350050
9.347345
1.472588
-2.134589
-2.70766
-7.489528
-0.441810
-8.627393
2.196604
-3.373389
-8.167187
-8.818907
-3.607038
-0.711992
9.755565
9.604102
6.126014
4.733552
-5.817326
2.334099
0.784049
9.927180
6.819185
1.608185
-7.385956
1.706596
6.28754
1.470608
9.446916
1.833948
7.24110
1.367452
1.727670
-4.577354
0.567443
2.768705
-7.219723
7.329604
2.242093
-2.670146
-4.987154
-7.876655
0.673908
8.502305
-1.557485
3.627717
1.833456
3.300716
-6.279400
4.586834
-3.73470
-5.523357
8.896379
4.979017
-2.895809
8.549062
8.161726
2.246201
1.273097
4.722034
-5.426959
-2.411984
-6.77265
-8.634119
8.176254
-4.271112
-8.203750
-3.193892
-3.603846
-6.643000
3.530557
2.737319
1.688997
-0.26795
-6.802075
3.55970
2.448900
0.814323
-9.485659
7.225955
-2.654750
6.845514
6.837958
4.12108
-9.863334
-0.803797
-5.898911
-0.794051
8.768122
4.577870
-2.978032
-5.911920
1.275166
4.177740
5.253761
-1.679483
-9.726018
-5.629821
9.552079
0.645696
-8.37318
-8.773856
-3.108979
-3.215334
-6.668771
-2.238662
-8.13681
-7.442728
-7.856480
-0.707890
5.771971
4.187119
3.315202
9.994178
-7.236154
-8.937168
5.384666
1.510263
7.108011
5.462383
-1.151251
-6.668997
-8.411191
0.685702
8.670271
-7.135011
-8.759407
-4.785828
-9.360447
3.35345
-0.456216
0.693084
-2.519805
6.529005
0.968724
-0.24083
-8.417394
-5.678688
-4.283399
7.55303
6.251345
-6.643498
6.418880
-8.925398
-3.157230
0.350530
-1.475170
9.399466
5.150032
-1.351231
1.465448
0.676636
6.653794
6.808113
2.857998
6.473720
4.306644
5.599823
5.171791
7.866642
3.752425
5.285358
7.158524
-9.408080
9.79385
1.141161
3.650197
-8.991183
8.875510
1.586579
-7.179693
3.938900
5.991348
-4.272267
-6.223409
8.485650
-1.925874
-7.535602
9.714300
2.128353
9.128992
-4.698017
-6.512065
3.224929
0.161076
4.694854
3.299985
-8.799465
8.793116
1.452731
-3.161302
8.671256
5.784303
-1.658966
-4.219678
6.545824
-0.294917
-9.633508
9.36426
4.411887
3.346470
-8.536220
8.920038
-6.972919
-3.999835
-8.707843
5.582593
2.66312
-6.210954
-7.730818
-0.786963
-8.24733
-3.625794
-2.102210
-0.711615
7.98733
-9.474770
0.656065
-1.442081
-8.658640
-3.242121
-1.386529
-1.279474
9.188907
8.322849
-2.384626
9.436415
-1.805837
6.126400
7.918179
9.109412
-4.79275
-4.847636
9.367237
3.94645
5.62399
-9.945638
-8.876012
0.403480
-4.255350
0.162439
-9.944415
7.626011
2.316670
6.634954
-7.325181
-7.969732
-4.559731
-0.751241
5.502697
1.472739
0.903488
-6.214178
-8.167930
8.986357
6.992306
-1.54053
-8.157069
0.590840
2.998117
-4.297081
-5.597143
-3.977579
-2.802377
-2.438776
-8.497772
5.41765
-5.532745
-5.846725
7.903537
9.958531
0.690498
9.527501
9.128256
9.776728
-6.656929
9.61334
-0.476029
-1.977097
1.799426
1.445715
2.421407
8.113639
-1.736588
4.974537
4.330195
7.763164
-6.392907
-1.343788
-4.722999
6.561363
1.123255
-7.38524
-5.284747
-8.147951
-2.615968
3.153865
-3.352463
-2.228157
8.627671
-2.3599
-4.314472
-4.767142
2.372757
-3.775925
0.269728
3.511093
-4.561356
0.412898
-6.559168
1.799593
2.579887
-8.837811
-0.203356
-9.413109
4.474311
5.200806
-3.872110
7.397482
5.120710
9.248442
-1.891096
-8.139224
-9.64054
5.466685
-9.495070
-0.765175
-7.463571
-1.942720
5.398075
7.6364
-5.287538
2.556068
-0.579098
5.729383
-2.815554
-9.74635
-7.50422
-3.304273
-5.765438
6.509438
1.335865
4.824607
-9.846179
-2.87586
9.478289
-9.8950
5.880377
-2.481032
1.208398
-8.183184
1.686538
2.93202
-1.58754
-1.163598
-6.841717
5.653589
-2.331684
1.372279
-7.201740
2.767200
7.558671
7.380043
-6.303737
5.908850
2.441118
-8.716095
-4.808417
8.801210
5.998748
1.682820
-2.879218
-3.440157
1.673894
2.459311
2.367643
2.393531
-0.62277
-3.221556
5.868751
-0.244964
7.500677
5.871482
9.450583
0.329438
-5.638940
8.253512
-9.826743
9.206668
-9.732864
0.156126
-3.727303
-6.521418
6.434868
-3.287740
0.988886
5.12126
-0.73557
3.981596
4.570158
-6.321638
5.467913
-2.371849
-4.989955
-0.512478
-5.915081
1.565406
0.889688
3.917502
-5.419458
-1.231605
-5.147962
2.669206
0.666821
-7.107741
-3.354108
9.12160
-4.851760
-6.216003
4.827911
-5.387642
-3.600380
-5.677074
-7.655496
-7.970514
8.426219
-1.11499
1.287535
9.295181
-1.48737
-1.118362
7.342046
8.704053
-6.576232
-3.464892
5.398862
6.293223
6.229734
-9.98083
-7.848476
-6.867668
-9.419967
-3.653335
3.753332
-9.386777
-2.177765
4.964051
5.790499
3.508870
-2.335167
0.613653
9.248323
-8.355908
0.97131
-7.643840
7.999254
0.556888
4.844593
6.182608
2.349762
5.394793
-5.952414
3.364673
8.368325
7.23252
3.343402
5.694932
-9.887418
3.150594
0.98897
-4.580802
1.980329
-6.201094
6.412784
-0.368731
6.972065
-6.400550
-5.134589
-0.481035
5.432405
-4.356571
7.350834
6.179870
-0.715939
9.539819
-3.844407
9.112605
9.901303
5.571445
-8.305640
-7.2706
-3.541085
8.389543
7.912753
1.511745
9.209770
9.350232
-4.628061
8.447029
-9.441377
7.742706
-6.448171
9.21749
-5.697239
0.371072
-4.411981
-9.308383
8.460827
1.36607
2.406
2.333685
1.876663
4.980174
2.824090
5.640700
-4.486177
-3.204926
6.425906
0.50420
-6.649912
-0.562726
1.275218
-6.844824
2.144736
7.636763
4.799947
3.360410
-7.701088
-8.417339
-8.505247
-4.889837
-7.346521
-5.807117
-6.842431
-8.116998
1.518242
-5.458146
4.761443
-1.405314
8.910012
-9.308649
-6.934908
-4.665454
-3.480460
-3.236720
-4.58584
4.948579
-7.111633
7.6356
-9.166816
9.759277
6.830114
6.203600
-3.175503
-3.439616
-1.632702
1.554709
0.566046
-4.884155
-2.926375
4.230656
8.654132
-8.92380
-6.836165
4.727918
2.917341
7.406324
1.653014
8.967910
-4.239974
9.379219
9.726997
7.218217
3.518333
-6.140509
-6.288761
1.570730
-4.902291
6.911430
4.637206
-8.730085
-9.465696
-3.674153
-8.75408
-7.844965
-9.455143
9.22294
6.133831
-8.839447
-2.56003
8.193522
-8.999011
-4.642954
0.734084
0.592214
-0.461613
3.259622
-6.908919
1.578869
-8.721031
2.91731
-3.70189
-0.899754
3.831346
-7.866946
5.663416
-9.542221
0.41388
1.579559
2.100870
7.209822
-3.669205
-3.461067
9.743211
7.623748
-2.463995
-9.719097
-1.927699
-4.707280
-6.446345
-1.168192
8.99047
-6.721570
0.711419
-2.802679
-0.587563
7.527684
6.399018
4.110482
2.757299
-2.93202
4.693572
3.144950
8.863442
7.680394
5.979105
-0.939342
2.103328
5.28803
-0.811677
-9.36470
-3.945706
5.692240
8.253490
4.372667
9.706224
-7.201804
-1.611208
-4.345783
1.145514
7.456745
5.964020
-8.250036
2.69066
8.132530
8.759459
-4.53768
4.543141
2.110245
-6.898266
9.180855
-2.534863
-3.653861
-5.199153
8.550533
-9.355692
-5.110086
7.269410
-9.453344
5.690692
7.793131
-8.829835
8.746511
5.719046
-1.33634
6.579296
-3.545903
9.651612
5.507631
-1.492449
3.235226
-2.258117
5.976085
9.188222
0.447243
-3.402030
0.844745
-3.312804
6.865702
8.130035
0.487718
7.668662
-0.175027
4.693378
-8.939221
7.430384
1.555265
-1.423948
2.822197
-7.203355
1.774467
2.328664
-1.728487
-6.204093
-3.990882
-5.638839
8.243612
-7.351105
-3.612930
-1.536717
4.131269
7.148163
-5.329164
-0.166710
-7.365375
4.856051
7.73471
-7.862380
7.535584
5.991487
-9.843774
1.96513
9.418368
-6.17070
6.585998
-9.580724
-0.431633
-6.693990
8.824447
-1.645202
-0.392314
-2.807545
5.768616
5.487662
7.685128
2.351897
1.643160
0.802528
2.181108
0.391830
-6.487762
7.600175
-2.393582
6.197149
-2.177586
-8.216621
-8.653952
-1.595754
-6.904409
-8.115499
-5.253217
-6.161337
-4.420019
8.480337
8.359361
-5.159441
-3.944949
3.180222
-1.559250
-8.906481
-5.383468
-7.382527
-5.711201
-6.170812
7.249020
-6.147307
-6.733922
-0.652025
8.220497
-6.136797
-7.760053
-5.127082
1.321707
-6.770216
2.153405
8.165213
8.505909
9.378501
2.346039
8.345637
-7.492794
5.557080
-7.699831
-5.857419
5.510181
-8.533832
0.571460
4.117071
6.318183
7.283104
8.918313
-1.90928
-9.699828
6.456213
9.47249
9.754659
-0.209399
-4.661743
-7.796422
1.833931
3.911069
2.820593
2.173232
4.323398
-4.557659
-0.513068
-8.871190
-6.137934
7.691801
2.911534
-4.626420
-0.329252
5.609814
7.684290
5.893747
-4.264717
0.847386
7.213212
-0.511972
6.545496
-4.113240
-4.649871
-6.246316
-3.118755
-9.723403
5.107507
8.542080
-4.236519
1.368921
-2.735708
9.203514
4.683410
3.479637
8.314482
6.994991
9.111528
2.660809
0.514023
3.325456
8.786910
1.809919
5.537255
9.298170
-4.702479
4.467175
-7.486007
9.507339
2.894909
-6.894635
1.985783
7.262907
-7.806542
7.782911
7.471035
0.506021
5.578568
-1.345240
-5.831764
-3.274660
-9.559201
-5.453800
-1.129267
-5.785365
7.934434
2.374604
2.617220
2.806513
0.570588
-0.456173
-5.788724
6.838800
3.449023
-3.640298
-6.710795
-6.395697
0.678532
-3.528954
5.487006
2.931247
0.789014
-2.529740
3.932684
3.320739
0.476817
9.388305
4.561226
2.90499
-2.321364
3.601938
0.690529
-1.179041
-2.521276
6.846501
-9.940081
2.736450
-2.642917
-6.760349
-4.927963
0.199997
4.65327
4.312678
2.297202
9.435218
6.399730
-9.901532
-9.369026
-7.964392
-2.249288
5.194368
-7.763584
-0.229598
-7.638503
-8.439334
-2.952830
-8.172161
7.969280
-4.938117
1.169171
1.500159
0.533018
-8.958279
4.987686
-4.142516
2.269270
1.308031
5.511600
-6.522894
-8.134967
-1.243078
-2.596280
-7.743548
-1.513912
-0.237278
-3.316161
-5.182994
-0.739309
7.386837
-4.57266
3.32587
4.23521
2.760948
3.507172
-0.384342
-5.348146
-3.351413
3.566305
4.962102
1.25979
-3.894402
-8.132938
-4.725551
-8.695926
6.999047
-3.326484
3.947509
-7.170153
-3.22367
6.543398
-7.868213
5.239892
6.287418
-7.721636
1.605514
7.659980
-3.201193
4.444853
-0.130268
-0.127924
2.527791
-5.878808
7.204496
2.265803
-6.86254
6.566543
3.54816
8.451542
-7.806674
4.598667
-0.853499
0.981924
2.116882
-4.16626
-4.860732
9.680951
-3.287414
-5.143984
0.420814
-3.140270
2.845750
4.921821
-4.124725
2.741882
-4.494926
0.22077
-9.466963
7.547128
-8.223779
5.143534
7.917967
0.623923
9.107508
-1.122272
9.901316
3.47246
-9.126606
1.710563
7.767013
8.586278
8.283377
1.711809
-5.853499
-7.341680
-0.709331
-2.817184
2.378895
4.165526
-5.353766
7.331724
4.272374
-7.505116
-6.984473
3.318820
5.282743
3.854815
-7.89819
2.938366
0.947583
-1.341251
3.295607
-3.212266
-4.715153
-4.944478
6.506163
-9.817876
6.443216
1.508788
3.241508
2.924741
-6.628415
-6.668610
2.757136
-3.747492
-7.981358
4.684417
-9.673853
-3.361267
5.879480
8.131314
-7.415790
2.554338
6.535722
3.344416
1.331943
2.781048
-9.62897
7.783662
0.365357
6.271917
-1.844594
5.411699
-9.669145
9.364791
-3.926762
3.377574
2.51455
6.391622
8.423215
1.387741
-9.726294
-2.583641
1.112040
4.101331
4.782654
9.137367
-2.882591
-4.692179
-0.927399
1.467731
-1.477192
8.887926
2.221567
6.562894
8.223618
-5.568387
-3.894601
1.265157
0.463717
5.371990
4.261893
-6.978022
-0.448426
5.342252
-0.24291
-0.937656
-0.459921
-2.158895
-4.393495
-6.135992
-2.257776
1.517845
7.467135
-2.766742
1.968942
8.405445
6.213617
-3.276049
1.801274
-6.233042
3.39084
3.212946
-8.158905
9.582177
-2.562008
9.838368
-3.979644
1.396789
2.354960
-2.834226
5.239281
-6.315666
-4.41404
7.897625
-2.710230
-2.19861
-9.764174
3.952148
-7.709972
6.947495
-0.833412
8.625500
-4.841604
7.465211
5.263063
5.236808
1.791889
-3.625573
-4.530260
5.339928
-4.771268
-6.896068
-4.927274
7.23791
0.284148
0.270353
4.337126
-4.947759
2.15393
2.411340
0.969826
9.930132
9.124277
-2.110016
9.784976
-1.375739
1.902165
0.128429
5.523031
-9.795943
-4.927365
8.718005
-2.309714
-0.60448
0.435419
1.697690
5.600421
-5.451854
-9.361209
5.891450
5.866155
9.89295
-8.940587
4.863657
9.398650
2.313361
-6.394496
-5.495533
3.80585
6.132340
-2.127547
4.486976
-1.173465
-4.827641
-0.43170
-5.154084
-0.536122
-9.575097
4.432142
-8.630288
-5.481831
-8.914135
7.161559
4.533815
1.607705
0.335000
-8.413391
6.959650
0.458337
8.237955
9.739012
-6.311311
0.76850
1.976216
-4.389420
-9.715110
-0.266649
-2.987587
4.373459
-0.988498
4.514099
-2.45105
-5.101198
9.855841
-6.620325
-1.986876
-9.593227
-7.491851
-8.257847
-6.323357
-2.835022
-0.307376
1.621851
2.972710
1.893768
9.992732
9.604601
-0.175470
8.148639
-8.15147
-8.496599
7.364711
-4.414442
-8.755346
4.847288
8.596039
8.716710
-7.475950
-9.377698
-9.828119
-7.815709
-8.338217
6.473451
6.838961
9.257886
0.383254
5.718294
1.856233
9.288922
7.790562
4.200861
2.838489
2.43527
7.437826
8.994095
9.122455
-1.331990
3.743653
5.16562
-7.815709
9.188945
2.116518
2.479490
5.725009
9.92069
-2.944310
8.877771
1.125514
-6.163489
-4.402099
6.636758
-1.715880
-6.977682
-0.928319
-0.374048
-7.121812
-9.522161
3.842444
-0.906190
9.35027
-2.19515
-9.60517
-7.29225
6.969167
7.318169
7.70326
-5.864445
-9.548868
8.867248
8.352499
7.820332
-6.976043
7.936150
0.212849
-2.14796
-4.950413
9.964010
9.449712
1.16680
6.377460
-9.417799
6.290807
-2.712364
-5.176504
3.127898
-2.940594
7.736406
7.553845
-9.751709
-9.719835
-1.42306
-4.705935
-3.287589
-4.816495
-6.778170
-4.974433
7.991960
-2.211550
0.698421
7.803471
-9.428254
-7.360398
5.125003
6.658219
-2.172895
-7.200179
9.723188
5.189581
-9.565421
-1.383740
1.21999
9.414349
0.335244
-2.13400
-0.141674
-0.331612
3.556511
8.552779
-6.874260
-3.272663
-5.984176
9.51105
5.695737
3.205662
3.397374
-0.49044
4.167809
-9.229277
-5.477703
-4.611508
6.434163
7.890274
-7.340240
-3.425415
9.804020
8.648950
3.676737
-2.610568
-9.640026
9.330530
-4.614878
7.482365
-6.380044
-5.643159
5.768759
-0.414869
-0.913103
2.852675
1.302716
-7.621135
2.629651
3.796089
-0.204257
7.33542
1.5958
8.35230
6.170402
-2.95636
5.523857
6.998177
-0.97399
-2.288392
1.494134
-7.22161
3.846945
7.772505
1.931441
-0.549546
6.204683
7.536880
7.425722
8.453384
-9.651287
9.883125
1.308408
-4.212247
-8.493161
5.64251
-1.327250
-6.35817
8.360144
9.929882
-5.57473
-8.947174
2.116176
3.119492
-9.476000
9.388808
-5.953551
-7.694087
-8.124945
-2.859876
1.187274
-8.601272
2.640384
4.667907
6.972698
-8.486200
-6.241605
-2.992654
-7.243523
8.452637
-4.73380
3.240689
-8.386743
0.787248
5.203506
-1.612326
-7.594313
-6.476715
2.328055
-5.992123
5.947859
8.736384
4.304873
5.802205
8.347872
-7.417876
8.917375
-4.799922
-5.792306
3.503122
-6.308597
-2.912357
8.399323
-8.926231
8.677339
-6.625346
1.772804
-8.877670
5.416248
5.148411
3.43150
0.657492
-3.781182
0.768261
-5.955031
3.28648
7.117789
-7.333119
-2.151355
-2.416902
6.121885
9.246867
8.528233
-4.270855
-9.793290
-3.959764
-7.188151
5.912180
-3.931773
2.555587
-2.770394
4.917493
8.909243
-4.144967
4.67248
3.320721
-4.596140
4.633605
3.343491
-0.625693
-7.661327
3.493543
-7.263481
6.268675
0.793739
5.793704
5.813570
7.454774
4.83140
3.333670
-0.139619
-3.139224
-4.579354
8.988240
-1.669443
-1.383548
-7.639375
-3.592373
6.703777
9.421712
-8.269063
5.565278
-6.227852
9.198732
-9.106534
-0.534857
-8.804424
5.544079
-0.387428
-5.645257
0.8667
-6.622634
4.980701
-9.379052
6.86363
4.896373
4.151844
-7.633641
6.312891
-3.789086
-5.912248
-0.305644
6.624850
6.932869
-6.766997
3.763973
-7.823697
7.585545
9.674593
9.794618
8.367334
-5.694506
6.825062
-0.19558
-8.476727
9.303102
-7.33541
-8.472468
9.713020
-4.109919
6.341128
-7.415313
-1.471461
6.490273
-5.850801
-9.672112
8.850579
5.54399
7.400861
4.719207
8.798523
9.583762
-5.347864
-8.748382
7.234539
-7.540628
-9.979679
-2.342684
5.731542
9.337196
-4.954266
7.466438
-5.51865
4.51963
-6.486290
-1.380629
-0.5378
-0.910430
0.600958
-1.273629
1.38363
5.752640
-3.864477
5.812631
-3.120079
9.121270
8.37372
5.202612
7.704095
3.909976
8.572168
-9.5545
-0.277518
6.768655
-6.227338
-9.404460
-1.840648
1.31933
6.837353
-7.472096
-9.306064
-4.809875
3.933615
7.245502
-4.313850
-2.108599
2.526730
4.89974
-9.708760
-0.500400
-0.738521
8.461488
-3.938291
6.33409
-6.592175
-5.734670
-7.582162
8.688377
-4.772278
-5.21608
0.895401
4.933119
-2.173013
7.408951
6.893238
-5.885915
-6.791442
8.966820
3.476686
-3.642041
-3.451334
5.210628
6.246152
-9.975169
-3.675885
-5.178503
6.75269
-0.409267
1.786823
-2.916696
4.331992
6.254879
-0.663197
-7.978887
-8.784412
8.155597
-2.343464
-2.930174
-2.120458
1.686592
2.166538
8.939345
5.487187
3.466727
-2.286915
8.873693
-8.112977
-7.796209
5.406562
7.453425
7.546137
1.685088
6.564553
-6.430686
-8.291360
0.306109
-1.169787
-7.957664
-1.111711
3.386048
-7.246427
-2.24840
-4.976166
-4.279955
-2.915093
-6.665993
-3.720956
-1.907095
9.670936
9.649289
7.45099
4.508551
9.528048
9.74424
-6.614406
4.951262
-2.475037
0.298709
-1.734838
-6.706340
-0.666639
3.678225
-6.909834
-8.475075
5.771932
-7.124468
2.838792
6.84692
5.336184
0.737682
5.642532
1.846217
-9.340874
6.651724
-8.542372
8.927909
0.990682
2.967998
-3.766953
5.58483
8.8231
-1.661294
-0.526225
4.647424
-3.582962
-6.496302
7.306002
2.519805
8.952770
-2.823385
7.387046
8.277687
4.206237
-9.598883
6.414348
7.424564
-9.786703
2.823206
-6.135116
-4.574971
7.847748
-3.661388
-3.829404
-1.209023
1.968321
7.133318
-5.180980
6.552932
3.282580
-1.104174
-5.625253
-6.337696
-7.419150
5.428543
-8.980597
-2.174624
-1.23280
-5.348918
7.154991
5.426975
-7.955550
6.676818
6.352115
0.220382
-7.880503
6.746825
-6.276618
-5.740233
-9.993580
3.688128
-3.882495
7.457133
-0.557079
-2.44441
0.95539
3.711397
3.508983
-4.701981
-6.326970
-9.699235
-7.406598
7.107018
-7.621838
-3.402912
-6.362433
9.480996
-2.965931
4.840518
-9.453674
-8.476743
4.853052
6.21799
4.692506
2.733642
3.365588
-5.985199
-4.855654
-9.737218
-5.402829
3.846067
-8.271413
-2.561362
-5.173046
-7.696250
-3.175415
-0.222432
7.548699
-4.663198
-1.300616
-4.787921
-0.824350
-8.849204
7.453149
-5.290728
4.248501
-6.688901
7.125629
2.524615
9.726379
-5.700945
0.408706
9.219064
-2.186524
-4.487239
-6.371203
-5.236709
7.585308
8.239950
0.3261
-9.245366
-2.845037
7.590038
-6.41733
5.889519
2.313295
-2.37532
-4.251960
-9.537980
0.558792
1.615012
-6.43616
-1.152604
-1.307530
4.961545
7.921729
-5.920232
4.678658
4.322638
-5.893138
-9.149241
9.242838
-7.131689
7.551212
8.655227
2.447324
1.331411
2.544197
-8.670992
-4.984449
-2.971478
-5.910149
2.612796
-7.218513
-0.769033
-1.153875
4.202686
8.469351
5.722181
-0.982805
-5.842719
-2.400584
-6.216368
-4.442675
5.387036
-2.43699
6.818043
2.146652
6.257239
4.439740
3.619995
0.947247
-9.180686
6.968352
6.345107
-2.998882
-6.377000
8.810872
3.361049
7.731225
-0.389499
0.340051
-7.976680
3.461238
-4.979535
-1.849659
-9.225487
1.309705
7.604368
3.831657
-8.974377
-9.391600
0.967557
4.434970
3.752866
-0.791929
-0.595859
-1.15402
6.197212
0.398527
9.542735
0.282537
0.565179
4.54995
5.720339
5.939021
5.709923
-2.893694
6.850262
-1.907972
4.830754
6.491754
-0.231024
-1.57948
5.433766
8.338011
-8.136696
-9.571660
-2.436257
0.883910
4.713574
-6.448682
7.964482
-5.261236
-1.773913
5.255381
-3.497569
-4.612688
-1.132493
1.737843
-6.859969
4.525256
5.48943
-3.996211
0.422054
5.46811
4.809504
9.452760
6.870274
3.395955
-0.486833
-1.940958
-7.766435
6.194288
-2.315171
-2.46496
4.758980
-7.105671
8.141878
5.852913
-4.89983
-5.599366
2.313394
-7.229252
-2.91824
-4.707729
-5.815995
-4.914192
-4.647712
-8.632697
0.639694
5.12319
0.308534
-8.93633
-4.847475
-4.541171
-0.672476
8.116303
6.809059
-6.621020
-7.948140
3.309957
6.131077
-4.694287
5.161171
-2.395957
8.412437
-9.2296
4.271204
1.361041
8.641070
-1.201276
6.641024
4.790060
-8.361285
9.479227
-1.851615
-2.810796
-6.754610
0.363474
3.753732
-1.114136
-5.457004
-9.90870
-9.109368
-1.909029
-3.514673
4.598775
1.793992
2.425734
-9.598669
-6.777290
-3.787906
2.277945
3.458046
2.456678
9.218853
-3.640657
3.240738
6.806652
3.215793
3.592879
0.204594
-4.142906
-6.746932
8.377956
2.998855
-9.10300
2.706736
8.842772
-9.814588
1.343211
3.91833
-4.517459
-9.678255
3.232646
-7.573308
4.247620
-0.338004
4.638452
-5.607403
7.327174
-2.607760
0.720714
7.976685
-9.833721
-6.748498
9.456223
-6.113903
-7.478630
2.357055
-8.481324
4.444316
6.450627
8.675866
-7.866965
-2.401882
-7.795823
3.59089
-4.414768
-8.705632
6.746270
-0.912597
-6.296445
8.898923
5.947342
-4.157996
3.104194
-5.66259
-2.865843
-0.657752
4.565740
5.916982
-0.835590
-6.42278
8.30083
-7.632727
3.115060
-1.449657
-1.234070
8.979632
-0.527046
-5.906693
6.13833
3.364501
-6.601859
1.141929
4.386592
-4.164375
2.18016
6.394987
-4.919
2.582084
-4.567431
6.769756
6.571632
-0.953105
-3.72172
8.33026
-3.418278
6.610125
3.299021
7.534356
-6.749462
-8.263579
-4.635335
0.411167
-8.223802
-9.704653
-5.303376
-9.770395
3.568988
4.742555
1.714141
2.13932
9.490076
0.777138
9.533399
-8.629098
-5.261315
-3.448066
5.584339
1.671053
-3.322997
-8.591249
3.761918
6.439340
9.60270
4.213230
-4.414896
-0.116249
4.443766
4.180118
-1.376011
2.297261
-7.207447
-9.741903
-1.344502
-2.755398
-3.162892
9.903065
-1.229959
5.712563
5.126136
-1.184821
-7.902548
-2.802099
0.144260
-6.495134
5.967467
-1.338926
9.573930
3.256817
-7.58642
2.335106
-3.644753
-9.298557
-1.219508
9.984226
3.805943
2.615907
6.530366
9.25791
7.765948
4.159552
1.503866
-1.522687
1.957920
1.670419
-7.415583
-3.389007
6.461054
-0.378033
-2.368861
-7.76025
9.200698
-7.645430
-0.728671
-5.111034
6.287653
1.225997
3.781343
-3.43973
4.270706
3.36535
7.676566
-8.835553
7.328405
9.374630
0.474807
6.951230
7.387104
-5.345497
-8.368554
-2.189517
3.516996
-4.338505
8.209434
-4.571353
5.611033
-1.776761
2.908489
8.16326
9.478306
-7.663290
-1.163655
-2.696451
7.907109
-5.73356
7.273521
-7.827962
-7.962676
-3.459006
-8.877277
8.488196
7.328298
-2.590500
5.110357
2.216274
-4.799234
2.817691
-2.255580
2.500005
-1.412815
-7.846213
2.22420
3.974785
-6.525460
-9.916584
9.719510
-3.61625
-8.719689
2.118543
-3.790866
0.214964
-6.570478
-9.504711
7.230468
-3.171209
5.883938
3.191233
-2.888352
-3.970674
1.413557
-4.94280
1.501038
1.962129
5.584407
4.510932
6.441627
9.724782
-7.661736
-6.24421
-1.312842
-0.456166
-3.816960
-6.901291
0.716648
5.788492
-8.549759
2.236310
-0.393420
1.257128
-7.945979
-4.250839
-1.903024
-8.956660
-4.949163
-8.594648
5.580676
2.823891
0.482821
-5.478522
0.298021
2.871227
8.776068
-6.62638
7.660363
6.186353
0.635188
-5.481200
9.449171
4.717188
-8.793320
4.506762
-7.830032
-6.580090
-8.658227
3.813796
6.318936
8.756112
-0.361633
-6.528919
-4.515100
-7.266154
-6.549273
6.267481
4.377440
5.861015
-1.280152
-3.764582
-0.621844
8.334760
6.414556
5.159254
-6.440080
9.65808
3.66372
-5.134839
4.941210
0.120674
-0.703486
3.622467
6.594803
-8.930168
7.651676
-0.556656
-3.741549
-8.380936
-9.288613
-3.267163
2.105404
3.681319
-4.491125
4.82626
0.721975
-7.958445
-2.575871
-1.951691
-8.946922
-8.358068
1.949710
3.343693
-2.391129
-5.506576
0.849286
-9.892045
7.667957
-4.276099
-1.851309
0.818447
-4.330891
6.92126
5.208269
2.306826
5.317966
-3.409717
-9.622384
7.730220
5.114162
-8.579174
8.392420
-9.175656
4.126553
9.219886
0.570983
-0.869117
-5.621788
9.888515
5.137343
-2.798841
6.263781
4.449170
-8.247757
3.17966
4.782727
3.424029
9.801214
2.131295
-6.690372
3.329754
5.384241
8.217427
-8.405087
-3.155490
4.808166
8.681081
0.667600
-3.422813
0.676939
2.576844
-7.668999
4.894880
3.397438
-9.335931
3.930245
-5.751363
-5.184755
-2.852209
6.158591
-2.241246
3.415365
7.428379
8.278514
6.180823
8.185977
6.76702
-5.793379
7.137223
1.239529
-7.823374
-7.185807
8.743775
2.714703
-3.20032
8.331602
-9.941229
6.562696
1.347253
-6.750417
-5.932774
0.503873
1.132713
-5.714175
1.162049
-3.844969
2.693180
5.974399
-0.389732
8.791388
7.370664
-1.368804
-2.717527
0.845212
3.30374
1.486539
3.366982
4.297459
1.554999
-4.793177
6.767875
2.302466
-3.99110
6.901582
-6.940937
7.237208
9.154701
-3.634645
-7.756089
-2.866285
6.232004
6.269666
-3.32202
-9.619620
-9.262448
-4.639087
-0.594506
8.370941
-5.910088
-2.118031
-9.786157
-0.317836
-0.81871
7.312142
9.853861
-8.770107
-7.31067
0.520075
-1.50943
0.145965
-7.147376
-8.790347
8.410047
-9.105586
-1.778547
-0.853515
-9.116755
-3.206615
1.790446
-6.624337
3.607276
-0.938565
-3.920573
-9.585502
9.69325
9.601786
-8.371027
4.938850
-8.708902
-5.591270
-0.187633
1.833206
1.813119
6.758301
-1.464540
2.302051
1.524589
-4.195926
5.319784
3.979812
9.321974
4.493647
-4.285178
-7.622966
7.612597
2.32620
3.252901
-3.906547
5.683823
-0.891526
6.186697
-6.660262
4.767136
2.944246
-2.293445
-7.367707
-2.801522
8.449565
-2.799742
0.528252
-3.259069
9.696177
-5.156432
6.485656
6.442150
-3.6808
2.998032
-2.424060
1.29874
-2.102554
0.170969
6.40741
4.205516
9.466824
3.447632
1.760537
5.438159
4.766103
-9.134565
5.227367
-8.968739
-9.512676
-0.35790
-5.821571
8.814265
-2.823668
5.184783
1.248189
-8.947099
0.597606
6.727964
5.629946
-6.999728
2.993744
5.646704
-1.368056
-6.197312
0.648855
8.630393
3.688153
-5.441041
9.60027
-8.102203
-8.289437
2.572203
-0.430836
-9.109522
1.79124
-4.73043
-7.774898
6.379354
1.404205
3.329423
-3.707152
7.875314
-7.164526
-4.398457
-5.761890
1.503015
-3.601634
-6.139002
0.359435
-4.376528
2.706361
-6.859030
5.964888
-0.908342
-9.919410
-5.130593
3.172286
-0.732642
5.769055
-3.341551
-7.552333
2.690840
4.845625
-4.963878
1.155119
9.498474
-4.583338
-3.700960
6.230696
-5.93101
-4.101248
4.994993
5.649649
-4.229743
-0.166436
-3.188916
-2.832900
-0.216376
-0.961992
-7.461889
-3.576243
-6.44120
8.691845
-9.517012
8.427962
-8.860457
-5.945092
-2.854152
-0.352984
5.694291
2.735976
-0.30372
-0.268320
0.844501
-4.206441
5.25612
4.800487
4.663462
-9.282792
1.438229
3.706524
2.705276
9.913126
-5.12428
-4.232925
6.741052
8.725727
2.536201
2.905202
-6.311076
-1.215711
2.711703
-6.843172
-2.851019
-1.219553
2.409440
-5.313840
0.361495
-4.922907
-3.867414
-1.405657
-5.240910
3.436248
-1.743640
8.556643
-4.565348
1.795365
6.563535
-3.533320
-4.503863
1.429746
-9.501141
-0.939676
-5.658477
-9.702678
9.305202
9.723455
-2.166812
-9.687825
-4.708049
5.54912
-6.911421
-6.505631
3.713418
3.869449
9.193279
-1.127050
1.468252
6.94732
-3.445748
3.872364
9.329292
6.24738
-1.911303
3.732627
6.78056
-1.512940
-1.832643
-6.84349
5.834082
6.585705
-0.285316
-4.401352
-2.422545
9.974668
-3.309456
-0.699407
-5.900681
5.80089
9.925456
-0.661184
8.342185
-7.396231
6.328953
-6.370122
-8.389187
-6.579427
6.584245
-7.871892
-1.537102
7.25622
-0.758872
9.517089
-0.357715
-8.192054
6.752732
1.150510
-6.381976
-3.796125
-0.477306
3.292305
2.310475
-7.333484
-2.279036
-1.569676
-5.696424
8.452386
6.86024
4.981667
-2.252109
2.306454
8.805887
-6.125296
4.628208
0.676282
-1.639639
5.907467
0.575545
-4.228119
-2.737081
-7.155885
0.26505
-7.591462
-1.884196
-4.295128
-2.499960
-7.284127
-8.281787
7.423973
4.474106
0.942195
2.120545
-2.835984
-9.938348
-5.706672
5.226984
-4.228414
0.646994
4.85102
-5.40756
9.766066
-1.600190
-9.832664
8.588784
-6.529461
1.814627
-9.600271
3.310214
-8.3648
4.425045
-9.311486
0.818858
-7.6369
-9.432777
8.14984
-2.48117
0.32136
-4.767521
2.536059
3.278076
-1.951325
-6.530705
-1.653115
2.121834
8.907914
-5.201676
9.262808
8.319724
2.503067
-5.930642
4.126853
-9.374119
-4.788982
8.687755
-1.175573
9.298250
-5.354061
-8.459629
5.441521
3.819737
5.19321
-4.868112
-2.668616
4.459906
-1.674759
3.811808
2.951874
-1.643444
-4.654041
5.519724
-9.518569
7.634605
7.914890
1.496186
-2.500327
-8.867933
-4.767975
1.12318
7.887982
7.414387
-6.38527
-8.403606
-2.883745
-6.784278
6.792960
6.118068
4.574204
0.482725
-0.819613
4.59092
3.504549
3.724359
-0.70284
8.727290
1.671637
-4.578083
-0.774789
3.213629
-2.570751
6.983846
9.488989
9.637454
7.547494
-1.650352
6.958566
-3.456110
0.527271
0.456374
8.255739
-8.813347
3.543586
7.517687
-3.622904
2.775688
-4.760316
3.369749
9.754759
-2.489552
6.56852
4.759920
7.206906
-2.869653
-0.505226
3.700261
1.665695
-4.105871
8.598870
7.435835
-1.830393
-5.353297
9.21097
-8.806429
7.379451
-0.254955
3.632348
-4.437492
-4.159203
7.324750
-3.423213
0.193979
-2.999450
-8.350508
-0.313897
-0.479817
-3.173012
9.153798
-9.791924
1.358502
8.375787
-8.384279
-8.660252
-7.926962
-5.537712
-5.546784
1.138087
-8.493669
-7.719400
9.930503
-3.46461
-1.930371
0.935532
-9.83039
-9.695675
6.669242
2.258695
-3.96383
-3.136150
7.53551
5.173337
-0.402368
6.483681
3.900372
4.2951
-7.138019
9.785394
-9.634439
9.322602
-0.674511
-5.48668
4.820860
-4.375367
-6.888792
-1.771746
2.594645
4.904275
-4.355074
-8.473415
4.462347
-3.252373
0.922657
5.403571
3.146999
-1.235980
5.398894
-9.272279
-8.147533
7.637393
-9.361657
4.922933
-9.461853
-5.897138
-8.228821
5.357274
8.801802
-9.184071
-4.838531
8.366919
-5.608188
-1.269554
-1.883333
9.786739
9.871489
1.510025
4.506795
2.456446
-0.263253
-4.798641
-2.52378
-7.970459
5.837962
-8.61192
-9.76423
-3.30654
3.192571
6.444715
-3.575717
0.733112
8.70644
6.466323
8.810378
-6.597366
-4.240777
2.453080
-7.140605
-0.588803
9.498097
1.707017
6.615188
7.314444
1.107045
6.876323
5.409017
-7.609322
6.987261
-5.49631
-0.285582
-4.925663
-0.801219
-0.964628
5.386350
-8.420698
1.612514
-9.70923
9.310229
-6.555707
-5.735719
3.425983
-1.392315
-6.672655
-8.282382
-5.515522
-7.485793
9.950324
-2.362195
-9.862011
-8.38577
1.422692
-9.205023
7.33462
6.706100
4.362688
-3.363195
6.149344
-3.846809
1.926498
6.470748
2.765141
-1.735341
5.215270
8.653206
-3.468203
0.564606
2.587635
-0.575508
-1.871159
-5.546647
-7.821339
-5.637570
-6.904007
0.809657
-8.120550
2.868560
5.572184
-3.665394
-2.26737
-0.1872
6.662081
5.946408
-6.543525
7.519597
4.580725
9.605949
0.958464
-6.303968
2.521972
9.506272
-3.760320
8.532906
-3.75722
-7.604039
8.287415
-1.594054
-4.121266
-3.940334
-8.626766
-0.600777
8.892662
8.323760
-9.564345
4.518424
9.995654
-8.116585
9.782481
4.49174
9.614762
6.22334
6.790115
-9.580185
-7.338954
-8.642651
-9.494520
8.991638
4.772659
4.763343
-0.300362
5.422041
-0.601947
5.149458
-4.564776
-9.956326
-9.411795
-5.767656
-8.101610
-1.51276
1.40636
5.245514
-3.750334
-9.964111
0.210605
7.86867
-4.594968
-2.246915
9.159293
8.114585
-0.678316
-6.497953
-2.79478
-9.729359
-4.511429
6.313699
5.229763
0.786845
-1.492937
4.604345
-1.917117
9.215263
-0.437177
-6.184806
-4.123961
-0.335769
-5.776556
8.341767
-4.831760
-8.831795
4.909498
1.105507
-8.181688
6.404726
4.222380
3.394313
1.491038
-2.623877
-2.39743
-8.897931
-2.829378
6.512399
1.961299
5.255558
-6.124534
0.79657
5.467330
7.964
5.983756
-6.424996
2.445381
9.962027
3.190198
5.599775
3.859214
-3.92474
-9.184382
-5.878789
-8.550166
-6.30275
8.150909
0.821568
1.664111
4.376578
-6.847343
5.298787
-0.674278
6.948503
7.261691
3.686289
-8.603878
3.392890
6.533022
-6.534628
-4.653266
-6.13471
-5.211252
-5.230290
9.555197
9.169731
4.531591
8.53454
3.213700
-0.718879
-7.652413
7.906222
-5.56427
-2.320114
-5.576073
-8.890822
-3.294636
-8.454777
-4.676460
-1.656502
-9.771481
3.352389
8.730716
6.580740
-5.850965
0.835786
0.221491
1.611960
7.432786
5.184287
-2.950148
-2.350931
-7.916460
-0.374338
-8.954855
2.696858
-8.286428
0.771510
2.721909
6.834974
4.862288
-2.939912
1.974069
6.570242
4.532192
-7.435994
-6.688822
-8.101665
-5.129299
-5.964537
5.263881
6.798814
8.954427
-2.945086
-6.351530
7.541077
-5.865865
3.547385
-1.713950
-0.798346
-5.17563
-8.805399
3.29137
0.637941
-1.6149
-3.88617
-3.98554
5.806037
-3.15280
-1.448192
7.456099
-6.901289
-1.207322
-3.897325
-0.25186
8.639451
-6.176114
6.840350
2.250175
9.18536
3.142675
-1.886473
9.48744
-6.100268
6.986130
6.57860
-7.856536
2.248023
4.296057
-8.198238
-4.752912
-9.10345
-3.743234
2.529772
5.491549
9.667417
5.662347
7.58539
-1.178384
2.69864
9.148469
-4.386648
5.685692
-8.769274
1.51071
4.556271
9.957028
-9.429457
-6.330260
9.909612
-2.218753
-9.884008
-1.340905
-0.89133
2.778016
-4.877332
-4.444941
-3.853733
-2.351729
-6.234988
-5.734452
3.86681
0.818373
-0.189113
5.728675
-3.961312
-2.521736
1.621352
-7.285994
-3.726750
-3.529838
-4.811021
8.989653
-4.235074
8.832909
-5.350582
7.860716
-2.803987
8.642556
3.673979
-9.840572
-0.361088
-2.119536
7.973173
-9.11131
-7.527778
7.884095
-6.557727
-8.402407
5.253513
2.862384
-9.963474
-7.159816
9.786135
-7.547897
-6.657424
-7.108734
6.423562
2.223260
6.310175
-9.927409
6.88448
-4.637018
8.46419
7.551727
-5.534905
3.313833
-9.781929
5.259534
8.872850
4.328562
4.467240
-1.649974
-7.29004
-8.61151
-6.273898
2.678672
-1.708623
-3.405128
6.686946
7.323942
-9.662149
-7.665040
8.525137
-6.544927
3.755955
-5.331998
3.381789
-2.845242
-5.461971
-8.542150
-6.13189
-4.479888
-8.579266
-7.357742
-0.399747
1.723835
4.160190
4.490742
1.491377
-9.34945
-7.482713
-6.269217
-5.77136
4.451825
-3.938085
-5.326166
5.811092
6.101487
-1.118830
0.550069
8.235498
6.320914
4.504062
-8.310078
-7.283891
6.697808
9.851123
-3.674681
8.13725
-3.330225
-3.682683
-6.600641
9.47635
-0.635636
-7.722385
-1.707631
-5.347913
-0.770716
-6.499486
5.509249
-1.867654
7.24711
2.798692
-9.750383
-7.364312
8.578565
7.235660
-2.663043
-9.478551
2.801016
-1.696859
-3.401579
8.752441
-9.769861
6.280268
9.83906
5.394935
4.548128
-1.250869
-4.531
-9.160044
-1.895739
-5.808258
-2.461587
-4.7716
-8.136325
-9.104102
3.226256
9.306207
9.359793
6.896265
-4.299628
-1.594593
-9.96206
-1.71200
0.400241
8.145540
1.91815
4.385757
-6.505916
9.286014
-9.422910
-9.801831
8.691571
-5.378342
-0.658764
0.616744
4.647217
-4.298311
-5.337247
0.280909
9.289340
9.741929
0.995990
-1.480405
-0.235596
-3.914238
6.104083
-6.547737
4.100465
0.89355
2.443376
3.945805
8.707587
5.824928
-7.369029
-3.772834
-5.149180
-5.622586
-7.95162
8.556472
-8.325235
-0.824360
4.855680
8.627118
-8.517015
-5.216840
1.343337
-2.27373
1.83610
-4.365648
5.670748
-2.288250
-4.960085
6.714945
-5.516885
-6.117853
-0.915734
-5.47317
-9.576690
8.87966
9.670501
-7.800375
5.907042
-6.698088
7.998443
-3.726192
1.105112
-9.833439
-9.533761
-0.301239
-2.725050
-3.614077
-4.825384
-2.214653
-7.925352
8.958146
2.78929
-1.631040
-0.125500
-0.678622
-6.656054
5.244897
-2.733401
9.114355
-7.586353
8.698983
-3.537396
-0.50029
-8.284199
8.849301
8.316949
-9.873997
-8.320819
-4.564459
3.819356
-5.600306
4.117149
5.507701
5.89049
8.427659
-2.824770
2.489079
9.583719
8.417724
5.722097
6.938544
-1.508859
-2.544674
4.677031
8.31430
3.802844
9.130976
3.777075
8.990896
-2.886793
-4.51119
4.215563
3.401167
-5.657962
-8.302850
1.701485
4.654464
8.68489
-4.748027
3.773889
-0.998135
-4.504719
6.443494
-3.322161
4.229770
4.626683
9.304968
-1.302758
-9.203774
-3.909388
-0.174400
9.421004
0.674411
9.479294
2.545390
7.871425
-7.292946
-6.424577
-4.559747
9.689350
6.216533
1.676062
-7.316204
-7.505424
-1.450738
-7.938646
5.703335
4.399271
-2.611295
-7.603787
-9.150635
2.249976
0.955585
-0.194605
-7.289196
-5.18186
7.459201
-8.982617
8.858490
5.323297
-4.286426
7.922279
1.168211
-2.182281
9.476489
5.596224
-8.929263
-9.768553
-2.538671
-4.315716
-1.305391
-5.724228
-6.764641
-5.742836
0.164235
2.512282
-0.209271
1.507592
0.773814
-8.684640
8.294801
4.787637
1.929475
-1.675902
2.737875
-5.888237
1.661528
-3.549651
-9.502521
6.411332
9.599380
-6.385796
-2.692859
8.688780
-2.72192
2.835937
6.92591
1.255064
8.124615
-4.207211
-9.851273
7.845839
-2.464193
-6.438274
-5.510916
9.879060
1.54988
4.731619
-7.449250
4.981694
-4.13593
5.356100
5.313204
-3.330733
-2.84588
-4.345350
-8.484903
-2.681127
-1.483675
8.427771
-6.408395
9.57632
1.761278
-6.728543
6.131855
4.76112
4.397250
-3.704212
-2.768416
2.714476
9.749604
0.725073
-5.3074
-2.47800
-7.813878
0.812224
-5.921899
-3.230594
8.953578
1.56453
-6.520912
7.393254
5.29579
-0.259444
9.413581
5.609283
-3.191900
-3.129983
5.137363
8.697716
-4.238813
7.201752
-2.644167
-2.843688
6.45209
-8.380586
5.409579
5.78494
8.575191
-3.184439
-9.137066
-9.666323
6.529987
-5.698429
-9.284857
-5.70446
-5.383771
-6.179437
1.688037
0.863150
6.277581
-4.935890
7.780389
8.840656
6.376135
6.833112
-1.304518
8.14956
-0.94409
-4.163890
-0.953818
-1.186654
6.64152
0.746830
5.594728
-8.653056
-7.302400
-0.468690
-9.230420
-8.195487
-8.31977
-0.393308
4.462156
7.768508
-8.10794
-6.506574
7.293592
8.304674
5.686553
2.676323
2.137134
-9.830214
-0.240510
-5.115707
2.845517
7.289723
1.314143
-5.706941
9.999427
-4.802361
7.279633
-8.901414
-9.338006
-4.169913
0.143965
2.887595
-7.537506
7.428804
2.997473
2.506639
5.151789
-7.448547
2.339278
8.737082
-2.959525
4.501047
-3.384576
-5.420056
8.395808
9.31090
-4.518577
5.995404
1.808137
3.713637
-8.311259
1.479225
9.507258
-6.225853
8.341952
4.371333
-0.632709
6.405715
-2.108116
-3.77919
-1.1389
4.22493
5.512472
4.557890
-9.587551
4.82575
9.65955
3.722184
-2.983456
-2.705401
-7.141455
-4.734789
-6.19156
8.379132
-4.718421
-4.465535
9.167916
2.827790
-1.473264
9.912477
-5.859064
3.140638
4.752776
-0.686385
6.683669
5.602934
7.331863
-9.503167
-5.522561
9.14512
7.540587
-9.651233
-1.336237
2.140777
-5.139095
9.402390
-3.529590
2.586649
2.328457
7.738468
9.522085
8.337115
-7.434698
-0.317640
-1.881425
3.360827
9.221380
2.147354
3.450187
7.635846
-3.584106
-9.703086
7.617073
3.595195
1.323838
-2.486671
-5.719332
9.353685
-2.925600
2.957640
2.947963
-0.986214
-3.690922
5.431027
-9.347308
0.95212
-9.77130
0.306299
-7.885721
-2.660205
-5.368219
6.531850
-3.4563
3.737410
0.531679
4.301500
2.924051
2.104361
-1.538840
-8.644972
8.607659
3.494655
2.525398
-4.833313
-7.497244
-8.841028
4.384042
0.329266
5.546737
1.478408
-4.565566
7.788879
-9.134561
-7.809887
6.245884
6.306213
6.602437
-9.211688
-3.956615
-9.690237
8.621813
-9.86860
7.649932
3.799239
5.304897
-9.182233
-4.765451
-3.462250
-0.409695
5.630275
8.801665
-9.531526
-9.314513
3.708729
4.31134
9.778974
-0.825980
-0.556195
8.298885
-3.633493
8.5721
-6.13841
-4.963082
5.988007
9.382151
-0.424103
7.420075
8.972505
-9.325785
-7.436530
9.994978
0.139294
5.956339
-6.612396
-6.906705
-3.176867
5.88765
-0.440553
1.210834
8.292951
8.833532
-0.634242
6.226608
5.957846
2.20335
-2.445208
-5.560495
5.192177
-8.896449
8.488547
0.601966
-9.758778
-5.972824
-9.239892
2.31636
-9.730208
-6.792415
-8.121980
-5.207760
-6.375540
1.61850
6.778022
5.146997
-5.641466
1.906530
-2.816190
-3.96368
9.803127
7.409722
2.643341
9.280582
-1.671330
-4.449827
-1.359034
2.840445
1.430747
-8.607852
-0.899552
4.563431
-0.946884
-6.603865
2.103636
3.754032
0.11525
-4.632359
1.648170
7.305518
-4.913170
-8.76754
7.36734
-6.685002
0.50705
3.944568
6.513588
4.915585
-7.540736
9.237935
4.587200
5.908008
-6.126435
2.402174
-6.499454
8.122309
2.204216
2.620560
-2.211787
-4.441348
4.400745
5.505880
-5.836538
9.823251
-5.618939
9.810887
2.669479
4.722594
5.569886
2.408582
-7.511496
1.824504
-6.424359
-1.864148
-7.345225
-2.401944
-4.11577
-6.204063
8.894989
9.141441
0.697708
5.667342
-4.958350
-9.213521
-8.351381
7.871383
-4.412189
4.178015
6.822125
-8.39954
0.305554
2.19671
-9.688185
-6.663987
2.253975
5.109792
-4.558678
-1.270112
-1.483040
2.283700
4.47970
9.352755
6.989854
-6.416330
-7.12684
1.124141
-0.152646
-8.626127
3.265000
3.447902
9.348978
-1.665938
5.582474
-5.573290
3.368259
7.318762
-7.296182
5.745412
6.328115
-2.899120
-8.498381
-4.431453
-8.750710
7.111635
7.727271
4.335240
-2.561687
8.481642
3.881571
8.760865
7.886873
-4.823917
2.957457
4.760995
-0.167212
6.221498
5.15290
-6.250290
1.36273
-4.670943
8.85850
5.662677
5.551009
7.366025
-5.197367
8.896944
9.299869
9.218677
4.398780
-9.168295
0.942693
-3.253060
6.498145
9.977714
6.287052
-0.669780
1.461140
4.255521
7.18215
6.147145
-1.403175
6.189530
-8.813777
3.782428
-3.340126
-0.170437
4.494858
6.361384
0.503953
-4.475192
5.946043
1.518709
7.372219
-0.57582
-7.457175
-7.768365
7.920801
9.698000
-2.834990
3.763256
7.651093
-8.957546
-2.935675
-2.599977
-1.411814
-6.690943
0.590792
4.572501
2.924296
3.664391
7.907229
-3.605039
1.431001
9.231596
-8.756547
3.378685
-6.752095
1.920691
7.213153
4.649786
6.705783
6.843539
-9.581762
-0.292671
-9.550201
3.295175
-1.845013
3.604166
-8.270634
2.195758
-7.659146
1.311892
8.111542
-7.26474
-4.656665
6.897579
-5.472862
1.973307
-8.487767
8.940539
5.512366
-9.626829
2.888968
-7.762487
7.962632
-9.762300
-6.540178
-9.564711
-8.240240
1.812620
4.415287
3.270376
5.737778
1.915607
3.612887
1.863466
-7.478873
8.820472
-5.8782
-0.281733
-7.384139
-0.942442
2.301240
-5.572073
7.781417
3.618640
-9.464969
4.793267
-2.609545
-2.885217
2.560824
0.665084
-7.824827
-2.961724
8.838263
0.417076
0.976815
3.574011
2.257023
-1.298795
-7.511948
2.311768
1.1337
1.285729
-4.629608
6.645860
0.681600
-1.248405
-4.166747
2.961760
0.431529
-0.443841
-6.490194
-2.839125
-3.95411
-8.40469
-8.292939
6.834143
-8.973699
1.321154
-1.761724
-2.372586
1.302472
9.925266
7.686340
5.940308
3.620598
5.704027
-2.764605
-6.575708
4.919779
-1.857823
3.185256
-8.903416
0.814383
-5.580471
-0.331186
5.264482
4.145114
5.656183
-8.275799
7.435493
0.95456
0.262236
-6.258606
2.729034
8.681284
4.441001
-0.842328
0.858963
-1.328414
-3.496051
-8.250814
-0.895174
8.870750
2.380234
-8.847582
1.442448
8.868860
2.891423
8.85844
6.404607
-5.705535
5.173886
-9.229426
-1.170188
8.125699
-1.394440
-7.789951
-4.940993
-4.536453
-0.335780
7.290817
9.497022
-4.216631
-2.740955
-5.766323
-1.523076
-7.452215
-5.396069
5.246305
-0.814985
-5.114513
-7.395702
7.70078
3.8392
-0.107230
6.697821
-3.771670
-4.681285
-7.834442
7.316985
-5.533520
2.738639
-2.589876
-6.833009
4.154580
8.196638
7.837273
-6.382788
3.290527
-9.96944
0.137819
5.220321
5.357826
4.250612
6.672338
9.872976
6.408306
-2.730542
-6.752107
5.719306
-8.963477
-2.115484
-8.571029
-1.916544
-5.676772
1.958943
-5.460879
3.986954
-9.702100
2.473465
1.134386
9.702030
-1.431388
-8.428689
0.43294
0.946135
-8.850203
-1.560066
8.974866
-4.901480
7.920502
-7.202453
-3.451304
-1.57585
-2.271907
-8.250257
5.898315
-5.624388
0.159018
5.254313
7.145930
6.313700
-6.873105
3.395176
-4.829161
-9.335479
-1.389426
7.451881
1.26151
1.814336
-1.322606
-8.168994
-6.55530
-2.929956
2.737312
0.4541
8.710482
-3.221691
6.581882
8.282273
5.740697
5.877655
-4.411953
-1.794895
-5.600419
-1.100432
-5.545190
6.382065
-9.202741
-6.682590
9.108627
0.110432
-7.34409
4.237310
-2.147017
-9.76339
0.877106
5.938744
-1.196784
-0.710080
7.809321
8.817113
-7.902450
0.153566
-9.500418
-8.196670
-0.246862
3.361477
-2.278558
3.96341
-6.97098
-7.537878
2.779985
8.784428
4.313397
0.17
7.428368
2.176343
2.626007
7.463751
5.404867
3.74336
-5.66238
-0.447686
-0.972343
-3.270873
5.968673
2.426495
-5.615789
-7.216987
-0.972872
-3.209117
-5.226484
2.443775
9.530907
-7.988300
1.45328
-7.432500
6.27645
3.625675
2.290225
-1.667451
7.262526
-3.371788
-7.812369
5.414018
-8.144050
4.979887
-7.97874
2.640369
-6.554771
-2.278653
-8.402702
8.476805
3.981352
-5.888687
0.986035
5.758421
2.632341
-7.223583
6.781840
3.796334
-1.959832
5.15170
-9.922475
-6.179951
-0.324953
5.402811
-8.362375
-9.747644
9.667941
-3.962546
-1.266208
2.874155
-7.158177
7.446993
-5.154623
0.941469
8.303769
-6.339399
9.721430
-6.488283
7.467667
1.29579
-8.683528
-0.410868
-7.100285
7.737815
9.114583
-0.862931
-3.206442
-0.443308
3.886216
-6.11349
6.317527
2.759929
-3.518506
9.950916
5.943617
-0.375337
-6.993720
4.499412
6.338607
-7.777513
-9.239342
-2.333214
-0.55179
-6.43508
6.756023
4.12845
-4.637021
6.899038
8.254474
9.720054
-9.325355
-8.753907
-7.932930
-5.446356
-0.64704
3.902559
-2.855555
4.97431
-1.620551
-5.311132
2.664171
-4.29900
-1.684599
-8.630424
5.367347
-7.322632
-7.355264
-9.8021
-0.263962
8.978047
0.444141
-8.385235
-5.683599
-2.361707
7.495772
4.874521
5.994449
-0.525280
9.849700
1.254889
5.977251
-1.825791
9.554416
7.128760
3.478827
4.185674
-9.668211
-8.265641
-1.624452
7.365195
3.282651
0.73694
-6.768226
0.50845
2.68328
9.704374
-7.765263
6.638963
7.333496
-8.112824
3.504049
-9.434961
4.807147
-0.820559
7.320552
1.835601
-1.240228
2.561586
8.808603
5.863683
-0.981716
-7.656305
-9.713242
-7.223294
-0.798871
-3.951504
0.866867
0.213171
-6.772410
8.685387
4.800947
1.950797
1.175926
8.760914
-3.272956
4.780382
-4.471212
6.143415
-4.919601
-7.649619
4.962645
7.362728
7.284829
-2.52447
9.486143
1.906467
-8.665374
-3.519442
-9.30259
-7.6426
-2.827980
7.476637
9.641407
0.519179
6.849600
-9.431541
-6.732860
8.620423
-4.823754
-4.115263
2.663985
-8.819925
1.501174
6.432716
0.859113
7.86024
3.377481
-8.237399
-5.325545
-1.45169
-5.562242
-0.355760
5.304803
-6.177849
9.60049
-1.953898
7.765864
3.677672
-4.725117
9.454810
7.356825
3.775496
5.703811
-2.299529
-8.81830
6.900314
-9.186521
-3.706017
-8.562871
-1.613543
-1.456942
7.757055
-1.882863
0.302835
1.482393
4.280650
5.783629
0.885165
9.822655
5.921646
-5.743659
8.850936
-0.115589
2.842422
-8.209283
3.825279
3.611604
-9.850474
0.735913
-7.509390
6.625715
8.441714
8.765586
0.784790
8.315209
-2.955024
-7.604549
2.966659
-2.747369
0.58608
-4.481215
7.988483
-9.853821
-3.476444
-8.642834
7.351738
-8.883806
-3.55370
-2.235245
-7.246085
-3.525889
8.334668
-7.7008
2.207553
-7.746021
-4.348049
2.871619
-2.895632
-1.786914
0.314084
-9.470179
-1.397267
-0.53414
-1.720558
-6.667137
8.208361
8.815606
6.93420
4.492112
-8.791754
-6.534603
6.201874
2.331106
-0.743418
-9.947956
1.71204
-3.497604
-5.594610
-8.933945
9.267205
4.807771
-0.114237
3.521271
2.552233
9.898324
-5.305566
5.154711
-1.801026
-0.656496
0.508035
-7.702431
6.709863
2.411246
4.892698
-4.391129
0.573677
3.648702
1.464516
9.598186
-4.574528
2.185297
-5.448744
6.599446
-3.968510
3.299354
-7.56286
-0.794160
3.526931
-5.849210
-4.211294
-0.880388
7.664263
-0.709862
0.54807
-0.734980
1.165057
-0.166957
-3.411743
2.184088
9.656842
-4.370744
-7.995522
4.790094
-9.133004
4.466006
7.663878
7.333000
6.122075
9.979267
1.535466
-0.365200
8.653768
2.366264
-8.585784
-1.313540
6.365240
9.280817
9.370783
-4.678422
-5.569296
-3.738346
-6.615016
-0.347219
1.161167
-7.628021
1.482759
5.374088
-1.501669
0.760893
-0.852201
6.432434
4.388690
-3.232843
-8.238634
-7.571773
0.698266
2.798343
0.205004
4.40324
-3.832626
-7.84672
0.710719
-7.364534
-7.928734
-4.989103
5.375533
-7.453265
9.19468
-9.444924
7.924409
3.510867
8.975347
6.932866
-6.730643
1.562549
-4.56606
3.211925
-5.402595
-4.646636
8.704943
0.946069
4.802447
-0.695473
-1.857990
5.44983
3.344579
5.938692
-5.658370
2.708616
-6.129756
0.754416
2.183621
2.160793
-9.534114
-2.748671
6.277215
6.11630
-2.437887
3.542750
-3.320198
6.661938
8.111541
1.160705
-8.742296
7.586958
2.289944
8.907861
6.168985
7.959561
6.926224
1.806622
1.30472
6.916573
6.193104
-9.201701
-5.536405
8.541795
1.640212
2.39081
7.447019
-9.477430
-1.401084
4.401600
-6.672477
2.747828
9.376325
3.835183
-7.652384
9.782169
2.767286
9.444287
0.958758
-5.454944
-2.93550
-4.616873
-0.644574
4.950247
-1.958105
4.869836
8.612299
1.144420
4.272823
-2.27978
2.842812
-1.394077
-8.432529
2.978223
1.89306
4.405990
-9.483708
-2.769479
-2.257086
1.314908
7.377250
3.632941
4.346161
9.893235
-2.109346
2.163230
-1.353409
-8.479873
-8.954206
1.767869
5.859456
9.355221
-4.355685
-6.538127
6.820089
1.708734
8.557545
3.11525
-0.698744
5.924727
8.201102
1.370681
7.376597
6.102324
-0.591492
-0.384353
3.919601
-5.197297
2.986919
-6.545555
-9.704463
-2.357247
5.620494
8.389423
-5.524563
-4.167966
7.966509
-7.306306
3.150878
2.487136
-9.566597
1.765070
4.954127
-4.489455
-3.425533
-2.582449
6.152587
2.242546
-7.831149
-2.649844
-1.590653
4.403736
-6.427070
3.69957
4.951072
-1.629204
-4.37762
-6.579997
6.453204
7.677008
-4.764260
0.935774
-9.581503
5.289236
-6.997452
3.714364
-1.640640
6.226439
-9.778065
2.995454
1.849390
-4.422823
5.480822
6.493867
7.467765
-9.828050
8.157171
9.640419
9.3989
-5.111733
0.97145
-5.583581
-7.458426
1.181454
-4.822623
1.816653
-4.341803
-5.403132
-8.129693
-8.458338
2.582429
-7.782576
7.478203
-9.767165
8.971401
-5.88364
2.832418
-0.844203
-8.382863
7.710111
0.854106
9.631533
2.14273
-0.450442
3.466613
-2.530550
-5.953952
-2.926694
2.572845
-8.412744
-2.558126
-7.106136
8.673058
3.233670
-7.936724
2.153898
-1.701845
-0.922369
3.734954
-1.269292
0.500074
6.526081
-9.129889
-3.306055
-3.821742
9.681057
4.939658
4.979021
8.610644
-9.250095
-4.123837
4.569625
4.735344
4.151619
3.268893
-9.586482
4.634936
6.884560
9.778400
-5.372949
-4.597304
6.9590
-2.232297
8.938481
9.878166
-5.988076
7.454812
-0.463868
6.486669
4.709114
1.433199
-4.158997
4.412589
-8.356570
2.264289
-9.990194
2.731694
-2.428446
-4.59473
-6.751769
0.755431
0.194295
3.670691
0.887259
1.511972
1.330073
6.928046
-4.973530
1.834734
-8.322762
-2.810565
-6.895445
0.619698
-5.215621
-8.621694
-2.232437
3.519574
0.454268
4.533091
-0.726362
-8.259546
-7.565842
1.353304
8.518169
7.933359
5.346812
-1.297777
1.517950
3.919424
-1.594376
-2.294577
7.259104
-0.714958
2.332828
8.999975
9.744723
-8.897144
-2.385286
-5.215381
1.222165
1.212047
-5.511944
5.533655
0.413229
5.366287
-9.47229
7.655787
-4.744239
4.283206
-7.805779
9.38320
-8.756727
-4.43195
9.734675
1.382042
1.402303
-3.658622
-0.448777
-3.839773
-2.718330
-5.227882
-4.630300
-1.733746
3.736826
-4.488719
4.989402
4.467246
-2.335746
-2.496542
9.165014
7.79679
5.452585
-3.312028
8.675311
7.472015
0.584780
6.577186
5.105020
-3.912523
4.315604
-8.603691
-1.847808
-9.804684
4.517512
-8.237321
2.829801
7.729960
1.563715
0.328901
-3.832585
2.825803
1.536437
7.111138
-3.767302
9.307163
3.186735
-8.911774
-2.949526
-4.635736
-1.499652
2.706286
-6.818967
-0.839336
-9.79422
-2.181831
8.167636
-6.621617
4.120959
-2.770683
-8.516016
2.156210
-2.294956
-0.329118
-7.30677
-7.466201
1.356660
-1.48206
-6.787153
-6.137215
5.943645
-6.522678
-6.249172
5.659564
0.348642
0.116411
-1.753682
-0.479896
-9.174122
-4.302238
-5.16334
3.332412
2.956760
8.708345
3.459208
6.772418
4.862511
-2.897123
-8.497872
-0.302069
-6.80396
8.348869
-2.296403
-8.701602
-9.409935
1.968433
7.843297
7.423891
-3.758422
3.634042
1.704318
8.429249
7.331511
-6.176630
3.624169
-6.539122
1.37901
7.390540
7.560583
-3.271208
-6.308302
-7.204550
-9.808717
7.593915
7.752139
5.258947
-6.886759
6.14436
0.55455
-6.507688
6.189556
-5.181455
-4.348607
-7.987414
2.315832
6.260147
7.305145
9.777771
1.650974
-7.650470
-4.443007
4.249254
3.498460
-2.522138
7.529620
-1.661429
-5.973038
7.985997
8.607198
-7.913578
4.176344
-9.703798
-0.216843
-0.524196
5.736123
-1.121117
-9.421772
-1.557551
7.26540
7.916897
8.252663
-9.223394
-5.494195
-1.962727
-7.583702
3.705656
-1.588735
8.570788
-3.913236
-8.783403
1.348113
-8.50373
5.172140
6.179171
-3.626308
6.559523
-7.640246
3.841515
8.182030
5.752638
1.983269
-2.566619
5.206486
6.603363
6.797796
8.558614
-7.6934
2.564527
4.305297
6.739432
0.332885
-7.821967
9.946424
-1.200452
-4.546778
-7.85457
3.522144
8.478278
-8.491945
-0.992731
0.764041
-1.670340
1.245649
-0.178460
1.164296
9.829465
6.217139
-6.516619
-6.53070
2.8520
3.651961
-0.483012
-7.584646
-8.646996
-1.789777
5.327139
6.817695
3.301083
1.341831
3.728884
5.750729
-1.740251
-9.519418
-4.551006
4.35468
9.35933
1.154212
-4.912447
6.788918
-1.791922
4.914189
2.919762
0.478981
9.353848
3.722822
7.266553
-0.814506
-8.583820
-4.123819
-1.971220
4.650896
6.814808
-9.462320
-3.178079
-6.641785
6.126862
4.476803
4.25653
2.74497
0.481518
2.8304
-3.372880
-1.348202
-9.453687
-6.240343
8.776342
-2.613968
4.391083
6.536485
0.355445
3.672589
-5.885754
-2.431056
2.303827
4.341563
-0.816144
-7.445066
-9.591892
5.324090
-0.281832
3.919986
3.438503
-4.619487
6.441612
6.82956
-4.701656
3.424576
-1.728517
4.639134
2.230924
-7.18110
1.492643
-0.543757
-4.519654
-8.390372
5.912608
8.346352
7.338275
0.763110
-5.673692
-3.941820
-9.756433
-8.970583
5.48030
-3.776248
0.529505
5.607593
6.488282
-6.763464
3.273581
-3.784115
-4.247754
9.619355
4.485700
-2.804753
7.175823
9.816918
4.668966
-5.460485
6.830608
-2.526613
9.566610
-0.443241
7.700265
3.890040
0.402937
1.667918
8.514983
6.798758
-3.798707
-9.672169
2.393668
1.235991
-6.653368
2.210181
2.199031
8.665775
4.701653
-6.827651
-6.807234
4.913983
7.964717
3.207191
-8.260759
-0.611121
-5.95736
9.374074
-1.295758
7.46106
3.85604
-8.244860
2.50488
4.618153
2.842041
7.971473
-6.380138
9.503677
-6.10009
-9.930468
-3.63813
1.208751
5.70155
9.8989
3.326653
-7.643811
4.719699
-7.236998
-6.894187
-5.876566
-0.44491
2.172492
-5.723610
5.146209
1.163832
-9.37239
-9.893903
-0.345912
-8.250988
-7.453945
6.968186
0.428370
-5.46655
-5.906233
-8.625256
3.45765
3.139235
-1.802155
-1.54555
8.906444
-1.288290
7.296610
7.656507
-6.921784
5.617782
7.71156
-9.474771
6.515624
-7.947065
7.179633
-5.606246
-8.271395
4.347573
6.558389
0.566404
-1.535452
9.19123
-2.394969
2.557958
-7.726376
6.386871
7.23981
-8.66078
-0.43464
-4.895076
-2.729819
7.593458
5.657932
7.209044
5.817701
9.390347
9.731624
-4.654494
5.815464
-4.652670
-0.267543
-2.763942
-5.616639
-1.824906
4.368514
-4.910743
8.90544
-5.662960
0.975565
-9.619452
-6.161024
3.652087
-1.628114
-9.484076
3.777930
-9.268756
5.343426
-3.25921
-7.415023
-8.521492
-8.789461
2.916044
9.43757
-4.281476
8.387302
-6.662583
9.497668
8.140533
6.245673
-3.628551
2.458191
7.2136
-0.507975
-9.625051
-4.661920
-1.19798
4.93078
6.5006
-0.418544
7.825609
-0.845653
-5.639701
6.892543
-4.232294
1.626678
0.886329
5.796355
0.183832
8.591032
2.949331
7.780221
-5.905868
8.725964
-7.800619
-0.444012
-3.10743
-7.712450
8.46802
-8.154332
5.280714
1.570851
-0.999287
-1.568157
8.785436
8.276177
-9.735002
8.665359
4.193030
2.323020
-4.473875
7.987556
5.709717
0.796410
4.656530
-6.6020
-1.987910
1.488528
3.336934
7.200608
6.186934
7.245243
-1.672108
-5.889751
-5.624135
-4.192231
-0.554405
-1.205046
-3.405662
7.170349
9.686145
-1.233764
-8.384058
-3.136313
1.91390
-9.518375
-7.726147
6.933358
4.354423
9.666020
3.707522
0.952803
-1.905773
-1.276149
-2.376692
8.347581
-8.227540
2.488128
-3.134225
8.19116
5.343409
-7.294039
-5.148953
2.547554
3.895947
-5.818265
-4.539445
1.581188
-8.181243
-8.745274
9.443629
6.995158
7.633625
-1.743089
6.459863
-1.908040
-1.605997
1.763528
2.346696
8.709924
-0.35586
-4.31202
-7.165929
5.861892
5.878888
-5.593609
-2.902692
-2.974
5.409286
9.778207
-9.610499
-0.249573
-7.22172
-1.560897
5.929655
4.24392
4.663374
-0.902398
7.322653
9.621734
-8.28563
-3.19473
3.589622
-4.372636
7.595251
-9.750036
5.261382
-1.702582
5.869869
-5.626291
3.165419
-2.39193
2.311518
-7.631972
2.895151
-1.947241
-3.447258
-0.265191
4.918366
6.332421
0.801916
9.420998
-4.439241
-4.911520
7.398734
4.314186
-1.714971
8.748111
2.832358
5.290364
1.260216
6.254125
-5.840622
3.92976
4.900175
-6.857472
3.231253
-6.799254
-0.264056
-2.528233
5.701724
-5.466300
4.377507
-5.230511
9.689987
8.134735
4.28348
-2.818084
1.285486
-0.348920
1.824455
0.30361
6.903987
7.884574
1.399996
3.848986
-9.545730
-7.237904
0.157267
-2.136177
-8.981350
-9.953002
2.305259
-4.911446
0.864539
-2.64715
-0.369444
-7.526333
1.334636
0.574760
-2.774938
1.153247
1.208691
0.318778
-3.714018
5.117102
-2.630062
0.830302
-5.19553
-5.516005
-4.668579
6.301730
9.478523
-2.586593
-4.543219
-5.748396
3.534758
7.964389
-7.307896
3.689843
-1.246407
-8.507996
4.878555
1.696047
1.904623
8.336118
-8.604303
-3.78623
-1.801762
5.592006
-4.573169
-4.487487
5.520911
2.398485
-4.438986
7.872784
6.333335
-3.450700
4.55181
8.715388
8.914622
5.354167
-0.852104
0.886958
-9.45322
2.903119
-4.208745
3.13311
3.281205
-7.836675
-0.853213
0.609930
-9.98470
0.713740
8.668140
0.382644
-1.677020
4.671923
0.962328
7.833646
-4.426938
4.282670
3.888329
7.797532
-9.408762
-3.644655
1.894346
5.491170
-9.402180
-3.198909
-2.596746
4.993960
7.293776
3.315593
-1.979074
1.813189
-3.237411
8.976836
7.561127
-6.271490
-1.460952
4.499079
-9.963096
3.500531
-2.825124
5.605015
1.739201
5.904701
9.773440
-6.307746
5.857617
-9.366343
6.600242
9.480348
-7.287840
1.980537
-3.654038
-7.751745
0.732124
8.546413
-0.877168
-5.837487
9.937684
-2.987885
8.303685
-0.864156
8.998841
9.945151
-2.679921
3.280631
-2.18771
1.387999
4.854688
-9.930992
-2.117442
7.239163
1.933873
3.424423
-2.131865
-5.829640
-2.825494
8.977046
2.166990
2.511921
-8.459483
-2.846572
3.137373
-8.18628
5.242082
-2.23507
-3.942021
4.358440
6.626602
9.200545
4.584505
-3.82167
8.74041
-6.591671
-7.63856
-7.686870
-5.741344
1.762400
4.138039
-6.722948
2.480824
-2.12757
-7.106967
-4.664623
2.142852
-1.673519
-0.602616
3.755638
-3.625982
-0.896990
2.80584
-1.636247
-8.443254
-7.155330
-8.274752
7.76306
6.583498
2.738351
8.415657
5.758369
0.450682
-9.626155
-7.334253
3.681721
3.776581
-7.166338
-0.570566
-2.214258
2.892518
6.227033
-3.457103
4.579904
-2.91842
6.132587
-2.334060
-3.388169
-0.935730
0.128414
1.205509
3.309347
-2.336920
8.885164
-9.106678
3.444716
-9.54609
7.243812
4.604985
7.237977
-2.364788
-6.950131
-6.752375
-1.222203
0.502122
4.926386
-5.693067
-6.62394
9.233410
-4.260329
-4.873762
-2.998930
-0.346516
7.406327
-2.274620
3.526884
3.812059
-2.464205
-6.904197
-4.551411
-2.566967
-9.123670
8.79922
-4.223589
-3.505243
-7.482507
9.632800
0.10733
-6.376469
-4.851345
-3.673339
-3.207239
-5.435879
5.595283
3.424006
-1.456876
-3.103925
-6.607278
5.996624
2.54430
-3.524673
-2.797468
-2.871745
5.94021
0.903326
8.541578
-3.568363
-0.279390
3.171567
-6.149091
5.763375
-6.614089
-7.308551
8.959389
1.790191
5.789849
-5.473574
1.474166
6.802359
8.867326
9.36763
-4.467659
-2.399957
3.785887
7.188028
9.95796
-8.933361
-2.837354
-8.415053
-9.663081
-3.152220
-5.923497
5.774379
-9.92964
-2.456921
-8.802280
3.670620
-2.630304
0.960722
9.349793
6.430257
-6.514544
8.184039
-7.779999
-3.261811
2.936020
4.108825
-0.737450
3.812412
-6.136071
-3.124809
-2.782685
8.610064
3.523253
4.275437
8.603699
-2.603835
9.209208
3.257171
9.679129
-0.138164
-9.786496
1.580326
-5.261329
6.471525
3.151483
9.136188
-3.579907
-5.662002
-1.826843
8.424224
-6.400753
-0.787326
9.251632
2.90020
-4.80655
7.643205
6.435550
4.646086
-6.119927
-9.509498
6.423254
-4.160234
7.846854
-1.522718
0.946913
-5.272192
8.69688
1.97665
6.613293
6.295702
-9.315760
-8.459965
4.308642
-2.639473
-5.440335
3.862713
8.42793
3.76836
-5.110492
8.3309
9.179510
-4.39848
6.888003
4.491957
-1.458084
-4.350687
8.362027
-3.894951
2.628248
-7.681846
-1.597947
-8.767101
-0.898600
6.322944
7.595557
-4.179704
-5.314872
2.103455
-6.159470
2.579857
1.660318
-0.749319
9.790471
4.608770
-6.843687
-4.451911
0.328859
-6.971
2.577789
9.653453
3.747624
3.72516
8.151626
-3.905660
-4.342928
3.405162
-8.959403
-6.400381
-1.106695
-6.706594
8.430980
-0.845095
4.232393
9.7826
4.10690
8.352896
4.214146
-1.909314
2.541855
-2.303943
5.742731
3.67594
-0.511498
2.381267
-7.802023
9.101101
-4.763118
-4.116931
5.163513
-4.997005
7.270861
0.249056
-0.487756
-3.171291
2.688968
-5.416419
5.726104
1.610128
1.468874
-1.441740
3.202617
-8.215189
7.808199
-4.730392
0.505946
9.145551
-1.518456
-4.838807
8.532271
7.140702
0.968045
-6.789735
-1.640662
-0.65028
-2.927748
-4.63549
-5.57181
-1.220817
5.155037
-7.23354
7.339127
-6.373215
4.374676
-3.347618
-4.946980
-1.410786
-9.122752
-6.325333
-1.145010
8.50657
-8.484014
-6.680402
1.338658
8.266981
-6.712115
3.696358
-9.332557
8.171874
-6.569467
-1.541255
0.260646
9.179332
3.636105
3.755275
4.601872
6.136347
-6.905898
-0.484058
5.91644
2.400045
-6.948967
6.561186
-0.126269
2.18893
-5.619379
5.842005
-5.646613
-2.639603
-6.662660
6.860794
-6.768310
-0.418278
8.974748
1.292730
-2.155557
-4.275344
-6.348449
-5.223782
-3.589568
-4.531626
5.107565
1.545325
5.56944
9.794877
8.514401
-7.817388
3.840184
-4.5039
-1.796012
-9.821099
-1.996696
5.755419
-6.658454
0.864776
4.393276
3.346983
9.116958
-7.349815
-4.685156
4.301995
2.61126
5.247212
-3.278530
-8.129830
0.610194
-5.875180
9.200131
8.933498
-7.815415
-1.951801
3.874283
4.206778
5.10963
-1.827431
-3.967411
4.978009
-0.160260
-4.354348
-4.598018
-2.170929
-5.410532
7.346228
1.217084
-0.197905
-9.669821
2.509755
0.613747
9.66051
0.249187
7.331959
-4.649067
9.261636
1.900528
7.909680
-7.386219
-8.456691
-2.545333
6.819572
-8.278315
1.704272
-2.565596
8.285627
3.38439
3.867698
1.84485
2.688915
8.658997
-3.671343
0.596654
-4.32947
-1.634799
-6.361800
7.527473
8.897958
9.671162
-9.33256
-2.493997
9.667130
1.135060
-7.663326
6.100240
3.578516
7.876143
-3.926353
7.606122
8.334373
5.51445
-2.819025
4.489388
0.308145
-5.12273
9.167368
-6.59058
7.242133
-7.67940
-3.170020
6.204586
-3.379690
5.850324
8.729494
9.566499
-0.512490
-7.929268
9.344306
-6.688265
-5.148661
-7.242397
-6.979822
-3.28068
7.38546
-9.190935
-7.585475
3.317034
-7.261755
-6.345991
7.208568
6.667507
4.774253
-3.896888
5.492096
4.417077
-5.167754
6.427847
-7.772766
-5.444644
-0.511421
-6.659470
9.93376
4.192829
-8.324506
-1.217901
-8.988568
3.116294
5.79403
-1.189498
-1.167548
-8.162214
-5.932245
5.424760
5.700530
4.798101
-0.424761
2.682337
-4.887862
5.819443
0.339424
8.172725
-9.470500
5.39707
-1.260882
-4.175178
-9.683320
5.953063
4.961309
9.964474
-3.439906
5.899027
-5.1306
9.872823
-7.673705
5.244809
5.836740
0.921715
-0.648732
-4.580841
3.423894
7.861791
-8.56747
-9.457358
-7.488386
0.366711
-1.406788
-4.549730
1.445170
-9.530026
-3.107390
4.549389
-4.512398
0.983267
2.518057
-8.861297
4.220870
0.763744
5.475687
1.318008
8.255182
1.759818
8.214593
0.137163
3.433057
1.743276
-3.828980
-6.43262
-9.307837
-4.787790
6.547610
-0.527544
-4.589382
7.789873
-0.102726
0.532679
9.930093
8.734459
-4.495508
-9.691114
-4.818601
-2.18061
0.355237
-1.826175
-7.963197
-1.251658
-3.585557
7.702118
-5.848732
-1.50143
9.108007
-5.793859
-8.900221
-5.608982
5.606362
1.809065
8.960369
9.438308
-0.769794
2.779015
-8.286466
5.807053
5.384673
-3.608708
8.785383
1.533776
-3.870215
-5.757496
-5.930078
7.883470
4.341490
-9.606387
-5.212575
2.515290
2.340709
-6.684732
4.282665
4.269123
-3.313518
-6.780936
-6.754222
4.308681
-4.270876
9.57381
-2.244473
-9.471220
-5.546686
-5.431240
-2.79544
-9.777742
-8.788499
-8.947335
8.512249
-2.900618
9.237503
-5.275582
-5.581337
1.541335
-9.880367
8.77568
-5.500056
-3.522027
6.749867
7.879799
0.976171
-6.346986
4.709682
0.863275
-8.560536
3.114985
0.340260
8.990585
1.890993
-6.312361
-2.344773
-0.199999
-3.898315
4.986407
-1.411867
8.254240
2.323972
5.893210
-5.941994
2.466220
-1.399212
0.494825
0.512288
-2.549292
-9.179876
3.768054
-5.907746
-8.131714
7.929279
-3.566662
-0.956365
2.558207
-3.235528
-3.214360
0.357980
-4.743275
1.485230
3.440459
-5.115898
-3.402541
-1.645453
4.673055
4.718050
3.678753
4.57923
3.783779
-8.110563
-1.362246
9.464743
-6.843696
7.481677
3.810604
6.808948
8.505351
2.965457
-6.369142
-5.812
6.768214
9.835765
7.100041
1.676760
-5.489583
7.129421
-8.799099
-5.262033
-4.843499
5.319476
9.175195
-9.851114
4.979483
-5.479196
-6.963002
2.653011
-7.750921
-8.451838
6.813685
8.620240
-1.498420
-2.326821
8.570188
-5.72215
6.830933
-8.656946
-4.391905
1.541163
-3.102881
5.929850
-4.539233
-1.699246
3.762004
-0.343902
-3.121698
9.101329
-7.412215
9.369808
-0.236141
5.887419
1.126765
-9.645726
3.811769
2.120729
1.51803
2.84344
0.871363
6.163783
8.446145
1.499430
6.976584
-4.376025
-9.540928
-0.41481
-5.982602
-0.195226
7.336299
-8.314077
0.669725
-5.538828
-9.334884
8.629831
-5.90210
-0.27082
9.784349
-8.483709
4.259196
3.39377
7.677707
-6.959384
-5.255475
9.692745
0.916920
-9.256123
-0.831082
-7.693600
-0.960726
-3.471119
5.421266
2.257312
-0.995040
5.94681
-8.932261
-6.565060
3.550912
2.872419
-0.757512
6.509785
2.992372
4.842294
-3.147437
-6.726332
-5.725162
-4.234138
6.796694
-2.680826
-8.402948
-1.222256
-6.178128
-9.980975
6.73828
4.744866
4.654131
-4.751247
-8.775985
-4.559427
-2.311526
-2.509359
7.624047
6.593208
0.190507
-0.894631
-5.349317
-2.454123
-7.290461
7.441948
6.264650
2.32433
8.771432
-2.957669
-4.466141
-5.411581
-5.69378
-7.131990
6.866260
0.552529
4.387975
6.291899
-8.486557
9.182782
-8.361548
5.613035
2.682111
9.739258
-0.52076
-4.363846
-6.783053
8.104869
6.355007
6.673866
7.654655
9.487880
-4.584524
8.293906
5.70148
-1.720064
-9.169250
-2.715060
-2.389928
-4.965286
-8.398803
2.189324
2.232079
-2.629149
-5.996174
-1.232118
-8.889509
-6.839971
6.375403
3.531420
-8.458098
1.66043
-5.935585
-4.781539
-1.343164
6.188888
5.682556
6.123575
8.100461
-0.926
-6.498836
-0.248847
7.287895
-6.167799
-5.215171
9.16509
4.775527
7.661473
-0.422113
-1.447375
0.669842
2.553724
-6.739291
-6.524030
5.504385
-0.709236
-4.370701
4.378288
-1.88320
-7.876202
1.789704
1.286926
-1.950263
6.231651
3.879926
0.270956
-9.593630
-5.46856
-7.237857
-4.783446
4.684549
1.440003
2.298654
-4.581103
-9.938796
-9.619608
7.640050
-7.775647
4.687874
2.347900
-4.170397
9.341558
2.931460
-0.195746
9.658447
6.823948
1.401486
7.278113
2.832117
-4.668172
-4.146126
4.572037
7.232831
7.595123
1.890564
2.999080
-5.740684
-8.676301
8.401845
-7.122469
5.170676
1.714662
-6.678080
-2.908639
7.987442
-8.853286
9.642131
-6.510379
-6.750030
7.565309
1.787766
1.587798
0.339666
-1.974830
-6.689038
-5.140736
-6.186577
-2.195343
-1.477851
-5.866218
1.61321
-3.176582
-8.333095
4.730986
2.998084
2.992249
8.261618
-6.30522
8.491615
9.46742
0.818374
8.493537
-5.786895
9.409232
5.752834
-9.837848
-9.484856
-8.368695
0.999743
-3.644382
-6.867923
1.974483
9.35508
-3.423369
6.596544
-2.760423
1.572094
0.701782
-1.861182
9.528145
9.601594
-4.110145
6.263086
5.393512
7.232408
-4.294212
0.571173
-2.357613
-1.200406
5.74815
9.543935
-1.942491
3.731317
-6.246364
9.864161
6.886598
0.118818
-7.78382
9.133985
3.285370
-6.693271
2.225612
-5.856876
4.655274
-8.11473
8.554721
2.45442
2.55729
8.320070
-0.183295
9.689902
4.957836
-1.580891
-6.854857
7.656895
9.735765
-2.385680
-2.694164
-7.535184
-8.592794
2.490866
-7.256982
4.833633
-0.984841
-0.440618
5.581478
0.326722
9.762464
-0.516143
9.721744
-5.180988
6.70795
-2.649481
-0.257571
9.583043
3.637371
3.458923
5.93143
-4.144815
5.384954
-4.545911
-8.317589
3.141472
4.114802
-9.641493
0.345736
3.996002
-6.977969
5.985803
-0.71040
9.826475
-8.259325
-0.110220
-6.212795
5.100946
-7.666236
1.39199
0.546557
2.434422
-9.251643
-2.236314
8.53073
-4.289065
-4.593773
-6.224768
3.281446
5.917529
0.75589
-5.881473
4.447292
-3.707056
9.690324
-0.747391
-1.19727
-0.105784
-4.679757
-7.87384
-8.808315
-7.336870
2.658854
0.361659
-2.755408
2.132130
-7.569342
-5.828894
4.979028
9.718685
-7.603416
4.147073
4.849487
-8.929597
8.656421
5.83033
2.14850
-9.561998
-0.432892
-3.941684
-8.5901
0.733838
-4.490614
5.723523
6.655971
7.10988
-0.503261
-6.701572
-5.195355
5.180718
-1.745046
-2.729358
-9.470524
4.143752
-5.594348
-9.126777
-6.356817
4.886515
-2.512061
5.245186
-1.804577
-1.310002
-9.908533
4.449657
1.862972
0.321251
0.907528
2.153004
-9.103327
-9.224092
-9.973335
-7.840607
-3.76096
6.686770
8.396152
3.376564
-4.638996
-5.203061
4.770330
-3.52512
9.713971
-7.532459
-4.753684
9.331820
-9.926971
-3.133484
-1.110840
7.215858
-0.335052
-1.496835
-5.462747
6.37364
4.47040
8.400309
7.546828
8.382274
4.711545
8.958523
5.792563
4.349696
6.821311
-1.729799
5.883063
5.389904
-8.937091
-2.437130
-2.782936
-5.613506
7.648253
-0.657507
2.726485
1.52806
4.685281
9.410299
4.559679
-0.544042
-1.45926
-6.176173
6.150641
-1.820733
-3.199637
8.233748
-4.993134
4.524835
0.712810
8.652942
-9.211153
5.615342
0.307678
9.629782
-5.414997
-8.987
8.117551
-0.164106
2.46906
-6.219396
2.118706
-7.44123
-9.609153
-0.978402
8.325729
-3.861268
-8.154176
9.406088
-3.27303
2.577499
2.633424
-8.241003
8.92762
-7.339342
7.350532
9.809617
5.950345
5.798554
3.879079
0.904731
5.561156
-6.59506
0.15125
9.252042
-3.916391
7.423170
-0.289718
2.633585
-3.135231
-6.357913
1.521028
-0.259634
-2.617854
6.237545
4.580759
-4.5928
3.374320
-7.840113
5.842098
-5.374874
-8.564998
-7.13188
4.993153
-7.564949
-3.100624
3.467060
4.957524
-4.38711
-0.25529
-7.797056
7.774376
5.518645
9.89369
-9.534378
-5.105714
1.236119
6.832413
-3.733370
3.539870
1.903498
-5.182165
8.896901
-1.340042
9.613092
-6.469947
-0.524070
-4.748686
2.550819
5.770582
6.766425
6.396871
-1.743269
-0.851512
3.714753
3.381589
0.501701
5.509445
6.395049
8.197225
-9.457853
2.973989
9.36362
8.647265
-2.412418
6.382553
1.663384
-5.7381
7.730607
0.115488
-8.669189
2.811562
6.724771
-2.338421
9.476204
2.267562
-6.182444
-1.261271
4.736378
7.191288
8.429289
3.184101
7.368947
-5.243449
-9.175471
3.879765
-8.737921
0.284344
3.28481
5.365380
8.8618
8.932401
2.627070
7.128988
5.569067
0.908782
7.981630
0.52
-4.455077
6.593665
8.531303
0.937181
4.655565
6.378522
0.993529
6.976791
0.79518
-4.516858
5.66434
-7.431920
9.837309
-2.228241
-6.788817
0.887986
-3.285548
-6.156974
0.931086
6.313101
6.620066
-6.396816
-1.976025
-9.399017
8.598193
4.716976
-4.368001
6.636687
9.431817
-0.767725
4.644464
-3.517110
-2.495682
2.111481
3.818042
-5.270928
2.365015
8.610183
1.466872
9.47304
-1.868339
0.512762
-5.412494
-8.921196
0.783461
-7.304458
-1.339470
5.723101
-9.95972
-1.905523
0.464855
-5.910385
-0.155283
-2.659221
5.370273
-2.370280
9.892571
-4.305147
-1.277398
1.208439
7.415051
2.25346
-1.589139
8.602111
1.208448
-7.226192
-1.442623
-8.222757
-6.693129
-9.836962
-5.185209
6.122561
-4.194484
-6.813472
0.417073
6.821452
4.298363
-5.736334
-4.825760
-3.211671
-1.766886
-3.472612
2.755587
1.287445
-4.211055
4.413043
9.263689
-7.655565
2.926521
-9.837604
-7.629957
7.202281
-7.96273
-2.933776
2.800550
-4.937747
9.55206
0.111903
-3.846947
1.437116
8.752076
3.460683
-3.201850
0.686414
-4.727847
-4.259573
-7.103044
9.556625
-9.873000
1.877931
8.299441
-2.904417
7.165470
7.870893
-3.791777
-2.171883
8.391550
-2.747172
9.894313
6.759494
-9.696672
0.852156
-2.395523
-8.972102
7.482966
5.277720
-6.261409
4.521941
6.687573
-1.605251
0.195740
-2.243820
1.210174
0.296652
7.706022
9.166129
8.936548
8.120322
2.306780
-1.852572
-5.184684
-5.86206
1.977907
-1.541609
6.648206
6.605827
7.586356
7.497694
-3.603367
-1.830390
-1.905555
2.590942
-4.706004
-1.678967
-3.965583
9.565170
3.271799
-6.830529
-2.279652
8.823093
8.582456
2.237129
2.547283
9.755796
-7.159322
2.463881
-5.351956
-5.760095
0.292267
-6.287957
1.599737
5.412291
-9.295473
2.259894
2.330811
5.189136
-3.407991
8.122788
4.314871
4.103957
-7.836790
-7.418925
-8.957657
2.675341
-5.734593
1.133700
-9.437833
6.435143
-7.439807
8.764181
9.747711
6.940148
5.127679
-8.341233
6.852960
-8.822182
-8.229131
-9.458469
9.753939
1.924159
-3.773438
-6.417866
-8.753382
-7.108162
-9.742100
4.502361
9.578079
-8.893599
-3.88060
-7.476333
-2.162377
-1.15685
8.455183
-6.471232
-7.222821
-7.960895
3.819154
1.751785
0.193930
8.585397
-5.723071
0.838312
-4.903972
0.531378
0.578116
-9.897145
2.310649
-3.564110
5.148702
7.785660
3.915495
-5.827997
-5.941034
7.491634
4.620665
9.70226
-2.342678
-1.532454
-5.16799
1.400127
6.158770
-2.971457
-3.853874
7.261204
-1.664678
1.803469
8.638473
5.988844
-3.639071
-4.783084
-6.6280
-4.548083
-1.279508
-2.71825
9.5468
4.625849
6.862818
-9.27023
6.715278
3.43582
-8.830299
6.507275
-3.386156
-2.440680
8.162481
3.172225
8.89194
5.739713
-0.172590
-4.920975
-5.868643
-9.723421
5.940414
0.889849
5.832929
-6.434332
0.13881
-3.210048
0.11678
-6.574194
5.680682
6.337421
-3.608846
7.290819
2.455164
-0.623702
5.422282
-5.746427
-8.106808
-3.735054
3.191101
8.305248
-5.617473
-7.997580
9.402602
1.27724
5.528820
-2.511435
-9.715283
4.345658
-7.807183
3.968501
9.585739
-4.566606
-0.833655
2.219816
-6.675773
-5.215407
3.48766
-7.220232
-7.304000
-9.497103
1.136962
8.865129
-6.972421
-6.430356
2.346282
-1.691539
-2.696202
1.983431
-9.771929
-9.285500
2.829394
-6.537434
-4.890850
1.808596
-7.351101
7.530832
6.375576
9.116969
-7.100669
-5.133858
6.217742
-4.421708
0.828714
0.788767
-8.521685
9.735944
-1.130600
7.270771
5.860339
6.236006
8.378525
-5.941209
-7.821891
0.476642
1.884872
-3.360161
9.626752
3.413552
-7.187639
-0.237296
3.880726
-2.430971
9.458171
0.820471
-1.359172
-8.941727
2.582616
5.690119
-2.381207
-0.272899
-7.499055
6.793767
-9.95097
-1.748109
-9.541572
7.997171
-9.399905
-6.364022
-6.160295
-6.198117
-2.197144
6.52253
4.221004
0.492585
-0.409046
3.822555
-4.609627
0.913365
8.147321
-5.15488
-2.271512
-5.796121
8.20285
0.402175
2.794967
-6.557833
-1.116147
3.568877
-7.638848
-9.190913
-0.530677
5.157195
6.380585
-2.295946
4.167738
3.537534
-8.918857
-0.711612
9.763469
8.783780
-8.454310
1.488556
3.971474
-4.124068
9.438924
5.325088
-4.637818
-0.954039
-5.219818
-9.582478
8.57507
4.949120
6.20736
-3.808990
-8.716059
-1.85966
-0.443840
-8.938532
-8.622568
-9.651147
1.247887
-4.910761
-4.313317
-1.352492
-8.324232
-9.879923
9.106155
-7.921785
-8.522073
-7.703193
-9.765276
-8.129930
-8.834767
-3.851260
-1.303478
9.146697
-5.706006
1.135575
-2.389443
-1.720133
9.710122
-4.933271
-3.855051
-9.979846
-9.116648
-0.497867
9.725822
3.760705
-4.24698
-1.173071
3.340621
2.807937
-1.485782
-9.171121
-5.249151
3.44103
8.435902
0.563407
-2.348404
-7.829317
7.709341
1.270103
9.157886
-7.691105
-4.237372
7.616517
-9.458885
5.986836
-7.885000
6.510117
9.131376
5.458899
-1.425958
-9.920308
8.405442
-1.514362
9.228581
-9.822979
-9.25556
-3.377362
-7.84174
9.486611
9.392612
6.320663
9.409182
5.456375
-9.506346
0.478645
7.485737
-6.359672
2.929769
-6.421721
-9.621982
3.688438
-5.828547
2.796033
-2.723764
4.70626
-5.823455
-4.867251
8.744835
5.587583
4.854394
-8.971228
7.891095
8.19439
-6.870622
0.189576
1.315634
-0.274350
-1.443088
3.422374
-9.215170
4.214090
0.739797
-4.234177
-2.637253
7.971723
-7.748937
3.421927
-1.383070
5.562135
-3.380844
6.977531
7.524281
4.882347
-2.331410
4.144289
-2.358906
-7.831421
2.429085
7.896732
7.821945
7.575472
-9.644891
-1.888595
-9.875079
-2.958613
-0.845126
-6.366603
-0.313747
5.613294
-5.203971
9.817300
-7.667372
-8.493983
-4.531312
-3.449316
2.703367
8.75105
-8.470105
4.787790
-3.590295
7.774817
7.318886
8.746784
-5.457210
4.265223
8.864168
0.580246
-5.793936
9.417971
7.865434
9.474623
-4.337362
-8.582190
8.130408
3.857094
-4.720862
-6.599542
1.376089
3.847898
8.660967
-9.19269
8.740103
4.7193
5.798172
9.193407
-7.125863
-4.815259
8.853052
9.192995
0.171936
0.347465
0.527103
-5.546089
-8.151207
1.799666
8.789395
-9.468210
-4.932708
-8.976827
-4.534890
7.472330
-0.780122
5.279277
6.68337
9.761358
-1.248138
8.249539
4.881455
2.519975
0.529349
1.86897
0.211887
-2.160774
7.424401
8.317290
7.65554
1.278702
6.804699
-1.463891
1.998331
-4.579955
8.39875
5.937899
-0.820116
-2.354086
-4.339475
7.49327
-0.984555
-0.561516
5.273389
0.655065
-4.695226
5.657641
1.337941
9.320815
-8.851270
-1.210147
9.163339
5.592301
-7.500657
-9.450459
-9.528606
5.430631
-9.350014
-2.194804
4.798642
1.743436
5.791535
8.780342
-7.173750
7.486441
-3.298370
7.165765
-3.542877
-2.249821
-6.640685
-3.571296
9.607333
2.249703
-9.543570
-5.311380
-1.175493
4.380193
-9.66768
-9.573160
-6.252888
4.957223
0.896312
-1.749847
7.110128
4.477814
3.336067
-4.697141
4.508021
-0.635072
9.273098
3.737095
-6.254145
-3.132137
-5.184116
-9.67480
2.301375
-2.184171
5.397986
6.2048
-7.729827
-0.738360
7.631649
-9.500674
-7.595139
-4.491318
-7.500592
7.798454
-9.281449
5.16345
4.92654
3.279617
7.18104
8.753485
-9.719255
-7.509189
-6.150159
1.945526
-9.625137
-5.213365
9.828929
0.293984
-3.829273
6.205293
-2.70534
0.609112
-8.404858
-0.275501
-7.405212
-4.708329
0.670548
0.538048
-8.81894
-4.417382
3.45186
-0.76798
8.3536
-5.358697
2.457086
-7.63802
-7.711542
8.525665
-5.269435
-5.477309
9.419124
-7.814136
-7.171534
-7.674181
-9.267604
6.93291
4.880961
-8.459541
3.639369
-4.733364
9.463173
9.415682
7.167299
-5.671939
1.688750
-5.139298
-9.731912
-8.137141
4.925736
5.179593
-5.316092
0.380421
3.965730
-2.591908
-3.617651
-0.500046
9.819247
-0.286798
-5.428362
-7.29728
6.568203
-0.979265
-6.77050
2.549445
-9.554278
7.908211
-3.671830
-1.275152
3.661368
-1.986197
-4.466653
9.598613
-0.797760
2.747744
-1.604154
-4.88443
-2.307206
-8.508707
2.346440
9.262493
-7.920107
9.668079
-7.886829
-9.58441
-6.291175
1.686329
-0.776653
8.348692
1.721946
4.808427
-3.154215
7.843864
-6.856641
8.818652
-4.246638
8.727582
3.653342
-6.728452
6.228066
-9.813550
-6.471103
2.700082
-7.99101
-3.465919
1.580985
6.48453
0.473118
-0.645834
1.108012
-9.689742
-7.686220
7.17554
-2.351823
-3.575856
-6.264448
7.225124
-3.660567
-0.831077
2.601698
2.210730
-3.950247
-7.490816
-5.159951
-5.330644
5.337900
9.944709
7.362302
-6.276725
-6.416429
-1.9482
-0.385785
-1.16442
-6.634239
-4.821926
1.45422
5.402063
8.940302
-8.133258
5.143117
3.77890
2.627321
-1.26684
6.260831
2.714287
6.446558
8.754796
-3.864124
-9.467815
-2.364240
5.704155
-9.698290
-9.296891
2.23479
-7.521653
-9.638409
2.227999
1.235132
-0.22112
9.898366
-6.247621
3.595711
1.328420
7.494894
3.729374
-8.853785
-3.913549
7.310730
-5.501982
0.104212
-5.776888
-6.597901
9.710924
3.142641
6.670236
2.7996
-9.602480
-3.757539
2.304594
2.260516
-1.956841
2.130430
-3.963219
9.784805
9.585961
3.921046
-4.912115
-4.303521
-5.330395
9.14849
4.255251
0.815573
6.807878
-9.560587
3.84946
5.626681
-4.39577
-3.720832
3.497527
-9.871646
1.463753
-5.534383
0.714141
5.713952
7.160105
-1.271893
2.24607
1.53433
3.599556
-8.516628
-5.32459
2.136596
-5.443117
-8.947944
8.435884
-9.976545
2.40029
2.538453
6.775336
5.81075
-5.986870
6.264324
-4.212659
-4.672457
6.720658
-5.442207
0.496491
0.406735
-5.893771
8.971479
8.511504
1.493953
-0.453207
-7.619761
-2.223919
9.425787
3.497257
8.979289
5.408964
0.418542
0.524652
-2.276105
8.293146
-6.51595
2.499397
7.588788
-2.779961
-7.662001
-9.740658
2.791268
-5.927610
-2.620202
-4.166073
3.777881
-4.128085
-7.937343
6.196917
-5.370596
0.865115
-2.606950
-8.51227
-8.193099
4.75575
-8.119158
-7.976315
3.354612
-9.712540
-8.31005
9.805648
8.445432
5.885252
-5.649760
-8.47767
-5.856065
4.158955
-1.423128
0.786430
7.28820
3.295949
4.361179
7.499427
-5.638302
-6.430712
-2.42730
8.735884
-8.187317
3.301668
9.308557
1.62230
4.944154
8.77631
3.513888
3.962376
-0.498670
-5.241929
4.684819
6.698304
-8.478574
-1.89337
-3.336241
6.664719
-7.476375
-2.937320
9.578971
-9.806448
-3.262354
-4.886171
6.980679
-5.574700
4.480535
-0.543012
-0.294261
8.856233
-2.692344
-9.328973
7.18356
6.464163
8.968061
5.838608
2.138034
-8.810495
7.966325
2.119413
-7.748487
5.352219
-1.688888
-1.443315
-3.830155
6.811630
-9.509782
0.260852
3.729560
-7.908632
6.251741
0.821506
9.940727
4.388110
-3.533475
4.357501
6.467593
-0.827933
-1.14239
9.288066
2.54705
-4.490147
6.923366
6.405422
1.367775
-3.327542
5.606978
-2.860470
2.898513
3.203784
9.895696
-7.271792
-2.651588
5.756676
-9.514019
1.753772
-4.320270
-2.206942
-5.707346
8.551042
1.646661
7.795000
4.784862
-7.589678
2.113909
5.891032
-2.278548
-7.260402
6.180880
-6.54220
-0.684841
4.127448
9.421244
6.456891
7.672515
-0.919541
8.558213
-3.711863
3.240959
2.560368
0.357520
2.44465
6.409346
-2.103752
7.400711
-5.814244
-7.98122
6.88967
-2.993723
5.519735
-1.734397
-5.284371
-2.964657
0.76470
-2.725839
-9.543026
9.419063
-4.632500
3.992794
-5.131769
3.136350
3.691378
-1.924300
2.772712
0.177154
7.842845
0.689326
7.274811
-1.343866
-1.137451
7.732286
1.969539
7.442732
0.12155
5.330615
9.798824
-9.231026
-2.725343
-0.403446
-9.259059
-0.811917
4.312768
5.562337
-9.492577
5.212662
7.964783
-7.775614
4.547867
-5.979449
-1.514098
-9.832641
4.555075
-0.405482
8.308163
2.519478
-4.765638
1.889487
5.580353
5.629399
1.380490
8.487429
5.198855
2.967955
6.753814
-0.84938
-7.291942
-9.206355
-5.542851
1.59476
-5.676029
-8.651569
4.314366
-5.977188
1.235077
-0.64257
-1.710096
9.621025
-6.605363
-8.694624
-8.900961
-9.705770
-2.490746
1.294614
5.522855
-5.516337
-3.794538
-5.639449
3.940557
-2.278216
1.798176
7.364575
-7.13900
1.912301
-5.60438
7.212125
6.452300
1.72905
6.796649
-2.682733
-4.790635
0.312734
7.900601
1.384954
9.226630
2.177057
-6.300493
-7.823386
-1.366763
-2.52337
0.574734
-5.351266
6.87703
-9.791145
5.756204
9.22089
-0.105135
1.316234
8.811187
-5.14200
6.719840
-4.242635
-7.463514
-3.396375
-5.953521
6.228092
5.915863
-0.985484
-1.509862
9.318350
-4.60976
-4.77433
1.164102
-2.737937
8.183892
-1.728598
-4.581816
5.527686
-3.422299
8.632418
3.726732
0.796328
-2.676120
-3.970162
-9.985953
8.963344
-9.473480
-4.105146
3.723631
8.107419
4.787062
6.998752
-3.501476
-2.275101
0.199650
0.261348
1.688288
8.912684
-1.403669
5.187457
7.98751
4.198527
-1.596922
-8.941686
-9.970756
-4.384377
4.943850
7.198289
6.708082
8.379178
9.876697
4.927373
3.327534
-1.269652
8.756594
9.741608
9.737094
1.700182
5.768720
0.666341
3.500462
9.58147
-2.887202
0.972753
-7.106253
8.487353
0.410104
-2.79148
4.890815
0.248776
6.373191
-9.846460
-8.899814
-2.130177
0.479234
-2.917742
4.379134
-0.774556
-1.335002
4.768554
0.454390
6.301912
4.722140
-4.75314
7.631086
-6.629698
8.361814
-9.531825
-5.388968
-9.185612
9.620802
0.195000
-3.966354
-1.854770
-7.800298
6.941894
0.283265
-7.234514
4.391141
3.127611
7.725402
-2.41355
0.921928
-9.299641
-7.304671
-9.383547
1.519419
-8.58718
2.292352
-4.71676
-0.165243
0.543797
-1.992898
-8.267389
5.442586
3.665927
5.50759
6.991599
-1.20274
7.525750
-7.693641
-9.177451
8.688534
5.193244
6.30000
8.548155
1.656900
2.188556
1.377637
-4.131636
-6.578165
1.926274
5.766374
-0.987690
4.438918
6.908379
-6.295970
7.121112
-0.958875
-8.585260
-7.104646
7.198629
-3.411006
1.734676
5.469732
2.542409
1.651337
5.847277
-4.121827
5.44317
2.107795
2.38604
1.14197
-5.239460
-0.907638
-4.48730
-7.727243
-3.116430
1.888495
4.486482
0.9324
-3.551538
6.39400
5.271987
-2.236989
-2.856974
-3.73023
0.181108
5.785989
0.362894
2.529786
-1.874959
-4.113395
-9.172452
7.270455
2.909839
-0.116663
-3.58615
6.66620
7.295210
-9.788702
-6.171243
-3.997790
0.798891
-6.814008
1.467131
1.839693
-8.142586
1.524944
6.875263
7.163673
-4.432201
1.716034
7.87276
-3.301562
-7.112233
-2.892616
8.715734
1.279048
-4.852194
0.830772
-9.260918
-3.501241
9.181488
6.474112
2.682271
-3.199453
7.658673
7.602194
-4.129340
6.535323
-1.92492
-9.521147
-1.302726
-3.268824
5.200747
2.631032
-8.366670
9.582949
7.804815
-2.907531
1.571122
9.744141
8.658974
7.402897
-9.793824
3.943989
-1.746007
-1.948318
-8.797266
7.694100
-9.953242
5.351961
8.907851
-9.286048
-4.993369
9.195733
8.608944
7.408027
5.678825
-9.583382
-7.657021
7.508586
0.175576
-0.444365
-0.616482
-4.892673
-9.903971
1.49750
2.880255
-1.233007
1.499184
-4.282613
9.327435
6.292626
-2.130138
8.117444
8.198533
-5.152116
-9.410161
8.769932
2.958235
8.928312
-2.515771
-2.661167
0.166902
0.993640
-5.886170
1.937085
-9.70764
-3.482385
3.238977
0.30267
9.364841
6.901924
9.634936
-2.664009
-9.881814
9.225028
-0.743399
9.800832
-3.663038
-7.829200
-0.581931
-7.248668
1.638387
9.397580
9.160041
-9.607953
-7.409783
-2.975692
1.108318
0.765895
7.876735
7.472962
-1.732095
-3.821036
5.733425
3.388137
-1.205904
-8.806548
8.156102
8.9894
0.398193
-2.685840
3.291111
-2.365295
3.88752
8.826945
-3.837606
-4.380486
-9.223715
-2.579385
2.760346
-9.864880
-1.625303
1.196356
-7.8321
8.704889
-9.410365
-6.534531
1.53080
-9.107034
3.462288
0.995577
8.728921
-2.394414
0.296741
-1.202031
-8.982070
6.875466
-8.205120
-7.610781
3.102344
8.110706
0.805357
8.993759
-4.557559
-2.101862
1.453613
7.966769
6.21817
5.358824
8.589879
-1.958977
1.847350
5.880300
2.254185
1.10029
-3.852722
-5.708981
-8.113337
-9.635222
3.381670
3.331321
0.996104
3.588589
6.535894
0.618407
-6.554512
6.326279
4.325528
2.273729
5.781665
-6.951678
-9.410828
1.964472
4.606368
4.926780
-5.994866
-8.296944
-2.283431
-3.976143
-8.766608
3.244707
3.885768
6.20789
2.46424
2.249560
1.123876
0.38444
-0.702247
-9.744972
7.285491
0.738176
3.434350
5.886468
9.199472
-3.909256
-7.634227
0.928897
-9.152249
-7.597108
2.53555
-5.819607
0.330591
0.30038
2.849718
-2.428701
1.210121
5.672491
6.145460
-6.912459
9.949631
-6.56288
-8.993490
-4.614301
-0.488565
8.662708
-4.902641
-5.815888
7.957247
7.28963
7.808714
-4.581991
-1.603321
-9.823408
8.645070
-4.267781
-2.600795
-3.794693
-5.778370
9.704077
-2.201626
-8.808221
-7.892524
4.752424
-4.967014
1.353308
1.372713
-9.718996
8.581002
2.136893
4.266426
-0.468286
9.798763
9.767699
0.473043
-1.952417
-3.868528
2.124017
-5.567478
8.123452
8.337256
7.50308
-9.328247
6.290747
8.793919
-5.450130
-2.559865
-2.723919
-0.736986
1.861084
-7.832995
9.854344
9.733354
5.878900
-1.76110
-0.259295
8.814467
-4.630691
-9.910612
-3.267935
9.323202
-3.375543
-6.893244
-7.675070
-6.5071
-5.872643
-7.713851
5.913575
-4.112184
-9.393509
9.364650
-6.362864
8.471162
-3.985089
-1.744448
1.26805
6.798642
1.136177
-8.279681
-6.482493
-2.572992
-1.933231
2.384849
9.693904
-8.739297
8.597138
1.559427
5.924278
6.838736
1.729765
-8.865299
4.568540
7.731384
-1.730723
9.274331
-2.883631
-3.398562
-8.565679
0.782205
6.193029
-5.675307
-9.110043
-5.376453
1.912994
-1.253813
0.143358
0.608433
-5.447681
-1.829983
3.518670
2.28937
2.417426
-0.650072
5.111723
-4.12636
6.92108
1.947279
-7.653926
5.136329
0.233224
-6.190728
1.874140
0.852001
4.888398
-3.681352
-7.54250
-1.374372
-0.556631
2.166708
7.503160
-3.275368
-6.158640
-9.295722
3.546717
3.857322
-2.481351
-9.78514
7.773596
3.14278
7.146895
8.690118
7.189236
-6.61676
-9.473861
-2.53866
7.814328
3.363707
-5.681986
9.906740
3.690649
-9.266939
-4.309986
-9.726635
-9.368886
-7.125138
-8.709447
-1.143361
-1.866658
4.919619
0.985304
9.566874
0.456048
-8.327820
-6.961559
5.936686
3.626876
9.997128
-4.675011
8.401417
0.706977
-4.254938
7.735419
8.370359
5.221436
9.278861
6.629206
-8.54095
-3.466292
-6.31430
-1.172603
-1.64107
6.5586
8.790674
2.662359
-7.22231
9.995427
-9.807747
-9.86200
-0.730148
6.659212
2.858695
9.895471
-2.741942
7.209574
-6.808984
-1.960505
-2.291014
0.346695
-1.769855
2.478263
-8.178898
1.126697
-2.57079
-7.856757
2.747165
-2.523518
1.815022
5.675773
-3.88414
0.600728
-8.868966
4.989939
9.452881
8.564818
3.504463
-3.294045
-7.961697
8.315164
-5.957000
-8.101000
-4.439080
-8.313584
1.136335
-3.649275
-5.61979
-4.699782
-3.39541
-5.372271
0.44667
9.342935
8.261691
5.947129
9.75002
-6.669685
4.136992
4.224088
-0.970844
5.675929
9.531470
0.142231
-6.592590
-2.300567
-2.707047
-0.813965
-6.186141
0.811686
9.500996
-9.248474
-0.885635
-1.853127
-8.768303
-7.586595
-6.137940
-8.42320
7.498068
8.534459
2.883978
-8.586167
-4.529649
1.242740
-0.617431
9.399060
-8.51108
-3.132226
8.861155
-3.858536
-5.864808
-6.850817
-1.8843
-3.354004
-3.61237
6.690426
4.574844
-3.937890
-6.593528
-5.244253
6.701751
-2.467017
-0.821231
5.650026
-4.290179
-5.26345
5.961472
6.717147
6.852043
3.864228
-4.804514
-5.556879
-4.707489
-7.302346
-7.584190
-4.686805
-8.525603
-8.151691
2.213649
-2.572632
-0.603528
-9.654794
-8.609950
-9.477839
7.612467
7.107773
2.621481
-1.277491
-7.13693
6.939968
5.816920
1.346302
-8.995130
-6.133691
-0.895661
-7.571218
9.219412
8.801715
-6.518922
8.255780
-1.876517
4.702001
3.289109
-0.894388
-0.787478
8.585275
-9.490936
1.30064
-9.870703
1.226501
2.186444
4.354060
0.384143
6.402995
6.888456
6.969344
-7.753433
-1.378556
1.638558
-4.30779
-0.44243
3.463168
-7.182910
-0.165897
-4.578523
8.832801
-7.983598
3.283030
6.49163
-1.284567
-0.277727
6.905160
2.868867
1.974310
8.115876
-3.81044
-2.971441
-6.278005
9.63503
7.165934
9.844505
2.802011
7.392513
2.516506
5.576987
-4.462410
-5.174825
-5.951311
6.203130
-1.568840
5.595571
6.811215
0.195292
-4.963416
-7.248781
9.695318
-4.103123
3.488500
-9.618127
-8.573870
-4.640297
4.578783
-8.843546
-8.787100
-5.416459
-9.847500
-6.161267
7.845552
4.178362
2.255902
1.727756
-2.471133
-7.288043
9.87351
5.418269
4.825078
-4.319246
7.559246
-8.12740
1.399212
3.803854
5.822236
-0.781925
3.878214
6.590871
2.168678
9.306952
-3.625169
-0.611829
-0.401412
-5.51436
7.751253
5.46943
-7.814756
2.358144
-6.93566
-8.384876
-9.393339
-4.480861
2.309452
2.167717
6.299766
8.176732
-7.119361
1.698653
-9.849229
-6.912519
-6.691419
-4.261525
-4.635579
7.212793
-7.280669
-1.210499
9.267857
4.363660
-4.88781
-1.611898
-6.756314
-3.147198
3.429085
3.487034
-2.888833
-0.385736
-2.24686
-3.653142
-1.112896
8.13868
5.773636
2.785541
7.530444
2.834149
-0.864374
9.920884
-0.213117
-8.860432
-9.77836
-1.198204
-3.650409
9.158574
-3.467871
7.246585
4.674805
-5.582257
5.663087
-2.217858
2.610229
0.928982
-8.786015
-4.453994
0.596469
-3.642526
5.111903
-1.860728
-3.823795
-5.25790
-9.119854
1.735236
-7.885804
5.894250
-7.997061
-5.273736
-6.42073
6.166446
4.567739
-1.8126
-8.831687
4.116258
-2.92748
7.411565
4.231285
-4.536130
-9.89038
-1.564814
2.578420
-8.792943
6.942593
0.637599
0.290591
4.720288
-0.380684
8.868249
5.341860
4.913422
-8.960014
-6.821784
9.524522
-1.188082
-3.64052
4.554588
0.37588
-3.542818
-6.344014
-7.999600
4.159670
-4.908317
8.770018
7.576461
-7.443904
-7.981448
-0.117010
-5.565523
-3.379469
1.647886
2.968293
8.402757
1.776927
3.33396
0.809764
-0.912973
-9.63313
-8.157820
5.64743
1.158647
4.836601
-0.58619
-3.195542
-6.222836
8.877638
-7.224000
6.300159
-5.692759
-8.428267
5.367048
8.25054
6.45605
1.369720
-6.251067
0.266105
9.891444
-4.592180
-3.518028
-2.201806
8.572041
0.792971
-4.316537
0.61849
9.838537
3.679999
-8.912351
5.448565
-1.868308
9.845752
4.445641
-7.826621
-7.857997
-9.82038
-4.210637
-8.982982
-8.276712
-2.315827
8.433191
5.321562
-8.892857
-4.546826
2.792173
-0.190855
-8.112591
-4.808450
2.60888
0.761350
6.534720
-1.382675
-0.23373
-8.61560
9.257502
-9.476794
8.264933
-5.493159
-5.325121
0.705874
-2.83982
-7.811403
6.282945
-3.395193
-6.523824
4.526836
-8.486266
3.129103
8.438331
-3.690661
-8.234625
5.987062
-0.302238
-9.589363
9.362559
-2.446704
2.32652
4.749347
8.372535
-4.512160
-5.413220
9.610435
-7.35538
-4.679197
-4.152028
1.678831
-4.769103
5.204129
-2.960718
-7.396694
-6.701579
-9.475709
5.46838
3.697912
4.856828
5.531060
4.763794
-5.74002
-3.74434
-8.719773
5.184329
2.219079
7.327436
9.811639
-1.293755
1.619993
4.753407
0.243003
-7.354478
5.460369
6.72834
9.637799
1.249346
-5.459365
1.979758
-8.929849
4.21173
-7.22833
2.171663
3.912028
0.156974
-4.124434
-9.806467
0.249913
0.185386
7.469716
-8.117611
-8.441920
1.483943
4.867168
7.795018
-6.968174
4.89363
8.2373
-9.35195
-9.965233
1.445183
6.228453
-6.41694
2.788440
-3.896357
-3.987335
-7.666469
-9.699457
7.578369
2.766610
-4.194031
0.914509
5.950878
-7.474800
-6.398303
-7.427419
2.653876
3.916847
8.466245
0.3807
-7.515603
-9.119244
-2.773001
-1.960819
-2.66217
1.400566
6.415688
-2.750004
-5.889534
2.869474
7.204113
-7.822282
7.468786
3.185319
1.760321
5.122855
-7.227551
-8.289935
7.493112
-0.931804
3.372621
-0.558651
-2.371698
-6.278994
-9.238985
-1.199032
9.70202
-8.506370
0.457089
-7.355900
9.755665
7.139285
6.175060
-4.603286
-0.417488
-0.683881
-5.286681
3.190631
-6.113031
-2.459768
-4.133020
9.820547
-6.377335
1.272171
-0.690374
6.908616
-7.533402
-0.341337
8.589654
3.804168
0.916684
2.299823
2.544941
4.991032
1.433442
-7.143861
-5.321320
6.36023
-8.310691
2.602414
8.299796
-2.642150
7.285115
-9.403749
-3.601340
3.328080
-2.751497
-2.158274
-0.771744
4.672236
-8.384926
6.493778
0.884747
7.418817
6.400862
8.521258
5.688620
3.952702
-1.654843
3.417399
-0.528188
-6.936596
-0.426096
-3.90685
-3.888692
-8.286262
-3.427258
-6.149351
4.488564
-5.755589
-7.69192
-5.729168
3.894020
9.848863
-6.513798
6.490167
5.622400
5.661996
9.283581
8.258898
6.776537
3.221424
8.87338
-9.291729
8.769768
9.405964
-3.754279
-6.19686
-3.638535
-6.298373
-8.416600
-5.37755
9.582083
6.508384
-7.390993
9.151304
-8.559229
8.42026
-6.298101
7.299667
8.318665
7.940640
-3.411112
6.107748
1.428467
-6.370717
5.941015
6.278115
5.44013
9.38642
9.520901
-1.300030
-8.81103
0.467810
7.784583
-6.801192
-2.407247
-6.906085
9.317392
-4.763352
-5.91393
2.718117
2.681277
-5.562958
-7.387895
8.63433
-6.224526
-3.946754
6.272143
5.15147
-4.991785
8.488017
0.993541
-0.403117
-0.857196
-4.267894
1.522280
-6.110425
9.277742
-4.100947
-3.618683
7.868203
9.633185
0.511086
1.486066
-7.342710
8.914914
-8.93572
3.301123
-2.854959
3.518432
-6.931992
1.297403
-6.295943
1.523274
1.883643
4.440483
-2.934673
3.312967
0.880211
6.651554
-5.135133
7.818964
6.212942
-2.720184
2.714237
-6.430291
5.456035
8.869190
2.463850
-8.373666
9.733673
-1.895722
7.492999
-5.552941
0.561615
-9.378083
0.400908
-7.756366
-0.745581
7.223511
-9.708590
5.649162
-8.858981
-6.601286
-9.948408
8.267638
-0.515810
-9.111247
-7.399620
-8.744787
7.831008
9.277064
-6.450974
-2.565682
-1.341372
-5.492280
-3.481402
-3.764773
-9.178881
-9.736631
-2.811690
5.137731
-3.610478
1.755632
-0.609784
6.250899
1.573414
9.978237
-5.738087
2.631248
9.364880
3.163925
-4.710250
-8.346484
-7.190264
7.190000
0.646034
-4.74175
-4.585672
5.96497
9.351436
5.697851
1.412806
8.947274
-8.899643
0.94933
4.25423
-4.205219
-1.399096
-8.269581
-2.102363
7.192778
9.194911
1.235592
-8.554100
1.276573
-4.653909
6.259523
3.104356
-2.410144
-9.324487
2.212264
-8.270105
-1.175556
8.307806
2.340767
8.497144
0.939322
-2.225125
0.456577
-2.730176
-6.913710
1.705031
-0.592
-2.264020
3.944014
9.586452
-4.282165
4.203667
-9.266408
-0.256320
8.792118
-4.550230
-3.274622
0.200886
6.366772
-0.48851
9.933738
-3.764602
9.162153
7.536535
2.695883
9.917869
7.923542
-7.921163
1.734889
-7.221841
8.879163
-4.646176
0.264357
-1.190285
7.186839
-9.651378
-3.321637
-3.681856
7.512407
-4.757304
-4.35705
4.597069
-4.194121
-0.60565
4.969072
-1.711761
-7.871566
-8.723109
2.983628
8.987192
-7.331708
9.434562
7.576709
-4.920301
5.1875
6.33666
-6.449896
4.657754
-9.94757
2.528497
-0.180816
-3.930877
-8.424856
6.927110
7.627925
-2.746844
-0.418892
4.965706
-9.101847
-4.823370
0.403930
9.395586
-0.395406
-0.597512
-3.578821
2.308405
-0.498025
3.51951
-1.693292
-8.405676
-4.692649
-6.885918
5.936398
-2.937150
0.292123
3.519546
-2.169436
5.208041
-2.260413
-9.970363
-6.350038
-6.612956
-9.173644
-1.456956
-4.906356
9.666121
-8.483095
-5.776170
2.27405
4.338646
-2.533265
-9.15191
6.696362
-3.455833
-0.407468
2.130087
-3.448447
1.344222
1.902067
6.298921
-5.456813
3.68392
-6.535928
-5.828523
1.850623
5.443407
-2.126422
-3.69104
9.995845
-9.199764
-8.618519
2.634852
-7.861721
-7.472768
0.924951
1.124626
1.770619
-6.346024
8.143365
-5.673695
5.824715
0.96988
-7.538407
-2.328984
-4.440904
-7.281635
-2.497616
-9.537295
0.261245
-8.55183
-1.218028
4.755651
2.703738
-1.630923
-9.365727
-8.275127
-5.802529
-4.590708
7.225120
-7.185258
5.703591
-8.398638
1.905250
9.601502
6.476513
6.422531
-5.113238
-0.802902
-3.870251
-1.458651
-2.241796
-3.77106
-6.545217
7.700888
1.873105
-4.19123
3.420578
-2.607790
2.118055
-1.696266
-9.430310
-1.21864
0.259282
0.813599
4.348442
-1.713186
1.699311
2.592994
5.533998
-3.714739
-3.353181
-8.636562
2.479872
-4.788363
-5.196239
3.147311
-6.613164
9.190686
-3.715483
-4.57807
1.709012
-9.878190
-5.191504
1.194171
-0.587078
-3.243332
-3.731110
-6.954640
3.554415
-8.132139
-4.900430
-2.805952
1.870567
-5.869911
-4.133933
-3.11077
2.247232
0.25358
5.971153
5.102263
2.133427
3.450531
6.657433
4.266708
-5.99425
-3.319118
-6.105802
0.72643
-6.926678
7.899743
-9.565997
-2.634452
-8.983298
2.320393
9.356258
-0.677973
-7.528870
-1.672762
0.547939
7.225166
-4.869288
1.348030
0.16400
-3.712263
5.338232
-4.544594
1.309722
-9.429903
-3.930495
-6.782652
-1.604989
-6.14580
-2.494662
-7.186316
7.388953
-8.685648
4.911869
2.173420
-2.542944
-2.463470
0.351093
8.255459
6.843724
-4.66481
8.793181
-6.380081
-8.505155
-5.729977
-6.727309
3.561443
7.941193
-9.284903
-4.907899
2.859286
-7.334974
-4.222252
-1.33010
8.626027
7.914854
0.862689
-5.768538
3.237390
-3.283824
-7.435208
-5.361506
3.968022
3.940406
-9.674174
3.375451
-8.103533
-6.805538
-0.865263
-8.21817
-7.151626
2.804821
3.290935
-8.506400
3.440019
-8.854474
-7.960722
8.352911
7.972233
-6.103593
-1.171242
7.518114
-1.28239
8.407517
2.721663
1.80351
-2.431141
7.636721
1.949278
-1.638906
8.989429
-2.436057
-9.372998
1.284628
3.595001
4.494642
-0.875354
3.357023
6.745187
5.905108
-8.374957
-3.822711
-4.536840
5.840983
6.208836
-9.596770
8.375613
-8.506086
9.857452
-0.434650
-9.308568
-6.166801
-1.43815
7.967851
4.379129
1.482960
3.876049
-1.505887
4.525549
-3.884311
-2.221081
-0.41639
-1.782042
2.331642
-8.491418
-0.340019
-2.921144
-0.110147
-3.264052
-1.644397
1.639939
7.174691
6.555012
-3.350446
0.401976
9.402086
8.980250
-8.995730
5.987316
-6.812459
8.905811
3.92290
-7.538699
7.288852
-0.826952
-0.48481
2.952751
9.899459
-5.427197
3.61513
8.203071
-2.105656
-1.294555
-2.68162
-1.274472
6.921255
-9.832177
-2.961088
-8.901783
-2.434666
6.204134
2.366478
1.612741
-7.981583
-7.372506
0.154782
-8.279553
-7.694366
-6.944006
4.499439
-5.689475
-9.452629
1.364841
-6.481160
6.574088
-8.503280
7.317218
-5.485005
2.422454
3.40408
4.433086
-9.287205
-5.257479
3.89405
6.400203
5.947993
9.170382
7.899548
-2.612930
2.728665
5.681419
-3.708031
-3.658626
-3.178651
-6.733337
-7.727895
2.800754
-5.264173
6.296166
-0.357090
5.946386
6.786231
-3.812904
2.423950
-7.584176
6.900376
-0.875828
-6.344104
-3.306560
-0.185650
-2.538136
-8.313454
-3.766107
7.218982
4.728779
8.728407
-0.649507
-8.695166
-7.764931
5.955381
5.27885
1.663864
-8.87699
-2.958018
-4.969824
-5.856455
3.345805
8.271333
9.897212
2.519609
-6.495614
7.804317
-3.199246
-1.526008
-8.208555
7.831062
-2.810257
-8.989266
2.261247
5.416410
-3.673108
6.53125
-6.902621
-7.987702
-6.43702
2.283050
-3.950504
9.695572
2.246124
-8.367091
3.13854
-4.247002
-5.214048
0.551747
8.185414
-2.633928
-9.721042
3.825263
5.217926
6.312594
0.145229
-1.695093
0.799209
0.656821
-6.310291
5.968174
3.494235
-6.182380
2.538227
-3.823023
6.2235
4.716267
-6.567299
-6.941602
4.343228
8.332233
3.708019
-9.904737
-9.617959
7.126514
1.797493
-4.644749
3.915285
2.855853
-5.501850
-0.38688
2.133001
0.505831
7.498792
-2.813460
-4.311483
9.105388
6.439323
-2.596145
8.265381
6.273673
8.589195
1.222535
-1.872425
3.560739
1.626853
-2.589354
-2.164510
-1.952324
3.345342
-4.752201
7.472429
-1.763103
9.496254
9.838899
-1.401200
8.497002
-4.287406
-2.687697
6.70081
-3.936407
-5.325364
3.402657
6.157766
8.605835
-7.593028
9.914477
7.191921
8.864683
2.45262
2.999037
3.999683
-3.669098
-9.713466
1.521564
0.654131
-2.254372
-7.395289
-0.274098
0.843122
-6.447704
-8.872749
7.557982
-3.815563
5.625394
-5.342727
4.852409
1.684148
0.608998
4.347361
-0.969317
7.927625
8.64002
6.297457
3.753053
-3.585680
5.355664
-8.526538
3.257518
6.962344
-3.653574
6.395653
-8.155561
3.635100
5.547735
-1.898678
-7.374765
2.197664
7.311719
1.474678
-8.46013
2.473430
-4.146028
-8.138143
1.265338
-8.669360
-7.209287
0.253881
-4.487290
-5.518514
-1.694912
2.18507
9.900571
8.437811
8.411332
-6.606892
-2.610171
-3.260482
-3.633418
-0.953793
7.216656
-7.75581
0.926220
-3.956840
-7.802541
4.11057
-1.513771
-7.169096
6.691049
-6.907701
1.293730
7.895150
2.185390
0.343183
-7.506672
-1.457549
7.348820
-6.938830
8.481458
7.463996
2.404958
4.515607
6.814452
-1.202062
7.632602
5.33755
-1.496062
-7.662398
-0.309598
-3.554728
9.351580
5.949516
2.907765
-0.668898
2.189757
8.272883
-3.445684
0.221931
8.770722
6.299457
2.715838
7.313595
-1.987879
-9.924080
-9.981732
4.700212
-3.504365
5.292067
9.969445
-1.567013
-2.548768
-5.803315
6.395318
3.622877
0.720758
-2.805212
-0.426346
1.596573
6.978292
-3.397453
1.925137
7.912924
-9.310331
-0.57826
-3.307956
-0.766830
-9.707332
-3.575146
-6.592202
7.561928
-2.783779
-6.489947
6.994026
5.800248
-4.832693
-1.73093
-0.738012
6.848167
-6.695625
9.249833
7.110507
2.310063
-4.684521
-7.629199
8.766973
-7.851306
7.654706
1.636224
1.392433
-3.385272
6.561251
-6.329155
5.601910
0.722549
3.748900
-1.988917
2.242136
7.699537
-9.452618
6.609934
-9.217060
-8.574128
1.654733
-8.969253
3.317936
4.566179
0.754371
5.169580
5.627269
-7.855767
6.588556
3.452495
6.273998
-3.737588
8.472464
-4.245598
-0.941000
1.697026
1.666251
1.757460
-6.355926
-2.539252
7.120240
4.217154
5.68894
-3.908008
-3.272471
-3.855362
-6.905275
-7.874828
-6.857604
-4.619719
8.218948
3.793672
-9.345849
8.677063
6.386196
6.743971
-2.403617
1.508755
-2.431503
-0.244067
-2.947998
-5.817293
-1.589542
-4.253561
5.571299
7.967405
5.655257
8.333810
-7.244172
5.258623
4.949117
1.403192
1.870706
-2.904200
8.928035
-0.731034
-5.684911
-8.178589
-6.603248
-0.332846
3.987100
4.301312
0.585505
9.185529
1.778447
-2.266807
8.910932
3.114441
0.902439
0.706431
2.770484
4.558948
9.405469
9.415940
2.327572
-1.228014
5.601025
-1.101860
7.580683
1.765313
-1.430725
-3.42390
8.3499
-9.701110
2.523072
9.430124
6.669651
-5.926564
-9.863101
2.598862
9.983045
9.486399
9.442939
0.921818
1.141270
-7.879742
-7.887688
-6.108745
3.173706
6.468658
-1.249090
2.736429
5.38680
9.44960
4.203913
-5.326760
-0.674219
-6.847315
8.464261
2.105739
1.20710
5.672605
-8.103812
2.834184
4.564830
-1.335175
-0.91695
-7.20393
-1.531481
-1.520766
-4.70757
4.197204
-6.870154
7.532546
-1.138902
-8.346846
7.519766
-6.578056
5.114107
-4.334331
5.223737
6.998711
-4.428387
6.551445
-5.929196
3.765554
-7.419983
-7.534000
1.20327
0.310521
-5.543026
7.254904
5.118760
9.754759
-9.997084
-1.926917
2.395786
-9.979034
-2.729757
-6.179437
-2.365192
-4.874131
0.903458
4.839679
4.698988
-1.652991
-5.532183
3.889034
-1.785248
-8.851285
-9.937827
6.268611
9.358702
3.152838
6.686112
5.404073
4.621331
-7.725164
8.282278
6.312998
-3.127847
-4.302555
-8.575675
2.98670
5.109949
-6.606594
-8.548228
8.330637
-3.932855
-6.117343
4.547186
1.136632
-1.243460
6.320184
-8.173779
-3.19585
4.26946
5.728044
3.528267
-9.212863
6.149469
8.275912
7.377156
-4.811902
-1.765692
7.891936
-9.143762
2.626149
-5.580615
-5.773084
6.549260
8.36990
-3.538830
8.630454
-9.926885
0.54424
-9.619665
3.687190
2.587635
-3.802912
7.901308
-2.495419
-0.689172
-6.758732
4.507931
-7.626902
5.167933
-8.125266
-2.743299
-9.583002
-2.373591
-8.748183
-7.15396
5.36032
8.654699
-7.120736
-1.842431
0.996251
-1.691993
-7.26624
5.773229
3.997419
3.736186
-4.44712
8.69802
-5.221989
-6.588402
-8.756002
8.961035
-0.758432
3.983809
0.538475
2.917848
-8.843804
0.558724
-0.570539
-5.538855
-6.631605
9.974056
-7.309506
9.253661
1.180113
-4.837045
-3.756205
7.973626
-4.144006
1.904433
-1.97340
5.235329
6.526746
-0.514567
-4.455670
4.347474
-3.958870
-8.818217
9.28021
0.326625
7.269726
-3.162383
3.965631
1.921552
2.46658
5.363072
-6.821347
-2.265287
-4.253617
-6.873227
1.179326
7.803519
-3.236214
-6.786917
8.709290
0.699797
-7.79133
-6.119855
4.311941
4.799397
-8.3009
-3.536468
-0.118751
1.309309
4.106357
7.998270
3.816169
-0.518926
2.957460
4.676146
5.485257
2.170870
1.928072
5.206144
8.442988
3.201616
7.361451
3.743841
-5.130425
0.258469
-4.550256
-8.152409
-9.901150
4.549047
9.883017
3.128702
7.985900
0.50095
2.408440
-4.921932
-4.389969
-2.299207
-1.218818
-1.267555
-7.238374
-2.786689
2.878066
6.845026
-8.722848
8.985344
-8.308661
6.178055
5.764396
6.512110
5.110987
-6.520369
-9.458224
2.769650
2.714840
-5.907869
-1.639909
-7.461217
3.524202
9.762718
0.242166
-7.845562
-3.217961
-5.861615
-5.826619
-6.521415
-4.900638
-2.354257
6.697832
-8.150181
-8.495211
7.4000
-8.430533
5.685580
-2.614168
0.455496
6.194910
-4.173775
-8.53793
5.599361
4.838941
-9.883520
-6.253469
8.956066
3.728259
9.801239
-3.599227
4.762133
-3.234822
-7.574199
2.59335
8.416044
7.6240
0.596940
5.17055
-6.93204
5.895859
-5.292954
0.671449
-0.212826
-1.583618
3.795389
-6.852138
-1.668048
-1.961403
2.346371
4.762097
4.919842
-7.509735
-6.69215
4.713997
7.799372
-4.692510
3.163232
4.683955
-8.466588
0.345072
-2.918636
8.465765
-6.221281
-2.275735
8.204814
-4.391858
-8.392163
2.802669
-2.607727
-4.449598
-4.740492
-7.740661
-7.670609
-3.743163
-7.541941
4.378685
4.621885
-7.939590
6.293202
3.61798
5.7475
-3.533722
-0.699332
-9.540815
6.321224
-7.323581
8.756747
-5.783954
-2.605511
6.688004
2.892859
-0.655064
0.440385
0.986454
4.601712
-9.458269
-1.497040
9.110187
-9.584029
2.558997
-5.484689
-3.617950
5.215792
-0.432472
-1.527506
-9.42835
-6.873497
2.157728
-3.318768
-4.682522
-2.794437
-2.178340
-6.884305
7.128017
4.450291
4.172350
-6.134129
-7.576021
-8.798334
-9.922931
-7.637815
-6.835847
-6.204795
9.185044
5.279401
-8.573225
-8.557491
-7.245591
-4.231359
-2.131530
-1.472397
8.771354
6.162702
2.862233
-6.302421
-2.494419
1.30119
-9.266666
1.878140
9.699662
0.413754
6.814852
-0.114000
4.679153
2.671031
-3.23573
-9.458187
-7.592648
0.519331
3.552922
-6.616352
6.863789
-5.647431
-5.688427
9.171821
6.377014
-4.393584
-1.295373
-4.327974
-0.239097
8.160273
0.80251
-8.770386
-6.426084
-8.393225
-0.974232
8.212578
-5.105680
3.436554
-2.599694
-3.294762
9.451864
-4.402204
5.743431
-1.187401
0.372441
-4.871182
-2.141809
-8.776972
7.812354
-4.317230
7.391599
-2.931956
-8.585731
-5.41352
0.986992
7.316019
-5.905663
-2.567651
-6.146309
-7.397085
-2.480252
-1.508767
9.253015
-8.655432
8.109245
-2.72332
9.306329
-8.400564
-8.307942
6.628159
-2.205033
-9.974077
-5.853846
3.104125
-4.428665
9.683557
-5.289039
-2.870567
3.721467
-3.654093
-8.502027
8.656869
-6.566926
2.817929
0.967583
-3.35584
-2.821599
-1.231292
-4.865017
2.836381
-9.575171
-1.561641
-1.820910
7.605992
8.605024
-6.410899
2.612301
9.31913
-8.586649
2.68101
-3.137132
-2.482424
0.110757
4.843274
8.300452
-7.943660
-0.423753
3.578824
-0.279442
-5.763426
-2.684870
1.578504
-4.68495
6.238119
-3.421659
3.70346
3.252469
-4.756922
0.847703
-7.389828
-4.736030
-8.977834
5.160528
-0.137726
-8.999069
1.865933
-6.665568
-4.977572
8.382914
5.951891
3.268958
0.987598
-2.73883
-1.154923
2.590344
-2.680597
0.369343
-6.113039
8.974157
-1.748493
4.748528
9.626428
9.993403
6.917946
-2.638178
0.92110
0.866441
-1.213639
3.890627
4.261460
-6.199614
8.473823
-8.61922
-1.640791
-0.831803
-5.666733
-7.527866
-2.564417
-8.786662
-0.577516
-8.405222
5.55090
-0.31070
0.890694
-6.788884
3.865042
-1.767059
1.896984
1.851502
9.121124
8.454343
-2.632390
-2.765342
-7.846602
2.826820
-5.344176
2.974427
4.133070
-6.1041
-0.18023
2.929123
-7.450307
7.571752
5.871731
-9.991035
-7.277821
0.915173
2.947309
8.422295
-8.159497
3.736432
-3.558321
-3.196608
-5.682363
-3.422632
2.722652
6.447464
-2.847776
-6.853276
-5.799114
8.839120
-3.911283
-8.164347
-7.880004
5.904858
-1.582080
7.772198
-7.449640
6.263828
2.215804
-8.839942
-8.581717
8.891438
-8.340855
3.318053
3.297714
-5.74011
1.78470
-7.225696
-7.487041
6.22001
-4.567010
6.680388
7.591448
3.466201
-6.759985
-2.711802
8.252766
-6.747003
5.564143
8.503299
-5.436295
-2.241712
-6.632951
-8.457314
-3.136011
-4.283825
-9.672955
-4.269393
7.336969
2.607837
0.954645
0.442757
-8.996315
-6.439824
5.607687
-4.830324
5.665393
-2.707717
2.215696
8.160020
-4.79042
-6.539772
-4.738950
2.784376
4.658604
9.121618
-1.401573
0.267587
0.433959
-2.13889
-3.510676
1.360614
-6.321769
-6.27091
-3.450247
7.210896
-7.141919
2.399919
4.770641
4.74703
3.468998
7.391819
3.802275
-1.213034
-8.547567
9.446266
0.739455
6.92527
9.245903
2.898927
-8.727973
-8.812082
-4.691027
-0.103758
8.383709
-4.156778
-5.93641
8.79517
-9.414699
4.500441
3.899689
-2.123119
2.531345
-8.929785
-0.894586
-9.843290
-6.19497
-8.565127
-9.363747
-5.218701
9.721046
7.823428
8.950371
-7.420501
5.930502
4.60643
2.257192
2.259602
-2.676754
-1.754549
1.424620
-4.414940
-6.537590
2.483597
7.389425
-8.122429
-1.355741
1.215706
-1.265488
8.952492
1.260805
8.606470
7.628956
-8.859610
0.744569
-6.662067
-7.488098
1.758512
-9.522083
1.175264
4.936755
-0.43955
-6.320292
-2.748842
-6.717402
-6.705530
-6.773870
-0.663261
9.182362
-9.975223
3.829097
-3.201310
-4.474096
2.701399
3.883167
-3.408825
-0.884452
-0.698492
2.583003
0.803475
-3.828750
-2.403283
-9.166248
9.746600
2.36655
9.748278
-8.576241
-6.524993
8.836696
-3.582488
0.421281
7.322535
-4.330205
-8.280934
2.439918
-4.8207
-3.724036
-2.361274
7.99534
5.604827
-1.368728
7.736685
-8.426362
6.879150
8.345504
-7.192240
-5.828183
-4.654137
9.368594
-1.587262
-0.113615
-4.776404
1.978912
8.403740
-1.313840
0.745868
1.964453
-8.62190
-3.47719
1.790440
-8.872842
5.716206
-7.159420
-4.49040
2.666001
5.966573
-9.958965
8.399915
-6.650699
7.327202
-4.517900
6.140577
-4.415566
-5.769230
-6.113423
9.310000
-9.34851
4.632511
-9.757118
-5.293617
-3.829272
4.510400
-4.113407
-5.100852
-5.909180
7.335879
3.126818
6.279154
-5.338725
2.353250
4.662226
-5.105790
-6.949206
-1.835542
-0.330189
-3.99148
-8.108994
-2.318690
-0.160857
6.769842
0.472846
-7.304121
5.920597
-2.737840
1.525081
2.428446
3.241584
2.999346
-9.366949
0.585157
-6.431237
5.767165
-9.619692
-8.102227
-2.799268
-6.169053
6.514756
-2.995900
-0.891639
-6.57052
-4.845388
8.435225
4.932355
1.285983
8.880707
7.14013
-3.301401
2.335513
1.984096
9.375302
-4.795327
-7.233367
9.477193
-4.963754
7.947243
-1.469092
6.441395
1.105737
6.494168
-1.973637
9.129302
6.908751
-8.79151
7.292897
-9.652216
0.956378
3.890786
0.970198
2.706864
-2.992425
-4.916637
6.292183
-5.586993
-9.217070
-6.984749
-0.287089
6.138105
-8.839197
-9.725879
0.331303
1.998067
-6.70555
3.749430
2.544590
1.419788
6.838621
-1.753827
0.639507
-0.601398
-4.133669
5.759012
4.90379
-5.552872
-2.258346
6.499699
2.929147
7.503068
9.112249
8.243239
-6.119255
9.216370
1.967574
9.181402
-8.928494
0.942272
1.691134
-5.494873
7.975242
0.487790
9.274748
-0.667419
-5.663871
7.367362
-3.494620
7.139291
1.237514
-3.111560
3.547959
-4.186219
-6.144090
5.38890
-2.662335
8.104804
-4.919169
-8.363777
3.971030
-4.637373
-8.382226
-7.350542
-9.785560
-9.806535
-0.146190
-3.772098
0.382015
9.904433
0.797978
5.753784
2.266725
8.312042
-3.926583
-0.352392
-8.805945
-4.434760
6.606200
-9.847589
0.814571
1.711956
-7.684008
0.795038
-0.198561
8.587724
-3.968712
9.552918
5.928794
4.48214
0.791306
-3.96397
3.149916
5.817739
4.966759
-7.898889
2.904312
4.161923
6.443820
-8.615666
3.98247
0.205892
4.176035
-0.791753
-2.365087
-0.338974
-0.582158
5.384232
8.696308
-7.640938
3.582064
4.817904
5.93120
-4.608072
0.125095
9.391805
-5.995928
-5.389823
1.159113
8.232592
-1.658475
-1.260772
5.135879
5.433713
8.488365
1.266594
-8.183641
-5.627466
7.792698
-8.639508
-9.750859
-4.257702
5.849577
9.218873
-6.157341
7.546422
-8.241442
-7.308208
-1.680007
-8.20445
-8.3164
7.210228
-8.492246
-0.425985
7.135871
9.263351
-9.200229
-8.975139
-7.461550
-5.334929
0.344219
-7.147896
-5.39436
-3.638366
4.411103
7.362364
-6.758743
-7.300233
-7.614300
-6.9995
-0.643178
-1.264707
-1.615932
8.579136
-1.373190
6.671789
-5.21355
4.696035
-4.487684
-3.76310
-2.515062
3.807106
9.646317
-2.557645
2.483429
8.43187
5.16622
0.636669
-5.362113
3.170858
9.881481
-4.387256
5.803375
2.201979
-3.221434
-8.272842
1.234919
-4.866409
-1.467545
5.685330
8.13409
6.644016
-0.292801
-3.124753
-4.719008
3.448756
0.502140
9.416866
7.888969
0.406134
2.561023
7.385049
-8.201672
5.140855
-3.792949
3.641383
7.729343
2.589804
5.343083
7.867645
-8.817998
-2.624677
0.642236
-1.190401
9.987504
3.254979
-7.265668
2.254490
-2.604208
4.782365
-1.990645
-2.242457
5.698169
2.650582
3.740801
-7.204186
-6.489494
-0.131568
8.30922
9.76527
-7.707220
4.484024
0.308342
0.381844
-3.361739
-4.557328
-4.126346
2.798136
-4.678854
5.627935
3.513025
8.152121
-1.169901
6.208601
-3.491326
1.5580
-6.39046
-9.824688
0.682404
2.183699
-4.659994
9.101935
0.751978
-5.308294
-4.937817
-5.381349
-5.359427
3.877899
7.551979
-8.928943
7.601670
-2.277379
7.989151
4.528976
-3.795050
9.181818
-0.213903
-4.566708
9.522017
0.275038
-0.453705
-7.120099
9.877286
0.927871
-7.996806
-1.59065
-9.185637
4.866512
8.475433
3.178453
-2.191975
-3.175995
3.716094
4.596956
3.126875
5.243669
-2.845038
-7.806762
-9.523092
9.546007
-9.804452
-6.900095
3.626669
-6.489675
2.501739
2.490614
1.638118
8.158155
9.650137
-5.603376
-4.841968
-3.303264
4.140069
-2.196965
9.434527
1.849561
-2.17485
-3.123935
8.35425
7.776442
-3.492737
-2.925340
-8.250246
-5.667199
7.805858
-9.793099
8.388943
-4.438428
0.264668
-0.907107
1.395400
0.566704
6.321114
-1.285299
-1.981639
-1.879168
-3.533908
1.34923
3.605775
2.347545
-4.412667
-4.159459
-7.374835
6.715216
6.893920
4.345473
1.403086
-5.633300
7.610993
-9.920648
-8.822354
-9.325200
-5.354527
8.193285
-2.992321
5.590197
-6.747308
7.918005
4.508012
-5.331053
-2.261531
0.727551
8.812168
1.836498
-0.85840
4.58185
-9.149053
2.892353
-8.323007
7.79494
4.476657
-7.992569
0.753987
-5.652098
-6.918471
-8.447025
-9.583234
1.762888
-9.102936
9.730723
-4.83249
-1.982868
-1.754781
-2.269866
-9.237762
-0.167142
7.648204
-2.428255
-7.458006
4.212765
-5.56290
-5.766463
-4.554485
-1.265227
-9.735188
-5.50208
9.301178
-8.637150
6.466829
1.629575
-9.688530
-8.153055
6.15720
-5.546863
-3.882232
-3.456650
-5.717141
4.246939
-8.325286
-8.55117
6.683508
-6.777356
0.352235
0.646572
-8.930235
3.957338
9.411376
5.424200
-3.940418
1.934388
6.618877
1.50173
-4.27445
9.588826
-8.32246
1.60189
6.271921
-2.968618
-7.787432
-1.227895
-3.919583
6.34674
-5.275281
-9.140770
5.210710
-9.367333
2.67289
0.544071
1.560971
-9.443274
6.762449
0.202005
0.55650
7.675619
0.224837
1.117186
-3.342710
-7.280081
9.386202
5.117843
8.376690
-2.814322
-2.964562
-6.887559
-0.688491
-4.399604
4.81088
-4.521215
-7.688604
3.403391
3.377119
-2.529371
-9.927525
7.846863
8.911803
-4.849408
8.59714
5.577308
-1.495317
3.858360
9.626063
6.77228
4.413859
7.691608
-1.102446
-8.871210
-2.147791
-2.758546
9.499910
0.274435
4.199966
-7.653193
-1.448437
-5.582966
-0.944339
-0.737400
-1.361752
-6.898485
-9.901516
-4.543099
-0.226623
9.361913
0.961986
0.470721
9.251333
5.699274
5.696655
-4.819543
3.128894
3.636379
-8.716709
1.512300
-6.100380
2.927512
-4.652602
6.410799
-0.73314
7.304290
-0.862273
0.763526
1.798836
6.651818
3.492016
9.767868
-9.578692
0.868829
-9.408381
-3.526398
-0.154069
3.709261
-4.218723
-7.425429
9.207644
-2.527356
-0.855285
0.959117
1.538126
6.805319
3.96591
4.24484
-3.741730
-8.965038
-2.206707
-3.599821
3.71894
-5.759174
-8.105166
4.699534
7.330218
3.375842
-9.116285
9.866735
-9.762659
-5.296073
9.267548
-8.739425
4.96885
8.748309
3.736449
7.215372
-7.894341
0.24783
9.999422
9.574959
-1.762398
8.449728
-0.79714
-2.706834
-7.136407
3.981376
-0.749873
5.216334
6.345795
-9.344965
-4.846368
-8.921898
-8.330731
4.694383
1.228742
5.264026
-3.692428
3.630233
-8.976882
-5.978681
1.448055
9.168905
-5.880656
7.680192
-1.315823
-4.40350
5.69145
0.780199
0.230997
6.420963
-9.441406
2.54726
4.743353
-6.70651
2.259804
-3.447221
-9.614276
4.27196
4.418667
8.650835
-3.552315
7.518529
7.438673
-5.676182
-5.409086
0.866129
7.827689
0.502545
-3.4579
-4.343377
2.13972
7.464419
9.379977
-5.157652
-4.993990
-8.204812
-2.346822
-5.972812
5.895685
3.862792
7.295094
-8.150351
-1.999641
7.102668
-7.13733
3.25343
1.552015
-0.757083
-4.151390
-9.153603
-3.447263
-9.584683
-7.84394
3.417773
4.744650
-5.506816
-9.54047
-6.763090
-6.620136
-3.629766
2.684411
-9.281693
8.402382
-0.426455
1.544270
6.749815
-7.764256
-3.418063
-2.200399
-3.39654
7.765916
-7.739687
2.78616
9.815046
-2.567999
-8.351208
-7.190015
8.669140
-7.29314
-5.421927
0.33286
7.310655
-9.838717
-1.218219
1.350581
2.13159
9.712769
5.503457
5.664667
5.816534
0.588824
-2.698654
-1.911363
8.145687
3.828080
-6.502812
-1.952404
-1.941111
-3.886996
-7.23163
0.872914
-2.718516
7.816009
-3.244009
-7.817562
-4.621021
-2.5592
0.193996
-9.339019
-5.469977
-7.41499
3.570521
8.884050
6.820804
1.599001
-6.85575
-7.326389
3.1509
-9.679800
-4.993225
-5.791022
-9.178368
-2.853916
-5.761734
8.14805
-3.473913
9.641870
1.987433
8.968065
6.470761
3.518686
-1.17458
9.169240
0.339097
-6.738335
4.700868
-6.364069
-0.733531
6.519601
-2.61299
3.344954
-9.928417
-5.349507
-7.41329
-5.824687
8.782231
6.32240
7.384750
-1.873976
2.179718
2.811554
-3.44153
2.88589
3.315128
0.969154
4.98174
8.659751
4.328458
1.608081
1.950333
2.342327
-9.302751
4.881765
5.732259
0.193329
-2.36015
5.961185
-9.332910
-5.401071
-9.717975
-2.344919
-3.626859
6.8563
-9.355890
-3.226522
-1.928794
4.277642
9.272601
7.847478
3.359897
-5.22282
-4.646185
-6.792113
3.32303
0.230938
-7.324470
0.927424
-0.732255
-2.67422
-5.57358
6.136043
-4.678509
3.471155
-7.912098
1.249950
8.161688
2.716030
-7.874162
6.968994
-4.917949
-8.955355
8.426131
4.957136
-3.556933
-5.614117
7.838857
-0.159949
-8.887739
4.294827
3.745043
-9.565582
3.844132
-5.194176
5.924179
-5.582796
-5.400966
4.703158
-4.416796
-7.306841
-1.957066
-9.908477
3.813470
-0.383258
5.572643
4.842780
-0.410915
-4.471441
1.740388
7.575565
2.462318
2.318598
-5.132463
0.330045
-1.384832
4.337407
4.318237
9.682533
-3.590244
5.961813
0.92067
-1.726050
-9.945695
2.111487
1.384898
5.239165
1.740731
-5.290562
0.75465
-5.61292
-7.554884
5.996955
6.328687
-9.363549
-2.1153
-5.814140
7.645292
-6.938227
-1.680739
-3.96864
-8.311223
-2.237078
7.258436
8.991408
7.282390
-8.516215
-2.546642
9.208260
-8.667252
-7.546565
-7.324365
-3.576367
-8.61326
-1.724937
5.678686
-2.823824
1.915868
3.695549
-3.453429
-3.781327
-8.256886
7.434991
6.828949
-3.283800
-7.679445
-2.17037
5.627069
1.154832
-8.571257
-9.524380
-5.143769
8.256998
1.101146
-0.934649
-0.265268
6.375393
8.781238
8.578501
-9.459092
7.606613
7.567631
-0.666509
7.28672
-3.199094
9.419064
-3.883620
5.449290
9.999238
6.261717
-0.690157
4.65884
2.162136
5.413905
-7.650140
0.154642
-9.606855
4.56522
6.130712
2.500608
-2.253820
-4.398376
8.594398
4.615236
-3.45683
-6.369445
5.302734
-5.253648
8.519777
9.163269
9.192274
9.664348
2.696178
-4.437923
-4.434606
4.885322
-4.725487
3.355075
5.223375
-9.813274
3.935545
9.280346
0.397209
-1.997325
-8.494601
-8.22825
-5.252991
-8.791955
0.212590
-1.161962
-4.624325
0.402557
-7.345977
2.598040
-0.741278
-6.854078
-6.305885
-5.399433
0.421076
1.374237
-7.971243
0.371664
9.272551
-2.370083
-8.618535
-7.452513
-4.757339
1.807556
-4.925536
8.367358
4.462647
-0.630597
0.184258
0.520840
-9.154020
7.578400
-6.816804
-9.638577
7.319322
1.587980
2.122867
-9.548307
-0.266857
-4.140847
3.284669
7.923248
4.427014
-2.101853
-7.379902
-0.649533
3.801336
3.839257
-0.102258
-9.895592
-9.105696
-2.867455
6.600680
-7.611764
4.191913
-4.783015
5.752428
-5.79151
4.910133
3.429633
-1.191194
-8.348838
3.997317
2.953434
-7.372120
5.56345
-6.626792
-5.206330
1.859616
-6.853509
5.877912
-2.184790
-4.213743
7.908138
-6.853475
-0.462362
8.351628
-7.355313
-9.312675
4.842323
-5.323498
-2.410952
7.939436
-2.542335
3.831413
-2.998584
9.826862
6.101381
-5.384940
0.104025
-7.720972
-7.910624
-7.54523
-2.149987
6.150450
-7.428033
0.555432
-2.159440
-0.446387
-4.275889
2.501457
-9.517354
9.24723
-5.720955
-8.546893
7.356012
-0.94323
-6.146157
-5.866829
-4.569014
-1.127738
-9.350147
4.679898
-4.540075
1.989366
-1.859183
6.664464
-7.748422
6.212439
-6.925103
-6.539496
-2.260238
-7.997952
-2.356218
7.452319
-8.985763
9.384581
-7.720559
2.669487
7.194106
-8.53952
7.266834
6.382811
-3.426606
7.635525
6.556463
-0.61784
0.245811
2.287406
3.20693
-1.563744
-6.11591
-9.263439
-4.482834
-9.209852
6.433858
-5.46740
8.196610
-2.148242
6.630427
-3.84620
5.533967
-3.755056
-4.262193
-2.411594
5.655580
3.496266
6.350936
5.423799
-7.933397
7.41132
9.317309
7.28762
-2.591007
3.430649
-7.699566
-8.954221
-2.256400
3.368265
9.93574
3.453022
8.526703
0.326210
-1.631334
6.924910
-4.900437
3.24477
-9.827419
-4.505873
8.240784
9.662579
-5.855880
0.838300
7.913953
-2.828680
-9.994074
-3.582069
-8.88931
-5.865595
5.852214
-1.498535
-0.845692
-4.694642
-8.590500
7.640624
8.275663
6.227888
2.935168
9.653903
9.268710
-7.873164
2.920286
-0.936780
-0.765208
-3.553258
9.709486
-9.650683
-2.917677
-5.821536
7.900837
3.396364
-6.487048
2.512418
-3.859830
3.410534
8.25913
8.216394
-6.80398
5.674153
8.928662
-1.663435
0.409712
3.529536
8.201199
3.47905
-9.677573
1.914923
-8.955139
-4.282447
6.518045
-5.963348
0.975168
-3.990143
7.428701
-2.605106
0.556265
-6.24368
-7.143746
5.864780
-1.525358
7.993613
0.698613
8.643759
-2.825116
7.618868
-0.435549
5.850127
4.562644
4.169852
3.345903
7.19460
-1.886662
5.840870
2.927972
-2.381872
-0.734122
-4.178647
-7.146723
8.593489
1.801392
-3.321181
-1.116204
4.677981
6.996655
-2.500927
-1.344960
9.52314
4.680063
-6.371953
9.509117
-8.616912
6.688953
-7.972909
-1.79835
7.351200
7.405871
9.195751
2.87317
-7.126863
-4.516945
-3.87113
5.889531
-4.778159
-3.142922
9.879089
4.917588
8.476189
-0.249891
-5.385419
-6.992613
-4.389218
5.896415
1.630410
8.269183
-1.842094
4.333718
1.605368
8.709358
3.358456
4.408262
-9.884247
-2.403322
4.687145
7.708625
-2.547599
8.555265
2.137496
5.522747
9.281982
5.542066
5.852648
4.300840
0.292526
4.89513
-3.351075
-6.472653
9.888187
-3.41162
-8.214173
8.792640
-1.285528
-3.565702
9.562282
-0.905678
9.348721
-8.766209
1.491860
-3.647396
1.942174
-4.251002
-6.498496
-5.568901
7.865541
-6.108263
9.5694
-6.105433
-9.479096
-0.747829
4.467083
-3.402487
4.128813
-4.15061
7.845718
3.462366
-8.921815
5.91492
-0.476753
8.449433
2.567047
-0.76472
-3.770349
3.934205
5.133742
8.963947
-7.814146
-2.65763
-0.452303
6.14684
-0.367596
-9.485919
-6.620654
-8.270297
1.520103
-4.235611
-3.557790
0.492334
-7.628324
9.993913
-7.787873
2.26345
-3.595463
-2.140393
-7.676196
7.48590
3.752645
-6.193826
3.979975
-7.587847
3.983226
-9.216808
5.914121
-6.845515
3.945195
-5.346902
-9.14585
7.795094
7.237839
-4.311476
-6.547041
2.828482
6.125367
-2.607406
2.995839
-1.359827
9.902276
-5.246385
7.335432
7.346799
5.274397
0.906101
-2.784608
-0.505380
4.241514
2.152855
-5.320697
-4.981332
0.844940
-6.924199
-7.290604
-2.960086
-9.116749
-5.223769
-8.643015
2.286978
3.535263
-2.918809
6.232710
4.747508
4.741975
-9.312209
7.253988
-4.241736
-2.366506
7.140490
0.923515
-7.134209
-9.18957
-3.913191
-6.712767
6.143026
-0.659126
7.529322
5.775346
9.638714
1.304984
-9.94853
-8.989655
9.834328
-8.69425
4.501901
0.91843
7.472352
1.383549
-2.952099
-4.497682
2.39211
-0.44551
6.746412
3.892302
-9.224197
2.87009
-5.218376
-8.892738
-0.992952
7.143156
1.299570
-8.80051
-2.536259
6.548682
6.379143
0.137966
8.33331
9.594562
8.597004
0.195723
3.695704
9.224504
-0.771778
-2.171855
-9.526863
2.338703
7.731923
9.662523
-2.30403
6.787664
-0.948339
4.551640
-2.158470
-8.515243
9.546964
-1.961478
3.845796
-8.450997
-8.669819
1.11567
-8.619397
-0.309232
-8.193826
-4.776734
8.639343
-4.160796
-6.995411
2.176520
2.331388
4.573371
2.65490
-9.536152
6.209862
-4.858398
-6.653616
-3.155083
-8.701501
-1.24795
-3.787488
-6.19982
7.542647
8.271116
-2.273383
-3.224269
-8.122665
-6.31888
3.429768
2.162101
-0.679884
-1.201993
1.707290
-5.847878
-1.449341
1.705504
-9.909454
-6.184182
-6.690486
-0.456480
-9.625980
6.595783
-9.906556
-8.140141
-5.865394
7.775825
-8.246185
4.446441
-1.48030
9.236100
8.68151
-1.815319
-0.13938
-9.206656
-8.697293
1.242880
-7.584038
-0.359785
-7.85656
-0.740477
3.453645
8.937749
7.394781
3.532032
2.197380
-5.872871
-6.780361
-2.829303
2.203880
3.110930
5.6933
-9.34221
-3.304931
-7.209266
-9.887368
7.237335
-6.34994
-3.526528
7.158380
9.11284
9.837691
-7.189400
5.914435
-3.26734
4.249306
6.279443
-2.876379
0.140504
4.431603
7.835333
-3.124874
1.753873
5.660079
0.754624
-1.53188
2.269505
1.309149
-5.952481
8.28805
-2.258353
3.268406
-4.582249
9.750457
9.561607
-6.257671
7.726015
4.720328
2.275604
4.434722
-0.872416
1.599970
9.971426
0.692537
-2.161386
-0.437413
-6.769922
-8.922006
-0.802748
4.552653
6.119675
0.822797
1.819596
3.380298
-4.648630
2.411920
-2.239708
1.368796
6.657389
8.541615
-4.50281
8.958092
-1.49805
1.907670
1.282144
5.251186
-6.588820
9.21061
9.784590
0.155010
-5.83396
6.442164
-6.831285
2.254889
4.405512
-0.411837
-8.776685
-3.237274
6.231964
0.596206
9.882653
-2.210982
9.403988
1.797621
5.772177
3.976288
0.370928
-9.646751
9.721609
4.252891
-6.782213
7.876207
0.492967
2.198648
-4.417274
7.947339
2.523679
1.767818
5.217170
-5.656324
-3.756642
5.85169
8.600421
-2.133684
-9.972550
4.6179
6.162761
9.735333
6.477520
-2.104936
-1.246489
4.301186
6.447305
-3.637889
2.154209
8.284793
3.522281
-7.237603
2.77509
7.796313
-8.646906
2.411502
-7.966308
3.320643
6.673156
0.473824
-4.186339
-2.301676
2.620359
5.359556
-6.208297
7.890519
-4.524096
-6.709449
1.612967
-4.690848
1.981974
2.132756
6.911231
1.278566
9.372403
-6.439230
-5.296586
2.875424
3.329985
2.330831
7.162755
-1.348037
4.156986
-5.150757
5.158369
-2.310375
8.50982
-2.313794
8.452160
-3.139234
-6.848842
3.800025
7.778109
-4.919805
-8.101020
-8.530053
9.613773
-7.876278
8.543368
6.228011
-5.137407
0.253530
-2.225490
-2.964516
9.232824
-6.468225
9.77244
-7.389171
9.279431
3.78009
1.599385
2.522665
2.712239
9.808741
6.479280
-1.398578
3.877010
-0.965557
6.494366
-9.431949
4.433892
7.316334
-1.944708
-7.64420
0.111626
9.703699
3.887044
3.275434
6.261500
-1.388610
-8.401126
9.920103
-8.715425
-7.528932
-8.841494
-1.369583
2.97776
-6.619669
8.840786
-7.556909
-8.329697
0.791239
-1.947847
8.544464
-7.389832
2.995935
-8.728648
6.14036
-0.817656
7.633875
4.410994
9.99256
8.14997
-3.619277
-3.460164
8.681988
-8.472096
4.233884
0.242787
-4.760304
8.207751
-1.469900
-3.499560
-2.12156
7.536619
-9.947149
-5.613329
-0.116584
2.592934
-2.915871
7.125951
-9.552872
-5.20577
-0.444209
-5.917288
-3.829648
-3.693575
-9.721365
0.959759
-0.710061
7.638851
2.640770
-2.331427
1.725819
-9.443225
-7.460160
-5.458613
4.427032
-9.115655
-8.767267
-1.142174
6.448127
4.704081
8.376894
6.995074
-2.611591
-8.689948
1.327122
-7.188753
5.835072
7.731005
9.486151
4.169735
-7.318686
-0.893564
8.295306
-8.902616
1.892717
-9.503326
1.694204
-1.175411
6.618502
1.147896
6.644076
-8.800156
3.92067
-0.463615
-4.889767
-4.313906
7.368039
-5.786731
7.744859
1.690550
3.844239
-2.582819
-6.385012
7.378763
-5.254019
-3.854255
6.368224
5.630999
-5.889937
-8.147540
-1.57193
-8.486638
-5.813086
8.331843
-6.978230
-3.644964
8.351722
-2.276358
-8.626985
-4.505755
-3.576916
3.896
4.577852
-8.399850
6.446858
-6.92291
0.682759
9.102653
8.622353
5.503070
-3.951705
7.328851
0.217325
0.518493
-5.643822
0.330978
-4.950568
-0.870818
4.239078
-5.945285
-4.620629
8.871358
2.184110
-8.371972
4.766787
-8.379490
-5.855044
-3.61524
-6.791640
-1.672377
8.209492
1.496252
6.533554
5.415602
2.542246
0.876696
7.511243
4.644998
-1.380614
-8.856798
-8.576618
-0.491781
-1.931138
5.628365
-2.618309
8.28440
2.222439
-4.150875
2.200918
8.611646
-5.328344
-3.4346
4.511010
0.548797
-7.973329
-3.100449
6.276943
-3.874207
-7.986469
0.405369
1.803285
-1.906060
-4.693594
-5.732146
-3.404614
-3.285947
-3.285545
4.881948
-0.752858
6.278888
0.833190
-9.508733
-6.280947
-3.113674
9.635279
-7.464073
5.661198
8.932743
6.462285
-8.934392
-0.993412
-8.484043
9.894279
4.767834
-5.653506
-3.40975
9.514340
1.899600
-2.521907
0.433137
9.522309
-8.592708
2.583097
5.703423
-2.169480
1.902235
4.187635
8.827576
3.220360
6.86141
-0.252862
-1.521011
-4.948375
-8.299551
8.720915
3.847748
-5.144123
-7.303941
2.259947
-4.958073
-6.365415
7.991739
8.804735
-6.698683
9.990473
-4.784556
-3.670963
9.131331
6.614315
1.609120
-9.97938
9.86727
3.168195
-4.958143
4.159994
-3.943228
-9.726434
0.697245
5.199591
-8.453832
-7.578813
-3.794693
-6.171538
6.141372
-1.520098
9.28631
6.31073
-7.155193
0.253990
-9.587411
0.113528
9.230461
-5.929949
-0.16727
6.189478
8.955027
9.130636
-7.354563
1.307195
7.570145
-9.785235
4.566757
-5.485084
-3.224765
-6.743941
8.235312
2.609401
-1.658050
4.45802
-9.4951
-5.505682
1.610456
8.146671
-6.802217
3.718465
8.931865
-0.471050
-1.367091
-6.807887
7.531076
3.640421
-7.765802
7.654032
-2.235060
-4.525613
8.231521
-5.824164
-4.434177
5.932475
8.109903
-2.52956
0.63223
-4.223813
-2.503457
9.126922
-1.870852
-3.454207
-2.2741
7.690856
-8.80706
7.144538
-9.420738
6.519763
-6.104635
-6.10277
-3.922448
2.322071
-7.680196
1.363913
1.697463
-3.211922
-2.64064
-9.19690
6.249186
-1.503964
-0.309638
-1.930432
-2.190512
-4.40405
6.896236
-5.384260
3.73784
-1.28033
-4.987172
4.421953
2.8356
8.584527
9.153731
-7.686005
2.937614
-0.956559
3.403732
-0.732575
8.946499
-2.182844
4.451886
-5.192426
-0.726535
-7.767114
-9.678076
-0.189589
-3.997222
1.681393
-6.261791
1.503955
3.911849
0.827816
8.665936
-5.133073
0.785985
1.4555
2.722101
5.979702
-5.870800
5.833511
-1.838844
-5.895156
-5.586974
3.584382
-5.57032
7.491596
9.811928
5.938113
-4.635430
-6.817676
-5.216749
3.768185
0.180760
-4.697363
3.601460
-7.87480
8.828659
-1.854924
7.364020
-4.101386
3.603681
9.299106
-4.499127
3.902383
-4.125596
9.471103
1.459811
2.330174
-7.61894
-4.9418
-9.555313
-3.538425
-5.853909
-9.121444
-8.409060
8.773789
-0.739932
3.603065
-0.334004
9.568180
6.123269
-6.248724
5.196379
-0.696050
-9.928749
-5.528639
5.66850
8.404743
5.913596
-9.957427
-0.153976
-9.623274
3.664429
8.292920
7.927481
8.177356
9.546353
4.977931
-4.318617
-2.663008
-8.987818
5.913770
-6.946583
-9.972872
-3.630431
5.328322
-9.323981
3.390045
-3.645931
8.941995
5.813713
6.933410
6.33458
-3.310238
4.492503
6.992650
-4.339320
-8.115713
4.242926
-8.150907
1.797082
-4.851781
-7.938277
-3.237352
-6.41926
0.795832
6.192778
-5.779119
-9.532785
-8.772393
2.193656
-1.784392
-0.942019
-9.645825
9.868681
-1.757371
-6.156569
-1.873904
-2.332125
1.693515
-7.383717
-5.765500
-7.255922
-5.888441
-6.522352
-2.133806
3.715452
-4.639316
-2.21110
7.103761
-5.70880
2.686845
4.836142
-3.973400
-9.303266
8.900370
0.560545
9.476569
4.943913
6.979010
-1.386958
-5.361412
1.686766
-7.821391
-8.411112
2.324610
-2.351960
9.649731
1.91827
-4.10373
1.615236
-9.290133
2.800564
9.918803
9.49644
-2.199086
-0.533641
4.768760
7.60111
5.945157
-6.527659
7.394848
-3.749922
5.912671
-0.889200
8.982775
9.610117
0.815421
4.591608
-8.915296
6.765494
2.529162
1.116767
-5.182372
-7.96424
0.237333
-2.962412
7.139974
-0.419750
-7.893569
3.88155
-6.135097
1.324528
6.973366
-4.516765
-7.971665
5.86210
-1.877687
8.631210
5.406889
9.149882
-9.904200
-3.64691
-4.897629
9.315685
-0.724413
-3.622938
-1.621379
-4.535157
-7.472233
-1.864254
-0.476715
-6.838778
4.99914
9.442495
-8.962945
5.414950
-4.277274
1.173538
-9.556197
7.802468
-8.516858
0.350816
2.145222
-4.357091
3.535892
5.653289
3.795494
3.872897
3.516708
5.617465
4.874106
7.158126
-1.50568
8.965414
-3.218349
-3.17434
-5.501960
2.293305
6.926628
0.906866
-5.98272
9.461209
0.383512
4.448743
-0.99396
-9.331121
8.42516
3.27208
-5.975087
-8.442349
6.747814
-0.924693
-2.840154
-2.155770
1.195930
8.529230
1.325310
4.863314
2.48841
-9.882249
-4.497355
1.284617
8.885809
-9.384204
-3.745215
-5.703545
-8.276628
9.450072
-1.33535
-0.953644
-0.633619
-7.171730
-7.545540
-3.138561
9.399536
8.427861
-9.587361
1.404201
-8.454644
7.197427
8.74897
6.867574
1.16503
0.845486
-3.542998
4.304968
-2.660628
-8.967991
9.574019
-3.560259
4.808959
5.817475
-9.903128
6.468081
4.896536
8.450062
-4.832204
-4.352295
-4.944054
1.157370
3.945886
5.459573
-5.870163
-6.272251
-8.771695
-8.800735
-7.754530
-7.769496
7.733482
-0.101134
2.69877
-5.747314
5.1019
-3.363848
-5.681286
3.12685
-3.179364
-0.841951
-4.484790
-3.198252
3.542596
2.326781
-2.917338
-7.184692
-3.145979
-6.665032
4.224617
-5.140588
-1.797942
2.657087
-7.875393
0.398745
-9.686717
-9.642176
-8.504669
-3.594947
5.681041
-3.66538
-4.4582
8.228654
7.356242
-0.973574
8.311613
3.404082
-4.614830
-2.141495
6.996762
-6.876347
-7.138554
1.268172
-5.12511
-1.365111
5.201810
-5.439945
4.264210
3.336934
0.323151
0.963829
8.915908
9.460980
-8.805187
7.307570
2.366875
-2.702523
4.956689
9.634042
0.845882
3.789602
5.531741
0.593232
1.719082
3.749181
7.657103
-5.303517
9.59801
4.573491
-4.986081
7.294334
-1.407301
-6.914481
0.149454
4.92028
-8.140017
9.11585
-4.630324
9.293148
9.336993
2.117712
-7.599136
7.697172
9.905504
5.512968
0.859838
-2.796638
1.58594
-1.602395
-3.62085
7.316249
-8.121786
0.75845
-5.738954
7.379251
7.713213
7.914295
3.802366
-2.953579
-1.425074
5.202932
1.130542
-6.98854
4.22349
7.599539
1.889746
5.582045
9.171669
-7.805293
-2.776066
5.420981
-8.890454
8.267270
-4.281305
-5.354414
-8.483215
5.76602
6.414861
8.72938
-9.685933
4.315930
-2.279178
-5.730168
1.228393
-0.545510
6.544418
0.454683
2.706952
-5.103590
-1.114529
3.164843
8.973817
-0.188345
-2.390928
3.120268
6.492256
7.396638
-3.415461
-0.753096
5.214838
6.93103
-8.808874
-9.768956
9.240620
-1.21523
-6.466079
9.90209
5.454162
-6.489152
8.784469
0.26047
-7.529816
3.91305
-7.957036
-6.322698
6.282856
1.349225
3.9192
-0.453358
4.818017
7.734049
-6.849946
-1.688581
2.438300
-3.457327
-7.898633
-1.254474
5.921490
-2.831492
-4.221226
4.854586
6.824674
-1.940366
6.486968
8.705102
7.616289
-5.202962
7.38978
-4.611202
-0.408786
-4.732553
8.124901
-9.82942
-2.763391
-8.90579
2.419908
-0.517883
6.766433
2.658397
-0.679839
7.132424
-2.266552
2.448521
-9.883266
-5.9086
-5.283308
-7.637270
-3.325446
7.785678
3.849459
9.770718
-1.887691
1.541403
8.704924
6.832520
-3.178347
-9.358696
-0.576529
4.387176
9.918191
2.94713
9.649294
-0.223187
5.899336
5.473834
-4.4558
-1.944119
8.810401
2.369837
7.797176
-2.772259
-6.943860
-1.62181
3.124798
8.982273
-6.192749
-2.6830
5.578139
-1.748473
3.303512
-1.92715
-0.919503
5.638865
0.857610
2.731608
-7.642435
-2.768437
-8.984664
-3.383997
-7.837261
8.811702
-7.402035
7.257552
0.117794
1.882097
8.24294
-4.581649
-0.981927
8.551883
9.661352
2.591160
-3.629918
-7.721485
-8.444396
1.439799
3.173617
-0.871303
-9.23336
-4.207854
-4.206035
0.805039
0.613934
5.35871
-4.258771
-8.623893
-9.895548
7.683469
5.821500
-1.777954
0.453180
-4.200792
-8.832492
2.783019
-1.793574
9.14654
-6.812006
2.726275
2.339110
0.148792
2.223554
1.224750
-0.227188
5.893490
1.461494
-1.859243
6.559241
0.218753
-4.741788
-1.635328
-3.623581
8.945284
6.889126
-8.69041
-9.553605
7.601588
-1.353237
-1.704099
8.853995
3.140778
-3.342402
7.944750
-3.148616
-0.302844
-8.706806
1.154075
8.175658
7.67209
0.587707
-1.76262
-1.165315
-3.111124
2.138440
-8.474450
-7.45350
1.796282
-5.619192
-9.556969
-1.861072
-9.240583
-6.847184
-6.337160
9.139442
9.659510
7.482757
9.679140
-8.850248
5.349317
3.396798
-0.846688
-9.356116
-4.267484
-8.41896
1.311615
5.928542
2.599483
-0.478513
3.741290
9.455023
5.240123
6.689204
-4.451231
2.153679
-5.451340
-0.335018
4.333710
-9.276402
-4.782287
-6.924686
9.564671
-9.975530
8.488094
3.955877
4.551024
-0.416694
-2.68348
-7.701480
-5.166336
-5.295883
8.519622
-6.200593
-8.178561
2.270066
6.484300
3.649230
-8.242454
-5.830751
5.925338
-2.751153
5.795923
-2.783419
1.435550
3.170842
5.692030
0.450456
-0.781136
-1.17782
4.953147
4.369519
-8.707936
7.533071
9.820452
4.574527
-6.751173
-9.417765
4.474645
5.22867
8.796613
2.929517
9.750166
-1.294533
3.763212
7.851116
3.828313
-2.695454
6.101770
-7.289715
-2.606394
-4.9848
-5.734879
5.93762
-5.353566
0.498895
-3.667889
8.585281
-1.701527
9.314117
-4.440831
4.518466
4.949243
-8.441100
9.527108
-0.27718
-2.33811
-8.812912
-9.266433
-9.385372
-5.708948
-7.33774
-9.289369
-0.742249
4.686949
-5.403031
-2.257965
8.80064
-5.81133
4.362942
9.731560
6.793379
3.558249
2.793751
5.560945
4.246101
3.348113
-6.51224
-3.908009
-3.169053
9.664825
3.319803
4.168807
-5.677431
-8.286776
0.523950
-6.449375
7.96864
-2.279327
-2.295903
6.531962
-1.212806
5.404912
-2.397649
8.933268
-4.215068
-1.678786
-4.549683
-2.424175
-0.416099
4.372046
4.539927
6.229474
7.998936
9.158416
7.268861
7.92722
3.10818
4.74373
3.675043
5.530939
-2.306886
-6.806334
3.198092
-9.192293
3.43011
-7.306898
8.949683
5.551878
7.425513
-8.350141
-8.374075
-4.710121
5.279544
3.479993
-6.244736
4.821546
5.372856
6.448351
0.504910
-9.442281
0.632509
-7.648225
-9.686200
4.294426
-3.598614
-3.383979
4.259594
0.752630
4.453812
3.38183
-6.36684
-1.788903
0.584824
6.622539
3.127044
0.625000
6.423304
-8.20696
1.452702
7.661187
-2.996293
0.348447
-2.427769
6.513805
8.602900
-2.456143
-8.895079
7.808917
1.162360
4.943968
1.596020
-6.783731
3.155325
6.397003
-0.803191
8.972503
-7.321623
1.593793
4.57994
8.684390
0.478462
8.542300
-2.115753
6.332701
-8.299331
-0.175392
5.553179
-1.405052
4.235356
-7.13145
-9.915957
3.423735
0.401278
4.792706
-9.111826
7.961538
8.281633
5.516246
-7.441590
-3.736378
0.860929
2.411264
-3.171114
-0.328508
8.280449
9.313776
5.433696
-9.445482
8.491981
6.114837
0.482087
2.137601
-0.74625
9.441615
5.87625
8.795634
-9.773739
-7.91471
0.637529
6.196327
1.264658
-6.274830
4.166932
-9.858594
3.626169
-7.97837
8.751488
6.385108
-8.482238
-2.33526
-4.258998
4.535934
-5.275598
3.165457
-6.566723
-4.727140
8.993188
4.314917
1.621455
0.437489
-8.361504
-2.908290
0.182745
3.292198
8.194616
-5.944920
-1.887800
-7.280645
-2.247628
5.426280
-6.529280
-6.788582
1.544425
-7.447388
-1.872419
9.445686
8.781379
7.630986
5.895968
8.574915
3.701354
-4.17930
-7.609633
3.752063
-1.610676
-5.752195
1.936465
8.640322
-9.727739
3.303820
-0.806053
7.145000
6.712597
-3.207943
0.439586
-6.602144
8.640535
-1.958913
2.354275
2.74248
0.94170
-3.910617
7.344876
6.425019
-8.631139
6.835655
-9.605
0.907368
-6.186930
1.767965
6.709035
6.260550
7.407737
-9.792933
-6.168201
9.144217
-7.989529
2.124249
0.221405
4.8736
-8.790062
-2.887789
-6.963268
6.245449
-7.942275
7.526036
-4.82525
8.252277
-2.510558
-7.727994
-6.462482
3.324544
0.257503
-6.573529
4.246699
-8.875446
7.844483
-9.154413
-8.712606
-7.222343
3.967941
5.142084
-6.38026
7.547153
-7.978749
4.501017
7.774526
-6.788805
-5.184456
-3.182883
4.825528
8.902453
-9.817799
-3.51186
1.364415
5.183409
-8.550557
-4.64735
6.978222
-3.801576
6.779142
0.373402
-0.908902
-7.675847
-9.764120
1.387716
2.971136
7.842513
-2.156259
1.657684
-6.52780
1.342192
-9.151653
-7.551892
-6.573712
-0.228565
-3.501117
-6.682246
-6.560759
-8.837462
9.178888
-1.443269
-8.533059
9.782408
-8.758856
9.310466
-8.137000
3.821718
4.913004
3.905432
7.116931
-4.842995
5.940673
-9.351573
-5.267893
6.453754
3.813224
8.801087
-1.808913
3.960257
-7.945506
2.817442
-9.918257
-6.432308
2.878784
-7.380452
8.165877
-1.219825
-2.257246
7.838899
-4.318599
-5.875233
1.952072
3.631231
9.662413
-9.353532
-4.498702
-4.234923
3.900265
5.407732
7.179109
5.814974
-7.191028
-9.247943
-0.337292
-6.759673
-7.968840
5.261664
-8.988289
-0.924924
-4.580883
-6.868968
2.155678
3.842917
-4.395699
1.176456
1.114695
-5.343590
2.115670
7.171831
-7.900027
-5.586153
-0.138148
-3.991731
-1.810837
-2.741529
-8.170042
6.78727
6.218859
9.523409
-4.883756
5.511713
-7.705904
-6.690059
-3.195771
-2.593035
-8.641525
-2.310081
-5.376719
-9.829728
-6.110384
8.799572
-8.766259
3.682475
4.907491
-2.837005
9.163825
8.2647
6.213413
3.428144
2.302321
-6.252321
6.864299
0.792755
-6.29419
4.417833
-0.666822
-0.462780
4.400786
-8.216051
3.915633
-4.415992
-7.712488
-9.543731
0.599779
3.76403
-0.599343
-7.326476
0.567882
-9.216632
3.102455
-8.368439
5.814156
3.722217
8.775098
2.396641
-9.940203
0.569611
-1.803863
2.372724
4.187988
0.584678
2.298765
3.710900
-6.613838
-9.553350
7.463621
-0.495121
0.143334
3.809046
7.224661
9.822163
-2.17546
-3.556001
-4.464907
-3.376748
-5.367927
-3.554140
5.261862
-9.58975
1.162113
-1.706434
1.60378
-7.554453
-4.910878
-9.937453
-6.30821
5.647536
6.873561
-3.29112
6.486913
-3.467656
5.39668
3.18065
-4.113749
-2.940558
9.84547
6.976632
2.144640
1.215553
-5.31122
6.816007
-1.908724
-4.326819
2.626293
9.788405
1.706257
-6.747775
7.950747
9.609740
-6.267377
9.602123
-6.836764
-3.548030
5.774023
-7.458324
2.22035
1.45033
-5.142150
0.219651
-8.306650
0.890059
-1.953887
6.537802
-0.143517
-7.917487
1.800269
3.392762
1.155248
7.748718
-4.905078
-0.139098
-9.815841
-5.811327
-2.485079
-1.947038
-7.985609
-7.339754
1.757248
6.672485
5.211559
-4.158199
-2.630881
1.950016
-2.179988
-1.611172
-0.185539
-9.957828
-2.456721
3.340720
-6.829475
5.745990
6.496674
8.35416
7.416368
7.299401
5.602002
4.640791
2.841235
6.842230
6.908846
-9.462513
1.642329
-5.296839
7.204666
7.399945
-2.313362
-5.446878
7.656601
-1.699777
-6.765245
7.64564
-8.788638
-6.51995
-9.804652
3.259301
9.510763
8.260929
9.983978
-6.620281
4.510558
7.635
-6.836504
-5.31190
4.136461
-8.52335
-0.594564
5.881502
9.70293
6.485820
1.3016
3.498023
-3.982411
0.582157
-3.110451
-9.288311
6.515683
-8.105929
0.538630
-2.954037
-3.84630
-7.695655
6.368028
1.406740
6.347434
4.511113
-8.673431
-7.828799
1.754499
1.950861
0.38167
6.526974
-9.450622
-1.129263
3.626791
-7.563315
-5.23875
5.603035
5.698648
8.381009
0.652290
4.31858
-5.17737
-5.108690
7.886875
-3.979095
4.673660
-6.486255
7.555513
0.420063
5.550296
8.30840
8.590056
7.112323
4.488030
-9.580963
0.934939
1.190685
4.209704
8.230145
-2.235572
5.747800
-9.842860
1.422318
-4.680844
-5.696173
8.64326
4.809177
-6.533761
2.969432
2.464494
8.187589
5.203280
-9.529304
-9.757998
-6.325295
1.661234
-2.988530
-3.760736
-6.566069
8.824591
-2.602952
-6.899287
-3.852708
0.59187
9.523106
-4.825427
-4.417441
-2.489834
3.768662
-6.484070
-3.387982
1.744551
-0.880284
-5.250205
-9.535156
0.914960
5.486647
2.26689
-6.617904
-3.197020
2.744883
2.965434
-2.61955
0.596452
-7.294221
-1.29613
-1.431158
3.36443
-0.89851
-1.673805
-2.129247
6.575481
3.395443
-7.474545
5.355623
0.78134
-0.467505
-4.941179
2.505341
3.412302
-5.662484
-9.160223
0.650068
8.12305
-1.529843
3.221485
-0.518545
8.424022
1.480956
-6.790899
-5.67224
4.54814
-4.751806
-9.220157
-8.56318
2.70863
-2.293405
6.671456
-2.241457
8.609613
7.449729
-3.407403
2.574469
2.830018
-9.164949
-9.934883
4.217956
-7.998024
-4.216266
7.894376
-2.444656
-9.529589
4.342104
5.15916
6.596035
4.128656
-8.802560
7.685350
-2.201046
-4.830606
2.364928
-9.387589
-1.953403
4.846880
8.771826
-0.817263
6.537701
-0.742898
-0.620662
7.896098
0.695173
1.951262
1.620826
6.278332
-8.753800
6.728531
-1.653759
-9.231090
-7.7602
4.166859
8.635941
-1.343152
-2.334434
-9.951890
6.727788
1.774516
8.220730
-7.868989
-7.437349
-0.126855
-2.768113
7.242404
9.937317
-6.838958
-6.761504
-1.509485
-4.900165
-9.471245
-6.965622
-8.36662
7.96817
-9.808554
2.672193
1.824912
2.512338
-2.37329
0.128416
-0.439357
9.717596
-0.970734
5.881983
4.570932
8.897087
2.194880
3.416203
9.321547
5.685429
5.728579
1.352690
-0.995112
-5.266348
-5.450862
1.307412
3.773315
5.203880
-0.360611
6.269347
8.346604
1.63627
-1.386039
-8.866854
-9.602889
2.919051
-4.3884
6.682302
-4.466642
-8.943290
-2.724310
8.765411
-5.816894
-5.849493
4.261542
8.140326
7.866580
-2.667888
8.444102
-7.549473
-3.153077
-3.499845
2.458821
-1.541468
-5.14134
8.844035
-4.854934
4.820146
7.976256
3.167523
-2.179646
0.875581
0.318956
-9.379457
-8.956644
-4.620702
-5.839738
7.584933
-9.54940
-3.749105
-3.94367
-9.847740
-1.258282
-8.659241
3.416462
-3.791486
1.440991
2.231558
-3.863779
-8.265405
9.985908
7.211069
6.924383
-1.101021
-7.798805
6.548220
-0.193301
-4.105335
-1.104468
-8.683309
2.493028
6.229625
0.768681
-9.945504
7.139552
-7.823820
-5.619012
4.364866
-4.162667
-4.583707
8.377092
-5.153540
-9.760793
-0.457132
2.901799
-0.27608
-9.109693
4.105397
-3.278984
-4.461528
-4.951138
4.733723
0.536704
8.284464
-4.594377
-2.781599
-2.394350
-5.142285
-5.647090
6.13234
4.956730
5.454254
-8.251785
4.634355
-2.547469
-9.163383
-4.305917
-4.77733
-3.360048
-7.864586
0.142350
2.603137
0.400487
-4.778841
2.711683
2.617164
-0.6540
1.989504
-7.704158
-7.945837
1.659717
-5.313290
6.156630
3.759146
6.372598
-9.140420
8.360563
2.911024
-1.966794
-0.174961
-5.65113
-0.110330
-5.764868
-6.796864
0.324320
9.443761
-3.802219
-8.221963
9.780726
0.354908
6.292743
-1.769286
-9.871321
-8.515689
2.481231
-8.479631
-4.160756
4.498444
-0.31255
0.946995
3.707853
-0.973547
1.57366
-0.148644
-6.6528
-3.3616
2.796681
-5.262637
1.796157
-5.880387
6.206640
-5.356382
-9.956295
7.771248
-3.114456
-2.310239
-4.835064
0.491149
-3.533162
-4.225477
0.439356
-9.467541
8.112022
-2.727770
-3.346825
3.450419
3.518183
4.710873
2.559639
1.95735
7.749805
-3.262406
-6.90734
5.808507
-3.80720
8.430255
4.860728
-4.685172
5.682576
-0.649097
-2.981474
1.402700
2.785508
-8.86195
4.76009
-7.902109
9.358383
4.796247
-5.739554
6.721466
5.451108
-8.400541
8.37306
-5.473424
-0.953019
-8.339266
-2.82586
-4.217512
-0.454919
5.870798
-0.560883
-9.791331
0.824550
-1.783977
6.478119
4.987698
9.259320
-7.670066
6.905108
9.163376
8.93966
0.194705
-3.900997
-0.998350
-5.540257
-8.151781
-1.735033
-0.132042
3.655409
6.561038
7.86749
-3.683649
1.268632
0.879004
7.988189
5.65559
-1.450380
-9.257942
5.189406
9.216042
0.725002
8.277167
2.147518
-4.193309
9.198516
1.673963
-7.574644
-5.708935
8.746902
-0.593653
3.412565
-6.297604
9.476178
7.849284
0.415274
-6.230755
1.963862
-9.349628
0.552798
-8.196079
1.873212
-6.187298
9.338339
-2.594967
4.868889
-4.148295
-7.15096
-4.436026
-0.185378
-8.936206
-9.937258
-6.429886
-9.658555
-8.319839
-4.574343
-3.653287
8.230634
-8.397380
-5.378812
3.405480
0.103742
9.853458
-9.984938
-0.974358
-8.671004
7.973798
-9.146198
-9.635716
-8.824684
2.749547
7.122738
-2.333819
2.570090
1.169890
9.760890
-1.695627
-3.122396
-1.88998
-9.515106
2.102450
-6.787238
-1.55782
-7.305266
-3.710597
-8.624319
-9.104422
-8.320547
-7.503328
5.82850
5.437924
5.457680
2.278564
-9.237681
7.352675
5.114255
5.677074
-5.47634
2.372133
8.802641
-1.131136
4.656223
9.467936
-4.416445
8.588194
-2.120369
4.322917
-9.891464
-4.432056
9.582747
6.825938
7.296784
1.782523
1.338937
-3.303998
1.871950
7.183464
8.859316
-6.220052
-7.285353
1.138069
1.248828
-7.75312
-9.896083
-9.981528
-3.684322
-8.118719
-1.510849
0.391995
-7.650642
-0.605783
-4.904907
1.687884
0.939004
-1.591063
-8.232256
-9.15656
-5.747829
-8.320239
4.713999
-4.962799
6.957985
6.447286
-0.729577
-7.176498
3.92049
1.348178
-2.644703
-1.357292
7.222348
-5.525224
9.403990
-0.140178
6.292748
7.274136
2.65869
6.868623
5.801115
-6.890548
6.12565
5.334161
-5.977470
-2.363753
4.148189
7.302486
9.934060
1.275167
-4.857814
3.913480
3.278756
-4.183993
-1.591990
8.460733
-4.753859
-9.200947
9.11198
-1.760309
8.345516
-3.895169
-6.799264
-6.280150
-6.863051
-0.468310
7.236104
3.975535
7.928035
4.708528
6.185639
-5.676834
-4.72662
1.385688
2.466426
-4.292346
-8.259905
4.940
7.817938
-8.677662
-1.855281
-1.208608
1.651124
7.461585
1.856690
-9.395724
-9.55772
4.623399
4.266846
1.30017
-8.673220
-5.541971
-7.564144
0.22651
3.713995
2.501226
-0.852656
-4.520740
-8.997366
-2.694217
8.352525
0.674282
-9.819970
3.378602
-6.219515
7.841839
-4.21570
-5.51316
-6.899314
3.416206
7.796006
-3.893996
0.435136
4.586901
0.810877
4.480106
3.990312
0.397267
7.840723
0.587526
2.184045
-2.787148
-4.971511
6.784925
2.282747
5.178972
-7.974825
2.39316
2.409535
9.50146
1.204420
0.708532
6.753116
9.674494
-6.334916
-9.502953
1.987741
-4.359905
5.154409
2.270568
-7.157292
-7.577882
8.942688
-2.719550
2.495368
1.81019
-2.956610
-0.145157
-7.527574
-9.944586
-9.16423
-9.927131
2.496561
4.179874
8.794698
2.107429
0.813391
-9.920113
7.950560
-5.830619
3.643140
-3.559840
5.805602
-8.649896
-3.767216
-6.8831
-9.361341
6.845193
8.820290
-4.957395
-9.559780
-0.752033
-1.628389
6.164239
7.562783
-6.352091
-6.96832
9.269968
6.16656
-3.380823
1.307054
0.811774
-9.338466
-3.416394
-3.709082
1.43930
-1.528369
-2.975788
8.822654
-4.19527
8.429731
-5.663701
3.313983
4.669826
-4.413831
-0.313214
7.860455
8.449599
8.409487
-7.593114
-8.441522
-6.63549
-1.662172
1.931188
8.2133
9.470493
-1.204712
3.785270
6.998489
4.377376
-1.819106
9.114383
0.624036
-3.653827
3.169208
-7.362907
3.311560
-6.543536
-9.34622
-2.640178
0.379731
1.166660
-2.213723
7.802198
2.601911
-1.575750
-4.487873
-2.747792
0.288753
-7.36597
-2.584438
-3.890149
0.17281
2.660710
4.235273
-4.259454
-2.236450
0.854622
6.415592
-4.434201
-1.771473
2.279219
3.555469
-9.256963
-3.521178
8.33672
-6.157354
-8.720136
3.749202
-2.795527
-9.15640
3.789274
9.283089
7.710808
-5.390981
-6.441872
-3.922878
0.354578
4.484764
-1.602188
1.227097
-4.976633
7.740944
0.20961
7.993746
4.894572
-4.15597
-8.76920
-2.449514
9.65325
3.874906
-2.166083
3.701722
-5.553644
6.462462
-1.982056
9.146100
6.628300
4.148793
-5.489484
7.413198
7.982
3.9407
-2.721562
3.880961
-2.878584
-5.156303
-6.153350
-9.257006
7.435683
-0.291571
-3.84470
8.791013
-8.668498
1.705181
8.443865
-4.779122
2.726551
2.363070
6.654547
-6.182659
-6.822313
-8.255943
7.185271
8.680295
-3.687123
1.736869
5.459281
-9.31716
-1.86614
-7.113460
-5.74508
6.938036
-2.229803
-6.187723
-1.176406
-5.107140
9.619875
7.384315
7.173816
6.940415
-5.459331
7.364089
6.929351
7.339967
-2.817470
-3.805725
-4.600206
8.927465
-8.150572
2.956779
-8.45096
2.205134
4.758242
9.856989
7.698022
2.484815
9.470591
-0.598279
7.932299
-3.526561
-5.43581
9.41515
3.458399
7.40388
3.975206
-8.955610
9.572390
-8.961772
-2.508071
-9.385105
9.565992
4.993711
-4.548704
9.676674
-4.233939
-2.521617
-8.861786
6.371004
5.493089
-1.345908
3.951650
7.806354
-6.664210
6.283462
-7.4746
-6.75140
6.463109
7.155595
-3.267230
-8.730313
-0.71407
-4.850444
-1.625292
-5.337998
-3.578008
-0.804174
-7.4812
-0.752312
9.8445
0.797635
-9.988635
-8.180141
3.365864
0.94510
-0.559103
5.509936
-3.952273
0.264253
-2.849584
8.685004
-6.149125
-4.160893
-7.75718
1.557811
8.374281
-1.46226
3.681492
-7.710482
3.805145
-6.265413
4.821601
1.61468
9.319105
1.252508
-6.199677
-4.254970
-0.222563
-9.139972
-1.726805
-1.540563
6.862529
-7.197690
3.242539
7.879293
-5.686109
-3.254795
8.95287
7.643506
-9.196409
7.603580
-1.66377
-7.733924
-2.283467
-3.307076
4.846211
2.791505
2.705535
-8.753443
7.678414
1.769241
0.324043
9.680772
-9.384544
-8.787169
2.624803
-7.129827
7.40860
-4.129520
9.503077
-3.921040
-7.923973
1.858052
-0.437321
-7.904319
2.171043
8.407250
-2.900439
-1.229545
3.38074
3.555139
4.351617
-9.42940
-9.846680
4.79009
1.530651
-3.564170
-2.487422
-2.522295
6.389528
7.316591
-1.589077
-8.498326
-8.790518
-9.817492
-3.915475
9.192918
0.296001
-8.781935
1.780241
1.826700
1.326002
9.718470
0.378510
-9.710739
9.684885
1.439286
-5.897546
-3.960104
-6.372858
-9.173881
5.918314
9.474126
1.884256
-9.995385
-3.919226
3.670080
-4.328467
5.381811
2.385109
-1.727891
1.726746
-5.3457
0.539998
-7.643239
-3.130673
5.950478
5.779222
9.429258
-2.198872
1.351953
-4.747907
1.196382
4.448554
3.366581
9.177555
-1.82712
-6.521339
-8.358278
-3.619043
-9.127434
-7.90038
3.941521
-6.123305
0.35998
2.191337
8.24901
-5.206769
5.65409
-2.498984
-4.892603
9.6862
-3.568507
-1.580996
4.584326
1.738090
4.172961
2.839416
6.33031
3.699416
-3.521090
8.882711
3.532186
1.665897
-3.765104
-6.680035
-8.137301
9.703263
-3.415612
4.632625
-9.489699
-9.630619
-4.145424
-7.975635
-7.760911
-4.20897
-4.979635
-4.662026
3.274839
-4.399835
2.503294
1.26875
2.461090
-0.407149
5.929696
4.645763
0.777087
-7.529333
-0.741919
-7.447875
0.346617
-3.991940
8.266555
-4.186295
-8.933410
3.273004
-5.917816
6.972443
-3.689206
-3.483715
6.472245
7.693551
-2.261899
0.839065
-6.884334
-8.674967
5.748215
-9.83711
8.859835
9.900480
-4.56427
9.896376
-5.898148
-5.588241
3.824747
-8.570067
-2.953612
9.785173
2.594083
-5.638614
-2.850289
-6.608428
3.904973
-1.522831
-2.131944
0.182074
7.462578
7.858568
-0.891542
9.250708
-8.936132
-8.903708
-2.396043
7.158684
-5.30696
8.929118
-0.12565
-6.545604
-7.95595
2.38724
-1.791824
1.927674
1.309946
5.385846
-2.227261
-5.175292
-5.283652
1.55011
-9.758188
9.19972
-0.446273
-2.436436
-5.82538
-0.322255
0.162068
-8.282975
-4.350700
0.344173
-9.121962
4.608314
-4.537584
9.878608
9.18743
-7.870384
-1.592214
-8.247634
6.733058
0.126461
-5.424390
0.755144
-6.673800
0.972182
0.61611
0.801090
-5.543761
-1.65941
-2.510219
5.676599
4.652796
6.680647
-3.296475
5.946555
5.583675
-0.806725
-0.937961
-5.172154
-7.275928
-7.599983
0.37550
-3.677886
0.162009
2.27504
-4.669331
9.589882
6.692244
4.568631
-6.466678
-7.152147
7.235147
6.656420
-0.687463
2.2075
-1.88792
5.9223
7.564460
-2.330966
1.858332
8.173129
-1.468309
-3.880315
-4.606148
6.942282
2.835273
4.901500
-8.431338
-6.395450
-8.965992
0.418890
9.386833
8.874667
-0.109333
-4.736489
-4.816343
0.18228
8.448376
9.315385
5.187885
-8.532555
-0.534246
3.428107
9.870557
8.65411
-6.531098
0.356408
-4.66918
-8.227088
0.684235
-9.296693
-8.753943
-0.40646
2.37118
-8.349506
4.436444
5.133206
6.341292
5.492040
-0.497253
-1.322922
0.904290
5.144542
7.401994
8.335035
2.647449
-3.704636
6.524824
-7.556389
-7.147421
-4.485805
4.104095
0.52890
-5.276649
7.645929
-0.226141
-7.64736
-0.518122
6.685922
5.278871
4.981205
-8.122321
1.456164
-9.23379
-2.893788
-1.416898
-0.545505
-6.929168
-7.392826
9.428521
4.533506
-3.63406
8.889807
-4.189957
-2.882201
-8.785222
-7.62822
2.452341
2.962250
-4.665291
7.708885
-7.578838
-1.895597
8.228403
5.370257
2.934385
-9.695984
-2.203439
7.491223
7.728908
8.228067
-7.969907
-4.76748
-8.521106
0.842713
4.419005
-3.215937
3.262661
7.4699
-0.834876
-5.181714
-4.611423
6.671057
4.766775
8.604887
9.67594
9.940117
2.801632
8.104480
6.810910
-3.618917
0.688332
-4.663400
-8.407014
9.696634
5.386165
-8.926345
-9.529509
-1.399098
-4.26334
3.656477
-6.550300
6.645004
3.50043
-5.802874
9.746211
-5.299059
-3.710060
1.725523
1.350147
-3.451512
-2.694980
-6.208326
1.178959
-9.890007
4.946356
4.931954
9.786917
-5.829230
8.647021
6.600256
4.791500
4.425438
7.165470
4.418609
8.914195
-2.522041
6.652140
5.866706
7.564836
8.772864
2.663621
9.787405
-2.789222
4.751819
6.961717
-6.681479
-0.726518
1.806893
4.680832
-8.182130
0.795005
-2.698084
3.132398
-4.244202
-7.472560
7.247476
-8.17256
2.85169
-2.764093
2.733753
7.594405
-2.621198
-5.272273
1.680398
-7.813237
-3.68634
-8.484982
3.230775
1.689069
-3.424702
7.726889
-7.775603
-2.841899
8.231350
6.728479
-4.778652
1.96052
-5.890845
0.2628
-8.595881
-2.885439
-2.182658
9.185622
2.26730
3.982888
3.493953
-7.840104
6.554951
-9.207311
-6.77630
5.932364
-3.333216
-7.934088
7.7252
2.233108
6.424891
-4.683941
7.978887
-6.573208
-3.155975
3.184592
-5.353246
4.470243
8.377482
-5.822666
-0.17922
0.290959
4.221476
4.216672
4.795527
-7.37571
5.377298
-2.481014
6.50695
-5.113070
2.683732
-3.740282
-4.155528
-7.484423
-8.450629
-6.131776
-6.492934
-5.350966
6.156312
-4.432578
9.929222
8.554785
-8.25912
-4.321489
5.47429
2.843355
-3.410211
3.617596
9.452105
8.291219
1.990310
-6.50948
3.313148
-0.965683
-3.257928
-4.985412
4.185706
-6.268811
8.715742
-1.60842
5.933533
2.533899
5.118574
-3.326734
1.675507
7.615522
-9.794906
6.706595
-9.217905
-8.452446
0.908204
-0.481696
-3.760413
5.770267
-9.349098
2.544335
-8.715686
-3.273362
0.351312
-0.917992
-1.264622
8.897864
5.868668
7.6533
4.277142
-1.454777
-9.8497
8.640360
-4.651882
-4.242453
4.989266
-6.825854
6.318821
0.70389
-3.923643
-4.70444
-1.642666
6.435214
3.187389
-5.117095
-8.676779
-4.290997
6.441445
-6.888538
1.402541
-0.848906
9.288319
2.920115
-6.50360
-5.514015
6.745424
4.525560
8.752288
-3.294276
-8.674409
8.686181
-2.784370
-5.977473
2.422201
0.770438
3.748285
-9.377711
-0.484571
-0.871334
7.641094
7.717494
5.654627
-2.127862
-6.88766
0.208376
0.636491
-8.49890
-6.255922
-4.696032
-8.258759
1.379348
-8.390353
3.612797
-3.450443
4.470004
6.701846
3.407747
1.596913
-2.54338
-8.590648
0.847550
-6.60280
2.464153
1.585698
-7.814412
8.469791
1.267414
-5.617698
4.488860
3.268588
5.114328
4.259927
1.843659
-3.26090
-0.895987
2.661726
4.476149
-3.389146
5.656640
8.491015
-1.151031
-6.532387
9.25438
9.242981
5.151812
5.738286
-9.704250
-5.973803
-1.660210
-7.817810
2.37251
0.715139
2.879050
6.509489
2.192154
-3.774162
3.208951
-3.280288
0.605871
0.158208
3.238593
-9.961353
-2.102767
-4.506495
-8.198627
7.75151
-1.830496
8.940811
1.795244
4.50434
-7.713749
6.419868
-3.733882
-0.648527
8.439487
-3.258574
-2.360427
-2.449296
-2.48039
3.784163
-5.508182
-7.257349
-5.263154
-0.371944
-2.642264
0.266270
-1.18122
-8.139477
9.394269
-1.421075
-0.861750
9.471239
7.210896
-7.183488
4.895511
-8.545591
-8.241585
6.781283
-2.654554
7.623938
-7.256220
0.265149
-3.586946
-9.955493
-2.19317
-0.734257
0.358888
-3.253636
4.867799
-7.282118
-5.280758
-5.855548
-7.296541
5.866892
-3.938545
-3.186467
-8.360578
-6.511703
1.779319
1.557697
9.784262
7.837118
7.703855
3.111722
-2.727855
1.480470
0.915158
6.789856
1.885848
5.890391
2.394721
-4.687760
-7.518307
1.989660
9.57313
3.773286
6.355486
7.195505
3.546978
8.277706
1.186158
-6.553092
-3.266761
-5.591002
-1.941764
4.224887
-8.175895
-3.122662
6.609595
9.932365
-3.615966
-9.477364
7.353677
2.981464
-0.956095
1.554482
-1.740742
-9.430035
-2.961273
-5.703952
5.64816
-2.954937
2.62076
6.388188
-4.471991
-6.854444
-7.308835
3.739706
-1.826210
8.115326
-0.401111
-9.869723
5.590608
8.830526
7.180480
4.614938
-3.842435
7.555218
6.392301
0.963279
-7.716869
-4.785391
-8.129856
8.136646
-9.787225
2.554042
-8.991577
4.840574
6.47420
8.89741
7.187840
-8.406535
-3.733465
6.198004
7.737395
8.307277
9.278448
-3.959742
7.607218
-2.563438
-6.427377
4.600146
-2.984171
9.653710
-3.439287
3.554088
5.96697
-7.425903
3.580570
9.469353
7.571881
-9.121377
-6.386880
-8.47301
-5.722934
-8.233710
-9.100965
-8.865334
-1.334687
-4.72797
6.685756
-5.361405
-2.538983
-0.919251
-9.732918
7.717379
5.663558
0.882609
-9.334272
-0.625767
6.836883
5.911350
-0.932962
9.918594
7.489253
4.633282
8.904769
0.884060
9.29761
-5.922443
8.547811
-1.477746
-7.349979
8.551388
2.645628
5.355632
7.431462
0.457733
3.848834
-9.906749
4.736979
2.25280
-2.649409
-2.148349
-9.441351
-1.294039
5.907438
9.945108
-5.838714
4.406175
6.273260
7.309554
7.910057
7.524081
6.70222
-3.37733
-4.92601
-8.106890
-6.513718
9.342844
-2.361
-7.34078
1.954447
5.111447
-9.540113
-7.402427
4.86723
0.991761
-8.124330
-0.816911
7.976253
7.888392
3.545904
8.114549
-4.259028
5.937046
0.958992
3.715954
-1.669392
-9.174372
0.153422
-3.879801
-7.179416
9.962324
9.785310
3.202246
6.767216
-3.572821
-1.725953
1.289384
-2.573256
8.577930
7.886539
-0.937180
4.841300
9.171715
1.330854
-6.889087
6.354528
0.884211
0.262343
-1.14233
-4.995571
-4.784963
-9.496960
5.906941
-7.951952
7.107339
9.605407
5.115549
6.328489
-6.397650
-5.235537
6.505213
-6.685354
-9.44920
-0.818859
3.774389
5.484330
-7.674635
-8.667394
-6.519510
6.841617
-8.3904
6.459902
-6.567263
-7.497704
1.98429
5.258527
5.332524
-5.720985
3.686251
-6.242557
5.418178
-0.998076
9.995565
-0.801232
2.399735
4.382061
-5.869968
-6.462653
1.4959
6.894535
1.399622
1.25434
-4.940973
0.740215
-2.725668
3.704424
4.128109
9.736768
-9.165089
-2.448936
3.462629
-6.210072
4.634816
-8.336828
7.297460
0.647846
-5.130160
-9.593279
6.274540
4.343842
7.76448
4.406886
-6.300530
2.302001
5.696178
6.399150
3.276626
9.231277
4.209405
0.215969
-2.661856
-5.979392
-2.161309
-6.181283
9.263178
-4.165366
5.75919
-8.155650
-2.624976
8.648986
6.709320
-7.268607
2.536920
1.665426
-2.507307
-3.843671
4.355068
2.171658
0.403072
-2.323850
-4.310539
-5.439586
-8.634230
-2.195001
9.456605
4.598868
-7.537293
-9.64857
3.412837
-4.306991
-2.446936
2.43583
-7.43621
-5.157415
-1.533544
-2.951538
-9.609467
-5.66898
-9.479481
7.504898
8.275782
8.501454
-6.966873
-4.692608
6.376789
-3.526724
-8.986083
7.626288
2.135349
-7.916339
4.293107
-6.92546
4.270592
-2.977829
-8.892905
-5.988778
5.380668
-9.573165
-4.663830
-0.65499
-6.568813
-4.137060
-8.846526
3.708128
-1.911986
9.991644
2.898639
1.242438
9.606292
0.986034
8.370210
-7.67306
-3.62424
5.838790
4.89011
0.222582
6.249875
0.189676
0.184627
-2.370077
4.178717
-9.903655
8.670140
-1.748765
-2.633711
-4.217883
8.490059
-3.347259
-9.879002
-9.232764
3.990398
0.237069
-4.109837
2.455228
-2.497723
-3.665659
7.434330
6.702373
4.261284
-1.201003
5.23917
9.616587
8.46321
9.891895
9.475747
-0.403241
-4.413310
-9.723127
4.71423
-0.642826
3.291061
7.227551
-0.872301
4.895453
-7.562122
-5.22373
-5.10439
-2.500029
-7.354753
7.969965
-0.578431
2.170548
-1.16090
-2.741246
3.284894
-1.693811
0.117306
1.506061
2.562448
-5.64105
5.728387
8.62859
6.200461
3.703865
6.464968
-3.475869
-5.656161
-6.419155
-9.487977
-4.450402
-7.465609
1.824659
5.271455
-1.194651
4.489699
2.235074
-2.453149
-9.187067
8.420506
6.24571
-2.1930
-7.898312
-1.433319
9.623043
-4.692377
-7.475271
-2.632834
1.798723
6.995351
-9.301520
-4.264982
0.163181
0.542624
4.120125
-2.599549
-8.478569
-9.233053
2.35516
-2.305113
-0.46172
-2.709096
2.792198
8.120139
1.480725
-0.68607
-7.889837
-6.179489
-9.907063
-7.743275
-9.657687
8.158519
4.764053
0.372601
1.933835
-8.70797
-6.992216
-1.657013
1.730724
-6.12074
6.12765
8.1613
8.309009
-1.65430
2.329851
-1.738751
7.375327
4.718148
-1.516620
8.806258
-5.892177
9.304195
-4.300466
-3.673187
4.58849
1.970882
-8.445189
9.920664
7.93147
-1.836997
0.411842
5.508073
-6.767858
-5.471601
-7.508257
-1.811661
-7.452609
2.939670
-5.446209
1.702950
7.754672
0.614140
-0.282966
-9.586513
4.590211
3.140262
3.491771
6.503713
3.410589
7.761722
0.847019
-6.591361
-6.298943
-5.270232
-8.211119
-9.180452
2.665467
-5.111353
-7.471478
-1.806285
5.501828
3.937244
2.136960
-9.901538
7.186226
-9.15635
3.234130
8.261615
-7.70464
-7.590535
9.557482
0.725978
-4.710162
-4.793001
-4.561008
5.120747
8.128832
1.44331
-0.403660
7.101058
-1.930949
4.707650
1.571576
0.305320
8.695466
2.436781
3.742422
-7.277855
-3.670787
6.876344
-5.249868
-8.260482
-1.878135
-4.239787
0.730625
-4.569579
0.255933
7.56520
6.232955
-6.339352
-6.998949
-6.769229
-7.376170
-7.46286
0.56226
-9.999702
-1.997463
8.694692
0.619368
1.207857
-9.561215
-5.94041
-5.63041
-0.523438
5.329610
3.144319
-2.953403
7.982931
3.543463
7.305786
3.146246
-0.347413
8.653419
6.975101
2.35896
-6.82781
-3.685336
6.615845
0.447180
-6.412298
-1.883253
9.858996
-3.108754
-6.41403
-2.703227
-8.150454
5.415489
-6.495795
9.602417
8.354723
3.509626
-6.79286
2.706799
-0.455208
1.364302
0.763692
-1.314049
-0.452425
4.710807
-9.632657
3.7410
1.14016
-5.516240
-6.167502
-1.942903
2.427396
9.671057
7.391928
9.722204
-0.592715
-4.415759
-7.107292
-6.9960
-7.748868
-5.365419
8.79194
2.524293
-8.665263
-0.448842
0.510152
-8.720268
7.72466
-3.162382
-9.729521
-9.196387
5.476337
-7.816711
7.531560
-8.106012
2.734522
-4.82452
6.640860
-1.940113
8.12804
-3.510083
0.407559
8.132626
-4.872695
-3.19694
-6.812178
1.326512
-5.527511
-6.489762
2.255931
-8.91236
4.844746
8.112007
5.417311
-2.458627
1.168443
6.573265
4.909712
-4.733898
9.240911
8.160271
-1.204717
-4.334235
-6.398240
-4.444644
-5.63107
7.504504
-4.883990
1.842427
-1.319926
6.845645
8.446018
6.12252
-1.226031
1.927345
-9.168592
0.245600
-8.517584
8.512055
-8.235129
-0.942735
6.758815
-8.495411
8.297234
0.581596
6.323475
2.207667
-0.291085
3.516145
-2.100393
-8.317445
-1.327572
2.335490
-6.708140
-2.843762
-6.187001
0.800963
8.190154
-0.787619
9.403081
-0.872820
6.558831
9.907134
-6.446332
-8.402456
5.702852
2.32464
-3.636892
4.550072
7.800412
6.655744
-9.26100
-5.219351
4.730910
-2.341658
-4.665895
-7.27097
3.149283
-6.323537
9.582356
-2.509783
-9.939614
8.199421
2.624696
1.439930
6.972534
5.442213
-9.133578
8.753136
-1.88506
-8.59120
7.537800
-0.116080
-4.184742
9.222823
3.632779
-3.150167
3.291098
5.208818
5.453399
-3.857957
4.78236
1.140336
7.296313
-2.760724
6.875227
7.338423
-2.661056
6.25113
-9.721428
7.881413
-0.982147
-3.995948
6.122238
-4.985712
7.26300
9.732889
-1.547692
1.636990
-1.237569
-1.470639
3.395319
1.582115
7.630753
7.725977
0.123314
-1.971896
-9.905537
-3.248040
3.691871
1.723135
4.199788
5.716419
-9.929716
0.135993
6.95974
-4.201237
9.790207
1.556642
-3.9305
-6.902328
9.600773
5.119490
6.454429
-0.760532
-2.23510
3.269664
9.748235
-5.6916
0.199049
-7.78556
-1.632427
3.255982
6.47688
-6.638298
-3.270143
-6.582888
6.32077
6.555952
-0.402553
-9.780102
-9.895384
2.980889
-8.236686
-3.625194
-2.282407
3.337003
8.506571
-8.581319
7.117889
-6.158291
2.88500
-8.25643
-7.605561
5.799036
5.366600
-8.848115
9.996893
-7.593873
-2.129621
-0.835889
-3.791233
-1.628081
9.151471
-5.376386
5.490181
-6.279351
0.294080
-6.599149
-3.750512
9.183424
7.161637
-7.129591
-2.551822
-0.665018
-6.127075
2.220402
3.798352
9.883850
0.541863
-3.922985
6.152802
1.868871
2.96835
-3.958607
1.253223
3.863635
7.154310
-0.122141
-5.361001
2.33216
-6.458323
7.943906
-3.118048
9.648572
-6.428215
8.463510
-2.517457
2.916840
1.260807
-8.783520
7.217458
-1.207907
9.400810
1.347989
-1.230815
5.176363
5.921387
8.780592
9.121475
6.2253
0.862263
6.854306
-9.363605
-1.486996
6.215790
-9.286857
2.563832
2.233730
-7.418692
9.996070
3.482730
-5.853347
-6.568178
7.712569
-7.484148
-7.311129
-1.140671
4.522935
1.891114
-1.989663
-7.151158
-6.560353
-1.974211
-2.760838
-1.300928
-0.825295
-8.543008
-8.859102
3.103225
0.847797
8.644126
-8.321773
5.767746
0.829300
7.993431
6.508633
-2.661763
-1.500302
8.807035
-1.517008
-5.593586
2.552204
-3.762561
-5.760131
-7.806541
-0.385937
-8.325802
-6.766805
7.748235
6.161206
-1.511734
-5.950976
2.555639
0.299934
6.977404
-5.372624
-0.827242
-1.400618
3.468208
3.133236
-3.727147
9.443125
-1.86589
-2.941639
9.837575
-6.800533
1.822793
-0.115176
-5.145280
-5.269195
1.487579
4.910368
-1.122472
-7.853746
-2.380675
1.542504
-4.692465
1.705418
-9.831815
-6.819892
-0.314503
-3.860087
-9.407620
-6.996390
-5.442682
8.240254
-5.278080
8.867052
8.956843
-9.15661
6.660391
-2.167236
-9.430265
-9.85124
-4.73451
7.716471
-3.331069
-7.256389
-1.91257
0.530009
-1.809135
-8.448920
-4.843379
0.147688
-9.215595
0.427774
7.810377
4.604927
4.488
0.861581
6.975392
-8.205482
-6.895586
-9.486029
-1.973200
-2.283430
-6.206029
-0.986373
-3.524219
3.776410
-7.274958
4.196608
3.192244
3.208484
3.879507
9.729709
8.24617
7.62597
-5.616390
-2.293606
-9.624253
-9.933819
-4.671224
7.679847
-9.656432
3.783871
-9.522642
2.683121
0.870237
-0.600829
0.736478
-9.768930
-8.387314
1.36273
1.169132
7.308147
-3.220396
-8.628260
-2.1760
-7.414173
-0.609203
-6.894514
-3.950362
6.1696
-6.740647
-1.563074
-7.715039
7.221159
8.144032
-5.132751
-2.964572
-0.296450
-8.545854
2.933062
7.621571
-8.267812
-6.688361
-0.405860
-4.587078
3.618605
2.101270
-7.771550
-9.914729
3.950823
-3.883403
-4.397951
9.835320
6.383200
3.702557
5.795150
-9.591504
-5.700824
-2.17623
-4.524968
9.708203
-5.824327
-5.952766
-8.841265
1.194630
5.673245
2.926215
-9.918110
8.461734
-9.586589
3.258440
-0.582508
-0.342955
1.228144
-2.676637
-2.759162
4.94324
2.299745
5.146976
-2.67097
-8.494580
6.345532
-2.17904
6.347017
-5.199719
-4.827623
0.25879
-2.902344
-6.641489
6.293641
-6.900121
6.136428
6.859592
1.506028
-1.949705
0.352549
3.936861
-1.596153
-7.797591
0.486558
9.282346
-1.927044
8.3160
-9.370001
-7.772064
7.885986
3.470930
8.653923
-9.218360
-9.860273
-2.614054
-7.490635
-2.868253
7.281164
2.43682
-4.904581
-5.175134
-8.913924
6.506943
7.628384
-7.55537
4.721226
-4.245529
5.488036
-0.987481
2.693567
8.442493
-8.687471
9.57359
-5.833396
2.534845
3.927700
-4.455356
-8.120973
-6.294554
-7.780866
-1.465896
-9.336926
4.15175
3.784413
6.955855
-0.176261
-8.936265
-8.620473
-4.510049
5.165028
1.489991
-3.660073
-7.589197
1.817012
-3.939198
0.76700
-0.401689
5.192397
-4.453213
-9.171618
-2.557531
-3.537094
0.830482
5.11405
2.396908
-7.554540
-5.895650
8.908298
4.680752
-4.56624
-2.300426
-3.427112
6.257254
-0.806029
4.890554
9.466683
7.710679
1.75157
7.696944
-3.86088
2.440322
-0.733285
4.141403
-3.770225
-6.404060
0.531161
-4.711878
-8.864252
-1.180679
0.630724
3.386006
-4.4056
8.54673
-6.851986
5.440104
1.699584
-0.701318
-8.857309
-7.559502
-1.5002
4.766785
0.661629
-5.632999
3.905445
-7.834053
-3.793024
1.281746
7.978194
5.22933
4.80204
-7.268799
9.29039
8.126914
-1.220179
3.46357
-1.558562
3.255253
-6.364660
8.267387
-4.144113
2.109211
7.97742
4.81060
-0.662894
3.695229
-0.618170
-4.647653
-3.1350
-7.52920
-5.845515
-0.416839
3.17327
6.857663
-6.538143
6.513268
5.584388
7.93583
-2.322598
-9.733275
-6.864901
-7.830383
-8.865816
-4.32944
-3.458681
5.395909
7.890987
0.502476
-5.485630
-4.205109
6.961006
4.897433
-2.639953
7.286310
-7.917563
2.229310
6.884077
8.532738
-7.822945
-2.272402
-4.934028
-0.202394
8.461637
-3.761786
-3.960506
5.595938
9.697704
2.366544
1.696041
-0.525145
1.587132
9.263254
-3.867542
2.298518
-1.72773
-3.648988
-7.972130
9.933184
-1.518276
1.245738
-2.320681
4.704111
-0.842516
3.859498
-4.557719
0.371094
8.12581
0.398963
-9.546624
-0.311215
-8.481490
-0.475124
-8.527216
-8.583051
9.404415
0.468167
-4.370245
0.841058
1.730797
-7.251857
-4.962087
-1.448619
2.974707
-8.440598
3.628457
-8.127409
-6.102796
8.526746
3.848797
3.103577
-2.20471
-9.436514
-4.55817
-5.720895
-7.807598
4.389998
1.322837
-6.618695
-8.709241
0.108394
8.676426
-7.894827
-5.238721
-3.751676
1.16743
4.954689
7.33683
7.140321
-4.115661
1.690502
4.633052
9.421751
1.988866
9.858162
3.953883
-7.420840
-1.870089
3.404426
2.66951
-2.739164
-8.491938
2.378450
3.835213
7.401692
9.315135
-6.415844
2.577466
4.639189
-8.736061
-4.93675
4.304073
6.592737
9.821790
-1.262657
6.699718
-7.633364
8.534636
-8.469922
-7.579543
6.462807
-2.842922
6.869290
-2.930960
1.565853
-4.632131
-3.83679
7.374039
6.856950
7.936837
-8.713355
-7.925669
-0.549365
1.511949
1.132282
-1.812057
0.382760
2.260237
4.538306
8.339803
-6.917141
-3.396700
-2.82553
5.51084
9.156787
-5.662320
-7.267401
-8.121745
-9.759989
1.168407
-3.926543
-2.529908
8.788720
-2.121326
-8.975037
-6.883002
-3.542762
0.5290
-7.677331
-0.899483
-8.157638
8.648800
-0.814990
5.205575
6.332503
-6.360761
5.586054
9.423846
6.134376
-4.255948
0.128367
3.701477
2.855627
6.706074
-6.303902
5.805898
7.390736
0.325815
-6.249234
4.404628
4.993110
7.941223
-7.295228
-0.360196
0.257455
3.962040
7.873307
7.50370
-6.498518
2.378732
5.623199
9.389556
-8.842955
-6.798388
-0.461428
4.680932
1.817659
1.490369
9.122907
1.849649
-4.442897
-7.31016
5.831837
-4.184633
-1.828184
-1.66390
3.705151
5.651555
9.231416
2.693970
9.443844
7.506853
1.824220
-2.207526
2.16967
-2.26350
4.681364
-7.404371
4.729391
-5.187645
-0.157866
2.263253
-3.926066
-2.472908
-5.734872
6.657034
8.953030
3.440520
5.126224
-3.649401
4.859702
-8.716374
8.283139
-8.875482
-4.194387
8.617096
-5.177294
-7.129189
1.607984
-8.877799
-2.116253
0.799894
-3.919222
2.814810
-2.694184
-6.90665
4.30602
-5.711711
-6.538365
3.239953
0.553178
-0.86848
7.653274
-4.662168
-2.586440
0.193666
-6.657233
4.413818
3.420295
-8.319238
3.760050
3.602433
7.79112
-3.473228
1.143911
-3.834603
-3.646050
6.271896
-1.841332
-1.478692
-7.545425
-0.706840
2.730127
-0.567212
-7.516553
-6.788687
3.506982
-4.702040
3.569222
-1.679595
-7.756762
-8.870253
-2.623267
1.669080
-8.669859
6.212045
1.522008
7.773334
-1.863489
-7.729120
-5.722170
-3.602688
0.5813
4.494304
2.57742
-4.356390
-5.224851
-0.341880
6.463021
5.945958
2.785736
0.527779
2.395281
-4.602017
6.715200
7.284086
-3.97364
-0.662014
3.712782
3.818890
8.659932
1.509024
7.236419
5.465383
8.381350
4.654177
-1.12263
1.461263
-1.323568
3.913611
8.25922
-8.349965
0.4782
4.512538
5.883888
-6.660222
-5.714283
-1.303626
9.737428
1.511413
-6.571541
-3.219900
4.500620
-5.808984
-1.747009
7.546247
-4.490785
3.677986
-6.286217
-0.511908
5.723006
4.546739
6.8484
-3.861011
0.53352
5.999561
3.353815
-6.644730
5.817217
-5.743899
-8.305684
-2.77550
-7.376758
2.724444
3.633144
-6.19452
-7.510885
4.370783
-8.386420
8.811577
9.641315
-5.963528
2.514467
-5.762049
9.64314
-5.168273
4.620172
-8.910796
3.234484
9.393805
4.384314
-3.445371
-6.123715
-6.427830
-9.735079
9.615166
-1.551300
-0.413649
-4.363294
1.733806
-5.752730
4.758456
-4.828532
0.339718
8.532810
2.524599
1.367243
0.55273
9.508530
3.597081
-4.165208
-8.821522
-5.78608
9.934581
4.667841
9.859055
4.676496
-7.256688
4.510427
7.704903
-6.717567
-7.449087
-5.828482
-9.12172
-1.944338
4.327357
-0.841803
9.489921
1.750767
6.471284
3.417982
9.827239
-9.973864
7.235445
-9.918997
-1.590033
-9.773153
-2.351952
6.898055
7.919993
-3.14847
-4.380528
-5.838559
-1.467548
0.718429
-8.742691
4.915740
-5.430424
-9.27080
0.248839
-7.284252
-6.367239
-4.946886
-9.851677
-0.126488
7.715656
-0.462892
-5.209999
5.446898
-0.440708
-8.179065
6.79951
-3.970606
-0.857597
-7.943667
-3.180517
1.641827
-0.133454
-6.490999
3.128869
-1.483410
3.53116
3.251219
1.916279
-8.548548
-4.833752
-8.30933
-6.88535
-2.920632
9.587007
6.336500
8.453363
-4.821188
-6.386861
-8.2060
-7.309624
5.57914
-0.193470
1.442645
2.252336
5.63252
7.570810
-6.371315
-6.951723
-5.169633
-5.968712
5.529477
-2.526459
-5.576761
-1.687733
5.504598
8.510766
-5.759352
3.534280
-0.719125
9.895141
-4.896078
-3.752871
4.586758
-1.802019
-3.502014
-0.23243
-9.335420
-3.743383
-2.150345
-5.42014
-3.277070
-8.880723
2.595500
-0.831341
-9.873286
-8.784588
6.136057
5.815360
-5.290573
4.247680
-2.139043
-2.10491
4.904836
5.882486
-4.147527
2.688205
2.47991
3.502589
0.69926
-4.985480
2.660744
3.991796
-8.764212
4.48398
-2.162724
-8.609206
2.927439
-6.969194
-1.961504
0.603770
0.905303
4.692228
-1.812566
4.894521
5.285785
-1.859645
4.884337
-1.44976
-9.124217
-3.445337
-9.256018
9.211654
8.806385
-1.977751
2.91886
-9.812669
5.828305
0.703139
-2.939758
-8.640794
-6.275373
-8.536945
-8.900953
-8.680666
-0.408130
-6.762421
-0.352747
3.139249
2.574771
8.653521
-5.462918
1.424616
-0.747196
9.243224
-8.839926
-6.790383
4.503295
-6.863000
-9.398122
1.265582
8.910717
9.105898
5.579131
-6.136800
5.789360
2.112346
-3.951131
2.134019
3.847799
-6.64932
-0.909860
-4.174310
-6.911577
-4.22616
8.188091
1.816134
-7.701869
0.198043
-3.443907
0.46935
9.144297
8.715263
-5.184449
5.331755
5.884053
5.230327
-4.128254
-4.630187
4.566420
4.884133
-9.816202
-4.306050
-9.975927
-3.888612
6.697257
-8.707575
-6.515559
5.588694
-7.577350
9.329326
7.909555
-3.744249
3.524070
-1.160596
5.676442
5.259700
-2.759208
-4.360483
4.294272
5.4483
-1.538051
-0.71976
-1.321521
-1.438432
-4.303520
-7.284485
-2.128008
-9.478694
2.966730
5.158538
-5.938249
2.154771
-0.114154
9.792326
-4.110602
-3.249889
4.917762
1.662483
-5.556396
-0.209553
-0.434930
-1.658434
2.624315
2.889346
9.97773
-4.926036
9.182893
-1.594846
0.38732
9.808822
-6.942304
-4.460877
4.952869
-1.256153
-3.809163
-0.431769
-5.408458
3.899942
-7.868562
-9.313753
5.877701
-3.498655
-5.364092
-3.588165
9.446848
-0.599801
-7.747856
-0.357831
-7.92211
8.507390
1.845627
-0.541852
6.738148
-3.575181
5.975002
1.519032
6.166011
-3.582481
1.879640
4.579868
-9.524691
6.656413
-1.435911
-8.816054
-0.85700
3.570363
-6.669109
-6.339452
9.481335
5.963320
1.615511
7.315609
-6.562271
2.235939
-2.924780
-5.591993
3.837379
2.925147
-4.213128
5.793533
9.690105
-2.264822
-0.575890
2.328753
-9.647647
7.991222
-1.427567
-3.89989
-8.593674
3.818261
-7.343620
-5.210794
-2.76197
-4.375739
3.958180
7.909220
-3.799221
1.813644
-7.808295
3.264508
4.661955
-1.132500
-2.508104
-3.351038
8.413594
1.620551
9.596606
5.662788
-0.776947
1.152212
5.582116
-0.789469
-2.522741
0.874175
0.688875
3.614488
3.642238
-7.716043
-5.442245
8.898166
-9.451123
-5.928386
-4.540748
-0.397110
-4.873213
4.927236
7.984751
-6.328628
4.288863
-0.673751
-9.747800
6.689318
-2.114452
-2.80364
-7.905388
9.552174
-0.124921
8.736588
-4.566314
-2.391046
-9.362997
-1.580635
-7.833430
3.644122
-1.919592
-3.832361
2.29623
3.637264
5.887678
0.223110
-8.574431
-9.876412
0.573791
4.690964
-2.174098
-0.380053
1.752417
-8.275943
-4.279258
-5.83930
2.363710
8.382752
-2.830372
-4.337376
1.984128
1.192369
-3.514272
-1.591112
-2.159477
-2.302032
-4.926176
9.394906
5.288859
7.957815
1.45898
7.472700
6.103285
-2.450926
-4.669239
-3.645901
-3.636727
-5.699796
9.227874
5.794751
8.607744
0.357303
2.907129
-9.42343
9.522537
7.659673
-6.21328
4.971213
9.924784
-3.679709
-5.89718
5.138938
-7.52442
-4.344504
8.606235
-3.997112
9.335520
4.547635
-8.544714
3.131970
4.750865
-8.480002
-4.792081
2.790387
-4.925848
6.867701
-0.294553
-5.843129
2.213227
-4.149073
-7.445417
6.226355
-5.849191
-8.221054
-6.416990
8.443186
-5.992019
3.568464
5.660086
4.708022
1.875629
7.768977
-5.10652
-6.202153
5.655279
1.8969
9.743985
2.712198
-5.461243
5.52188
-8.617001
-0.422901
-7.433536
-6.990045
1.850110
7.455931
9.191563
-2.835205
-9.262692
2.170899
0.192547
-0.322109
-7.753237
6.851473
-1.870577
-4.194834
7.300135
-5.662147
3.365686
-7.587190
-0.518331
-5.583793
3.519850
8.369858
-9.819619
-9.40764
4.42261
-0.84449
-5.879524
3.888731
1.196962
-6.937569
2.17103
8.901803
7.65362
3.874243
-5.784377
4.503679
-0.867355
-4.654448
-8.35859
6.720487
6.30442
-9.718960
0.153867
-0.722092
-9.618469
-9.143133
-0.990935
5.11209
4.307497
5.914483
8.415960
-5.364481
-8.97201
-5.466443
-5.512972
-3.795401
3.430883
-7.266239
-2.739255
9.14191
-3.577671
9.446798
7.39728
2.421823
-1.983679
1.509672
4.536187
-2.414227
-9.798239
3.273140
-3.526713
-3.622104
-6.761921
-0.132735
8.456638
8.352099
-3.478603
-2.827085
0.408754
6.47460
4.141333
-4.139039
4.888705
-2.3886
6.467376
9.759444
7.740899
-4.809922
6.265454
1.330400
7.568007
9.523241
-3.191957
2.97531
-5.661788
1.901109
4.325168
2.470152
8.750288
-9.512872
9.514691
-5.282460
0.438283
3.293138
3.430703
8.856674
0.923150
2.592383
6.240513
7.243592
-8.681784
-8.180069
-1.910192
1.244505
4.219598
-6.302848
9.770051
-2.845753
6.372582
-1.99639
-9.390029
9.811759
0.888070
-4.843623
8.259597
7.830485
3.457396
0.465499
-1.841297
8.818728
6.459720
-9.246259
-2.977159
9.607055
1.429085
4.390305
7.347388
-3.256190
-2.709094
-4.946612
-4.212338
-6.220760
-6.119242
-9.850682
-2.175935
7.314601
-8.569528
-7.259823
-7.198536
4.274600
-2.104006
-0.560432
-8.488341
-9.259450
7.233734
-1.187144
0.950164
0.980191
0.291780
2.693524
0.36857
5.297849
-4.206409
-4.256048
-9.86526
-8.643279
-1.283910
4.388510
-0.729622
-3.983636
7.613516
8.347954
4.407708
2.912022
1.744282
-8.80422
7.235045
2.777679
0.484500
8.554043
2.293612
-6.774511
9.106227
1.260749
4.530232
-3.148410
4.818779
-6.975151
-1.630421
-7.76369
0.39224
-9.39490
2.891369
-3.801270
-9.541595
9.715220
2.965426
-2.576123
-1.484876
1.388603
5.787293
-4.810814
-4.774416
-3.602160
-4.238771
7.912181
-2.219163
7.911115
-6.282068
-8.783819
-1.519467
-9.782623
-6.347800
-5.321223
-4.996347
-0.903404
6.707157
-1.742736
1.468942
7.548900
9.91684
-4.103813
-5.141129
-3.611354
-3.832110
-5.828640
7.348869
5.358222
9.432824
2.90253
-5.202762
6.590348
1.547474
6.881259
7.677513
7.691358
1.834975
5.843880
7.661892
1.538374
8.773499
-9.919438
-3.242461
9.574018
9.784387
-1.353564
-4.701305
8.567472
-3.178449
-5.519531
1.655969
0.679449
9.210134
4.872803
8.311514
6.842026
-3.809330
6.78649
-2.8204
-1.547171
5.269453
9.894163
2.44354
-7.751148
2.412156
-4.704892
2.353418
-6.160004
-4.517588
3.571710
4.377095
-6.223596
9.514299
-6.524368
9.311471
7.176345
-2.988908
8.966816
5.161190
8.299535
3.868679
0.557295
-1.77536
-7.606833
-4.567044
-7.753333
4.7726
8.172256
0.809222
0.475882
3.686705
-5.227496
-1.508769
1.574878
-7.176972
6.243559
-2.995884
9.787364
1.778004
-6.518096
-6.579351
-5.855216
2.85640
6.784921
4.993780
7.507336
6.50990
-2.97299
3.129431
-0.824927
-0.999675
-7.489650
-8.884853
-0.779171
2.263085
5.936345
-0.552283
8.118625
1.807629
1.977571
8.587983
-9.325570
-6.934180
7.922582
-7.865655
9.940370
9.906640
1.760349
-3.805212
-8.819233
0.836862
9.470153
-1.57971
-5.202308
3.688085
-6.541786
-8.270747
1.925958
9.121072
9.501870
-2.409633
6.844034
-3.294725
-3.162911
3.744114
0.817772
-9.320230
-9.320123
-0.903372
-3.910311
4.351215
6.265012
-2.526327
8.69342
-5.783935
6.84817
-6.396007
-2.656848
9.111339
-8.597394
-0.934248
6.475115
-5.206499
-2.670019
1.67984
-5.604831
-2.855049
2.56681
4.684743
1.343953
-0.52535
-6.220122
4.207099
3.308193
3.686315
-1.601930
8.905514
2.400946
6.441053
-0.929206
8.775718
-6.331804
2.895180
-6.992174
-2.208479
3.811680
4.435650
-5.443692
-1.41711
8.308341
-0.873681
-8.155627
-8.178351
0.632000
-5.186592
-7.426465
-9.472802
-5.664299
2.573990
2.402970
-1.978840
-6.870489
-7.814389
-9.17641
-7.788438
5.813095
5.209894
3.400702
8.302816
4.840939
1.976980
9.486658
-7.185425
-6.1167
-7.409704
-0.652221
1.24046
-6.477182
0.455320
-4.516525
-8.485488
3.203188
0.374307
-7.660845
6.694802
-5.695474
9.572976
-8.349164
1.655635
3.582729
3.533418
-4.2893
-4.861643
-2.956763
7.789541
-9.148416
2.362835
-1.159046
3.937749
-9.1762
-0.708376
-9.34570
9.499706
-7.289211
-1.887898
-6.254529
-6.8621
4.690573
-7.293918
-6.273977
3.663627
-0.464708
-2.364057
-8.285037
6.855788
8.287464
3.791893
8.942049
-7.87098
-8.882675
9.911508
8.739721
9.853853
6.148253
-7.546980
-8.388630
0.272563
-2.627024
-1.62001
-8.64301
2.602982
7.386420
9.998241
-2.421800
2.462659
-0.8717
-4.863559
2.486752
9.117923
-6.50992
9.76286
0.857434
6.375495
-5.510879
-0.32271
-7.311811
-2.153315
-5.865029
-1.356298
1.263277
-3.435936
-7.818488
3.150654
-1.318991
-9.955402
6.639569
2.760124
8.589629
7.787812
2.900324
-1.507817
9.213274
0.919467
-1.624639
-0.266940
1.276327
6.210571
-7.416881
-8.898361
9.772933
9.640647
3.577788
-5.441790
-3.124501
-4.653152
-6.576365
-1.722303
-0.727931
0.490981
0.367752
-7.621521
-0.204576
0.419053
9.931958
-7.62282
7.281780
-5.230021
6.183481
-8.248141
-2.211814
9.974823
7.44985
-1.151927
7.215116
5.375543
7.416501
6.130668
-9.212264
4.594522
3.175804
-3.245395
7.443942
-6.865585
-1.952115
1.311680
-6.630138
2.516556
-9.660535
9.339062
-3.526765
1.624100
4.252589
5.616808
1.135809
-5.257902
-3.529019
-6.747291
-5.659092
0.931551
-8.361867
4.645500
5.273627
1.291232
3.366595
1.198480
-0.195136
9.773062
-5.579280
8.309700
5.591550
7.600634
3.98700
-7.562393
1.340948
-4.386480
-0.43372
-6.941764
6.598211
7.673249
2.54996
4.237513
7.393956
8.776916
-0.486847
-0.692264
-1.618364
-8.343222
-2.97778
-5.573828
-1.186570
8.330577
-9.134996
-4.873454
2.353536
7.941837
-6.353188
8.299079
-3.552571
-0.725648
7.611660
-3.318508
1.963179
-8.644373
-3.440835
6.693515
4.788891
7.286689
2.645025
7.945757
3.378486
9.998209
2.558791
3.486891
-0.43075
4.746893
5.774257
7.776236
-9.579700
5.798780
-9.7303
5.908192
9.348376
-4.462851
-2.125071
-7.204926
-8.644251
-2.828940
-7.58072
-0.884217
-7.549376
3.697913
9.615632
5.298416
5.906990
0.365837
8.401177
8.801901
-4.854699
-0.753651
-9.411810
-0.207664
-6.172125
9.831280
-2.704726
-8.351888
-0.486957
-5.949597
-1.483341
-1.700593
8.883782
3.72915
-3.176183
5.541962
3.149456
3.607384
-3.153376
-0.915332
-8.238543
-8.697435
0.692575
1.773341
8.637644
0.417470
-5.927585
-5.74981
6.225494
-4.813006
1.606714
9.10374
1.261285
-7.287608
-8.780657
-4.945259
-2.96344
7.971342
-1.405788
9.919345
-9.945256
4.483216
-7.233817
-5.597194
-6.162614
1.589908
9.937390
-2.870870
8.997731
0.987702
-0.239763
-4.992457
5.492276
1.399091
-8.518947
3.5841
8.760890
8.744384
-1.514952
-3.847144
2.37614
8.725780
1.405666
-4.371259
0.910169
3.319405
5.27873
0.164623
-5.700997
3.526430
-5.109325
8.362233
3.801074
2.176018
6.600611
8.237466
-3.192843
8.404134
5.774911
8.786555
-7.459470
0.33421
6.500864
7.870428
8.57556
1.581197
8.447190
-9.932779
-6.782346
9.27197
-5.514474
6.314497
2.153045
-5.919432
-6.17623
0.841434
2.226622
7.717414
9.962080
2.694321
2.924217
2.793795
6.665290
-5.339775
3.509621
-9.808143
0.956455
-5.180104
0.366873
3.324377
3.322819
9.338022
-3.436110
3.601595
-6.737610
-2.385359
-6.642391
-3.955897
3.775007
-6.398420
2.369685
5.686924
-5.697339
-6.37623
-1.659911
-0.65476
-9.612102
-8.42765
-9.74879
5.703227
-1.105779
5.723104
-2.381701
-2.714157
7.576599
-4.994999
1.777500
-0.396910
7.629
2.504587
0.233160
4.476465
-4.121580
-3.88262
-8.10811
-6.110485
-8.288997
4.188737
8.798306
3.376360
5.837671
6.584627
-5.787801
-6.177236
2.274204
1.771320
1.734060
-1.774527
-4.451837
7.840871
-8.161206
-2.34975
-2.185280
-3.510176
7.723820
-1.919163
3.91204
4.533796
2.160200
-7.487399
-2.19980
-2.991102
7.909936
-5.381710
9.527389
0.325080
-2.434326
6.627770
9.610503
9.697182
1.747816
9.116428
-4.903997
-9.381972
-1.760293
6.796814
-6.295558
-8.990586
-1.656425
4.261264
8.162327
3.488116
2.306310
-7.802190
5.2283
-1.630411
-0.605737
-5.535818
3.470801
5.54535
-0.323475
2.264898
5.902610
2.146548
-4.411125
-9.191026
0.844037
9.804482
-2.732837
4.723253
-0.505615
-6.827739
9.806054
-2.860909
-9.857923
9.590094
-1.337884
-3.913203
4.306637
-7.690963
6.811093
1.862060
7.331979
5.43513
-1.798852
-4.116631
3.627263
0.969188
-1.161872
1.708821
-5.664570
7.836241
7.37790
4.655475
-9.868548
0.571782
4.988908
-7.931258
-2.752371
7.185084
4.952651
-5.77039
-0.385986
-4.718252
-3.902042
-6.344334
1.602518
0.563535
8.656940
2.673017
-7.819081
-3.422579
-2.345569
-3.952736
-2.287591
0.148988
-2.169909
-4.493969
-4.606709
-7.186353
6.425371
-7.21036
7.293238
4.828823
5.766916
0.492416
9.609810
6.108006
3.401910
0.792949
-4.949855
0.341633
-4.45320
-0.963256
-2.813693
-6.498673
9.878882
2.73191
-6.161486
9.284357
6.631171
8.21011
-4.392808
-0.575778
0.555363
-5.102801
9.367080
-4.34462
6.115268
-9.732560
2.556338
-2.528327
-7.669561
-4.789632
-0.233714
0.252371
5.854372
4.649527
-5.778545
-4.126984
-0.520498
-7.392590
8.633949
-7.289896
5.840038
-7.581718
-1.562665
5.661762
3.952199
-2.595463
3.392263
1.490122
7.393701
7.12158
9.437625
-7.709113
9.962126
-1.531041
-4.483024
-0.966049
4.196322
-7.246535
1.645015
6.577674
7.317794
6.648143
-8.821094
6.658315
5.358389
6.699861
9.326068
-8.241155
1.870418
-7.331454
1.946863
-3.40332
0.709930
-5.34676
-9.676332
-2.619800
-3.427839
-9.41769
-3.951712
1.551369
-6.885603
5.392038
-2.296141
-1.560036
7.231118
-5.792410
-7.726313
6.261855
-1.129218
7.6121
-7.953888
-0.806663
-6.761647
4.90878
-0.1728
9.852585
-9.343312
9.832681
-1.45494
-5.852171
-2.100518
1.253751
0.319497
-0.556743
-8.165
-5.809744
1.154336
-3.429075
-0.224788
5.976835
-2.752938
-8.955051
-8.458861
-8.593213
6.918143
-2.148418
5.109152
-3.10305
-4.146438
-8.614063
7.452007
4.97806
3.874474
-0.576364
1.261650
9.964764
-1.538292
-2.325545
-0.191910
6.182880
-8.150627
-2.712021
5.120814
1.212855
4.61238
-9.149777
6.320920
5.729004
3.803104
8.284361
8.665961
5.700844
-9.860411
1.603525
-5.39749
-2.603580
-6.443436
-9.701173
2.903449
-5.163997
0.645937
2.768572
-0.662413
2.201934
-1.479852
-0.757816
-6.592
-4.262824
9.870056
7.46904
9.459894
-3.292359
3.256319
-5.505293
3.735784
-1.558086
0.89272
-9.199318
1.100878
-5.113407
-5.521266
3.506770
7.287113
2.239060
-6.449784
4.475385
-9.435797
6.774456
9.225240
0.175245
-6.821172
-8.776255
-1.358122
3.229187
-0.107735
-3.989972
-0.117361
-3.523199
4.470310
6.345102
6.194480
3.478338
2.38091
-5.613706
2.710476
1.96889
9.331031
-5.18526
0.358693
4.452409
-6.962137
-2.376441
-3.234793
-9.340660
-4.933102
5.978255
-9.951505
-5.321352
-9.345902
-6.766747
5.791835
-2.242339
2.378162
-2.106484
-0.140138
6.619565
-2.534737
-2.3014
-8.31243
9.638791
-9.138056
-6.239871
-7.422573
3.240607
-1.791327
-4.334266
5.933608
0.469442
-0.927590
3.699449
4.753780
1.20017
0.423656
-2.199491
8.204534
7.371889
1.228866
-4.694266
1.122147
-3.374762
-7.702506
-0.413567
-1.299340
8.705282
-3.770583
7.635380
9.435591
-9.738657
-2.514888
8.344583
-5.833831
4.153391
1.543134
5.425635
-3.41500
-5.698409
8.730628
7.588117
2.740320
9.147530
5.509197
-0.579101
-3.409964
-7.909090
2.825025
2.845952
2.343760
5.63667
-7.216291
-7.440132
3.77248
-9.379200
1.726853
-7.452251
-8.260675
1.922710
-5.557382
-5.149340
4.920887
-6.419617
9.990112
8.949851
0.1282
-6.203891
-5.950609
-0.831992
-8.30097
5.791904
2.705531
2.27649
4.905788
5.849146
8.469528
-6.660547
-6.847644
5.855844
-2.563804
3.282580
-7.624894
8.290686
-8.236440
-0.539405
-5.611485
-5.179534
7.695802
-0.937317
5.826789
-0.954304
-0.952851
0.776021
-0.843431
8.145193
-6.147511
1.851666
-5.494255
5.509535
-0.762203
-9.766003
-8.829193
-3.173656
4.794336
5.629726
-4.528972
-1.477956
-1.137223
2.354419
1.501739
2.142988
7.77098
-7.928963
7.472917
-3.978104
-2.467579
2.101882
-8.27843
4.941265
6.812169
2.467343
2.861092
0.462619
1.564299
1.9562
-8.459954
-8.62986
-8.186676
0.325281
4.21039
8.519801
1.620276
-3.151656
-9.287597
-3.855140
-1.967659
0.186829
9.990608
-3.32570
5.667134
-8.912392
4.944036
-2.806459
0.977680
6.897913
5.61614
9.969066
-0.689447
9.250601
1.142848
-0.662007
2.308123
1.909586
5.445366
9.479762
-6.22337
9.565749
6.656631
-9.998012
4.915173
-4.429153
-0.92457
0.9010
-3.814116
6.344427
-3.455085
-7.597397
-7.474543
-4.77133
5.470439
6.805245
-6.510295
-7.45977
-7.218750
-0.522647
-8.855580
6.311869
-4.344228
4.125753
-5.456100
-0.478118
9.853814
-8.891311
-8.16548
-3.674891
-0.346101
-3.568869
-0.908944
-3.55660
1.974325
1.96465
4.883937
-2.429197
-0.224905
-9.601529
4.452551
-4.200354
-4.958687
2.202092
5.524056
-0.395017
-1.620221
8.226315
8.259278
-9.421507
-1.268353
9.171750
-4.927214
7.911678
0.734543
8.884613
-4.840006
7.454536
-0.135866
-0.900546
-9.456169
-9.148838
6.63774
8.109921
5.859291
-7.286210
7.519846
-9.927786
-9.939226
7.328128
2.663317
3.913696
3.795973
-8.268833
2.534370
0.116640
2.894307
3.36648
-9.253628
-4.320875
-5.176250
0.571753
3.195486
-0.491016
1.370021
6.50691
2.966695
5.958040
4.479262
1.666226
-6.452184
-0.293304
1.371129
6.716729
-7.989083
-1.531129
2.178133
-5.417239
6.208935
7.976097
5.79555
-6.666276
9.166307
1.408325
0.144813
9.942844
-2.919058
-2.484115
2.158311
-7.744330
8.563048
5.790714
-8.31785
-0.965397
1.598917
-8.302366
5.159140
6.619582
-6.674437
4.286614
8.155044
0.731911
-8.310519
5.778349
8.368482
-3.70002
-7.414038
-9.95074
8.46703
-9.961507
-3.848287
4.270248
2.926368
5.466604
7.815632
-6.634617
3.382756
-1.979107
-4.907786
5.359807
-1.563150
-2.597215
-5.769067
-8.626844
1.619591
-0.862577
-1.174520
3.230914
-9.134988
-0.110235
-0.926918
-7.256433
5.314338
3.960208
-5.456041
1.686671
-6.754805
0.558128
-2.224419
-1.800381
8.763873
6.963182
0.668557
4.355422
3.457677
-4.340010
-1.637039
3.731519
9.118911
5.223353
-9.404651
9.742309
4.833542
7.447416
-0.243479
7.841323
-6.619877
1.270012
5.506292
-1.12759
7.383298
-9.61179
-2.786483
-5.906252
-0.864343
-4.665852
9.964748
3.64892
9.8059
-6.535020
-8.962509
-5.54399
-0.290223
9.822188
-6.38420
-3.880245
7.720376
8.679502
-1.489141
-1.300909
-0.338159
-7.521894
-6.110777
7.421996
4.452025
2.927990
6.207567
-9.943337
-4.888960
2.67081
9.6811
9.91449
-8.898525
0.214524
3.945698
-7.472742
-7.461509
-4.909450
5.848755
9.352889
-2.407818
-4.41459
-3.275507
-8.916538
-2.303091
9.473588
8.340978
6.592932
9.458010
5.425351
2.279514
0.391360
8.282785
5.548214
-6.158698
6.533560
1.600788
6.117007
2.992848
5.117273
-8.590067
1.385338
3.627238
3.214293
-3.877379
5.78548
7.290541
-9.974867
3.73682
0.435739
-6.897577
0.416070
4.999974
4.957499
0.688833
5.13418
9.437547
4.785846
8.683951
-1.73521
-7.896259
-2.431679
-6.587494
7.646488
2.189581
8.342766
2.672307
7.778994
-1.779832
8.184023
6.625192
1.693407
7.257653
-1.461520
-3.35654
-7.857434
-4.489056
7.253765
9.610077
-2.664377
-6.336053
2.39034
6.705744
-5.336155
-5.887768
6.565768
-3.383572
-0.295079
2.118840
7.506102
-8.46739
1.669713
-3.257649
8.947097
-5.868192
-9.243221
-0.382244
7.506626
9.879009
3.795576
-1.956704
-3.503937
1.130682
5.578240
-4.857188
2.3179
-2.873649
4.990358
8.574368
2.301163
-0.286064
8.897829
1.175492
-3.824797
-5.698252
-1.199976
-0.895739
-3.685463
-3.896933
-6.132637
6.898678
-0.274498
-5.929811
3.122266
2.798961
0.377144
0.583684
2.317178
-2.600603
0.312970
-3.766206
-2.433368
-1.334745
3.84669
-4.777731
9.303823
0.666126
3.254640
1.543372
-2.139394
-1.343869
2.442861
1.850553
1.258788
8.492364
8.765885
-4.762975
-7.928430
-0.431361
-7.685054
5.338497
2.290370
8.847873
-0.908115
-1.109713
5.284333
-5.809119
0.267757
-6.10127
-5.636834
9.493552
9.830134
-5.629004
-4.192205
3.120756
-6.225094
4.292689
0.506019
6.636077
-5.709883
9.383182
-4.999843
9.2729
-7.275095
1.559379
1.864295
-3.955730
-6.113010
-6.780918
-5.874463
-9.111404
9.830238
-1.837687
-2.497977
-5.202870
7.578431
5.425346
0.552734
9.712000
5.462328
-6.407847
1.591167
9.842420
9.306964
6.144300
2.24239
3.655525
7.847197
-2.105276
-6.98543
-3.536881
-8.319824
0.930864
-4.921785
4.567683
5.911585
9.334138
-1.307425
-6.460808
4.91556
-9.557781
6.487239
-0.710170
7.613316
8.661950
9.91647
-1.480838
-9.254870
-6.966476
-9.360362
8.382504
1.957100
0.191671
3.444988
3.540368
8.105759
6.165400
-6.407521
2.162967
-8.569719
0.726319
-5.169650
8.768592
4.421305
5.598630
0.351898
0.109046
1.204213
2.461175
2.373446
6.516228
6.447304
-6.170264
-0.395278
-3.252015
-5.402425
-5.454508
8.372749
-5.444724
-9.636908
4.826016
-8.394552
-3.332320
-3.314640
-0.335556
7.419083
5.670980
-0.256649
-9.132666
4.945647
7.265311
9.334329
4.838705
-4.30678
-4.364258
9.954427
-0.636733
-9.36573
-0.874512
-4.128079
9.654366
1.485955
-6.70150
1.93566
-8.435130
-4.863209
-2.780230
1.157051
1.850071
-7.336718
-2.253899
-6.427630
2.768816
-2.126129
3.814210
3.168614
1.641128
-2.386382
-8.177375
-7.146775
-6.240227
-4.239396
-8.478610
-3.796574
-5.223967
-8.674103
3.68704
8.560857
-5.703485
5.887454
-3.240843
-0.418017
9.421285
7.353501
-5.791878
-2.687898
6.904772
-8.739080
-4.347875
7.613932
-6.841265
2.316477
6.467199
-0.62246
-0.260453
-8.843326
-1.12182
9.408150
5.450316
9.316055
0.635791
-3.682455
-4.179091
-5.637013
-6.336444
-6.534054
6.387596
-8.482125
-0.411202
-2.361962
5.770914
5.846197
-2.38534
1.285561
-8.424427
8.763363
-3.22971
1.75319
-2.692192
8.737816
-2.793421
6.249328
7.905663
-1.229624
-9.832514
-3.942082
2.918007
8.772471
8.913623
-2.824483
-0.304756
-2.506584
-3.596071
1.785012
-9.226774
5.257799
7.895791
2.561050
8.735700
-7.830944
2.208744
-2.672718
9.69063
1.436314
-7.92736
-9.946403
6.277032
-0.107594
5.546113
3.801132
-6.94116
6.734838
9.972628
-6.229499
7.251429
2.870930
6.30086
-6.163256
6.559263
-8.99026
-6.156085
-0.2491
2.177532
8.760928
-2.86747
-2.349059
-5.838368
-3.450464
6.779103
-3.559983
-5.140402
0.729102
6.515155
-2.83975
-8.388229
4.4301
-3.911298
9.386254
3.20410
-2.908935
8.336610
9.913903
-3.375651
2.694484
-9.132604
-5.941440
1.991924
7.830493
-0.653108
-7.502680
8.994589
-1.801270
-9.925216
3.543958
-5.451129
5.217124
7.223708
-1.309247
7.440559
5.396747
0.254145
6.669509
7.371940
0.392945
6.816500
-9.547186
-2.105655
-9.403206
1.342445
1.943782
5.632504
-9.228871
-5.195840
5.876360
-7.997619
-8.175868
3.385252
1.584991
-4.638282
-8.714585
-2.316580
1.955209
-1.948094
-1.220451
-8.832590
-6.719288
-2.130374
3.289555
2.22431
-8.253209
8.411341
3.267324
-0.974315
6.936958
-7.31847
-6.108185
-6.196808
7.919721
-2.712836
-8.918596
-2.480785
6.64610
-3.382590
5.146919
1.233956
9.674024
-5.642992
-6.9760
3.908374
-2.944412
0.381516
3.19914
9.331168
5.296075
9.618736
0.680797
-8.168843
-5.245951
5.685324
3.25746
-7.36778
-1.129762
2.88373
6.886928
-9.495089
-2.911999
0.794900
-0.824247
-0.436114
6.343337
6.497216
3.378537
7.568262
-8.932628
-5.651260
-1.474464
-4.559914
-2.66954
-1.5344
6.316162
8.943821
-1.269836
-5.314123
5.924202
4.912499
2.381400
-3.44406
3.70360
-1.188861
4.117938
-7.399688
-5.70891
5.744957
-6.542962
8.868188
2.699372
-1.464866
4.475921
1.556784
-5.143570
-4.95968
-3.427545
-9.516840
-9.964819
-2.704109
7.902324
3.33927
7.658833
1.843996
-9.111114
-5.776348
-2.816223
0.467873
-7.78124
-8.571178
-8.859536
3.840949
3.592528
7.151929
-7.257071
5.993186
4.309020
-8.759112
4.604771
-2.388960
9.12570
2.174975
2.341041
7.503040
8.217757
4.628762
9.348376
6.320496
-0.545611
-6.21243
3.451502
5.771416
-9.498560
0.808119
3.27737
-9.301233
2.888603
7.606069
-4.470562
-5.11148
8.831711
-4.791787
5.765028
7.311258
-9.131464
0.966363
-3.841847
-7.550584
6.884391
5.448038
0.630487
-8.993363
-5.678938
1.544605
7.609756
-0.575796
8.104191
-0.543319
-3.213675
-6.177222
-1.455204
-8.15475
-4.629450
-8.312041
3.387720
1.367872
-3.553731
5.350251
-1.879854
-0.613102
9.561143
-6.588394
7.970288
5.504559
-9.986112
-0.62763
8.217229
8.775004
9.319377
7.734739
8.469128
5.185736
9.361574
3.675579
0.188708
-8.27070
9.250109
0.478367
-7.287869
-9.375936
4.436144
4.956401
-0.435830
4.20233
0.538004
9.376862
-2.421033
4.707896
2.104053
7.522062
-1.91378
-6.373144
-7.472106
-2.358553
6.537043
-0.26392
5.405717
-1.859541
5.195574
-9.733191
8.723485
4.635583
-3.138870
2.111272
-5.228368
4.711570
-8.71598
5.74911
-8.199878
-6.734368
8.54316
-1.628572
9.413537
3.328690
-0.910615
-2.730022
-8.163772
-2.116547
-7.328947
-8.905025
-2.366843
2.838485
-6.693094
-1.919129
-7.842439
4.549123
-3.549221
-2.281155
-0.88114
-9.682024
6.796077
-2.186461
0.488759
-7.325490
-5.324278
-8.746194
-7.302809
6.65721
6.626193
-3.667753
-5.957471
-0.33313
5.40203
3.424383
1.481838
-9.155888
-1.176555
6.223963
-6.414659
-3.593942
3.666837
-3.516539
-5.497886
6.787620
-7.337573
-9.990184
6.294577
1.799973
8.820232
7.927115
-3.319000
9.791964
-8.565171
4.611029
2.255028
-9.821447
5.605536
5.877399
-1.702757
5.224157
-2.109350
7.315809
-4.393199
-6.381724
-1.222118
0.879867
5.543564
7.357060
-5.93373
-7.134458
-5.590610
-5.645018
-3.330572
-0.145160
8.876402
4.894574
8.673509
-0.24136
-1.262782
0.726029
-7.857346
-5.975733
-3.389506
2.180188
-5.442456
6.947691
8.33691
3.305994
-0.641997
0.744459
-9.837537
0.546932
-1.704807
6.188009
2.894614
2.563092
-8.73311
-1.968834
3.639427
8.145757
3.654988
-7.757730
4.615353
-9.558430
-3.764824
-6.594587
-1.491347
0.579559
-3.432414
4.796342
6.913726
5.158263
8.22039
7.378208
8.439664
5.132510
4.953493
7.419954
4.870589
-0.431045
-5.845781
-9.985038
6.879397
6.750016
8.268554
-2.878681
-6.110786
9.70883
-1.244159
-9.270041
9.294286
-8.4588
-9.642324
2.855552
-5.686350
-2.415894
-1.638772
-5.846331
4.650834
-4.484695
7.627905
-6.543245
-4.356274
6.638088
7.766895
-5.182359
4.16990
9.256986
-9.838652
0.116226
-0.37105
-8.447072
5.847516
-7.117834
-4.8044
0.786699
1.848833
-7.821584
4.259483
-7.439393
8.631355
-4.129655
5.938882
-5.217712
-3.821696
-6.953536
1.545480
-7.236299
-0.355973
8.104392
-1.449901
0.53107
3.940905
4.985920
-2.858945
3.810523
4.23015
1.546114
1.636806
-3.133744
-3.669506
7.797548
9.964944
-4.19208
-0.627232
3.764356
-6.249982
-7.932943
9.634824
-6.131460
7.378595
-0.491232
2.148084
1.255328
0.63380
-6.877585
5.167831
-2.995950
4.81889
-1.330677
-7.330355
8.563527
-8.566949
2.314230
9.307642
6.889778
-1.903865
-8.372919
8.843054
7.467427
-4.379784
8.282335
7.939923
9.350198
0.532367
-3.630015
-9.891146
9.82094
-0.652154
-2.236152
-3.481898
-0.251637
3.585656
-8.599335
2.64355
1.560448
-9.965200
5.446441
1.123
2.708135
-3.450211
-9.524001
-1.9384
7.989662
-1.295417
-6.717938
4.696059
-8.133647
-8.887268
5.349032
-3.470016
-0.662707
6.693088
-0.17436
-8.502299
-3.680046
-8.180690
-4.411731
3.938909
3.447084
-1.688760
-2.113130
2.520889
9.981339
-0.610169
6.471734
-4.642835
-1.572319
8.739332
2.143997
-1.494451
-6.240903
8.423708
-1.52249
1.116189
1.427297
-9.703511
8.673594
9.471194
-2.467227
-2.43428
-1.669815
1.525445
2.303408
-5.21140
-9.697291
-7.528261
1.211091
-5.157512
2.822787
-0.653999
-7.856260
-9.59054
2.783268
1.10243
2.382852
9.372830
2.139363
-9.738418
0.942032
-1.894202
-0.605731
-6.801171
9.936933
9.65266
-1.786008
5.559160
1.88232
-9.79523
-1.487875
-0.780516
8.517226
-8.400524
-3.439504
6.453925
-4.464929
-7.169806
0.613169
8.489758
-5.506141
4.452401
7.498889
-4.18218
2.585793
-3.468531
-3.193027
3.142135
5.721387
1.553796
0.894131
4.200777
-5.367936
-7.1341
-1.418513
1.72739
6.29284
3.590509
-7.831926
-9.841767
2.732259
8.958573
5.333931
-2.375558
1.331
-3.131402
-8.255400
-1.837255
8.46773
3.497122
4.710766
0.677494
-3.366060
-3.791704
-7.488998
-5.43733
6.924442
1.840503
-5.450403
9.442827
-0.404273
-0.228874
6.633757
4.503212
-3.838580
-2.91077
6.333444
0.111315
-1.531553
8.426082
-7.153023
-4.960985
-6.808543
-0.29628
9.548853
7.333845
7.65063
1.965203
0.420577
-3.961605
-4.601762
9.568166
-0.54665
1.910965
2.961476
5.695196
5.123153
-0.718847
2.322779
-7.385354
6.349399
-9.651890
-9.521703
2.592594
-4.367776
-0.718533
2.703238
-8.688040
-1.784254
-9.7081
4.815308
1.878309
8.640718
-1.427430
1.784426
-7.744207
2.673321
0.120481
-7.567242
5.434181
6.199255
8.980578
1.346317
8.867488
2.971409
1.135908
6.56182
1.855384
6.252361
-8.118949
-2.291445
-5.151954
-0.868717
2.447085
7.28709
9.948661
9.474529
-3.793200
7.625418
5.755439
4.190343
-1.745438
9.848090
3.106313
-8.496592
-3.770651
7.221753
4.6866
5.762825
9.540520
3.806837
-2.761030
-7.383679
-9.53805
6.122543
5.110358
-7.120456
8.725370
-1.296837
5.570866
-7.699111
3.940313
9.995482
-7.700631
9.535550
-3.528947
-0.629485
1.828043
0.434175
6.589650
-3.49907
7.521642
-4.750293
-2.583951
5.645280
5.430873
1.744085
-4.773966
0.76438
-2.897975
-2.811800
-3.108400
0.548804
-2.65748
-5.196685
-0.580510
2.327581
-0.74707
-3.547258
1.558422
9.162714
8.91949
0.286442
-6.741674
-2.674629
1.653561
2.174713
-9.900275
-5.141938
-1.850229
-4.131150
7.34609
1.114951
-8.89767
8.575712
2.701713
7.414995
-5.975997
-2.158684
8.555847
-7.65461
-1.15678
-6.514899
1.628280
2.937920
4.124152
-9.800191
-7.777266
3.162789
-0.20369
-6.392076
-4.956977
-6.323373
-7.777706
7.61650
2.366186
9.344875
-4.688783
8.330888
6.896778
1.269386
9.579863
6.379169
-4.782256
6.911595
-6.826547
0.261529
-6.115183
1.396212
6.263298
1.788642
-4.521351
4.993457
2.752563
-5.426949
-2.470887
3.8530
-0.323716
-4.742769
5.428478
6.401211
-5.569397
-8.890013
-9.202786
9.801773
-6.748625
2.409528
8.645711
9.145955
4.757502
9.377130
7.274226
6.545004
4.84985
8.676426
-4.747274
9.640429
2.617419
5.793428
0.113724
3.325253
-7.733010
0.858346
-5.727423
-7.92803
3.381437
-5.96916
-6.247770
-0.674068
-2.118578
8.526132
-4.814291
-7.36102
-7.597929
3.186206
6.635411
5.177817
5.739303
2.998286
9.584368
0.287756
6.1932
-5.484771
-3.797629
-3.541842
7.910190
-1.649947
3.917894
5.298746
-8.618635
1.507637
6.291006
2.701751
-1.147276
-8.322300
4.352329
2.102450
8.218635
-8.432303
4.933873
0.841924
-4.198940
-9.819212
-7.738843
-6.72114
-7.5230
-3.173604
-7.755053
-7.5231
1.438778
5.123708
-7.380483
-4.211034
5.100133
-3.845409
0.21408
9.54674
-1.595153
0.560740
0.766533
5.831169
4.778636
-3.899940
6.413186
-3.982001
6.895981
2.56513
-2.566046
5.643216
9.236678
-4.763953
-7.583317
3.410062
-5.547048
0.765824
-4.138502
-0.670314
1.51216
-4.36261
-8.147033
5.305957
-3.153094
-9.68927
-5.780842
-0.905324
7.771430
-6.916920
0.429173
-0.870638
6.318406
0.55363
9.396326
-5.152635
-5.224230
4.57002
6.632952
3.331708
-5.242489
5.447691
-6.557828
-3.842280
-6.548650
-4.776605
0.452561
-3.639917
-7.71793
2.435749
1.369394
1.956649
2.750127
8.380510
8.670107
5.772011
8.787853
3.498476
2.325556
-4.524170
-6.527591
-9.281344
3.139716
-6.937465
1.729953
-4.429858
4.189816
-8.266761
0.201344
6.659220
1.455746
2.382467
-4.854370
4.945636
-4.531249
3.610803
3.509960
0.681280
4.764680
6.864659
8.384260
-1.241935
-1.877979
-5.558873
-6.181479
-2.899552
-6.517807
1.824098
8.833252
8.903531
1.526399
-1.262153
9.875784
7.507009
-3.125997
-9.462701
1.946979
-2.285001
-6.259879
2.589309
7.932512
2.261586
-5.442645
9.362764
6.451227
-5.271989
7.919500
6.936424
5.487690
6.887034
-1.966411
-3.142786
-0.658093
1.390312
-3.931020
-4.461698
-6.365545
-7.193073
2.252028
7.408366
-4.49267
4.217482
-1.175164
4.798097
-2.109642
-0.235796
5.671964
4.848774
-6.51226
-2.88255
2.32820
4.333784
-4.769085
7.297721
-2.282456
0.174516
-5.762244
-6.965138
-3.235976
-9.62448
3.364293
6.591569
-2.403416
-5.941573
-3.629058
-5.396890
6.190415
-2.407883
-1.242367
1.978598
4.24943
-9.430669
-8.929612
4.213287
4.79792
-0.638769
-5.642368
-3.246200
-0.331743
-6.950224
-0.706250
-1.116289
9.546829
6.250604
6.74390
-6.784293
-6.554828
1.180943
-2.595074
0.582252
-8.688574
-9.794685
-0.492154
-4.217102
6.878398
-3.654156
0.908562
5.864736
0.414208
-3.832051
0.580509
-9.200879
8.123829
-7.795323
-1.945001
8.652655
-0.589757
0.365973
-4.743853
-5.87846
7.864528
4.263798
5.918296
4.891205
-3.433129
-5.134809
-4.780540
5.441500
-6.814986
3.496072
4.583361
6.249075
-7.804252
-9.741046
-6.792912
-7.838247
-5.47561
-1.845768
-9.97604
-3.733630
6.69544
7.234912
-8.914261
7.231420
2.530768
8.757308
-6.80045
1.88738
-1.149360
-8.5763
-8.294851
0.364800
1.479408
-2.589676
-2.103160
-6.452991
-6.773977
-9.363010
0.661592
-6.1060
2.393838
4.939640
0.887541
5.558146
-4.692500
4.83517
-1.569443
6.714192
2.879884
-7.131421
-8.718783
-3.744220
-6.442642
9.695608
-1.799944
-5.770068
-0.395992
4.757760
-8.944112
7.137112
5.342522
-4.855195
-6.556283
7.925195
8.67958
-7.87733
-6.470215
9.473029
7.975537
-7.672036
-0.530882
8.494968
-9.987584
2.412623
-5.328231
-2.943261
0.341229
-2.91578
-3.457557
-0.769994
1.709366
-4.994457
-5.885838
0.309800
-9.994655
-9.740347
1.349650
1.702202
7.72117
-5.403507
-8.382540
6.319035
3.100890
7.800742
2.827434
-2.248923
-4.185646
-6.591467
-7.455767
-8.754082
-5.674802
-8.265161
1.503774
1.410931
-4.399255
1.313330
-8.96416
5.89742
5.417592
4.21170
-0.703175
9.689325
3.974078
-0.443272
9.406706
-2.891739
8.122368
-4.480945
-8.153322
1.211616
9.575687
9.144426
-2.236870
-1.986612
-4.161691
-3.105893
-3.584493
-2.783137
1.325998
-2.152489
7.49398
7.207879
-4.893093
-0.608815
8.798679
4.378294
-2.660990
9.743182
2.230965
-8.25579
-0.664546
1.367393
-0.339797
-2.72190
5.975138
0.4405
-7.51729
-0.239478
0.564951
-0.181469
-9.817001
9.530882
-1.16594
-6.994656
-8.968032
-1.98412
-9.8041
-9.765061
-1.185313
-0.78443
-8.629645
-4.888316
3.578689
-2.593857
-0.542635
-1.256407
7.629818
-2.807508
-0.565361
8.134344
-6.540034
6.446979
1.738922
0.788366
5.151149
-5.318760
0.328310
5.198822
6.235184
0.969643
-1.616371
6.476017
9.628520
-1.57770
-1.791128
9.796625
-5.689025
-8.992723
1.472779
-6.347211
-4.694462
7.660530
-1.133731
8.176403
3.415106
9.392477
-5.364923
4.962261
-5.24705
-2.84911
1.309927
-2.723437
-3.772418
7.228498
1.363691
5.878202
-4.58088
0.780714
-0.212199
0.620431
2.975054
0.892439
-8.364954
-8.21121
-3.435062
-7.914257
6.771683
0.180014
-5.648324
-8.165744
-1.595838
4.149420
-4.487021
-3.226019
0.91875
-0.983342
-3.809250
-6.934522
3.321419
-1.994647
-1.71821
-5.862867
-0.574872
-1.496605
-2.856565
-0.534795
-5.925851
-5.571467
0.768711
8.246132
5.624163
1.394210
7.448712
-6.152624
6.43418
-2.556158
-1.637805
-1.60043
-4.486533
-7.598303
0.561099
-3.3462
-6.558461
3.713117
-5.726153
-6.689445
-3.102687
-0.291480
-7.673994
7.604354
-0.560854
-8.648019
6.728718
9.377821
-8.124639
8.825735
6.48610
1.202763
0.859660
-3.337070
0.848420
8.50578
-8.854106
9.707718
-9.280388
-5.615536
6.785672
6.461306
-8.186128
-4.446671
-7.873944
-3.512692
-9.399083
3.58872
1.754234
7.694969
-1.603227
4.65343
1.921853
-1.330399
-9.895336
9.210222
-9.890371
4.697207
-8.8550
-9.432687
9.828059
-3.243275
3.364746
-1.84838
-2.740619
8.180511
-6.455090
-7.934816
-2.811055
-4.880546
-4.758827
-2.231570
4.792785
0.112248
7.636631
0.756229
8.500087
-7.234584
7.567648
-5.253514
-2.470799
1.855433
-4.472759
6.728279
8.501448
2.654899
-6.947909
1.238146
-5.288225
-3.557640
0.28134
5.527767
-2.299814
-4.709020
-7.389281
-3.564863
-0.932629
-2.464023
2.577508
1.116843
4.446224
-8.357181
-7.564933
5.894969
5.459539
-4.895272
1.507455
0.247117
6.897900
8.543803
1.405637
-1.503257
-1.175744
2.412209
8.457285
5.812419
-7.648862
9.914524
-5.363903
2.285223
2.752476
0.793798
-7.969659
9.579873
-0.849814
1.168761
8.101579
-8.613600
7.168847
-1.344829
5.291093
-7.453863
-7.706672
-4.98101
0.555824
-3.23027
-7.911335
-5.244555
-0.753452
-8.884983
-9.182951
7.536640
-4.965659
-3.645753
5.505483
-3.34838
2.46237
-3.704895
3.925335
-1.587814
9.977553
2.847030
8.22747
9.958010
-2.265397
-8.794722
-2.714746
2.127049
-6.677935
-6.503546
-9.465065
-6.886289
-2.188378
8.627059
8.784083
3.698922
-8.427306
3.364218
-3.270566
9.416154
-8.685966
3.262952
1.200104
5.463083
-2.213993
-7.958318
5.247248
-9.127022
-6.818885
-7.248174
6.2703
-2.92728
6.848929
-2.326757
8.484221
-7.586718
-0.945323
1.791134
-0.251201
8.519810
-3.584156
3.458360
6.479657
3.901831
7.835591
4.65020
-1.289040
-4.967661
-2.981454
-7.600984
-6.242407
9.108041
4.977189
8.533604
-2.756721
-6.893237
-1.901470
2.512316
-7.369150
-5.290857
-3.41964
-9.141525
-3.682269
-9.29477
6.26259
6.673188
7.556981
9.139315
-4.694972
5.24209
-0.614132
7.81601
-5.884977
-2.20268
-5.389306
-9.827682
-2.916770
-5.945609
5.914565
-7.805092
-4.218174
8.912572
-6.29029
4.512032
1.444239
-7.66021
6.270613
4.992191
9.226718
9.343345
1.632929
-5.653787
2.63796
7.512520
-9.62141
0.255270
-3.765096
8.664952
2.94154
3.264025
-8.198776
-7.28891
-9.352324
0.570403
5.187044
-1.591554
-7.644319
8.745757
-2.874181
2.944156
-9.760774
-5.58562
1.266443
-3.380743
-7.462550
2.439751
8.378368
-2.581718
-0.41992
3.953204
-3.207755
-9.405871
-9.750394
5.272418
-4.517165
-0.63130
-2.132878
-1.40562
2.451134
5.942397
-6.327432
3.772312
-5.854983
9.927771
7.561077
-4.941947
-5.694639
-7.463473
7.510557
-9.710074
-0.6180
5.708706
4.359861
-6.742440
-0.753539
-0.339356
9.939641
-9.965468
0.514907
-8.113599
6.231099
6.591516
0.600721
7.525459
-6.638150
-4.972310
9.107421
-4.660010
-4.703343
4.688553
6.558039
0.671937
3.802559
6.288537
2.90345
8.252709
-1.750280
-6.244995
-4.749381
7.257645
-1.479861
-4.454914
-4.375157
-9.633155
2.454998
8.626928
5.488301
5.978760
3.580124
9.807301
-6.806594
6.776398
-4.340935
-2.100924
8.98178
0.970847
4.723944
9.948539
9.820994
-3.44653
-4.824421
8.718338
7.431044
-4.732396
7.459987
0.187809
1.684923
-6.734315
8.548274
7.425239
8.622855
-2.137336
-6.907243
7.856789
0.102779
-4.100209
-5.508713
2.816591
-8.486251
9.97818
-5.491297
2.473281
-0.820169
4.872896
6.248738
6.529523
4.718800
-8.24163
-7.910501
3.715162
8.966447
2.5130
1.582252
4.612506
9.377344
3.304050
-7.96785
-7.956823
9.618481
-0.146384
-3.482124
-6.248556
-9.99369
4.941806
-6.632655
7.791049
3.33548
-2.385217
5.146296
-2.803036
2.2312
-9.719068
8.942937
-1.526793
2.827180
-5.125539
1.435043
-2.23547
-7.915214
4.20547
6.87411
5.565902
9.977502
7.904463
-8.991995
-9.617442
-9.568504
9.458316
7.760055
-1.575850
3.84788
-8.768993
-2.393375
6.57302
4.218932
1.510922
0.757023
-2.474433
-5.564720
1.690533
7.138556
5.943806
-4.308999
6.726127
-2.689281
4.58345
-8.442505
-8.309510
6.199257
-8.994258
-4.780468
-8.612593
8.572887
2.155205
1.747658
4.858592
1.621802
-1.89440
5.268878
-2.887469
-1.37413
-8.319852
1.536482
4.564326
-6.977039
1.993553
-2.673846
0.742238
0.705865
9.645799
-7.219870
-3.599338
-4.728010
7.431236
-3.435144
-9.429015
7.503899
-9.102301
-1.533731
-3.30151
-3.102170
-0.497554
-9.377950
0.316247
-7.984002
6.612521
9.93100
-0.531189
1.532580
9.882504
-6.468429
-4.327769
5.296728
5.428140
4.769979
-6.299286
6.42317
8.156567
9.933330
3.562119
-1.721437
-1.598452
5.341557
1.195114
5.74008
6.446087
-6.740365
-8.460743
0.225874
-5.53138
-5.521741
5.217502
-7.154327
-8.226518
8.266676
0.775154
-8.848122
-5.578680
1.530723
-7.236830
-4.579505
-9.59882
7.5730
-5.230128
-7.677568
-9.118031
1.850801
8.918197
-0.25840
5.74358
2.174924
-0.532625
0.745913
1.705400
1.573497
8.973268
0.834449
-5.930109
-1.204640
-2.400267
-5.570130
4.752320
-9.680693
4.509574
7.498187
2.396856
9.13438
5.679703
2.7037
7.526161
5.473907
7.462483
-6.551772
-9.263856
1.345215
3.473417
5.282846
-6.624303
9.415985
4.200085
5.567312
9.176239
-4.592195
-4.77446
-9.304688
3.396473
-3.809718
-3.411576
8.132158
-1.176102
-5.943677
-8.554069
-6.243245
-4.691900
0.442311
1.476314
-1.223469
0.180862
3.60900
-3.386973
8.168890
7.880558
7.17164
-2.130480
-6.484362
8.424025
-3.422887
-8.312849
0.201864
9.505917
-3.457797
-5.624816
-7.183213
5.757888
5.909934
-6.460393
3.805736
9.272035
1.787217
-4.967088
0.987752
6.825589
3.34668
7.341884
1.471839
-7.383198
1.35921
-2.686183
-5.514844
2.99158
8.826098
-2.380907
-5.127790
-1.116617
5.994220
3.728610
5.743811
-3.495416
-0.779921
4.831895
8.640903
7.697448
-4.109993
-2.578104
-4.859669
0.864622
1.569709
6.747962
6.736824
9.807160
-2.926059
3.113976
2.196500
-3.241005
1.556669
4.680741
-5.963715
-0.441511
0.833018
-6.653079
-4.484501
-0.669734
4.106038
-3.404851
6.715495
0.32189
-9.599897
5.646077
7.698849
4.538135
4.512182
-2.778244
7.517419
4.872402
8.421299
1.540129
8.126220
-0.200225
-4.575515
9.472561
-4.698525
-1.695818
3.94767
-6.91873
-2.928141
-5.192944
7.50673
9.981393
-9.942969
-9.768419
-7.143525
8.36436
4.149592
9.72678
9.759602
-7.409507
7.87286
0.392837
8.972237
-3.557038
1.169025
-5.353084
1.403810
-4.805920
-0.464519
-7.800906
-9.387916
-5.351768
5.892688
7.586191
-9.453894
-7.677972
3.470593
9.442878
7.203050
5.646548
4.999019
9.794784
-2.47942
-4.185109
-5.523760
1.174717
-5.207120
9.770561
4.937718
7.984545
9.320549
9.549369
-9.580193
-5.868908
6.5255
0.641908
9.648303
0.944602
3.336726
7.289194
0.635615
-1.763907
0.25836
1.830444
1.763920
-3.796512
-5.606192
8.663552
4.960528
8.183817
-8.979967
-0.347998
0.631750
6.846461
-2.209944
-3.245960
-2.129225
4.99565
-1.927541
-6.550872
5.437750
1.457782
7.643985
9.92903
5.673446
-1.423571
-2.468836
3.457542
1.334293
6.984871
-9.182118
-9.78002
1.436429
-2.799588
5.997923
-4.311706
3.21099
-7.248644
9.657895
-5.242084
-2.668675
-0.917636
3.853317
-2.107470
-5.42907
6.353221
9.800724
9.30993
-0.143595
-9.66070
9.865642
-7.496415
8.416170
-7.785244
7.696542
-3.823508
4.622419
8.45759
7.67421
-3.21700
-3.409819
0.930249
-1.628287
1.973066
-2.764175
-9.515889
-0.539913
-6.406404
-8.331301
3.5204
2.186549
-4.27659
4.962522
5.328103
-0.264577
9.298499
6.783089
-5.68127
3.668256
-7.243421
-1.859694
6.415420
3.407014
4.283351
-4.313323
-0.193472
-4.780011
-2.179006
-6.468922
1.717179
-2.978182
-2.145398
5.181781
-8.715618
-9.719974
7.442674
-4.915959
0.196093
-5.173130
9.211073
-4.315128
5.671842
6.825228
-5.737806
-4.286737
9.703894
8.804128
-0.886880
-6.20278
9.872577
8.719903
2.905598
-6.877786
-1.43481
7.202388
9.667829
-5.149629
1.427799
-2.197697
3.928246
9.852977
-4.950071
-1.364927
6.312030
-9.990647
-2.669808
-8.759484
-4.691985
-0.179757
-5.912282
-8.584281
5.543587
3.429338
8.99466
6.291778
4.293010
3.323410
1.670754
-0.254627
-6.62602
3.516312
5.819309
0.393543
4.633151
7.614319
-9.23083
9.559976
6.374627
-5.927539
-4.900057
-6.736781
0.290686
2.544549
6.346943
-6.9900
-7.556771
-8.141013
-9.522109
-7.392044
-4.963280
3.631747
5.14429
6.138563
2.949839
-9.580428
-7.805755
8.435183
-5.308474
1.96384
8.53538
0.758892
6.245109
8.298795
-1.862549
-9.536818
-8.484977
1.697405
-6.766782
3.67735
-4.527803
-9.563395
2.394941
-4.345831
-1.960614
-8.586234
-3.265294
3.38215
-0.78714
2.908899
-9.404463
-5.594094
-7.76836
-8.899822
4.201616
-1.415704
8.155220
-2.709565
1.30276
-2.942178
-8.574359
9.464007
-6.886364
-6.602893
-7.428739
-5.226453
7.532851
4.865616
-0.889447
-8.403832
7.960152
-1.86212
7.378110
-4.714436
4.473725
9.616593
-1.212920
3.560706
-3.698166
-8.220366
-4.519853
-9.33794
1.356284
9.80510
3.589944
-6.118906
6.83099
7.637745
5.492408
-2.710068
-9.716552
0.118923
-6.348484
1.840656
3.681979
4.333897
-6.22863
-0.798080
3.41517
3.126269
1.972520
4.24071
-2.916189
8.994280
5.5485
-6.423529
-5.865005
3.575538
7.599481
8.667706
0.579
5.117954
3.86328
7.261987
8.241792
-7.132040
-6.535285
-7.50978
-1.833217
-3.858058
-6.835568
-9.998653
4.982588
-9.619506
-5.782766
-5.121643
-6.519091
4.481621
-1.323664
1.86739
7.897115
5.243665
-5.666811
-6.566390
3.453036
-3.332233
4.111159
-1.203875
-8.669568
0.107719
3.218739
-6.486854
-2.546372
-9.967268
-2.44233
1.986356
-8.474733
-6.11944
5.681672
8.317134
1.776389
2.895005
7.704340
4.670629
3.446084
-8.297117
-6.861725
-5.175351
-9.719616
-4.818185
9.74148
4.868270
6.476920
0.534204
4.155569
-2.761347
-8.200123
9.99408
4.179429
1.593404
-6.965403
-1.546869
-4.308306
-6.828788
-0.559233
8.576577
4.867177
-7.905766
9.220640
-2.9823
-0.590449
7.255261
6.415615
7.775851
2.39304
-6.619352
9.845818
7.64075
-1.965827
-8.270689
8.313200
2.683859
-8.250937
0.491354
3.455666
-0.815794
5.333085
8.207662
8.55285
-7.55383
-2.801361
6.291326
-1.555794
-3.935777
8.260062
8.87882
-2.28519
4.949150
4.239188
-3.151977
2.180989
-4.433025
6.163346
-4.820271
-9.663300
-1.764440
8.743044
9.444930
3.450527
3.725660
7.573724
3.307919
-4.644807
-4.802621
-9.821772
-8.641574
2.594172
-7.529003
-2.621026
7.474582
-7.112349
9.852042
7.501339
3.616033
2.648255
-4.858065
5.849699
1.651676
-7.245850
-2.355057
-7.647627
-9.788196
2.242495
2.657518
-6.402593
-4.624667
6.604532
2.85233
1.28052
9.883516
9.860934
-9.83085
3.857890
8.313802
8.802500
-6.145756
9.468792
-1.914836
2.980188
-6.318577
7.920939
-7.866918
-1.557613
-3.978011
-6.293201
1.635087
-4.378086
1.888250
-3.817254
-0.410950
-4.57099
-3.403328
-8.205130
-5.254055
5.207623
7.952075
5.144781
-6.873922
-8.773787
5.356078
-4.537014
-2.661177
-0.328006
-1.428093
-3.242538
-9.606545
2.182223
-3.922011
-5.257099
-1.684027
-7.37723
7.239128
6.155158
-4.859780
2.847355
2.411086
8.669708
6.550364
5.908599
6.78020
5.985929
8.205779
9.624545
9.480061
-1.26384
4.471136
-4.282744
-9.605990
3.831148
7.248356
0.697342
7.747822
1.544623
4.932103
9.854706
-2.38620
1.639446
0.323055
6.527811
8.994460
-5.407031
1.835950
-6.487641
-6.33616
7.366357
5.816869
8.828942
-8.72285
-1.97261
3.328821
4.844986
7.148037
3.443753
-2.356679
6.883229
6.49786
9.811134
-1.999075
0.219598
0.820203
2.49248
6.120425
9.781558
-6.93622
-1.988720
-2.321559
6.647110
-2.604821
-6.66803
-8.44515
-4.532418
-9.453894
1.161245
-6.142114
-5.430115
3.907959
-7.392515
-8.745430
3.522636
-1.337746
0.519583
9.913132
-5.182783
0.288641
-0.587387
2.994952
1.528420
2.547980
5.536355
-4.229496
-8.447606
-0.272637
8.308663
-3.853593
1.33755
-4.321517
8.554790
8.864333
0.887670
-8.175254
-7.804304
6.790886
0.105246
-8.908630
0.343151
-9.355277
-3.852967
-6.712386
0.228018
1.406149
-8.100876
2.831782
6.544704
-2.422425
-4.753585
4.158277
-1.115100
0.668826
3.883788
6.779989
3.103278
-7.301260
0.679278
-7.513291
6.689595
8.758299
-5.557272
-1.124953
-6.842026
-9.596162
-3.78967
-3.94747
-5.434387
-4.719486
-0.342322
2.678750
-2.84047
-3.411180
0.888888
-7.745189
4.386232
9.429245
-7.222363
-3.310289
2.115450
-6.424134
-4.878266
-3.109299
-6.302411
-8.825039
-1.489875
4.367495
4.308214
-1.474959
-6.381021
-3.748699
4.336294
2.217429
1.705
2.77205
-2.10387
7.428273
-8.392908
5.371381
2.566828
-9.354273
-4.412468
6.341810
9.69833
-5.485425
3.366480
6.582877
-6.80215
2.113561
-5.993203
-1.350945
8.127271
-0.684097
2.679778
-8.416726
4.236331
4.112117
2.960635
-6.573747
6.942764
-1.448707
4.840275
3.486467
7.88360
2.163010
6.787624
9.488941
1.695233
-8.315762
1.721908
-7.996851
0.494866
6.144771
0.288378
5.511872
7.300679
-9.537630
1.805603
-7.184813
1.305174
0.676241
5.681663
-8.932360
9.628780
1.483407
4.396615
-6.121086
-6.768937
-4.817156
4.323138
-4.262350
-8.50795
7.77806
-0.797145
-2.329876
-6.355363
3.661229
-8.252767
-8.341564
1.243380
9.196477
1.197705
6.774634
-3.555685
0.861939
5.172565
-7.853650
-7.893768
-5.647578
9.783541
3.606833
-9.310046
-0.58492
-8.817235
-2.731407
-5.251713
3.323822
2.68822
1.739297
1.185108
4.729393
-4.634502
-9.983934
-1.339144
7.13629
5.853616
-7.730822
0.306474
2.866045
5.751099
1.688663
-8.907920
-5.90221
4.10202
-0.256252
-3.173957
0.452234
-1.461086
6.94281
-8.999396
-8.509029
5.680957
2.890634
-7.163848
5.350538
4.182111
0.910281
-7.891574
-9.194812
-1.42940
-9.653770
5.756695
1.502569
-9.875327
-1.730464
-5.565259
-0.749679
9.530898
-5.699040
-4.636501
-1.94380
7.310398
-2.159769
-1.249068
-8.104849
3.499716
-2.607626
2.397166
-8.845773
-7.47730
9.2431
1.251611
8.959873
7.534205
3.654805
4.155861
3.219483
-6.272305
-7.238605
8.796845
0.989964
-4.988085
-7.64255
9.204693
-1.801076
-5.583870
-8.634686
-7.703202
-6.836669
8.250479
-1.548429
7.373955
4.4752
-6.633293
6.508647
-1.735662
-7.846760
-8.965919
6.490305
1.782044
0.888865
6.845904
-8.872068
5.959934
7.676412
7.643603
-8.50072
-5.115302
-6.111598
8.310270
-9.508162
-9.695238
-7.892288
-7.130863
-2.164712
-5.278560
0.572628
7.197956
-6.341392
-1.872311
-1.41190
7.912812
8.861131
8.374548
-4.635412
2.119667
6.79327
3.393857
-2.29175
1.959236
1.515140
-4.553047
-6.467917
9.99115
5.439279
5.681174
8.468402
-1.334685
-8.428029
9.343681
4.908262
9.662638
0.269345
-0.169726
2.461941
-4.859758
6.125386
-6.864157
6.274027
0.696389
-3.3553
7.269414
-1.406784
-0.793146
6.803048
4.71902
8.752081
5.406559
-9.945545
-4.398216
-1.756511
1.535570
-0.288441
6.483041
-8.251190
-3.32166
9.507145
1.660880
2.860761
-1.18465
-1.994026
4.212058
3.851550
8.665497
-7.856327
-8.885983
2.614222
-6.682783
2.472175
1.772779
-0.764630
-0.483987
-2.200262
-4.320241
-2.153420
1.502849
-5.956781
6.783649
-7.873661
1.688714
1.627024
7.477806
3.260279
-1.779235
-7.34069
-2.275971
-0.53458
-0.357325
-7.881154
1.969356
-5.156747
1.953706
4.572291
9.864052
-8.10839
-7.385331
3.389863
4.122305
-2.781792
6.873204
-3.685671
-8.467472
9.218946
0.656707
-0.584645
-9.672532
2.423217
-3.309833
9.83326
-1.166412
0.247807
5.954535
7.280755
1.3097
-0.417149
-1.40628
3.182210
-8.411705
1.570086
-9.538508
0.802678
3.519343
-7.158562
-0.292626
0.301938
5.197339
5.880512
5.257673
8.451126
-7.242665
-2.21846
5.990691
6.583968
1.569680
6.571830
1.691416
3.633673
-0.305468
-2.532986
0.915905
9.620638
-5.927695
-7.791613
-2.976795
4.35393
5.384556
-8.32210
3.225972
1.861196
7.507968
-1.704797
-1.770713
-0.741410
-2.291804
-4.714521
6.795146
-7.280076
1.17119
5.296652
-8.569802
-7.79233
-7.363145
3.412227
3.810449
-9.160195
-3.592
-1.55759
1.475722
-5.49597
-5.859428
1.304767
-9.522604
0.473340
6.915883
6.376084
-5.889337
4.356550
0.293581
6.959106
6.214321
-8.567195
-3.238876
6.483727
6.108565
-7.372491
4.506378
5.305372
7.82255
-1.337793
5.368639
-4.260947
3.93950
-6.747146
-9.149114
7.593952
-1.274558
5.191526
-0.916965
6.410247
-0.753672
-8.806668
-3.357651
-5.961929
-5.60138
1.117217
7.992899
-2.125576
1.839096
-7.943392
-6.430275
-4.514065
1.278311
0.445536
8.532171
1.646782
5.678212
0.100134
-3.766977
-2.760996
-9.903632
-9.596228
9.99731
-2.24443
7.117512
1.44403
-4.915420
-8.5123
-6.21388
3.364830
5.478400
3.632121
7.632662
-2.354026
5.758144
0.937857
-9.494031
-0.452269
7.938147
1.274411
1.953508
7.889361
-1.628741
-8.417253
-0.733139
3.624921
-0.223030
-0.238382
-3.254759
-5.555490
9.417923
-5.262042
2.167723
1.783753
-6.134575
8.304998
8.888481
8.800443
-8.529657
6.130214
-9.966945
-8.518250
3.932602
-6.842663
7.118811
-7.519191
-0.981660
-3.516600
8.576280
4.582497
-0.358716
1.858447
2.487402
-0.357970
1.403758
0.874255
-7.427088
-7.252581
-0.621822
-3.789568
-1.794959
-5.604972
0.448947
6.10957
-6.107461
-0.356681
6.96320
3.214859
1.996389
-9.519624
6.914778
-1.148795
6.739925
-2.137123
7.183052
-4.996522
7.613078
7.47084
1.782435
9.911764
-6.50272
-3.40323
3.773069
0.735912
-7.286821
-6.345908
7.271075
9.522114
1.351608
6.381377
-5.433695
-5.787169
9.563122
1.726855
-7.772972
4.841638
6.805887
-9.245687
5.408600
-7.291016
-4.445263
6.269768
9.429678
-5.181269
4.178018
-8.86625
-8.419963
-5.791112
6.279860
-8.152289
7.836515
-1.382811
-5.831500
-5.504708
-8.621994
-5.986532
2.944230
-7.282515
1.39853
9.51501
3.215188
-1.480962
-7.119639
-3.210694
-0.480982
8.219827
-1.301571
-8.499399
9.608052
-0.36132
-2.591005
9.717936
6.203045
8.959658
-7.718101
-1.140039
-6.344803
-4.719651
-8.604752
6.763614
-8.348526
0.712355
2.237914
-5.756702
-2.806131
3.975492
-1.284021
2.675947
-3.950137
-6.146446
3.832726
7.224166
-8.318080
7.717755
-4.666589
-4.645564
5.358155
-0.654989
-7.2762
7.42230
0.293173
-2.895653
1.534901
6.963020
-3.106964
3.233890
8.483838
4.201610
1.106857
-6.837036
-8.123057
5.862501
9.767724
-4.76640
-3.62303
-4.563548
-8.39517
-2.806933
-3.541745
-8.226793
4.492171
8.170606
2.2616
-2.822632
-1.315705
8.697481
-5.97172
-3.389284
8.745159
-5.167559
-7.698716
9.148154
-1.927878
-8.572791
-6.562264
-8.3262
-9.162379
7.7102
-9.255393
-5.14108
-7.636637
0.246037
-9.221160
-9.813378
-8.132036
5.723085
-6.182776
-8.517924
7.51813
6.842540
3.600547
8.334357
7.730929
5.792878
5.859188
-0.245566
-8.649492
6.200842
-7.288901
2.658828
6.478181
0.478382
2.774879
5.328256
8.194952
9.969934
-8.140112
-1.384219
2.225708
-4.403620
8.448417
-0.29439
-4.392723
6.243078
-9.942938
0.107988
-7.10368
-8.283799
3.995261
-8.196567
3.213905
-2.680528
-0.447144
2.728330
1.866021
3.686701
0.468640
1.861330
3.65614
-3.370392
3.467198
-3.317860
-3.917112
7.39835
-0.46988
-5.617171
8.753023
9.78304
1.526289
-6.289982
0.289356
9.5531
1.951594
6.36622
2.20044
-2.844799
5.651579
-8.418048
4.977061
2.323879
5.655069
-7.217240
8.207273
-3.555960
5.507982
-3.962066
-4.604913
-1.388812
-3.207796
-4.127481
-7.518258
-9.847325
1.948895
0.740080
1.260715
-8.557788
-6.281175
3.667546
0.311559
0.255855
9.757713
9.139192
-2.922175
-6.541906
-2.67709
-2.3278
-1.226114
4.904150
-8.455432
3.373375
-9.465504
-3.935946
5.485588
2.838056
-1.549310
-6.643684
-4.83246
4.505612
5.783242
-6.640286
4.720575
-5.542369
-0.985696
0.483100
9.774661
7.153800
-5.178304
-9.645700
-4.739888
3.772426
-7.999170
-5.210537
-2.29367
8.410539
1.379608
-5.36987
-4.385954
1.652624
0.257498
4.172361
3.770588
8.34035
-4.898649
-6.366370
-8.275253
-6.174608
-1.740825
5.540796
1.112839
5.723843
-5.530446
-9.253225
8.467251
6.641870
5.260180
-3.613196
-9.854718
1.712105
7.314706
3.918761
0.813048
7.996737
-1.680365
5.926003
1.627838
2.681832
-0.641323
-4.892266
7.570933
7.967526
2.770758
4.234865
-4.426586
-4.760924
6.604247
9.231810
6.334572
-5.653358
9.728966
-1.190585
-4.245708
5.457484
-5.79138
-0.94275
2.628411
2.458080
-7.196478
-6.214675
-0.224776
-0.541487
7.116273
-3.245830
-5.926895
3.872537
9.8759
2.479752
-0.51
9.694627
7.972099
-5.403400
-7.988759
6.982582
4.136087
-0.392212
-1.28233
-3.648398
-0.868
6.936567
7.625207
-6.795752
3.155141
6.432730
-7.602354
5.259504
-3.498455
1.463970
2.614131
-5.661767
-5.821554
-6.834620
0.758806
2.194032
9.902481
-4.294696
5.792272
-7.371263
0.544125
0.310910
-8.882597
7.231286
-1.760376
-4.974978
-9.890380
-8.609964
-1.591351
-1.313718
1.458168
-3.25569
-3.468839
-0.929539
-9.203420
4.445624
3.121585
1.800953
-9.775936
-0.28637
-1.539378
-0.438643
-2.388199
3.725951
-8.286520
-1.861416
-4.128319
8.506062
-7.805693
6.303133
7.885997
6.582057
-7.251281
-7.259914
-8.355594
9.298697
-6.64202
-8.58840
5.408927
6.705815
-8.263222
-8.572021
6.141428
-3.472987
1.496237
-1.898246
-9.157342
6.911462
7.445207
2.50865
-2.757073
7.135913
3.142382
1.648325
6.896047
-7.204770
3.919560
-4.201438
6.40116
-6.273990
-4.689842
-6.690021
9.856584
-0.957166
2.284384
9.677481
4.951506
3.654310
4.393789
4.62517
9.366311
-9.117449
-4.855248
0.753840
3.286212
-5.948601
-9.671957
4.97270
-9.652354
-0.815120
-3.603729
-0.807958
-8.80073
-2.562455
-5.903430
-1.515397
1.603126
7.118882
5.747751
-3.562553
-8.837278
-6.261768
4.558748
1.584803
8.297098
9.12721
-2.409154
-5.921551
8.236927
-7.265422
-7.36850
-7.950226
-7.123001
-2.926774
2.82682
4.425993
3.388958
-2.643533
4.803341
0.553440
9.676248
8.291845
8.240894
7.87116
-8.425670
0.159986
-5.805461
-4.481573
-9.823558
1.95518
5.376359
-1.503359
-4.738288
9.156245
-9.858385
2.625455
-9.19232
-4.932519
4.803218
7.384610
-9.942115
0.545289
-9.111653
-1.313264
-0.44193
2.419826
-9.866155
6.288492
7.814016
8.278774
9.236205
-1.846205
-3.949676
2.754808
-1.381420
5.255182
-6.536081
-0.545930
-3.249949
-5.988050
-8.855749
-7.778463
7.226846
0.971890
-0.169841
-3.195436
2.706835
0.690565
9.111851
6.741206
-7.512296
-3.334534
6.302263
-6.494434
-4.773366
4.150549
-7.78513
3.423413
-9.990094
4.76220
0.476917
-7.428390
7.293197
-3.21013
1.883000
-1.260576
-0.408925
3.864128
-4.204819
6.648244
6.215156
5.761305
7.548802
3.837197
-5.82028
-5.485842
-4.727722
8.547207
8.634864
4.102542
-8.207801
-2.462936
9.235185
2.794109
1.183196
0.175814
8.406158
-1.501799
-4.886149
9.65655
-8.83833
-3.966658
-5.626167
9.388261
2.757603
-4.649895
9.325715
7.193988
-6.635195
-9.854154
6.15463
-5.850628
3.604604
5.858895
-8.934348
8.945694
-3.862423
7.444962
4.240518
-0.916659
1.59576
0.909773
4.930186
-0.872354
7.14032
7.571122
-4.203086
7.348785
-9.510020
-5.605642
-8.184956
2.848146
-7.78222
-5.501352
1.22149
7.914568
-5.312153
9.573322
7.859361
3.838169
9.847547
5.419312
-4.887739
2.890136
3.285400
-7.7877
6.3263
-2.166684
2.426751
6.540334
-3.940446
5.686661
-4.205106
-5.942318
0.287003
5.220491
1.862959
-9.901141
-2.200176
9.270082
-4.749207
7.789803
-4.756367
0.243474
5.236124
-7.789172
9.300833
-4.115964
5.807889
7.235968
-4.754722
8.728052
-6.575268
-0.667759
-4.928364
-4.642483
-4.301643
6.425457
-1.696963
-2.542910
7.19986
-0.68637
8.375523
3.178456
2.419752
-0.386416
-7.331643
0.602039
7.131450
-3.636404
-9.870631
-9.99692
2.629740
-5.733496
7.138080
-3.595970
-4.896338
-9.856368
-1.592025
8.427550
-7.598911
-5.860830
0.974064
9.997529
-5.115336
2.772201
0.610608
8.415847
0.646080
-1.998270
-7.15327
6.266295
7.787105
-2.469634
-2.8690
-4.824024
-6.818406
-9.290775
1.908577
9.770558
8.545827
9.105015
2.547814
-9.20317
8.772371
6.942057
-7.125345
-4.218574
0.627168
6.910447
2.528665
-7.597086
-8.976540
-4.124740
-8.588270
-3.482468
-4.579535
9.6431
4.179003
-5.743331
-7.181333
-9.57393
6.605101
5.644267
6.644525
-7.647270
-6.960174
0.917996
-2.811510
1.581997
8.17
-3.611396
7.37502
1.826149
5.514007
3.357095
0.813821
-5.525883
3.711855
6.998906
1.330187
0.234362
-3.308519
0.45550
3.86547
-4.19781
6.360423
-4.171658
6.492621
-0.535020
3.9481
4.130043
-2.437747
-5.86749
7.204964
-8.953271
3.978939
0.242143
3.177231
-1.79361
-7.79586
-1.661572
9.953067
6.991572
6.635941
-6.883829
-6.608684
-0.624327
5.972992
3.850183
1.287510
8.131513
-1.100202
3.534801
-4.964507
-2.508573
0.703132
-8.392254
-0.747599
-2.810844
8.84305
1.93816
-9.969419
5.148863
4.751599
5.982593
-6.278764
6.651754
2.827354
-1.499148
4.746497
-8.681690
8.966301
0.553397
-3.950901
-3.311106
1.34195
-1.245203
8.52105
-4.460598
-6.804513
-4.404063
-8.874411
4.832111
-2.811964
2.294830
6.789281
-5.31155
9.896353
-7.648827
5.615773
-1.397850
1.56168
2.592852
-3.673117
4.532209
4.185427
-3.395183
3.845934
-9.332331
5.386226
6.270469
8.183102
4.574075
-2.545840
4.16594
8.846501
5.69754
-8.447910
3.516721
0.736786
0.461674
2.546392
-2.414409
7.381483
1.743227
-5.343527
8.455312
-6.142442
-8.268566
-1.547918
-4.563568
7.262422
-5.667944
-7.922044
-2.181485
-3.11182
-5.80210
3.816456
2.582206
1.193439
-9.552734
-2.963263
8.91778
-5.545058
3.868942
-2.80025
0.541160
1.838453
4.936167
-5.318319
-4.270750
3.738782
-6.785161
-3.856998
-7.303074
6.382966
-9.472907
-5.544560
8.224016
9.296193
-9.309009
4.342384
-4.658740
-2.442373
-3.648032
3.940850
-1.332010
-8.934425
-1.80905
-4.837304
-3.913414
-7.378320
3.678934
2.939738
-9.705791
1.362387
1.473198
0.612088
-1.617512
-6.425636
6.871131
-5.224748
-6.257973
9.239615
7.59377
-8.987628
2.956391
5.438573
4.978734
3.800890
4.233938
3.554183
0.620361
3.91212
6.925461
-1.771142
-5.569104
-7.167709
0.17736
-2.200089
-3.552073
-7.19806
-7.981608
3.116413
5.363959
-5.462743
-4.258798
3.741676
8.39816
-4.770730
-5.360055
1.678922
3.468432
-5.986557
0.956562
6.986880
-4.32434
-8.82319
1.58757
9.456834
9.77439
-3.154510
4.274935
-4.26371
8.16381
-4.686779
1.292355
9.402213
2.700414
6.204695
-0.115145
-9.500188
5.895982
-3.800488
-7.330119
7.848833
-7.819375
3.533246
-8.215770
1.423116
-0.958718
-8.666280
9.741075
-7.167889
-6.933278
-6.993805
7.369054
-3.575107
-2.726987
-5.850749
-6.952281
4.76320
0.926431
9.261198
0.139696
-8.545602
-1.198399
2.906794
-0.40296
-9.332023
-5.470320
-1.119386
7.746707
8.280968
9.522658
-9.318248
5.516571
6.453355
-7.661846
5.874165
-4.29782
4.571063
-7.196992
0.615941
6.512150
5.851601
-9.595396
3.661645
-2.625454
-6.697459
4.277465
-6.285049
3.345588
8.352809
-2.116965
-5.777752
5.364421
-0.624427
8.431859
-7.343365
-1.207322
7.494048
-9.839283
6.989734
-3.710016
3.555491
-4.844408
-1.93338
-8.271989
-6.42206
6.794507
-0.75026
-6.454828
3.130904
-8.751899
3.313612
-8.183996
-8.474800
-6.847668
-2.928054
-6.446122
4.162985
3.363691
-5.942886
-3.737027
9.379430
-6.164200
-4.455758
-3.911236
-0.929789
8.403837
2.540704
-5.834437
6.157024
3.981847
-0.567978
-9.438204
-4.469639
-2.271972
-9.633544
-1.112914
-8.504589
7.883594
-2.737463
4.680746
2.981696
3.470277
1.297782
-2.488066
-0.372445
8.395327
6.519185
-6.907004
-5.438829
-8.541193
-2.983827
-2.629810
7.159694
-2.545588
2.698730
-8.548909
-8.49017
-8.707056
4.357461
5.189962
-2.186404
8.914767
4.329606
-1.900560
-5.899602
-6.992980
-4.809961
-1.822429
2.463035
-3.469242
0.5444
-3.602395
9.214019
8.654450
6.928107
-5.891083
-4.971409
-3.688270
-6.981375
-5.256848
-5.121290
-2.9474
8.583913
0.4301
5.332580
0.234775
9.808851
0.103827
1.794053
-0.786048
-8.269774
5.464338
-7.768157
-8.27187
2.658342
3.561224
-7.245166
3.520128
8.724891
-9.322491
1.298522
3.658427
-9.520955
-0.100123
-4.83087
7.365250
-6.354048
9.537241
1.603101
-7.533003
-3.100146
-3.425821
-3.519502
1.965102
-0.799626
-1.355655
-9.867964
-3.661755
7.840857
3.715674
-2.588607
-1.245782
-9.151537
-5.74030
4.556800
0.774542
-9.804831
8.892835
-9.591384
3.109019
-2.768231
-7.383894
-5.614436
-3.980811
-5.615847
5.86279
1.757359
3.15837
1.915308
-5.58873
-6.979535
3.810144
5.460169
4.449112
3.774779
-3.720445
-7.674468
-1.504814
-3.356885
-0.587890
9.946208
-9.987742
3.507329
4.140155
-7.443898
-8.8064
8.607193
9.13414
-7.184970
6.680540
-9.158201
7.353480
-1.166624
-5.728420
2.19679
0.656249
-3.724409
6.981518
-4.476118
-8.607164
3.466235
9.516514
6.568146
-3.114003
6.86847
8.261457
8.390982
0.149891
8.42997
-6.427185
-8.923051
2.960450
-5.559828
5.712163
-8.557610
-0.572770
3.765709
-6.743619
8.552619
-7.344975
-5.866635
-7.243098
5.344195
1.852902
0.497640
9.330792
-6.8608
-5.739144
-7.536624
-8.360814
4.335229
-6.442458
-7.199015
7.689398
-1.27611
-6.300500
2.285876
9.891073
-5.265982
0.453600
-4.913817
-2.569683
-9.898000
2.974950
9.479991
6.519789
8.634412
8.138623
-5.743339
-8.33881
5.355226
-3.90360
0.966029
-3.359133
-6.606222
-0.237641
-6.67829
9.138100
-8.187597
-9.752945
-0.227662
1.430625
-6.836998
-2.129443
8.997359
-7.501061
-8.941049
-0.603201
6.378589
-3.49548
4.586030
-0.901853
7.566700
5.994922
-6.677823
-4.579040
-3.767420
4.844671
4.982119
4.923105
8.701509
7.188909
-3.475666
-7.44161
4.769880
2.259044
-3.265648
-3.373872
5.238168
-7.529782
8.34363
-1.979572
-7.796035
6.353454
-7.264920
-3.527792
9.192187
8.166450
-8.86487
0.814535
-6.432845
2.527448
9.197
4.417793
1.807862
8.331875
-2.601577
-3.868035
-1.8626
-5.489116
3.748962
-7.6026
-0.932865
-1.37850
7.881493
2.200972
-2.288034
-0.924679
8.484780
-5.722857
-0.652341
-9.340298
-7.766300
4.210031
-4.57649
-7.574073
8.287095
-5.421607
-8.111355
-9.991883
-6.877725
6.685374
-4.974983
9.230397
5.385762
6.765291
-9.184509
-8.277697
6.396537
7.549657
-6.258875
7.756803
-9.49467
3.618789
-6.469914
3.517040
-2.477491
-9.122949
-4.410797
-6.825817
3.90865
-5.374634
3.533775
5.334588
7.503457
-0.98030
-9.725084
8.155364
5.843180
0.383536
6.317371
-6.489706
1.618619
-5.679095
-9.417882
6.737094
8.918376
-0.629884
-2.698371
-5.4024
5.612850
0.300078
1.822511
0.745969
-6.172888
0.605886
-7.78356
-8.551437
5.180781
0.377186
-5.482821
1.104903
3.618066
6.72439
5.286257
7.279329
6.149686
-3.655116
4.434631
-9.847763
7.278048
-0.75561
2.697304
-5.794601
-9.46546
-3.903725
-3.103234
2.563447
6.430602
3.919421
-8.550280
-4.936031
-5.893103
5.760360
-5.283771
1.636224
6.456309
-9.306032
9.253180
-3.478536
0.359284
9.410951
8.738438
-2.476165
8.696571
3.685912
-5.723518
-3.991779
6.629461
6.587546
6.197446
-9.802617
-5.929566
-6.308300
7.733420
1.767825
-1.315240
-3.511603
-6.920362
2.488470
-4.618996
-3.411278
2.801345
-2.682302
-6.847211
-2.579845
1.516426
-9.145969
9.774506
0.171568
7.332045
2.98868
5.399340
5.488253
4.841771
-5.640113
9.601896
-8.450638
-1.178117
-7.930148
-4.810627
9.500650
4.835537
4.228502
-9.987846
5.363341
-8.122813
7.581501
6.283714
5.633462
-3.151918
-7.941727
-8.446871
-3.468695
-3.722206
-4.21911
-0.980359
5.113977
-8.85085
9.668191
-9.67566
-5.98903
5.377423
-2.818818
2.911341
8.13115
9.796958
6.348413
4.634472
8.833251
7.391250
3.119098
9.33795
5.454528
-9.126150
2.552860
-6.97999
-1.433437
6.624323
-6.470724
-1.606101
-2.215076
-6.723025
6.609523
5.343264
7.646456
4.57362
-2.72694
3.322780
-8.409058
6.999719
6.678681
7.61199
-3.524698
7.887995
-1.62432
5.93828
-2.262790
7.950435
6.791235
8.134793
2.888712
4.688441
3.51424
6.948541
-3.22294
6.309191
4.423583
6.315261
-8.124899
-0.290517
3.450921
5.821187
-1.124341
4.2609
3.766552
-3.95330
-4.529955
8.659471
-9.323012
5.929634
7.479058
-3.166315
0.52606
-1.178981
-5.949786
-3.394749
-4.156756
9.498596
-6.887057
1.597022
-7.312342
2.921727
7.597268
-3.423091
8.831387
-9.877152
-9.353227
-5.199546
5.247722
7.622655
4.131214
-0.191617
-2.657754
-1.170320
-2.215570
-2.76410
1.364521
8.93506
-3.955542
5.273639
1.493785
2.578686
0.211008
0.959711
9.3776
0.292988
3.254801
5.45971
5.165094
9.531931
-1.743504
8.112156
-1.592318
-1.781258
-3.618420
-4.935190
6.641425
-2.574000
-2.481517
8.611698
-3.587200
4.55588
-3.724831
-1.736333
-2.293116
-7.610752
-2.765651
8.122333
-7.290657
0.226165
6.718848
6.778845
5.984840
3.547843
-1.427565
-9.627782
7.474186
0.705226
-7.366873
-1.140573
3.590961
8.428838
-0.315415
-6.326660
5.760183
-3.718052
3.651809
6.719231
-4.494318
9.974939
-1.289145
-3.507783
-3.719145
3.131712
-6.514519
5.644332
9.164607
1.324643
-9.795829
-9.836118
-7.220731
6.668517
-3.958320
-9.591333
-6.115399
-7.474437
0.779876
-4.54959
2.972208
1.414850
9.523457
-2.405343
2.5698
-7.639937
-7.151074
-8.299291
-9.318993
0.861989
7.647512
1.202583
5.502142
3.351686
-8.775350
3.492279
3.634186
-3.264646
-1.995288
8.990718
1.124637
-5.643818
1.933436
2.214221
0.638340
6.196815
0.964629
7.89884
-8.47017
-1.615905
-4.367859
1.275086
-1.752438
7.839722
9.942283
-3.582169
7.399319
9.61159
-7.350627
4.619420
1.696825
5.779408
-0.553402
-3.37299
-8.615491
4.546974
8.840381
1.646250
-0.745580
7.100954
9.735795
2.291092
9.894313
5.27948
5.873516
8.618413
-2.943101
8.844915
-3.413737
-7.180234
2.793015
-3.103587
3.387037
7.912154
1.2309
5.632489
-6.384863
-1.658752
8.31665
5.370583
6.294925
-2.17868
-2.835174
8.783891
-2.417672
-4.868360
0.682928
1.218111
-7.120159
0.651004
-0.911600
6.154094
3.669579
-7.868719
7.779463
8.275327
-8.7429
-3.435222
-1.887269
-4.293660
-2.350980
-7.368598
2.966453
0.15230
1.976139
-6.335137
-4.757417
-2.111491
-9.88814
-0.688348
6.829732
4.807891
6.640693
-2.679665
-4.708698
-2.661817
-9.407381
5.661023
-6.640854
7.467035
7.823273
-2.104817
-6.498465
3.673797
-0.15884
-9.787836
8.814037
-2.69212
9.537641
-2.73888
3.4317
-8.679910
4.985616
5.404241
-4.434663
-2.53023
4.143513
2.914495
2.26516
-9.52038
-3.712113
2.320121
-8.716657
0.542414
1.477059
-6.745641
9.9977
-9.677449
3.441784
-1.943835
-6.166991
1.934523
8.867602
1.981044
-7.432295
-7.269943
9.281824
-7.281975
-9.339608
0.541421
0.928598
4.54511
-8.82720
-0.515191
8.788871
-5.305718
5.635107
-4.953256
3.658308
8.293130
-1.909760
2.253016
-9.610315
-8.731017
-3.157537
1.366934
-6.621201
-5.930315
-9.4431
2.285331
0.716852
-4.982337
1.499956
9.170017
-0.457210
-2.310184
2.998880
9.837828
-7.76297
1.86601
7.410161
-6.975575
9.870059
1.659980
0.860530
6.776932
-8.714904
9.825905
-9.63193
-1.601426
-6.217384
-3.853530
-8.762881
-3.72104
-5.995864
7.724402
8.108300
-9.285111
8.701502
-4.845553
-4.35299
4.987593
3.201123
-1.692198
1.114483
-1.957892
5.532610
3.353869
8.259497
-9.842144
6.672058
9.675754
-4.345159
0.550332
2.951253
-0.441156
-0.280621
4.700904
7.560615
6.406594
-7.356620
-2.660781
9.656255
2.138627
4.180001
0.776241
-0.684453
-2.12937
4.563156
8.36612
-3.795212
-1.874254
-4.294035
-8.255679
4.967736
4.544688
-3.944428
3.248622
9.294789
-1.858777
6.299082
-6.287764
6.533280
-2.380790
-6.864274
2.967691
0.132196
2.122059
2.670888
-1.339299
4.50238
-1.676676
2.363042
0.798296
-8.604713
4.994997
8.229037
0.507639
7.876444
2.898607
7.127093
4.357114
-7.979276
2.320318
7.119569
8.344763
3.56942
5.716884
7.573213
-7.920718
0.618175
-4.997371
3.829718
-5.197552
-6.448959
-1.997269
4.293822
-6.19870
7.264767
-5.732106
9.761186
7.951302
0.946426
0.142303
8.820879
-7.135923
-9.566079
-8.340385
-1.999184
-7.902569
4.981851
7.847770
-2.857440
6.506490
-3.115238
-8.835957
-5.980707
5.155485
-6.593528
5.835345
9.350711
2.241449
0.21281
3.36277
-8.342
-7.329731
8.54416
9.984573
-6.140072
-6.269327
0.137148
-4.504723
-9.323353
-4.55816
-9.844417
5.26386
1.221294
3.27925
-3.270312
-2.463990
-7.511530
-4.427487
9.26926
0.683640
8.420471
8.836307
-2.316160
-2.808033
9.16468
7.534993
-3.682600
-8.326354
0.224056
3.396986
7.397774
9.743114
0.246386
5.994710
-5.972660
-0.320307
5.339682
2.651583
-7.277083
-9.55889
2.560168
-8.634337
1.337487
-6.407264
4.838890
3.451732
-7.677077
0.575511
-9.58170
4.668332
-5.89636
-2.742554
-3.496097
-3.150073
4.28867
6.181653
-8.627070
2.47720
-9.802661
-1.83245
1.319162
-0.391834
7.77080
-4.104933
5.502809
8.243368
-3.163268
-7.85840
-4.695371
4.752592
-4.829745
4.970646
-6.842335
-7.265949
1.681456
3.927746
9.456551
8.944948
8.517505
1.716039
-1.725236
2.634730
-0.703429
-9.911076
-2.440450
-9.287713
1.183574
-4.755105
-6.533673
0.870996
0.333967
3.758102
5.535234
2.742443
0.517368
7.362817
-1.38510
6.191364
-3.423571
4.946853
-8.30155
-0.470518
2.271293
-6.791167
6.296090
-8.467517
-5.265900
-6.631438
3.25432
-6.481738
6.716396
-3.487346
-4.945670
1.278446
1.429454
2.322792
9.795229
9.997636
-4.717821
3.489457
6.699893
-3.683096
-1.229872
-5.359103
-6.845937
9.691389
-9.774628
-0.166870
2.543126
3.843319
-7.530655
6.151641
4.176794
-2.393761
8.77357
-9.556376
-7.814688
-4.85488
-5.32920
9.682416
0.515713
5.765559
9.435653
-5.988017
8.184746
-7.487997
-4.736916
-2.210380
0.422377
-6.574376
-0.188539
1.448406
7.37075
-5.217122
7.347651
7.274598
7.205704
-3.399247
-9.54799
8.199136
3.191928
3.563831
7.982838
-4.625743
8.919013
1.423652
3.212389
-1.616264
-8.204413
-5.42462
0.329177
4.580273
-4.77660
2.773344
-5.655342
8.941105
0.602278
-8.892130
-5.21040
3.411387
-8.637547
-2.920763
-8.193090
-1.7954
-2.582479
-4.297020
-0.393470
-7.626590
-6.395627
1.755380
-9.937690
-5.134485
4.393243
5.729506
-0.769019
-0.947145
-7.687538
4.202585
2.624904
-2.642555
1.847056
0.534882
-3.319008
5.277096
4.666136
5.690528
-5.291377
-8.70962
0.437764
-0.445528
2.505641
6.255652
4.132675
-6.846152
7.404039
-9.905166
9.130201
-6.505319
1.657110
-0.497552
-6.265674
-9.448222
5.630626
-0.755185
3.551404
5.304656
-7.962085
6.243933
8.352787
7.397197
5.52424
6.165523
9.787728
9.754401
-1.342636
5.218571
-4.621790
-5.810967
-6.889767
-8.295954
-5.507761
5.514477
-0.88106
-2.877675
-8.245689
-1.79834
-2.801628
-8.541274
-0.320442
-8.796242
4.466227
6.628775
3.215755
-1.890499
-9.891840
-6.287533
5.382236
6.654384
-4.864264
-9.364663
2.69129
5.513736
-8.413061
9.38482
7.177104
5.655210
-6.724077
6.489143
4.277727
2.495948
-5.439761
-7.133278
-4.90978
-8.917319
4.489977
-8.570992
-8.756550
-3.331929
3.354753
0.145466
9.533013
0.467270
7.609716
8.176106
3.56941
-2.144059
1.757699
2.247393
5.300228
-7.264118
9.536430
-3.669940
7.211090
-9.572940
1.793973
-0.567645
-5.65518
-9.11671
1.895246
-9.26675
-5.901906
-4.444349
5.336338
4.636148
0.293801
-6.282924
4.690859
2.274158
-2.881102
3.350091
-5.859297
-4.458083
-8.97369
-4.935925
-8.117155
-7.730704
1.404278
6.928282
1.33757
5.20930
-5.186625
-2.67272
1.849162
8.743387
-3.322885
1.414335
-4.552676
-8.352484
0.792726
-7.317703
-5.954090
-2.87443
4.194814
6.612542
5.493127
-9.130370
8.807196
7.214464
-8.659037
7.505664
-8.620789
-6.896413
7.274267
0.368073
2.630108
9.693880
4.257388
7.273967
-2.155547
8.935886
-6.635914
-7.474961
1.520298
3.137440
-7.553422
-0.123833
-6.746657
-8.7274
4.258169
0.808419
9.975727
-8.714185
-1.143938
-4.459802
-1.790669
8.662372
-7.688928
-4.193886
0.908062
3.974142
5.930494
2.881554
-9.723735
-9.280362
-8.886803
-2.722223
1.964150
7.902676
-0.295416
4.330621
-7.427827
8.739299
-5.256350
1.15631
-1.638230
1.226624
6.388295
-0.386252
9.260475
-5.752779
-4.187937
-8.58027
-5.77234
-1.389498
-9.454619
0.95972
-6.975929
2.299769
-4.777730
2.834228
3.927052
2.535752
9.509179
-9.87420
-1.67189
-4.851641
2.646647
6.932709
5.612503
1.497797
5.402861
-9.788225
-3.876836
-1.441398
9.981189
6.167143
8.742237
1.94766
5.610981
-2.100415
-4.766790
-3.863451
4.932074
4.566245
5.671814
-8.219753
-4.306033
7.906585
-0.870232
9.458354
-5.21531
-6.486814
0.906308
-2.789192
3.739240
4.307288
9.894034
-4.113421
4.414512
-8.442513
5.178870
6.542796
9.838868
8.943922
-2.783005
-5.886362
-1.904783
-1.580507
7.524652
6.380902
-2.700618
-6.315996
-9.574137
9.407115
-4.413880
9.266245
-6.216669
5.54832
-8.687319
2.17068
-2.986080
-1.132238
7.942357
-0.355449
-8.644353
-4.581015
9.472721
-0.213507
-1.949497
-5.578851
-2.544083
-7.540415
-1.626994
2.126336
0.982365
-7.10789
3.97970
-8.148693
7.259816
3.955991
0.134474
-8.12233
-5.905266
-2.387710
-5.866681
-4.272410
-0.871143
-6.912253
2.934220
-4.140715
9.548807
-9.144576
5.576611
6.303623
4.681061
9.353277
5.901288
-4.314166
7.805418
7.840894
0.999445
-9.341507
-1.891142
-2.824400
4.234915
-8.654106
-3.92764
-2.648858
5.20137
9.433714
1.878284
-1.4673
8.341467
-7.277579
-4.233425
1.75686
8.560419
5.591471
8.597448
4.512570
-4.993903
1.73904
-4.446205
-2.171064
-1.68458
5.852152
8.359070
4.39558
-9.175076
-3.120100
-3.231876
8.993498
-7.262824
4.930996
-3.855120
-8.237405
-2.764663
4.529658
-1.697599
-6.288624
-4.736447
-5.435706
-2.907425
-7.493071
-4.470225
-1.105015
-1.473127
-3.651333
-3.231104
9.842593
-0.998369
8.692336
3.514750
-5.911817
3.54601
-3.44265
8.216608
7.930701
-8.742454
8.343295
4.853326
-0.20774
3.355489
4.603944
-4.213487
1.71942
-5.384011
-6.947060
-1.290749
5.145379
1.799576
-7.506138
0.217123
2.839957
-4.867711
-9.803314
-9.751781
7.186240
6.758023
1.214588
1.914880
0.857267
4.766789
8.125494
7.845198
-5.529559
5.190138
-7.559895
-1.85883
-4.510556
-0.177209
-3.939169
-5.366266
-1.781284
5.304521
2.665816
5.937112
-0.18771
-7.341502
8.228758
-7.825918
-6.965263
-6.636579
5.89692
-7.131857
0.179841
1.520607
1.938639
-9.620179
-9.806897
-6.746086
-4.319922
1.451080
5.873645
5.229464
8.363735
-8.322368
2.779149
-9.843030
-8.567190
5.494888
3.286982
4.398993
6.713540
2.11907
-6.598616
4.172186
-8.153379
4.110020
1.350909
7.621154
7.263027
-3.241791
9.226729
1.791182
9.99710
-2.815804
1.976423
3.552909
6.165443
9.620920
2.181780
-7.167943
0.546843
1.708476
1.365955
-0.399367
5.131080
-1.856595
-5.902592
1.868963
3.734246
0.818125
-3.519595
6.68548
2.476892
-9.343242
3.872489
-9.701660
9.457127
-0.489800
-6.420833
-9.29606
8.557909
-2.748825
-4.426240
1.657159
7.290092
3.817814
-7.793233
2.898146
-3.753472
-0.57343
-3.977704
-1.577748
9.565953
2.340976
-6.785834
0.64309
5.32998
-0.78141
-6.617756
-7.353387
4.619510
-2.452073
-6.919624
0.499056
-8.49963
8.961185
2.418030
1.426683
9.960591
8.956940
-1.928984
-8.467336
6.320823
-6.432035
3.458133
-6.205561
9.8485
-0.660139
-4.58668
6.473896
4.963168
-3.20538
8.223756
-5.622423
-0.590218
9.396625
-4.138656
0.816606
1.57672
3.963258
-5.403104
-3.996720
-0.196178
9.437455
-6.219607
-1.592598
7.517613
8.929033
-1.769895
3.517140
2.95006
-9.981531
-9.127701
-3.887043
4.175239
1.515832
6.81679
-6.913970
5.672843
5.416966
8.136589
-6.311230
3.961429
3.827294
-7.531248
-1.179862
6.653408
3.123246
6.889631
-6.42939
9.546427
7.319553
9.875389
3.410112
9.393881
-9.46305
0.476333
2.685226
-6.151075
1.643773
4.680462
9.872500
-4.717769
-0.860324
1.670856
1.840955
-4.402807
8.438091
6.860777
-9.860060
-2.852907
2.975906
9.572992
-6.89242
-6.868304
-0.957777
9.537523
3.260951
4.767659
9.947279
0.875453
-4.65905
-9.903596
-6.231212
6.491569
-3.111251
8.103861
-1.978434
-5.936550
6.612932
0.651352
1.764978
8.826310
-7.553116
9.805722
6.287688
1.839968
-1.349019
0.285636
1.477893
-3.334905
8.676877
-0.996065
9.381815
-0.407016
4.939972
7.971165
6.521766
9.369079
-4.280762
0.720448
-2.563588
-2.392441
3.594250
0.432932
-1.916408
3.123225
-3.222653
4.160422
4.422139
-7.588031
-6.825803
-3.933137
-8.703640
-8.206780
4.280984
-5.213939
-3.329262
7.525028
-3.570523
-3.976342
-9.44688
5.1494
-3.326472
2.917791
6.698817
-5.93172
-4.621077
7.771595
2.462860
-8.459283
-7.997664
-9.641591
8.267154
-8.17659
-3.809685
-1.75992
-9.939807
-0.656486
2.353748
-9.2788
9.675285
-7.229746
-1.566604
7.422205
7.3328
4.623661
5.464440
4.887631
-0.450965
-6.208615
-7.653274
4.345983
-1.288236
-6.806505
0.334934
1.572340
6.611896
-1.107382
-1.314043
0.727441
-8.806861
4.549965
-5.114698
-1.768214
4.560876
-5.302369
0.585038
-5.348689
3.766160
-6.191200
-7.659301
-1.329395
-3.463932
0.596814
5.699300
-7.742016
-7.381326
-7.81671
-7.247034
-5.844732
2.567029
2.99903
-7.789336
1.956268
-4.407206
-3.477083
-1.254592
0.867981
-7.908280
5.205885
-6.4589
9.594901
-0.43139
-3.980352
-2.174756
1.219931
-9.901895
2.805685
1.312694
3.156380
0.76998
5.733849
6.972681
4.741074
-2.184898
-8.970750
-9.873349
4.790373
-0.319846
-6.192450
-8.285620
-0.166387
-5.934654
-9.412460
7.39722
4.772702
-3.88483
-6.241657
7.616557
-2.121463
-9.478614
6.659894
-4.809261
2.937150
9.572969
-4.375124
9.79897
-5.589183
6.225020
4.300102
-4.3513
5.895899
-5.743814
-1.519938
-5.965347
-5.781291
7.454872
4.343087
-8.785366
-9.68850
7.935047
-8.636872
-6.889769
-6.112040
5.232497
-6.807214
1.92541
-3.726017
1.916595
9.313536
1.38303
-7.569511
5.116110
6.454656
6.555003
6.990122
-9.618783
-6.553589
-1.867370
2.817851
-6.705134
6.532734
-1.196549
-4.956745
0.849614
-2.840502
9.227053
-8.464139
7.411201
-0.369955
-0.892901
3.431438
-9.655141
-6.421075
0.873985
8.246368
0.861789
-6.812789
-2.825386
-9.332527
-8.647747
-2.325702
-2.419551
-1.78109
-8.239680
8.491970
1.825103
6.341509
3.143833
-3.66742
-9.477143
-8.563817
-5.859500
-5.77091
-0.689689
3.63260
6.5601
-8.776469
-0.323653
8.607408
-5.964987
-3.838347
-1.142574
-2.532809
-3.462832
4.806627
0.810564
6.852782
6.746072
-7.832172
-2.443609
-3.744482
9.60493
-7.327546
6.140101
9.221488
2.580028
-6.557176
0.494442
-8.52011
-5.296626
4.705429
8.358590
-8.599257
0.537225
-6.378537
-0.670099
9.933866
3.946306
-2.547424
-3.860982
-3.851966
-6.875076
-5.72886
1.494559
9.602925
-5.237317
-1.208299
-4.885004
1.13506
-9.942329
6.115083
-3.792601
-1.519026
7.170960
1.855799
2.827737
1.666800
9.413814
-2.595925
-3.265145
-4.750803
5.241976
2.129959
7.14009
4.431350
6.276873
7.220676
0.196625
-9.667379
-4.180362
1.112908
-3.316983
9.700367
1.335947
5.234633
0.482999
-3.867418
-8.596190
5.554319
2.788016
-4.239609
-9.540535
3.483394
-8.619917
-2.604712
6.842634
6.128717
1.162465
4.357693
9.310325
4.801860
-9.99451
-0.928724
1.452342
-0.200666
1.572343
-4.393301
-4.851512
7.692659
-1.67768
-1.673554
-2.622925
-9.232866
1.752799
-1.2319
6.732412
-4.426077
2.467083
-7.451622
5.934013
0.734976
-8.577769
7.519278
2.75601
0.833952
7.948099
-6.260675
-7.384047
2.513384
8.6379
-2.206062
-0.914292
5.714169
7.567121
-9.441844
1.539003
0.914589
-5.994608
-6.630572
2.515140
1.748784
-8.488706
-5.357832
-9.105379
7.498
-0.561862
3.521882
2.339339
1.481318
4.399440
-8.60423
7.682891
-7.360966
7.130278
0.66427
9.3367
-1.438253
-2.115407
-4.935230
-1.894754
8.549415
1.105274
-1.960271
3.861280
6.375422
-0.460893
-5.140344
5.361069
6.117675
5.40736
-6.678096
2.778540
-7.830773
1.676277
3.969485
-3.710897
-2.946023
-6.745800
-7.449568
1.538645
-0.928823
-5.680525
-5.992994
8.710846
3.997061
-9.401716
-1.928178
7.563756
4.907506
6.894657
-7.452669
7.130957
-4.518442
7.124452
-9.293915
7.918607
-4.943068
-4.540347
-8.71513
8.654241
5.329269
7.807396
4.867162
5.822990
-5.900211
8.551960
7.489134
7.690460
4.901738
8.88888
-0.790555
-4.935562
4.237138
-9.655574
-7.450771
3.103439
4.47998
-7.696276
-9.128380
-4.768168
-1.26651
-8.356497
2.372311
-0.141592
0.788792
-1.607825
-3.33652
-2.525691
1.624291
0.917315
0.575358
-6.411337
6.748999
-6.971859
-1.419259
6.991410
-3.756626
8.687688
1.991409
4.602231
9.92692
-6.769698
-9.601516
-6.308932
-8.63873
-1.833462
0.204785
-1.258545
-6.174666
-1.114232
-2.845411
4.911207
2.184469
-0.521155
8.95563
-8.696485
0.448097
-8.351349
4.480987
-3.428598
1.144203
6.686807
8.500451
9.301431
2.94310
-2.814698
3.970358
0.834268
5.61412
-3.708607
-6.345380
2.580776
5.700845
0.823454
-0.773888
-5.132372
-0.216017
-0.745960
-3.980745
-1.95038
-1.235776
-5.732018
7.527676
1.290866
-7.59096
-4.960633
-2.691963
-9.217535
-5.888698
4.702791
1.88413
8.706118
-3.759065
-4.747707
0.489826
-7.79732
6.332124
-4.766416
1.700523
4.195857
6.993730
-9.923170
-8.564954
5.136278
8.493300
-7.409909
1.18477
-9.535022
5.221855
-9.543369
-2.627308
-1.709447
-9.38157
3.624762
6.792832
7.568759
-9.462232
7.132512
-3.346189
2.959258
8.190862
-7.129415
-7.481035
-2.37490
-6.546489
2.497856
7.487677
-0.848076
7.345469
7.196731
-1.114072
2.91221
-1.51350
8.559413
0.268039
3.186881
8.242200
-7.419771
-8.287318
8.66698
-8.817631
0.651073
-8.309176
-1.830097
-7.354949
-1.676564
2.880054
1.427651
8.968219
-4.364299
2.58797
-6.758928
-2.594106
-8.561720
-7.182907
7.520508
8.72381
-1.842554
-6.162752
-1.894796
-6.751771
-2.364099
-3.306651
1.663481
8.477650
4.17197
5.501707
0.657029
-6.935637
4.108498
-2.275014
7.769168
4.725681
7.486435
-1.365173
-3.233198
-4.283425
-8.363205
-6.932893
8.960710
9.294602
-0.26071
-1.914045
-6.585334
2.568955
-0.596871
-8.156885
6.870436
4.547372
-0.899503
-3.305272
3.32802
0.446194
9.884802
-5.495756
5.756706
6.233907
1.429065
-2.999209
1.912681
-8.245275
-1.821060
5.376500
-6.669982
4.187939
-7.295546
1.742353
2.811784
2.899748
4.939140
9.407020
-0.597992
-3.54477
1.723226
2.673220
2.989767
-8.786090
1.219074
-1.159156
-4.186412
7.683993
7.473523
7.104157
8.538440
2.661174
6.968116
7.732324
0.704057
-8.312380
-8.72855
-8.898162
8.549930
-5.849217
9.688877
-9.222540
1.154496
-2.780293
5.842284
-4.668604
0.159002
-1.285322
-5.421880
4.715725
-1.737686
-7.178285
-8.259798
-6.971992
0.617309
-1.414824
3.556396
0.228439
-0.598594
-3.689441
-4.572432
3.302359
1.540398
-8.771016
9.726538
5.594669
-8.720495
2.144165
-1.796547
0.227571
6.802805
1.211128
-2.191432
1.381860
4.595411
7.158017
6.287337
-2.109669
7.943040
8.725682
-1.173321
7.23642
3.971284
-9.792397
-3.942622
5.71971
-9.78918
-7.552562
-1.688639
-7.634799
3.47780
7.49070
-2.424675
0.231347
9.240100
0.210178
-9.219897
-6.506104
4.729318
-2.202437
-7.636680
1.383910
0.138902
-3.125792
-5.726442
2.536262
-0.745973
-8.610209
8.271343
9.188768
9.88165
2.142857
5.892837
-6.825742
-5.733969
5.560141
-3.892581
-0.842911
-4.930989
7.394510
8.351922
-1.851004
-4.973532
-9.144180
-8.594295
-2.80331
7.812464
8.43297
7.278933
-3.765042
-5.704062
-2.732673
9.751137
-4.414708
-4.849179
3.780991
3.779110
-7.73159
-3.789698
8.200071
-5.493046
-5.273140
1.683211
9.132448
7.962944
0.392317
5.13412
6.718812
4.835075
7.325895
2.585782
0.966659
4.319530
-7.650631
8.71438
-9.692599
-2.594444
6.622142
-1.786286
4.914865
-8.256569
2.515462
7.940568
3.283025
-7.473893
-7.878704
-6.278449
7.452237
3.473229
5.647473
-3.691394
-5.98036
6.656893
-2.567528
8.929685
4.255364
-1.420530
-4.954948
9.610133
0.704808
-0.597573
7.874210
9.501379
-8.314961
-5.481941
5.73757
-1.783008
-7.753194
-2.573753
6.63675
3.137825
-9.52773
-1.356684
-6.473774
4.687069
8.503166
-6.284418
6.341977
5.128081
0.599607
-4.436732
2.330851
-2.896352
1.306481
-3.128765
-7.809243
9.603279
1.964108
7.330325
7.828415
3.679540
6.997624
-4.140526
6.642329
4.817994
-2.633112
9.677791
5.767744
-9.623461
3.335049
7.482534
1.687390
-8.35094
8.398682
1.735576
-8.765551
0.991772
1.698657
-3.260888
7.290194
9.386181
-1.501934
-9.968304
-3.681645
-8.948436
-8.413796
-1.370616
8.454880
8.114343
0.195682
3.527314
-0.788777
9.977697
-4.750950
1.783571
9.377201
-7.164952
-8.857320
-0.738401
-0.398951
7.206725
-4.644255
-8.915285
6.87611
-1.43565
-2.35074
-2.344041
9.478591
-7.137381
-9.614004
-3.682301
3.244805
0.836155
-5.391951
-2.626542
2.4717
-3.940271
6.803822
-2.50250
-1.310249
0.295854
-5.534379
6.298249
-4.81514
6.667828
-0.840762
1.461165
-3.726694
-8.494668
9.503490
2.668462
-8.679957
2.214936
-1.672330
3.172456
8.758879
2.950320
0.123525
0.757085
0.504735
-1.496829
-8.899318
4.506062
1.636865
-3.683678
4.789397
9.991441
9.230083
6.792793
-1.762525
6.449528
5.149656
1.429992
-4.72434
9.674847
2.421413
7.152894
1.330456
-3.680792
2.731275
-6.952691
-1.562558
-7.208129
-4.620693
7.505284
8.518007
-0.966796
3.769267
-0.598002
3.210086
-1.110254
-7.795336
-2.713705
-2.338719
7.823596
-0.368366
-1.762426
4.513570
3.368232
-6.119207
4.12668
-5.530848
-4.823402
2.836676
8.643104
-7.950236
-4.179487
0.483751
3.709836
-0.538534
4.184768
-5.150285
-1.964939
-5.869564
-8.484852
7.832441
-3.913986
-8.245338
-2.563061
-1.14213
8.292530
3.508265
-0.489458
-9.433463
5.711703
-7.115071
6.44636
-2.746474
-1.250507
-9.957670
0.954468
3.769921
-9.483933
-7.887203
3.849110
-0.496408
-2.812036
0.459130
6.921441
5.457863
7.574225
-0.971648
7.316769
-5.58177
9.614490
8.470562
6.975186
-2.525996
-3.884682
5.647009
6.794487
5.652349
-7.696156
-3.964424
-4.890615
8.186433
9.483301
7.825855
-6.960571
7.654306
3.864732
4.546317
-5.501687
-4.698422
3.540079
3.875767
8.718246
-1.395905
0.367874
4.39241
8.416927
0.558803
2.436519
0.366843
6.957008
7.788802
3.881842
0.211315
-4.786865
0.525880
-2.75368
6.262520
-0.706982
-3.137614
7.518840
1.257627
3.573112
-3.432244
0.177231
-2.252291
-7.344435
-1.802043
-8.687786
5.503349
-6.463508
-6.591990
-0.797265
8.797580
-9.988840
-8.771624
-6.185173
5.646414
-6.746855
9.890310
-7.992678
6.494617
-6.184927
6.978156
3.85617
1.777825
-2.97012
8.151249
-6.203057
1.443066
-8.41596
-2.484782
7.95660
0.898286
-2.873962
-7.683565
7.579388
-2.938568
-3.530446
-0.42808
6.11706
3.900650
-7.301630
-1.528262
0.861774
-7.840064
2.202051
0.681965
8.409868
-4.165320
-9.805927
0.873422
-5.829720
-2.892451
-6.556123
-1.390003
-4.171915
7.547927
-1.636585
9.190002
7.651243
-3.61906
0.423123
9.830556
-8.698842
6.418295
-5.672482
0.557141
-9.10842
-9.564031
-0.775868
-1.174412
3.176664
-9.567904
6.392744
-9.512960
4.284968
-7.910818
-5.105179
2.277921
-4.594363
-1.376784
4.498608
-2.822257
7.756536
-7.341215
-3.999001
-1.385458
-3.564865
-7.690160
-4.951344
2.32365
-4.511481
-3.295463
-3.247572
0.66650
-8.687343
5.782135
3.940870
-0.141687
-8.497673
9.784698
6.693524
2.400817
-7.990833
-0.339963
-0.993873
1.237531
3.981754
1.848074
-0.114412
4.891483
6.39719
-8.90433
-5.349530
4.122602
-2.234512
7.200614
7.922717
-7.482040
6.52391
-0.101465
5.694331
4.342471
0.824996
-4.905831
-1.651625
3.266074
-7.14961
-6.355508
-0.462106
7.316076
-8.251173
0.928217
3.780730
1.799544
2.840975
5.415248
6.276247
-4.889374
-3.619054
3.612403
2.728201
3.38871
7.634847
9.382010
-3.886612
5.415869
0.170395
7.589260
-3.154503
6.434869
-8.531821
-4.172396
7.699065
-0.936825
9.824210
3.12845
7.285157
1.139755
1.964850
-5.222548
-3.228927
4.267863
-6.234870
8.943382
0.676591
4.791824
-0.737033
-2.788467
5.835498
-4.13534
-2.451329
4.877085
-2.329673
-7.443941
8.634603
0.755568
-0.255408
8.820872
2.524868
-1.554602
-6.861297
2.460421
-1.557075
0.333972
-1.760642
-5.661295
-3.48775
8.240945
9.377560
8.939821
-3.666629
9.786911
-0.84882
2.795412
-0.378235
-0.509942
-9.982357
9.48865
-4.497934
8.681414
5.612839
1.743538
8.466948
-0.112743
7.124863
-8.654265
-4.456517
-7.303378
8.15722
-9.151121
3.780528
6.248890
0.532978
-8.706221
-0.102590
9.999080
0.56986
-8.841435
-2.593374
2.723065
6.653979
2.569095
7.771678
2.346608
-2.605651
-7.927040
-8.853423
8.850803
-7.968047
-8.703089
2.770048
4.265410
-9.449067
-4.820671
0.492965
-8.590813
-6.801183
0.580594
-1.716071
7.739689
-8.835273
8.750647
-5.283758
-3.451232
-7.991994
4.492282
-3.467528
6.491070
-4.887992
-7.284371
4.370569
9.833269
5.725214
2.367139
8.556596
-4.448292
3.452916
8.456594
6.793778
-6.948867
-6.624952
2.108431
-5.181068
-6.291930
-2.778041
3.132365
-6.978421
1.601039
-7.97165
-5.699223
6.630550
-6.275474
-7.351939
-3.660055
8.683760
1.898695
9.280791
3.362984
1.603642
-9.923459
3.606808
0.507904
-1.492722
-3.802827
5.772655
0.507858
-0.940378
4.555833
-6.294467
4.950056
6.987821
-9.516362
9.193165
-5.682948
-9.793993
5.337045
6.411766
0.545632
9.306978
1.825675
3.284593
1.830634
-8.739273
8.878801
4.392920
-8.514448
9.625726
2.523899
9.571950
2.373521
4.368425
6.163468
-3.782908
6.719467
8.292323
-7.274131
9.689103
0.477615
4.228206
7.202639
-7.383673
2.759131
-2.361727
-5.868273
-9.994423
-7.534170
4.824560
-7.310062
1.19956
3.293926
8.957645
-1.295708
2.171452
-1.291447
8.567198
-9.391625
-2.311881
-8.920988
2.291901
-4.963866
-5.826757
3.248998
3.910410
0.110253
3.535291
-9.510551
-7.310163
8.139584
-8.476428
7.548902
-4.592349
-5.990442
7.535018
-0.555098
-3.468013
5.751834
-4.457084
4.408322
-5.915610
-8.31610
-7.533894
-3.896461
9.931371
7.293723
6.791316
-1.507701
9.350855
-1.632660
-8.790455
4.632495
3.89942
-2.22257
5.162086
6.452543
7.3882
4.867745
6.554685
1.407568
9.49626
-1.989992
3.261216
-9.488350
-1.145485
-4.800343
8.491670
1.236537
7.754073
-8.17714
-2.952135
3.989298
-9.644461
0.484223
9.405044
6.854649
8.126759
-3.12692
5.20149
-4.532690
-1.666622
4.761457
2.933338
8.272209
-2.316678
3.745184
9.526622
8.181227
1.576744
2.267858
7.694841
-9.390968
-0.346230
3.370901
-8.404273
0.140889
-1.381090
2.616548
-7.600152
-1.85974
-6.608081
-4.151312
-2.672263
-6.848098
-1.646688
6.473079
-5.214622
-6.481726
-7.287083
-5.167195
1.171103
-8.449077
-6.795279
6.143047
7.764590
-3.492938
9.556923
7.515872
-3.551011
-2.239086
6.364307
-4.137868
4.950736
-7.149142
-8.136691
-7.801304
-8.800223
3.30890
4.626206
-1.153618
3.248156
0.517902
5.597816
-3.676513
8.602091
6.537591
-3.956091
5.72214
-9.400390
6.711352
0.204997
-4.536078
7.186375
-5.951168
8.6208
-1.599735
-0.257390
-2.19745
-9.435376
-0.538942
-1.602235
-1.989561
-5.838788
3.617005
5.473354
3.60877
-1.180879
-1.117231
-6.966233
2.805033
-2.336307
0.808210
7.738645
0.725428
-2.961426
5.48729
3.41280
3.411523
-8.715320
-1.385764
9.134209
3.165651
9.16168
-3.388488
-2.266483
8.140008
0.641504
-4.512007
-9.803968
7.952761
-0.13682
-1.105318
-3.700877
-1.155500
-7.602544
1.515364
6.954837
-1.101841
-2.589960
-5.901779
-5.325979
3.231572
-3.426768
-3.133859
-3.110978
-7.319551
-9.808307
-7.651230
-4.743493
-2.349470
-1.338575
4.361369
4.99854
4.570199
5.160892
0.654769
1.708190
0.962659
9.446536
-1.963788
-1.499881
-3.552145
-8.742251
2.771076
8.310471
-3.479333
-0.276674
-3.690036
7.788556
-6.711249
-8.327190
-5.995064
-3.946442
-5.640796
-0.211986
-5.287342
4.670062
-6.684805
7.499155
6.856603
5.106621
5.104136
-0.726869
-9.591026
-4.266806
-2.431454
-5.256090
3.448906
-9.5265
1.371703
-2.512008
5.442413
-3.231416
2.104915
-2.866692
-9.827216
7.465822
8.91887
8.879096
-1.648709
9.79271
9.47028
-0.514341
-0.460356
8.525868
3.439217
6.4097
-0.374217
0.750735
9.149158
2.909737
6.171799
3.39479
8.755999
0.945089
7.840853
0.423799
-7.466371
-3.901123
5.249673
8.916427
2.897043
-6.666638
2.940276
-4.371929
-5.311936
7.620218
-6.762597
-2.830960
7.737107
-8.613395
8.571799
-8.142995
-8.357678
0.676202
1.140789
7.190656
4.346252
-1.498146
-4.397073
-1.192191
-4.825942
3.953772
0.131512
3.631514
0.882515
2.274424
5.714689
-4.186032
6.73226
-6.658648
2.858724
6.54147
-0.427907
-2.436633
7.968605
3.819407
-7.158314
-2.231571
-8.386489
-5.360175
-7.282377
0.241246
6.379776
7.571999
-1.10468
4.835973
9.239170
-8.82665
-7.864603
-4.498410
4.176277
8.240499
9.644848
-2.520835
-8.16328
-1.13842
4.304154
1.601952
-1.93269
0.884035
4.149251
-6.231289
-6.217001
-5.534293
2.652504
2.540237
2.16901
-5.273514
3.25295
4.175085
-5.83060
4.547948
4.294645
0.251982
-3.475606
5.492338
0.138151
0.684918
-3.182602
-6.12156
5.671992
-8.854738
0.284542
3.122604
1.373407
4.569633
-6.241475
9.176735
7.493718
-3.318397
8.18454
-3.743142
6.756454
-9.759039
3.801543
-4.20117
6.504055
-8.237554
-1.10482
-6.880837
0.23705
-5.554850
1.989516
-0.687757
-2.868851
3.41107
-7.180513
8.457924
4.41905
1.147764
5.271304
-4.117221
-7.540254
-4.824945
3.93897
-5.753222
-6.339849
2.644309
-3.810633
7.365245
1.142892
9.129326
-0.100393
7.328900
-3.573885
-3.636893
0.54391
-2.330436
1.186229
5.181308
5.680159
1.739191
0.396901
-2.159158
-1.746423
9.511196
-9.10936
0.458861
-0.796542
-6.98589
-6.512766
-1.310377
-3.157699
0.562284
9.349075
3.161027
3.718656
4.910869
3.865621
-1.393547
7.892596
7.989307
-6.329360
-8.45852
-0.951331
6.652387
-0.269560
-0.889946
-4.327629
-9.801542
-6.460289
8.49439
0.759125
-1.535306
-6.537138
8.511046
-8.968226
8.435967
-5.889481
-5.641662
5.791100
9.850561
5.130421
-1.821084
-1.452130
-3.921690
2.358088
-5.545388
-4.845403
4.672811
6.904806
-0.950338
-2.315065
0.811996
8.36039
-5.905823
-8.106437
-9.907443
-8.231489
9.889854
5.200430
4.139860
3.273935
-4.845427
8.905996
7.25483
-4.198583
-3.393522
-9.78972
-3.144414
5.747861
-8.680415
-9.308989
5.764003
9.382893
-3.617790
1.906736
7.124172
-6.782781
7.793376
-1.796064
-8.212002
8.24234
0.515119
-2.45711
0.135696
-3.690897
7.334105
-6.489113
-9.387412
-4.918856
2.283874
6.655032
-1.306265
-9.82999
3.374880
-1.756445
-5.877223
2.679791
-2.243122
8.678926
-9.284120
2.222769
-1.803860
9.307750
3.150035
-0.948506
7.642603
-9.323795
-9.807567
9.887296
-7.359045
-1.951169
-8.171550
-2.568011
6.186264
-3.678357
-4.218834
-0.174506
-9.34485
0.186184
9.581163
-1.986944
9.91265
0.200389
-3.397317
3.573281
-9.484725
-1.525226
8.407277
-2.857650
3.555269
-8.333312
5.381844
-1.21076
-9.558760
-4.177633
-3.342555
1.696128
3.45796
-2.715478
5.592471
5.552172
8.545749
-7.228400
-8.684490
-5.616634
2.703189
-5.162991
-8.686896
9.793039
9.700306
-1.989862
-6.165002
-4.316991
-1.646220
-8.550005
-9.601627
-8.802165
-4.193195
-7.665644
-1.593514
7.48425
-6.880043
-5.953860
4.290951
5.966430
2.674281
-8.757059
8.427245
6.730635
5.382706
0.492283
-8.644242
9.351627
2.359191
-7.384128
-7.526720
-7.522860
-1.535540
3.251656
8.13303
-0.488084
0.182212
2.293393
5.622268
0.815055
7.454465
3.625772
1.647493
-6.229177
6.36467
-4.179229
6.705890
-0.12844
3.53951
-7.603812
-3.661559
7.901475
4.80618
-1.626234
-4.301662
-3.973256
-6.649653
-3.491445
4.333909
-4.568938
-0.580662
-3.412151
6.69915
7.605846
-6.787953
3.629538
-1.102335
1.937610
5.912406
0.648991
0.995123
9.888917
-5.472495
9.393352
9.913369
-1.585364
-1.588567
5.628868
6.235463
8.978655
0.945905
-5.315124
3.20491
-6.109920
0.758701
7.235792
5.63506
-7.375143
-2.662149
4.807489
-8.863749
4.444296
-9.444929
0.968268
5.620158
-1.704906
-1.368401
-0.229330
-7.225305
-1.268731
-8.8599
3.956386
-3.1007
-6.98607
-9.675242
6.160633
6.656496
-1.235046
-0.557855
9.860386
-0.637647
-2.319190
0.252845
8.459103
-6.531533
1.261539
-5.401267
-1.981519
9.410141
2.349282
-8.606432
5.594396
-1.724767
2.475177
-2.297544
7.328377
6.272582
3.14913
8.817404
9.872656
-9.998456
5.203404
-2.443885
-9.237259
7.165781
0.937399
-4.229097
-6.181020
-9.577270
-5.943000
-2.687651
-5.416166
2.480441
-1.133320
-5.833907
7.630087
-4.816103
-5.760520
-2.993911
2.410067
2.874621
0.994006
3.878970
2.254281
1.111468
-1.748075
-0.8831
8.649967
8.719099
8.33633
1.982577
4.564388
4.498821
7.262465
-8.59876
8.573187
7.256149
-8.821507
2.482985
8.817854
-1.285465
-5.573469
-7.614386
2.372303
-8.496894
4.822064
8.977902
4.296862
8.539464
-4.215973
4.252806
-5.491882
2.476261
-4.568563
1.55773
-5.533008
7.781046
0.808720
-0.782349
8.937383
-2.823809
1.424204
-4.819308
0.24294
-4.785276
-2.678481
-3.793450
-9.386332
-6.278635
-1.953343
9.777368
5.519821
4.270525
6.643866
-3.561202
4.486725
-3.758850
-9.355479
7.89827
-6.501358
0.838749
-6.838455
7.25061
-8.874829
5.956322
-9.841667
4.63870
3.920331
3.219770
8.744536
1.981069
9.236825
-1.968714
-9.996044
-2.343110
0.311539
-3.96165
6.490438
9.880692
-9.61912
9.503795
1.951005
-0.472418
8.305857
-7.611540
-1.983372
-1.875376
-2.562752
9.400981
-4.996242
7.849894
-0.317037
0.236128
2.148578
1.929218
0.534369
-0.322050
5.872485
-9.106004
-8.242378
0.58847
-8.503777
-2.363049
5.56322
8.128695
-0.890576
7.202558
8.128104
-6.190355
5.270003
6.945314
4.236434
1.578016
4.475184
7.717442
7.432682
-7.120630
-0.656660
8.603526
-2.394913
6.510712
-0.317168
1.131319
-1.189293
6.156020
8.960719
-6.137759
4.525541
7.480200
-4.656794
7.297703
-4.461773
5.169134
5.299187
-8.908255
-4.125033
2.872801
-4.837766
6.180735
7.59359
-2.292699
8.793363
-3.830491
6.465746
5.690664
-6.222688
6.10852
8.692138
9.406855
-4.791232
-3.240184
-8.264423
7.181116
1.637934
4.307819
-0.379495
-4.330034
8.780842
-1.257461
-0.789147
-8.999990
-5.736750
-7.944848
-3.826121
4.163405
2.381307
1.604862
2.223222
-3.74153
-0.854743
-1.140703
-6.708380
-7.867490
-3.448523
-6.433577
1.29670
3.975841
7.799295
-5.675818
4.44970
-0.181631
8.842338
7.807865
6.775680
6.383719
1.939800
-4.372475
-8.462722
7.24087
1.830383
-8.638053
-1.996143
-3.125053
6.969629
3.388698
9.512959
-5.756425
4.207606
0.606075
4.25986
-1.354786
0.216828
6.836843
-0.565969
4.369082
-9.196111
4.593078
-6.19472
0.307292
-5.648709
-1.572340
4.776170
8.102537
-0.392009
-1.903915
0.21974
2.202338
0.850186
-6.911888
7.927883
4.728554
0.984658
-3.692338
0.976648
8.323569
-8.638151
4.949706
9.14658
-8.40615
-1.666354
-4.401511
-7.117223
-2.513966
7.461288
2.8806
-1.558307
-5.822253
-8.877372
-8.292192
7.857654
-8.738818
4.508025
1.974149
5.239728
2.696771
-8.249192
-7.435317
-5.973837
1.714938
-4.54155
3.952075
-4.620901
-7.561643
-9.982990
-0.861592
-9.37370
5.664828
6.726375
-0.203966
-7.687272
9.326295
-0.38899
5.458659
2.583188
-0.906480
-6.920989
-7.217726
-7.102593
-6.485665
4.626432
-8.931604
6.107294
0.694231
4.150214
9.264026
9.183382
9.706531
9.268790
-4.360349
7.179793
-2.813981
-4.214990
-8.3720
-1.741814
5.928616
-9.909365
4.754136
6.611405
-3.723899
-6.328288
-3.79140
4.851806
9.168835
5.5236
8.976903
-8.957612
1.417409
6.57667
-3.980981
-1.705719
-2.341962
-4.337666
9.800125
-3.939922
-4.907272
3.966201
-9.816442
-1.680880
8.828305
-6.619066
-4.749308
-2.549365
7.717874
8.291259
-6.494984
8.806719
6.619479
-1.203750
-5.687291
3.793999
9.852164
0.457276
-6.461143
0.548952
6.242290
-6.1710
-0.301176
8.74449
6.379197
2.712752
5.264481
-0.409051
0.480
-4.322540
9.831506
9.467354
0.196286
0.834744
2.579961
-6.292945
9.76412
6.196022
-1.233844
-0.391400
-3.959950
-9.467181
5.203461
-7.820973
1.7115
-2.965531
3.490220
0.949698
-0.284890
8.989642
-8.612908
-6.396977
-6.859912
7.819241
-1.833063
7.796925
1.423581
8.493863
7.416823
2.709293
-8.693813
6.201889
5.217227
-7.936115
-2.193296
5.601435
-7.937127
1.309487
4.398186
-9.437068
5.850239
-0.597647
5.146475
1.216534
-1.628799
-6.390384
5.983173
8.381034
-3.566371
2.307720
-7.111077
-4.72998
9.139515
5.137836
-4.436260
1.351496
5.196823
7.395822
-7.958707
-4.302301
9.135898
-7.669663
-2.105484
3.176941
8.787445
4.679348
-6.937733
9.532432
-8.772932
-9.541066
-0.306607
-0.919794
9.494626
-2.693931
-4.701539
-6.695305
7.65613
-1.762932
9.717353
-6.978894
4.855276
3.457576
-7.375145
7.747498
-8.228822
-4.771731
0.211368
-2.777261
6.865232
-2.433988
6.818534
-7.154770
4.628709
7.345837
4.515797
-3.893332
-9.706844
-6.894068
-0.471084
7.243528
0.236114
-7.271801
-3.786735
-6.791895
7.981211
2.56224
-9.744943
7.112982
7.923272
-8.925872
0.583322
8.267252
6.435237
-3.462423
-0.612660
-4.631122
0.805893
-4.348341
5.552078
-3.282336
-9.5808
9.24676
-3.526414
5.623380
-1.661410
-1.672654
-6.66796
6.550680
-8.534728
4.490023
5.143742
8.764703
3.624709
-7.26846
-4.246657
-1.814411
2.753627
7.841953
3.708723
9.760857
-4.956932
-7.396622
8.830827
4.694784
2.483620
-2.777291
6.755976
-6.192863
1.468999
-3.136460
-9.477584
-8.530883
3.804682
-9.858098
-9.314513
-1.835335
3.609572
-3.220370
9.218411
7.171127
-4.535836
3.5336
-7.827980
-9.661179
-5.531781
3.202794
-5.972277
3.626562
7.7602
1.340471
6.869675
-8.68498
-3.366268
-2.561107
-9.380504
2.791727
8.604773
0.575616
-2.929825
8.620047
1.299093
-2.477253
-0.652706
-7.179190
-6.882100
-6.108652
-2.694182
6.764614
6.23966
-8.239707
1.66610
-1.40513
9.683103
8.338712
3.152169
5.171605
-4.632520
6.990838
-8.389474
4.868734
9.736385
8.894806
-2.928847
2.688425
5.767351
8.29776
7.783780
8.150488
5.705516
-9.895043
3.822762
-6.820472
-4.849074
5.77627
1.201672
5.619663
-7.440250
-9.873969
-9.718136
7.480367
-7.916721
-4.93807
9.84844
-2.540229
-2.347732
-3.626818
2.581795
-9.361537
-6.924176
9.208244
6.82473
7.766898
8.189027
8.794061
-3.270425
5.385470
-9.168972
-4.404711
2.275879
5.455289
-7.354335
0.312132
-0.149152
-7.714471
5.602066
-5.529963
-4.601473
2.289549
5.468162
6.371799
4.964476
-7.679266
8.126328
-6.874155
-8.12032
-8.854988
6.62544
8.216496
-4.678381
-0.405079
4.604835
-4.360122
7.954190
-5.92419
6.52517
-4.137615
5.733183
-1.8194
-6.883710
-8.119260
-8.686485
7.456071
-3.740150
-0.204228
-3.562774
-0.934208
5.848493
-4.423454
9.464993
7.441271
4.756791
7.859678
5.978254
-3.722494
0.999259
-8.304229
-2.8744
-2.691700
-5.536889
9.255396
6.252301
-7.648790
-2.288635
7.158730
-0.835142
-7.886741
-5.967493
7.326935
3.973261
4.306532
8.446010
5.78180
-1.659112
3.961661
0.673703
-8.358012
-7.948798
1.810905
-6.884140
2.633496
4.500244
-0.790231
-8.330433
9.131806
3.433198
-2.233868
9.838046
-2.770827
-1.240265
-2.266897
8.138824
-7.108346
-3.824254
6.91535
1.68921
8.591553
9.546172
-0.932977
6.46198
4.408152
-6.325373
6.243870
7.758175
-2.527401
5.62265
-6.487413
-8.709914
4.678566
0.687922
1.654826
1.212774
-6.378362
-0.425469
7.717233
-1.869108
8.346997
-8.384767
2.787762
4.875864
5.856635
1.546028
-0.566516
9.542797
6.815476
-4.476089
-9.593557
-9.792137
3.101649
-5.971423
9.480361
-3.520262
-1.932853
-3.962002
4.398590
-1.253666
1.589495
-7.442546
1.6381
-7.959566
-1.22727
0.850690
8.172581
-6.399466
9.924111
0.12804
0.534655
-9.353013
-5.852644
-0.337664
-1.683935
3.780798
-0.657928
-9.398194
-3.544393
-8.944705
9.558867
7.980436
4.517901
-1.272911
-6.249595
0.895608
5.763918
-6.787378
1.444341
-9.649751
-3.140922
3.23702
8.740636
8.814459
5.204737
-8.450550
1.402587
-0.749783
-5.891604
5.784865
2.926019
-4.882424
-4.490743
-7.636323
-4.656828
-5.268899
-5.736980
6.719001
-4.645858
6.61946
0.911968
-8.754793
-8.603559
-6.976169
4.661885
0.393950
7.584326
0.29634
-9.484548
4.426115
-4.20437
-6.408437
2.97465
1.860861
5.513086
-7.775228
1.581485
-3.850798
8.816597
1.403191
-3.395445
-1.235731
6.322825
-0.114766
6.796933
6.509803
7.522274
-6.571327
9.408667
3.647448
1.898673
9.41606
3.347392
-5.935943
-8.816131
1.617137
-2.249265
0.329543
-5.371255
-8.858948
-5.251441
7.569172
-0.704226
1.303123
-1.194021
-4.955414
2.329826
4.931446
-5.611073
3.185304
-1.57329
5.138946
4.182238
5.510032
-3.237093
-0.193059
6.887733
-8.843389
-3.631354
5.692999
-3.675772
-6.478348
0.142332
2.531469
7.98054
-5.625514
-7.280042
7.278200
6.982235
-0.247050
-6.447945
3.836362
-6.497824
9.136559
5.539336
-5.449234
5.305313
-9.953753
-3.325999
0.65829
-1.358547
2.745130
-3.397228
6.497079
0.38364
-0.290880
4.964037
-0.429216
9.46159
6.962572
3.871453
7.964927
4.204990
7.766678
9.181460
-9.547390
4.6334
-2.354686
-5.870648
-9.52806
-4.631859
6.88456
0.775312
4.673899
7.437128
7.120688
7.690164
-6.934518
-2.807503
-9.184174
0.614008
4.971904
-7.519344
0.686260
1.937027
4.342715
7.710554
-6.488231
-3.137665
1.705016
4.152856
7.385342
-8.851049
1.271319
6.929182
2.489746
-5.533105
5.65593
-0.958248
3.81719
-7.521516
-2.876793
-0.785063
-5.988934
-9.711363
-3.873125
-4.111260
0.632285
-8.370718
2.134061
-9.106488
7.934712
-4.557933
-3.528198
-0.48119
-0.54725
-7.890729
-0.299391
7.252590
1.404342
-9.459663
-2.571410
9.641277
0.3960
8.447130
9.416322
-5.884930
-4.418762
8.567059
4.804423
-1.212572
8.345726
8.564327
-1.653438
4.151048
9.735818
-8.797223
-9.962877
2.381417
6.423561
3.739722
-5.469093
-7.513681
7.947773
0.332269
2.198938
-1.635209
7.15458
0.671782
0.856771
5.458414
-4.969079
9.476528
4.105687
-7.376868
-9.737200
-0.152063
-5.957331
-0.637173
0.209593
5.28070
-3.788824
-6.870285
-9.320430
-8.825399
7.19890
-7.639721
-7.514818
6.91708
-0.268160
4.467736
5.462861
-4.206278
2.211667
-8.975857
-3.314767
-9.943686
-1.497823
-3.25342
-9.681672
-1.356288
4.991253
-0.71998
6.591402
2.138802
8.91066
-4.218097
-3.155608
2.893634
8.552995
-7.859636
-3.357980
1.353203
5.715589
-0.798274
3.393952
-4.555218
-2.921793
-3.8495
8.423386
-5.434625
4.509948
7.628570
-8.996767
-6.342560
6.125453
-4.209269
-1.504991
-7.543146
-9.832724
4.88101
-0.665566
-4.72723
-3.897924
-3.732570
-8.231816
4.519432
1.297163
2.236971
9.748840
-2.385767
-0.7387
9.488033
-9.664556
7.801601
5.664739
8.164274
1.888127
-5.758091
7.266311
4.352523
3.967706
-9.621807
7.943396
1.445594
7.987311
9.177650
-5.742231
-3.702398
-5.601297
8.755302
-0.285217
1.340256
5.509496
-7.690859
-1.133269
-4.552188
-3.499754
-1.273129
-0.625636
1.789765
-7.700337
-1.364741
-4.754656
3.83696
9.120757
8.563283
5.575548
-3.45679
-1.764471
-6.965532
6.550441
2.486904
7.913080
0.772366
-5.26707
-8.663415
0.860140
-0.875465
9.895436
7.554054
-1.90270
3.822005
-8.573162
-0.402295
9.262
6.983980
-9.938343
-9.363103
9.564095
-3.650602
0.961445
-0.164259
8.172839
5.709139
0.405911
2.867559
9.173718
-6.899937
8.124599
-8.95822
3.811844
-0.823106
0.132865
-6.170552
8.192183
3.257167
9.996217
-8.302175
-3.17804
-2.587594
8.532897
-7.976687
9.740969
8.915258
9.385496
-1.184649
-4.813051
4.176339
-5.186674
5.891799
-7.458667
-6.365076
-2.775285
-2.378485
-5.367465
3.180838
9.169813
-3.508107
-1.644714
7.671529
6.200726
-4.76855
-1.90317
8.406681
-5.163797
8.102902
3.448461
8.745747
5.264230
-7.538068
-7.671206
-7.680190
4.90763
7.127544
5.705789
8.727348
1.409573
-8.532811
3.822459
-3.432486
-1.287395
0.845854
2.472939
-3.976638
8.702733
9.51393
3.687104
3.812384
-7.418988
-4.184333
9.263596
-0.373857
-3.591969
-0.40955
2.611143
-4.499034
4.291180
-9.952393
8.228420
3.899845
7.504734
8.230647
5.241420
-2.660522
-6.99145
6.779429
-8.945076
-7.5657
-1.493985
4.748871
-9.202800
2.143168
2.448533
3.108187
-0.582416
1.573952
9.166892
5.531990
4.997981
-6.500205
-4.222996
-9.429950
-1.494924
6.9888
3.48500
-7.221903
0.29133
4.761368
-5.887355
-3.635513
3.905687
0.751669
0.371400
-5.39006
-7.415009
-6.114906
8.434479
-1.835155
-6.322592
-4.390775
-0.304928
-2.267851
-4.422711
-3.767098
-2.376495
-1.349671
-6.776930
-5.825163
5.26362
-2.894858
2.930858
-2.873710
0.153365
-9.297450
7.799503
-6.740726
3.343024
0.151882
-3.928667
9.109792
-0.298064
-1.431876
-6.262897
-1.678878
-5.202475
6.797753
-8.63267
3.949847
-3.325352
3.479671
-3.836283
2.700117
-4.339023
-0.692064
-9.42691
1.767399
-2.215860
-7.681355
-4.989048
-0.681653
7.137676
-2.320681
1.104377
-0.642129
7.231389
-1.704362
-1.801776
-8.350303
4.534529
3.766770
7.673169
2.551791
7.834512
6.816934
0.145231
0.570935
-7.375446
-6.654737
8.842301
0.296196
5.496093
8.794628
5.891917
-8.643335
1.740948
5.743798
-4.419285
-1.499621
-3.666161
5.391601
-7.390298
8.283576
2.424821
9.918410
-2.922823
-6.153099
8.862655
-6.853268
3.475241
3.779457
-2.532684
7.924445
9.990177
-1.597098
-0.45790
5.997837
8.540525
-8.565653
-9.727958
-3.869741
-0.836256
3.123595
-6.526386
-1.452899
0.546469
-1.548044
4.717774
-3.958592
9.802823
9.400276
8.175256
2.518061
-0.228620
8.215401
5.945872
2.342855
-6.559449
5.491014
-9.474466
1.501397
-4.351266
-8.73108
-4.107720
-9.928929
4.166536
-8.833628
8.444394
3.55711
1.716880
-2.188563
1.307797
-7.459895
-7.768452
8.759853
1.370647
-8.180007
-2.735978
8.239981
8.166962
4.319744
-7.614956
-9.744205
0.709202
-2.287623
5.662164
4.811403
1.110897
-2.603745
6.297313
2.666067
-1.727757
-0.833648
4.56848
4.21431
-5.172676
8.193473
-9.884744
-9.723589
9.765717
4.728010
1.831733
6.868333
6.330409
1.986413
9.112551
4.595821
-1.616232
6.909762
-9.232743
-5.235787
-0.238638
3.888956
-5.414595
-6.41108
2.56120
-5.121794
-0.565885
2.15644
-3.558463
-0.8008
-0.546698
-4.418643
-4.941139
5.203737
9.227870
7.702565
-6.337647
9.501510
-5.434093
6.901115
2.146938
1.3294
-7.338518
9.515723
0.37675
3.500572
0.16588
-5.234659
3.31844
5.673590
6.395685
-8.436766
4.718495
0.139115
4.772437
-0.158231
-1.934641
-2.183906
-2.921670
8.222747
-0.95145
1.85564
7.645350
-4.715642
6.983827
3.710477
2.114511
-1.17223
9.952827
4.839066
2.609758
-4.895489
5.732259
4.942233
-7.73839
-8.164752
-2.231896
-8.775507
2.62948
8.609713
-1.122095
-9.512131
-4.216589
-0.953963
1.896072
9.782651
-7.320985
5.413013
-9.791697
-2.862355
1.880438
-8.908388
6.580824
4.543096
-6.510848
-8.984257
5.190154
-7.759402
7.709223
6.992445
-0.964486
-9.751456
-2.248844
3.672558
-2.513887
-1.330317
-3.802952
-2.680041
-5.220739
8.520697
-6.673278
-4.833279
1.996481
-3.412177
-4.34329
3.759010
2.401575
7.766657
-6.299975
-8.276873
-5.76059
0.610675
1.756406
-8.126780
4.781244
9.747000
-1.8304
6.271663
4.296479
-3.308327
-9.816004
-6.267644
2.447407
9.87785
-6.894042
9.863711
5.843463
-7.636249
7.954815
4.503548
4.835849
5.108645
0.671567
-5.37449
-0.102115
-1.416246
-3.738853
0.471511
3.413580
-4.865037
-5.586401
-9.686437
0.775819
9.610954
-4.834974
3.745475
-2.605810
5.907931
2.956204
-1.563460
1.521675
2.679557
8.304749
2.844658
-7.419775
9.407788
-8.672410
-0.89808
5.296230
-0.762843
-5.993196
9.823138
4.877667
-6.344701
-4.261691
6.730750
3.200830
-3.378080
-4.766715
-1.296668
9.316623
-2.929334
-4.821238
-5.284506
-4.413740
-9.76618
4.502263
9.296487
7.399923
4.252425
7.450156
7.482088
-5.576834
-2.6439
-0.131913
-0.889384
-2.170288
4.679740
7.507547
0.982643
0.351521
-6.123728
-5.638755
5.257917
2.358619
-0.169849
7.971413
0.931438
0.460707
6.325937
-8.856500
-5.852666
-3.276473
6.949160
7.155233
4.824783
8.67132
-0.868193
-4.40803
5.17591
3.534630
-1.558427
8.571070
-3.182098
-6.365246
9.801482
-4.863840
-2.238960
8.639286
-3.56013
-8.988137
3.787178
-6.609568
3.94063
-2.498580
-4.214441
9.895145
8.544809
-3.578519
1.456983
-2.538841
4.196947
2.767613
3.560018
3.523322
-2.296406
-4.736757
-7.911508
4.688851
-5.625942
-2.256724
4.632180
8.278033
-9.798056
-5.890701
-3.437566
-2.723780
-7.645889
4.959205
-0.270311
1.184275
-5.656532
-7.990610
4.312431
-9.199706
9.700071
8.995264
4.13133
0.782137
-7.913499
0.347850
-7.656736
7.553455
8.289269
0.940548
5.63320
6.953990
-9.832964
4.160806
5.110015
6.822885
5.588844
6.523722
-8.421902
-3.81442
-6.942099
-1.925087
-0.270539
5.624343
7.462058
-0.570347
4.617132
-6.775299
-3.551809
1.259094
-0.96860
-8.281532
-7.324724
1.723219
-4.291858
-9.427789
-4.995213
-3.683572
4.13615
7.823669
-5.537929
-3.736067
0.888426
-6.827970
-7.715504
-5.177395
-2.36529
-4.398102
4.785836
6.621634
-3.503289
-1.889254
-3.704616
-2.703562
-0.543140
6.685407
-2.700712
-3.206186
6.9832
-6.663460
6.942516
6.427507
-6.949023
-3.315435
-9.766315
0.593521
6.741195
-3.688198
5.150806
-4.626283
-6.971001
2.722889
3.618016
-0.577511
1.396640
3.823612
6.519470
-1.520744
6.258239
-1.517793
-1.437392
5.520324
9.172197
-7.97627
1.32881
1.488394
5.214982
-5.397005
5.757001
3.821154
-3.252926
7.511183
-9.507082
-9.738702
-0.488773
-4.72666
0.83904
-6.747329
7.300196
1.893311
-0.636606
2.17434
0.758683
7.511075
-4.819415
0.629401
-4.731941
0.162858
1.959247
5.379348
4.490010
0.212274
-0.66464
5.773834
-1.915658
3.524819
3.638765
-7.439776
2.841207
5.632765
9.602899
0.37239
-5.963322
8.371877
-3.34310
-8.439395
-5.659798
1.812127
-7.127359
-0.938394
1.654896
4.880766
2.666144
-5.769712
3.218897
-0.349468
8.274473
2.242206
-3.899173
-2.720973
-6.603306
1.519830
8.199173
-4.224150
0.368595
-6.31816
-7.287686
9.258620
-9.384394
0.538918
-7.838607
1.402710
3.268468
-1.399203
1.199495
-0.187303
0.285670
2.703452
3.736423
-4.28295
-1.517462
-5.891525
-0.31250
-8.602781
0.408534
-6.667407
9.728867
1.900091
6.906934
-4.164921
3.395024
-9.200549
-8.134032
-5.878292
5.173833
-2.905601
2.105412
6.60954
1.63550
2.13946
7.934710
-6.697151
-2.703981
1.707316
2.622711
-9.682365
3.557229
4.49326
-0.378459
1.281051
-5.785398
-5.441666
5.625029
8.399440
4.884034
3.970993
-3.844076
-8.748502
-6.584363
-9.291296
-6.517872
-7.691817
9.530034
-5.650203
-6.963319
2.610513
-3.530088
-2.311106
-1.47225
9.801994
9.105712
7.893089
3.893980
1.296016
-1.322864
-5.597236
-5.834201
-4.41934
-5.335167
9.59657
-1.12806
-8.496365
-2.435648
-4.4741
-0.86732
5.598360
-3.510617
1.667581
-6.334106
-8.610907
4.272929
-4.387099
1.612531
-3.28315
-0.801007
4.861222
3.335825
6.787609
5.11327
-2.54206
-5.750942
-7.690897
-3.283510
-0.422763
-9.437376
0.133860
-5.625803
5.780112
-7.122367
8.20441
8.501287
-7.126766
3.360539
4.670960
2.579121
-8.655403
-7.14518
1.167083
-8.297033
-0.738473
-3.102311
-0.177828
4.352123
0.754079
-2.412011
-0.643280
-8.309107
-2.261670
9.288578
-6.917510
-3.719025
8.444065
-2.299879
5.86330
2.742532
-8.222215
-9.626533
6.130347
-8.513769
-4.899165
-4.823330
6.787551
-7.918593
-2.609700
5.531832
-0.780462
9.494641
-3.688887
1.562987
7.897623
6.947620
0.298936
9.678455
-0.405597
-1.750793
7.642405
9.723715
5.820180
1.709824
5.164871
-7.135537
-0.340847
3.224867
-0.120179
-8.80411
9.397150
-3.776259
-7.876977
-1.313298
3.115343
9.214983
4.402843
8.982826
7.873526
3.717347
7.13416
8.574899
4.896438
2.666920
7.965683
-3.690352
-6.304899
9.591907
3.746184
-5.689679
-7.173186
4.388166
8.25630
1.454815
-2.869192
0.949985
-0.349083
-4.407335
5.865958
-5.845133
-3.941623
-6.552577
2.970607
6.72690
5.172124
7.900604
3.989466
-9.841553
3.923338
2.657405
0.244749
-6.215137
-9.659821
-5.475239
-5.844664
-0.766483
-3.414697
8.126908
-0.978671
-3.232523
9.578143
8.221422
6.517821
3.525676
8.216154
9.458446
4.718889
6.862920
3.781520
9.373353
-2.999904
-6.570092
-9.185550
-5.300533
-8.504083
0.451972
-4.77509
-6.337455
-7.622421
-3.823040
2.629422
-7.319020
4.106971
5.653096
-0.948986
1.839307
-0.90541
6.633737
3.112156
2.504469
-6.559552
-5.888251
9.679286
3.483181
-2.825613
-5.922736
3.232996
-9.991634
-3.28867
8.675271
3.304200
-2.399205
-3.79436
-7.14091
7.20056
4.85061
7.693784
-6.440086
2.145069
4.947508
-0.670441
-8.975996
0.183191
7.915351
8.309218
-3.830132
7.833752
-6.410618
2.227172
6.362866
3.871227
-8.828157
2.605557
-3.399065
-8.724565
-8.407670
0.371117
-9.880606
-3.927770
-9.541478
1.397001
9.314891
2.210706
-9.647529
-7.188509
4.820998
5.146408
0.891229
5.979195
4.555374
9.83628
2.234397
-6.16381
5.96421
-4.906218
7.754992
3.505579
7.475379
8.624066
-2.662460
5.986132
9.949956
6.898442
0.437147
-5.514193
1.821441
-6.799264
-9.335133
-3.793302
-5.650596
9.415791
3.518592
-6.273891
0.892393
6.21628
0.399161
-0.813287
8.443118
-0.663532
8.2779
-0.467178
3.689413
3.903881
6.610611
-6.422377
-1.761749
0.383720
-3.310220
-9.16630
2.159720
-9.918303
-1.245806
4.641241
-0.970347
-9.186623
-8.836967
-9.226467
-7.670740
5.21271
6.71363
5.987964
-7.186866
1.703012
-7.810295
-6.884754
2.497075
-0.13714
-0.280663
-3.224688
6.25674
-1.202752
0.223099
-6.292480
4.831129
-0.449657
1.54090
-1.955232
8.536805
-7.109028
-7.721236
5.16797
-8.430367
8.240456
-1.55600
-1.362500
-6.380483
-5.430164
1.770714
-9.556521
-6.841561
8.697196
5.144096
2.852775
-1.42596
-9.40208
7.730364
-5.126491
8.725952
-9.842114
-7.666960
2.258870
7.820596
-0.91588
8.880679
-9.18998
-3.988908
-0.811793
-3.991943
3.66163
-5.659832
-7.494186
-8.586024
6.398416
0.655466
1.412776
0.581901
5.26973
-4.694508
7.355222
-4.81987
-3.232716
-1.504607
5.525403
-9.696935
2.29097
6.78447
7.608055
-4.744411
-5.729820
-2.406396
-0.441099
6.92801
8.698448
-6.833278
0.410672
-1.933278
-4.422708
-3.174402
-8.213009
-9.604692
7.525634
1.470022
-5.23880
-1.101976
-5.359776
-4.726409
-5.783776
-0.558849
9.262489
7.249918
2.119475
8.620228
7.740433
4.521845
0.694102
-0.253599
0.795134
-9.443114
-0.974655
-2.86873
-9.218867
-9.295385
2.441932
-6.873308
-9.390088
-8.952000
-8.975971
7.401060
-6.918022
5.223514
-3.471285
9.154265
5.775179
-4.841555
1.488074
0.590864
8.876335
-2.644614
-0.454550
6.84985
-5.818541
9.774692
-2.90019
-7.988603
-3.541346
7.409646
-1.879806
1.746960
-8.454223
-0.976249
-8.916265
-1.493136
0.2249
9.918238
4.598061
6.464510
-4.436882
-7.40203
-4.675533
3.260895
0.536155
8.456247
-0.208139
-1.567010
-8.858065
1.602081
2.422627
-0.163334
1.985168
4.375383
7.902614
-7.901752
-6.180195
-3.311608
-3.284596
-5.156857
-7.370742
-3.773352
-4.660705
-0.454320
4.646797
-4.187107
2.52033
-2.276528
-0.778832
-7.189709
5.940966
-0.18541
1.462637
-2.465139
-6.803296
-5.496910
-8.551284
8.658206
6.901038
3.137845
8.3412
6.404014
7.502985
6.318197
4.225034
2.642461
9.955879
-9.894539
-0.737345
6.801599
0.760509
-3.468465
8.731525
-1.210393
-4.843037
5.825312
8.827971
8.935753
-4.425185
0.591451
2.140613
1.13637
2.745415
-0.314936
8.703693
-2.198628
7.845709
-1.679867
-8.392013
9.366833
-2.774878
5.619559
-5.304891
2.366563
4.122774
3.798556
5.552724
-0.857507
0.607446
-5.56237
1.521831
1.248386
-0.253423
2.268467
-3.20263
8.835497
-2.572184
7.58296
1.229586
8.27591
-1.560114
-3.935066
-5.715138
7.96691
7.943716
-9.443554
0.827539
-4.425026
8.464940
8.822940
5.382213
6.917637
-5.565122
-7.145911
-9.542921
-7.846220
1.887070
0.734547
-6.729805
9.996644
4.107651
-4.68307
-2.159702
-9.151612
8.312503
6.662640
-0.70224
-3.74734
-2.767170
6.377119
-0.964876
7.57850
-4.623813
4.894254
8.965864
-3.782360
9.820000
9.906323
6.982708
8.30446
7.356126
-7.374665
6.487349
-8.808356
-4.967244
-4.23288
-4.339059
-8.801628
8.178246
0.166014
4.310633
-4.687050
5.396277
-0.114367
2.476582
-8.311776
-8.282590
-9.975600
-4.465540
-0.35932
3.63897
-3.30661
-9.510428
5.610659
8.774663
-8.451953
8.941241
7.578881
-6.787547
-3.549947
5.929232
-0.765176
7.948795
4.483792
6.662171
-4.231
-6.4910
2.531617
8.414686
-6.832361
-8.434306
8.563858
-1.908068
-2.863212
-5.60010
0.975044
1.920090
1.726794
4.854404
2.284812
1.53950
3.258420
-1.412531
-7.59416
5.809733
6.438145
0.396606
-5.626357
9.222631
-9.972975
-2.427337
-2.31300
3.66394
1.965061
2.243798
4.564776
-9.928226
-7.855411
-0.394300
-6.475931
5.416314
6.166106
-7.805519
2.758973
5.856975
1.192239
-1.739810
-9.936130
-6.507992
-5.793448
2.110015
-7.511643
-3.256753
-5.757875
8.623483
-1.630604
-0.217385
6.813136
5.44215
6.133252
9.53224
8.780524
4.313747
-3.268345
-3.93025
2.31587
0.681509
3.938315
-4.206472
-9.880281
-5.435672
6.288961
-2.638957
-4.291180
1.520955
-1.701609
-5.25381
-7.748435
8.806899
-3.741471
3.829246
8.212944
-6.404208
4.659792
7.253923
8.810084
5.475232
2.950399
-9.597779
-8.428883
8.609666
-0.709706
-8.476823
0.257467
-7.836337
0.790105
1.183062
5.664015
4.236686
4.74844
-8.575122
-7.689544
3.707072
-9.783015
-9.208552
3.537342
6.470995
8.34892
-4.977468
-8.621975
-8.709883
5.586790
-1.498345
9.848756
-5.297816
0.132151
0.161847
5.378488
-4.732472
0.337932
-1.140103
5.232298
-5.873281
7.507171
5.907786
-6.944169
2.890071
6.928556
-2.239991
8.61061
-0.499314
4.97169
1.576874
6.161854
9.602419
8.656177
8.860472
8.202650
-8.201252
3.866450
0.820220
-0.288797
-2.858970
-4.29086
-9.680605
3.627695
-3.969804
7.417834
8.833923
-9.983246
-4.720088
3.668200
-3.576232
0.833819
-9.431778
1.310601
-1.414457
-4.633416
8.896036
-5.442308
5.333292
8.101007
7.842622
-7.135013
-6.656384
-2.9156
1.882209
-9.619663
-1.456873
6.595091
1.900766
4.226824
7.378414
-4.181801
3.698777
-0.126299
0.92063
2.565872
-8.481913
2.190461
7.674762
1.687608
-7.380847
5.847063
-8.920076
5.548016
1.74189
-3.913051
3.214371
-7.874185
-3.334802
6.445866
6.824735
-9.797680
6.48770
-1.201685
-7.814638
-6.220782
9.105187
5.408376
-4.725440
7.989848
-8.912074
-8.903236
-9.145134
-9.336547
-8.603774
5.71582
-8.789491
-1.272118
0.709924
6.777671
7.195671
-4.344771
-2.555683
3.748482
-9.20242
-5.928800
-6.903558
4.675239
8.634382
-5.115788
-0.81675
9.873131
9.771484
-3.858207
4.851338
-0.49163
-1.705169
3.440895
-3.632014
-0.36669
-9.644709
3.884560
8.175811
7.147244
-0.651759
-5.293129
1.659290
6.56085
-1.722929
0.918801
7.388670
-0.393615
-6.245704
-6.16971
5.972251
2.131786
4.940729
-6.302638
6.376399
1.829100
-6.776527
-1.816709
9.306425
-9.49863
3.388878
8.691160
2.522225
1.103593
6.876161
9.471943
4.443959
2.953270
7.917142
6.995033
8.817836
3.586366
4.77400
7.466582
0.326348
-3.895979
-7.61574
-1.760858
5.387447
8.187045
-2.692975
-7.877488
3.905074
3.716464
-9.614294
-7.491317
-7.209337
7.28528
9.798305
3.825093
-2.675108
7.220875
0.669908
-5.60784
3.497095
-0.338652
-9.573750
2.646347
5.542418
-7.146401
-4.2385
8.411854
0.477526
7.276801
-9.792614
8.384017
-5.430636
-0.510399
4.416866
6.537486
-1.542950
4.675291
-4.779291
7.792730
2.432072
5.311610
-0.955367
-7.56328
-1.675724
5.95510
0.657131
2.552047
8.1134
-0.190651
-5.697736
5.503131
4.978193
2.696672
8.788563
-3.828988
-4.480700
8.229732
2.4290
0.798252
-1.372067
3.551055
-8.719231
1.307233
5.858164
-2.788889
-2.636896
-5.945134
5.421598
2.845581
-0.526164
4.379067
1.264958
-3.622851
7.25426
4.148409
-3.120013
0.597370
-3.616175
-6.726619
3.86649
-9.910353
-1.733566
8.18129
8.493418
5.915292
1.178147
-5.729979
-3.316872
3.459468
5.472371
2.760353
-7.841764
-0.984892
-4.13322
-7.268867
-8.56768
-7.46625
-3.667220
9.856504
3.492761
8.585803
-6.31051
3.609813
-2.428590
-7.512807
-8.43577
-7.140914
6.918540
7.992629
8.606154
3.329412
-1.589109
-5.151514
3.518406
4.183203
2.610254
-2.945001
6.950129
-3.426158
-3.348909
5.190752
-2.744746
0.852653
-3.15719
-5.730913
7.299807
-7.295521
2.731978
-0.825453
-6.399746
-9.980323
4.636635
-0.432437
-0.461191
7.667838
-0.565185
-8.713163
-8.769037
-0.651347
0.869076
-9.28377
2.458663
2.265395
-7.600087
1.981147
0.591777
-8.591287
7.408328
5.993028
-7.287898
-6.158199
-1.278331
3.909393
-2.936742
3.343393
5.409315
3.434315
-6.197563
-8.947388
-8.541947
-7.348284
4.895777
-5.304710
4.523872
0.530807
-3.509705
-5.509398
6.275755
-4.610515
-1.132323
9.775663
-3.52559
-1.421674
-5.697460
9.447300
0.685045
-7.486120
-2.474517
9.58563
5.714934
-0.764233
-1.364659
-9.794542
9.963277
3.323958
-7.219979
4.93358
-2.862060
6.240000
-8.690917
4.756759
-2.785810
-2.706551
6.823692
2.661105
-9.782303
-2.696989
-7.914563
1.227132
0.245210
-3.617474
2.635939
2.836811
5.674469
-7.330021
7.767121
-7.187165
-7.559922
9.908965
2.776505
3.393828
4.557873
-6.633297
0.898292
5.865191
8.825249
6.31148
6.576247
7.322606
-2.542930
5.411784
-5.718630
-6.732926
-8.193928
9.408976
4.555526
7.415883
8.719739
2.381658
-2.112420
-8.673587
3.682635
3.775501
1.305350
3.463001
-6.62125
3.386195
-5.622375
7.330587
-7.452501
5.764622
-2.144425
8.698841
1.28462
-5.580637
-2.704205
8.740768
9.237826
-9.771625
9.664772
-9.976549
7.118741
-1.326330
-5.848593
3.363108
-1.795203
-6.184051
-8.978241
3.413862
-9.356222
7.950443
9.353762
-7.248814
-5.927451
0.695025
-1.530888
8.497166
-6.496406
-9.118279
8.758780
-0.354060
2.668739
-8.363596
-5.653824
6.567884
8.202765
2.779026
-0.521082
1.183111
5.53091
-2.279442
-5.355064
-1.431404
2.834792
-5.897468
5.531598
5.499681
-3.534823
7.98915
2.122170
8.477162
-3.147040
0.452861
-6.676143
5.260691
9.901528
2.129544
9.990959
-0.949477
4.672431
0.885899
-8.976645
-3.613407
-4.159783
5.785949
-8.59788
-0.733122
3.35921
2.38323
5.923439
9.228010
7.747828
-7.870663
-8.511567
-2.21684
0.814835
6.906265
8.828361
-1.115945
2.351580
4.690141
7.608790
6.254567
-4.596685
-5.827640
6.691770
-6.123308
9.251798
6.68199
-7.38341
-7.351007
9.375745
9.121903
7.686537
-3.745782
-3.601940
0.798447
-2.101128
-6.545904
-6.687451
7.449208
-0.91889
5.330619
-5.101468
-5.883301
3.730506
5.941566
-3.455451
-3.584169
3.443665
-4.901873
-2.165285
-8.326340
-6.155957
-4.250823
-4.954928
-4.960044
4.905829
-3.44083
-7.959356
5.689990
-1.103344
8.575164
7.711001
-4.746447
2.394581
9.290047
-3.231293
-9.319447
-7.133116
-8.843401
-6.932214
7.491445
-0.851712
8.630836
-2.228470
6.858770
-2.496005
9.595626
8.741803
-6.894553
5.955749
-8.90676
7.142026
-0.265757
7.712691
-0.437757
-8.917351
1.540950
6.352638
-5.860827
-9.722802
-8.74612
-4.975069
-2.684231
8.399489
-5.64479
3.969249
-7.345092
-7.27808
-2.666865
3.105665
-4.309125
-3.252340
-8.819724
3.125763
0.431630
5.79743
0.82460
-8.551759
-5.229444
8.10067
6.365731
-5.903464
-6.281645
-9.766030
-0.585662
5.661947
0.944940
8.975590
-7.590185
-1.682256
-2.458252
0.509137
-1.842686
6.110425
-6.228195
-8.809532
-1.307333
7.583041
3.180818
-4.283881
3.997895
-4.631986
-3.987549
9.367957
-5.415325
3.561283
-1.885574
3.503364
-4.933707
-2.438751
-6.28565
4.585231
1.528566
-3.140215
-1.218912
7.833967
-6.163681
9.669344
-4.326548
-0.758182
-9.613798
1.384352
-2.95334
-3.589429
2.977062
5.2782
2.959768
7.704409
-4.303396
-0.937546
9.439797
-6.258988
3.59810
-9.862516
1.2358
8.411013
-0.166117
-5.153244
-4.392110
2.300070
3.864932
-4.598908
-9.119933
-1.440222
3.249046
8.765316
-5.306648
-0.36723
9.141237
1.463092
-2.244117
-9.614463
-7.474834
6.920565
-2.573789
7.411567
-5.436683
-2.125255
6.181694
-1.425748
8.278610
7.212781
6.970899
-8.645477
-3.582679
-8.817568
7.244805
-4.30508
-6.876976
8.659969
1.679557
4.833376
7.203982
7.944013
5.460986
1.553005
7.985384
-8.548421
-5.278837
8.866927
-9.743079
2.700465
6.804492
-2.79052
-4.444709
-0.958900
3.582250
-3.235088
1.75375
7.284805
-3.772774
-9.366948
1.763757
-9.934099
9.556155
7.728958
2.753723
1.875256
4.156769
-4.475238
-3.490634
4.882513
7.516956
-7.597945
1.585846
-2.425293
-8.701995
-3.917689
-7.104443
-9.573799
-6.676332
7.187826
-1.808746
0.859935
2.420447
-0.451341
7.911519
-8.415935
-6.166972
4.789063
0.534309
2.208189
9.177650
-4.722803
4.294097
1.931337
4.912537
-4.475067
3.494183
5.643007
-8.913129
-3.795183
-5.171682
5.592286
1.171293
3.978196
7.438290
3.802626
-3.956189
8.36126
7.99884
7.856500
-6.461095
7.271473
-4.114864
8.928067
9.162425
2.762160
-9.110503
-4.407132
-7.957461
9.779448
6.113986
-8.138725
7.576469
-0.237667
-2.570009
5.486031
4.977152
-2.537557
9.326604
1.257423
4.157901
-3.683370
7.458819
-5.655541
3.251734
5.202039
-0.309083
-8.45407
-0.930787
5.97810
-8.886624
-9.791030
-5.566147
-1.843193
7.582938
-1.915103
-7.150905
7.368143
-4.523005
-7.572952
-5.297432
4.810431
4.767027
4.260040
-6.10787
2.621981
-9.546948
9.311897
9.938033
-7.751960
6.43805
9.971469
2.734675
4.275890
-2.767006
-7.976111
-6.588890
3.430780
3.579891
-0.450658
-0.657244
-3.602625
-9.561479
4.99954
9.610298
6.642745
2.145104
8.751927
1.347710
-9.488162
-7.713533
2.353958
-9.219869
-3.78293
-7.221974
9.661701
-1.19453
5.358532
1.507185
0.887095
-7.766572
1.222127
-1.225228
-0.510551
5.386690
-8.104299
8.639490
-3.613857
-6.458180
-0.752350
8.463378
1.764859
0.259420
0.24892
3.644877
2.762377
5.20138
-1.563263
1.660031
-6.658153
-7.45791
-2.569182
-4.582284
-6.304966
9.815521
4.852276
6.76931
1.25292
-8.88595
-3.741321
0.903270
8.824662
-7.760328
-6.419144
0.344365
-4.406329
5.225688
8.441931
-4.185269
1.430234
-4.929177
-1.145475
0.393044
-7.414952
-1.752445
7.50399
8.103896
3.933074
1.133900
-3.850053
-0.739688
-5.397651
7.876773
-6.275690
3.415722
-5.112389
-9.734319
3.842092
9.493704
4.777749
5.435549
4.886726
9.955944
-9.919882
1.197685
0.166422
8.716072
2.105025
-2.775214
4.428260
9.978046
-3.870100
9.766249
-9.575890
9.197623
-3.383893
8.701451
4.770545
3.524249
-8.612815
-4.369945
-9.51678
-5.88369
-4.324088
-8.67229
6.733514
-7.951684
2.456059
-5.121434
-2.925163
1.194049
-7.330939
-4.771614
-3.988370
-3.384738
-6.674755
-4.541194
6.700129
6.772936
-7.534830
1.414071
3.905058
2.910595
-3.680578
-3.823603
-4.20941
-9.172838
1.497096
4.764262
-2.531289
-4.410993
6.256966
9.153590
-8.189236
-8.171639
8.717085
3.42736
6.100278
-9.378472
9.515106
0.918991
-2.816879
4.23359
-4.859099
2.279767
3.219157
-6.319320
-9.186859
-7.5550
9.548329
-2.866379
-9.890123
-5.524620
-2.680464
-5.70938
-9.486941
8.982120
-4.212959
-9.192908
-1.169877
-8.224212
-7.734201
6.22218
6.209151
-6.586
-3.84516
9.694376
6.356552
4.687674
2.582565
0.556333
9.560673
1.379759
6.69656
-4.489462
3.435297
3.609966
-5.365495
-8.372389
-0.152552
2.254312
5.576753
-2.977294
-7.529612
-3.881467
7.136500
8.298005
-7.831750
8.983398
4.462211
-5.921713
-1.618820
3.287734
-2.434321
1.300436
4.370314
4.761174
-2.651041
-6.429171
-9.266887
4.746754
-5.941458
-9.411671
7.53505
0.936616
2.583170
-4.944816
3.115168
2.976074
-2.899923
2.555619
-8.197474
-6.434945
8.212623
-2.609175
5.989718
1.7102
-2.992038
-7.743570
4.277802
-9.573297
-0.35415
-9.832033
9.218181
-4.660886
7.944231
-0.471234
1.486718
0.158076
4.947182
-4.88221
3.877003
0.222282
1.52081
-7.936257
1.295074
2.744406
6.712717
-0.831528
-5.76912
4.865146
0.268201
-3.483552
-9.462495
6.417655
0.958206
-6.590218
7.837147
9.174677
6.379084
8.728170
2.795232
9.615685
-0.537914
5.780101
-8.519483
-5.183939
0.761057
1.770258
4.336914
-8.957265
-2.686827
5.435308
-5.908638
0.707956
-0.736814
-6.322991
2.694541
-6.80535
-7.312499
4.983699
-4.959281
-5.23799
5.660804
9.849144
5.522826
-5.607352
-5.725644
4.714850
-1.265999
-5.758176
-3.919550
-1.61707
-6.800332
2.189692
-4.526239
-0.329456
-9.783284
0.648778
-7.728902
-4.360569
3.501044
1.837155
8.320562
-3.376254
2.228541
7.581531
-4.307273
9.583955
5.8464
-3.893301
-6.222164
2.954335
-6.629965
4.909858
-4.159510
7.901747
6.260273
-0.960732
6.750680
-4.379763
-3.638861
6.931174
5.834760
-0.666304
-2.131850
-4.273989
8.905825
-7.843347
3.735333
2.343389
-3.511732
-9.257759
9.934976
7.380299
2.969981
0.448915
4.914986
-4.675465
-8.314309
2.356333
1.694838
-9.35637
-4.365769
-0.315198
3.277430
-5.961032
-7.751399
8.425155
-4.459385
-8.88417
2.724718
0.7149
7.866885
2.138686
9.521559
8.663706
-3.322765
-6.920913
7.817850
-6.748908
-1.573830
4.320700
-8.763629
0.837594
-3.439245
-7.538563
-4.617169
1.590047
-6.132664
-3.592033
-0.808134
-6.508510
-4.245150
6.867472
-7.207026
6.57593
-5.380207
7.958971
5.702687
-1.587092
8.700604
-7.284293
-8.345307
1.266885
8.187713
-0.145701
6.804556
2.487043
4.146781
3.52562
4.502352
-4.69981
3.592502
3.833543
-6.147052
4.972272
8.364120
0.423413
-4.740197
-6.479842
2.718029
-2.779243
-6.688346
9.690490
-7.169498
-1.816044
5.687723
6.197445
-4.304181
-3.194267
6.3851
2.400834
2.185860
5.736941
2.288258
3.60229
-9.198555
5.24143
-4.540389
-0.377722
-1.137760
3.290153
-8.453937
-0.221614
-3.426729
-7.732684
-7.111753
-0.444408
-0.154062
1.497265
2.953858
-5.241872
1.656900
-0.403642
1.172588
1.133235
-1.650684
7.379954
9.67546
-9.984937
6.359100
1.193885
-1.406478
-0.182740
5.259612
-8.958055
-7.821948
-1.49846
-4.214947
2.341288
-4.322944
7.297675
-2.588338
-2.132518
-2.184534
2.171114
9.824943
-0.774126
5.946721
6.529493
6.536059
-9.403927
-8.407671
6.204193
-7.713487
-9.108141
-9.521390
8.636622
-4.801087
-0.115035
4.563404
2.505293
8.683643
5.472230
0.86497
-1.302408
6.78020
8.718928
-4.824034
-4.608286
8.896620
-2.528333
5.833803
-2.885018
-2.330848
1.872179
4.196477
0.128685
8.959282
-3.634988
6.685296
-3.678971
5.19938
-1.115870
-6.203664
1.996808
-6.603442
-9.94014
2.72442
1.856166
7.76572
4.297066
5.55643
2.3244
-8.644803
4.66816
-9.571692
4.237451
-7.299373
3.614196
-8.757504
1.658620
-5.845877
1.153080
-6.981598
8.178632
-9.132713
3.523968
2.30137
-3.94150
-2.383700
-5.67731
5.857918
-0.774200
-9.448798
-2.85378
0.680748
1.871053
4.717605
3.325550
8.551054
-9.470690
-0.897875
-0.404605
-9.994124
-7.827588
-0.939109
-6.933082
2.46958
-5.580111
-0.179441
6.86100
6.991412
4.224903
-4.456004
2.149961
9.34463
6.725871
-9.264505
5.164150
-3.68013
-8.843441
-1.558167
3.102813
-0.735227
4.936912
8.276893
-1.952272
6.834101
-9.156338
-6.244533
5.649742
-6.842653
-9.753847
-6.304279
-6.488075
2.132823
2.693984
-3.104640
-1.928102
0.744480
-4.733217
0.980413
-7.993833
5.998379
-5.966407
5.47880
-1.793612
-6.445827
5.269030
-1.427373
-1.988867
3.829659
-1.507916
7.642804
3.969549
5.941417
0.318948
-1.570766
3.14621
-9.839555
-8.257396
-2.950592
-1.245443
-4.928500
7.304044
8.860149
-1.245991
-8.155554
-4.693480
-1.787869
0.732259
9.710811
-0.252995
-7.319939
-0.459078
4.604117
-4.351990
-3.496311
1.999257
1.129860
7.315493
2.61374
-7.197164
7.263483
8.903135
2.85670
0.752504
8.255289
-1.164793
4.979284
-9.87373
-3.230106
0.874425
5.749423
8.816303
-2.862757
3.265287
-7.786236
-3.581157
9.859884
-6.893933
7.931916
-1.717348
-4.986873
-8.93134
9.978856
3.280862
0.351141
-9.202356
-1.833766
9.407934
1.724001
8.359695
5.512179
-3.961289
8.610160
-1.544463
1.33054
1.847573
8.152815
-0.444414
4.809745
-7.995266
0.875401
6.715927
9.849497
8.622518
-1.332981
-7.767122
7.22451
-8.958851
-2.986607
8.37636
9.829286
1.381135
2.269964
4.507334
9.374107
0.221424
-4.767993
-4.847581
0.384474
-3.619024
-5.878224
0.223307
-4.99212
5.116098
-7.818429
-1.239259
9.742513
-8.997359
-2.448211
1.421167
-9.427844
4.859996
3.433550
-9.30707
-8.273987
7.496370
-9.981331
5.751321
5.281543
8.558604
8.136494
-2.360850
6.580103
3.613274
9.934993
-5.468422
3.402281
4.20917
8.688262
-2.305142
5.974231
-0.606455
-3.425123
8.529447
-1.68228
2.859895
-4.143708
-6.694884
-0.510783
8.555967
-1.735253
-0.992835
1.672359
-6.240077
-7.243050
3.438913
1.356739
0.945155
-9.988187
1.251026
-6.324979
6.830190
-0.160211
-9.411499
-7.680976
1.452691
-4.162362
6.728623
3.688742
-6.763685
-7.225892
-1.598648
-1.488410
1.320301
9.623768
-2.983391
7.259066
2.110852
-4.749987
3.687254
-1.511323
8.924745
-7.436706
7.235917
9.78809
8.724783
-0.96400
2.66752
-2.613698
3.692722
-2.103905
3.655875
3.178822
-7.865661
-2.127893
-6.130141
-2.874153
3.489587
9.221419
5.791095
-6.445947
9.928221
-1.352916
7.208443
5.331455
-1.862074
3.750986
5.289961
9.589853
4.400648
-3.958656
-7.226146
-6.193269
9.747677
-6.190694
5.568425
-6.154710
-1.13245
-4.727135
7.942781
4.836555
-1.28712
-9.691481
-3.3682
2.347330
-7.333966
7.126434
-4.82535
4.724562
-5.241229
6.456335
-3.299477
-1.731578
6.72852
-0.564444
-8.54163
3.887731
-9.848837
-1.711091
-9.580698
9.858306
-6.502571
8.255992
2.311838
-7.450490
7.829938
-0.51312
-0.785673
-7.13564
-6.11176
-6.204937
3.947756
-0.784696
5.407238
2.335418
3.916565
0.484645
-8.198797
-5.625204
-5.521132
3.127810
9.901574
-7.690956
9.194831
9.2403
-0.194468
4.308839
9.749597
-8.398285
-6.449640
-7.517066
0.458867
-7.261264
2.212953
6.142125
-5.982917
-2.81621
-6.5901
-5.57781
3.250827
-4.112567
5.847937
2.921047
-7.600239
3.809105
-2.883063
-1.738677
-2.860593
0.963960
5.673984
-0.544500
-4.670615
-7.502959
4.732488
-7.37681
5.453645
-1.174848
8.510130
-8.725440
-1.735415
2.506048
-0.554404
8.339351
2.638505
-8.181173
2.109478
-8.922691
-4.186081
-0.421901
-9.687933
-4.751355
-9.241088
1.488716
4.447990
-3.719151
5.111303
4.540213
-0.228207
-8.552230
8.476241
6.190578
-2.239739
-4.294341
-7.406397
-8.759341
-1.939908
7.401745
-3.286995
-2.654845
-2.230735
8.750082
9.751636
-8.789803
3.203932
-2.632530
1.289474
6.284241
-5.55876
4.790460
4.393543
-6.102113
6.634822
-6.749110
8.450045
8.185617
1.191330
3.94839
1.920004
7.444090
7.219327
-5.205603
-7.109850
6.171806
7.202164
-3.607323
-0.662974
-0.825379
-4.496283
5.962680
-6.912119
2.575337
-1.702414
-4.561340
5.458270
-3.80783
0.577763
-0.755036
-7.380490
3.542707
1.999443
4.693297
-0.210030
-9.184464
-3.365709
-4.236514
8.982497
-7.794987
5.285177
-8.889422
1.51813
-5.991677
-7.430969
-3.479540
9.309196
8.122100
-0.41929
-7.248008
-3.49365
-9.942283
-4.922146
5.384721
2.421698
1.251843
4.403793
9.884873
1.743163
9.105482
7.726867
-2.987808
3.431013
-5.88628
6.653952
1.337015
-6.322282
7.491813
0.82124
-5.592064
7.332971
5.106376
-7.801699
6.987107
-8.654275
-0.750526
-8.271752
-9.527149
3.671522
-2.230447
6.968284
-7.934399
8.587427
3.365865
8.654435
-7.874835
-4.311614
-3.884915
8.446909
5.289813
0.2759
-6.345318
-1.788947
-7.281010
0.942840
-0.912037
7.74674
7.236679
-0.889867
-3.632714
-5.57284
1.529253
-9.638644
-6.736213
-8.292715
-7.962425
-2.528575
2.230212
8.659894
5.940087
-6.333942
6.326095
6.334595
4.495923
3.143242
-3.963689
-2.832101
7.92796
9.114336
-1.343632
-8.103200
-1.363096
-7.17694
7.339590
-2.126146
-2.320201
7.350145
0.290652
4.894753
-5.52317
2.879705
4.983258
-1.859525
-5.663502
-2.647754
4.104996
-5.514005
1.887005
4.970560
-3.457267
-6.254509
7.728933
8.722986
-5.54911
-3.253336
7.461502
4.643099
-6.146580
2.581094
-2.60977
0.446213
4.840002
-5.121792
2.309278
-0.774753
7.611661
-9.689257
-7.324984
-1.358548
8.168352
1.806713
-5.669687
2.740532
-8.878774
-6.264267
-1.61116
9.857965
-5.685173
-4.946096
8.611294
-1.138035
9.813532
-2.850367
0.971525
-7.264623
-6.982997
8.71796
-0.206823
5.18308
-1.120048
0.573021
3.339792
-4.260365
7.5587
6.368384
3.123511
7.915331
-7.433103
0.485459
1.980002
7.568734
0.574720
-5.151294
8.555341
-8.698339
-3.328204
-6.506052
4.122551
-8.346524
-2.124065
6.99174
-1.893534
-9.837030
1.296380
-3.243110
1.941843
0.891929
-2.681516
-8.517426
5.417969
-9.52247
5.960579
-3.999108
-7.944551
-2.286144
-8.424975
9.907
-6.412920
3.126820
-3.628068
-3.413017
-6.566754
-3.663999
-2.856046
-3.730940
2.987020
6.952492
-2.649758
6.201371
5.470207
-6.580330
-5.147268
3.548203
1.620165
-1.692238
-7.7532
0.507891
1.601595
2.970162
6.647369
7.567537
-6.266563
8.737728
-0.980142
-9.422003
-1.898512
1.318292
5.198604
-7.468718
3.739104
8.154182
-4.126968
0.740568
7.142630
4.705552
-0.160273
0.10166
-3.691371
1.886350
2.796476
-3.891954
4.785820
-8.108990
-1.926020
7.373426
7.627096
-0.243618
8.214531
-0.657783
-3.59887
-0.551860
1.250297
2.389055
-3.222216
-5.762626
9.399583
8.580655
1.107784
9.695924
-8.846499
-4.265909
-7.657392
3.147916
9.478050
-9.306775
3.339645
-6.253283
-8.57857
-3.961088
-3.849328
-8.35405
-7.927624
2.311807
-4.329648
-4.907167
-9.934143
0.521319
-5.945019
6.419774
4.603367
1.72037
-7.377645
8.286839
8.672323
5.305369
-0.915900
2.419851
0.914228
6.506817
-1.893541
-5.953604
3.436563
6.999812
9.340322
-0.387087
0.995940
-4.506524
-7.688476
-1.116005
-0.233846
-9.407681
5.189267
-6.473523
6.604962
3.429584
7.338205
4.781319
4.796598
-3.812709
8.282132
9.291881
3.430346
9.75172
-1.29550
5.965803
-9.705652
2.164999
4.763693
-3.932316
6.694037
8.942396
2.147349
2.745461
-0.252894
-1.493620
6.887429
-8.946613
1.694050
-0.301863
-2.402409
5.262240
0.256332
2.606656
9.786737
7.917888
7.946046
2.209416
-8.489317
-6.98699
-4.850271
9.542518
0.950969
2.538673
8.897154
-8.539611
-0.464551
1.377625
7.443834
-6.943222
5.808106
6.248875
9.724277
4.865309
-6.966489
4.764359
3.268891
-9.367514
0.6842
-1.913628
-4.389735
-8.837574
2.519383
8.207848
6.25976
1.727800
6.780265
-3.613065
-8.951967
5.802640
6.263784
-3.218374
-7.208929
8.186417
1.722215
-5.197127
-8.667115
5.596730
-7.363599
-0.927906
-6.716523
7.570258
-2.221636
-2.427636
-3.53569
1.65924
0.261765
-5.393630
6.861739
-5.640230
-2.708138
7.422495
-5.653579
-4.920773
2.948278
6.762070
-8.606300
8.777587
-8.372644
-9.859789
-6.41663
-7.182050
8.15678
5.751474
-0.92209
-5.760097
-5.468617
-1.884885
-8.638335
7.576214
-5.659133
-4.87262
7.430860
2.944267
-0.55119
-6.300635
3.779442
4.236953
-2.99504
-7.712481
2.232466
-3.883950
-6.605780
-7.535182
-6.109282
-3.792710
8.314833
-1.347359
-2.635172
8.583619
0.85193
6.665206
3.54764
3.236841
-1.511968
7.972353
0.861741
-5.681455
-6.800027
0.888497
4.6727
8.846555
2.462539
-7.834594
5.390635
8.702135
3.553375
-9.756503
7.32119
9.512431
0.360865
-7.875295
2.906968
1.94367
2.972674
-5.167524
1.471627
9.716169
5.248508
9.703818
-9.698420
9.317509
-5.226291
-9.512235
-2.379477
0.405395
-3.529636
5.646647
9.437883
5.219722
3.397013
9.976485
8.288340
9.827821
5.429523
7.516785
-2.275390
7.775066
-0.288667
2.848312
-2.999138
5.585657
-9.999517
4.147686
5.124531
-5.419078
0.198853
-3.935482
4.828782
-8.159967
8.116501
-2.913158
-0.867447
-1.722012
5.989087
4.564502
7.370004
-3.418877
-6.874122
5.173620
8.569799
9.976023
5.336073
2.487346
3.257663
-7.76548
1.977137
-9.234822
-0.624669
-6.435344
-9.547864
4.928663
7.679750
-7.800642
-2.439025
3.235782
-7.642695
-6.342266
1.786329
0.803665
-2.70595
2.703619
-8.132248
-7.191225
-4.151619
7.969813
-8.726660
7.308516
8.134260
-0.561660
8.797042
0.926557
5.409875
0.99422
-7.515248
-1.398666
9.342574
2.324111
-2.94451
1.278263
8.310891
-9.256551
4.560258
6.869058
4.16297
4.924648
6.378949
-9.989192
-0.613994
1.39686
-4.102636
-2.357087
5.23011
7.749008
-1.242654
-4.655570
-4.441217
-1.358958
2.717310
-4.650533
-1.720287
0.756320
-1.685187
2.916765
3.583178
-2.166972
-2.615869
-3.272442
-4.460804
-1.308110
-7.576272
-0.608884
9.629795
-2.748319
-2.833515
1.901679
-9.393813
-7.688866
4.292382
2.818356
2.822825
-3.408425
-4.932245
-2.449999
-0.194343
-6.924285
-6.811746
-6.297943
-2.774539
-2.442492
-5.468686
0.573409
-2.29333
-1.37997
9.516167
-5.79725
2.379292
-2.63440
9.404612
1.379964
-6.813960
1.799222
9.428284
-4.879997
-8.869977
7.780794
0.514128
0.947440
6.285950
-2.338391
1.923119
5.862960
-9.82691
7.998205
4.92205
8.42683
-8.290275
2.646727
6.926336
-4.387288
-9.504779
-3.747496
2.688848
8.358167
-1.793451
-3.27219
9.655550
-5.57734
-1.780861
8.778597
7.430908
8.35402
0.940356
-5.574056
-3.300147
-1.537662
-2.34691
0.854418
-6.911580
-9.524830
-1.32559
6.357888
-7.396480
-7.714675
5.827030
5.825752
-4.786226
-5.482377
-0.593635
-9.529984
-7.711417
3.642713
-2.104073
1.267992
-4.492637
-7.87812
3.597088
-4.159663
-1.865976
1.496887
-2.830994
-3.815557
4.2331
-7.331672
-5.893989
-4.473076
-8.639301
-7.427355
5.208009
8.892842
-8.6684
5.614800
5.75076
-3.783994
0.972579
7.984215
-9.161006
9.256473
-2.302051
-6.858669
6.5369
-1.420864
-7.780572
6.188565
8.429187
9.995077
-9.974046
-2.995887
2.703911
2.480447
5.338734
3.626117
-1.674506
-8.486232
-8.909321
2.354112
2.293683
7.367335
-8.551480
-2.537774
-6.219059
1.118373
8.366866
-0.523264
8.404265
-4.982447
-7.274731
8.925771
-8.708391
-8.924644
-9.949550
2.304831
-6.411351
-6.49683
8.408392
-4.433016
-4.634986
-5.988346
-4.488985
5.357165
-0.73334
-5.492578
4.241014
2.25852
-3.816972
2.40048
-9.49192
-8.138088
9.706774
-0.306732
7.959382
-6.916489
-8.296426
4.466058
3.465003
-4.697526
-3.178777
-1.150785
-3.572025
2.150887
-6.812017
4.21315
0.599966
-2.959320
-8.665413
4.642989
9.325064
-9.346625
-6.212370
2.894932
8.267828
1.404392
-3.313554
1.236328
1.198566
-5.17241
-7.248752
7.942293
4.719600
8.352854
1.116085
2.485026
-0.892519
4.151342
8.727553
-7.118861
7.506438
-1.101767
1.539281
4.940061
-9.938643
2.863395
0.251985
5.704379
-8.696249
9.376656
4.937645
3.671576
-3.957780
8.492274
7.686343
-1.807815
3.293788
-4.941463
1.19873
-1.727584
-5.81838
7.880443
-6.516637
-9.259075
-4.976964
-3.753685
8.106968
7.445684
-8.921175
9.777346
-7.165763
-1.560160
2.95009
-3.309590
-8.143966
6.536780
-2.867778
-7.388945
-6.837365
7.909287
5.981366
-4.991247
-6.643212
-5.862335
3.173596
-5.746984
-2.906668
7.946436
8.324102
-4.575891
-8.913037
6.966433
7.583819
-6.314536
6.417659
-5.902856
-3.491108
0.322087
2.325125
-3.937749
-2.453657
-6.38614
0.769131
-6.256569
-0.294168
-1.25893
9.21228
6.115248
-8.729602
5.701656
-3.973400
0.493496
0.285897
1.510165
8.28637
6.531261
-0.765020
-2.152936
-3.157797
-7.587352
-4.50197
-8.459369
-1.781301
4.599812
7.262142
0.669598
8.241388
5.984972
2.706085
-1.246204
1.543078
-8.83068
-4.904789
9.293724
2.22793
2.386166
3.926086
6.147431
-8.714505
7.840559
-8.743600
-8.913380
-7.327045
-7.819546
9.384698
-5.567490
1.899183
5.177502
1.39030
4.157918
1.121516
8.496375
4.258214
-1.155632
-6.821143
4.516891
9.912472
-2.281980
6.94033
8.54718
9.442941
-0.285430
-4.697956
2.585309
7.757565
-3.753869
7.476740
8.335912
0.511521
-4.201719
-6.279771
-6.456571
-4.194557
6.788070
2.89359
1.966772
-2.504151
5.600680
0.950212
-8.591778
-7.683296
-5.862634
5.626168
-1.264816
-6.417858
-6.422790
7.796502
9.967819
4.218721
-9.643241
-8.296098
6.136585
-8.450132
-7.934695
-8.659231
-8.414009
-1.436547
6.719936
2.116442
3.621234
-1.952382
-6.389659
5.905987
-4.212276
2.580244
-9.131954
-7.801476
0.125664
3.705198
8.490291
-6.589073
-4.684839
8.156576
-5.114100
-9.371285
6.829636
-1.911943
5.963765
-8.952921
-3.581779
-2.42637
3.115241
4.452530
3.20987
1.755308
-2.314724
8.113246
-2.620123
-2.555293
-9.518846
-9.164720
-2.412594
-6.168478
-6.371063
-8.716274
-8.817059
3.289019
-2.449984
9.425616
-6.437467
-5.459476
-2.113420
1.567786
0.11854
-0.559725
6.582683
9.426716
9.520121
-5.310310
5.782908
1.519695
-9.563308
2.545339
-4.434672
2.252292
-5.269861
8.285750
-1.962261
8.403167
2.680112
5.828295
-4.496084
-4.128778
-3.378503
6.649025
6.172972
-9.251051
-0.688632
-3.452053
-5.450577
0.121672
-9.957518
7.555185
5.482458
-7.783896
2.502872
-7.738421
-5.433611
4.624916
-0.589942
2.660652
-9.356743
-0.725171
4.343978
1.131486
-4.372690
3.304747
-1.246112
-5.675398
-3.963068
-7.854642
6.145711
-3.848712
-7.125126
-9.869810
9.215436
3.851329
8.544892
-6.984757
-3.139330
-2.975540
6.98706
3.499051
-3.215408
1.762939
8.409188
4.689731
-8.859341
7.351629
4.791513
1.285285
1.526303
-5.838606
0.496421
4.327375
-0.462953
-0.792197
1.136208
2.224745
3.765911
-6.722774
9.433626
-0.593233
-0.17603
-0.380920
1.36640
-0.716553
-0.755634
-3.215129
7.563442
3.488960
-8.450871
-4.547881
-1.279041
-0.892463
-5.634734
-4.947746
2.488526
-8.665471
-1.313858
5.741553
5.233841
-2.833378
-3.378769
-8.399141
5.705517
-7.277201
9.422743
8.794703
-8.101474
-2.141671
-6.121716
1.507940
7.893576
6.779874
0.96812
0.881029
4.365430
-8.305651
-5.433171
-1.311434
-2.945750
-4.786992
-7.383039
9.45638
-4.150898
5.366259
8.639465
-7.459044
-8.39521
4.662052
2.100894
7.106241
-5.995118
-8.178999
-8.540673
-2.302010
-7.740211
3.794370
-1.742838
1.719794
5.350557
-2.789546
0.544703
0.509604
8.464122
-5.54127
-2.644294
5.632759
6.808821
7.638354
-2.400090
1.588834
6.958874
8.925955
-2.535713
9.455400
8.51275
-1.962802
-1.165379
-2.698526
0.740648
-4.908991
-5.826149
2.970888
2.554910
-5.635241
-7.997539
6.414720
4.681154
3.539678
6.710088
4.59293
-3.893190
9.240132
0.126075
-7.531492
-6.510512
-0.223780
6.787704
-2.527457
-3.597745
7.398659
-2.35385
8.950444
3.102497
9.27256
-9.180122
8.645074
9.352210
7.983262
5.753108
-1.402395
1.356467
-3.474177
9.693710
-3.119032
1.869031
-1.457599
1.332160
7.173869
-0.38756
-0.120558
2.511271
-7.104086
-1.139135
-9.291550
4.92823
2.537114
-7.880907
-2.911906
-9.157568
-5.215639
5.33833
-7.614833
4.425434
-3.568133
-7.586539
1.660774
-9.435911
-7.780513
-6.194194
-2.397359
-6.825107
1.833904
4.414280
-3.259945
4.489932
8.5976
-9.265675
8.633894
5.768150
2.223553
9.637011
-1.3445
4.426939
5.562982
-7.735828
1.5597
1.942106
-2.942616
8.919033
9.545278
-1.520637
-0.911648
3.333144
-8.210559
8.628378
-3.173142
-4.505623
-2.578086
4.687394
-9.27743
-6.512844
-7.484156
-3.259231
9.768701
1.756160
9.260595
7.771632
-3.554944
-7.277131
7.706342
-5.549778
2.993508
7.8271
8.53712
0.692813
-3.177755
7.514134
-7.160409
3.575548
6.194938
-4.47503
-8.202938
-1.540185
-4.941446
0.617278
-6.196061
9.883641
-5.669288
-7.163794
-2.538200
7.369306
-4.169956
-0.424308
9.391592
0.873214
-9.592630
1.359491
-9.429078
-6.356335
4.451097
7.419706
8.811941
-5.654013
0.437842
-0.249844
1.782834
6.214565
-1.91877
-7.58825
9.207311
1.215921
1.648509
0.708015
-6.450975
-5.335187
9.461579
-6.58915
4.527188
2.535688
6.248207
0.719299
2.350972
5.796832
-1.997539
1.861036
5.260537
2.788673
8.837639
3.836514
-3.625280
-7.204092
-0.476304
-5.286561
4.772524
-1.372035
5.851291
0.993125
-2.528455
-2.549158
3.146763
9.12231
-6.877833
7.875728
-3.746635
8.941528
-1.795595
2.770415
-8.473959
5.400711
7.119064
-1.877225
7.394493
-2.538193
-9.105156
2.609275
-0.944288
4.338030
2.128230
8.636176
3.731085
2.521886
-4.245375
0.377858
6.238599
9.83771
-0.318113
-6.792917
-7.17660
9.37148
-4.916891
4.320006
2.742370
-3.578170
-7.735838
-7.445657
-7.165507
5.690983
5.308852
6.976721
5.128006
-7.398122
9.147944
7.288317
-4.873786
1.976804
0.272053
3.671118
-6.544733
-8.537482
3.769187
9.487287
1.213666
-5.710053
-0.870658
6.450431
-9.16791
9.920557
5.954645
-6.136715
-8.20268
-0.38547
-2.27910
1.214376
-8.692466
-3.714372
-4.725751
8.408463
0.453490
-9.169686
1.566476
0.771866
6.700331
0.499814
-8.458634
-8.450577
-9.485151
2.834409
-5.685821
-2.584121
-6.99494
0.968424
0.710902
3.24242
-1.651203
8.462441
8.424741
-9.71245
7.322510
-3.649534
8.189032
-2.961273
6.521155
9.896590
-8.785602
2.429712
4.510590
-1.786691
5.666478
5.603442
-6.799972
1.822546
-4.959382
7.427163
5.209352
-5.797286
7.125192
4.194573
6.356191
1.295866
-0.114073
3.426656
-2.202041
-8.667480
2.330865
-3.359751
-6.732930
-7.391497
2.890343
8.584684
3.640406
-3.246542
2.880716
-3.64084
-7.209588
-6.619183
-1.206229
8.997669
-1.263841
5.220281
-8.921375
-3.716150
7.910802
-6.497417
4.870455
1.271971
-9.499252
-9.193842
9.33964
-2.408511
-1.96999
-7.729853
-9.766432
7.408779
1.840725
-4.393136
-2.458467
7.253296
-4.718177
4.710749
5.848401
4.287890
-3.275760
6.209077
9.668279
7.379305
-6.444987
-9.587906
5.289380
8.362306
1.994262
6.655678
5.30001
9.577089
2.278009
4.519566
-2.90085
-7.972464
-3.393251
-4.386410
6.360451
-0.445079
-4.370147
-0.902086
-5.482381
-0.951755
-1.219698
0.261027
-7.329040
-4.658266
-8.443103
8.564655
4.278109
3.408281
-2.647896
-1.697938
7.421360
8.295852
6.392969
7.518443
6.550934
-0.484702
4.491779
5.85812
3.876596
3.625788
9.369305
3.713586
-7.631094
-1.515081
3.268309
-9.251229
-1.425274
-5.676941
9.391966
-2.52730
-4.643691
7.351845
5.987274
-1.846315
3.619938
9.267599
0.837601
-9.640756
-3.601697
-2.851970
-0.605864
-6.317443
0.766208
-0.861480
-3.154405
-5.679567
-7.921667
-6.405188
-5.215944
3.714178
0.42030
-9.85159
5.557149
5.638152
0.326895
-6.924393
-3.165522
-1.991908
-7.80494
-0.339597
-6.338299
-3.687589
-6.772014
-8.578850
1.470762
-0.67690
8.637233
-3.533344
9.429483
-8.410996
-6.329852
-6.308267
-3.663686
-3.162316
-6.181989
6.877112
9.927250
4.770424
9.328173
-1.332793
9.982111
-9.318157
0.942442
6.412116
-3.398034
-3.710740
6.307331
2.836977
-4.291586
0.300709
-4.171239
-0.790530
-6.329821
-9.77477
-9.645052
8.986958
9.170884
2.350416
-0.575250
-2.791223
-0.892977
-0.243070
-7.633416
6.760405
4.302706
7.409604
9.990915
-3.457538
5.612600
-3.784274
-2.305355
-1.674305
-2.725634
-4.369080
7.565816
0.197524
-4.491295
1.238108
7.307645
5.958788
-6.524951
4.693724
-3.739286
1.24162
-5.625829
6.705691
-3.250707
-5.431761
-6.599268
8.361183
-5.508729
7.451235
-8.915420
3.51052
-9.134887
-3.985985
3.497598
8.176994
3.998062
4.57050
-6.654586
-0.96023
9.604724
5.873617
-6.788136
-5.946801
0.30784
3.47732
-6.268458
-8.484254
-4.170262
-4.851433
7.254194
-2.601479
0.466507
5.958755
7.300265
-0.258098
7.264015
8.433635
-8.128141
5.372615
-6.134644
-3.813297
0.492329
3.790276
-7.209475
8.247526
4.114125
-9.290984
-9.351504
-2.433919
7.666958
-9.655343
-2.272693
-2.339848
8.287258
1.662058
-4.28334
5.654544
-0.541293
9.858845
4.974985
3.143906
-3.967088
2.427390
5.999920
7.468591
-4.640558
0.263483
8.803705
2.873015
7.876731
-3.433146
2.871909
4.201701
9.212798
-0.114675
-2.671211
-8.996531
8.897971
-3.727035
-4.917643
-4.169456
8.654170
2.611774
-7.931174
-4.899626
2.662838
3.765496
6.378496
-7.526780
3.101896
-2.78831
7.117841
1.669664
8.194393
-3.175597
4.114571
-8.651874
3.83693
0.697380
3.398656
-0.547898
-6.94606
1.427039
-1.230548
-9.234281
-4.69267
9.890365
-2.726811
2.443871
4.801286
-1.200347
-0.843213
-1.900406
-8.950998
8.991569
-7.405395
-8.371666
7.172231
7.669233
-9.938510
0.532901
9.80293
-4.182177
2.508215
7.769154
7.656941
-2.802501
-7.857708
-3.422607
1.194579
7.572279
-0.619958
8.948574
-4.985166
-9.476635
3.657262
-4.596315
-2.733214
-1.762068
6.159451
0.210298
8.147660
1.298398
-1.595622
6.506683
-8.990446
5.1363
-1.878395
8.310127
3.482143
6.332953
1.428163
1.331714
0.742135
-3.683994
-3.926444
-6.642779
6.635500
-9.795021
-3.511244
7.11452
-0.351573
-2.667917
-5.909057
3.576512
-3.146917
-1.761184
-4.48330
2.741571
8.602975
-8.308344
6.551624
6.996828
2.458706
5.532879
1.726032
2.61315
-3.23739
-6.524404
-8.840732
-6.3922
8.346929
-4.814267
-7.221299
7.859216
1.379309
-3.708022
0.520837
8.936903
-0.267593
6.507799
7.218029
4.717154
1.189441
3.60301
-6.389892
1.357837
4.208968
9.24318
5.29108
-8.342665
-1.789684
-7.921790
0.735811
-2.206806
-2.867654
2.444388
-6.998322
-7.585901
-3.731529
-2.275937
0.739400
0.985199
3.311249
0.455201
6.308975
-7.735530
-7.442886
-7.984586
5.781179
4.132964
8.515034
8.694476
0.872092
6.237322
-8.850469
6.134128
3.446137
-4.511816
-8.355483
-2.6248
4.839478
-1.644859
-4.860531
-9.222307
4.453345
7.454004
0.635967
2.546613
-9.255491
0.10483
3.120230
3.324131
1.123737
-1.313946
3.866311
7.122510
-0.785371
3.330483
-3.258784
-5.351455
9.257810
-4.976533
-7.751156
-4.937419
9.256293
-9.107302
-5.624574
-0.770599
8.57193
7.356190
-2.673840
-7.882324
5.142853
-3.799608
-7.591247
2.487468
-9.425923
8.591635
3.14865
-3.434752
-0.894485
-6.30644
-9.651010
-8.912023
-9.127630
5.680494
3.693125
-8.950895
4.300639
-3.517492
2.469263
4.413761
-1.843872
-0.510752
9.351822
5.656077
-9.47173
8.149683
-4.734207
3.890642
9.458826
-9.112600
4.766992
1.564854
-3.305796
-5.64711
-5.361773
9.106551
-0.923386
-0.827141
-4.252570
2.610510
-4.447956
7.899568
-4.910071
5.123449
-3.220194
-7.409785
3.126765
-9.188125
8.627710
-2.431134
-1.12158
1.731007
8.98433
-3.466258
0.6912
-9.800271
4.963314
5.779305
-8.138886
-3.468178
0.945191
3.304213
5.659153
-0.799457
-6.306187
4.57468
0.159853
-2.53078
-1.80638
0.978751
5.390631
0.280587
-3.31834
2.554444
-1.520922
-2.602406
-6.757739
4.597333
0.309314
2.37744
5.246461
-9.431271
8.355887
-0.118741
2.186092
-0.597556
-7.637052
1.784246
-4.851149
5.943941
-9.79858
7.687739
2.71797
1.923890
6.527122
3.220384
9.28442
5.176555
3.685099
-8.667416
8.585906
0.380255
4.298348
5.888369
7.737468
3.333861
-5.312660
9.947956
2.837081
1.805701
-6.375209
8.824770
1.585654
1.530102
6.260501
-0.962945
1.267692
6.295444
7.830446
9.240199
-7.468646
-4.595644
-6.341637
8.262070
-9.797186
-9.990459
2.545920
-5.41069
7.136108
-1.516137
9.881276
-7.301080
4.188508
-8.325556
6.116946
-6.816497
-2.241719
1.221624
4.736873
-5.624547
-6.690346
4.825833
-7.372130
-8.914890
0.500569
1.873315
-8.28777
0.751001
1.302725
2.63453
-0.757031
-7.368457
6.493376
3.473425
-9.603377
3.680420
4.178661
-4.160371
1.699325
-1.415277
2.857070
-9.905979
2.863085
-7.949600
-3.491082
-9.604475
-1.622630
-2.787264
4.352707
-3.23128
-8.488482
-5.406412
-0.151806
2.580444
-0.639919
-6.830800
-5.26403
-4.255505
5.301811
-3.468047
9.334017
6.173104
-3.837415
8.336677
-4.660667
-2.929116
0.306091
7.486605
1.631031
-1.955044
3.390275
7.277442
-4.555227
9.86715
-8.337860
-8.316094
8.625894
-2.922594
4.477105
1.158488
5.989871
-6.492441
3.556257
-6.333126
-5.919844
-2.472682
7.822440
-3.511875
7.796491
-1.494452
-4.590157
3.417623
3.182658
-3.689974
-8.792600
-7.667554
8.727602
-8.311537
2.389614
2.625568
0.974442
3.342865
-6.524631
7.558614
-3.564234
4.879351
-8.336411
-4.77662
-7.509344
9.141268
5.615570
-6.438474
4.102420
0.680017
9.504392
2.979037
-8.609337
-7.217733
6.316100
-0.217281
-3.899376
-9.468894
3.343458
9.738430
0.311082
6.370364
4.583832
5.711792
-8.549428
-7.519060
3.729904
-2.189105
6.239530
9.405810
3.762910
7.391416
-3.687032
5.469817
-3.333785
2.304633
-3.523628
1.606342
-4.991249
-6.297120
-9.203973
4.732552
-4.861895
8.234043
-4.550376
-0.676050
7.795643
0.841235
-9.798071
-0.493257
-9.181577
2.174111
-1.841225
3.283103
-5.211537
4.692308
8.760827
0.147000
-7.523579
-5.162799
-5.470470
8.209502
4.287663
7.908339
-3.541346
9.520470
3.183048
3.569060
0.768498
8.321665
4.9331
6.68171
-2.198035
4.809874
1.621379
-5.699278
2.719622
-4.510757
-8.397568
-3.694476
-7.411092
-3.212641
1.789585
-4.466799
9.76442
9.313700
0.387232
-0.574218
1.21658
2.253131
9.947788
-8.608803
-9.412974
8.197020
3.869281
-7.454751
-0.506603
9.691533
-4.611307
-8.518069
-1.766190
-7.365001
5.382672
-7.533592
-1.627635
9.318885
7.273915
-9.277757
7.292111
5.263601
4.370353
3.56162
7.17317
-5.559757
5.633928
-7.865329
0.51308
8.579097
-0.539266
0.437121
2.558497
-7.851182
-2.923979
-0.222566
-1.427611
-9.924749
2.685081
4.698860
2.690322
-2.270774
4.474639
-1.68106
2.932528
1.966931
-8.672202
4.225033
0.427957
5.71241
8.432643
-6.320626
8.515142
8.386546
9.507350
-2.894873
-0.108872
0.299626
-1.365168
-6.324103
-0.788232
9.296820
-2.286988
4.833586
-6.304148
-6.106300
6.978960
-1.349741
-0.176094
5.626750
-2.916921
5.769632
3.422954
6.384230
7.721566
-7.883842
-2.837990
-9.256212
4.396244
-9.653339
-8.131444
9.746849
2.852884
-4.964693
-4.468820
-2.388969
0.103661
0.754472
2.641028
-0.128498
8.57336
0.732128
-3.933340
-3.980666
2.191340
8.902214
8.703236
-0.89719
5.895051
5.844383
7.48113
-1.423163
-6.771869
8.517184
-0.526986
-5.555546
0.486706
8.158457
0.859714
1.986721
-2.192819
2.125802
-1.532521
-1.265859
8.290509
-9.591645
-2.74587
6.326645
7.134995
-3.657019
2.504861
5.284915
-3.729309
-0.255030
-3.875450
-4.781909
2.392974
7.411880
-2.444700
2.386483
5.114318
-9.643613
5.430236
5.762408
1.157313
9.141937
-4.788180
6.99099
3.749503
0.599107
-3.634632
-0.597953
-5.98521
-8.668856
-2.91169
-9.139619
-5.438553
-5.578912
-7.854635
0.949775
-8.521351
4.557871
-5.893308
2.224267
-7.838481
-5.95050
-2.808587
0.855714
0.648312
2.663784
-4.288614
0.637120
9.352915
0.382587
-8.488544
6.344451
5.575893
8.3755
-4.727136
-6.11890
6.940774
-8.181124
-2.847246
-7.521308
-6.872166
9.23695
3.115512
-6.586172
3.14587
-3.288095
8.356473
8.741072
7.32466
-6.607613
-1.207132
3.669503
5.89778
-3.276544
-7.601868
-6.230413
6.309611
-3.644429
6.388339
-5.894255
2.61116
-7.410171
0.769519
-5.231404
-4.283231
3.684840
-7.415416
4.964791
8.997737
-8.877852
-1.126444
9.648384
-2.951014
-1.666199
7.412815
-3.689098
-2.299495
3.116832
-3.398532
4.660710
-0.543683
-6.738232
-2.946564
1.258458
3.434105
0.624431
-7.27143
-0.468206
9.108401
4.819715
5.529107
-0.297694
2.51998
-5.77892
2.90427
2.889187
2.675364
-8.380726
-8.970066
-2.957472
-4.220797
2.919189
-4.184681
0.484639
7.485261
-1.115715
-4.548747
4.116558
-9.935978
-0.405541
-6.702307
-1.369961
-3.146735
-3.11898
-7.707555
8.216868
-6.131564
-8.995138
-8.275798
-5.114648
-3.847756
-1.487877
-8.365410
-8.48705
0.99302
2.123980
-2.528278
1.471208
8.333497
3.117914
2.265579
-0.513642
-7.264940
-4.253211
7.446741
-9.363495
-9.602837
-1.746218
-4.910196
-6.547102
-9.546124
7.642274
3.205513
-0.898930
-4.701717
-0.386839
-9.138458
7.604492
-3.780078
8.941014
-9.234653
1.25103
-6.767536
4.860068
-2.351404
4.824495
1.436024
7.230623
-4.163148
0.83448
-7.109437
1.55751
-0.403327
-5.449811
-0.964766
5.878580
-0.587453
4.694222
-0.945107
-4.283007
5.255024
1.923635
-0.963818
5.64733
-3.158016
4.945383
-1.813673
-3.417698
1.361948
-7.942855
-1.585080
5.72333
2.397013
-7.359360
-5.819444
1.128668
7.144231
-6.785807
-9.284018
-0.834717
7.5000
1.420658
-3.653792
4.591379
9.232286
-2.24927
-8.364234
-8.354012
-5.688484
3.796404
6.993483
-9.534747
-7.860182
-8.933606
-2.852458
-9.774752
-7.645873
6.763141
2.576958
-8.932922
3.290238
-8.750340
-6.869207
-4.76558
-5.215400
-1.621529
7.456318
9.831294
-5.48616
4.425006
-8.278829
-8.647790
-5.952546
-4.363242
-4.471257
-1.25231
-3.50090
-8.426421
4.508236
1.984020
-9.682881
-8.81949
-7.232325
-6.510541
-4.850205
-3.136479
-3.627762
1.486281
4.991527
-6.204108
4.89650
3.422038
3.984318
-0.645696
0.482730
-9.227173
-9.533258
9.824600
0.448844
-9.970960
-9.332306
-0.811712
-3.540615
-2.20617
3.98609
2.245848
-9.3917
-9.939258
-0.445588
1.63848
-0.294409
-9.787450
-8.173975
6.169957
9.318643
5.953885
5.728514
-5.270294
-5.581856
-1.654729
-8.693021
-4.270030
1.356851
-8.905097
2.593168
-3.387444
7.547801
7.607498
-7.874783
7.831204
-8.964075
-6.605701
-8.567794
5.907322
-1.161254
-1.428200
5.954007
6.258946
3.282275
-9.469583
4.917421
-2.920199
1.265367
-3.159604
-4.256515
-2.391096
-5.33584
0.912492
4.814468
-2.321367
6.120623
7.905257
9.945301
5.597604
-6.316321
2.145563
7.21830
-2.976572
-4.617287
-3.851461
-3.993947
8.557876
-0.116245
1.269552
-8.408769
-0.211501
1.622300
8.78823
-0.872719
7.769912
-6.756337
9.749415
8.185697
-0.330550
9.343578
8.514000
3.716562
6.533902
-3.362162
0.532162
5.881620
2.531159
-4.902390
-4.940612
-6.243431
9.159872
5.319145
-1.259433
3.957308
-3.30058
-8.845496
-9.397568
-8.276854
-3.83248
-9.119006
4.792897
-0.316422
8.344586
-1.439859
-6.991312
-5.285210
2.594242
0.667822
-9.175295
0.479916
4.925263
1.508983
4.980344
1.356895
8.33503
5.25978
-7.732292
-0.683604
6.782305
-3.452655
-6.970790
8.12933
-3.381877
-4.369760
-4.933890
-9.104326
-6.726563
7.747225
-0.410464
8.315879
7.66125
9.3155
-5.410689
-6.149663
-3.176290
-4.481881
4.867999
-7.445238
-7.365068
-1.835488
-2.336416
-7.309465
3.779972
0.211929
-8.994934
-7.162490
1.224224
1.461484
-8.41521
-7.262994
-7.578558
4.475355
6.482670
8.982381
5.860599
-4.567568
-6.174910
-7.958243
6.148441
-3.672320
0.845759
4.734883
-5.859199
0.145749
5.227844
5.830830
6.920236
4.880413
-5.156599
-2.630214
4.620395
6.496261
3.567278
3.613418
6.362963
-1.843551
4.184967
-7.160493
5.715261
6.407143
-7.15487
7.635203
-0.257999
-4.850192
8.943221
-9.881332
0.748446
-7.719473
-0.785360
-5.578196
-4.286653
-8.756490
5.238942
2.76856
-5.448687
-6.65926
-8.792108
-8.514765
5.663368
1.878163
0.305717
9.82777
-4.705604
-5.741476
-1.320163
0.804630
1.554778
8.271928
-2.116573
-6.803974
6.257627
1.493018
-6.145352
5.988980
3.874093
7.743914
-0.996125
-2.895526
0.161588
-8.96025
-1.793383
1.23965
0.576963
-3.174969
-6.443894
1.799721
-7.857433
4.409138
0.453248
-9.202189
-6.17770
-1.238414
-6.430544
3.332470
3.685666
-4.326649
-1.543697
5.440643
6.256713
7.624832
3.898031
4.301232
3.360158
3.736513
6.902926
3.733490
1.4823
7.196699
-1.720995
-6.772004
9.929399
5.502915
-5.516518
-0.63523
6.318899
-1.242892
4.151576
5.418735
2.937157
3.192793
6.904184
2.572750
-2.953255
-0.992597
1.506894
9.214515
-0.442111
6.733379
9.528961
-1.118276
7.609804
-0.417928
-0.843880
-9.764170
2.431664
-6.232935
-4.417827
-1.991163
-3.665994
4.163315
-8.287834
8.419894
9.611467
-5.862718
-0.237172
0.570080
-9.104335
9.540568
9.264811
4.246925
3.196055
-9.16385
4.764314
9.425801
4.993444
8.974136
5.98745
1.325734
-1.904835
6.365009
-0.340885
8.925914
1.54378
-3.570157
4.753774
-9.36892
2.168799
-5.50970
5.190922
7.771000
-5.470872
-1.62020
4.480692
1.854705
2.563131
-7.326790
-0.232115
-8.899792
-1.354037
3.892366
2.761704
9.158105
-2.647011
-3.960032
-4.72027
1.943734
0.98347
-0.601905
9.812848
-3.636011
-8.952756
2.587615
-9.15559
-0.774614
7.951291
-9.299362
-1.888425
9.370925
2.314186
-1.425482
1.959460
-2.903344
1.802804
0.687586
-4.896045
-5.507664
3.365586
-5.218277
-5.965529
-6.477733
-6.647254
-4.235796
9.917817
-3.856680
1.12416
3.940702
-7.617975
8.142582
4.116430
1.352366
8.2754
-7.20350
-1.992769
-8.451922
-4.688775
6.138268
-4.616115
-8.527093
-9.758480
-1.624461
-7.66872
6.45171
2.946352
0.89571
-7.195117
1.642685
9.939939
-4.485169
4.980300
5.390862
-3.227291
6.104137
2.773550
-6.186050
-5.714669
-9.339121
1.549162
9.962769
-5.238875
-8.493910
7.596593
8.582382
3.471626
0.740742
0.390709
9.77598
-2.456030
9.658471
7.212016
-5.391497
-6.821374
9.601225
-0.776220
3.776360
-8.240272
-3.846721
0.754746
-2.420637
-3.329564
1.978179
0.273697
-2.443409
-0.591451
-2.7727
-0.878285
-8.950500
5.563493
-1.782777
-1.571123
6.167404
9.581884
7.927508
2.786658
-9.147312
6.266565
-7.18773
0.514240
-0.176292
8.696103
-9.285691
4.336553
7.153710
-0.887445
-5.313976
9.693313
-1.814782
3.492402
2.513623
-6.815433
6.694692
2.678637
-2.557316
-3.774138
3.404204
5.4295
-2.936346
-4.183561
7.309433
-4.613092
5.665660
-1.150894
8.134326
7.92522
-4.779435
-7.858730
5.113324
5.561990
8.718970
8.760554
9.415551
5.969652
-1.275762
-2.971240
-3.492586
0.637425
-2.99070
3.208655
8.974936
0.911534
-2.350236
8.985733
8.13014
-4.505748
-5.721721
-0.97841
6.154756
7.312459
-1.303569
-5.437519
4.843753
-6.704283
0.653651
-9.858888
-0.896163
-9.61263
1.729271
-5.13511
-7.475972
4.351978
8.402082
-8.558188
1.306300
1.922182
7.893424
-8.712614
9.17175
8.938883
-9.686392
-1.234638
-2.495157
-9.334535
-2.254859
6.752790
0.850429
-7.269497
9.624189
3.69259
-0.433520
-0.20541
-7.300546
9.117287
8.175049
2.643835
8.898885
7.352714
1.550234
3.253419
0.959430
7.660590
-5.708877
1.539078
-3.676677
6.493381
-1.878670
5.242319
9.780590
1.59716
-5.502226
-0.310866
-6.720273
-0.225604
-9.677748
-0.364266
-9.521598
-5.32875
-7.651244
-2.517246
-0.732843
8.698853
6.468521
-5.826041
1.888701
8.864253
-5.396534
-3.900781
1.729709
-1.949903
7.814783
3.800131
4.82889
-1.371934
-1.722698
-3.811856
-2.649143
8.113229
2.930080
1.912991
-7.638030
7.123775
3.164741
8.997553
6.847814
8.942330
-3.612662
4.413112
7.860205
1.637888
-8.747055
-0.436903
5.438988
-9.672776
-0.997012
-2.333102
-1.512595
-4.481082
7.622991
-1.668033
7.598813
8.713764
-2.845719
-7.593921
8.330303
-5.293915
-0.812967
-9.52953
-0.610750
-9.449143
5.481123
-7.861071
4.712763
-1.717292
-2.872212
-0.25337
-0.635349
7.314910
-5.477133
-6.982222
0.500769
-9.747127
3.707253
-0.303785
6.725849
7.486811
3.403421
9.537331
-9.820566
-8.425174
5.502836
2.652365
5.620230
-0.252150
0.658398
5.652925
-9.562351
-2.199642
-8.617751
-9.943782
4.626877
-9.664511
-2.917756
-9.132079
-3.508419
-9.951694
6.3593
-6.815818
6.703278
5.659460
-1.666584
-0.258125
-7.181210
-7.626739
-7.447555
-5.369506
1.363052
-8.864318
-9.410636
-4.338924
-0.74355
8.119765
-7.160225
2.299612
1.306429
-7.839074
-1.66826
-9.68386
-7.43398
-4.609612
2.743514
-5.71982
6.775879
-6.289314
8.744365
7.165804
-4.505325
-1.799227
1.346974
7.884550
7.555063
4.57800
8.134536
8.999185
1.278485
-4.419993
3.342269
-0.859311
3.900844
5.844801
0.62810
0.629226
7.663814
1.359504
-3.15908
-0.939454
1.485569
-9.721079
5.230722
-5.574249
-7.361272
-1.335304
-7.84681
9.385282
-9.75477
-4.866927
4.958140
-3.338090
6.838707
-4.774262
-2.62009
-3.257012
9.900719
3.160371
-1.35152
-0.803548
-0.401904
-2.172489
-4.490967
-9.258182
-8.835286
-6.285089
9.236818
-4.903343
-5.611465
1.409795
7.237787
6.581011
-4.160546
0.239817
-9.393075
8.497944
2.857023
7.587699
-5.75254
7.911518
-9.963417
-3.189093
-8.442988
-3.563808
-8.358519
1.856428
-4.863602
7.280761
3.784628
7.926707
-5.510546
-1.454401
1.414409
8.430595
5.212083
8.143217
6.992733
0.513802
-4.93415
-4.892094
4.286930
-1.548413
-4.257556
7.91257
-0.289332
3.277562
-3.37539
8.458989
-5.645965
1.157369
-3.937423
-4.465897
3.931883
4.778371
-2.601871
4.760904
-4.628250
-8.67510
-5.359445
8.805036
-6.847342
-5.480556
-0.159079
4.330026
2.423990
-5.136704
3.160441
1.971581
9.83926
-5.623597
-0.449983
0.399070
-8.19273
-9.568147
-3.653301
-0.47717
2.578012
-6.765373
-0.585143
-2.715990
2.282580
-4.771392
2.615620
3.779851
1.526104
-1.5307
7.945659
-5.524468
-3.292890
2.610372
-6.831006
-7.769430
-9.938904
5.14860
-9.810971
-4.300284
-8.103151
-4.896366
-5.167862
-2.517916
8.537423
-7.741772
8.497331
1.856077
6.386156
-8.257222
4.640
-4.227126
2.702053
-9.526917
2.417708
-1.657005
1.48905
-8.692676
4.884523
2.666901
7.45117
4.481184
8.983216
-5.360457
-1.223279
0.919041
4.733524
-9.89282
3.517527
-3.345581
-7.873728
-3.237825
7.301533
-4.781770
-1.196454
-6.566654
8.666848
-5.994367
9.921640
-7.351175
7.540194
6.5689
-9.491138
8.698595
7.154976
-6.310695
7.306403
3.707359
6.722590
5.720267
6.883644
-9.290542
-7.905793
-8.196262
1.71461
9.721967
-3.615877
5.454010
9.391058
4.911844
6.878300
-4.713211
4.621698
3.421646
-6.927529
-0.303098
-7.147711
-0.644569
-3.788038
-7.532464
8.712670
7.417907
7.137511
3.878974
-2.857243
-3.227293
-2.816173
9.930285
7.793340
6.611577
-8.137967
-1.256155
-6.773034
8.594399
-9.916512
-0.843537
-0.64739
5.745051
-9.822130
-3.687036
-2.767965
2.943216
-0.958704
-0.403424
-9.215374
-8.838434
-5.92056
-5.640303
-2.611392
8.826066
-5.816788
9.812582
1.715003
-7.694265
2.629344
-4.893835
1.231382
9.941808
-1.504452
-3.163600
-1.596237
-5.907627
-8.386628
4.806275
-7.277319
-3.716273
6.483026
-0.642318
5.939199
-2.712152
-0.164565
-6.31700
4.322181
0.445655
-9.354604
-6.748050
9.464426
4.661198
9.429613
6.413768
4.439728
-2.840634
6.945420
1.469090
0.622261
-1.550630
-6.631679
9.613143
0.953182
-2.156248
-6.902295
7.787559
-1.719667
4.85248
7.723281
-2.394732
-9.332228
-4.51499
8.162159
6.636111
1.701859
7.523969
6.134140
0.370907
5.679924
3.932148
-1.875629
8.974793
0.923544
-4.118790
-8.7003
-2.511560
-4.505799
-4.935139
-5.785024
-8.194067
-4.712898
-1.489548
7.620808
-4.576212
-1.544713
0.428605
9.531799
7.90316
4.189403
-3.68693
-4.606568
-2.684311
-6.837070
-1.227004
-1.6578
2.877650
5.364189
-8.116689
-2.989703
0.179509
8.618253
9.181566
-6.360592
-1.78875
1.455206
4.496588
4.747286
6.680394
5.780108
-6.798748
-2.479439
6.535078
-3.971566
2.377007
-5.360319
9.982565
2.672352
7.477830
-1.489315
9.896211
-5.283563
-5.774291
-3.52706
3.955878
-1.743516
5.422197
-7.353219
0.449829
6.796010
-1.414171
-6.451117
4.557804
-0.915800
2.885695
-3.546366
6.869371
-4.867651
-4.288491
6.328637
3.284550
2.438626
9.819360
-7.478182
1.353954
-6.372740
9.378506
-7.386522
-9.36436
-9.355134
-2.799227
-7.297632
-8.133911
-8.598708
8.261081
-4.560558
-8.273357
-5.821677
-2.75088
-1.967067
-0.326330
-0.567047
6.656687
6.669408
7.4656
7.580832
4.944302
0.964438
9.508890
-5.898853
-4.462966
-3.969426
-6.889564
-8.42740
2.907138
6.869415
-1.302311
-4.584333
-4.102003
-4.924460
-2.890486
1.315662
-8.497618
6.86619
2.681371
4.59309
1.780991
1.636125
-8.446390
8.319576
5.190048
-6.416840
3.83350
6.362618
9.407700
3.739604
3.971868
7.16089
5.869409
7.40719
2.945224
-3.45890
6.828495
7.182603
0.150955
4.640688
-7.70273
-4.742023
-6.240270
-0.183369
-2.495781
3.584344
6.281072
9.50880
-2.529442
7.365426
7.650845
6.166691
-5.549089
-3.760781
-2.121344
6.337177
-3.341474
-3.733935
0.877180
-1.178907
1.411426
-7.30253
6.84180
5.926265
6.113579
-8.74996
-6.889109
7.384414
-8.743514
-5.633717
-8.179359
-7.999768
9.804265
2.865822
-5.851458
-4.289658
1.248415
3.525152
3.687103
-3.263708
1.136747
-7.473416
0.440407
-1.586809
9.189757
8.370593
4.466496
-8.818940
1.710915
-8.986899
-4.858502
0.737151
4.169451
-5.755934
0.906513
-4.283823
9.930157
-8.767328
2.179749
-9.943639
-7.692715
-1.89985
-4.167921
3.730788
4.644409
-4.792945
-8.949704
8.395805
0.140047
7.385887
6.913384
-4.375637
6.729711
-8.448717
-3.119463
-4.448060
9.288748
4.140728
-4.306588
8.529947
0.281353
-8.419308
4.713666
-3.301174
0.454119
-9.595366
-5.492385
-5.624391
-1.726008
-6.493336
8.902718
-6.614167
-9.266723
6.511956
-2.113358
-2.198987
9.110844
9.765930
4.592753
2.215009
-5.51289
-5.498625
-4.449006
8.632145
-7.496757
-6.678659
-2.625911
6.627260
0.339786
-3.70078
-3.864435
-3.4211
0.425065
2.840663
-0.68533
-6.46441
-4.369753
-5.563560
9.252252
-5.161837
-3.269300
1.26415
-5.14645
6.533417
-4.611039
2.844518
9.949192
-9.552259
-1.419649
9.660466
6.489719
3.991402
-8.147788
3.440586
1.501943
4.344967
8.648318
-5.554259
-7.690050
0.911829
1.806028
5.237081
-4.725551
-0.212856
-4.539659
0.774493
-1.996503
-9.542739
5.42168
-1.714338
-4.753792
-8.913477
-6.252513
3.269193
-8.529640
8.128540
-7.426763
-2.373503
8.37370
-4.321661
-1.919547
7.320747
-7.516664
9.687789
-0.758357
-2.779367
-7.95786
6.323228
6.48656
4.478472
-3.8153
-5.960080
3.120390
-5.698281
-1.422963
-7.834095
-5.222523
7.584749
3.496218
0.482744
8.775019
-5.126835
-0.968020
-9.34735
-7.112527
4.247386
-0.567854
4.984341
-6.419406
6.877716
-8.713636
-4.330362
-2.81344
-0.450544
1.642101
4.447078
-5.644840
8.331175
-3.345661
8.253308
-8.48938
-9.708002
5.739636
-1.231526
4.914658
5.211994
6.441279
9.857740
5.46125
7.502654
8.742774
6.25153
-7.992978
5.614269
-5.956465
-1.99390
-4.839486
-0.744607
-1.282742
6.906002
-0.975750
1.238328
-9.24098
-1.414403
-1.376141
2.551412
7.419998
5.626741
4.986462
8.393880
-8.585951
-2.127964
-1.727923
-8.125464
-6.584818
9.504290
3.128579
8.898964
-8.189538
2.562778
9.4986
8.291640
-5.931541
1.950371
-2.446047
-4.891387
-0.902132
-4.317770
2.399260
2.429345
4.314026
-8.29054
6.329109
-9.754642
-9.203704
7.568788
5.917658
-2.186665
-4.486197
-6.319069
6.111865
-7.417833
-9.397641
-4.779213
-0.688012
-6.225210
9.411447
-5.342600
3.433984
-1.391490
7.294248
-8.147246
-4.274827
1.92181
2.66031
-8.158778
5.778159
-2.793604
-2.71939
1.496073
-1.495350
-8.900148
7.255874
0.891637
5.562080
-5.503610
-5.285017
-5.823959
2.307101
8.253344
3.981757
-9.604206
-3.54875
4.215055
8.896663
4.271358
9.80704
4.252499
6.129343
-9.145221
3.724327
-1.644556
-7.85860
-0.839416
1.481055
-5.593159
0.367210
3.65017
-5.480183
0.233704
-2.788949
-4.157620
3.272569
-8.873320
1.884213
-6.867328
2.842629
2.95132
-3.965149
8.759781
-8.732374
-3.413740
-8.408085
-4.770286
-8.715397
7.172785
7.413810
7.2822
-5.225026
9.726116
-6.651314
1.241299
9.140627
-6.467863
-3.546071
5.372658
5.57135
7.483065
4.199112
9.201811
-5.724867
9.73581
3.889220
2.960706
-0.677711
4.408096
-8.51893
-0.451732
7.219097
-9.319136
-0.27983
-4.78012
-0.915667
5.916329
-3.399341
-3.563748
-4.98686
-2.934319
5.557116
-2.224807
-0.663509
8.524536
9.49186
0.927143
9.109918
9.143584
5.400798
5.487752
-9.371159
-8.766483
-5.875535
-7.939536
3.32065
6.75048
-8.512837
4.539497
-8.79474
-9.151959
8.757740
8.566858
-5.447505
3.427664
-8.585347
8.352573
6.162024
0.413040
-0.153019
0.996998
-2.395648
-5.906086
-1.785823
2.182017
-0.135555
-5.211975
8.338421
-0.141163
-0.763785
-4.607085
-1.191519
-7.371894
6.947397
-8.277212
-8.300874
4.566801
-8.633689
5.563431
-3.862821
2.644037
-9.575391
5.381918
-1.179534
0.415744
-7.34565
8.104991
7.495949
0.402167
-8.203980
-1.603465
-0.564914
-3.516681
-0.364852
-6.411603
5.355302
-7.815152
-1.519482
-5.806712
-3.850710
-3.415261
0.623804
0.184209
0.952019
-5.423687
9.843722
7.545702
-7.580075
-7.580530
5.143204
6.130917
-2.704059
3.438021
7.714721
3.746399
5.948798
-0.872835
-6.139855
6.213102
-8.43799
2.319576
2.160248
-5.647083
8.780410
1.441434
4.74461
0.518441
7.588528
-2.836906
-7.37585
-8.590329
-0.910401
-1.137957
3.973557
6.369220
-1.748635
-5.471875
-7.600994
-4.199716
-5.881275
4.788875
2.569785
-9.444416
-0.850789
3.19978
0.698381
-0.351148
-9.367468
1.370842
-9.607078
-2.119974
6.229106
4.127428
-1.429318
5.464243
2.640933
3.66553
0.259544
-3.324787
4.582836
3.103980
-8.478549
-8.616943
-6.206177
-8.703454
-8.477996
1.311142
-3.642062
4.620807
8.447093
2.2197
2.591345
-1.784323
-7.58251
4.263920
-5.454010
-0.810552
-9.201045
3.509309
7.622540
-9.147814
9.721459
-1.88932
8.861309
-2.16965
-2.503791
-9.479071
0.525710
-5.419606
-7.485545
-5.306364
-9.502395
9.35836
-1.556334
-9.786418
-7.913191
-8.447352
-0.183693
8.313330
7.940720
-8.512955
5.548584
-0.638953
-8.84737
8.460538
4.30278
2.247966
4.440506
-8.808944
-0.895293
-7.322093
-8.237159
6.878301
-1.818099
-3.466920
-3.325376
4.413610
9.727046
-8.791394
9.575316
8.531653
4.483121
6.448468
4.463529
-1.117344
-7.163627
0.548273
2.202283
2.342053
-8.280914
8.926882
-2.341968
6.74756
-2.280553
-7.44094
4.342271
7.721714
-2.430388
2.425152
-1.514950
4.111429
-0.53033
-0.60569
0.528691
2.791850
6.316966
1.429415
8.542808
-2.900542
1.294013
2.298537
9.962120
-4.767882
-8.164293
2.647585
5.335103
-2.390474
2.878325
3.517289
-5.649421
8.71985
0.711865
9.427379
6.809637
-8.139192
0.976489
-1.663801
-8.439194
2.249407
9.519592
-2.281053
4.128865
6.632415
-0.368623
-0.866181
4.949643
6.419625
-2.738245
5.415607
-9.868607
7.423961
-0.863855
0.183113
-1.116913
2.862253
-7.66718
-2.98114
-8.863268
0.240505
1.747114
-6.581573
5.299515
-1.129157
0.14231
4.764373
-9.551481
-9.868395
-7.346213
9.973185
-9.998718
8.458756
-8.118001
7.654374
7.151234
3.9908
-2.612929
1.393589
-6.804216
9.99407
-9.662067
-3.393505
3.717684
-9.531161
2.17051
-6.775914
-5.186356
-8.831447
-5.842005
-8.564946
7.240775
5.132958
-9.339422
6.676033
-8.239245
-7.75993
4.434298
4.898346
-4.852884
1.127772
6.245251
-8.171336
-6.881135
-9.525354
6.725662
-4.665999
8.872625
8.474822
-9.349826
-5.334557
-5.528424
2.593492
-0.439620
-1.268140
-6.159268
5.97353
-0.407363
3.759304
4.500973
0.990729
-9.793516
2.150111
-0.193471
-7.812074
-8.649250
-1.976948
8.354808
-1.733481
5.527665
-6.590245
-6.81697
0.730919
8.225601
-7.963230
6.952808
6.952702
8.628910
6.370411
8.168379
6.856287
-2.285045
-7.466725
3.543875
-0.923413
-4.906181
-0.135097
4.740218
6.612554
-9.27763
-9.519521
7.45853
-4.432981
-9.831014
9.949777
-7.601343
-6.951315
-7.460289
1.999425
6.818556
-2.445347
-5.986397
5.523401
0.787280
2.552691
-8.233809
7.816145
-5.768755
-0.204196
-1.9232
7.384946
6.671273
-8.153258
-2.330330
4.230012
3.808422
7.971741
-8.855067
6.714969
3.164002
6.746281
6.981327
-4.431345
3.45669
-4.655313
-7.242758
1.892995
-3.106395
7.310543
0.21216
4.573322
-7.412209
2.40625
-8.949268
-3.474474
3.652584
6.717405
-2.517788
-7.822488
-1.835700
-7.566656
4.400303
8.40618
-7.124506
-8.15001
3.425765
-6.197923
6.303217
2.113066
4.826087
0.122634
-2.748988
4.202828
0.399147
-7.383616
0.844251
-5.991107
9.266235
-2.259680
-5.281984
8.354364
8.599198
3.395992
-6.818075
-7.298362
9.860384
-9.607669
1.323030
3.491553
0.484780
-5.105709
7.953699
8.912702
6.56040
-4.991867
0.251536
-7.293517
-3.283029
-5.72344
8.741824
4.150261
7.420289
7.817247
-2.60315
-1.548642
-5.665842
4.772520
3.892485
2.259270
-6.165259
0.892435
6.795162
2.988992
1.353564
9.739657
7.445634
1.331879
-4.522412
9.856616
5.826044
-8.399124
3.230622
-8.757885
-3.409966
3.759257
5.281274
-1.260257
-8.989724
2.752703
-8.137890
4.370759
-6.634274
3.348724
-0.331357
-5.158840
-8.896167
5.692829
-3.354049
-5.772313
-5.206891
9.339395
7.94964
-0.752407
0.817070
8.642515
4.1105
6.822122
5.953797
1.434894
-1.122029
-4.357598
6.57078
-2.934738
-5.297521
-5.39039
-7.434903
9.282739
-0.359157
0.653880
-5.919611
-4.326946
-8.246642
-8.829327
-5.423724
-5.361191
-0.316920
2.187080
7.180850
0.168633
7.922740
5.650064
2.722704
-9.719272
-7.908528
5.623893
3.24235
7.110659
2.188937
4.245569
-6.199098
-1.171553
5.553238
-1.401229
8.650266
9.630574
-1.348487
5.787966
8.715398
-3.6292
-1.830880
-9.592422
4.650567
4.768310
6.774978
8.126999
-3.669212
7.718537
8.462055
9.113320
-8.808261
-6.985971
-1.812865
-4.11649
-8.817947
-1.623935
8.86210
-3.229007
6.162986
7.593435
3.282275
0.912253
-8.171274
6.645280
-1.735501
9.92202
-3.862311
2.910666
-6.508882
-9.888709
1.89145
-7.908365
3.971495
-9.412751
-5.516795
8.58604
8.681529
-9.538431
0.864199
6.120889
-2.938172
1.607959
-3.148925
2.890286
-2.327341
2.310741
-7.948070
-3.358241
-7.770263
3.347122
-9.198604
1.606985
-9.870
2.551535
-0.387907
2.278191
9.798239
8.843064
-9.806982
9.231577
0.972856
-5.152668
0.679377
2.40831
-3.649781
-3.539375
-6.768217
0.17835
-9.859366
-9.640657
-2.482597
-8.356063
-2.385365
8.719430
-7.248543
-5.300046
6.217384
7.432276
4.819315
-5.148765
3.767747
8.391217
-3.626161
7.473449
4.484616
-3.80273
-9.22260
4.141519
-4.764763
3.731678
8.790193
-4.880462
-3.704207
-7.940807
-4.631091
-3.457546
9.959547
1.905311
1.345378
-5.622761
-6.894471
6.643105
4.741078
5.90108
-3.409624
0.431817
-3.489438
-5.799871
-9.795393
-5.811670
2.997469
2.120535
-6.604791
-9.76398
-0.976102
2.337574
2.241089
0.192555
2.882546
-1.43121
-2.955015
-7.892069
5.734745
-5.736307
4.804857
-6.87839
8.559151
9.178342
1.367074
-8.987077
5.628410
-2.218247
-6.399694
3.430181
9.883465
-9.201874
-4.817224
8.702603
1.690586
-8.576566
-0.172214
-8.474998
-4.605454
9.717429
-1.370971
0.542180
-8.84984
9.756824
-5.266607
-6.464175
5.458058
-6.170566
-6.10122
0.711471
8.43624
3.778734
-4.37344
9.378606
-8.497213
-6.760239
0.187467
0.890953
-8.121650
0.795602
5.342992
0.647285
5.459411
-8.563891
-6.179679
2.513715
-5.658917
-8.787499
7.858107
9.508899
-5.457305
-5.74295
-9.418402
-0.574610
-7.332449
-7.925821
-9.367958
-7.600566
-9.310563
3.24425
0.937270
-1.609075
7.334926
-5.635817
-4.923056
-5.177506
3.159405
8.572572
-5.824314
0.36279
-4.4071
3.70682
-9.399750
7.967037
7.820084
7.654921
-9.985264
0.502734
-0.994832
4.803312
5.469778
6.418831
-2.273822
-7.420449
-0.466026
2.743003
0.209905
-3.718337
-1.385217
-4.553814
9.732199
4.373996
3.604630
-4.759029
2.989362
7.735036
-2.657207
4.431630
0.663583
-0.177380
4.525651
-6.679765
9.259460
6.664486
-2.861881
-4.671728
-4.265300
9.660566
-1.327556
1.810158
6.911684
1.585560
4.766969
0.762437
7.959709
8.857516
-3.198860
0.226352
-5.625623
-7.814596
-0.830733
6.438936
7.13203
1.158163
2.181902
3.557430
-5.536135
9.775225
7.222682
-6.58442
6.943532
-8.952660
-2.249239
-6.92731
0.180325
-3.857550
-4.796135
5.294084
1.11964
0.793682
-5.449398
-4.407148
1.736141
1.236049
4.152959
-1.479284
-0.556188
4.615236
4.366427
-9.468089
-5.702114
-6.931940
-8.80151
-8.676302
-1.394908
9.417871
0.302621
-6.617998
6.106522
3.539933
-4.460321
-5.327569
-3.94337
-4.9866
5.199589
5.327481
1.251091
-6.282907
-9.233365
1.598078
-2.719784
-8.531530
-4.956815
-3.731782
5.576127
0.675514
6.509227
3.633456
1.663435
-3.514649
-8.622481
7.721751
-4.711695
9.705169
-2.894826
5.675576
-0.981642
-7.631998
0.244641
-9.926094
-1.248994
7.157311
3.494966
6.872647
2.783870
-6.460927
-5.714947
-3.829726
-5.55467
4.658238
-5.236119
7.25246
-2.73501
3.337700
5.549624
4.285400
1.253247
2.446040
-4.497235
-6.102972
-5.777899
-8.144498
4.924520
-9.346014
-3.630499
7.189155
0.697558
0.137351
9.689587
5.566203
2.242350
0.450670
6.348475
4.979786
-2.217251
-4.328388
9.806828
-1.883870
-5.389242
-5.862057
9.509611
4.568023
5.62540
-9.99366
-6.983499
-7.297265
-4.326066
-9.323149
-7.734555
2.90222
-2.493124
5.721158
-9.435176
-7.43345
-6.924383
-5.708791
-3.618427
0.318146
8.978003
8.803937
8.362151
-3.894997
-1.885848
-0.166827
9.234073
-7.821189
-2.256562
-4.863372
8.41843
-8.148511
-3.594491
-2.405746
-2.633948
7.857988
0.209937
-8.189646
-7.578028
5.733855
-9.463923
-8.51843
4.587839
-3.565033
0.220937
4.990727
-8.917747
-6.475437
4.339884
-7.678571
2.776940
-2.162050
5.605134
-2.501047
-6.261139
7.738554
-9.649174
-9.194370
-6.744387
1.39434
3.975588
8.594692
8.561609
8.987184
3.760810
-7.549139
-7.210160
5.470162
1.2438
-2.417721
7.933514
1.530092
-8.292002
-8.290732
8.91315
0.947393
5.849692
-5.199607
-8.988928
-7.590243
3.165770
-8.525153
4.314091
3.170422
-4.595192
9.849542
-3.188378
-0.777225
-9.294103
-8.516103
0.482658
8.169356
-8.687242
1.597925
-8.404941
-0.385452
0.572246
9.724538
-0.279788
0.789488
-2.671361
-9.858919
-9.398608
-0.98781
-8.733819
-8.427741
0.127941
-5.200463
-3.844913
-8.566573
-9.472038
-5.727077
-2.373196
-2.240838
-9.500426
9.263504
0.895967
-1.586192
9.627757
-8.314765
6.196024
7.754192
6.674976
-6.129268
-8.264049
-8.967909
4.142651
2.360523
-4.862414
2.444464
-6.379811
-9.888870
0.797858
-0.21735
-9.175633
-7.509723
-3.451748
4.162352
-9.841998
3.851953
-2.758789
-0.583600
0.20760
-9.508873
6.256072
-4.311841
4.939684
5.551920
-1.734741
3.115904
-9.42879
-1.711689
1.909232
9.794131
-3.528359
3.375965
5.304859
-9.490396
5.293099
2.575382
-1.814414
2.390005
3.707378
6.531687
-5.917372
-6.40066
0.925843
-1.26453
5.536950
8.782982
-9.132854
0.378058
2.69491
-8.776969
-5.493014
5.506402
-0.128975
7.816768
-1.121703
-4.294873
-3.452183
7.152863
7.141307
-8.810395
-4.986962
6.199367
-5.856279
7.746207
2.875898
9.54804
7.374659
3.133526
-9.270466
-6.976504
3.299680
8.157366
7.105981
0.71368
-3.596332
-9.701472
9.686121
4.199487
2.619626
-7.532383
7.231078
1.725078
4.520785
7.263527
6.253720
-6.645772
-1.218203
4.423198
-8.929970
-5.396180
9.115869
-2.592353
-4.24997
8.302786
4.139223
0.959261
-1.301352
5.56509
-4.358257
1.993414
2.422133
0.976798
9.298422
3.525692
4.246328
-8.23959
-4.109112
8.671557
9.427133
-1.995466
5.392588
-9.882281
-5.673270
-9.802693
2.534077
9.637496
8.275072
-9.665010
-1.746860
0.966943
-3.205089
-2.93518
-9.740935
-1.655987
7.657811
9.885630
-5.815058
2.747447
1.255658
2.697948
-0.584084
-7.819846
-6.898386
6.150829
8.586516
0.968127
8.319622
9.782817
2.545620
5.518812
3.214213
-1.540762
0.864388
3.891066
5.390785
-8.930325
-2.147184
4.832785
-5.135787
-7.835754
0.899629
-6.532502
1.344243
2.592138
-4.415824
4.989462
0.198684
-2.374900
1.265558
0.126315
-3.204177
-2.50524
2.34257
-5.21060
3.710816
-7.173691
9.894163
-7.708207
-0.882288
-2.994730
-0.564345
8.805347
0.291202
-5.886297
-0.998052
-0.500900
-2.874221
0.748849
1.473919
2.701572
9.783912
-3.620570
-3.776752
2.80349
-2.123500
0.838380
-9.730804
-5.999456
-8.19238
-9.604762
4.849641
2.474404
-2.562279
-4.147524
-6.734846
0.67766
6.836327
-5.451044
4.103772
2.709503
-2.262967
-6.844861
5.260534
-5.317538
-6.934876
-7.77896
0.796554
9.448720
2.299594
-8.823096
4.237150
-3.325668
7.225574
-3.229971
-4.902857
2.400436
5.561088
-8.631969
-4.579831
3.489321
4.416145
5.242649
7.959588
-3.129243
9.899138
2.520470
-4.577357
-2.389775
-0.925120
4.287163
6.701759
-0.915524
-4.289671
-5.84734
6.134604
9.890508
7.913992
6.550666
-3.216546
-4.760282
7.4970
5.704112
-6.699729
-3.217394
6.519782
-9.509751
-2.104089
3.380235
-1.970158
-9.486395
0.385562
2.116509
-9.921885
-8.277630
3.312989
2.927098
-1.156781
-3.95746
4.133769
3.679618
-4.53160
8.956154
7.787774
-2.870394
-4.772397
-0.144739
-7.394280
6.951366
-9.850310
-5.340363
-4.698159
-7.412318
1.219655
-0.819899
2.430445
0.87427
9.784245
1.174043
1.604352
8.594388
-7.630544
-6.98384
-2.114415
1.116876
7.899748
-9.776020
-1.672792
5.746843
-7.642977
9.945905
6.400655
-4.544033
-1.848547
-4.101971
7.174698
6.355477
-2.305400
-7.902395
3.646884
-3.356473
-4.920581
1.37368
-0.602799
-8.869233
-3.656571
-7.911609
-4.205423
-3.838610
8.985213
-9.765936
6.807872
-2.225213
-2.632695
-9.144734
-7.910909
5.314616
0.680933
8.649946
2.1204
-0.377684
-5.241642
2.993735
7.694347
3.708378
-5.105095
-7.608252
1.540622
-5.240311
2.126065
-1.812065
-7.720192
-8.738325
4.936534
5.917620
3.550815
-9.525394
4.752967
-2.406253
-7.872917
8.105468
3.386196
0.555676
-5.839122
8.352877
2.790732
0.547244
-3.937028
-8.673723
8.890922
-1.589830
-3.180835
5.872875
5.208742
1.882783
5.603375
-8.508317
-5.689510
2.720280
2.840938
-1.693901
-7.91234
2.269482
-4.966969
7.120230
-0.646885
6.646805
5.612680
-5.330183
-0.721917
-5.144449
4.219598
-6.333560
-6.558364
-0.733132
9.243444
-5.847330
8.124738
4.12695
-3.184926
-2.48703
-2.193858
-9.317576
-0.776382
0.328074
-0.339083
9.445488
1.671959
6.191653
-5.273908
-2.243310
0.826465
-8.114606
-5.893569
8.613969
5.428742
6.984771
0.445215
-2.906401
2.247568
7.674283
0.847345
9.986354
-7.424869
-9.753959
3.706756
5.10352
-6.61135
5.467489
0.242111
4.602631
-0.597751
1.937683
-2.940002
-1.381091
-1.105376
3.451942
-0.382628
3.85745
8.236596
-2.141792
-1.528292
4.255265
2.437317
-2.484370
-0.494041
-5.927776
-4.770347
-8.499672
-3.505800
0.552653
-0.830864
-2.187780
-8.609755
-7.521657
-6.193797
-2.332932
0.465766
0.169786
-6.396130
-9.419612
7.326513
-6.747287
-5.619617
1.367154
7.403693
-5.801905
2.46438
7.36270
-5.340796
3.745668
4.876325
-3.293763
-3.253248
-8.708449
0.660089
0.85856
4.913528
4.462508
5.199763
-6.147446
-0.374562
0.711975
-8.380171
-3.956199
-4.478070
-9.655932
-1.306366
-1.927842
3.690148
-2.505764
-9.310656
-3.431337
-3.131445
-1.546950
-0.45006
-9.512955
4.301758
1.941501
-5.468455
5.739767
-2.501107
-0.661502
-8.998365
5.797648
6.251449
4.52560
-9.770486
-9.835107
-4.225284
-9.140780
1.245392
9.430034
-6.406683
0.71860
4.381766
4.330823
4.574962
1.453253
-1.893540
-6.102321
-0.585362
-4.686023
0.835641
-3.682013
-7.772089
-0.150876
5.847680
8.164261
9.74824
4.531472
9.273973
-0.352489
3.395819
-2.951384
3.300482
0.727264
-3.284292
-9.742050
1.451999
3.639423
-7.961454
5.663484
8.691900
5.453384
-6.536149
8.321961
-4.141644
-2.119216
2.191577
9.768621
8.469020
2.361785
-5.681995
-9.265293
7.793691
0.39279
9.152933
8.498685
-9.757150
-2.486799
-9.251809
-0.809801
7.545968
7.339777
2.175316
-5.353068
1.600297
-1.717647
-0.447169
-8.240861
-5.770852
-4.965892
0.38522
-3.680641
-8.345633
-5.86000
0.707351
1.384035
8.235267
5.452625
5.321082
-2.309658
4.780138
2.447221
-1.576201
-7.444417
-3.607499
6.218380
-7.808451
-9.618508
5.651704
3.676198
5.501793
0.190807
-7.83019
-6.386448
-8.937811
-3.853757
-3.368287
0.928568
2.291815
-8.228880
-0.705656
-4.793368
-9.656305
-8.156454
-6.379814
3.33737
-5.18610
-7.86052
-8.655984
5.82192
1.674334
1.212548
-9.176759
8.626818
7.556196
7.56042
7.861087
5.812486
-2.12397
7.112522
-0.821765
1.641919
2.247438
8.270399
9.97248
-3.149446
7.829805
-0.506612
-8.108437
1.927094
-9.707816
2.156259
4.65791
7.609069
0.942548
9.446042
1.185991
-1.664653
8.968081
-2.301315
1.746546
-7.494460
-0.241254
3.712743
8.19393
1.233753
2.928216
0.447517
-2.120496
2.475900
-5.626253
-7.393320
-7.419020
9.983496
-2.357146
3.120867
-9.973161
5.743833
3.939495
-7.701289
7.439957
-6.379666
-3.160323
-8.880424
7.632686
0.392362
-9.89141
3.425366
-6.65692
5.494551
6.13258
3.401064
-9.152429
9.508608
-5.215047
7.774789
-8.937939
-0.632712
-7.339330
-1.145585
5.76433
-6.241777
-3.551288
-6.423987
-5.876074
8.231991
6.645309
6.89189
-1.340168
-0.821389
0.750495
-1.567441
-8.168247
-4.713235
-1.82830
5.426070
8.135318
3.299715
9.860978
8.884801
3.349381
-2.817034
2.172472
0.600829
-7.94360
-0.900817
-2.278637
-7.165760
1.227602
3.803492
-7.39015
-5.43310
9.574504
-0.667535
-6.295444
-6.817955
-5.983409
4.437117
0.784618
-4.882434
2.35601
-1.27318
-6.425028
6.913328
-3.721807
2.933293
8.490210
4.527876
-8.346006
-6.838283
8.889507
3.849060
-3.533976
5.665785
4.296258
9.68813
-0.367913
-2.472197
1.63777
0.370255
-6.195123
2.93749
-7.109442
2.333059
-6.432135
-8.702114
6.993656
-5.290170
-0.512421
-1.994084
0.101240
-5.902194
-1.391562
-5.543426
-4.754764
5.747383
-8.3631
-8.981016
-5.723766
2.94240
5.930720
-1.639065
6.584688
-5.301565
3.455481
-6.859047
5.97427
1.538535
0.687272
-0.607417
-6.152872
-4.551465
6.380593
-3.749698
8.24543
5.120911
8.740916
-2.910920
-2.404740
-1.767502
8.476938
-7.183344
4.272562
-1.136155
-3.350253
7.669621
8.325289
6.353593
1.702845
1.645869
-7.727847
-6.428557
-1.387063
0.704406
-8.165799
2.743077
-4.295285
5.919852
-8.188015
-1.270696
8.291664
3.920142
4.191243
-6.518265
7.134554
1.97356
9.527582
-5.649798
5.923978
-0.722160
-6.844548
-1.284434
6.708808
-5.906586
9.530275
-4.930129
6.775768
-3.908833
-5.682918
-2.317220
-7.457608
-9.831930
2.417798
9.85923
4.540712
-2.980668
-9.116164
-8.758838
-7.344893
-4.578697
4.730946
-4.93305
8.618620
4.981781
5.701055
-6.943700
-3.290719
9.302399
0.628538
-1.676762
3.718288
2.597664
-4.599324
-5.948429
1.67916
-9.488062
-8.138996
-2.312837
-3.918419
-0.638660
5.823486
7.381448
-7.209884
6.210241
9.468442
-8.41552
8.942942
-8.256074
-8.256138
-7.320730
-0.512195
-3.77833
-1.143652
-4.811920
5.64420
-5.634910
-6.950738
6.335328
-4.91079
0.846528
-1.794790
6.170505
-3.54987
-5.80263
-6.162058
-3.400994
3.285132
5.953468
1.235192
-8.565075
-4.581776
-6.625135
-3.76598
4.662403
-4.592791
-5.336205
7.450548
-9.878763
-9.393276
1.733874
-2.737639
4.433117
-1.898143
-5.276367
4.379711
-1.788947
7.655336
2.413265
-0.430766
1.282567
-8.847900
-2.437906
-1.190387
1.676682
-6.493406
4.318969
-8.554366
-1.1081
8.128933
-3.656764
-2.698705
3.803827
-3.629971
4.253734
-2.337520
4.506824
5.614204
2.593856
6.840894
-5.781299
5.632593
-5.648768
-1.262941
-6.373255
3.772430
-8.840176
2.881794
-5.36266
1.265915
-1.968802
-7.943847
6.71654
6.273777
-6.740603
1.665166
7.57224
-9.752098
7.787804
0.714477
-0.628348
0.218885
-3.184793
6.329900
3.800528
6.334059
8.784366
-9.690977
-4.668097
8.276877
-6.423619
-7.856919
-6.242074
-0.227853
0.77196
-6.679712
7.324183
-5.334432
-3.624959
5.715677
6.388853
4.129642
-2.881891
3.717253
-4.909505
5.199251
-5.284361
4.222058
-3.764441
8.215666
3.806562
-7.165479
2.27653
4.61526
-9.629702
5.532709
3.104606
-4.129761
-1.848206
-8.895334
1.97079
-0.360708
-4.543141
8.435507
-6.749309
1.78094
7.617927
5.209343
0.703126
-7.207884
-3.471998
-2.884320
-0.574494
-5.457115
-6.216731
-9.311904
5.909181
6.809276
9.234247
1.464886
-9.716859
-6.313082
-4.935384
3.611420
-2.435418
-9.520730
3.916415
-3.727081
9.115193
1.928956
9.63705
6.649223
-5.529868
6.281483
5.823225
6.937107
2.184870
-9.217145
4.726924
-9.450037
1.594369
-3.115565
9.447002
2.130470
-6.623085
9.690634
-2.128668
1.330017
-3.653013
8.331904
1.831576
9.385239
-0.822329
-4.110933
-9.346119
-1.479659
3.32281
4.436754
3.903807
7.581337
-0.398300
2.902049
-1.774512
-2.545556
-3.13017
-0.483768
5.443973
6.562150
-6.55443
-2.683482
-0.896304
-6.288278
-3.974969
0.919731
-9.253035
0.114317
2.194213
-6.137741
6.758568
-5.742410
2.421172
0.626430
-9.743423
2.110833
-9.355945
-5.308525
9.997290
-9.421816
1.51562
7.306687
7.284882
-3.868094
-8.958373
-5.362935
3.627336
-0.764593
-4.742122
-6.552954
7.242885
-8.900064
-1.691621
-6.546565
3.269525
-1.319120
5.647785
4.508555
-1.48452
-7.461688
-2.402357
8.629027
-4.884108
-4.621476
-8.951209
5.616730
1.761578
-3.708992
-0.800203
-0.548853
-5.860405
8.302773
8.215350
7.883016
-5.657515
-6.529922
0.863174
-0.317309
5.656922
-4.107782
3.771899
-9.892160
0.368628
3.409277
2.560672
-2.608690
2.356101
1.967041
-4.466418
-2.902684
4.737527
2.889656
6.988098
0.433313
3.330425
8.663347
8.48809
-4.764742
2.520138
-9.115201
1.131487
4.913049
-9.311718
-2.510138
4.424031
-0.710912
6.900702
-4.372929
6.444901
-5.773540
9.499333
3.394179
0.350238
0.768842
-0.59268
8.782188
4.578997
-0.773091
-1.880567
-2.367844
-4.137606
-7.927379
9.143171
0.773081
-1.766774
-3.938322
-8.983776
7.468299
-5.156632
-4.568914
5.853050
-0.140527
-5.377098
0.841778
9.77409
-5.508023
4.360883
7.536692
6.892027
2.904493
4.347630
3.204421
-2.901748
-3.789850
-8.637569
-8.20527
1.237263
-4.834070
-4.649448
-0.531260
0.880055
2.833438
-3.351492
-2.544686
-0.735156
-0.173324
-4.313865
2.173259
3.219805
2.126487
5.945867
-9.563699
-6.636862
3.542455
-2.638607
-3.2729
0.659196
-3.968890
-6.468503
-9.82767
3.199823
4.200004
-5.287733
-9.881108
-8.769981
6.624624
-8.981916
5.562769
6.233957
-5.128577
1.810592
-4.160059
1.10414
-1.745855
-7.878364
-1.175800
9.327840
0.131997
2.277884
9.534361
-3.995212
3.639008
9.29450
-6.319751
3.85070
-4.931312
8.926613
9.181113
-4.696407
4.940998
-3.997654
-6.582549
-9.895688
6.741156
0.483709
-9.442385
-1.209104
4.798485
-2.773299
-8.367503
5.742378
-4.192165
-5.393274
-7.872472
3.859262
8.264713
-7.780977
-1.219541
9.712403
4.86503
-9.843498
-9.11304
9.228929
-8.558528
-2.319852
8.597970
-0.356900
5.6901
-8.245440
1.285276
9.551056
7.73137
-9.434068
-6.13186
-6.584351
-8.114919
5.79981
0.655937
5.190327
-6.940100
1.789111
3.479739
-8.204148
-5.871964
1.355660
-8.30850
-0.645896
-2.14478
-6.839785
-2.350573
-6.633345
-7.531598
-6.572988
-4.470094
9.814147
-6.408647
-5.367918
4.565210
3.523778
-8.972710
6.746339
-7.363016
-5.928582
3.877107
-5.738128
2.95996
0.65632
3.243368
9.285141
0.897632
4.20940
6.444177
-7.647082
7.866507
3.458064
8.293767
-9.920817
1.501462
4.50181
8.923111
2.987178
-7.875726
8.120353
-1.810401
6.448666
-8.332945
-7.388236
-0.982457
-1.713524
4.105214
0.613886
7.534935
2.198673
2.566386
-6.515182
7.299541
5.531810
-2.761271
-2.263994
5.808770
9.809583
4.771020
-4.686314
0.686196
-7.153525
3.546364
-3.642130
-0.910694
-8.820816
-8.455381
-4.253853
-8.203409
7.179775
-9.303306
9.417105
4.969840
-2.778104
-1.262836
0.406494
8.438954
5.465430
-4.99808
-8.909727
6.577508
0.185889
-4.250054
-0.102246
8.274277
2.43770
-3.674718
8.492245
7.273230
6.854100
2.888466
-4.95228
-3.627912
3.32882
7.984972
9.878525
7.567060
9.505960
-3.465430
7.648878
8.236080
-9.563046
-8.530529
-4.624723
7.140082
2.339444
4.629301
9.481313
0.360908
0.884248
3.444706
9.652496
-8.693506
8.334142
2.676652
-8.511664
0.399300
-4.530632
8.881552
3.241642
-7.981355
-0.989157
0.360275
0.722623
-5.625435
-3.53684
6.402246
3.238182
-3.551100
-6.839135
4.234813
-1.490565
-6.169437
9.285608
-5.12855
-4.974910
8.511217
-2.283780
0.290266
0.407934
-2.488328
2.525212
9.171080
-4.119440
-4.220785
1.668119
-3.489459
2.567753
6.433633
0.1355
-1.479858
-6.399552
7.233244
8.341208
7.995124
-2.304075
9.354450
-3.548495
9.124391
-2.149591
0.979582
9.365530
-0.798000
2.446428
-5.112776
4.326250
6.545409
5.797822
-0.883621
-9.609425
-3.383168
7.693177
3.581018
-4.734122
-4.271929
9.898873
1.348481
1.561157
-7.137357
-5.27068
-5.198941
1.681890
5.359116
4.463862
-9.853688
-2.523719
-7.778030
1.487424
9.167691
-8.492278
-5.94425
0.470066
3.501084
7.985478
4.886029
0.315513
1.600180
2.318143
-4.750872
-4.814692
4.119030
-7.47052
1.775585
-3.951055
-7.274879
-0.535339
2.147660
4.460325
-3.34489
2.40215
-2.504571
-0.626499
-4.120592
-4.829616
4.733783
3.686783
5.728687
7.121174
-6.351667
-7.620561
-2.420136
-8.844816
-8.397372
5.62536
8.858490
-9.187615
0.332720
-3.926689
3.287665
-2.682872
9.443354
-0.204494
-9.496992
-1.129138
-3.51986
-9.56767
0.646117
8.516752
3.128997
-2.517342
5.722001
-4.796603
1.334943
-0.490316
-5.92340
2.907501
6.106231
0.449921
-3.543394
3.254669
5.204306
-2.812443
5.923894
-0.452385
6.976802
-9.839285
-2.776503
3.88474
8.734589
-2.486163
9.542418
-9.863062
0.136237
-9.891640
4.258408
-1.288527
9.587822
-0.769705
4.899985
3.591307
-5.877366
-4.996515
5.745358
5.975189
8.659973
-6.924754
-0.677033
0.539393
-4.478107
8.552923
8.534860
-7.111874
-9.129112
-2.510467
-3.224678
-4.248546
4.937708
-5.68669
4.246253
7.721403
-9.980282
-9.81659
7.404950
-3.86392
-8.533977
-8.489761
4.274976
3.477443
7.866867
-1.859586
-7.530555
6.306197
0.666674
-7.873698
-2.418808
-9.961979
-0.427963
-2.10147
4.280626
2.201157
-4.357367
7.767763
2.576925
-8.913965
-8.289349
-5.444109
-6.626789
5.807803
-7.55820
-9.617092
7.729376
2.889306
-7.662188
4.969326
1.929816
-8.44932
-5.353490
7.614116
-6.336955
-1.388876
6.629465
-0.589278
8.123567
3.349951
3.691184
2.566074
1.420249
1.714376
6.974954
-4.966258
4.405796
2.650937
9.502147
-4.20000
5.634813
-5.635935
1.983828
6.305281
-0.408098
-8.897154
5.356838
-7.65582
-9.396341
-8.44007
-0.945203
6.578800
-6.989732
-8.47840
9.367240
-4.801241
9.738718
0.809137
-9.118128
6.789258
-2.172478
4.991676
-2.296574
-1.23775
-1.887654
1.895870
5.14681
9.133531
7.419710
7.408069
-7.569551
-1.604377
-6.115780
5.120291
-6.439544
-0.965285
-4.111020
-1.749939
-2.463976
6.165826
5.899495
7.610186
4.393053
8.270530
7.290459
-2.820079
9.693335
-7.648946
-7.12401
9.901827
0.622834
-6.347901
7.101408
-1.179928
5.607238
6.787342
9.616112
-7.140931
-3.978980
-8.66321
-9.811023
7.298989
-4.134597
-3.949978
7.865423
8.353181
-2.829481
2.470750
0.994223
-1.896582
-1.860003
5.783983
-1.278707
-9.769932
-6.528190
0.360290
9.86313
-0.432297
-5.47189
0.943390
8.55431
-8.6146
0.659790
-8.634121
5.592717
7.175520
2.653519
-9.675532
-7.866137
-7.237019
-3.338147
-1.496898
-3.495908
-3.986126
5.433883
1.188250
5.151465
5.120304
-1.598221
7.579441
4.476896
3.117887
2.319101
1.875596
-3.40953
3.859714
-5.692169
9.140984
-4.154808
9.748125
4.897029
-9.173304
-2.583096
5.818899
-7.514835
2.747268
-7.240776
-0.648877
8.647103
0.101592
-3.798419
-5.559378
4.914073
6.358410
6.878517
-7.424629
-4.701349
2.860141
5.537661
-6.332132
4.855697
-2.68902
6.122338
-8.335106
-0.582802
-7.422731
-5.714607
-0.666952
-3.904397
1.614456
-1.28900
3.77464
-3.933452
-8.179961
-5.152241
-0.881481
9.598596
6.93418
7.498473
9.460864
5.598536
0.226259
-8.419764
-7.93124
4.604749
5.865862
-8.817443
3.644489
7.239846
-1.657527
1.229664
-6.811955
-5.506005
6.917802
-9.931508
5.613574
2.419434
-5.63697
-0.729667
-7.805388
1.938022
-0.156468
1.54543
-5.565699
6.869898
6.152085
-2.261037
9.311702
7.946555
-4.115012
-9.826995
8.648336
2.354349
-3.332094
-7.223752
-2.117720
2.396212
5.393023
0.236291
-9.714917
9.453726
-1.198734
-3.278248
-0.198274
9.876613
-6.244775
-0.949038
2.408835
7.687865
-8.515795
2.730716
4.754300
-1.259365
-8.300456
1.992327
-8.688525
6.541135
7.327548
-3.875817
2.616145
6.696250
-9.426774
-9.972405
-7.687493
9.936836
4.427835
-7.310913
8.949580
7.285915
-3.39857
6.442676
3.948097
-3.754856
0.173905
-1.370814
-3.254901
8.554588
-0.251619
-1.238476
-8.752081
3.791877
8.604932
7.945547
-2.73087
2.804360
-8.131693
-2.259963
-9.213954
-8.837565
-3.522965
-8.886301
-0.107469
-0.129597
-9.925089
-3.697791
-3.384539
5.445873
-5.676354
4.25563
-1.812118
9.75878
-6.775871
-7.343841
6.83702
-3.653007
-2.422571
-6.163646
4.430821
-6.475715
5.569508
2.431577
9.402855
6.571922
-0.400679
5.478564
-3.609938
3.926494
-6.720901
3.690759
-6.673635
-9.741549
0.748098
5.833457
1.94517
1.5425
-1.263970
-2.254693
1.939819
3.512055
2.480611
9.690310
5.733382
6.869347
-0.958398
-4.116942
5.481633
-1.991396
-6.326227
2.949653
-6.821035
-8.542587
-2.29532
4.717431
-3.145501
-1.263477
7.33572
-3.582076
2.835482
5.31045
-1.859523
0.510903
9.243087
-3.287821
-2.994914
3.975236
-5.750563
2.101218
7.249190
-9.199708
7.915769
-2.910690
4.391131
0.574124
8.845368
-0.163262
-8.161099
3.320513
-5.632900
0.940839
-4.226688
-1.795130
4.221456
4.535199
-7.453789
-5.639079
-1.870900
2.182823
1.705980
5.243151
-4.374435
3.475709
-6.57875
9.364021
8.681968
7.39336
9.411359
9.548602
-3.584985
-8.769700
5.818807
1.131722
-7.135489
3.737590
-7.512150
-1.304537
5.794366
9.659088
-8.702863
0.74943
-2.716169
2.369580
3.346659
7.868862
-4.471389
-0.640733
-3.983268
6.402600
1.81550
-4.726100
9.95753
-3.81295
-7.674789
-3.934108
8.223275
6.224257
-1.976390
-4.407387
-8.582200
-4.85816
-6.204287
5.756420
-6.873938
6.725033
7.14591
-1.287467
8.364550
-5.40207
3.973525
1.900071
9.378438
1.641145
2.541422
2.942278
-4.712577
-0.323708
-2.449108
-9.555694
-3.562417
0.550828
-3.763379
-3.263120
6.196754
9.722718
7.291473
7.642645
6.484139
-5.308699
-4.40062
7.776782
4.604675
9.244381
-0.452319
4.618781
7.468798
8.533315
-9.616151
-0.81857
8.486991
2.321430
-9.968895
3.324174
-9.544766
-2.655741
-4.632080
0.670010
2.609591
3.899932
3.645782
5.893206
2.709385
7.374050
-2.150322
9.234954
-5.383370
-2.887043
4.872265
7.339528
-0.113883
-5.202688
1.931783
2.905842
2.852894
6.257964
5.739831
4.767295
4.357319
6.158759
1.253471
1.644798
7.137820
-8.734134
2.274268
-6.270284
7.443331
-0.909138
6.337714
7.822300
0.811884
-4.952247
-8.620244
-8.41612
9.106755
7.965993
-1.854282
7.154992
0.787870
2.108829
-6.973749
4.12865
9.428866
6.153534
-0.125415
-4.197405
2.143818
2.188135
-4.130355
-9.844150
6.488278
-9.832562
-9.521802
5.726520
-3.180852
1.159066
2.964151
5.523085
-5.261360
-4.516689
-6.627725
5.922704
-2.353873
5.574180
4.592533
-1.581096
-4.473158
-6.155706
4.783731
9.661457
6.897713
-1.982601
8.928985
-0.649381
-4.846377
0.645390
-5.243825
-1.301851
5.523957
-6.524146
7.695624
-4.493965
6.268084
-2.56134
-9.100988
-1.99850
-9.211788
-8.884599
-3.190426
-0.841573
6.387432
-5.455728
-6.452814
-4.281619
-3.999970
1.716753
-2.496712
8.362063
-8.435806
5.18026
-0.286532
-0.139038
-6.74496
5.505540
1.114255
-6.747018
-2.49221
8.781039
-4.277029
6.28444
3.592135
2.663725
9.737181
3.596939
8.299132
-3.944748
-3.666343
-6.675703
1.341077
5.885595
-6.634478
1.7862
-4.945124
5.415429
8.700398
8.832703
6.12747
-6.769945
7.950008
9.988744
-4.936882
-6.564603
-6.43649
7.448516
9.284744
3.699292
-7.955530
-7.69976
8.372725
-0.624455
6.369961
-3.685028
2.782436
7.366663
-9.583704
2.699987
-0.209316
-5.261683
-5.49143
5.912774
-2.254522
-8.708867
-2.283671
2.924058
-1.561810
5.897324
2.763304
-1.205201
6.476608
-7.527533
5.379425
-5.969166
-2.377710
-8.132354
-6.681615
-1.859293
2.848327
-2.604248
-8.229736
-7.64814
2.282991
-9.221526
-6.598151
-5.678949
2.346935
-1.218518
4.960981
3.332695
-3.78993
-1.765370
4.820952
-5.16614
4.544870
1.205745
5.439649
6.292040
-0.176594
1.889319
-0.602712
7.309733
1.54268
-6.248445
9.345080
-4.238233
7.543908
8.492776
8.911426
-0.164537
-0.372709
4.765679
-8.924612
-8.616148
3.94517
8.957871
-0.401511
-4.256019
9.772619
0.912292
0.7732
3.170638
2.133676
8.783207
0.103140
4.671050
2.692682
-8.607687
-0.224456
-3.752288
4.47798
6.230052
7.641486
2.303664
-5.497737
-7.52431
3.722333
0.567703
7.564966
-5.141899
-7.979393
-1.966509
6.385278
-8.160312
6.907759
-7.722137
7.110372
-0.441273
2.487210
-2.53507
-8.536104
5.459085
7.509442
4.820850
-5.692868
-5.228637
8.99207
-7.997259
8.46834
6.472386
-6.542557
0.305144
-3.506551
8.788265
4.970302
-2.550399
6.580988
5.817105
5.826455
-7.174004
6.1650
9.321492
0.67335
-2.689866
7.800340
-2.855574
-6.545001
0.11696
3.696934
-0.571571
3.721820
-6.651079
-0.851139
-8.831442
2.445541
-8.386305
3.398723
9.582003
2.449756
-0.48816
-5.367922
-4.949630
-3.66380
0.773781
5.827393
-1.713871
3.499966
-6.250315
-9.331079
-5.536010
4.588167
-5.5553
-3.76956
5.418769
9.204504
-6.267207
-8.946100
-4.818888
3.897268
0.394525
-6.882231
6.82206
-6.161881
-9.972397
2.377898
9.307575
0.664083
6.846147
2.952122
7.915413
-4.333891
-0.59128
-7.557104
-4.926905
-9.909608
-2.848957
2.491527
-5.337286
7.152900
-0.269449
7.222943
6.634253
4.508932
-3.923936
3.814387
9.901141
1.935054
8.894929
-2.116008
-1.495559
-3.944458
7.344936
-8.295552
-8.958187
-2.821590
-5.263660
-8.108323
8.19663
8.843827
8.532939
-5.518762
9.135189
6.957700
-5.543398
2.335542
-9.243740
-8.116948
2.479398
6.668376
1.353134
8.803121
-2.241280
-6.334568
-2.559213
-8.388207
5.635939
3.203549
5.542443
-1.31200
5.334883
8.949051
4.334515
1.352563
0.298748
-7.647608
-7.704383
9.281789
-9.455444
-7.794067
3.108783
-3.965233
-6.365829
-1.445760
4.195430
0.158238
-6.186077
2.522689
0.768668
-9.436118
-2.193413
8.393689
-7.840065
-4.322879
-5.143993
5.378974
-6.448732
-9.989206
-2.203946
-2.151747
-9.863809
1.191367
-6.116177
-1.456401
-1.597308
-1.837646
-1.825022
-8.780173
-7.468536
4.894610
1.819759
1.385470
-3.73328
-0.732812
-6.326033
-7.564774
5.123625
-4.705015
0.315282
5.755798
7.462681
-8.629345
9.649478
-7.879498
7.158636
-7.114533
3.158868
-1.740373
-5.364605
-5.719160
-5.472137
-6.3698
9.988857
9.576497
4.190314
-1.976673
3.740516
3.339569
-8.37655
7.336012
-7.612900
-7.204428
3.496068
6.77499
-8.681533
-7.150556
1.49342
-5.501515
-3.244795
-8.594464
-5.306322
-0.359401
-5.866694
-0.477680
-9.104561
-7.389620
-7.447391
-6.469446
4.712511
9.24839
-8.158295
-8.101367
6.857755
-2.416315
-7.869896
-5.408813
-2.42443
1.994949
5.638605
8.11066
6.448344
-7.596044
-8.625890
5.550302
-2.446779
-3.513207
-3.900141
7.140573
-7.768720
8.29379
-1.549717
-1.119704
-9.615094
3.386229
3.943494
-9.391449
-0.119714
-5.575681
-0.745148
3.856979
3.936012
0.140544
-0.604645
2.669718
8.784783
-4.787032
-1.634335
8.336430
9.437322
1.575617
4.762381
-6.995013
3.320503
-4.913797
-6.325198
3.1484
-0.972216
2.137534
6.154363
-0.307777
5.627153
-2.662210
6.565355
-4.918979
-3.658367
6.694310
3.967313
-5.564385
9.577561
-7.784693
3.42760
0.771423
3.143929
-1.764923
-8.336829
-2.611725
-4.925700
0.396737
-2.877618
1.805665
-8.272849
-8.557901
-0.655836
7.887157
-5.198366
0.914660
-0.37524
1.55526
-0.106200
-0.860261
5.141839
1.578087
-2.347567
2.531986
8.533971
-4.44594
-4.758164
7.158348
6.293178
4.772920
0.865915
5.647629
2.373131
7.219056
-7.950326
8.903770
-6.207466
-3.787114
3.555802
6.391148
0.615171
-5.984366
-0.89340
3.69577
4.328587
-6.64735
-5.709033
-0.299006
5.890180
-8.621458
-1.320398
-1.677895
-1.755686
-6.417689
-7.228595
6.689671
5.394568
5.101450
9.968665
7.322095
6.418308
7.123220
-3.117163
4.773269
0.343298
-5.261224
7.463521
0.157657
2.163448
-4.520346
-4.168554
-4.206891
-2.136077
5.45451
8.520943
-7.891140
-0.220777
-2.735239
-6.217182
-7.589488
4.440913
-0.640909
7.867373
-8.359639
9.568099
-1.204996
-8.509059
-7.358503
-5.854779
2.999256
6.630383
-5.133763
-9.665320
8.858570
-2.486782
-1.893253
-0.371911
-0.902631
-7.126716
-1.723968
-1.731085
6.832972
4.236521
-4.594161
-3.951343
-3.378066
0.249118
-7.301628
-6.787187
-7.922978
5.298489
6.387337
2.830432
9.11498
6.257472
-7.169155
-1.951545
8.146405
7.563181
4.122060
-7.789596
0.228874
2.57307
6.456566
0.801574
-0.62761
7.649732
3.967102
-6.884799
-9.562243
-1.723403
-4.99363
4.39447
-1.747473
-4.850306
1.299288
5.988837
-5.651720
-2.622269
0.171318
1.254551
-7.654105
8.790022
8.492733
-4.290089
6.923210
9.593955
8.770223
8.82065
9.125368
5.505839
5.529426
1.941357
3.282585
-1.526030
-6.505968
0.252458
-3.480638
6.608556
-9.70067
-2.911063
-8.887650
-0.99191
6.585135
-5.125658
5.54714
-5.704296
-3.546889
-3.750566
-3.453947
1.828351
-8.644681
-4.557044
-8.355460
-8.565368
-8.960503
9.980429
-7.251804
6.512147
-2.908933
-5.534824
-3.412013
-1.102629
2.31677
-9.998096
5.44266
-8.159805
-0.113523
1.902409
8.651373
6.397778
-3.601743
3.118214
8.595439
3.102200
-6.764155
-6.185076
4.552906
-7.930887
-0.585937
6.488355
7.433788
0.615973
5.559251
-9.135434
9.426242
-5.392179
-7.530025
4.91584
1.589005
3.963923
-5.718460
-9.297333
-2.803170
3.267649
-5.205218
4.660143
1.792231
4.231355
8.396278
9.938373
-7.255419
-3.465510
4.686862
9.547618
-9.117273
-1.709039
6.991640
-6.550686
2.317064
4.909415
-1.299742
-8.954537
-1.489773
1.464703
-3.531112
4.631595
7.674683
5.190401
-9.270333
-3.536189
2.435540
9.719551
8.169202
-9.104015
1.791640
-5.437295
9.217474
-4.924410
-6.822161
1.307006
4.317318
0.624869
-6.695169
-5.215081
-9.732222
-7.396569
0.884458
-8.220233
-7.954579
9.920912
-1.28648
-6.577529
-3.71147
-3.966572
8.277563
3.535232
6.854822
3.460072
-2.508679
-2.303680
0.348562
-8.627920
8.861305
-8.701568
8.769076
-3.371822
-7.947100
1.196033
9.592087
-9.924719
-2.49991
4.285221
4.255280
-4.171688
-7.765878
4.253721
-4.548138
-7.566292
3.495711
9.356382
7.36515
7.81109
1.67693
-8.100119
6.628607
3.963423
-1.123447
-2.996206
-5.41772
8.768823
9.481040
-4.559689
-0.632690
6.561348
-2.79937
6.441180
-2.533251
-9.819603
-9.12621
-1.188039
5.786928
6.375632
6.239372
1.149780
6.762192
-0.358839
9.709793
6.846842
-1.885334
0.288275
-0.444752
2.874928
3.692616
-6.449157
-7.761024
8.289526
8.481736
-2.493804
2.805585
-2.7907
2.320537
4.773571
8.410346
7.863552
-9.210889
-3.564999
8.334358
-6.601272
9.668994
6.66497
-8.498171
-4.750945
-0.233155
2.184175
-2.270136
-7.736879
-1.492299
-9.213485
5.296337
-6.593483
4.425904
-1.721998
1.389399
-5.637073
-3.881475
3.432685
2.63876
1.773138
-2.54273
-8.229220
3.305884
-1.637508
4.481309
-5.763987
-0.832740
-2.931163
6.140607
-0.279078
-9.464201
-7.881321
-8.596937
-4.109218
-0.685463
-7.75178
5.462538
1.634032
-2.842891
-2.65061
-7.30380
-6.67889
7.738367
-3.500423
-8.559703
5.338310
-9.473318
-4.846201
4.889646
-1.667528
-7.952985
-6.316644
-9.471371
-8.755756
6.807307
-7.623684
8.452524
0.642918
4.642382
-1.107875
-9.285773
-9.189331
0.699872
8.897981
0.925579
8.435427
-0.51757
0.720757
3.109163
3.59866
2.637927
7.390078
-0.384208
-5.875037
0.362987
2.440467
8.445787
-1.884969
-1.87863
6.460466
6.186658
-1.735778
-7.940820
-8.273157
-2.4897
4.459699
4.777600
4.894771
4.970482
-7.163468
0.97956
9.543367
9.721737
7.816585
2.758598
-6.473354
-0.396280
4.95487
7.291731
-3.126880
-5.660800
9.47772
-2.161521
-5.418960
7.178774
7.320302
-9.284013
-0.64749
-3.514776
-0.238309
5.212166
9.623005
-1.239309
-9.485546
-3.634874
9.208541
7.182600
-8.851003
-5.75816
-4.860226
-4.884053
7.245255
2.970846
0.298915
-8.562401
2.519900
-9.161120
-8.365988
9.262695
-7.626621
-3.100998
8.346625
-9.443980
2.554582
1.97393
4.251185
-2.852614
-1.702045
-3.864226
3.853933
1.425828
3.792077
1.608388
8.597720
0.278323
-5.768719
2.793802
-0.52523
-7.912239
2.932412
-9.5974
-3.533329
-5.759732
-7.656030
-2.553842
1.15569
4.561112
-6.384294
2.851103
7.224236
5.646665
3.735740
9.321736
5.364983
-3.936417
5.617079
9.174505
4.461311
-5.212246
7.775183
2.36760
-2.906453
-6.692692
-0.36569
8.19453
-9.952370
-2.604041
-6.251916
-7.497573
1.253253
-3.935015
-2.97889
1.275205
-9.743047
-0.157446
8.104947
8.84769
-5.690728
3.307117
-0.785040
1.348733
-1.193917
-6.539980
-5.708659
4.97641
6.610640
1.413790
9.165245
3.359020
-2.691010
-5.969102
4.230055
3.863971
2.112598
6.979803
-0.1389
-1.162432
-4.66973
-7.450576
-5.359871
-5.15406
-8.901252
-2.598948
-7.900050
-1.63958
8.248118
8.590181
-9.174918
6.693055
-3.451711
2.268628
-4.976189
0.284661
-0.250378
-8.98351
-9.409870
-1.344630
0.800069
-1.457785
0.193150
-0.180823
-8.906257
-8.599507
-7.640897
-7.659377
-6.602046
4.19350
4.73720
4.348483
8.777863
6.238083
-3.260901
1.747570
9.813389
9.842056
-8.413882
-0.293337
3.586953
6.953298
7.601778
-8.984104
6.401610
9.314131
-3.522682
-7.277641
9.193712
-7.164412
-7.567075
-9.718124
-5.558991
-5.315531
8.168567
2.540708
-9.547813
6.830781
-8.565340
-7.869889
-2.247426
-1.320727
0.405573
-7.796178
-1.730626
-6.986170
-5.310381
7.516648
2.963378
-9.64455
-0.629568
8.762021
1.898762
6.157919
5.556302
-2.979169
0.773354
1.977893
7.354075
3.128316
-0.465028
3.931287
-5.277920
-1.63918
4.121165
4.618228
4.644870
7.232553
9.728410
1.730485
6.592315
-2.594030
-9.540005
-8.868518
-8.343043
3.210557
9.973583
0.942502
-6.633963
-9.11344
1.655453
2.679505
9.878226
-9.117674
-9.104824
-2.395980
-6.970309
1.633871
8.364559
-6.32801
2.766912
-2.548274
3.824526
3.357235
-1.243024
1.603058
1.55566
3.245418
-9.921518
-8.812276
-2.648178
1.54243
-5.108148
7.866251
-3.713422
6.992705
8.914657
2.969212
-0.582521
-7.421251
-5.980396
5.915407
-2.938495
-7.411532
-5.968546
1.230712
-6.110362
-7.61455
-8.750565
7.58604
2.985669
-8.331376
-7.644001
4.748068
-2.517166
5.194317
-5.415285
0.202932
-9.351732
-1.750499
-4.727862
-4.964702
-3.482560
-7.905934
-5.617429
0.814114
8.521399
-9.653941
7.180952
-4.684953
-3.103547
3.417131
0.57464
9.479393
9.578099
-3.838479
-9.523949
0.228521
-5.530000
-3.695305
1.783038
4.811574
-8.79584
4.780125
-5.144915
6.207470
-2.162109
-6.940469
-6.261835
-5.994290
0.855631
2.639128
-9.760426
1.251143
-7.984508
3.610654
-1.460048
-8.537737
-6.14013
-4.69828
-0.422840
-4.143892
-2.199172
-6.162495
-7.480552
-4.280498
-1.884459
7.332737
7.370205
2.10511
0.948961
1.484945
-8.946389
3.412877
-4.664535
2.362629
7.230982
3.915351
3.872559
-9.397143
-3.967043
7.470594
-6.546924
-9.956460
-0.950344
3.29436
-6.837096
-0.317019
-1.6942
-9.437231
0.677714
-1.667584
0.550732
-0.526332
-7.305934
2.337387
7.450245
-5.12615
-6.389938
-4.952419
7.710569
-4.613351
0.178413
-8.835793
6.514720
0.912434
0.391564
-7.183091
2.202367
2.321951
6.971690
4.602277
8.200657
-6.313755
-7.414383
1.936533
-5.942345
3.236212
7.167857
8.744221
1.402537
3.853223
6.763863
-2.685190
3.659887
-4.993888
2.57285
4.267619
7.153856
9.622286
2.625329
6.357202
-6.463960
6.91312
2.624107
2.544362
6.313566
-6.806933
-1.207552
2.717792
5.175954
8.553730
6.969749
9.624667
-3.832239
-3.523201
6.150438
-5.172646
2.309687
6.245770
-8.241467
1.699317
7.988895
4.874065
3.556368
1.212043
4.351332
3.515167
7.487519
1.938597
0.490687
3.769119
-8.647446
-3.105982
6.719687
7.112669
-4.378345
-0.313930
1.726357
-4.339530
6.354890
6.981095
8.255524
-3.180629
7.864725
9.656405
4.595221
-4.831611
-0.54575
-6.573799
-0.151405
-3.545214
5.454542
5.384637
8.209564
-9.2043
0.490469
9.509823
-7.607976
3.239742
9.376424
-7.992357
3.889364
-3.198540
-4.542218
3.156439
-8.153872
-5.912861
3.263688
-6.932711
8.259460
-9.631530
-3.513663
2.677737
9.337083
3.356428
1.392177
-8.555902
-2.195567
-1.333043
-4.574833
1.72342
8.887137
0.473760
3.249551
-7.424074
-1.515725
-6.531325
3.980698
-0.471819
8.277135
-1.740366
2.402927
-9.121477
-4.643612
3.995200
-3.849031
1.358977
2.954252
1.382192
6.608213
-1.408126
3.380759
3.588830
2.193724
7.565230
6.59775
-2.585888
-4.699472
-6.112446
7.157852
-5.926875
0.491859
-3.256292
-4.210286
7.119745
2.892391
0.76654
-5.203858
3.287407
-8.766414
5.467072
-1.613394
-6.608307
3.89641
-5.217360
0.986664
-3.246584
4.872450
7.334865
-7.16023
-0.556841
-7.849092
5.789889
7.764
8.159091
4.346452
-1.171677
5.187951
-7.127450
8.586269
-5.722260
-5.978649
8.847297
1.584494
-4.949584
-9.29608
8.233310
4.153695
0.510974
4.76202
1.164849
-1.211284
-5.861605
9.207766
-7.855762
-8.22953
2.179652
-4.605146
8.688239
-4.247443
9.815134
5.980857
-2.77352
6.410861
6.498500
1.499361
-5.243543
0.451779
-3.795669
-9.402663
0.375383
-2.952440
-8.596132
2.186460
4.791566
-8.877388
-6.473533
8.846015
9.632178
8.375700
-3.152782
1.128274
9.546164
-1.268058
-4.501722
2.135623
9.676361
-3.303590
7.171511
0.935659
6.392534
-0.324566
1.261667
-7.764838
-4.277644
6.298587
8.843378
-3.155562
-6.719621
-9.298521
-4.327629
1.182329
2.331413
-9.371012
-7.487586
8.472703
1.720101
6.219667
-5.817415
-3.661876
-3.645102
7.403523
9.98117
-8.275048
-7.202376
2.898174
-5.498065
8.194764
-3.291859
-3.477215
2.170138
-4.795867
-6.678968
-1.564756
-8.767125
4.47367
-2.736774
4.162372
-5.512427
-1.506560
5.959644
3.199309
2.924235
0.982189
-7.711477
1.632391
8.733986
-4.220010
4.342836
3.436229
0.162067
-6.165450
-0.849903
1.346245
1.413174
7.253066
3.280446
2.993380
5.619336
-5.417469
6.414051
-4.779220
-0.308842
4.165533
5.463106
8.968686
2.729639
4.999093
6.423068
-7.30344
7.843832
6.306826
5.651339
-8.285253
8.707111
-4.628389
-9.714183
-1.182127
4.284935
4.849092
-4.343531
-8.413967
-3.742203
-1.694493
4.617083
3.439499
3.931160
-0.372512
-2.273286
5.769170
2.793987
-2.761787
-2.968142
1.205543
-5.672227
-1.347653
5.200506
5.476778
1.175562
3.719928
0.656570
8.345674
-5.610418
8.585789
-3.589745
-4.329396
-4.949483
-4.647838
-9.639292
-9.692427
-2.656337
-4.907257
5.342803
7.737881
6.303336
2.139900
-2.719776
9.457773
7.726402
7.315301
5.26346
3.653522
-8.958618
2.426127
5.261593
7.653595
5.466139
8.899731
-0.947500
-6.268657
0.99482
-1.612897
9.638226
3.302238
-9.707075
2.958834
6.870559
8.424437
3.784660
2.590518
4.18088
3.756411
6.680041
-7.680836
-7.980325
-0.398198
2.590706
4.761274
-7.400379
2.234423
4.578707
0.492282
4.628670
3.430137
5.871866
-1.699098
-2.81781
3.2405
-4.877055
-7.136877
9.83234
9.815606
-2.430540
-9.598966
-9.623121
9.726432
5.384086
-9.950290
9.398536
-0.997134
-4.369305
0.16786
6.212340
4.636009
-2.968629
7.739580
0.798006
8.283667
1.957839
-2.737251
-0.856328
4.410128
-4.890934
-7.960120
-6.531473
-6.993210
1.560782
-4.315970
-7.293883
-8.855225
6.653225
-8.803821
-9.89916
0.491105
0.573652
-0.993380
-2.960371
-2.891415
1.253154
-0.927773
0.945109
0.190819
6.165338
-0.597358
-4.122889
-0.226911
-9.649005
1.187177
-2.674150
-9.35060
-2.39862
-4.28532
-5.927550
-5.627850
-2.605905
1.393187
2.982906
-5.968549
-4.633382
-1.820343
-9.868307
8.946851
-8.376149
-7.729764
-7.47858
-7.387731
1.742763
1.589679
9.336245
-9.235616
7.215565
-0.253905
8.25103
6.727203
-6.441210
-2.839069
-6.147692
1.16084
4.664125
-0.249614
2.323963
-2.927036
-3.87364
5.765202
-3.72048
-9.130160
-8.365429
0.277112
-2.801056
8.119699
-3.537031
4.437713
-1.284948
3.454885
-0.193640
7.32719
-5.392557
-8.15918
5.8832
-9.674840
-7.798615
-1.79370
8.803713
-2.996748
9.385678
3.928065
0.495682
9.719871
9.649418
-8.432098
-5.833875
6.695066
-3.942707
-8.664161
-2.624630
-5.412516
0.641626
-4.226445
-8.444087
-4.579255
2.784352
6.80059
2.453144
-3.672204
2.708476
9.755602
-3.362652
-0.438536
7.31876
5.118800
-1.406852
5.694649
7.94263
-8.893057
-0.604129
-2.129511
3.880914
9.870374
3.334114
-6.921551
-4.64785
7.597690
0.764389
-8.991237
-9.458747
-7.307901
-7.434864
1.997614
-3.255299
-3.652008
-1.766994
4.384611
-7.133974
-4.435522
0.477811
8.969319
8.665646
-3.962150
5.297365
2.703169
1.814712
-7.522496
3.70226
0.35812
-2.312313
5.52913
8.387123
-7.679507
-0.349494
-4.214846
-7.229820
6.942847
-8.984323
-3.602283
-3.304318
3.549173
-6.161103
6.58620
5.755690
4.540317
2.548156
3.546202
4.468122
9.898835
-8.339271
-1.234536
0.70303
-1.28569
-1.587836
-7.45471
-0.137345
0.645468
-2.641392
5.195343
-6.826782
-2.880725
-4.410085
-0.801987
-8.768640
-8.659540
-4.173180
9.55732
7.250045
-7.256792
4.678258
5.818761
-0.260177
-0.647259
9.554979
-4.739028
-3.256074
-5.654273
9.996180
-6.266269
-9.363376
-3.626771
5.807343
0.459043
6.126792
2.914778
-1.352121
9.576166
-0.781438
-6.92976
7.706125
-8.480371
0.780086
1.15356
-4.537224
5.597978
5.857159
0.520651
8.611481
8.412400
-0.180199
-8.593137
-9.502679
5.169002
6.239367
9.785104
3.28889
8.259501
-1.98509
-3.91150
-1.987340
-6.666809
-3.789030
-7.644996
-8.726452
-4.676544
7.410049
4.762737
9.343478
8.450063
-7.142764
-5.676763
-2.16078
-8.940795
7.498975
-4.711490
6.692669
9.299673
3.569505
9.597293
-5.311791
2.409548
-9.967351
-5.520581
9.205538
-8.294293
2.88301
6.100100
-0.105543
3.235845
-0.549450
-3.66404
-1.937164
9.467111
2.301243
3.682363
-4.287015
-7.557953
-5.257914
6.246727
-4.490809
4.616572
-4.849835
7.690324
-9.111539
4.96102
2.388209
-1.164176
-2.272733
7.734329
-8.211665
2.983829
1.9425
7.739452
3.210844
4.629138
-8.804981
-0.343024
-7.343369
-8.395206
-8.283436
8.41159
-3.767482
3.399569
9.920885
-5.632671
-3.217292
2.478114
-9.973091
-7.476489
8.751387
4.804948
0.737391
4.431256
0.576867
8.769412
8.137697
-0.553579
6.730290
3.391507
8.820615
9.745632
2.117682
6.495248
-2.585078
-3.114368
8.712257
-4.700077
5.937205
8.250658
1.584698
-3.190057
-3.140599
6.720158
5.328302
3.885918
-4.25676
-3.997572
-5.763369
7.296158
7.588779
-5.908972
-6.61685
-0.817013
-5.573508
8.940741
-7.688126
-8.469711
3.355428
4.559215
4.505285
5.14252
3.831748
2.108161
0.822386
2.75854
-2.982933
8.255881
-0.111127
0.453171
2.81727
-3.65142
-8.626177
-0.389080
-5.106712
-8.591024
5.244286
-9.608526
-7.681316
-2.742379
-3.604223
-1.339277
9.889215
8.832076
9.984871
7.437462
-8.130589
7.752378
8.321597
5.160970
4.862415
-4.414867
6.348928
6.496348
-8.965288
2.94485
-0.476145
6.93203
0.717891
1.461336
4.293062
-9.294796
-3.564385
-7.695301
-6.625682
9.429534
4.730587
-8.773125
5.165676
7.622259
1.885253
-2.75235
9.531480
-6.659557
1.807894
5.477713
7.106478
-3.341128
-6.450395
0.723172
3.869485
-0.235398
3.752129
2.252255
4.264828
0.238785
2.784963
2.895858
-7.664675
0.325655
-2.372840
-9.582940
-2.767104
-5.6068
7.995134
4.876336
-4.79208
4.850690
4.480259
-0.617239
1.916593
9.747223
-5.217067
2.341254
6.779341
-8.371927
6.564021
9.11157
1.54464
-9.144336
-3.520299
0.51838
-7.7055
0.621727
-3.697165
2.465494
-5.198202
0.163902
6.291155
2.728284
9.833650
9.463740
5.234199
-9.395779
-8.503604
0.36456
-9.387023
0.634513
1.145970
7.918004
-0.51503
-3.495764
-6.998011
-4.775311
-2.201621
6.539931
-5.194872
5.697763
-1.608816
4.466143
2.446786
-9.38339
1.841697
9.831211
-9.177666
-4.545522
4.432977
8.38235
-8.41548
8.734073
-2.360445
-1.270666
-5.928477
8.84429
-6.134300
5.581694
-7.979420
-1.714501
9.421449
4.762588
-5.172272
0.702006
8.331201
1.574221
0.206377
4.945642
-1.364651
-9.625572
-2.458873
-5.473370
-4.135205
9.407518
-1.328646
-3.256640
5.22710
-6.837226
3.213007
0.648438
-9.665402
9.821800
7.851704
9.664615
-8.498497
7.830882
0.229847
-9.346045
3.761170
9.454643
8.140964
-1.241583
-5.551792
5.727511
-3.503451
-0.694461
-6.874761
-5.283432
-8.866117
-2.987467
5.789405
3.730806
-0.317744
-4.652719
1.175955
-9.216097
-9.513433
6.123378
3.883158
1.522133
-1.688740
-6.564735
5.455566
-7.245640
-2.599573
8.15862
6.841741
-6.823409
-1.306913
-4.569774
3.582987
8.454813
-2.975891
-9.665308
-8.283280
-2.333258
5.26056
4.236435
-1.247826
0.959052
-3.324876
6.651054
6.184746
3.760048
9.513326
1.653241
4.395888
1.254702
-9.385765
0.672236
-7.152599
3.31947
-3.358663
-4.104666
-7.31948
8.223729
2.728575
4.388228
-1.26097
4.981799
2.825108
6.139012
-7.411027
4.100694
1.389671
-4.77592
9.14066
-4.225150
-1.463631
-4.493687
-5.758020
-7.614208
-6.196955
-1.723711
2.954524
3.886369
-5.205190
2.790524
8.413425
-6.459660
3.634167
-0.89547
-0.341393
9.297426
-2.545960
6.118943
5.272808
9.736131
-4.413491
1.847339
4.19474
1.755005
-9.225647
2.326076
8.189690
1.173456
-3.904023
-5.362753
-1.807499
3.185540
6.506917
-9.46000
7.416999
-3.849573
-5.551082
-7.25105
3.125309
-0.573234
9.159406
2.813601
5.995479
2.339209
4.450688
5.671311
-2.331208
7.943636
-2.660241
3.753833
7.476895
-2.242917
6.415592
-8.530746
-1.827032
-6.530097
2.482369
2.873538
-9.393413
-6.946016
7.410454
-6.110576
-8.231924
7.281415
-8.305048
9.719824
-1.891668
-2.855310
-9.184912
0.973078
-4.309395
-5.385973
1.500061
4.163490
-4.715470
-6.606689
5.24811
-6.817395
6.411727
8.468047
9.772893
4.803160
8.769061
-8.151598
-5.448812
0.4088
2.863875
-3.994192
4.301280
-9.145848
-2.506618
2.310394
7.667754
-5.326974
3.569469
-4.732992
-7.21014
2.357909
-5.566283
-3.380104
-0.256098
-4.20012
6.57819
-4.902284
7.233250
7.249834
-4.107783
9.831908
8.239603
-7.258949
7.357991
6.825976
-2.982414
-1.596368
4.819436
0.649485
-9.57899
2.457611
6.842811
-6.514781
-1.135720
-4.212246
1.603811
-8.429112
-0.47828
-3.29428
1.623257
7.366681
0.617610
-7.942326
-3.237287
-3.274943
-8.558955
-8.663493
7.7195
3.306959
5.845322
-0.730069
6.309460
3.339449
-2.46283
-0.337008
9.521248
-7.65067
9.597536
-9.421739
-2.219866
0.49816
3.885552
7.86238
5.133950
-4.197112
-7.487972
-5.126691
7.26031
-6.266522
-4.877594
-4.998856
-6.513342
-0.522309
-4.484436
-0.637010
7.771328
-2.446343
-6.841902
6.448848
-7.606844
5.644861
-2.809319
3.409680
2.818096
-3.48146
-6.985895
-4.119887
5.64245
-9.900153
-5.49351
8.248056
-0.62438
3.894401
-6.346535
4.36438
3.677575
-2.790621
-7.502268
4.838547
-1.98684
-3.160275
8.22175
-5.230430
-3.274646
6.155611
9.26686
-5.659201
1.499498
5.422184
-2.359755
-0.951761
6.843061
-1.359328
-0.910242
-4.830250
-8.167499
8.907884
-0.203998
-3.603733
2.39947
-8.45639
1.868865
9.88417
8.115047
3.811643
1.698291
-7.968919
-7.446852
-4.118005
8.853629
7.752410
9.974621
-2.58791
-6.235349
2.295294
-6.394237
-3.558864
3.997433
2.176738
-7.551666
-8.998325
-1.952124
7.288828
4.851415
8.66477
-5.764266
-3.112279
5.534754
-7.719337
-6.302464
5.840434
-5.862535
7.753984
0.603198
-4.41576
-4.397113
-9.851749
-3.890754
0.960982
5.213140
-0.984507
0.27493
4.349422
8.976383
-0.692779
1.277554
-8.641295
-6.342868
1.412410
3.510307
-1.704577
6.509897
-6.394743
-0.131592
7.120914
9.912835
-6.304325
2.891311
4.757605
-7.589838
2.239532
6.30768
-4.858786
2.961218
-7.457616
1.389555
-0.186853
6.184907
-0.274471
7.932880
0.373274
2.580161
3.97385
6.274369
-3.603848
-6.262249
4.559831
-7.137889
-4.339292
-7.576449
9.876021
-5.942585
9.286039
-1.817477
-2.152141
-8.959999
-2.121184
0.972723
-6.889577
7.662055
8.396346
8.815632
9.983383
7.242035
-4.69157
1.438717
0.223919
-2.644320
3.401178
5.768965
-0.713265
4.607354
-6.547743
-9.148171
-0.199357
-1.305151
4.244153
1.576195
4.955518
4.721415
-1.450335
4.534652
2.916950
-1.883270
-9.767440
-4.237953
-6.254810
8.422841
-2.263827
-6.634641
5.230042
2.446377
2.615629
-8.721182
-7.5071
-4.52805
3.819453
6.496232
-3.276516
1.45133
-5.87398
-6.632930
-1.805435
-6.636303
4.822763
-3.531467
6.616622
-9.289678
-8.643182
-2.149003
-9.44910
-9.781238
8.892639
-6.328768
0.456542
-5.76105
-7.941764
-3.791975
-2.565933
8.43817
-9.343917
-9.728978
-3.129027
-2.192395
-6.640266
-4.994061
-0.339291
1.462704
-9.893236
2.423757
9.583046
9.491207
-7.781170
-6.291074
4.140871
-5.186027
2.441657
7.557089
6.822000
-0.395924
-3.427866
4.962735
5.814474
1.359370
6.958896
6.553242
1.251216
5.994584
-7.575320
5.592062
-3.572275
9.376229
-2.765606
8.320377
-9.298346
2.790722
-3.340623
3.287340
-4.609929
-7.685274
4.486189
-8.595720
-8.988723
-3.479071
-0.357840
3.282253
-1.954688
3.816803
3.425687
3.636044
-5.360150
-4.993168
-3.46889
1.303082
8.670174
-1.590709
6.617930
-6.519405
0.289718
1.20541
-8.303936
-7.228531
-7.686906
-9.444669
3.822197
-0.634188
-3.187716
-3.823404
-7.344944
9.362265
-8.76994
8.491671
-7.202018
6.196758
0.471313
9.383525
8.731999
-6.987774
3.451301
-6.580972
-3.12831
-7.623379
5.922138
0.955997
5.544389
-7.357488
1.502357
0.596925
-6.160598
6.483094
1.617660
-3.835527
-6.914282
-9.540833
-3.676200
0.109877
4.541460
0.125963
-7.686789
-0.85235
4.199918
2.107833
2.784299
-1.980391
6.892866
3.993038
-8.664432
-0.188104
7.2772
4.108792
7.87138
-1.466993
1.871735
8.256208
-8.543705
8.827670
9.432888
-9.378068
3.776487
7.788743
-7.897930
-8.238061
1.161015
-7.581073
-4.71774
7.792964
8.370874
5.346963
5.879898
9.623765
-8.212855
-7.330733
-9.85234
-6.809713
-4.451857
-7.420884
2.226184
5.48542
-0.43357
-2.762459
-7.314639
5.787036
6.162995
2.830603
3.529718
9.836747
-9.63010
5.674097
-4.48078
-3.477790
-8.268330
-0.801275
4.347391
6.584045
1.575958
4.427609
4.415610
8.910835
8.292951
5.925505
2.464965
9.607836
5.201202
7.846650
-1.837541
-7.142086
-1.697520
4.246380
-7.837208
8.29713
-2.102707
7.370829
8.621114
3.565613
2.485875
-3.977024
3.843105
-4.663480
-3.628597
-3.302888
-0.164142
-4.480689
-5.86509
1.328993
-6.308537
4.601100
-0.150643
-6.889130
-2.727395
-8.442038
-9.507620
-8.389106
-8.694333
-4.140855
2.91673
-8.867977
-9.644557
6.635285
-4.53837
2.286477
8.362918
6.385869
-6.726157
3.37602
-5.885816
4.756674
-5.143554
-1.405912
8.690876
9.176101
1.131769
-4.754728
-4.9314
-6.982037
-4.34594
-6.959170
6.356865
-6.927378
0.527136
-2.399886
-4.20369
-3.379853
-3.383798
1.726536
0.548922
-8.942630
-2.291989
-0.241555
0.459317
8.482761
-0.114716
-1.234451
0.711485
3.788326
7.18928
-5.289108
-3.355540
-0.394482
3.779142
5.749453
5.965163
-6.74394
1.831874
-5.763269
8.850616
5.644861
2.621526
9.137476
-2.636441
3.645559
8.564714
-6.446981
-8.188564
5.173261
0.127609
-4.633234
-8.632767
-2.934548
1.263780
-3.112486
9.447074
1.898612
6.701553
-8.51028
-8.284421
7.904307
-8.199795
6.559129
9.860441
6.399224
0.957635
-3.984486
6.70523
6.80323
5.260803
-5.978932
2.879571
-8.100597
-2.295838
9.585385
-3.131147
2.14192
5.165149
-1.805285
7.107862
5.200489
-1.232754
-3.353774
-2.498099
-6.445860
4.309543
9.568927
-1.606272
0.155835
2.752293
8.712770
-6.425221
-5.605794
3.813618
1.425486
5.324270
-8.16662
-3.970795
0.773546
-1.21588
7.975726
2.614892
-1.335009
6.720322
9.99374
-3.573901
3.758699
9.700664
-1.48594
-8.124126
-9.551473
3.531125
-9.812188
-2.232084
3.805265
-2.461239
4.542252
8.617233
-8.292454
5.756455
-1.245176
8.987739
-7.925719
7.181261
2.84336
-1.60430
-3.433815
-4.253855
-2.458643
2.854429
-0.979152
1.808540
9.990189
5.859109
-5.135621
1.951805
-8.881560
0.683587
-7.58549
8.571393
7.829893
-1.418226
-5.351165
0.957250
-8.984917
2.206729
-9.632979
2.289569
-1.826436
-4.52387
7.723876
5.569727
4.94033
-4.255215
-5.718184
-7.599978
-7.961029
-9.751504
-6.708905
-4.324581
5.452961
1.73196
-3.510180
0.786806
1.245831
7.55581
5.167860
-2.464229
0.144627
-7.267603
-1.404550
3.385361
-3.660966
7.66178
-7.74599
3.187498
8.95253
4.463547
6.65598
3.276897
-4.117129
-6.859224
-5.40207
-8.786815
5.870614
-8.493438
0.771616
-4.698882
9.510388
1.947743
6.819178
3.94004
-3.361771
-9.132659
5.709827
-0.339105
-4.592428
1.121302
-7.939014
-2.157485
4.77024
7.585827
6.618313
-3.319094
-9.754350
-8.515030
6.304986
3.186767
-1.172977
0.296509
-2.866965
2.485122
-6.559260
4.96884
-4.950215
-0.957165
4.611172
-6.716555
-3.488548
3.921188
1.994922
-1.496224
3.551803
7.523429
-6.543763
-5.355336
7.780900
7.929237
4.954352
-9.762555
4.544037
3.375820
-7.843733
2.82441
3.411037
-0.100225
-2.665034
-6.410451
9.39595
-0.241796
2.797211
5.89156
6.602753
-0.929968
3.651331
-2.233411
-7.633373
5.978741
9.986070
8.176613
-2.955205
5.833122
-8.306588
7.443758
9.768062
9.339614
7.30104
-8.104079
3.523480
6.242660
-4.507822
4.412059
3.298488
5.559897
5.762377
8.349668
1.421995
-0.160745
-2.492721
-4.457517
-0.296931
1.840878
4.178513
8.396238
1.456725
-5.494953
-8.260687
-5.387299
3.853531
4.161805
5.488735
0.789526
3.413653
-8.151351
-1.962732
2.615858
-2.999398
-9.110754
1.603059
-7.483443
8.27270
-2.226011
-7.8076
-6.671955
4.810248
6.668980
4.630524
9.600523
-5.772427
-2.122604
-5.624924
-3.576318
-9.334017
-1.76534
2.716458
7.710514
3.586361
-7.88332
7.603728
6.502430
-1.946245
9.940260
5.274002
-2.361123
4.869327
6.761346
-9.169391
-0.576508
4.642507
8.454096
7.494717
-1.824346
3.668994
4.36736
-8.632233
-1.749379
1.573508
-2.284200
-6.449275
7.873863
1.196920
-1.559723
-3.505886
7.402131
8.324991
-6.990924
-0.110446
-8.302620
-5.623076
1.191894
-3.27855
-4.593558
2.312911
-6.492620
9.493808
6.702154
1.395357
-9.226455
-7.804662
-0.256133
6.67668
-4.217633
-6.46725
-7.256644
0.884125
7.561401
-8.554205
-7.436044
8.523823
-4.234113
-4.957129
-4.922495
0.173584
-9.732633
1.1773
-4.855052
3.767042
-9.364541
0.950170
-6.147004
8.663291
8.526885
-1.847697
1.938638
-6.292330
-5.951636
8.102359
-6.656208
-0.355990
-7.6369
9.379829
-0.27687
7.200280
-9.427981
-5.483787
-6.768175
-1.326193
7.744752
7.943542
-6.479092
2.585513
9.703584
3.788503
4.13854
-4.112271
-3.85527
1.337731
-7.603220
-2.246537
9.250556
-5.762280
-0.928650
-2.309253
6.751788
-3.194892
-8.447247
-0.460490
-6.336980
-5.732924
-9.4313
-5.673868
-7.637770
-2.891002
3.182900
0.425093
-6.617722
4.561664
-1.66762
-1.877768
0.970927
-5.341685
-2.59202
-0.859766
5.531881
8.89401
5.160950
-1.832054
8.956798
-7.622049
0.107049
6.178706
2.82948
-8.781130
8.582505
-0.755213
-6.10498
-3.311960
-7.636440
6.804568
0.65618
6.940257
-9.102351
-4.189672
8.609572
-5.544953
-5.937259
-4.920564
1.540182
4.895578
8.864520
3.934289
-4.962920
3.493265
3.934145
-1.817442
0.232557
-9.856793
1.522204
-5.701940
-7.18050
1.577583
1.591949
4.111393
-9.949748
-6.173169
-7.53221
-6.600403
2.643026
-0.817531
-0.961190
-1.139621
2.809434
6.556628
-5.603579
-1.527156
-1.388663
-9.641711
2.690514
-9.107956
7.789617
8.116368
2.55202
-5.569041
-4.634796
-1.735670
7.172751
-7.211302
-0.191764
9.152694
9.312383
-1.172531
-5.827073
5.867959
3.922933
1.458096
5.613913
4.992663
-5.162043
9.281433
-0.168362
8.816726
8.849793
-1.76998
-4.571321
4.936343
-8.215570
2.797667
-2.807992
4.453411
3.358234
-7.795724
0.398603
-9.738424
-7.384228
-0.487165
1.782903
-6.960547
3.231399
-4.303576
-0.329771
9.622368
-5.353898
5.867788
-2.548347
-3.318510
7.636371
-4.632197
-7.298651
-5.797775
4.927356
-9.372107
8.432402
9.990739
7.607764
4.854797
6.184535
-6.845251
1.601908
9.811555
4.411251
-1.759230
-7.167569
1.34870
7.99557
8.262212
2.526350
-7.674876
-1.184689
5.803541
-6.835007
-5.608858
-1.263815
-3.670128
3.695585
9.404886
3.600188
1.950567
3.571868
5.279095
2.870023
1.272008
1.889861
-1.155985
-4.577470
4.762082
-6.48265
-2.653258
-5.422313
-8.957338
3.586241
-6.720272
-9.635015
-5.981687
2.827861
-5.273095
-3.95953
-2.339137
-9.161173
-5.779453
-7.481166
2.134024
7.830533
6.350861
-2.365135
9.568942
-9.367168
5.360000
1.47061
-0.967517
-0.433166
-1.281328
7.333067
-8.478246
8.872848
-1.127049
-9.486579
-4.516054
-6.385085
2.32337
-0.898798
7.87059
1.350098
0.290226
0.921834
7.589135
7.81576
5.495110
-5.201579
7.329451
-5.690883
-2.250691
6.691954
-0.845206
-2.544956
5.705395
-7.862763
8.900578
-5.695194
-7.293671
-8.663526
0.754278
3.363607
-2.824579
-0.131794
3.158099
-1.63248
5.817468
2.936813
8.839072
-7.556582
8.504494
3.769867
3.702800
8.109870
-4.912913
-3.217416
-5.72252
5.521586
-2.734295
9.72532
3.227182
-0.965288
-1.462451
-4.596581
1.912635
-9.632360
5.585815
-9.706283
8.172605
-9.794804
5.752760
-5.800750
-2.818733
-0.631290
2.370213
-7.709955
-1.197410
-7.682752
-2.102792
1.296604
7.337121
6.212486
2.725270
-2.61922
5.848664
5.31114
-4.310335
3.791285
-2.995549
9.657422
0.365790
-3.380538
8.634250
6.138434
-7.489671
3.600597
-4.619923
7.133466
3.847509
3.451008
9.255120
6.496253
9.524213
-4.641381
2.479048
5.956483
3.750937
-7.92525
0.180350
2.117205
7.199694
3.797642
-8.607183
5.353587
6.615130
1.756827
-3.293440
-9.568010
3.371820
6.216773
-9.276642
2.400865
-0.486333
1.683648
3.647597
6.351498
-5.912302
1.949931
4.630556
9.768982
-9.848921
5.125493
-3.127655
4.346916
4.941009
-7.421688
-8.229083
0.146836
2.751120
-7.771341
6.292000
8.545495
-7.329468
9.767454
2.213040
2.281357
1.761936
-3.948216
9.924561
-8.62790
-4.96028
-8.300918
-0.78325
-6.947287
-9.75099
-3.142064
-5.466975
-4.511190
-7.708289
-4.205180
-2.770844
-0.770554
-5.329804
0.608953
1.922212
2.243295
-1.510242
8.952136
6.232165
4.101449
3.847681
-0.279213
7.941540
-0.164130
0.747141
2.419965
-9.431257
0.92007
-3.350433
5.163800
-8.562193
-4.674345
7.801174
5.504655
7.764777
-0.656641
1.322311
-3.745113
-4.919886
9.587623
6.437153
-5.722968
6.764677
-8.375734
-1.165092
8.571314
-0.837695
-1.990830
9.982855
-5.562286
9.830572
-8.151747
-2.805024
-3.248294
-8.645687
3.260697
-0.513289
9.351072
2.349702
-0.925019
4.691769
-4.244847
-1.774952
8.83257
-8.158065
-3.313211
1.172631
6.91340
-9.814452
-0.778205
6.570221
5.627655
-2.189827
4.537765
3.47205
-9.399591
-4.133532
9.119428
7.348109
-8.286079
9.528328
9.872723
1.503717
4.226334
-5.288867
-3.369708
-4.213202
4.365344
8.144501
-5.933079
7.656099
-3.521680
6.774671
6.706376
-3.400051
-0.46466
-6.442480
-8.277076
8.641594
8.383192
1.763721
-2.353404
-6.812600
-0.847488
-8.995834
-3.821194
-8.239513
-8.384321
1.891400
6.625210
2.871831
9.192295
4.426621
3.111232
0.988812
-8.315526
4.10136
-2.285846
-8.508000
9.821098
3.158220
7.208169
-0.492625
5.786261
-8.795451
-6.436600
-0.788876
7.294761
7.231329
0.756528
-2.286254
-8.551523
6.422093
-0.743268
-8.362537
7.792085
3.336755
-8.268764
0.972433
1.339163
3.26868
-2.391026
-5.140284
3.701265
2.217903
4.679012
-7.400118
8.907708
-8.971278
1.131532
-3.693215
-9.330899
9.769106
-4.500461
-7.794873
2.996850
-9.510287
4.156765
4.231045
0.964456
-0.629880
9.513569
3.683400
3.45114
0.374684
-2.34646
7.333437
-2.607813
6.126538
8.894748
-6.767960
-9.256690
5.268315
8.943120
-3.982370
3.153024
-3.101392
-2.260294
-6.537440
-7.420460
-6.40886
8.124637
9.2613
-0.476623
-8.14426
-0.443599
0.760992
-8.993244
7.813472
-8.452721
-7.391800
-9.260588
-3.89007
2.76809
1.752758
2.524240
-8.909551
5.758479
1.678838
8.313518
-5.557267
-2.178047
-7.981602
7.203545
-1.819698
-3.296081
-4.302069
-8.455406
-1.16388
-6.555158
-2.459473
-1.835627
7.775555
-3.830924
8.962007
5.183230
-0.454545
-1.53295
2.489078
2.59014
1.248529
-8.933070
2.405929
3.239762
6.544082
0.71647
7.863050
-3.344193
-8.273555
-2.362679
5.408731
2.1681
7.803226
7.311319
-2.245857
6.910188
0.149447
0.749353
-9.681663
6.479117
0.180522
-3.794407
-8.123694
-3.976644
2.667828
5.159254
8.150504
-1.612476
9.598465
-5.630254
-8.250504
-6.224098
-5.456
3.501861
-7.968075
-1.459533
3.47881
-5.628875
9.546706
7.74931
-4.92581
3.8387
2.856735
-7.924498
6.39347
-5.930789
6.541714
5.505219
-9.603361
-1.1450
-8.178604
-0.348049
-2.304193
-3.170730
-5.957008
4.814503
5.418821
9.920467
-0.448268
5.600691
4.7990
-5.437020
-5.144585
0.614788
7.382195
1.898529
7.139676
7.153517
8.568927
3.448965
5.868561
4.403946
-2.612563
5.834795
1.511492
-8.714706
-8.858873
-1.518412
6.198542
7.502625
-1.432111
6.198307
-3.632911
5.40116
-7.139710
4.372348
-2.68886
9.680849
-4.128705
8.377074
-9.26648
-9.569064
-0.474047
-5.886182
-5.936609
-7.523875
-8.546509
1.660541
9.19487
9.192275
-6.660574
5.292945
-0.493336
-9.907013
-4.336068
1.324697
-6.71255
-9.467319
-3.514948
-5.445389
2.761267
-8.378342
7.527625
6.325674
6.845310
8.709891
6.324469
-3.241578
-3.691123
-8.285459
-2.434363
-0.648131
-5.12180
7.557
3.499443
8.994503
2.976909
1.509522
0.769235
-8.775535
-8.237049
5.297999
4.284035
1.204844
-1.451087
4.391537
-7.834539
-2.367701
4.458341
-2.654111
9.884049
9.425774
-1.173981
5.139942
4.682035
0.129219
7.224089
6.774761
8.55517
-7.757482
-3.649761
9.199423
5.21894
-7.678411
-4.620475
-8.896585
-1.501244
-4.895011
0.103759
-7.929428
8.631201
8.478833
-4.737618
2.240647
-1.160061
8.979651
-7.574603
4.812159
-5.543670
5.260179
7.99447
-2.978227
-1.805942
-5.272924
-3.35467
-3.259256
-3.622565
7.316779
2.149364
-8.208541
-2.219088
7.379823
8.857464
-6.222961
4.638374
-2.240530
-3.442365
9.228772
2.527466
-8.925854
5.869716
1.506605
3.799003
-1.517232
3.901938
-3.596832
0.581565
-3.463444
7.54629
-5.898789
5.772456
-6.775077
-1.884881
1.456864
4.731248
3.259851
-7.334633
3.545456
6.241803
-4.89391
7.780408
-7.50296
3.278878
-5.839969
0.989235
-4.365050
1.724297
-5.25693
5.498009
7.701415
7.529062
-4.883370
-0.270943
7.7138
-8.125539
0.528083
2.327956
8.590371
-3.327829
-3.78606
6.774195
-5.154349
-1.26849
7.792928
4.876747
6.42257
-1.65661
-7.248890
-4.686455
-4.620160
-9.139396
7.24571
7.842335
1.871564
3.952229
-8.106267
-6.698730
3.970267
2.462923
-1.674707
-7.823387
-8.954376
-0.434694
-4.51635
7.328690
8.391398
-7.800546
-1.367740
-3.199702
4.656965
-5.785432
-2.392002
-0.114673
8.529349
-8.396256
-9.141197
-9.290076
8.424907
7.310932
-9.634606
0.532441
-1.143833
6.9705
-7.488745
-5.419813
3.304194
9.248156
-3.434076
8.348575
-6.454576
2.426787
-1.121298
2.492486
-8.975045
5.136962
-1.790575
-2.359986
1.129389
-5.499229
3.669208
-7.296290
-4.682261
-4.735475
2.570605
7.717001
5.603622
-0.371667
3.794858
-3.814456
-6.741391
-7.693919
-8.237183
6.31370
-1.86184
2.890371
-8.896448
6.408611
-3.675014
-1.646087
-0.670405
-8.202545
-8.669293
1.708299
-0.328402
-7.504647
4.373995
8.243373
7.472768
9.191569
6.448062
-7.878750
7.328980
-1.964661
-8.37622
8.634819
-2.989605
-7.705604
-1.670833
-4.196504
-6.97073
3.113930
8.457348
5.364509
-4.899487
-6.148467
-6.518172
-2.905049
3.234063
-2.696579
3.938685
6.147138
9.557188
4.321776
1.149200
1.400568
3.580527
-0.546719
-3.91574
9.655156
0.978092
-6.475738
-1.59550
-5.542154
1.920917
4.233461
8.630956
5.586656
3.355221
-4.91132
-6.990895
-1.151581
-8.203474
-4.87570
6.201081
1.959847
-6.28687
6.409422
-9.39805
6.670251
1.480987
-9.927050
7.671931
-5.756465
-7.535134
1.157137
-6.23043
-9.229731
-8.323920
-0.429888
5.202791
4.104370
7.159419
3.394784
2.385324
-3.51955
2.660844
-9.326593
1.152212
0.525624
0.505259
0.114716
3.989223
8.848608
9.780441
6.502154
2.6298
-1.805210
1.308311
-3.588111
-5.831213
-7.2254
-3.577339
-8.228399
-8.195549
4.562977
-8.971470
5.960421
6.275915
-1.725518
-3.771824
2.617623
-9.367286
-9.696584
-8.516655
-0.696469
-6.320687
-3.50153
9.727811
-7.505875
-7.909968
1.961702
-9.775793
0.825112
-1.990973
0.537463
7.999442
6.866855
-9.461264
-6.90981
4.860469
6.600940
3.831002
-6.644344
4.753015
-8.868916
-2.71375
4.331864
-0.610803
0.216811
3.359056
-6.842064
-1.767108
9.17824
-0.807150
7.135389
-8.215361
-1.367755
9.675428
-2.349838
-8.413214
-3.259170
2.365762
4.508781
-2.29693
-5.919471
-7.748281
-4.482863
-5.506422
-1.280224
-0.927954
-6.793729
8.994842
8.394998
-4.122190
3.962137
9.267404
-1.625718
8.368943
5.140586
-0.641107
2.745913
4.813421
-0.127091
-7.704747
-0.353541
6.725212
-4.35123
-4.167381
9.830118
-1.856821
-5.660703
0.533639
8.325039
-5.60036
1.801029
-6.951135
-5.291341
3.271806
-7.948007
-7.83818
-4.123545
6.860918
9.290778
7.808123
-0.51496
-9.466682
-8.353790
-2.822185
-2.757164
9.782961
8.573387
1.358003
-2.982934
-5.575271
6.356114
-6.679003
3.269151
0.194385
-7.622088
2.898729
-7.364777
7.713640
-8.962605
6.953062
-8.745048
-7.172296
0.669589
-3.44622
1.569199
6.224033
3.92942
9.783120
8.704540
-2.115276
8.856157
9.945974
-2.884114
-9.540719
2.221622
5.683989
-9.743484
1.457143
5.699321
6.969306
9.326016
-2.125565
1.563309
-9.424751
-2.387923
6.107619
3.515270
-5.942951
-7.653358
1.609096
4.246875
-3.344447
7.590460
-8.138152
-7.32144
8.390692
0.921477
8.717443
-9.78060
1.740574
4.303908
-0.656923
-6.229242
-2.421331
-8.773908
-8.24948
-1.858440
-3.17868
0.476727
5.450690
-7.909064
-7.694217
4.931713
3.701215
-5.943826
-2.531116
-2.87058
-9.643273
-1.142713
3.755088
-2.605848
0.425515
2.591241
-7.693486
-2.354051
8.154136
-5.451728
-3.201009
0.603070
7.252323
4.922047
9.399798
-4.858850
2.528447
-7.829920
9.569880
-7.773275
-5.331250
-6.745321
-2.524918
6.637084
1.990883
-2.829589
-5.52211
-2.392669
-4.311140
3.822389
-1.13474
-9.44020
-8.89444
-1.872130
2.546983
-0.23166
-1.408271
8.395785
8.856111
9.943386
7.109338
-7.587679
-7.465127
6.510359
0.645421
-9.786463
-5.275985
-7.158785
8.264783
-9.196564
1.727403
9.188551
7.841680
1.211708
6.419368
6.4599
2.247935
-3.266994
9.421743
-6.56024
2.992228
-6.243827
9.887547
2.496478
5.975456
0.355112
0.691316
-7.908691
1.886670
-8.997717
2.217921
2.623918
-2.836089
-7.319563
-0.584699
1.309621
-4.280793
-2.290552
-7.497683
-4.683321
-8.76736
-0.888978
-0.341302
-6.275389
5.419299
9.708753
9.631997
-5.469672
3.488771
2.111037
-9.392496
0.841726
9.702556
-8.378885
-2.367190
5.159281
1.110270
0.427826
-1.20639
-5.291733
-4.238825
0.79835
3.955035
-3.216865
-3.668537
-4.927454
0.786885
5.560327
3.505628
3.153175
-1.186289
5.714411
-0.593815
-1.231210
7.869283
-7.476389
-7.244929
2.839605
-2.730088
-4.437853
-2.41235
-4.965432
-4.52172
-1.520363
-3.265242
4.654000
-9.362269
1.500321
-2.528686
-3.468002
-9.610004
-7.226221
6.880135
2.559487
-0.481140
0.346337
2.49826
-3.927550
-1.539834
9.392308
-0.154497
7.529044
-0.746712
5.401316
4.724067
0.100599
3.7303
-8.689108
-7.985619
3.659628
2.665341
6.527640
-2.728310
6.835875
-9.887052
-3.147082
-3.269965
4.650676
3.789535
9.215228
2.912111
3.6539
1.724733
3.946830
-1.265019
9.676794
8.12140
0.837234
-1.79628
4.311859
5.893531
9.495495
3.679498
-7.675901
-6.918724
-0.615683
3.900081
6.295574
-5.458565
-9.407379
-2.317996
5.855757
-0.548302
-8.607589
-8.902198
7.802828
-1.972913
7.198772
8.614727
8.526667
6.149819
7.912646
-5.821688
1.601678
0.199446
3.396364
0.385577
-1.179227
-7.98195
-9.254813
-3.960941
5.110110
4.714167
6.452610
8.1340
-1.311786
3.966926
2.415899
-1.954279
9.524278
-5.82333
1.430088
6.939653
0.159329
2.213059
0.3041
-5.364806
-7.271268
-6.437551
-2.478382
-3.404077
4.913511
-0.402977
1.210517
2.937809
6.300652
-4.179057
3.474954
1.883922
-8.504156
-5.590469
-8.620156
8.703326
-2.554147
-6.625229
-2.434266
0.293042
-5.168485
1.509198
-9.753108
7.940846
6.154744
-7.824892
-7.407295
4.577633
-5.32615
8.324338
-8.301255
2.750986
0.627435
4.408984
0.16063
-1.845830
9.850319
-5.723695
1.920121
-7.256599
-6.912188
2.878192
-6.522183
-1.381019
4.45171
0.618443
0.836864
-7.738229
9.980473
7.514212
5.116138
8.987440
-8.153669
5.367932
6.571077
1.434199
-7.265839
3.22348
4.765007
-8.559137
1.212722
5.543371
1.818421
4.148956
-6.976664
-0.284905
9.952213
-4.345258
9.155032
8.850712
0.656193
3.32720
-8.342133
-2.622967
-0.772594
8.836184
-4.464886
0.495562
-5.150091
0.958002
-0.917154
5.143687
2.174097
-1.129349
7.926432
-8.136422
-7.677166
8.847208
0.668896
-5.907236
-1.121367
-4.40362
-5.723944
2.506887
7.21795
-5.278035
-2.44162
-3.305093
-9.406085
8.502170
-9.960413
-4.437007
9.481025
-4.918247
6.404346
4.195564
-4.644436
0.732202
-5.954423
8.461191
8.243212
-6.701288
-7.979108
6.283472
0.743730
4.802666
3.80350
6.770300
3.236078
-6.630226
2.892686
2.628473
1.394300
5.946816
-8.792908
-0.470724
6.741947
-9.199796
-3.116659
3.447677
3.178670
-8.302754
9.740585
2.489540
7.500570
6.178023
-9.201109
-4.730618
1.15104
7.8989
1.657112
9.235390
-3.445111
8.265383
0.12382
-2.429838
-8.836769
-4.313525
-6.146759
-1.56196
2.704767
-6.985158
-3.525843
6.721122
-2.34162
8.774224
-7.928384
7.238591
-8.904639
-5.559541
9.167325
0.906661
9.80304
1.461543
-9.23565
0.299645
-1.435102
1.180101
9.265262
6.705687
9.26719
1.885469
4.33680
-8.916463
6.799203
-8.726985
4.613296
-6.327609
0.667099
5.294875
1.783487
2.837700
4.442674
-5.640604
-7.152612
8.12860
-2.511924
-0.610893
-4.515653
-7.679900
2.630471
6.567395
9.880981
-6.167887
-5.406006
-0.618905
-9.622579
7.852132
-5.4016
4.859845
1.125308
-4.343474
0.916166
9.877062
4.658979
-3.61120
-1.326821
-6.585730
-5.165458
-8.733102
2.132595
-0.631072
2.66232
6.397103
9.747937
-9.820403
-5.78304
-1.582622
-1.944250
-7.678840
9.466292
-0.969782
-6.756705
8.224393
-5.24383
-1.595384
9.39949
-8.13363
9.367756
7.107146
1.91377
-8.445757
-0.546466
-4.276964
1.63371
0.48314
-0.809265
7.673045
-8.225385
1.148094
-4.174275
-9.952875
-9.114967
6.210431
-7.669075
2.238835
-2.256468
3.283925
-9.452885
-1.707598
-2.210552
-1.944391
6.395251
-9.836187
9.491594
2.418559
-9.179761
-2.847854
3.468905
-8.894318
-0.231240
-6.603752
0.457610
0.339282
5.42083
5.145737
-2.182206
0.993461
-2.736194
2.668494
-1.422104
1.687651
-4.450713
-0.793555
3.442960
-3.100707
4.5632
4.414202
0.643046
3.628698
3.627812
-7.301883
3.144359
-3.34139
6.840114
3.53880
0.93994
3.140219
-7.73111
9.845225
3.867230
-4.886719
-8.991092
6.703367
7.330123
-2.462499
-3.729879
8.347174
5.791493
9.315382
3.587335
9.545810
0.911160
-0.101396
1.426425
-8.329208
-6.426803
-8.208492
9.604827
-5.258856
-9.831981
2.919310
-5.855430
-1.301052
7.290315
-5.663334
-5.990340
5.365328
-8.444869
5.302074
3.814873
9.366848
-7.812013
-6.690516
1.189374
-1.155061
0.50076
2.637003
0.230312
3.137847
-7.674990
3.461782
1.527679
-9.300195
-2.880726
9.695698
3.74318
8.959742
-0.560462
4.997657
-4.46537
-9.22730
3.878251
1.984882
-8.127325
-1.112246
-7.602979
2.106217
-8.503640
8.240116
-7.617720
-6.381
-0.722244
1.144378
-1.957298
6.350380
-1.27739
-6.523101
-5.473469
-6.141859
7.666118
-4.204885
-2.252645
4.337078
9.274731
-1.913628
9.498521
7.103730
4.688995
3.331132
8.544149
3.890935
-1.877869
-4.899554
-5.973575
-7.710907
-8.256498
9.180625
2.138561
-6.633946
1.390544
5.542427
-6.122681
-4.820845
2.297651
2.26748
-1.874868
-2.837048
-5.469092
-6.728118
-6.305041
-0.349629
-9.583117
9.258152
-4.260866
-4.833288
-5.438102
-2.57476
-9.311494
-8.889150
-3.637928
2.618330
-1.721291
-3.824681
9.344405
-9.254039
8.813546
7.730368
-4.250540
3.479918
2.85153
2.940437
4.104551
-3.700174
-6.64505
5.495195
5.535343
-9.576170
-8.454724
4.156449
9.893111
4.2455
7.834111
4.971196
-2.671862
5.229680
-9.961585
9.338385
0.417555
0.510589
-1.22990
6.76334
-7.288952
9.414838
-8.245971
0.159458
9.409340
-3.292809
7.89291
7.16622
8.103775
0.919551
-1.920741
4.179190
4.427778
6.731010
0.584081
9.522334
6.638291
-9.419380
2.505698
-6.823060
-6.373922
8.508746
0.715082
4.632088
8.38500
-4.379552
9.509980
6.847339
7.934924
5.279372
-7.957018
-7.289518
-2.175358
6.893214
2.602544
9.229040
-1.549160
-7.168546
-3.136526
7.40521
-4.832788
-5.434068
3.23550
-5.61718
7.279582
-0.261224
-7.528977
-4.721134
-3.773427
7.707907
4.831281
-0.66529
7.406044
-2.564909
-5.724268
-5.889919
4.990468
4.19545
-1.340840
6.889277
3.460581
8.44474
-3.414121
-8.777585
-4.544432
-5.317208
-9.841304
-1.149528
8.443132
4.342288
7.403871
3.460669
9.463102
8.951073
9.986299
8.364716
8.831196
-6.431067
-2.401817
-5.521
-8.967790
-5.134906
7.52045
-1.157955
3.501194
6.838734
-9.544142
8.640591
4.631273
3.373380
-1.756191
-3.240286
6.419195
-1.674336
-4.848702
4.937668
-2.807500
9.783148
3.530494
-6.976318
-1.495611
-9.492246
-2.426892
3.795356
9.548710
1.189606
0.82760
-2.59369
4.583204
4.539731
-2.962174
3.818325
2.243090
6.288513
9.145254
4.798155
-8.635008
-5.167250
-9.68176
0.969060
-0.759634
4.196089
-5.518711
-0.663048
1.336139
-4.353984
-5.686954
4.142549
5.20271
1.850613
7.609893
-0.342780
-9.25167
9.83947
-1.347180
-0.363576
-5.322741
-8.823787
-1.409733
-3.696486
7.707425
-7.404726
5.639417
-7.138236
-8.706049
-9.488110
4.798925
-3.789856
4.111799
-3.349284
-8.471371
8.270399
-8.942456
-5.6255
1.124844
-9.667065
-5.954200
-2.705905
6.548379
6.18245
-1.966115
-4.1883
3.984681
-1.456028
8.499871
6.979742
-6.259217
-1.177389
5.558045
8.843623
-7.214257
6.377371
-8.254045
9.516398
5.786316
5.802552
2.569568
0.402642
-5.91629
-9.748329
1.722026
-7.445
7.370335
-7.774154
0.734509
1.892596
-7.915481
-9.757363
-1.124148
-8.596919
-0.677570
-0.848568
1.111795
-9.968284
3.874064
-6.329006
4.345555
0.150224
-0.436755
-1.279545
-1.522218
-7.862678
-9.711001
8.804880
-1.177065
8.613874
-0.917858
4.691290
2.336812
-9.946053
4.300046
2.88113
7.343404
-0.919902
-7.624466
8.191604
-8.30266
4.55933
-5.25967
4.64516
-0.284853
4.848195
-8.635814
-3.759506
0.187555
2.277674
-9.907924
-5.423860
-4.975708
-4.516574
0.326004
-3.958920
8.278000
-0.994245
6.912535
8.242639
-6.565728
1.348716
1.766540
6.188716
-0.561298
8.184332
0.145930
0.822202
-6.616698
8.670236
6.690773
0.708574
5.295926
7.478794
6.321696
-8.109485
3.206707
7.765529
-7.29105
-1.217696
7.92622
-4.594513
-6.147228
1.242827
-4.397885
-3.422054
7.823309
1.846946
9.3563
-6.722047
2.728684
-2.138260
7.266787
0.429860
-0.816196
-8.954389
3.577828
5.316091
-8.991381
6.253099
-3.771483
0.237306
-2.875493
-4.14676
-5.133648
2.554106
5.934591
5.965458
4.412236
-8.336734
-7.440297
2.331899
8.606053
-3.409987
0.535585
3.864379
8.818425
3.737382
-9.468198
-7.14436
8.98143
2.480708
5.267686
3.274922
7.415922
-9.539588
-1.600308
-2.175911
-3.98840
-0.876829
3.762977
-4.561472
-7.509619
1.482912
-6.12379
5.748020
-5.243941
-2.951085
-9.318558
7.791300
2.189693
-2.986740
0.997987
4.829488
3.923934
-4.816911
-3.372798
-2.926372
2.698664
2.157871
2.351135
-2.860247
-5.198619
8.601234
2.375717
8.454343
5.860348
2.194040
-5.147682
9.820114
0.604519
9.747521
-6.843296
-2.917816
-6.421289
9.915149
-5.631064
-9.329328
-8.961026
-1.844715
-6.288047
8.480717
-7.925815
-6.104978
1.880396
5.176005
4.357772
-9.765792
-6.875492
7.352834
3.388392
-7.816950
-5.15107
1.697836
5.466369
-9.212777
-1.391401
0.378943
8.853089
-1.994227
2.138822
-2.375041
-1.966758
-5.273621
8.213447
9.723876
-7.236409
8.865760
-3.457608
-1.489331
-4.805645
-0.694597
7.669608
-2.172846
5.276584
-8.410275
-9.233572
4.620601
0.853504
8.324127
-6.385304
5.425426
7.261443
5.941168
-7.646083
6.875263
-3.841485
8.936149
4.538200
9.533430
-7.916066
8.341283
9.667770
3.378638
0.231155
-4.471474
2.307117
-5.974495
-1.372072
-2.924751
2.670920
-6.867168
6.757150
1.10473
3.316335
-2.434969
4.809354
2.673061
-9.646693
0.100105
1.873777
0.353013
3.479591
9.998602
-2.367567
1.232569
-6.985224
-7.983368
7.646799
-7.30069
2.182960
5.54242
8.952496
-4.578195
-2.309977
-8.895351
-6.289437
7.315706
-0.948653
-6.76702
-9.624604
9.263279
4.892600
0.753364
-9.888748
-7.615089
-2.367355
-6.471252
7.116195
-8.916171
7.3991
-9.769782
-3.50207
-5.841207
-2.657738
8.351015
-8.669960
5.116148
8.156595
-7.954453
9.539791
-7.611920
-4.741435
-6.364480
-1.575602
-5.717482
2.169120
4.736305
9.251096
-0.145793
3.529804
-9.511381
-8.386508
5.47784
0.764925
-8.943033
-1.197195
4.411120
-7.572411
5.797263
-9.1849
4.706510
-1.681030
3.975616
-7.464178
-3.804456
-4.863817
-5.828573
-3.298520
0.462958
8.759987
2.762104
0.564875
4.942441
4.742928
0.574644
-0.638718
-6.620623
6.289368
-7.379698
-2.553758
7.341353
-3.253863
8.194150
-2.693644
-5.549976
-5.189827
-6.843095
8.920902
5.28361
0.446385
5.176823
-3.442536
-9.924556
4.598499
-0.444894
1.784551
9.481287
-1.880028
4.795645
8.691098
-0.842725
5.496278
5.765690
-6.560696
-3.140578
6.79980
-9.17619
-7.606822
-1.136959
6.987727
7.229237
-1.202842
-4.195109
-3.883837
3.962670
9.14289
7.712168
5.932107
-2.111360
-3.761936
6.846574
2.542095
-9.323741
-5.83364
0.968519
-2.907749
5.718308
0.365133
7.760956
5.701421
8.877628
2.648652
8.994421
3.196977
-8.849719
-6.544171
0.909369
-5.962931
8.311680
2.92575
4.809695
8.692277
-1.975867
-4.339222
-4.666181
-5.952117
5.211319
3.155956
9.234487
1.558271
5.889245
-0.590335
-8.203636
8.52891
-6.254167
-4.775984
-6.9739
-8.706444
-4.231234
9.377767
0.814762
-9.485255
-6.521545
9.401703
-7.871762
6.748736
-4.125854
-4.912485
-0.71559
5.431108
-9.600060
0.388110
-6.3886
0.939607
6.18145
0.422031
1.619736
-0.855282
6.251922
8.593199
0.888328
4.575610
3.729028
9.552218
-1.130776
5.202517
-8.576128
5.777700
-9.513679
2.15297
-5.693027
-9.877983
3.539068
5.197828
-5.805021
-9.199707
-5.163325
-1.821730
-9.120111
-9.97323
-0.733530
-1.596090
-2.589463
-3.233889
-5.468974
-3.829215
-0.220293
7.778294
-4.874854
-3.278245
9.581668
6.673449
5.645552
-5.259707
-2.551782
3.168905
-1.346297
4.143734
-9.371621
7.543636
8.675077
-0.975323
-3.838711
0.287956
-8.553590
0.924284
-0.116095
-2.292350
1.307481
-4.765249
5.279327
-5.99599
-3.305803
-5.520105
5.460044
7.627296
-8.851078
-5.351683
-1.907404
-7.425801
0.185118
1.767023
-8.361319
6.97204
0.267091
5.390058
5.184067
1.995414
9.967835
1.989303
1.119805
1.34418
-3.224819
-9.13365
1.204366
7.351411
0.411488
1.467990
-7.362321
-7.885612
1.835816
-4.492259
-1.954542
-9.77524
2.348605
-6.260535
-0.407905
4.674498
4.895645
9.11454
-0.447727
7.389582
5.636745
-2.34185
5.195457
-3.904005
5.549887
-5.833523
-5.750327
-8.300839
6.474361
8.907050
2.149678
0.910710
-2.719865
-1.781509
6.963404
7.193391
7.423108
5.531228
8.403365
-9.391685
-3.472097
5.148199
-2.464811
8.803243
1.940381
-2.284130
8.992637
-1.510603
-4.849481
9.973352
-7.271798
-3.381563
-0.369538
-4.431178
7.986842
-6.70064
-8.547072
-6.684545
4.750619
6.768711
-7.645870
-3.15424
3.820786
3.265470
-9.647337
7.962495
-5.887983
2.363261
-5.403205
-1.927533
9.327930
8.592846
-0.870479
-0.625642
-0.694282
-3.533131
1.393616
-4.817430
-0.315177
9.736338
-2.86970
-5.122518
4.257250
1.828000
-8.815002
4.688747
7.519299
-3.886433
0.474695
-2.34704
-0.884228
-7.636433
-1.855799
-3.363112
-0.907490
0.168974
4.142763
-3.684136
3.672706
-3.28031
-1.161291
9.916770
-7.370962
7.910697
7.161619
9.334362
1.962056
0.954669
6.645985
-5.834828
3.773889
-7.66490
-8.835149
9.337116
-3.916743
-9.389032
-1.475436
-7.146196
-0.353155
1.21950
3.736343
0.380562
6.591041
6.256282
-6.223047
3.398826
-4.501650
-1.157929
9.535449
-3.855972
-4.631177
7.538708
-1.495334
5.904723
4.677571
9.942794
8.583810
3.46323
6.285002
5.462185
-6.412700
2.943139
1.603640
-3.745705
8.706450
0.435321
0.321351
3.323624
5.137392
-8.599459
4.731775
-0.819740
1.211211
1.529935
6.32193
0.457385
-0.204337
-2.774700
7.359107
5.493008
8.516022
-5.608384
-9.276098
5.530849
-7.310066
1.291318
6.901049
-2.272123
4.418161
-9.140516
-3.417726
4.662491
-6.817950
9.520447
-9.482985
4.444716
6.840963
5.509427
-5.257382
-7.254923
-4.585158
8.496214
5.291480
-1.214871
9.796322
-3.584378
-6.36424
-9.873150
-8.385607
6.932904
-4.524401
6.192471
-1.29148
6.310530
1.600169
-8.724485
-6.458443
-5.703092
4.279613
6.573461
-2.241506
-5.701472
3.132204
4.868002
8.912963
4.266424
-1.373100
3.590308
-4.427474
-7.141980
5.505102
-5.101998
7.945233
-8.326289
0.976389
-4.175504
3.57067
-5.624800
4.784557
-3.921944
-4.486219
3.518135
7.210162
4.107802
-6.5233
-4.51679
7.938923
-3.158110
9.412334
-9.497560
8.470896
1.573850
-4.56949
0.19693
-6.879142
4.548258
7.293465
-6.36921
-0.368932
-8.200622
-3.190322
8.843135
7.261059
3.422031
-2.135990
3.379324
-6.360241
-2.135810
-3.330830
8.729858
-5.287544
-8.457402
4.790271
-6.496315
-6.199687
-8.421972
6.698499
4.893
-4.487266
-7.602656
-2.328271
1.651360
7.662124
-2.417512
1.937219
9.616737
2.4326
8.909802
-6.370086
2.270464
0.327908
3.732742
7.328099
-3.407744
6.393707
-6.905626
1.355530
4.103660
1.802178
7.265562
-9.740023
-2.29456
-8.591263
9.732069
-3.431835
8.406602
3.594693
-5.694607
-0.223591
-3.152558
-0.600517
7.412091
-7.722289
-8.225939
5.856904
1.36053
3.929178
-8.540605
-6.263785
-2.17860
-0.556942
-4.208940
-5.739299
-0.476119
6.343496
-8.735137
-3.73020
-4.745381
-2.339527
3.690341
4.547033
-2.649627
-1.576635
-2.402967
-4.377046
-1.930706
2.470549
-2.140325
-9.118289
-1.628032
-6.854816
4.915510
1.189502
-2.431784
1.901001
-7.421352
-1.61594
-6.267258
2.62597
7.227749
-5.813277
-7.343421
-8.59825
-6.701787
9.261778
-1.599647
-8.934179
-5.854745
0.623080
4.578709
0.928327
5.702614
3.100254
-2.181530
-6.865761
-3.13642
-4.588583
0.544780
4.22560
7.656564
-2.591177
4.681214
-7.842187
6.779950
3.442638
-1.731254
7.67148
-3.544620
-7.914576
-3.755966
-9.296538
1.382274
-2.840243
-6.730271
3.754145
1.722698
3.202875
-1.677911
-9.486198
7.283522
-4.648591
-8.26084
7.118616
-7.59145
-7.512848
7.861839
4.152464
9.456955
6.352796
8.829844
8.93718
-6.735597
0.953046
8.588253
-7.453872
3.476189
-7.935515
9.866294
-0.362203
4.788761
9.934640
-6.612728
-1.688949
-2.36249
-9.352196
3.939991
9.489628
-1.236688
-8.859080
-4.843004
4.988334
5.460012
2.284123
0.95635
8.953694
-1.887500
5.758891
6.720332
-2.261482
3.735139
-6.454793
8.546868
-1.263313
-5.557173
-8.533053
7.644826
9.885033
-0.189190
-0.456294
3.532198
9.722014
-2.476734
-8.409088
8.724375
-4.942494
7.448343
-1.181915
7.632837
-6.554149
0.804933
3.744544
-0.361316
9.631614
1.355913
-8.146199
-0.439816
9.156968
-4.572897
0.891583
3.923566
-6.887631
3.722221
-9.39612
-2.70413
-3.404501
0.607634
-1.291933
-8.891489
3.595492
-7.860235
-6.766974
-7.521369
8.116508
-4.994183
-5.878768
6.712759
-3.460850
2.821308
6.943323
-7.348340
5.390348
-4.781187
-6.398526
-3.390330
4.628866
8.260332
-6.240897
-7.727529
-2.809477
9.894676
-2.390341
0.216807
8.96296
-7.68419
0.236295
-0.488073
9.947739
-0.423579
2.807081
-5.210091
-0.9195
-6.455015
-0.101626
9.65535
-1.340925
9.806566
-1.691567
0.456780
0.923512
-9.551439
5.688901
-4.726248
2.477370
7.308089
-3.157793
6.138994
-1.512026
-8.550488
-3.981911
2.132122
2.379447
7.663283
2.684086
2.570855
8.392010
-1.383846
2.550790
0.324228
-1.160443
-3.350166
7.619838
0.495008
-3.430690
-8.44862
2.919412
0.878913
-4.762635
4.778498
-2.866929
4.984144
8.165231
-1.615443
-8.61028
-5.979356
7.194869
-9.381711
0.678877
-0.82041
-1.174395
-5.937851
5.504531
5.253883
-4.881893
-4.72649
-7.429708
-5.312378
6.137208
-4.454988
1.622651
-8.767936
-2.273713
8.243469
-7.204915
6.588741
2.923459
9.677536
-9.697182
-6.777736
-8.214049
6.873050
-7.738882
9.9482
7.267589
-8.606936
2.523230
2.694990
-3.52981
1.759730
-0.413628
-1.221776
0.605673
-0.102555
-4.449952
-2.562462
-4.512734
-7.730476
-6.44419
7.108123
7.860223
8.956076
-9.647266
4.723859
-4.429323
-4.1277
1.28464
-9.434341
9.929150
-1.177367
-2.505786
4.612104
3.402075
-7.614582
-4.259106
5.119590
8.835674
-5.897883
-0.33913
-5.813096
-3.478810
-7.444685
7.965200
-5.129677
3.40671
5.180838
7.596288
-3.283403
5.521715
-4.322941
3.827906
1.380483
-3.969452
4.725728
-6.405873
6.439210
8.827018
-5.630463
7.283888
-2.232795
5.138198
-8.54941
9.78776
1.128131
9.817587
-1.438955
2.111825
0.155520
-4.16979
-3.697411
5.558968
3.564109
5.673870
2.853451
8.232530
8.884482
-0.506496
2.662156
9.183922
5.77157
-8.664802
-2.291116
-7.852933
-8.803355
-1.417166
2.67534
1.742726
3.269760
-9.279099
3.570985
-1.410915
9.420737
-6.171744
3.742713
-3.778126
-4.579218
9.617649
-0.5244
-8.897524
-0.827819
-9.493542
3.970013
-3.304989
-7.205044
-8.7278
5.460572
8.482114
-7.545694
6.346174
-6.67476
-2.270406
5.652469
-5.504783
-0.196632
0.15020
6.893465
-1.415853
7.841262
-9.406748
0.424114
-8.980698
-2.971063
-0.332299
8.752501
4.458032
-8.743368
6.704081
-9.957820
-8.26182
-9.323042
-9.676220
7.128314
-5.616635
9.478875
6.920079
-2.463877
6.87193
-2.788494
-3.597122
3.375604
8.675063
4.314963
-5.431420
-5.45569
8.870395
-4.437270
-0.123306
9.377060
-7.39795
-7.518259
-1.752917
5.757173
6.985738
1.287263
-2.446954
1.406490
0.909240
2.691989
0.712559
-9.964426
-6.319690
-7.421865
-0.948323
-6.482995
3.537459
-7.999090
-0.880822
-2.237144
5.405607
-4.434276
-1.764165
-8.37632
-9.85992
8.373370
-2.428983
1.155931
-9.991483
8.575297
-0.768083
-1.642339
8.199972
-8.710253
5.414002
-5.329662
-3.744496
9.589107
8.786337
-0.761777
-8.207417
-3.352168
6.676808
5.984676
-7.246693
2.378479
0.895732
1.852263
-5.730812
-4.928552
0.198980
2.464055
-2.641701
-7.528788
-5.646596
7.113820
1.787480
-4.612911
4.778748
1.760122
-5.165035
-6.245217
7.675711
-6.140139
-4.381456
8.297314
-0.250077
-7.984243
-9.572567
-1.317738
7.497885
-5.287721
0.588470
-6.560589
-3.705105
8.268713
-4.146244
-2.266133
9.964292
7.487885
0.765464
-5.512361
-0.192631
8.480679
5.905295
-0.629425
0.250539
-1.105173
3.773535
5.34372
6.196864
4.393342
-5.385374
-7.848672
-8.439727
5.572699
7.512199
5.573712
-6.192426
1.489963
1.267711
-7.23555
4.77921
-2.19278
-1.924569
-8.466194
-8.461923
-1.541648
6.487854
-6.781185
3.909526
4.671045
7.545399
-4.757923
5.272944
3.544814
-2.653902
1.399804
5.887692
-4.374751
9.411704
-6.711768
8.184637
3.182981
-8.588176
3.356301
-1.543703
5.695287
-6.384764
4.804560
6.444640
-7.89066
-0.277746
-7.572249
-4.540909
-8.75592
-7.158844
0.285291
9.480229
-0.231513
-5.836680
-3.721607
4.557339
9.889276
0.475341
6.621181
4.838908
-9.331480
1.498701
7.711912
-3.894919
-2.943074
8.84498
9.20180
2.933100
3.927786
-9.876892
0.324121
-3.481112
-5.732629
0.399585
8.410267
-2.402797
-4.105866
-7.157131
-0.64796
5.904455
-1.384008
-7.272393
6.533488
8.431510
-0.803140
-7.853633
-3.656679
8.101556
-6.179957
0.513062
-6.456133
-6.857002
9.698019
3.723799
4.829261
-2.441129
-9.676604
-3.39514
0.462960
4.391080
-5.217119
4.748845
6.983724
0.170737
-2.742173
-9.75595
-7.122857
5.473472
-1.284573
-2.653659
9.968834
0.646810
-6.927276
2.409128
8.491172
-7.492902
5.267949
9.472994
5.725945
-4.206759
-6.944851
8.880001
6.418269
-9.741322
-1.605662
-6.840551
9.370766
9.905615
-4.484612
-1.570719
-8.71367
-0.203675
3.232842
3.658943
-2.136364
-1.439982
-6.645394
-8.875455
7.603639
-6.147223
-4.127161
-3.61343
5.563876
-9.594740
5.563062
-5.960015
6.278501
-3.302821
9.989619
8.130247
-7.898761
-6.756364
0.615761
0.895223
3.819718
2.543966
-3.875812
1.218728
2.478327
-6.171927
4.353895
2.644653
-6.731525
7.363705
-9.232840
-4.958942
5.498345
-8.12796
4.377750
9.713199
3.650013
-6.348057
7.868676
-9.259393
7.664004
3.612868
-7.615056
-3.916364
8.368670
2.445241
-3.276324
2.760680
-3.203729
-2.704880
5.159357
-1.419582
8.29521
-3.348635
-7.628355
-3.347009
-8.676524
0.487148
9.423534
5.217206
5.264573
0.282124
-6.745153
-7.184708
5.97235
2.893188
1.802118
-3.474038
-8.289710
-3.85105
-7.668672
3.671713
-9.256151
8.4338
5.865343
-8.724188
-1.993409
-0.982034
-7.450744
-9.119620
-6.177189
-9.299162
7.421473
9.57292
0.104309
-9.190879
-8.664012
-5.716584
3.319392
-3.928673
-8.245281
-6.533791
8.109030
-4.199799
-8.507160
7.161051
-5.538309
5.957404
-8.925080
0.731045
1.944054
-2.265482
-6.367042
-1.504886
-2.716056
-4.349544
5.162241
9.147556
-8.803877
0.98299
-6.634090
3.104793
1.809569
-1.169892
0.759406
2.682420
-4.646165
8.314655
-6.920825
-8.267715
3.800351
-5.280366
0.208847
8.243880
3.552561
-6.674753
5.287859
-5.413837
3.42795
1.99813
-5.832289
-2.184276
-4.421256
-5.426625
-0.221620
-1.522298
2.194555
1.884280
6.288085
-7.693496
3.198812
-4.470826
0.614333
-8.922548
4.598069
-5.400300
-9.528015
4.111026
7.496692
-8.605839
-4.222534
-9.147129
-0.176341
9.519019
6.935395
4.978030
1.354381
-4.835956
-8.352943
-9.980843
4.303117
6.668406
-4.777338
-7.534818
-8.916526
-9.627730
-4.223433
4.381838
-0.19928
0.909437
-0.743861
7.271069
2.929183
-1.365240
-2.18141
8.453250
-8.136276
-8.78882
-6.875742
-0.572604
5.258957
-9.157334
-0.447568
2.306002
1.251654
5.252624
-3.286942
2.225343
-2.903781
9.675201
-2.520446
0.775338
-7.591930
-8.747562
-4.293404
0.145981
7.933024
-1.877966
-0.395350
0.472400
5.534904
7.326724
-5.635281
4.906112
4.20808
-9.481158
-1.773117
-6.516609
6.339571
8.85041
1.841977
2.385686
4.873504
-4.269350
0.362874
9.922083
0.232305
-6.96833
-2.224660
6.35918
3.722161
3.287483
-0.539927
8.71423
2.629534
-4.24015
4.884495
2.176703
1.778605
-3.601904
5.118999
7.348442
6.166014
-1.690644
-6.344796
6.665630
-1.134305
3.40289
-8.900193
4.53586
7.101863
-4.887001
4.827389
-3.280181
0.547429
1.475657
7.986948
-1.346311
0.166932
6.640766
7.836435
-8.959749
-2.330895
-1.973449
6.24241
7.80103
-1.681400
-2.745333
3.448605
8.86174
0.259943
-8.88911
-6.437874
6.989197
7.433525
-0.599302
-0.701216
0.357218
-2.123951
8.934312
-0.809182
6.399482
5.559509
-7.149355
-1.965555
6.555537
6.878607
6.470769
2.645632
6.119182
-3.499483
4.139321
6.998446
4.407753
1.373396
-3.886912
-9.577460
-2.93737
5.730131
-9.418897
8.762561
1.21065
-4.799673
9.19907
-3.220020
-0.317185
-6.910704
1.734498
-7.629433
6.752165
-7.520653
3.776784
-0.920040
-3.509931
-1.212164
8.508646
-8.954914
-0.945927
-9.952455
9.136481
-9.133540
0.926763
-8.171823
-9.383518
7.969601
-7.303470
2.304740
-4.34520
4.619251
-7.756360
6.413802
9.321432
-9.49373
9.364592
0.803350
8.618369
1.610484
-0.206750
-6.625314
-8.528313
-0.151561
5.532063
-0.446602
-3.331571
3.213253
-7.787462
-3.79195
9.43367
7.109553
-6.262913
8.607224
1.825081
-9.294191
-0.251786
4.565032
-9.203529
-6.19805
7.285894
0.585374
-9.504790
0.833208
4.500782
-1.312591
2.834362
-4.430686
-1.421265
1.940822
-5.116191
9.154124
-6.679933
-6.738285
-3.480741
-0.439364
1.60756
-9.192840
0.565222
-1.481715
9.988810
-2.678931
8.628927
7.618064
-5.286269
6.425919
-9.880263
4.384734
-7.20716
8.475388
-0.317609
-6.800571
-8.542352
-2.531389
3.633596
5.833403
-4.476104
-8.879711
4.474908
4.232018
1.59159
8.621577
9.557046
-8.61850
-2.874275
6.475062
-3.303577
3.936927
7.567953
7.278229
8.549470
0.403190
3.1970
-9.491088
-6.521312
-9.862560
-6.457103
-9.701556
-3.497005
-5.831463
-6.729373
-0.991993
-2.936246
-1.620837
-1.577155
7.922445
8.522813
-6.338012
-3.764105
1.276000
-0.622069
9.861469
-9.648483
0.23805
0.81988
-4.180955
8.344826
-6.360824
-3.165878
-7.844291
-4.674294
-6.205355
-1.324314
4.582197
-7.437387
-4.443901
9.464299
6.472038
-6.168673
-2.51210
0.983816
9.179512
9.146643
-3.854159
2.406547
1.897313
6.248902
-8.500480
-7.473707
-4.965391
5.735181
-1.954202
1.967571
-0.940125
3.412019
8.948891
-1.764399
8.203369
3.626627
-3.716401
-3.349688
1.684430
3.442333
-8.947713
-5.299119
-8.933937
-7.812420
-8.915221
-9.714376
-0.378560
-1.991685
-4.537569
-0.195722
0.145493
-7.241040
-4.888910
3.986417
4.815167
-4.842937
9.92489
9.496510
8.822886
5.25819
-8.589231
6.453249
3.546243
7.849808
3.611992
-1.552516
-5.298007
-1.81219
2.735487
-5.945243
-0.185523
-2.404041
-2.383564
6.90733
8.821616
-8.524139
6.879974
6.300385
6.293410
-4.880265
2.289377
-3.182591
-3.768243
-6.651
-7.833530
-5.598398
-0.654544
2.610810
-3.480058
3.568823
-7.935627
-7.653350
-7.691593
2.596599
3.734528
0.233726
6.130356
-7.238778
-8.156563
-8.102846
6.55575
-2.716625
-0.457332
2.210316
-6.549959
-2.330581
4.43618
-3.85395
-4.305355
3.480556
-6.491262
-7.175906
9.200728
3.850323
9.125341
5.859314
-7.166990
7.186563
3.77899
-4.288353
3.419451
-0.890468
-2.871107
-8.52961
1.65332
7.642749
-4.18938
-8.324255
1.313830
9.627874
-4.918289
-2.724300
-9.278882
-7.555721
-7.281484
1.522483
1.92947
-2.552847
-8.987578
-1.735200
0.759916
9.69340
9.355732
-5.819819
-5.344628
8.55502
-9.328105
-1.329429
9.246037
6.672181
-8.379861
0.821232
4.370412
-3.414859
-2.7534
-8.730122
6.741724
-2.544925
-8.496684
2.910832
-0.415243
-2.411853
6.174020
-3.464273
0.871037
-8.159445
0.368332
-8.106996
5.928286
-1.303428
9.516678
-7.327952
0.806591
5.308326
-1.652976
2.734227
5.607579
-2.84787
6.527984
-6.183208
-9.206287
-7.493434
9.382235
-2.759452
9.523594
-5.198546
-6.514431
-2.729325
-6.871801
6.987599
7.471201
-9.737848
-3.715747
0.95270
-1.857041
-2.355746
-1.783534
1.992386
-8.638354
-2.133373
-6.780870
5.646581
-3.25754
-5.757684
-0.150697
-1.857770
-0.645833
0.606114
5.856104
-3.923789
3.992375
3.784503
4.793606
-3.918271
-1.434304
3.865297
-0.409798
-2.98588
-5.177346
2.1519
-2.107764
-4.450930
-8.768864
-9.293667
6.120609
-0.139434
7.673184
6.538099
4.242916
-6.909638
7.704342
-3.891546
-5.150537
2.507068
-3.718824
8.452854
5.83281
7.772290
2.642346
-1.33202
-4.384999
-9.206464
-6.765749
-7.372812
-8.978627
-8.501148
-4.322023
-5.367402
8.735875
-6.121138
3.524712
5.570713
-3.193719
-0.195299
7.352767
-6.819438
-3.218392
2.255519
3.468918
2.617856
-3.611971
7.155606
4.173011
-4.814723
-6.587810
5.727448
5.686492
-5.64574
-0.666690
-0.135184
-1.503260
-2.672267
-8.848671
4.347277
1.508193
6.342751
0.352098
9.341905
0.679576
8.133688
-5.309029
-5.730311
-3.484600
3.281966
-9.801358
3.428246
-5.465716
2.681218
5.813918
-0.365438
-9.437283
-9.190480
-6.780636
6.864409
-4.289228
-0.642903
6.136531
1.972955
3.216750
1.567310
-7.159819
5.497538
-5.769086
8.306783
6.490609
-4.828759
-0.696688
3.930141
-5.871024
-6.231617
-5.112904
1.372972
8.225779
-1.672277
6.510786
1.542662
1.196153
3.453326
9.511751
8.701699
-8.355904
8.460706
-1.206584
0.890528
2.860594
5.955067
0.300498
-5.549771
-9.192193
-1.928161
-8.357689
-4.156950
1.823481
-8.642721
-2.437805
2.699342
-6.772445
-4.353800
9.889902
8.251773
-7.187384
-2.809638
-5.524211
-4.524179
2.998171
-5.973325
6.992304
-5.734908
-7.203519
-3.909890
9.555719
-7.496911
-5.743228
6.501254
8.145166
-7.84614
9.241960
5.434055
4.243374
-5.829407
-0.153019
-0.55546
-1.726644
-1.473440
4.455009
9.141858
-0.200627
-6.436465
3.203171
-1.874297
-7.734319
-4.454269
2.876490
-0.525193
-4.924558
-5.105459
-0.524871
-7.175098
1.340103
-0.707054
6.702193
3.364887
6.224751
-4.25013
2.266927
1.128365
0.177587
7.172907
3.548378
-9.580080
5.64716
9.704361
4.521858
1.276554
-2.409186
-3.923819
4.962311
8.725291
-0.165574
-7.2685
-8.110921
-4.740952
-9.830696
-3.805699
2.158452
-0.362567
4.7153
5.617081
3.400153
-1.180120
0.696740
-6.652206
7.411405
-4.715440
-7.72972
6.299985
8.492139
9.859726
-4.59301
-3.639242
9.695983
9.810591
0.687428
-0.364704
-9.602621
2.843069
-2.9867
-8.581678
-6.767442
-5.765437
8.578349
-2.833450
-5.271692
-1.723772
9.28093
-2.343107
-0.31382
-9.100070
4.682606
-2.179143
-3.769802
-8.184026
-7.557671
5.818494
-0.165584
7.220968
-4.251929
9.783308
5.191185
4.18507
4.420870
-3.126961
4.947370
-7.569525
5.907187
-7.46625
-8.863611
-9.368012
-2.141508
2.984244
-8.661658
-5.784803
9.670777
7.623976
-1.851822
-9.898759
5.624247
-3.59668
-9.305092
-0.526775
0.936563
1.304258
3.330240
5.572179
5.848570
4.357701
-8.804188
5.439961
2.81032
0.885882
3.905723
5.561424
-1.496300
-5.625015
-7.66152
3.210546
8.137526
2.194351
4.749034
-0.975786
2.342499
-8.27184
5.847348
2.441063
-2.981362
2.803715
5.323233
-7.680515
-2.451581
9.425171
1.644413
8.562222
-2.999207
-5.801962
-4.542664
8.102589
-0.323084
6.41043
6.180075
0.853917
2.432098
-4.369399
2.710891
8.469226
9.785773
2.726683
-2.18855
-7.767111
-7.714860
-0.94782
-4.882665
-4.937359
-6.318753
-0.357843
3.495692
-5.746366
6.913580
-2.836919
3.680546
1.445098
-7.39394
3.107849
0.245387
-8.451217
-4.43653
4.81710
-0.151627
0.609191
5.979094
-8.990467
-5.464524
8.382419
1.597199
0.336107
9.584722
-3.645168
-4.244128
-6.916810
-8.430325
7.15885
5.768273
-0.53801
-4.358884
-8.485924
-1.792764
-9.807799
-9.277395
-5.115133
3.157932
-8.119041
8.927206
-6.654527
-2.925203
0.468271
-5.284004
4.416055
-3.946135
0.542222
-2.813507
0.739085
5.825775
-3.538102
-2.774836
7.616826
-7.432883
3.807729
-8.386532
-1.446125
-9.903317
-1.221139
-2.899124
3.221897
-4.759611
8.354799
5.526088
-9.549892
-9.750360
-5.437593
-6.726724
-4.775685
-9.219869
2.502835
-9.279109
3.506599
5.653576
2.4046
1.6767
-3.607874
9.349590
-5.78126
3.532568
5.55042
-6.183652
9.725937
5.298724
-8.851248
-2.191240
9.221583
-2.388402
-9.627720
-3.160675
-7.370040
8.26768
0.374120
1.283245
-9.280233
-4.431328
-9.970537
-6.884511
7.383622
-7.243556
5.716885
6.306446
0.291346
-4.694538
1.685949
-7.269625
-3.452334
-4.358302
-0.853472
-7.15969
-0.894715
-4.61103
7.182433
-2.533699
-5.380921
-3.91698
-9.373624
4.448280
-3.220422
-3.317770
-2.417350
7.405554
-0.825504
0.534966
1.366243
2.83216
8.633565
-0.20532
-5.612275
4.308770
3.353573
8.496272
5.526963
9.769695
0.919006
-5.177198
-0.330248
9.314139
0.519876
2.284581
6.656926
-2.15274
3.937081
-7.604780
2.68423
9.708930
4.618000
-6.685609
-3.392741
-7.927116
-9.122854
-9.397307
3.188732
0.806281
4.301274
-6.39953
-7.138239
-7.229697
7.851212
4.615059
4.346361
0.398690
3.817375
7.96675
-3.555341
-3.596027
4.912285
-6.350714
6.225453
-0.540028
-0.128074
-5.130167
-8.77932
4.908451
9.226504
0.133219
6.337526
-1.941072
5.662170
-2.377211
-9.46013
8.275080
8.461719
4.311013
6.629244
-0.201334
0.616292
-7.979653
-0.553818
-7.706353
3.535964
-6.389012
-6.696892
-0.276979
3.709595
-5.582785
6.492578
5.351257
-6.509538
5.225577
0.39402
-8.595441
6.23859
-6.402590
-0.156435
9.511900
-3.634908
-0.346633
-9.104499
-1.570677
4.638729
-3.838317
-5.477225
-1.17173
8.769174
-0.878823
-9.63806
-7.456768
-4.4658
-1.810349
7.580196
5.850161
7.492906
-8.754379
9.911559
-7.157689
8.108259
8.772198
-5.500764
-1.319847
7.455024
-1.462049
-5.969068
-4.967236
-6.375495
-5.382985
-8.985253
-0.849913
-1.323598
9.27160
1.47627
-9.540080
-9.826485
7.900419
6.295408
-5.780625
-4.234893
-3.754724
3.313237
8.882386
-9.337930
5.227359
3.917188
0.933027
3.512904
3.84729
-9.322545
0.818259
-4.893124
-9.531552
6.569743
0.462721
7.188886
9.717308
2.15223
-6.458127
-2.461708
6.11220
-4.956576
-9.137728
3.581834
-6.369227
1.39986
-7.420597
-0.411479
9.857097
-7.505372
-1.107548
-6.934703
-7.300072
-3.118747
2.212306
-4.324459
-2.372396
1.321848
4.169367
3.516035
5.684396
4.525415
-4.932214
0.436347
-3.123909
-2.490325
0.691778
4.478279
8.865053
2.826579
-5.824564
9.386580
6.985557
-0.726517
9.740352
-6.363585
2.185257
-5.593261
9.515430
-0.325212
-8.527979
2.231281
-4.369819
2.760019
-5.520628
0.896656
-1.179859
-1.775336
-3.4937
-1.521677
7.390647
-0.263540
-5.214826
-7.660368
-8.552865
-2.16228
1.24429
-9.818302
9.876128
-0.62959
-6.721726
-1.709698
-9.413455
-6.818554
3.167865
1.685387
-7.767411
2.82840
3.257641
4.807244
3.56860
1.567173
-9.53112
7.917200
1.403106
-4.31457
4.247966
-4.199788
-9.694963
2.738430
6.851865
7.425916
-6.756827
2.59424
5.510427
1.662701
-7.48827
-3.693234
-2.414223
-3.120628
9.359054
-6.883933
5.372259
9.786544
-3.945341
-3.983813
-2.136402
-7.137815
2.619950
-2.807743
-3.57494
0.393360
-4.898866
-6.659827
5.560740
-0.521063
-9.604957
8.27684
-0.538088
-6.831132
2.645247
-5.832298
-3.850904
-0.457892
4.712687
9.158420
-9.457791
-1.175981
8.489872
8.330038
2.849813
9.408250
1.889283
-6.181523
1.587867
-7.570008
7.595407
3.316818
6.388409
-6.430129
-1.249721
4.421033
6.337424
-3.414112
4.310925
-4.588603
-7.800912
-1.520105
-6.806571
-4.198398
-2.43069
-3.502185
6.891692
2.95197
3.54241
4.30567
-4.666244
-3.935415
0.14062
-9.392056
-6.915788
-7.951423
3.390859
-3.156083
8.912266
-8.796333
3.861939
-2.704492
-6.673514
-2.157415
-8.586324
-6.726313
-1.998417
6.772762
0.947110
7.865090
-1.115305
2.498667
-9.51634
9.97128
8.317197
4.303965
-6.559618
-6.459496
-0.98796
-4.80815
9.403416
-5.765549
-5.618980
9.461419
-1.717627
-7.819744
-7.202840
3.774126
-4.206038
-4.410842
6.701223
-5.422768
0.829025
3.560805
3.808226
-1.157614
9.335281
-2.855996
2.976171
9.159267
-2.270375
3.424800
3.637563
-5.960296
6.6481
7.93315
-2.41114
7.409496
-1.657958
-5.401648
-3.237732
5.53275
8.130178
-8.603773
1.451831
-4.875629
2.211261
-2.661569
1.33382
9.16387
6.54130
-0.364188
5.852976
2.382224
-8.512737
-6.569093
-8.192555
-5.267460
0.133451
3.283053
9.875531
4.181262
7.141397
9.393499
-5.414218
4.210034
-2.390614
3.964369
-6.889851
-0.792315
2.622464
6.618030
-8.832289
-8.395419
-4.427544
-9.413200
9.195312
-3.534197
-1.575073
1.867674
-3.944738
7.344044
5.462484
2.153034
9.314270
-5.975281
8.705160
7.212816
5.765707
-5.13638
2.239662
3.835661
-9.982899
4.822771
-8.781482
-8.756898
-8.508108
2.425727
-5.957772
2.510448
7.392420
-0.742506
7.695087
0.566101
7.267319
-6.742637
-6.921607
-7.483189
3.994284
7.546319
2.523318
-0.353669
2.897766
3.650799
8.249448
3.7985
0.418041
-5.184778
-7.37364
-3.708801
-8.761785
-5.435978
0.83392
2.170576
5.553004
9.12159
-2.821291
-2.972156
-1.923185
6.115798
-5.93148
0.731303
6.321825
-8.527097
2.945924
2.329273
9.968837
9.753519
-8.682860
-3.783849
-0.119156
6.179396
0.350942
-8.47912
-3.404754
-3.187268
-5.887087
9.471309
8.92007
5.335603
-1.878193
6.546971
-6.745211
3.589009
-8.765294
0.310718
-5.786495
-9.497564
-3.932434
-0.14290
7.375281
-9.624909
-8.978125
-4.305811
0.618711
-2.862751
3.399908
2.199020
-1.497253
0.526525
0.554333
7.216184
3.175122
4.847498
5.732168
-0.266591
-5.154386
-7.766290
-3.573612
4.701062
-7.484245
4.801352
-0.715708
3.488874
-8.193509
-6.627611
5.101898
-3.402865
-1.544429
7.975375
-6.709995
8.123569
-6.873711
-8.422194
7.107534
7.32090
9.574966
8.136069
-8.430773
-1.956330
7.755618
-0.866618
-8.505514
5.880132
-5.837972
7.111201
2.482762
-5.107043
-4.233981
2.986244
-8.548544
6.921476
6.906394
-8.251710
5.446297
-7.683666
-9.107780
9.304186
0.708452
-5.832305
3.683823
-8.973001
0.823409
-1.108758
4.283945
-9.423802
-7.593123
-7.850522
3.881125
-9.83000
0.961533
-7.272343
1.365696
1.263457
1.362111
-0.15982
6.336271
5.805740
-9.531433
6.263683
-8.505085
7.804185
0.82458
2.246299
-2.63770
9.13872
1.747569
-5.405344
-3.291383
8.114140
-3.222270
5.815950
-9.868180
-3.718722
-2.992686
-6.974017
0.86519
9.439666
-7.883981
0.300589
6.805194
-1.359329
-0.751691
-8.347974
6.927989
5.853845
7.657878
0.676357
-7.715024
-2.821664
-6.776312
3.84054
-2.65426
-3.802886
6.26382
9.348740
-0.267479
-1.530170
1.574859
1.209283
-1.31230
6.812025
3.851268
9.566193
-4.159172
5.139241
4.513123
1.850985
8.141548
-9.236089
4.951550
6.125829
-0.601902
-2.647814
1.611538
2.937415
-7.962940
-1.378693
-8.344681
6.92280
7.959507
-1.722673
-0.982186
-9.287118
1.956709
8.533693
-6.883162
-7.756244
4.232164
-0.369430
-6.410029
-3.868840
0.590592
-8.910201
-2.426565
-4.782503
-4.149961
-3.9358
6.244384
-5.480235
-4.985703
-2.195988
5.236919
5.226749
-5.296942
6.91738
-1.32202
-1.597626
-4.683054
4.633169
5.572955
6.945567
0.506383
4.237588
3.459005
-6.610991
-5.743593
6.772676
-5.938132
0.988478
1.293144
5.778510
-7.346122
1.37516
4.311950
-1.595988
6.188485
-6.239403
4.758100
9.988961
5.928572
-6.78989
5.119848
9.288069
3.843105
2.565546
5.63483
-2.401821
4.661836
0.559285
-4.243690
5.288006
-6.154154
-1.348515
-3.108679
-7.926353
9.412530
-1.310803
-4.910199
-9.632499
6.498885
6.286150
8.805508
-6.886730
7.83683
2.224671
-6.422032
-2.864253
2.307089
8.992289
1.941517
-4.83345
-8.496763
-3.301619
-6.335039
0.891071
-8.84319
6.461914
9.425676
-1.670147
-2.238258
0.406405
-1.462593
1.77328
0.82775
3.136667
-1.132655
-2.515973
8.597424
-3.770855
-0.701469
5.888152
-4.617053
7.210034
3.553825
-6.248460
-4.518612
0.302664
-2.497574
3.894079
-8.484469
-4.242965
-5.252911
9.494720
-2.786363
1.979231
-8.964396
-1.826176
-9.59191
1.572764
9.553394
9.722989
-8.4304
3.859934
5.367206
-1.125247
-8.270726
9.452649
6.670638
-7.554821
-8.359703
0.786752
-9.240472
-1.337918
-2.289123
1.164264
1.728155
-7.983054
-1.264331
-7.69558
-8.809168
4.451278
9.787909
-1.555621
-6.765485
0.720218
-1.882699
0.733676
-8.615678
6.587895
5.739443
0.140070
4.480059
3.312772
0.465439
2.337969
-1.571962
-4.921792
-4.872812
-5.95660
7.628805
-7.381007
-9.589962
-9.45197
-4.51928
5.448332
-6.882323
4.114760
-1.612344
-8.672112
-8.847269
-6.979688
3.520647
-2.774409
4.812945
4.885390
-6.261018
9.789825
7.721838
6.672737
8.746767
5.683373
9.655329
8.142693
4.458239
-0.67406
8.824514
4.301525
-8.420232
1.86151
3.394941
-7.459056
2.692207
-3.684357
7.964351
7.133173
-9.122804
9.331918
-5.875277
9.397928
-2.571983
-0.244712
6.912155
3.611310
-4.116588
6.273637
-4.451496
6.427535
-5.507932
-7.381821
-4.270995
2.889518
-6.437114
8.601818
9.526322
1.185218
7.162264
-9.249270
0.780465
-9.692435
-9.587681
-2.344794
7.939180
-0.579400
-5.433459
8.982061
8.874730
-6.234272
-9.876252
-5.225003
7.162102
-2.292236
-7.343766
6.745198
6.107843
9.64641
3.405581
0.65807
-0.505558
7.716416
-1.596553
-6.416965
-6.99874
8.566042
0.417288
-2.728990
-7.686365
-3.451677
-0.790549
2.483446
7.771859
-8.210766
6.661312
-8.95382
-0.59672
-7.20347
5.443114
-4.235409
-2.598800
-9.958594
9.507091
7.471801
9.112258
6.288578
-5.745961
6.592248
-8.924786
-6.116450
-2.265753
-0.394604
4.186715
9.754992
-1.32752
-6.119868
4.98735
-6.386641
-7.745281
4.344668
1.152830
-0.476670
1.315986
-7.926286
5.551039
0.335205
6.406871
-3.825709
1.612066
2.758113
8.982906
7.885247
0.940080
9.654498
0.533005
-5.171507
-8.858584
-6.372899
-9.790350
-2.552075
5.774523
-9.239801
-5.342511
-9.269370
-0.291722
9.925967
6.324677
7.70235
5.65635
-3.572509
5.419175
3.791166
-0.165153
-7.857122
3.309712
5.73962
5.517780
1.48039
-7.974096
5.424370
6.189677
0.220220
-8.950302
-7.287299
8.918414
4.376652
-8.833519
1.147601
9.724500
-5.838215
-8.557173
-8.623193
-6.308781
-5.472800
8.868269
-4.819613
-4.769153
-7.525214
7.190736
5.315001
-4.986871
9.109169
-9.22117
-8.858164
-9.474432
7.213339
4.632493
-3.282380
5.211039
7.876215
6.734981
8.944310
-4.273479
5.672790
-6.429541
7.462148
-3.663615
-4.867460
-0.221286
-2.965943
7.972352
-3.764980
-8.999726
-2.501723
-0.227420
3.77789
2.872444
-9.380538
7.643639
-4.368833
0.354771
5.621026
2.760417
1.795059
-0.615822
-5.180785
-8.219639
8.364879
8.931588
5.614454
-9.806044
3.241339
-9.381001
-4.14863
-1.332065
-9.762150
-9.283618
-2.76436
6.8065
1.816142
-2.982963
3.448176
1.525817
8.215614
-5.986585
5.615206
1.179267
6.34860
2.111578
-6.53062
4.228144
6.507947
9.29851
1.37919
-9.359916
2.95312
-7.941243
-1.633701
-2.537565
-1.584423
3.388729
-7.240175
-2.412804
-4.287617
-0.363126
-3.4100
-4.456338
3.519809
-4.787303
6.266885
-9.291048
-9.359107
6.919239
-4.13613
-5.857843
1.471218
1.468945
6.30290
-2.706467
-5.609053
3.823814
8.62543
0.349539
8.231005
-6.261213
0.767374
6.393858
-3.565554
-9.948869
-8.81366
5.63822
-9.252260
1.435913
5.27583
0.831241
2.693661
5.168000
-3.194243
-4.324904
-1.314582
4.979219
-3.577159
-5.500212
9.151267
-1.60289
-7.85122
8.729687
7.462931
-5.347847
1.58198
-6.235742
-3.220645
-1.591803
-5.182402
-3.772505
-3.106973
8.469531
1.770391
1.575106
-5.865249
-1.205836
9.177039
-6.547472
8.753048
-5.854053
3.649026
-6.380684
6.217027
9.868650
9.144105
7.874327
-0.71238
-1.279295
4.31413
2.478860
8.681925
6.725731
-8.856317
-1.569318
-4.179877
5.262545
3.85767
1.870190
-4.691265
4.280449
8.893897
-1.671286
0.565794
8.380518
-7.690562
-2.877529
-5.630903
7.160426
-6.497220
8.910685
2.771225
2.211516
-5.644946
7.804895
8.560012
7.570756
-2.195102
7.20639
-3.843016
5.209996
-9.84089
1.663571
-0.190526
-4.37623
6.774182
-3.96431
-9.266915
-0.371403
-9.312788
-9.265983
8.60495
1.557516
-2.461036
1.336851
-6.81829
7.870182
4.612143
-4.938615
3.10025
2.356296
-7.404467
2.893058
-7.582642
-1.601813
2.788171
5.218080
9.945945
-0.683219
-5.966894
9.639986
-7.945195
-0.933907
-1.786045
1.724838
3.787910
-3.782147
-0.771276
0.571268
5.37175
-8.481785
-9.687432
7.230965
-5.669898
-5.465269
8.986633
-7.315818
5.839360
9.653050
3.211856
-2.558506
8.532945
-1.572344
9.53409
-7.75134
2.755684
-8.883232
-2.192209
-5.628560
-6.359153
-2.899938
6.858196
-2.211827
3.894738
4.692975
-7.364080
3.663258
-0.921712
-7.394367
-6.685195
2.315020
5.765626
-6.240798
-8.487853
-2.176689
1.772577
5.778500
3.542982
-0.389031
-8.486050
1.529542
2.627069
-1.795225
-9.122706
7.662920
1.7353
7.395339
1.742812
-2.758335
-0.554115
-3.5658
9.496550
8.434043
8.29964
-2.179051
-6.90633
7.161492
1.22184
-7.659828
8.436088
-8.552511
-1.840470
-6.65591
9.468671
-7.537563
-8.965310
2.524487
-7.26300
4.497379
-9.843108
-8.549536
6.178909
5.358298
0.399279
-6.424558
6.613408
9.456830
7.382867
8.650684
0.502263
7.524423
-0.690119
4.44957
0.506627
-8.621445
-9.52112
-4.921963
-6.876140
-1.453179
6.345611
-8.440468
7.355671
9.898985
-9.168705
-8.633503
7.347294
5.791740
-4.491329
-4.472360
6.748566
3.163055
3.781714
5.783453
-4.559274
-0.992104
4.22853
-9.748579
-6.658815
-8.136429
-8.348457
-0.280810
-2.490615
5.151641
-5.341547
0.50610
3.900274
-1.459003
-1.648762
8.345690
9.35670
9.31610
4.323034
-5.232909
3.209276
3.388137
9.952050
-9.764663
7.101364
-3.969834
-7.358786
-1.16785
4.623240
-3.992567
-7.908221
9.445826
0.81136
0.353355
-3.527414
0.745777
9.177577
-8.654918
0.974962
7.144678
5.315705
9.862296
1.318709
-7.101569
-6.186232
0.254164
3.134703
-9.896223
-1.53984
5.963723
9.341998
-3.914437
-6.585530
7.307327
3.360844
-6.363796
6.286019
-5.2651
4.497772
5.427328
-7.816589
-6.57424
-3.112013
-8.61490
3.291916
1.814352
-4.890928
1.731925
1.475909
-7.614194
-6.324163
-5.921521
-1.268565
8.684003
-5.785756
7.276409
8.893774
1.805257
-2.874378
-0.704177
6.742025
-1.846272
-3.415003
7.66454
-2.591599
-5.900338
-8.840117
1.246010
-1.571612
-8.863753
-4.66111
1.962573
-1.159618
-5.736555
5.787580
0.88255
7.969286
9.321599
9.877121
-8.628111
7.188765
0.399598
-6.665780
-7.772227
-2.402942
-8.860035
2.419914
-8.976353
-1.367314
-9.467175
4.980112
-9.164502
-8.382970
-8.534167
-3.200899
0.7469
-2.821512
-3.548552
1.885543
2.953155
-6.615139
-4.453960
3.432191
3.225801
1.54994
1.256406
8.401940
-7.460883
-3.271186
4.709970
0.405347
-0.62433
3.80828
-6.126312
-8.487463
0.83576
-4.258334
-9.431651
9.128936
2.684801
2.599123
3.852016
-7.91629
2.733637
-8.795855
0.511888
-0.372852
9.232963
5.640774
7.481828
0.225632
-2.3678
8.269925
2.489270
0.371160
-1.970591
-8.576671
9.591342
-3.991839
5.532997
-9.957489
6.670664
1.734954
-5.714836
-6.285678
-4.902239
3.680799
-3.363340
9.897865
2.413310
-3.110829
6.105897
8.250530
-9.120005
-0.480663
1.128360
-4.574983
-2.709736
-2.798288
4.965060
-3.208233
-6.753439
-0.120709
-1.96320
7.653190
-4.678832
-1.660188
0.173930
8.844104
-4.146199
0.645914
7.300740
4.297693
-0.855374
-5.721323
-1.181219
2.653653
-3.819423
-3.74573
3.800617
3.927217
-8.81555
3.885879
9.590721
-5.316086
4.58990
5.947792
-4.557475
5.630481
-1.965096
5.526382
6.522570
-8.223453
-2.782444
3.263160
-7.867846
2.242632
1.80408
4.555106
1.510829
6.577424
8.949863
7.896181
-7.746775
9.840668
-0.931887
0.201652
-5.787263
-7.540847
-0.536979
3.576275
7.102305
3.680272
-2.745111
6.371193
4.874603
9.347035
5.736282
-4.599819
-9.600831
-3.704415
6.953304
-9.353717
6.645459
-0.127328
-2.62482
4.351473
0.204229
7.766565
6.77237
-3.647072
8.569848
-7.795428
3.252696
-8.688428
8.426940
-3.949177
3.456789
8.704337
3.781723
-1.742278
-6.645926
-3.627676
-9.884151
-4.644111
0.278749
-0.211724
-1.757367
-6.201018
6.109791
-3.117222
-4.960430
-2.43663
2.269694
-8.767630
-4.664800
-1.572742
6.293874
1.97832
-5.718478
4.265753
-4.870377
-0.618552
4.822056
1.733587
-7.41571
-6.689302
9.658661
-1.890084
0.604262
3.99268
9.117382
4.337234
5.386500
1.149331
6.786190
6.575826
-8.762667
-6.587729
8.768381
-8.414414
-1.159403
3.963778
-0.903905
-3.733126
-5.735425
-6.91953
-4.375453
-3.879799
9.251879
-6.177467
2.955020
-5.938563
-2.295705
9.332150
-8.781485
-0.201634
8.798250
5.713644
-2.870603
9.873389
1.337624
9.897041
-6.372523
9.666922
0.445923
8.979363
-9.875773
-3.381468
8.600530
-2.817692
-5.414663
-8.99904
-4.320841
-8.14082
5.396402
-9.235930
-9.624619
7.937922
2.88342
1.811406
-0.284581
7.979239
-3.350295
-2.693456
6.340871
4.623082
4.741723
-8.978692
-1.563986
5.368208
-2.297450
5.689338
-3.440911
-3.441046
6.356664
0.633688
-7.767834
4.118523
4.99926
7.796223
7.25106
7.750293
7.38986
4.761082
7.897958
1.362368
1.422947
-4.187962
7.111686
9.798813
9.60750
2.698430
-2.174739
6.839973
-6.420292
2.223863
7.939176
8.275250
4.727129
6.342449
-2.5768
6.530890
4.123505
-0.708171
8.242288
-2.598870
8.927959
-2.997389
-8.442035
-0.845472
-0.36626
-0.524253
2.574997
-3.744197
-9.792935
-5.619169
-8.101619
-7.146882
6.975622
-6.666823
-6.84705
4.773667
-6.432139
-2.267564
-1.603563
8.376780
7.811078
-6.878337
-9.821103
-5.915561
5.471457
9.10911
-1.97518
-9.854782
5.474523
-9.715381
-5.208930
-0.366779
-9.702668
-0.658633
7.596498
-8.552889
7.52060
6.185360
-0.213337
-8.445278
7.500353
5.512885
1.113404
1.310237
3.253854
3.61664
-6.474631
-9.473950
-4.294480
2.88840
-5.201107
-6.991415
9.305396
9.513209
-5.497713
0.763068
-5.320186
1.266585
8.973399
5.431503
0.356278
0.473006
-6.148467
-9.568977
-8.942224
2.348354
2.856610
-5.35403
7.553741
2.174018
-6.825160
-0.7521
0.266689
9.199718
-7.633197
-0.337331
-1.373785
-0.217190
4.857849
-7.590242
-5.19560
-3.346912
7.563713
9.524414
8.225873
-3.165803
5.139976
-6.952226
-1.385490
7.929519
5.15816
4.659
-6.873406
8.782526
-0.813346
1.908092
-3.415117
2.707383
-3.820294
-4.823943
7.408701
-3.883375
-1.288192
4.406192
-3.920742
-5.497743
-0.990878
-1.257580
0.547743
-1.719218
1.878597
9.45442
-4.566665
7.522331
-7.953206
-3.568811
1.51301
8.540652
0.21794
-7.363865
-0.529088
-3.16927
-4.828041
-7.868541
2.888248
-1.216861
-3.278824
5.489254
7.555534
5.814312
-2.122234
-1.371649
1.445934
-0.149631
-0.405286
-9.617287
8.316083
-0.976198
6.887918
7.598985
-6.344969
3.520821
7.688334
-7.414174
6.253376
-5.642796
-7.151244
3.862726
-5.801542
-2.22192
2.372188
7.896971
-1.129820
1.898778
4.588736
4.87944
-1.613261
1.476217
1.166064
-0.721986
-5.990999
-0.95336
-6.922999
-6.919922
-2.752088
5.308432
-3.238945
8.827006
-8.597870
3.923102
2.918039
7.411300
-5.440056
4.208995
0.615937
5.430612
-4.295816
7.395496
-8.559674
2.138950
5.639162
8.432500
-0.932285
0.784691
-5.855792
-8.283379
5.122694
-8.19701
0.966969
1.130564
7.232471
2.780041
-7.868611
0.937532
1.423077
-9.593687
-1.757794
0.637993
-6.93993
-9.240016
0.482813
-6.256775
-3.489554
-8.621207
3.860728
3.340407
-1.7208
7.673300
-4.734179
3.749518
-7.374621
3.248649
2.804102
-0.5971
3.638946
6.75171
-5.81675
-0.297502
0.258707
3.448610
2.30479
7.204082
8.782164
-5.633337
7.695132
-9.906978
0.378915
-1.868737
3.14437
-6.426360
-0.344523
-4.768090
0.953838
-8.907673
-9.250802
8.843953
0.543885
-6.357807
-6.991722
5.663459
6.155239
-4.358035
-9.4145
9.930375
-7.626344
-0.280054
3.966677
1.251535
-7.948483
1.316228
5.836084
4.538530
-3.627650
-3.918311
9.527498
-9.699400
4.824643
5.798495
-5.6044
-8.429025
-9.526502
-4.126646
-4.513900
-9.674805
-2.517036
-2.291395
6.874540
-9.326707
5.489353
-6.386903
5.166464
-0.499628
-7.260782
-7.970424
5.558928
-6.652640
-8.564318
-5.744287
-9.960434
7.644890
1.146587
-0.301609
-5.164839
2.363926
-4.333533
-3.601160
2.898910
-0.535075
-6.857206
9.838643
-3.424765
-4.658425
-3.666270
-8.994904
8.286428
-6.90584
-8.698766
-9.501866
8.342945
3.711354
-0.510350
7.390044
-4.882769
-9.249307
3.976435
0.139433
-9.390942
-8.811631
4.662141
-6.902906
-1.695169
-2.185516
1.191910
-3.395542
-6.160337
2.303477
-0.975178
8.41646
3.70660
-4.919426
-0.426587
6.533261
6.414225
7.735748
-6.9086
0.520669
9.877431
-1.778140
-6.757365
-4.641699
-9.658850
3.835518
-4.45397
7.171254
4.495102
-6.477024
9.256454
8.257037
5.774053
-4.18699
9.861179
5.513012
3.159716
8.25905
-3.990769
-5.730997
-5.550066
9.939506
-3.940963
4.625097
5.944038
7.324374
-0.332069
-0.381350
7.207963
8.337348
-3.290174
-5.460223
3.141989
-9.576483
-2.921758
-6.869368
2.738478
7.607191
0.130408
-2.835936
-3.200799
1.514156
-8.340
8.982459
5.479213
3.351781
7.596823
3.923113
8.840203
7.371567
-7.731850
2.503824
-3.110642
-3.9620
7.342207
1.52443
5.981052
7.460105
3.903656
-6.3315
-6.612784
-9.22237
8.240952
-8.378216
-8.43215
-4.157708
-0.107415
2.114462
-7.818745
-5.867024
2.62530
-0.671471
-3.175299
-1.607059
-8.949210
5.197316
5.703158
-8.63561
8.717988
-4.22996
5.833798
3.914950
-8.770276
-8.510417
-5.177697
-8.597973
-0.340038
8.901298
-0.225506
-7.732670
1.942458
4.951301
1.814142
9.255580
8.686535
-8.666575
3.837056
7.338096
4.767806
-0.977635
3.318256
-7.884903
4.349046
6.402337
-8.651835
7.563103
-1.849809
-5.182406
8.173513
8.24765
-0.275510
8.759548
-1.940884
5.557090
0.151288
-3.417527
4.953780
0.616438
5.306798
5.734016
-1.179818
-6.553958
-3.324090
9.304355
-1.783037
9.446673
3.961837
7.198289
8.977774
2.584450
-3.995951
5.563239
-6.138513
-2.103522
-8.860603
-2.577945
-8.818650
-3.432527
-7.118336
0.565940
2.800106
2.579991
2.214199
-1.610911
8.843569
-3.579814
1.237172
8.285777
7.342067
8.196487
1.132111
-7.812405
1.791328
0.909321
-3.470739
-2.774973
-7.785046
1.462797
6.6514
-7.910324
-2.758677
-2.547524
-6.356458
0.807638
-6.553644
-1.455078
2.89885
-5.793068
-6.997154
6.853183
-4.927096
-5.535350
1.257936
6.825407
3.365025
-2.204008
4.922170
5.789387
-2.575086
6.621332
-7.640966
-4.282451
-7.358193
0.175871
1.644806
-7.235739
-2.756345
-3.475320
-3.371813
9.485041
8.725328
4.367704
1.959693
-5.857753
6.385875
-4.614054
-0.997368
-8.625704
-4.292129
5.993798
1.616598
4.571274
-0.393176
1.856591
-3.303280
3.581914
-3.929207
-0.750975
7.869311
0.342949
3.793220
7.893796
-8.410776
2.735057
-9.42510
-4.10646
4.358851
3.843471
-6.972530
8.601490
0.731744
3.121323
-0.137933
-5.741267
1.789079
-0.667243
3.538869
5.368623
-4.814911
-5.137160
-5.878222
8.654697
-7.37859
2.420884
5.176716
3.124986
-6.363961
1.306496
-8.252622
4.38948
3.41125
-7.52375
-7.450142
1.161555
2.438022
-2.838407
-7.857004
-3.885367
-3.250615
-6.441632
-9.59907
-6.837184
3.927492
0.985115
-1.718617
0.949781
7.345850
-5.445693
1.650638
-1.259244
0.925023
-8.558902
-9.299225
-3.216557
4.699078
0.472560
1.145637
8.598622
-2.170715
3.114539
5.469041
5.791699
2.134888
-1.465104
-5.943900
-8.9300
-4.499711
-0.304841
0.277353
-0.700567
-6.16114
-6.283901
-0.341114
-2.147947
1.173165
8.651735
8.533440
-6.196832
-8.571254
7.823696
6.213403
-5.698101
4.836694
-1.444758
4.222499
9.901699
-3.438568
-1.11446
0.702604
-4.231813
8.680909
-7.35285
8.602991
-5.486212
2.699108
5.185579
2.922223
3.957806
-7.80818
-5.568612
-7.670812
7.887180
-8.17968
-5.436996
8.292210
2.756775
7.998780
-1.68015
0.644962
-6.817227
7.408507
-7.632204
-5.219124
-3.489609
4.404769
6.670751
8.738310
3.13311
-6.23552
7.504340
-1.687489
-9.737556
5.722531
-3.761757
-8.308741
2.127999
-4.888760
-6.513245
6.959262
-8.340331
-7.708714
4.735223
6.823390
-3.991184
0.191952
-7.234256
-6.358521
-6.596229
8.15397
-3.744635
-1.117523
5.58919
-0.684675
-9.246620
-2.234363
-1.536320
-9.855946
-7.931553
0.292803
-0.446896
9.930877
-4.432235
-3.688525
-5.454984
-2.493369
4.112420
2.956489
-3.430688
3.531910
-3.735770
7.382599
7.697464
-5.931939
2.393064
9.104727
0.291583
0.155185
1.86758
5.682531
2.474255
6.206564
9.996981
-7.420778
-2.162630
4.985510
5.123780
8.630112
-0.360454
-2.279061
5.646034
6.940972
0.94753
-9.23260
-7.964074
1.855829
3.224596
9.182797
-1.170567
0.167652
3.673257
3.939505
9.348995
-9.631896
-7.687443
9.941405
-2.14860
6.199391
3.133832
-8.937645
5.293360
-5.191586
-0.355237
7.781296
7.923245
3.943715
8.344567
1.765933
2.354279
-2.986409
-4.425034
-5.832540
1.182602
4.53621
6.985210
-0.941443
2.294501
5.785333
-1.113087
-9.931979
-5.442365
3.801150
9.980543
-0.329539
-2.480036
0.635828
4.738320
-8.835077
5.609138
-5.227040
2.626427
-6.617012
-2.390381
0.818123
-2.681536
-4.420216
-7.10582
-6.280850
-8.513305
-9.611282
-9.12135
-4.689953
-1.960926
3.524006
-3.949168
2.221622
-0.282812
8.943590
5.989291
3.533000
3.539402
-0.418156
-1.519470
3.307533
-9.628238
-2.961621
4.459861
-8.377631
-2.550008
4.102484
9.262097
0.687980
5.480791
8.547265
-8.221876
-6.186160
-0.860334
9.287684
8.716357
8.208713
-0.859684
-5.197757
-6.396532
-1.965993
-9.397441
6.156397
-6.13539
-7.735328
1.781706
6.658316
-2.381807
8.7932
-6.471200
6.291081
-2.807812
-7.616929
-2.712755
-3.71505
-7.70808
2.777026
9.259939
-2.330699
2.677288
6.264144
-4.187588
-2.669497
0.896031
-7.727525
4.968014
0.333857
-3.550118
2.476482
6.794354
1.449322
-0.374676
-9.484209
1.450669
-8.803948
1.763022
-6.658655
-5.116458
-8.34590
-0.453688
0.328600
-6.499462
-4.225031
-0.187644
-8.67352
-0.968365
-1.961491
9.340109
7.364157
-7.880687
1.83339
-0.719905
-7.43381
3.690562
0.73830
-5.437062
4.748274
-9.374025
-3.348083
8.663280
2.630324
9.698536
-7.242593
-9.779408
4.243298
3.954563
-7.708929
3.648700
-0.890334
-4.984772
5.902056
-7.970786
-4.206775
3.351406
-5.559620
-8.447825
3.468035
6.581740
2.129051
-4.506827
6.563053
-6.413770
-2.295237
3.734482
2.422067
1.464527
-3.782572
-6.640828
-0.413321
-8.964485
-3.473953
2.88401
1.990013
5.970438
5.776380
8.200193
9.163736
6.408642
2.99965
3.611685
2.444928
5.18102
-9.301993
2.19728
7.39066
0.919626
-0.625587
4.624984
-7.15908
1.927412
-2.382674
-8.977451
-5.92811
7.573045
7.119933
9.671893
-6.209805
-9.999889
-5.199327
-7.737790
7.63413
-4.199203
-5.200859
9.607448
-2.873058
5.290419
-3.59726
0.861065
1.619432
0.434792
2.918829
-9.516473
0.278530
2.474290
2.156184
-2.363280
-8.531555
-0.770245
4.737038
-5.415138
-9.248310
5.651932
7.603454
-0.679337
-2.485329
3.141363
2.319333
-1.745396
4.419440
1.57146
2.912655
2.565732
-8.215582
5.63062
-1.748326
2.628080
-5.509094
1.451096
-6.831502
-9.753393
-1.200617
3.575651
-1.394970
-3.969807
5.741748
-7.899683
-3.290538
5.962222
-4.201330
2.228550
-8.975371
-1.206456
-9.573737
-6.713372
8.304699
7.833047
-5.472482
-8.542339
9.788014
2.628946
8.154987
-5.278790
2.566089
8.232466
4.373686
0.705373
9.371959
-8.398889
-2.720909
-6.685871
-0.563522
5.554477
-8.234389
-0.514580
4.364856
0.526966
1.933297
7.358035
-4.796107
3.448843
-0.61145
7.92032
4.747960
2.635370
7.983987
8.582157
-4.779281
0.47840
5.930174
1.214297
-8.561859
2.127848
3.191054
-5.317567
-0.772556
-0.413356
-9.945340
-4.256820
-7.746685
8.652196
4.175577
7.880349
1.353694
-8.830001
-7.823851
5.732804
-0.83825
-9.810211
5.269999
-0.291999
-1.325055
-4.430312
-6.699804
4.914194
1.708853
-4.584120
5.605800
-6.585879
-8.572197
-8.494927
-6.84718
3.936135
-9.660673
1.449387
-4.168900
1.75416
2.98643
0.667569
0.555368
8.541428
8.761594
2.424147
-1.925788
-4.103859
-3.821065
-5.384907
-9.44539
4.400140
8.261920
-1.416230
-3.155070
3.803495
9.791816
-9.336191
7.867164
-6.609942
4.632291
4.56365
6.984395
-4.472226
-2.47489
-6.311255
7.683306
6.824315
-8.216374
4.512031
6.335757
-0.269843
6.981860
2.543526
-1.496271
-0.601687
-6.316627
0.50525
-6.423594
8.773250
4.451696
1.52529
-6.459535
-7.450988
-6.959469
6.656401
2.828927
-5.301567
4.926865
-8.55633
-4.846869
-0.416513
-9.820929
-0.77218
7.657606
8.609583
-8.277107
-7.827132
1.116679
2.329417
-0.10081
-9.10781
-9.117712
5.796382
0.106670
-5.577550
4.810710
1.122777
5.80628
8.140562
5.43125
2.756364
-3.365514
4.846461
8.133841
6.219828
9.760823
-1.102104
5.61591
9.566149
-1.187765
7.289659
-7.771992
9.488399
-3.516097
-0.512693
-6.120474
-3.100195
6.311692
-0.355293
9.560415
0.486194
8.143413
2.133432
7.285338
6.189448
-1.939664
1.346697
-5.49676
-0.612876
4.725917
8.882868
8.389148
1.610273
5.392702
6.870278
2.262829
-4.363882
-1.242837
1.477637
6.150784
-6.450042
-2.665070
-2.84214
9.195871
1.999788
-6.557712
-3.990119
-1.397202
-4.574303
7.425771
5.479317
6.253840
5.409104
-7.78543
3.547495
8.554463
5.6408
4.766379
-0.884053
6.5010
-6.855168
0.317394
5.297189
-3.921178
5.65711
-7.117420
2.371837
-7.160141
-5.757873
9.642672
-4.965320
-6.175861
1.455716
0.405451
0.220939
0.901966
2.38950
1.105658
-1.531995
6.892266
4.95890
2.654889
-4.823102
-7.493282
-8.260324
-3.671724
9.798297
-3.646450
-1.982563
3.690689
-7.324896
4.223998
3.221743
9.648022
-8.907663
6.582728
-2.790637
9.935932
6.178754
-1.309679
2.455029
-3.96475
-6.409878
0.367307
7.890565
-0.716943
-7.232056
2.507557
-8.649106
0.188697
1.534949
8.783752
-5.622700
-8.842191
-3.968210
1.261082
-7.876179
2.644503
0.696152
-6.562744
-0.902265
-4.555963
4.780540
2.281388
9.222881
2.512682
-9.249871
-5.708734
7.857906
-5.876143
-2.589475
0.452931
-1.46635
-2.813169
-8.603489
4.824511
-2.709532
-9.490608
0.191647
7.945405
-6.456929
0.261170
1.658231
-1.787165
-1.6515
-2.768139
8.849471
-8.126690
-1.760653
1.447510
8.750007
-8.86759
-2.13731
3.827814
-3.294045
3.668009
-6.946038
-3.927058
-9.287099
4.916773
4.208573
5.719272
5.450856
9.449961
-1.13404
7.777379
3.566397
9.89991
8.871472
0.586136
-5.212092
6.689917
9.797134
3.708326
1.210657
6.826994
1.841829
-5.588281
8.193039
2.449462
1.288707
3.493485
0.634205
-4.240948
0.657882
0.179050
-3.472463
-2.484159
-4.173899
-8.828783
0.365584
4.25579
-6.528041
4.323826
6.379246
-9.224058
-6.635641
3.180394
1.981010
3.392611
4.1331
7.51968
5.201734
8.796820
-1.996496
-7.76827
7.832103
-8.620507
1.546670
4.803633
9.357210
-9.496107
-1.230162
5.709932
4.660013
2.770992
-5.221919
2.1610
-5.77871
9.657305
3.568696
-3.177628
9.26031
-1.641948
-5.832853
5.527047
-2.399532
-5.635007
-4.897512
4.684411
-0.904667
-5.559610
-0.217562
-8.80255
-7.944511
3.839528
-1.325783
1.235378
-9.705172
2.281837
1.801709
8.589294
5.689756
-1.816905
8.197024
-0.490127
-9.983558
-1.931942
-9.787831
2.694506
-7.792919
-0.168119
4.997734
2.824147
-8.772956
4.226068
-1.677828
9.44119
7.476300
8.355533
7.398932
6.994812
-1.219137
-2.322171
9.867819
1.316944
-1.25425
-1.319047
-3.916834
-8.556664
0.4022
-2.576968
-4.381149
-9.622673
-2.602094
3.516436
-3.372177
2.185580
1.855883
-2.203621
6.439653
2.840546
2.90770
-0.188059
1.472914
-1.201937
8.633902
2.930285
5.167908
-2.306720
-6.734958
2.335202
8.102264
3.287986
4.698187
-1.233391
-2.210541
-4.171415
-4.435060
-9.951014
-7.275943
-1.897515
-1.425404
3.757109
7.515305
6.302086
3.150240
-3.431944
1.849130
8.257681
-6.377571
-3.648452
-3.427224
6.837359
0.66918
1.588815
-5.121338
-2.814743
-2.115667
-6.675665
-2.350513
-4.842466
3.519430
-6.483668
-0.539520
-2.385173
3.254018
2.905652
7.478786
-3.924832
3.194805
-1.597351
4.513634
-3.401762
-4.18844
-3.396539
7.836932
3.490264
3.821183
2.162469
6.771802
-4.543105
0.124832
-8.460557
4.387641
-1.489354
-4.870863
-5.169859
0.201084
-2.80207
-7.515595
6.825059
-1.400121
7.243859
-0.356294
7.793297
-3.940043
3.534198
7.30471
-6.874943
-5.508800
7.643199
5.875490
7.235659
-7.641821
8.596468
7.528843
0.759526
-4.811485
-1.505904
8.488899
1.564976
-4.793594
-0.783231
-7.510798
-9.880288
-0.381056
6.916668
1.140633
-9.770386
3.886134
7.36178
-2.12872
9.765394
-5.21251
-5.169442
-4.3264
8.462761
0.598482
-8.473604
0.446717
3.542974
3.438278
8.491767
-5.971804
3.520212
1.733458
-7.140386
-1.533226
9.723465
-4.733357
-6.535451
6.727426
-0.586524
-8.928682
2.264697
-6.991210
4.489277
6.191918
-0.239767
-0.435914
5.150140
-8.451329
7.835999
-5.102250
1.271332
-8.29040
-4.862286
-7.233832
-8.774864
-4.958986
-9.716563
6.106921
0.568338
7.625285
0.249567
-0.477747
-0.526931
7.53858
-3.108106
8.929492
9.251374
0.609202
-3.730402
-7.717852
1.500232
7.858593
-5.784143
9.282513
8.29268
-2.780528
4.972207
-7.787149
-4.676684
2.476811
5.806132
-7.935979
8.928096
-8.612066
-9.254424
-9.146388
-1.730592
7.239952
-7.265036
-7.923240
0.807145
7.715374
-9.125674
6.48625
5.538084
-5.251215
-2.84806
-5.322935
2.58452
-2.538112
3.963414
-8.350943
5.559292
-9.405308
0.171505
8.887151
-7.332773
6.996930
9.666773
-0.535337
-2.563082
0.556140
-6.483196
4.788697
0.568357
-0.625658
7.590635
-3.710233
-5.224404
3.398184
-3.671167
7.366849
6.200605
9.814461
-0.740691
-9.550083
-1.977501
6.656806
-6.394583
8.765636
-0.340781
1.567080
5.795476
7.617965
8.956208
7.465357
-5.581621
-9.121419
-7.598035
-0.710946
-7.479136
-1.465687
6.259445
-6.343604
-7.23215
2.350282
9.499519
8.28858
6.197588
6.197408
-4.942855
3.105096
5.83684
4.562872
-0.840769
6.690772
-9.662963
-6.218491
0.563220
3.542676
-1.471552
-4.174277
9.217933
-9.430699
6.914189
7.657315
-3.641786
-8.932872
3.168344
7.946238
8.977499
5.257615
1.252275
-0.737274
2.88922
4.814082
0.779387
-9.968005
2.957850
-6.430159
-7.582340
-9.357247
1.376328
-6.723268
-0.477291
5.995517
7.452368
-4.543509
-7.487433
-4.847360
-0.682317
-8.980208
-0.398960
1.189208
9.265301
-9.541426
1.707604
0.405620
6.84699
-4.396833
-2.320965
-2.834594
-7.711686
-3.204518
-7.83067
-4.436256
-8.594519
3.304539
-7.83377
6.372531
-6.634866
-4.936368
-3.150638
-2.654003
-2.653380
2.175116
9.698376
4.675529
1.682788
-5.691235
7.580933
2.517847
-3.31243
-0.487375
8.108157
4.675242
9.213703
-2.947498
-5.314949
-6.400757
9.601754
-0.755258
-2.695863
3.618903
-8.277953
-2.756080
5.489539
4.589201
2.875958
-1.916835
7.117066
-6.111519
-7.352913
8.508238
-7.715146
6.659721
8.726
2.952890
-8.708094
-4.432776
8.850873
-7.59672
5.577019
9.950509
6.667519
6.352557
9.680865
-2.382500
9.404958
-5.95894
7.339713
-6.770872
8.144629
3.156848
7.942784
7.296743
-2.974804
-1.982858
-4.910108
-9.665215
3.648662
-2.10221
-5.861409
-9.71493
-2.665062
5.840911
-6.775113
3.468394
2.906348
0.797069
-2.56982
-9.86016
8.943843
8.207482
-7.860147
-3.53004
-1.138610
4.830536
-7.994928
-8.553098
-4.117292
4.510871
6.537411
9.341542
-5.80111
-5.695904
-6.2016
0.489602
-0.625169
-8.835177
-7.301193
-1.155527
2.924753
-8.986632
6.929009
4.416946
-5.775002
7.810994
-5.476964
-4.195612
-1.796712
-2.820893
-5.870525
4.922155
-4.666914
-8.964948
-7.385613
-3.67521
2.357558
-1.734302
8.267203
-9.589906
-8.729633
-1.223797
8.446644
-6.961932
-1.981919
-1.541325
5.97047
5.823310
8.522588
-5.45130
-6.513758
2.369579
-5.631929
-3.713466
-8.63839
-9.941700
1.190747
4.771593
9.912553
7.893989
-6.53145
-8.776899
-9.987406
-5.835229
-5.318020
-6.305039
-3.896513
-6.449999
-2.183448
9.396767
5.679863
2.278721
-9.933491
-7.607168
-3.745333
-0.362609
-8.322
4.271871
2.565
6.708994
-9.958640
9.779612
-0.57843
-8.425262
-7.111687
-4.180958
4.607478
-0.549292
-2.810697
5.787893
-5.407575
8.722886
3.27079
1.791207
7.883204
8.621090
9.826256
6.395216
4.294321
7.190666
-5.513723
7.910651
-2.692877
-2.793890
-6.820860
8.519118
2.283979
-3.632117
-8.319051
-8.861699
-3.485406
-6.665166
5.664238
-3.89522
-8.366280
1.606201
-2.506593
3.191288
-9.693226
8.823104
3.401520
-3.836048
-5.333223
-5.436476
-4.453366
7.783449
7.531463
-0.40016
-0.704326
2.851416
3.155602
3.130605
-0.719782
6.99658
5.580474
-5.983092
-8.342981
7.944121
-2.451333
-5.150966
5.421069
7.779754
7.375835
2.906253
3.944178
-4.372244
2.829354
5.305751
5.509075
-0.132553
2.999288
-8.59858
0.633957
-4.54810
8.791595
6.297680
-7.872864
0.532260
5.832235
5.993467
9.351022
6.60500
8.285212
9.712236
1.990286
-4.667133
2.758572
-3.607584
-0.641939
0.862026
3.869755
6.151604
-0.454622
-1.703702
-6.805095
4.186629
-7.769604
4.350669
-1.751929
-7.482459
-8.674812
4.360981
-0.84471
-0.511944
7.214562
3.951216
1.84995
-6.456059
-3.629372
-1.437169
-8.389270
-1.836696
7.839948
-8.684238
3.114508
4.604691
6.854624
-4.622880
-9.517043
6.211757
3.52695
4.942318
6.999526
-3.227996
-4.815080
-7.598576
8.248762
7.84298
-6.906797
9.17246
-3.865399
-8.158773
-8.774701
9.797654
0.772280
7.396789
-7.138749
3.83157
8.718775
-1.674976
-0.388929
7.766257
-3.160008
6.410129
-8.200859
-0.163058
-0.901417
-2.270560
-4.409721
4.835942
-9.277332
-6.302940
-5.371435
-0.965991
-8.863662
-9.363174
-8.63105
-7.728567
-5.960212
8.664836
7.376037
-8.442863
8.56791
-6.992521
-5.80411
3.576390
-3.909951
0.187138
1.523814
4.155104
0.239634
9.166332
-2.734160
-0.103126
-0.716063
3.741126
3.406781
6.98093
-9.601974
5.360850
-0.694311
-2.912392
7.318035
-6.799025
5.837707
-8.297743
2.542306
-8.634503
-3.335604
-6.605821
-4.109991
-5.740503
9.456573
-4.314991
8.308278
4.516847
9.549791
6.317061
-7.5797
2.656163
9.939617
-8.612145
9.807374
-7.808520
-2.718710
-3.254007
-9.671888
2.379134
1.506543
-5.623385
8.639567
6.216695
-8.299866
5.207115
-5.737467
-4.244983
-3.27404
-4.627038
6.194740
-5.582465
9.396035
-1.745441
-0.403892
5.827959
-1.332635
-9.258901
4.123604
-9.992888
-0.183814
-5.218531
-8.236851
9.211094
6.753407
-0.671162
-2.289233
1.842682
7.101868
5.738679
-4.648602
-5.338179
-1.947149
2.115079
-9.575015
7.143175
-5.543027
-8.28390
4.844247
7.534355
8.725751
-3.613177
-2.295448
-4.684953
-1.43484
4.258581
-2.674557
-2.140397
-8.915004
-2.121981
-6.270569
-4.60934
-0.711609
-7.975795
3.64588
-6.215043
-4.131025
-2.101769
-1.969957
-1.870162
6.508358
4.565853
-2.380825
-8.900424
9.239729
6.973755
-4.762029
-0.180284
-5.740557
-6.803448
-8.936016
-1.864012
0.200614
9.273974
5.769045
-9.729311
7.446058
4.561138
-0.764005
6.969663
6.783741
5.25864
8.240614
9.172305
-5.280380
1.662132
-1.499899
5.473763
3.201845
6.654104
1.700700
-2.366345
8.249596
-8.731277
4.711812
-8.947283
-6.927797
-9.931734
5.623028
-5.742234
1.641858
-7.225210
0.389008
-7.850218
-1.882815
8.255843
-7.731319
5.755301
-0.888926
-9.928903
5.328544
0.387942
3.649312
3.869621
1.704822
-3.468001
8.337640
3.780936
-4.820706
1.658797
-6.949313
8.909305
4.905120
-8.702706
-1.516987
1.608832
5.892820
-0.845805
6.883169
0.144292
-5.371409
7.722729
-3.939815
1.895323
-0.472177
-4.36838
-0.877855
-7.210195
-0.821863
-4.85433
3.929809
7.716238
8.316312
-8.412045
6.840356
1.855122
0.407992
-2.869312
9.503664
-9.648108
2.961441
6.425680
9.433779
-9.407209
5.532326
-7.358819
8.495522
7.835254
-3.256525
2.642504
-5.170189
7.694635
2.454925
8.423576
0.979561
8.627761
0.372309
-7.640118
3.641383
-6.197968
-6.878953
1.646853
-4.217905
-1.424773
-5.195856
-9.855156
-4.257797
2.360826
5.484499
-6.165186
-3.50994
-7.103365
8.264331
-7.967672
2.136949
2.820840
-2.378165
-5.337149
6.533046
3.222382
8.80365
-9.277184
2.507475
1.226162
-5.889526
-7.993480
3.649434
-9.746049
2.439796
5.404761
-6.322562
3.72151
-5.816733
1.290566
-9.918423
-8.896160
-8.78934
5.757245
1.775567
4.651105
1.32691
-3.4025
-4.184822
8.323063
8.419124
6.609955
-5.716395
8.116611
-0.180454
-1.408268
5.571491
3.717785
-2.673389
6.945780
-9.277470
6.557987
-3.813514
-6.660782
-4.878544
1.390245
4.149702
-0.479477
1.935369
4.883168
-3.613439
-7.44607
-7.556480
-3.777048
2.430852
-8.842516
2.146792
-7.376372
-2.51633
-6.873749
-2.649433
-0.314160
-6.510589
-7.922413
-1.215297
-9.53345
-4.361177
-2.226637
0.367509
-9.489887
-6.539551
4.310323
0.360191
9.502669
-6.914890
5.475399
-5.90793
-4.427128
-8.963880
-4.636419
-2.360617
-5.233561
8.332564
1.214105
6.138881
1.570448
-0.351323
8.628298
5.294096
3.916702
0.369867
-8.303022
9.546681
-2.611432
6.936040
2.219452
9.31364
-0.732954
-0.550859
3.401644
-4.258844
-3.178362
-7.986873
5.528218
-8.305064
-2.781359
-4.916148
2.316578
-8.442481
-2.257736
1.882410
-6.709825
6.489894
-7.38829
4.87087
2.773549
-3.185016
9.156458
8.348879
9.540021
-3.679292
4.652911
-6.247547
2.42587
8.649461
9.36915
0.908049
-0.326930
-3.993808
-6.492247
6.740243
-8.480287
-7.407093
1.23888
5.342536
-8.700807
0.363708
1.280090
0.766533
0.298222
-1.100188
7.603898
6.519177
-1.819569
4.576606
9.361024
-2.979076
-5.615779
9.911239
-1.763391
-2.195905
-7.404424
-8.41861
3.355762
-8.905066
2.855588
-1.244242
-2.495429
-3.419728
-0.527299
-1.343094
-0.574651
7.218609
4.198415
-1.21603
5.63415
2.24658
-0.269040
-6.109356
-5.312138
-5.175610
1.316310
3.854490
4.792974
-1.500387
4.520632
8.247437
3.659877
0.890085
6.849300
-3.333618
-4.22591
-8.320644
-1.785990
-0.774391
6.707265
-7.472905
9.282849
2.181581
-2.556127
1.482842
0.788468
2.47656
-1.995368
-9.346370
-2.122266
9.419175
-2.745405
4.886347
3.984061
5.834335
-5.612777
6.635699
3.273943
0.320482
8.792056
2.692945
-3.786939
5.217563
8.423959
1.739074
-7.529232
-3.784318
-5.857682
8.535312
0.107953
3.250165
-9.983910
-2.75685
4.739775
9.532309
-0.936128
8.739701
-5.507036
8.749854
-4.330877
5.372370
-3.809861
-0.388755
-1.995399
5.162910
4.692920
-4.714558
5.379876
0.962816
-0.783860
0.151417
-0.242080
-9.359141
6.236514
0.814512
3.315856
4.786130
6.42358
8.425868
-5.504678
-9.386741
-5.838573
-4.327732
6.478960
-9.515680
5.2905
-9.844059
-3.811547
-6.412406
-4.912841
5.160083
4.526500
5.338307
-9.951553
-9.910695
0.862290
-8.15611
-9.568864
-0.450982
0.108429
-0.841416
3.801362
-9.746699
7.36568
-8.940188
2.272070
1.831718
1.954320
9.165880
5.408620
3.219922
7.470175
2.514304
4.680042
2.479052
4.910664
7.10487
2.106229
-2.42140
-7.714276
-2.68181
6.263938
-1.344401
7.647875
-1.642267
-6.754624
-0.814531
5.870303
0.7158
8.676077
-8.985489
-8.809516
6.949519
9.152198
-7.454121
-6.795477
2.481040
-5.342527
9.334260
-3.138470
-2.163778
-3.630106
-3.40335
-6.392416
-7.882743
-5.506722
-9.658664
-4.381761
-4.782242
-5.385895
-2.423349
1.446433
8.751788
-6.683817
2.890394
-0.46491
-7.390380
-4.252944
-2.537190
9.733925
-5.551930
-2.460341
5.817732
3.57268
-9.847501
6.158903
-8.270600
-5.696336
4.778638
4.851767
2.570545
0.98749
2.550134
-3.997739
-3.317628
9.908896
-6.761914
-3.84402
6.225416
2.999902
3.793757
-6.513977
-2.639699
1.439065
0.79538
2.570
-7.215946
2.632400
-5.19226
8.429968
-1.114903
9.109609
6.423484
-1.841555
3.970147
5.140409
4.543948
-9.418660
-6.9937
-1.96417
-8.529869
-3.397188
8.313477
-3.828868
3.457454
6.509
6.883283
3.900394
2.103540
0.750841
-6.842200
-7.687725
-0.801393
-7.855609
-1.773084
4.149710
6.986057
-6.14422
8.867207
9.563637
-0.566385
-9.474002
7.428803
-6.370622
-4.624664
5.193778
8.734727
7.758753
-0.233574
3.169125
0.661825
-9.757895
-3.370874
5.814241
-5.433215
8.201602
4.603561
-6.71430
-3.472900
-7.944215
-8.719866
4.191107
-3.529313
-8.52228
-6.131813
8.541154
-1.429960
-2.784288
7.618562
6.832691
-5.957610
9.76054
0.178379
-5.209740
-4.24406
9.763395
-7.653188
-6.912160
-9.331770
-0.629238
9.490043
5.92362
-9.710442
8.231510
5.953454
-0.342193
6.599331
5.844779
-2.149969
-3.504151
-5.851542
8.912008
-7.909359
-7.856558
-0.838535
-9.503457
-5.359774
9.386501
7.851575
6.373558
-3.817845
-3.109343
-0.873162
-0.287682
-9.562642
-5.755153
6.112258
-0.319849
3.290086
-0.387444
-6.208457
6.275873
-5.682053
5.653793
3.938955
-0.490992
5.652098
-4.570660
-6.58753
-5.331755
4.861113
7.498370
5.188237
-7.840074
-2.794087
0.954219
2.791225
3.697581
4.543438
-3.729425
6.112750
-7.27609
-3.66994
-5.653123
0.40975
2.342248
6.795742
-8.30067
-2.848721
-1.574494
4.111183
-3.634540
-3.453144
-1.281751
2.741451
3.803903
5.476451
2.894841
0.629733
-9.772584
3.655151
9.138546
-6.721139
7.623872
1.654115
-3.155010
5.564425
9.706289
3.245479
-8.274490
9.6395
-4.70296
9.493802
2.860259
-4.822791
-9.455076
-1.583012
2.35043
6.324886
3.817614
8.604074
-5.795448
-9.542629
-5.298761
-6.861947
1.973638
-7.954089
-1.796103
5.878169
8.862724
-1.522352
2.544909
-8.552589
6.815586
5.441422
6.600564
3.964373
-4.613626
8.738261
9.616461
-7.490013
8.398015
-0.410765
0.505713
-4.543119
6.862125
-7.434160
8.842236
1.121396
4.596528
4.85245
-4.224325
-5.809217
8.382550
-7.243084
-0.801822
0.999699
-2.823508
5.69351
8.615397
-4.324371
-5.234977
3.375773
-7.332051
5.435750
3.611940
-9.493890
-4.562325
-8.430870
8.354140
-8.948596
3.220603
-5.568177
5.434786
-5.809793
-1.752669
0.125538
0.395264
-0.887732
1.757042
1.599722
-5.984665
5.168901
1.961646
-9.261804
6.796105
6.882725
9.554067
-8.117287
-8.674440
1.324572
-2.424757
4.209974
-8.55996
6.811225
-9.427763
-2.1200
4.574481
1.193579
-1.322070
7.797741
5.601893
9.955129
-6.425627
-2.964525
1.381617
-8.429571
-1.750277
-3.222649
2.767122
4.140739
8.975926
-2.224646
-2.604854
-8.561846
-1.390130
7.369458
-6.415261
7.565254
8.969429
-9.785873
-1.855512
0.635806
-1.820378
-9.981576
6.446977
1.644344
-6.607582
-1.394820
5.715988
1.893158
-0.240421
-4.359672
-5.755095
1.335966
-6.583162
-2.394653
7.716362
-6.298565
-9.847561
-3.163174
0.386145
-0.492399
-5.739286
1.698958
0.482316
-9.963138
4.543588
1.122574
9.298055
5.39460
-9.616310
6.916822
8.544098
4.867571
7.836113
-4.413054
-4.242738
9.449100
9.426959
-2.408656
-1.770997
-6.754403
1.751251
3.516636
5.902875
-3.976779
-0.649353
6.669664
7.819925
4.947697
-2.248859
-0.109555
-2.54888
3.791442
6.50877
-3.315511
-3.64833
5.326079
-7.738176
0.631883
9.13955
5.533407
-4.590709
-9.762664
-0.400491
-6.856654
-3.544209
4.705894
1.307161
1.291321
3.583382
4.921637
-4.93194
-3.849303
1.222954
-9.633372
0.540986
2.111500
-6.530931
8.619204
1.840370
-1.443286
-0.53861
-8.243334
1.803147
-9.784179
0.501939
-4.537614
-2.217282
4.279120
-0.871363
-8.7966
-3.222336
-5.137886
8.930
7.728309
0.693031
0.439305
-1.189378
4.283114
5.495484
-4.442574
1.13318
0.333613
4.252763
8.993722
9.189862
4.414874
2.263906
5.300592
-9.144137
7.151263
-2.248904
-6.523626
-8.702411
0.137461
-1.580253
6.49077
-7.114251
7.993058
-4.964618
6.932997
-2.906161
8.622799
9.220797
3.217437
1.857381
-3.317307
-2.69226
7.786164
-4.300290
-0.74386
-7.583730
-3.325288
3.181729
8.889464
-4.958567
2.95253
-0.714395
0.596253
9.41417
9.710378
-7.754397
8.422380
-8.754305
0.452583
0.687380
0.489892
-0.974604
5.739417
-7.261036
-0.569487
-0.565064
0.702984
-0.89695
0.462345
-7.554725
-9.740568
6.820828
-8.381085
-4.207503
1.633075
6.699485
-0.23167
7.929410
-2.83590
2.924229
0.860838
4.21374
-2.120233
-8.270019
-1.512150
4.589708
2.740738
-4.936678
-5.931832
9.178784
1.364914
3.529170
-4.613452
0.389882
1.603144
7.855428
9.228152
1.907948
2.500863
-6.469243
-0.400516
-4.35252
-2.677926
-8.225976
2.403257
-9.842844
-1.760576
6.179619
-9.513031
4.393460
-5.712430
-0.363484
-5.884348
5.395256
7.198931
5.291170
-1.778033
2.400260
4.127231
-7.374428
-7.320633
-3.847114
4.483039
0.874566
3.378873
6.631808
4.5152
-0.210704
-3.705470
-2.957609
-0.952716
9.124012
-3.990396
-6.746146
0.133591
-4.555988
-7.888884
-5.376505
-5.714820
-4.416862
-4.392443
5.870344
-4.697697
0.791556
-5.547176
6.679840
3.480719
2.727846
9.821481
5.405208
-3.337102
-7.454149
3.603463
5.784435
-5.871633
-7.243929
-9.49484
-6.777098
-7.153827
1.401495
-8.961358
9.302485
5.548888
-8.207315
9.507560
-6.615920
5.572029
4.297477
4.652417
5.351668
-6.844798
-9.7898
5.744015
4.718143
-8.754542
-8.916740
-8.368225
-5.622422
-7.407176
-9.60321
6.503417
3.589918
5.773973
-5.175397
0.94977
8.404347
5.863788
6.522783
3.674782
8.473614
4.320772
9.177616
3.862981
-1.442109
3.605961
0.862099
-6.859147
-8.685485
4.605888
4.821829
7.684975
9.523774
9.378828
4.994151
8.87886
-0.414576
-1.923665
-0.467025
2.667080
8.447356
9.351824
-4.432955
5.247965
9.119881
-5.224102
0.655604
8.818735
-6.93635
9.519439
-0.254577
5.805368
-5.976232
9.977489
4.155769
1.502236
-3.590148
-6.797956
-3.533864
8.450653
3.186916
7.564481
4.784676
-7.371275
-7.735811
-1.356083
8.836328
8.107476
4.576840
0.260500
-2.309186
6.170253
-9.228229
6.399719
2.449038
0.12421
-5.313970
-7.9288
-7.949814
-3.229184
-1.883189
7.166405
-4.916906
-9.594572
2.209597
-6.401397
5.704912
4.710291
0.215490
-8.754374
7.293947
3.504775
-5.984041
-6.71
6.956843
-6.106521
-8.288836
0.889172
2.982303
-1.694123
-4.768782
-8.31818
9.653483
-7.378359
-0.606165
7.818643
6.995512
-7.967092
1.775377
-6.853828
7.464334
6.490084
9.613835
-4.752495
-2.500635
3.584204
-5.404600
-5.183087
8.662661
-5.542459
-6.576857
-2.92505
-5.561474
-4.484159
9.376981
-2.713137
0.566442
8.258438
0.678296
2.841023
3.924392
9.213536
-8.740273
5.158087
-7.361689
-4.440891
8.763393
-2.775651
-5.993813
2.193257
6.227811
1.78160
-1.234388
5.343036
1.123893
0.110300
6.886460
-4.856974
-3.204929
9.625691
9.661719
3.406222
1.435353
5.826939
-6.97842
-6.108692
-1.88978
-7.605142
4.948327
8.280477
-8.475318
-1.940892
2.407085
6.97820
5.203888
-0.570626
-7.155277
-6.721234
7.560500
0.666889
-8.233657
-5.4969
5.58983
-9.146441
-5.610379
-2.91041
-2.215081
1.868957
-4.909645
-4.574777
-4.490045
-4.833520
-6.527778
1.491819
-1.68934
-0.356966
-5.497311
-7.546242
-6.141606
6.748082
4.129796
-4.311122
3.200248
8.720612
-4.970033
3.668753
1.387398
1.797598
-0.620586
4.900512
-7.336969
7.163613
-9.901767
-0.126765
-1.501401
5.636054
-0.138117
-5.706320
-3.209620
8.590366
-4.906983
-1.198572
0.298654
-5.218654
-5.483095
-0.160913
-6.125425
5.357590
4.436355
-8.986974
6.757528
-3.426871
5.273421
-5.13779
1.368556
-1.307786
8.16574
-1.882320
7.251676
-3.196174
7.165382
5.463565
8.287041
-4.53928
7.890991
7.299632
-0.981313
0.525094
2.186353
-8.658358
-8.531476
-1.745393
-5.498683
-0.90000
-7.254349
-7.474826
6.945048
-9.790440
4.368592
-5.115861
1.535571
2.901604
-8.124479
7.510322
4.556559
4.148098
-7.76374
-5.390665
-8.456939
4.43225
0.862048
-3.78792
1.640670
4.383779
-6.845695
8.917410
9.931259
-7.352205
-8.221693
-9.242429
5.72771
2.727844
-4.502097
-8.377862
-3.961490
0.507330
-5.490209
-6.887879
1.974427
-0.634798
-3.984853
7.76515
4.327742
3.863012
-1.192647
-7.873207
-3.85494
-1.389531
-5.692334
-3.450844
1.224638
-3.908467
8.548421
-4.817874
0.616958
-8.275015
-8.742161
6.949654
7.766051
-3.896694
9.133068
6.31591
-3.836461
1.566127
-2.565747
-0.345867
-7.413818
-9.743456
2.739014
0.374917
2.802317
4.6065
3.62678
-6.332602
6.646144
3.228656
0.436993
6.873003
-0.926215
4.288965
6.412097
-6.552953
-9.103649
-8.128957
-3.446753
7.706699
-0.183809
4.136598
-2.31070
4.600574
5.807212
6.751348
-2.13630
-8.430518
9.84493
-1.24950
-2.146813
-8.347547
-7.886961
1.987717
-5.541084
-7.349380
-4.451374
-0.909745
3.57094
4.55917
-2.134871
-4.730949
-5.233506
7.85110
-4.574725
5.147154
-4.838998
-6.786610
-6.602596
1.250060
-7.952055
-8.408741
-8.756716
-9.543404
-7.885730
-0.74555
5.377579
6.324785
3.346691
5.560495
3.958442
-5.720051
-6.225571
-5.329261
5.535188
2.900790
-3.775447
-5.126886
-0.348499
-2.46436
5.243912
-3.75797
-4.305745
2.650910
5.712755
9.582357
-9.923223
7.574350
-3.838702
-2.318875
-6.781280
-4.694326
-4.950400
7.338924
1.403302
5.29263
0.291362
-5.83532
-5.730557
-5.95481
-3.222447
-3.618953
-2.972347
-6.57256
2.686589
-6.395535
8.117587
-4.111842
-3.21538
3.711525
-1.228240
0.815595
-5.549387
-5.768065
-9.606187
-7.809214
0.475854
-5.529330
5.543994
9.874899
-7.840920
-3.739691
3.781888
1.434265
-9.35746
-4.989633
7.874245
-7.948241
-9.327856
2.743647
1.291096
3.192650
-7.99965
-1.469038
9.873477
-7.999872
9.276461
5.788128
2.679419
-4.455521
-6.377015
-0.672140
-7.123787
-4.830400
5.43692
5.369849
-0.134439
-0.329666
-4.452158
-5.594965
-6.600281
-2.858083
-1.108062
6.132106
-2.364482
-3.873639
-0.649211
-6.565443
-4.86929
-9.57877
8.221933
4.386547
-2.744369
6.428067
-4.390329
4.20984
3.319904
-4.79902
-1.89106
6.543288
-9.381616
4.530163
-5.144715
-5.865413
-4.39009
-7.192843
9.213117
-4.266973
5.651374
-5.851182
-2.945011
2.82198
-0.604473
-9.136250
8.293285
6.472762
-0.64674
7.201878
-1.482523
9.509890
-7.309152
-1.618595
-3.341117
0.221089
2.686577
-4.644263
2.631483
-8.968143
-6.734144
1.534945
7.397482
-7.736075
6.80888
9.609340
-2.670493
-2.336059
4.798883
-3.272082
0.538980
-2.250951
3.259179
-1.541378
3.663394
5.262405
-6.958309
4.560743
-7.542470
-6.968163
-7.556053
-7.305015
-1.724941
-0.124982
-6.156437
-0.644073
7.325329
7.886784
-9.489051
-4.279967
3.744027
0.615374
0.461657
-2.164007
-1.491203
-7.40486
1.904843
6.787473
-2.24434
1.898258
2.230083
-9.9833
-3.37515
8.572309
7.639241
-5.450760
7.269273
-0.53089
9.879304
-9.774035
-1.221797
0.811348
5.331351
8.23099
2.44278
9.34974
5.155611
4.764223
-8.231242
-6.562071
4.69383
5.13555
-1.493611
2.3911
3.708463
7.131174
4.796179
-6.124673
7.936833
3.740741
-3.434655
-5.281362
-6.774343
-8.983818
9.965743
1.875713
-7.164487
-4.650395
6.353822
8.670425
6.890591
-6.236116
2.34702
-9.617700
9.524562
-4.283213
-4.961333
-5.681827
1.757976
-1.388316
3.651272
-2.132579
3.845791
-0.284521
3.485382
2.156839
-3.430065
4.101240
9.844093
-7.79107
1.30670
-7.682494
-2.799589
-2.156300
4.252795
-8.54819
9.921733
-2.567079
4.608548
4.916316
8.160807
7.265316
-3.465961
-3.313795
5.426519
-0.361399
-4.401648
5.508600
8.396786
5.307830
-8.146401
-2.47418
3.659814
-2.829379
5.840634
2.211667
0.66611
-3.384589
5.750487
-5.524752
4.786491
9.82725
3.95948
-0.142103
-0.377488
1.571252
3.261862
2.920107
5.80362
4.383880
6.230624
-1.297753
5.883289
4.936839
-3.772200
-8.848593
0.11067
-3.177621
8.856856
-0.478262
-6.833319
6.617482
-0.845467
-5.726144
-3.572539
-2.225287
5.412407
2.716862
5.6890
-5.65682
2.417991
6.366659
-3.478059
9.880845
4.233470
-2.913424
-5.8311
-5.779994
8.664931
9.743486
-0.915891
-5.896417
-0.15522
-6.123791
-7.190767
-6.472299
5.366036
2.366693
-2.651891
-5.111190
-2.222853
-2.820198
-9.37060
9.718906
5.108233
-3.293932
7.501289
-1.142711
1.967766
3.466991
-1.255125
-0.233807
-0.286048
-0.889907
-3.958934
3.726599
-3.622679
2.622780
-2.55954
7.554427
-3.378038
4.959030
-3.193820
-4.614282
-2.827855
5.541658
2.744344
8.285596
-5.48460
-1.684827
-9.338593
-1.232609
-1.670723
-0.239049
8.140143
-2.998590
-6.108322
1.486980
7.793628
8.479679
-5.44828
3.744201
0.811605
-0.533087
-3.314907
0.115999
8.695668
-2.160239
-2.165198
-4.250147
-6.485864
-2.250387
6.502747
-7.985820
6.281183
2.733043
6.915764
3.573688
5.992413
2.736749
3.491525
-2.628038
4.378896
4.414824
8.491222
-4.748234
7.184450
-2.424546
-6.955501
9.87295
1.299608
-9.669972
-3.426237
8.412711
-1.162481
9.990455
-2.528984
-2.473736
-2.501303
-3.293234
5.99678
3.406497
-1.980432
-6.324230
-6.423711
7.592762
-3.564427
2.770821
9.785633
-7.117628
1.987203
7.918589
3.539822
1.713448
9.403347
-1.551684
1.455749
5.299994
9.508963
-7.70863
-9.556636
3.782243
4.934008
8.438169
5.223789
5.969700
-7.182711
-1.908158
3.619778
-1.335225
6.864086
-9.822391
1.100285
6.710906
9.978483
1.326728
9.381107
-8.706048
-4.588724
-3.298415
7.985453
7.153395
0.204476
3.194872
-6.354383
0.570004
5.942475
3.927546
-1.825210
-0.177135
5.54184
-7.496641
1.319453
-1.940276
9.829985
-2.696015
3.540772
-4.30615
-5.622759
-0.420629
2.308506
-9.117773
-2.703525
1.682398
2.765300
-9.930712
-1.538068
-0.968474
7.927979
6.38011
-0.596985
8.590354
-9.204218
3.126701
7.552676
5.836525
-0.64606
-7.212098
-2.206547
8.873163
3.905433
-5.873893
2.275184
6.428759
8.791247
1.192632
-0.361634
5.322673
6.622718
6.884526
-9.45080
-5.929237
-9.654771
-2.925207
7.455647
-9.495040
5.490450
-2.979945
7.964703
9.339999
-5.176548
7.71335
-4.131067
5.43609
-6.968368
-6.458020
-8.316385
-8.157127
-2.708696
3.144936
3.855361
5.778110
-4.270724
-6.124740
7.768916
-6.510853
-5.59533
4.776592
3.501054
-4.371989
6.757573
-6.735588
-4.751625
-9.944101
-6.270929
3.187755
-0.189620
2.283326
-4.448820
5.167156
9.261982
-9.942550
-0.280197
5.889636
0.363534
3.153907
2.235127
6.439932
2.409096
6.400373
-7.525995
6.157674
1.589874
-5.93319
-8.309101
5.6137
6.211631
-2.985117
4.135891
6.165007
-6.444454
8.764510
-0.860763
2.484838
0.97189
-2.485096
4.319962
6.340464
1.829928
3.753526
9.762062
-1.633870
8.827853
-2.107855
-7.879865
-3.23769
9.693476
-5.640464
9.304665
5.611529
-7.477780
5.913061
-5.591400
-3.619022
-0.605599
5.376584
9.421763
-7.985471
-9.536472
4.210657
6.689386
0.900761
6.158349
8.322912
-4.395642
-8.990080
3.591321
-2.35680
-9.663621
9.821426
1.778972
-4.814674
7.46050
2.850010
-9.818057
9.830055
2.942478
0.848802
1.189491
-6.785562
6.248545
-5.56220
-8.637999
9.68932
5.743
-8.39033
-0.76737
-6.535619
1.401150
6.242506
-1.270344
6.174052
7.854390
1.986059
5.924677
6.65885
2.432467
0.99393
-0.618695
3.653993
-8.26715
-9.32183
-2.485073
-5.431434
-1.753981
-1.238067
-4.746451
6.221611
-7.545053
0.389916
-9.58114
7.314546
-4.699078
4.882415
-3.417137
-3.820338
-8.647405
-0.975073
8.338963
-3.140223
0.654065
-5.150832
-4.804576
-6.502392
6.713987
-5.880390
-3.583838
-4.773151
6.547721
3.526245
-6.879067
-6.632902
-1.852639
-9.506997
-1.543764
-1.716919
-2.297235
-8.514809
-0.623958
6.169733
-6.542052
-1.799028
-8.287911
6.707781
-6.457404
3.953917
1.17660
0.328740
9.862232
2.957099
-0.269915
-7.454747
-9.178777
-1.762935
9.193261
-3.216447
-7.680178
-7.717350
-9.584762
1.830134
-7.12417
-4.10676
-2.974167
-3.755529
7.378110
5.869324
0.462441
8.487400
6.459012
-6.1233
8.316502
5.430519
-3.142311
-8.288846
-9.61553
-6.950540
9.393372
1.924062
-8.354998
-4.581117
7.559517
-9.560114
-0.554007
-8.236325
-5.886357
4.697363
6.918494
2.197226
-9.799964
-8.311470
3.561880
2.563609
-8.360039
9.925337
6.531384
8.39939
-0.836677
4.384039
-1.685779
9.200907
-5.963362
-9.773294
-8.577574
-5.34865
-7.917661
0.320219
-6.709431
-8.445966
-7.486589
-1.186300
-8.642568
-5.898557
-2.63437
0.658512
-7.952811
-7.832691
8.28219
6.941538
-4.286225
-2.894948
8.562827
-9.884444
-6.390706
-7.990708
-4.93436
5.230273
7.473864
-0.628180
0.109966
1.605001
-2.314191
-4.200900
2.71126
0.18796
-1.46070
-3.103315
6.543454
1.43215
-6.564915
-6.627848
-7.901962
-6.29826
0.942701
-3.187671
-2.939602
-9.151305
9.171824
-6.29377
3.665504
0.399132
-7.125211
7.922920
-7.160350
-6.260913
1.215317
-9.116998
4.679878
-1.410524
8.453469
9.918679
9.927508
-3.794147
-1.203145
-3.774683
6.11207
3.958786
6.753440
3.938623
-0.557551
-0.691491
-5.484642
-2.322615
-8.751588
7.197911
-2.881959
6.743335
6.416991
9.107457
5.327757
3.259747
2.335265
-1.646817
8.150027
0.488895
-0.473389
-6.802475
9.109503
5.74352
5.623898
-9.244313
-3.337925
2.381298
7.135877
-9.837509
-5.260879
2.933546
-4.330647
9.721974
-2.529800
-1.344379
8.373554
-2.101968
-3.852236
4.892297
9.903712
4.317496
5.360632
8.450112
-6.209744
-3.967285
-4.498836
-3.623308
9.20224
4.839610
-9.54009
5.169515
9.472251
0.588071
-7.591329
5.105923
-3.408869
-8.838092
4.291244
7.904200
8.514471
4.382936
-4.992197
0.156549
7.597967
9.878954
-9.343889
-5.882680
2.113646
-4.889023
-7.133814
1.235378
-0.27564
-3.871004
-7.215811
-0.304433
9.104154
8.597460
0.956714
-0.685788
9.656997
-1.407998
-1.141011
-9.811934
-9.41543
-5.904815
6.24026
-8.808045
-0.127667
0.274138
3.668009
1.823752
-8.640655
0.594565
-6.874734
3.79129
-8.603057
-7.274055
6.7507
1.400707
4.859031
-5.32644
7.640572
-9.226732
-8.662128
-9.678924
8.97904
4.506871
-6.535989
-6.625620
-6.977904
-7.766192
0.882129
-1.499430
6.913678
8.682768
-1.744218
1.89352
9.558919
7.796937
4.77546
2.68753
6.627016
4.876637
5.928533
9.690143
6.724244
0.150246
-4.274907
0.105736
5.43440
-5.463402
-9.430970
2.70365
6.641022
-8.321423
-0.790492
2.146132
7.927918
3.155488
-7.970814
-6.868151
3.97341
-4.56863
4.246149
0.95229
1.770519
4.48942
8.19849
9.758513
8.578222
-6.40170
1.729464
6.789470
-8.580475
4.580067
4.478390
-6.966984
2.261504
-7.120505
-2.649724
1.892600
5.861593
-1.954969
-0.792149
-0.497804
-0.909708
-2.334707
7.402579
-2.557596
2.471598
-4.631751
-9.906207
7.908658
6.212320
4.63342
-9.556955
-4.463677
6.865154
4.297589
5.3141
3.76386
1.590197
4.241334
7.851973
2.2587
-0.789597
7.207743
-1.224011
-7.99905
-9.472283
-1.474516
-7.31909
0.6055
-3.351925
8.861667
6.549437
-8.841297
0.555600
8.94927
5.49578
-3.891152
0.767751
5.69232
-3.253307
6.15946
9.453194
8.89302
3.420652
8.828750
2.127537
-7.287451
2.933933
6.140828
-5.665824
-2.360892
7.228621
-0.574960
0.124003
3.99763
-3.602145
1.619784
-4.627196
0.688994
8.294882
-3.796784
-7.605423
4.237534
6.567116
-1.633419
0.47722
4.375956
-2.992920
4.215422
7.79990
4.356283
-6.92952
9.226839
-2.847245
-2.407528
6.252790
-0.477865
8.919259
-4.510905
-5.393633
-8.265969
9.972455
-2.258064
-0.214108
5.964591
2.641979
9.848419
-4.720047
9.400412
-8.94859
-7.581920
-1.174729
-8.995063
4.764104
-0.81671
4.64833
8.277664
0.579768
0.996769
-6.227737
-7.385366
-8.309588
-4.609706
4.28913
-5.414453
-7.206559
9.625317
-4.181297
-6.310110
-3.489956
-1.663526
9.64084
6.180438
7.787004
-4.581540
5.44987
9.335678
-7.302032
-4.696801
-3.920396
-9.67677
3.236916
-8.119194
-1.676872
7.223108
8.323223
8.558402
7.206310
-6.363066
-3.509089
-1.904820
4.935626
2.427446
-9.989987
-1.168514
-5.410184
9.888852
-1.778891
-7.745248
-7.614383
-2.876254
5.227091
-7.214625
4.19294
-5.460808
-5.120705
-0.43974
7.82645
9.55103
7.174500
-4.877584
4.199329
-2.442059
6.692263
-7.175871
-2.83286
1.770436
-6.312075
1.914514
-5.973523
-3.965488
6.344284
3.45539
4.980345
-9.655043
-6.754497
-6.172541
-1.314377
4.958898
-9.884056
7.671529
9.230277
-4.787391
-7.557495
7.76236
-8.804422
5.862758
-2.295220
4.217156
-3.650965
6.320204
6.69753
-5.647998
-1.496997
-5.825366
3.292624
9.14761
6.762213
-1.363407
6.765563
-7.909499
9.277055
-9.761573
-0.859534
-6.100341
8.622685
-4.697414
9.497071
-5.852384
8.722252
-8.990731
-2.329350
0.484740
-0.244290
9.681849
-2.357299
3.75064
-5.730605
-2.619142
-7.957832
-6.397640
-5.775123
-1.676385
0.265778
5.40297
2.341662
4.462495
-3.450263
-4.550825
-0.160294
7.527881
8.595788
-9.124719
0.908951
5.291666
0.889559
4.325313
4.329048
9.881483
6.867705
-8.493614
-1.749942
-6.482391
-1.692053
-4.139571
-5.990441
-9.118315
1.114609
6.709928
7.39766
2.545605
-0.657788
-8.118734
5.670238
-5.545372
-1.817139
-9.827201
0.38052
-1.932661
-8.29148
9.520512
-7.934634
-8.867302
2.959587
9.153144
-8.706935
-9.543224
-6.503676
1.917340
7.182050
3.165511
-2.361339
1.552179
6.704071
0.25420
-8.655798
5.101998
-6.482334
-9.427767
-3.648226
-9.699829
-5.644533
7.140126
-1.305343
4.843125
1.298845
5.973290
4.726366
-2.112477
-1.547932
9.578231
0.723886
-2.952235
-1.97876
3.669452
-5.303755
8.707721
9.457277
8.56101
5.421533
0.251974
-4.712936
4.165758
1.678971
-2.440294
1.507851
-4.21090
-8.114711
-3.271050
5.950577
-9.285167
-5.7353
-2.761670
-2.688243
-2.608767
3.366368
-2.776243
-1.328033
-0.264458
-1.181643
-6.660225
-8.762082
5.727454
5.24928
-3.752381
0.95616
8.842038
-6.732072
5.706642
7.854555
-5.597344
3.703334
-6.885461
1.825836
9.203430
4.7592
-8.713470
-7.858506
2.73763
-7.113940
5.445966
-9.387711
7.946529
9.884090
-0.404989
4.117993
3.905824
-2.544723
5.879077
-0.173344
-3.125520
-0.912181
-3.779058
-6.486309
-7.26160
0.183694
-5.54529
0.480703
-3.194288
9.418279
-6.523582
3.623895
1.906198
0.772306
1.48055
1.936875
9.962710
-0.839030
5.940693
0.857815
9.187983
-0.893517
4.394830
8.638453
-1.508474
5.442588
7.558787
6.795599
1.665045
-5.595257
7.726876
-4.734478
-8.530244
-3.893232
-2.826103
-8.871370
2.212727
5.421056
0.460707
-8.558674
-4.100532
1.158918
7.357729
-5.603162
7.183876
-3.147926
-9.432189
-2.999374
6.204864
6.505704
-4.243358
1.122161
7.35630
-6.378596
8.305863
-6.842258
-5.914017
-5.112631
9.717347
-2.425915
2.833592
4.667253
7.694080
8.444318
2.811199
-3.620825
-9.777272
6.493267
-9.706218
6.876833
0.563785
2.900312
-7.528979
-1.840219
3.404491
-0.438375
-5.89796
7.790945
2.541194
-7.578113
7.891053
1.756077
-8.778994
9.511788
9.816701
-0.32302
7.847
0.152707
-0.600511
1.577960
7.994617
-9.233130
-4.444400
1.838860
7.893531
6.903262
-1.521581
-2.525761
8.441773
-0.459485
-6.4784
-6.608753
-4.720760
-8.869783
8.379690
3.687676
-1.748469
-8.619161
2.123401
1.802384
9.717870
-7.309968
7.302052
7.505820
-8.433060
-2.900474
-0.973067
-9.135335
-9.572689
4.885640
7.168502
-4.415891
-6.860938
-9.980747
4.97827
2.105709
-8.940359
-5.123358
2.696819
5.102516
9.799933
-8.310207
-3.758443
-2.381754
4.17219
9.593583
9.798523
5.380508
7.475053
-1.205558
5.890759
-1.248527
8.105182
-5.246425
-9.727131
1.980362
-5.906592
0.995239
5.865286
-0.638479
-3.167754
-9.137965
-4.965003
-5.542510
-0.334882
-6.923593
5.963410
1.394692
5.340798
5.531250
2.552214
-1.236325
0.377440
-9.766705
-5.302227
6.484873
-8.940930
-4.468921
9.965706
-1.422691
4.561786
-1.273749
4.807109
3.267048
-4.932695
-5.531182
-3.42870
-2.407057
4.586276
3.478519
5.722265
-1.968917
-5.389143
-8.947948
-7.704194
-2.960059
-3.188193
3.868357
-7.362541
-7.527895
-0.928372
0.599836
1.778611
-1.358489
-2.106176
9.840251
9.45586
-0.663111
-0.161748
-7.23555
5.703928
-0.248300
3.930421
-1.590104
-7.494399
-0.59648
-5.849737
2.423890
-9.189162
-8.731831
1.530416
9.856239
5.645512
0.320083
-7.344252
-4.905863
-2.514030
-8.324242
-5.753914
1.132882
7.505393
8.832525
-0.197760
4.896063
-5.285922
-5.989866
5.364498
3.971756
-2.991103
4.551585
8.742164
-0.717712
-1.759234
-4.797151
0.937918
0.159584
6.70851
1.488754
-9.386239
3.919763
-9.853863
9.202603
-7.338574
6.907288
8.745180
4.196503
-6.683471
8.203762
-8.114324
-2.652717
-2.468177
7.582448
-4.828055
7.919112
2.268032
-5.644387
-4.70745
4.395254
1.138724
-7.259556
-9.858391
4.644688
2.852512
-7.757449
1.673003
-9.504388
8.443892
-0.562367
4.864918
-3.254138
-1.133437
-6.873031
-9.191875
-7.912193
0.973976
5.122405
-9.70335
-6.501237
-2.618873
-2.21216
0.910039
8.720815
7.552344
-7.749034
0.229996
-6.263263
-1.493222
1.506970
7.699762
4.243026
9.879967
1.985327
-6.203794
7.904233
2.844093
-4.729082
-0.547235
4.258798
4.426138
-8.914172
1.9744
5.329937
-4.264136
0.487863
-0.462367
8.128921
-9.126282
2.41136
8.891072
6.262261
2.724974
-4.672899
-4.859555
7.320936
-6.838778
-0.643079
-6.480748
9.877713
-3.340943
3.53849
8.808513
-8.935847
6.453882
-0.566411
9.177669
6.131749
4.190437
8.900969
-6.522142
8.480096
4.721706
5.740364
6.382361
-4.911831
-8.332991
2.108207
6.882753
8.782911
-7.366169
9.523599
-0.33815
6.621791
-0.993129
8.491033
0.952791
1.733533
3.476339
-3.178309
4.717156
6.950175
5.447567
-9.501494
9.80506
2.638487
4.741847
-0.600960
4.347575
2.172131
4.975595
-6.280111
-9.82127
-7.103348
1.84139
-1.406861
-7.983345
-3.179287
-5.586542
7.120566
8.564270
-9.800176
8.384587
-5.318615
-7.289458
-6.741189
4.713898
-9.127672
-6.748747
-9.53464
-2.736484
-3.31316
-6.888134
7.270859
7.197337
-7.264425
-9.594260
-8.445039
6.450428
-7.925297
3.74481
0.357225
-6.569991
9.311258
9.200727
-9.806185
-6.50844
-4.950754
-6.685202
4.324379
0.505203
0.308295
7.533833
0.566404
2.240975
2.847004
-7.642033
4.339959
-0.68456
5.92622
8.982274
-3.957544
3.82453
-6.245135
0.200098
-1.661030
7.408709
-1.521043
-9.475775
-9.690630
-1.123609
8.849192
-1.740958
-9.852544
3.527914
-3.484147
8.494724
7.675897
-8.945716
5.22088
4.229391
9.72830
-1.893403
-6.224944
6.633857
-7.393823
7.319141
1.600900
7.62709
-9.805726
-2.406223
-7.846472
5.116723
1.299429
-4.156078
-3.370415
9.636174
2.362065
-3.585483
-2.782202
9.159206
-7.840104
0.190439
-3.467523
-3.523899
-2.887482
2.558771
-7.65196
2.49949
-1.491451
-4.928142
-2.73061
2.515391
8.148535
-6.230140
-3.877712
-4.1426
1.436775
-3.784659
-1.624140
-1.277296
7.633998
-0.573423
-2.212293
9.366391
7.191795
-5.575271
8.152994
-8.770677
-6.562860
8.279041
-1.111131
-6.382881
3.317435
-6.382316
-2.101423
9.878590
-5.788940
-5.381318
-5.222025
-6.318863
5.599974
2.138421
-5.965946
1.231084
-8.163976
3.675038
8.249343
8.840018
9.748076
-8.564952
1.116999
-7.5511
-2.836616
-6.338959
4.362580
-9.615625
-2.157013
8.172443
2.432592
-3.16673
5.203726
5.104884
7.103026
4.64645
6.822999
5.28569
-3.559943
7.206063
-9.348247
9.208520
-1.622097
2.188953
-6.563860
-9.712764
2.866751
4.706148
4.905993
-9.715630
9.7781
2.14170
0.332453
5.46925
3.712154
-0.648403
2.710985
-6.778832
2.951216
-0.934207
6.383896
-7.249229
-0.579581
3.62328
-9.286002
5.902684
8.460669
3.299307
9.963519
0.529602
-1.203618
-6.850167
-4.677769
-5.308523
-3.447732
6.175610
-2.204920
-3.918765
9.23294
0.973556
-9.452478
6.16896
2.680982
1.777189
-9.352443
-1.151601
8.790363
3.12418
-8.80247
2.977770
8.606489
-2.899357
-5.589251
-7.255752
-3.993894
3.573325
-3.413083
5.490189
2.587597
6.701531
7.328889
-5.705993
-4.166658
-6.421357
7.745910
-3.137105
0.254200
-2.302115
-2.232320
-2.551756
-2.750333
-3.796881
1.708295
0.681911
-4.11270
1.532463
-6.913443
-5.460925
-4.703680
-1.721954
0.977167
-1.624862
-2.48046
-6.835968
-5.244382
-8.299886
7.59452
-7.452517
4.485622
-1.262715
4.485327
-1.482348
1.476123
7.633309
-6.891616
5.996954
-0.602782
9.963299
5.413325
-1.152476
3.765212
3.485516
7.110267
-9.380466
7.461672
0.397860
-1.205140
-5.313309
-6.215996
-3.584177
7.688863
-8.474516
0.115055
5.142174
-9.391841
1.141144
8.173615
-8.65060
-0.784348
6.817101
1.975090
-0.710939
5.539699
-7.937495
8.53986
-4.780790
9.114860
-5.175330
5.925500
-9.811399
4.985502
-1.213022
5.495827
7.460536
2.487617
-1.38741
4.28120
5.660896
8.283081
9.110672
2.727846
-8.339819
-4.421107
-0.603116
3.511668
3.87662
4.439536
8.289963
0.187651
4.433301
-0.360365
-5.943935
-5.894950
1.269460
6.37666
8.220849
1.148855
5.420193
8.726545
-3.477060
-1.32192
8.828387
-7.627724
2.409678
4.634784
6.823365
-8.981456
-0.169883
4.565894
-2.452569
-0.456932
-6.823183
-6.891140
-9.598262
3.64018
3.283724
-4.345042
3.720213
-3.699199
0.469653
8.948524
-9.45232
-0.154658
-6.237160
1.529493
1.102029
-8.175615
4.899108
5.692701
-8.315644
-2.212292
-8.963893
-8.882484
-9.628492
-3.95243
6.950227
5.16807
-6.276441
-3.931716
9.548526
0.579440
-6.481391
6.77561
-4.259090
5.140594
-9.302442
2.512007
0.630683
-9.895036
0.520617
4.460728
-3.696596
-7.273454
-5.345960
-9.151275
-6.251596
-1.716248
-5.753551
2.262612
8.419782
1.57057
8.419432
-4.954449
3.577296
4.916465
2.583551
-1.45134
-8.801669
2.162302
4.91452
-4.621295
4.847623
-2.768179
-4.460524
7.183749
-9.111151
5.545172
-4.514172
-4.165186
-7.393251
4.235335
-8.668520
4.905752
1.736839
-4.475036
-4.820675
5.25352
-1.805317
-9.430471
-8.679780
-2.456674
-2.334562
-5.249228
7.638769
6.113185
-4.588941
-5.133237
-1.823910
-1.946279
9.695350
9.646222
-4.452896
3.930291
4.879291
5.244067
-5.241074
1.981461
1.10402
8.391125
0.772465
3.580376
1.17490
5.817735
5.854159
-9.896306
-1.419212
-2.759903
2.976436
-4.841424
4.850746
-6.651480
-3.733003
-6.429878
2.507685
8.605195
5.868296
6.885930
-8.791334
3.408418
-6.199815
-5.860873
-1.554168
8.216244
-3.810097
5.215017
5.675072
-0.464040
-9.530678
5.401742
6.501060
-4.601097
2.282230
5.78301
-6.807044
-3.838971
4.70388
-4.920508
-5.698290
-1.347465
5.258513
6.249478
-0.4542
3.740358
3.403154
-9.500617
5.154294
-4.232480
-4.621105
-2.144208
-4.177503
-6.469861
-7.849452
9.903147
4.847192
-3.975332
5.51639
-6.751185
5.538011
-6.426443
-4.850927
5.828875
5.445033
-9.14334
9.615081
-5.54316
1.171012
1.551908
-1.633865
9.598821
-7.343297
8.93102
3.130419
0.943438
7.788869
6.69867
-9.287048
3.627412
2.290733
-5.447174
-2.240943
-6.333192
7.226485
4.286628
5.900415
9.431391
-7.887592
-0.804305
2.965419
-0.392595
0.544979
-8.757147
-0.374326
-1.841550
1.205857
-5.565976
3.492576
-2.156668
3.626512
0.19622
-3.483875
-9.329863
-0.683393
6.674884
0.764128
1.739993
5.188698
-1.880941
-4.960484
8.750766
-8.182609
8.529661
4.608761
-8.162747
-2.478247
-6.488380
9.108185
-7.741606
6.225652
-7.9390
2.518120
5.780469
-8.69935
-9.760845
-6.178397
1.77506
1.507795
-1.994544
-3.178070
1.717589
5.632724
1.407349
-8.887679
6.757108
-1.723224
-5.66507
1.526950
-0.293252
9.279057
0.444850
-4.25045
8.751309
5.120597
7.774376
4.359039
-2.352835
-5.276846
-4.239259
-0.981678
-5.762461
-3.74645
-5.952703
-6.209808
6.432247
7.348161
5.201355
-2.520280
-9.361787
-9.204067
-9.741544
-8.208159
4.720284
-9.201620
-5.539847
-6.524776
-8.879633
5.670925
-2.458307
9.18678
6.147447
-6.289465
-9.986129
7.505100
7.966976
2.662484
0.434312
5.667999
1.640391
-6.623452
-9.598860
-8.329076
8.405097
1.779626
7.178823
1.34935
-2.728827
-7.945503
-1.721594
2.451593
-1.306862
-7.578002
-1.956820
5.679954
1.949023
-3.303874
1.785637
1.790296
-0.505129
4.872091
-1.942564
-9.831291
5.376795
0.532500
-2.352563
8.287608
-1.119
-3.957112
9.310234
-1.216228
-6.814900
5.705109
8.248636
-1.334226
1.257859
3.714709
2.739712
0.61695
-6.142514
1.736467
-9.778795
-1.92712
5.256220
-5.258844
8.264185
-3.253970
-7.532075
-1.400487
0.649504
0.300605
-1.742235
2.916956
-2.172413
-0.885401
7.588419
-4.666734
1.375251
-1.263145
5.287527
8.725927
-6.343631
1.922833
-9.201348
-0.427810
-2.452799
-4.534174
6.419347
-5.848030
9.849216
-0.114474
-8.380272
1.425405
-2.826235
-7.388037
-5.336951
-4.453515
8.508051
5.65338
7.976808
-8.441020
8.758580
-0.155371
7.581053
-2.724393
-9.954438
-6.892313
-9.204751
-1.783356
-4.407625
-2.365085
-9.381663
-7.317343
1.127662
-2.981264
-0.338664
-0.652660
5.490132
-5.754073
2.808867
-1.503730
0.502191
-9.151818
1.910722
9.88784
9.106747
-8.268857
-2.61334
-7.508581
-0.643234
0.991155
3.509718
-2.441149
6.940821
-2.138842
3.726901
0.692142
-0.926876
1.635856
-6.118788
9.783299
-3.994472
-9.650324
-5.584550
5.441165
7.168728
-9.654961
-9.36171
-6.318842
2.773401
4.176010
5.579455
3.969576
2.498191
4.108726
-8.889966
-5.948657
-7.70008
5.315354
-9.709628
-1.896064
-3.382170
9.194015
1.256397
4.59193
4.708541
-3.480398
-4.550555
-5.362240
2.551309
0.752903
-8.233968
-1.988977
1.700958
7.470815
9.739711
-9.160024
-6.419419
5.554066
-7.399160
-0.211750
7.684198
-6.912311
-8.349315
-1.9752
5.518701
4.282480
1.766098
4.39563
-0.934583
-7.160785
-9.97882
-7.677100
4.543398
-1.502229
4.612786
8.583610
0.411451
2.163218
1.201150
-1.76557
0.91398
-2.930585
-3.615799
-1.364350
-1.163406
4.236326
-7.259487
-8.168659
-4.34260
-4.255451
-8.560334
-5.633106
3.902431
2.717624
9.88437
5.49923
-2.368210
-1.842100
-0.994804
-9.277258
7.850247
-3.328004
-6.387629
-8.572521
5.417613
6.535690
5.510362
-4.269434
-9.8826
9.413338
1.559525
8.571491
4.379819
-4.83958
-7.113665
0.599643
7.294570
-3.457934
0.774746
-3.279265
-6.259648
-7.276229
-3.478465
-9.285139
-9.930228
1.502169
-6.567236
-3.9991
6.156183
-5.616
5.853253
0.80692
8.494585
-5.998915
-3.198906
-5.995819
-3.925345
9.14198
-1.564516
0.552422
-4.423957
8.254999
-0.100687
0.373544
-8.641177
5.49955
-2.683168
8.835387
5.480898
-5.394448
4.371654
8.155813
6.539505
-8.1195
8.826024
5.460571
-1.407005
4.748915
6.496292
5.805320
9.676614
-1.512485
1.877271
-1.781911
-5.225320
8.439107
5.386388
-1.25212
7.886131
-3.17308
-7.487517
8.237068
2.520960
3.472583
-0.432778
-2.75426
-6.450483
7.241117
-3.799066
2.605229
-1.570406
-7.98957
-7.313989
-3.304065
1.37675
8.373547
-5.772253
1.157150
2.793506
-2.144908
-2.533030
-0.150837
8.27166
6.39290
-7.485471
0.107381
9.827776
-2.582100
-4.879212
-2.121597
-1.810209
-7.465271
9.807499
-3.390557
2.654324
8.580634
2.761266
1.613998
2.929005
-0.988999
-6.399211
-2.762750
-7.145869
8.411615
-0.347699
4.991798
8.750162
-3.395045
-7.83597
6.125677
2.182545
-0.754527
-9.541516
-1.537975
9.815897
4.344401
7.747222
-4.368487
1.790296
-4.891863
-8.311135
5.891027
0.580458
-8.703280
-0.650049
3.107795
-4.657152
9.59386
-9.961200
-8.258894
-5.490524
-0.538949
2.166919
2.553007
0.108829
4.665732
2.248218
-6.606449
5.135470
3.435231
-3.115056
9.906548
5.531530
9.80575
3.575305
8.864321
-9.292026
-7.121992
-1.239060
-5.917173
-5.564546
-9.8668
-0.624213
-4.507992
-5.879637
8.872845
6.628117
2.802604
-9.972045
-9.613992
-8.470987
-8.549906
-4.389698
4.157282
-0.438369
2.341790
-8.49628
0.293750
7.229661
-5.476481
-7.985791
5.872649
3.43603
6.579240
1.527430
-5.12534
-2.382523
9.962125
-9.873334
-7.355210
4.841277
1.412434
5.77349
-6.460235
-0.101788
-8.365293
-6.639947
-0.553868
-8.393308
0.679367
0.993333
-4.322546
-8.216912
7.66128
-4.60180
-5.637439
0.656045
1.165628
-7.976288
-9.317688
-4.182661
5.40645
-1.796995
-5.978962
-7.682138
6.950305
9.279646
-1.85387
-9.846006
-0.434837
-7.723443
-8.36749
8.303540
7.117517
-7.938916
7.353173
0.758284
-8.277845
-5.982076
-2.780638
9.836546
-8.175836
-4.604704
-5.340062
-3.480741
-8.570570
-0.763340
8.231448
-7.140523
-2.499557
6.626239
4.186877
1.771173
-2.659770
-9.347984
4.517952
4.152684
8.15474
7.708061
-4.109155
-0.137241
4.548468
5.863231
-2.901424
-3.780563
5.472269
-7.329715
-9.594833
-1.578172
-7.261808
3.426381
9.908435
3.916512
9.538964
-8.148557
9.226032
4.341959
-5.776030
2.243342
-8.917121
-1.296926
-8.8996
-0.756559
-4.827140
4.364159
7.715598
-3.432115
-4.666392
8.433905
8.959065
-7.351029
6.747037
-3.695557
-3.576174
-9.773958
-2.102178
-0.549453
0.929148
-0.868798
4.946577
9.940644
1.793732
-9.414278
8.202441
8.246242
-6.661534
-5.223407
1.757467
0.72449
3.895343
-4.659622
4.178566
-3.944817
8.231288
-8.865118
-9.210466
-0.982932
-5.163685
7.386415
8.117731
-6.316697
2.334344
-9.917707
-5.278697
5.993488
6.352389
4.457580
9.374865
3.549744
-6.818313
-2.159851
-5.31356
1.193855
-9.610682
-5.967927
-9.544536
0.485690
-6.531150
6.954733
-4.828890
2.565314
-0.823629
2.298753
-2.451854
1.997870
8.834621
-2.656223
1.961960
4.915516
-4.936012
-7.624827
4.298657
6.324552
-6.587514
0.915297
-3.268685
-3.516419
3.116080
5.475237
-2.627281
0.906879
-6.506585
-1.941403
-0.405189
-3.57681
8.866807
-6.860750
-6.557905
-6.489422
-7.610034
-8.781336
-8.568642
7.311934
-9.309964
-4.530939
9.972729
-6.469955
5.678842
-7.77700
-3.582047
3.644247
2.889127
8.131697
6.180156
7.654722
-9.954341
-1.864050
2.900267
-1.179074
-9.692060
-4.550153
-6.176586
-2.594294
2.744682
8.32939
5.549451
-1.161024
-4.212056
-2.293157
0.893749
9.623865
-6.264843
-3.901677
8.329949
0.408679
-6.152454
-5.50355
5.88690
4.979004
7.766294
1.581663
-0.585712
5.151215
6.958925
2.156295
8.947103
-8.769339
1.3404
-4.65918
-4.652307
-6.938280
-5.473990
7.468727
-9.516786
1.362848
2.72558
9.195367
-4.408650
-9.924464
-0.68670
-5.218666
-6.547373
8.803283
-6.888072
-1.648043
-3.8227
-7.121079
-2.36953
-3.877245
4.104605
3.1681
4.182839
-5.201087
-4.240345
1.259538
9.414962
5.170071
0.777854
-7.790769
8.274736
-1.365709
3.34673
9.271970
-7.513625
8.825478
5.54027
9.788182
-2.256014
0.349821
4.510419
-3.839183
5.38426
-6.171875
-4.42813
0.55663
5.342118
1.943109
9.947011
-3.939834
7.766118
8.46821
-1.299976
6.224774
4.989598
7.383851
-9.634366
-0.672457
-5.668197
5.432142
9.722359
2.362640
-8.202341
2.792487
-2.921402
-7.619061
6.194592
-5.218374
-1.478590
-3.263957
-9.407946
-3.937328
-0.207638
5.740951
-4.225493
4.220431
-4.297779
-1.283304
7.636467
4.820633
1.259282
0.751238
9.343320
1.335506
3.985272
-6.765866
3.577491
-3.570864
-7.902091
-3.788425
-6.662008
0.728849
3.384290
4.830674
-8.860487
7.427835
-0.151781
1.710564
-7.355263
-2.48116
-2.85784
4.876215
5.389440
-8.316746
9.399084
2.411003
-2.56583
-3.149955
8.490774
-6.715508
-1.644790
7.54254
-1.211491
-8.459821
9.651102
-9.254255
7.551497
-5.120321
-2.47941
-9.236450
-7.990623
-7.972470
-6.427192
-3.771782
8.804212
7.417671
-1.72700
-1.888376
-6.124318
7.135789
6.487258
-5.231805
-1.311053
0.565386
2.860606
-5.563093
5.632907
3.610278
-3.677867
-5.810094
9.238821
-7.125188
-5.523451
-7.645101
-3.982664
0.187241
2.996737
-2.995352
-3.787055
1.452493
-1.711762
2.71839
8.21546
7.471723
-5.226857
2.91159
2.998653
1.505687
8.16990
3.689584
4.659257
-8.413269
-0.699777
-4.346187
0.917884
-3.275476
8.14760
0.252291
6.631052
8.312557
-4.623253
-1.801961
2.490221
9.211486
9.127208
-1.220051
1.709962
5.77324
-8.317491
1.250221
-9.811655
6.229909
-0.576821
-6.390290
7.658391
5.607982
-9.362926
5.405523
3.241461
-7.404082
-6.99323
2.470089
7.446002
-6.726838
-2.658786
7.192433
-5.570552
5.840607
-9.771243
-7.993510
5.336319
1.422921
4.571631
-2.272669
-0.737521
2.609748
-8.142105
-2.528202
-7.329012
5.411081
5.508278
9.948612
-5.929286
-2.92531
-8.795931
2.246935
-9.53525
-8.578627
-7.227764
0.758749
-4.92017
9.294186
-6.384403
5.775966
-4.712064
-4.367837
-4.452068
0.502607
-9.909116
-3.442838
-9.97285
5.725126
1.232932
-7.741390
5.490464
-6.734028
-2.598182
-6.225033
-8.659134
6.229497
3.863556
8.585941
-3.345264
9.587164
4.404171
-5.592217
-5.430941
-3.973870
1.799630
-6.135986
-2.258039
-3.774159
-1.978532
-3.771914
-5.930270
3.165665
1.394992
-9.553967
-5.145198
-4.626857
3.925429
1.654553
0.539354
-5.845469
7.797936
9.887219
-1.880050
6.374611
-3.112288
-0.752215
-3.523888
-7.839921
1.253551
-0.659099
-2.643728
7.611609
6.671312
-0.770130
-1.881933
-0.839055
9.744778
7.889846
-0.564769
-7.231729
5.695344
9.369531
4.452659
1.823369
-9.68332
8.816395
-4.210766
9.660523
7.369275
8.360024
9.478239
-9.554560
1.959854
6.606875
1.386586
-1.411277
7.433161
-4.8832
8.978211
-2.594850
8.550551
5.972690
8.21934
0.336890
-3.204041
-9.538024
2.661544
-1.835730
5.950428
4.603113
7.509161
-3.880268
-7.85966
9.611618
6.280594
4.161225
-6.69908
-2.250111
-5.846007
7.259573
-1.818131
-6.548974
-3.6664
-5.667405
-8.138074
5.321608
-6.629284
1.526969
-6.23494
-1.613423
-0.375254
9.892242
-9.137077
6.131694
3.212983
-6.134040
2.400186
9.189317
7.337163
-4.310504
4.712454
-8.568526
6.242635
-2.853453
3.12598
-1.664
-4.978877
6.533496
9.430985
6.999
-8.19463
6.337213
6.986871
-4.491453
6.551069
-5.787440
2.38526
5.449965
-5.548724
-0.391003
-9.590223
5.521640
-7.593846
-5.460272
6.736260
5.151145
1.838967
4.716264
-5.456001
1.911693
-8.877493
1.614910
7.659768
-4.771053
7.802219
-1.282216
5.211710
6.53224
-3.889312
-5.634605
2.806456
-5.424327
-7.858136
-6.578402
-2.76580
8.936441
-1.945427
-2.658415
0.9018
-1.578666
3.242008
-1.621973
-9.756553
7.723241
-8.498663
-8.851783
8.417395
7.550817
-2.1019
-9.707650
1.582404
2.535477
-9.665428
5.632025
1.722673
-1.255943
-2.514051
-5.708708
-0.925842
-6.22061
-0.664675
3.143787
3.916428
-4.324383
-6.462406
4.407077
-6.127542
-2.569227
-8.906899
6.149578
4.875928
-8.360663
-1.225756
-2.227760
8.606269
-1.343593
-7.324221
6.449196
-4.269334
-7.334712
-1.320276
-0.357486
-8.465467
-6.825999
-8.587459
-7.472520
5.253477
-5.960734
4.819350
-2.755169
9.273900
-4.72922
-4.296022
-1.859629
-1.604477
-9.509326
-5.464901
-1.631448
4.61842
-4.179335
-5.649856
-6.832982
3.605728
-0.677500
-7.825113
-5.138484
5.477560
-5.682913
1.687387
-0.793022
8.334529
8.148537
1.76180
1.131983
9.109240
-7.144467
2.710184
0.576222
-6.219665
-5.976217
1.84695
3.368056
-7.382869
0.941510
6.419960
-6.455399
-0.524451
6.641073
-5.404010
3.391455
6.299097
-7.776790
8.173870
1.579712
5.188168
-3.340704
-8.692156
-1.203732
7.591049
0.25143
0.331739
-8.361718
2.747266
6.113619
-2.43704
-0.712169
7.747129
-6.375121
1.688718
7.423938
-7.556998
-8.205299
-0.704191
-3.469249
-1.441983
7.42353
9.242111
8.82059
2.203272
5.526112
3.925681
0.217430
9.210852
5.79817
1.404038
-3.404387
4.421569
-7.631387
-9.786631
3.445646
7.182631
-0.812973
-3.214743
8.651558
-3.237039
-3.531242
-6.762689
3.162156
1.621118
-3.344643
8.756671
-6.446903
2.104286
2.949365
1.967740
9.85043
-7.376331
-3.567364
-7.289257
5.745283
-1.461553
8.363749
1.185653
5.621765
-0.300958
-6.594568
4.456037
-4.274230
0.713240
6.559697
5.775600
-8.543580
-1.676612
5.389437
-4.366319
-5.327945
-9.838262
7.143606
-1.438838
-2.828724
9.690611
8.264819
9.514603
-2.544248
-3.335825
-2.340720
1.676682
7.203689
3.521810
0.436654
-3.177153
9.237564
-3.465283
1.78667
8.699482
5.112334
0.460847
6.168354
9.25438
1.261690
8.920455
0.777334
-9.892259
6.941842
1.315521
1.895966
1.43828
-6.564665
-9.118434
5.660325
5.535415
0.434315
-0.138197
-4.161663
-8.565314
3.201327
-6.377718
-6.803874
1.199836
4.571061
-9.870556
0.791826
7.88788
-3.710373
2.767951
-4.961006
-5.918224
-4.584101
8.643342
-8.637739
-5.828980
-8.137522
-1.340699
0.363475
-3.631339
3.459814
-9.777569
5.628433
-7.93423
-6.774621
-7.881408
-5.432849
1.379610
7.376240
-7.100755
-0.118469
1.147060
5.564247
-2.690256
4.724924
-2.755664
3.136679
7.208852
-2.544619
-2.887058
9.487768
5.340460
-9.363357
-9.140562
3.315416
-1.42010
5.632974
0.258533
-5.743035
-2.966307
-7.559688
-1.499345
-7.46495
-2.378626
-6.72809
-4.936370
-8.850717
1.248699
-6.993574
2.10639
9.884296
5.249368
-2.285617
9.557292
8.754648
5.635314
-3.954954
6.333895
5.13693
-0.538967
3.796777
-6.791242
-4.895526
-0.956636
-1.631484
-6.268192
2.876065
-7.637133
1.809930
-0.137491
-2.618826
9.813624
-7.221230
3.888140
-1.225684
-9.306670
-5.100174
3.940561
8.592883
6.567065
2.873748
-6.913579
5.935926
8.742760
-9.891371
4.169113
4.211298
-0.489234
0.820462
-1.735029
4.288253
-4.276911
-9.492246
-3.346136
-0.278865
2.954622
7.641598
7.215858
-0.830889
6.296620
7.783246
-9.393242
9.940232
-6.645445
-5.429727
6.518762
1.219219
5.663978
3.277248
6.684616
9.936796
6.907535
6.543116
-4.263115
9.810290
2.108718
8.811160
3.161617
6.132973
8.545689
4.683850
-6.803006
1.729124
6.954451
-1.825122
3.136356
-7.359127
0.618680
-6.647226
9.792006
0.865992
7.136078
-1.511860
-3.933568
-1.563001
1.313534
-1.220281
-2.18814
-0.373110
-1.76771
3.814413
-5.522832
-6.625915
-4.666779
-4.941242
-7.743243
9.730556
-7.681638
6.274458
-4.158341
-9.362624
7.603862
-4.685060
3.335344
1.541869
0.646108
-5.268067
-4.283225
7.826613
3.545457
-2.748116
4.333286
1.404340
2.505844
5.87717
9.680257
9.146054
6.189039
-0.860728
6.17881
-1.769973
-3.447770
9.57751
6.742185
-7.167851
-1.792342
1.358901
1.114438
8.740590
-8.511816
8.102809
-4.359843
-8.435834
2.983140
-1.369809
-8.137710
-5.449304
6.56305
8.790996
8.447284
-0.119684
-0.523608
9.541398
0.544691
7.72034
6.694792
8.642279
-1.27845
4.73233
7.155524
-8.259894
8.221726
4.456086
4.537076
6.723235
-8.666062
1.190602
7.623053
-1.626909
1.426408
-0.49718
1.599648
-4.436042
-6.27438
9.840625
6.761763
-8.444916
-9.306684
7.952427
9.140439
7.383411
-0.768324
-1.335138
8.141605
1.248766
-4.695953
9.727013
-6.951522
0.946381
1.752121
2.556968
3.137170
-1.198101
-5.712199
7.732893
5.983417
-8.646187
7.428155
-3.952376
-6.362109
-8.83764
-3.167057
-4.727990
3.202605
0.134693
3.881230
1.687628
2.31507
-9.219552
5.687838
5.609508
-5.367973
-5.731557
-7.551751
-9.2863
-5.300956
9.174687
-0.867421
-9.330680
5.27197
9.709094
9.933339
-5.353455
5.683894
-0.120505
1.396181
-1.10690
-2.126573
0.171984
4.99299
5.786981
9.802440
-6.829087
2.594912
-2.818873
4.152014
-3.991917
-2.509859
3.253699
-5.992046
-5.863681
-2.543522
-8.366838
-3.614243
0.321135
-5.523081
1.4686
-0.456989
-3.263762
1.272037
-8.25365
-8.716487
6.311447
4.163700
-7.957140
2.844978
-4.190689
3.554021
1.545195
1.852546
7.91726
-7.533364
-1.496252
3.809479
1.67956
5.123260
1.611054
-4.555959
-7.951483
3.51324
6.880234
-6.301893
3.859824
-5.953569
-9.681020
-5.396016
-0.137989
-6.395275
5.624863
-2.606866
4.129674
5.702300
1.557583
-0.6970
-0.214161
8.652648
-7.651058
-2.949136
8.100904
-8.651556
-2.486342
-2.180637
7.300509
-6.858561
-6.147922
-7.269250
-6.862159
-5.537703
-1.851842
0.788762
-5.367084
6.16098
9.521345
5.775353
3.215339
-2.38677
-1.674085
-9.743202
6.641303
-6.25955
-7.471320
0.656128
0.282679
-2.392204
7.540729
2.909711
1.184503
0.532514
5.386530
-1.880159
2.664956
-6.743616
-1.813128
-0.657650
7.684799
1.493441
-6.418235
6.804987
-1.191402
-0.945674
-6.372916
2.356564
9.396365
-6.46368
9.81925
3.234728
-9.59806
0.714892
-6.975894
2.466
-9.298212
4.856804
-5.365076
-6.589354
0.438195
-2.452328
-9.57818
-1.955518
-0.677944
2.127978
0.185779
6.516303
7.895870
-3.137609
9.899169
-8.381703
-9.78652
-4.440955
3.757248
9.702580
0.771683
6.337471
-8.756510
-6.908813
-8.873452
-7.732352
4.720241
-0.413277
6.10001
8.35362
9.973474
-2.122550
-8.372098
6.603546
-4.889896
3.669343
5.426920
-2.704092
5.972730
-5.910778
-8.678920
6.946582
-6.262772
-8.523360
3.865956
3.189729
-8.909087
-4.586329
9.178764
8.443640
8.116240
3.451897
-9.304433
-7.463063
-1.803896
-2.749442
-9.515700
-5.855616
-8.666115
8.506255
1.378694
-4.773257
9.812496
-0.417565
2.159307
-0.443969
1.457248
8.142416
6.203564
-0.129774
7.831826
-4.504990
-8.612202
7.416232
-9.473146
-9.616196
-2.584168
-6.286148
9.308466
7.346238
0.843105
8.431659
5.80149
-8.576656
-7.416947
-5.888567
3.773661
1.587929
7.186988
7.269657
-1.309488
4.717878
-7.751733
-4.256253
3.616301
9.540238
6.955683
0.319884
-3.807961
-3.623478
4.412562
1.7038
7.911897
-4.739341
-0.938306
4.465588
6.453734
0.3264
7.916679
2.502445
5.106799
-0.89200
-1.397659
7.112326
-7.809856
9.939902
2.874679
-9.420551
0.165448
4.812710
-9.148348
-8.481848
5.47442
9.80509
-8.870008
-2.32240
-5.623794
-5.84003
7.249103
-0.959760
1.323099
-9.784388
1.867015
1.966527
9.338615
8.437939
-7.730087
7.668792
8.773671
-7.961403
8.734434
0.715915
2.995047
-4.485840
-9.300622
3.765600
9.820677
-0.373236
6.811124
7.332493
-9.750053
2.212153
-3.233345
-1.861071
-7.175841
0.80366
0.90536
0.862848
-3.481306
8.195013
-4.480082
-8.175964
8.583399
5.569403
-5.584150
-8.998960
-0.251772
2.72674
1.130458
-3.715146
9.788142
-0.600232
6.350981
8.68138
4.237545
-2.676176
-7.116926
0.445880
-1.3571
-8.633827
-1.152788
-6.310508
7.868196
0.26495
-4.195531
2.551145
-0.173705
-3.670097
-2.386819
1.837879
-6.701940
-7.491788
-0.867036
7.960138
-4.791443
6.10507
-7.99940
-5.827865
4.266957
-5.580378
4.999626
-2.312843
-9.152965
3.354622
4.18656
-8.898965
8.155372
-4.937507
0.691252
-5.936529
-0.307165
-9.955949
4.709741
-8.920384
2.163431
9.118059
-5.368119
-2.87316
-3.945746
4.846582
4.144054
-1.540103
4.42869
3.519389
-5.929801
-5.581900
-2.2546
-1.291678
9.793513
2.258657
-3.300192
4.434095
-5.973209
-6.103205
-4.146000
-5.669307
-4.55739
-4.493372
-0.403361
2.509663
-1.265159
1.977013
-9.633880
-6.429149
-2.799555
-2.908531
3.390487
-9.97191
-6.148663
8.457945
5.420676
-9.180910
7.795101
7.306119
2.233353
-9.506606
-5.224129
-2.904820
-1.840358
2.824256
-8.631524
-3.562353
-5.567190
6.135598
8.887132
-8.451442
6.46889
4.212862
2.959083
-6.205267
5.944725
-2.475320
4.774066
-6.991194
8.555855
-5.267603
-8.551321
-4.797497
8.586970
-5.101106
-9.314203
8.646937
1.796571
6.590910
-1.303368
8.716355
-0.303773
1.838807
-4.226277
4.822895
-0.936564
4.231512
0.786445
4.168553
2.513434
8.740925
-8.786115
0.728598
2.264884
3.870408
-3.750439
7.882405
-9.225275
5.102171
-0.471583
6.922071
-6.237590
-0.485812
-4.947884
-6.243480
-5.473705
-8.952762
-6.360294
1.976519
9.425051
-2.492907
2.412794
9.4836
-4.107840
3.980789
3.930224
-3.925415
9.197873
-1.50396
-5.135185
-4.998380
-4.380904
-7.68874
4.307238
5.877234
9.649269
7.373782
-0.449531
9.134495
-7.498140
9.44754
8.212760
-5.723397
8.95181
1.792349
-8.58380
-1.366979
9.187262
-0.879521
7.452981
1.816340
-8.495210
7.902385
-2.559053
7.89406
9.474234
9.676465
2.621514
9.23606
-2.416785
-6.452589
-5.129397
-5.828114
5.650318
-8.903247
2.464136
6.498606
-7.380438
-3.591869
0.751042
-8.872448
-6.33545
-6.414391
1.287438
9.747868
-5.104382
-8.899008
7.15077
2.123500
5.136502
-4.474360
-4.986118
9.166986
2.402997
3.285908
2.905126
-9.734884
-2.968001
3.258695
-8.630573
-5.500419
0.320824
-3.737535
-8.95020
-4.527243
-9.970157
7.371546
-2.746368
-7.991414
-5.698552
5.135178
5.690090
-6.880483
2.669804
9.829138
-4.139057
-6.703944
4.939159
3.859778
-0.589303
-2.780588
-4.907994
1.473990
-4.645564
-9.342065
-8.333050
-4.39996
8.714140
1.839835
0.159426
-2.852540
-1.386894
3.116016
9.293792
8.15244
-8.291262
-5.124708
-8.370776
-3.808540
4.913060
2.899242
9.418616
-2.644919
-8.491340
8.111331
5.334029
-3.331196
0.806776
8.699929
1.386785
-4.456648
5.206457
-3.60560
-1.9298
-2.214588
-6.502143
5.237718
-1.461309
4.919759
9.420200
-5.187466
-7.525041
-5.368877
-2.834988
-2.249872
-3.596069
5.197544
3.179005
8.427582
4.235461
5.548408
-5.265665
2.322200
-1.879285
8.428259
5.80455
5.169900
-6.544144
-8.526314
-1.816340
4.284655
3.904260
-6.397964
-7.309975
7.682295
2.213160
-5.921066
5.76434
-2.140575
1.33246
1.207353
-2.817656
1.938254
-0.421672
6.135601
-1.329915
-2.84331
-3.145448
0.175920
-3.119681
-6.728544
4.34567
-7.852470
3.471750
-6.320748
6.795019
-7.491371
-6.579704
-0.636866
-8.672819
7.20255
-7.480182
-6.956859
-9.364604
-8.13392
-8.101871
-6.326848
-7.642095
6.640397
-7.945977
9.108435
-6.335122
3.960048
9.437819
-8.190107
6.385218
1.353066
1.177984
-4.521770
-6.593050
-9.478799
7.940267
0.12021
6.62882
4.564600
9.354276
3.226929
-8.673931
9.791337
-8.216015
-4.620784
-7.58604
-0.9656
-6.947152
2.235696
5.437738
8.106091
7.116661
1.595191
7.698429
-5.888705
-2.758102
-9.158094
-7.48731
-9.900535
-2.870910
3.894130
-7.290557
-1.270880
6.356869
6.141574
-1.136499
2.765558
-7.73478
-6.606787
4.962791
-9.495766
-6.948994
-7.996405
-8.978393
-1.78269
0.433171
4.134405
0.158925
1.453881
-7.804027
3.614397
-1.507433
6.632502
-4.552091
2.513684
6.405986
-1.987100
4.931472
-8.287833
-7.473070
-9.358093
8.353384
-1.265853
1.850027
-4.979129
-7.827437
-2.15098
-3.340375
1.360393
1.198292
-8.816863
2.195522
-3.315965
5.174599
-0.233463
1.603532
9.717977
-7.194850
-7.225782
-3.264653
0.631843
2.909045
-0.669100
-2.995456
3.989258
3.164192
3.926243
-4.746160
1.588119
-0.739955
2.158385
8.750559
8.353509
4.749441
-0.304734
0.514870
3.207285
-4.913431
-6.973683
-2.748433
3.468677
9.918576
-0.842706
-2.524330
3.687103
-3.531783
-5.694608
-2.377203
-1.807121
0.693794
-5.850929
-6.394019
5.264811
6.616055
9.959559
-8.800932
-9.820720
-7.428812
5.404074
-8.850976
6.993121
2.505247
5.137913
-5.277331
0.640240
5.80430
6.112771
6.944549
-0.5546
6.269447
-8.1035
2.668989
6.708237
-2.961484
-4.469414
-4.919130
9.358766
4.999284
2.701535
5.305343
7.988152
-0.633594
-0.668392
8.324655
-7.734789
6.374705
-8.528985
2.534699
-6.820661
9.823649
-1.394638
9.10398
-6.208880
-0.127998
0.77787
-5.665784
0.5122
-4.724926
-2.253393
7.145124
-5.153216
-8.795055
-4.255983
5.727885
1.172245
-6.574831
7.371123
-4.403537
1.187709
-2.941526
3.486684
-3.294982
-0.32718
-0.851934
1.593635
9.508964
3.456273
-9.964547
-2.601191
0.670513
3.545218
-3.587241
-9.839684
-7.995074
3.730467
4.607298
-8.807703
3.820453
-0.403177
5.809270
-0.183855
7.680148
-8.125909
-7.260769
-1.812612
-4.470036
-9.324224
-1.746299
8.139800
9.208787
4.894787
-0.200836
-6.421916
-7.74393
-5.42906
-3.921090
-9.734261
0.938692
5.15283
7.565224
1.775380
-8.190971
-7.915589
4.788918
-2.322386
0.762811
-8.201140
-8.994132
2.929537
-5.926884
-8.311795
-7.268125
-3.476023
-4.61397
3.801370
-9.508552
-5.652981
6.75231
2.37955
1.164601
-6.696659
4.528916
4.378561
6.151158
8.437451
-6.796700
-7.666347
8.297006
3.627368
-4.189070
2.580038
7.575654
7.883241
3.934739
6.519067
-1.991315
-0.597942
-1.56440
5.877293
-4.990040
5.321564
8.700013
-8.877160
-2.361733
-3.215129
-0.271422
6.522813
1.138634
4.226821
3.792625
5.33352
-7.645661
-5.191171
5.532093
-3.852289
-9.589209
9.55907
4.918730
0.474684
0.351138
-4.769865
0.310904
1.549909
-5.886474
2.255338
0.691919
1.671180
7.791064
-9.140715
2.113777
3.700292
-6.738174
2.927438
9.145243
-2.269675
-6.32215
-2.220639
-7.357758
2.582208
4.153512
-4.864297
3.231563
-4.450027
-7.194509
4.997101
-1.259150
9.569864
5.501503
0.456445
0.458432
-0.342248
1.394112
-1.924926
-9.953
-0.25019
-8.252462
4.375201
-8.580769
-3.660229
-6.270650
-2.42160
-7.191403
-5.972907
-3.797756
0.843899
1.381009
-1.441303
-8.278124
-7.732877
-4.904124
-3.461728
1.753635
-2.44112
8.266836
2.649018
3.671409
8.625863
-7.565891
5.25700
5.461737
-6.332432
8.980035
-5.798658
9.713226
1.273750
3.956193
-6.562074
4.466593
-7.734169
-7.574086
-5.740642
-9.792350
0.953317
3.163746
-5.770450
7.100975
-6.536331
-1.66877
-8.938034
-6.915383
1.903048
-9.879109
-2.80849
-3.585085
-2.142300
-4.434217
0.132245
-1.862248
6.190117
-2.657903
6.727345
3.730874
4.164878
0.795311
-7.884455
4.189710
-6.699972
-1.460963
4.971982
3.450844
-7.20693
0.905818
-5.414922
-9.501322
8.877822
-1.282166
1.331683
6.595406
-2.107510
-7.355085
-6.253515
-1.705847
-1.591192
-0.23103
3.70313
-1.391474
3.937155
-5.355954
2.993766
-2.589766
0.769152
9.291973
-8.405456
9.274479
-4.694352
-2.582235
-6.127838
5.31133
-8.785787
6.847431
2.183261
2.330322
-2.678080
-5.157809
-3.303536
-2.960378
0.926854
4.50999
-1.928219
-7.182378
-9.168560
3.172984
3.901499
-9.428944
-6.811127
5.118361
9.742122
-1.135916
-0.655697
-6.811585
-6.709696
-8.86480
-4.782965
0.688256
-0.76832
-4.159397
-8.518186
6.797389
3.544491
-2.545279
-8.647186
9.66176
4.132572
-8.524454
-8.915985
-5.610699
-5.601680
-8.783076
-8.722240
-8.380094
-5.422664
-9.534863
4.922379
-5.454007
-1.591395
2.662022
-9.267898
-5.183848
1.545788
-1.525769
0.935374
-7.517005
0.840790
5.722397
-6.817378
-3.235270
-1.135470
-9.68867
-3.832850
-0.971911
-2.64033
9.240050
-2.82490
-4.240277
-5.237866
-2.474889
-4.594750
-3.715481
-1.587454
-9.481966
4.262759
-5.385200
-4.867802
-5.665648
-1.716394
8.127786
7.78200
8.351886
6.99987
-6.900996
-8.280682
-4.658067
-0.99214
8.928559
4.384853
-6.285473
9.865690
-2.810030
8.671008
9.281474
-6.646045
4.796049
4.4241
-7.836759
9.566586
-6.398882
0.357594
7.521118
1.604937
3.712856
-2.843194
4.258710
-5.344604
-2.1384
-6.861993
6.191881
-8.86132
3.172001
9.285022
-4.557887
-3.375240
9.534114
4.725281
-0.531603
7.397991
-1.709299
7.751000
9.905135
-1.981734
1.168158
-8.262233
-2.910004
5.391168
-5.742670
9.801270
6.617201
7.622050
1.173411
-9.792402
-9.600313
8.342704
8.346416
3.386511
-0.323947
-3.160106
-6.273335
-3.855514
-7.509127
-9.922528
5.380739
-1.441648
1.996846
-8.96799
3.983141
0.187475
8.624143
-8.2446
9.589736
0.291147
-4.572062
-4.149695
-7.769929
-9.342767
-2.292082
4.360544
-4.833072
2.875923
-5.78442
-8.130392
8.824177
-9.276461
8.346300
5.863759
-1.248053
1.306777
-8.749094
9.848338
-8.976375
-5.642334
7.768742
-5.769043
6.52181
9.647706
0.168769
-6.598513
-4.124411
8.403312
4.437662
-3.817197
3.349416
4.606381
-6.254140
-1.62621
-5.890943
-2.31189
-9.360255
2.711214
-3.959988
-0.701371
-2.65757
-5.393673
-4.445230
-3.599431
9.236388
7.571450
-6.460452
9.136134
4.963188
3.434340
-2.675572
-8.971979
7.92604
6.605979
8.643458
3.406516
8.493664
-1.512963
7.900429
2.93725
2.910047
-9.215165
-9.131812
2.430480
7.657438
1.219982
7.665652
3.838353
7.965651
-0.523885
2.214427
9.619386
-8.648787
0.231509
-4.516039
-6.706060
-6.922079
2.591844
-2.367841
-4.729611
8.111494
2.221765
-4.516053
-0.119666
-6.122230
-1.199908
-2.759216
-4.293818
-9.349383
9.309987
2.785707
-2.686592
-0.227806
5.90218
-2.671604
-8.662108
-6.281710
-3.196064
-4.759875
-7.938794
-1.773058
-1.444390
-8.121232
-9.936020
8.636614
-9.739055
-0.465753
-5.738789
3.633653
1.550892
-9.703765
-4.720118
-3.338069
8.557318
1.46589
8.928110
-8.401791
6.743198
2.246151
-6.776385
5.127534
-4.118010
-3.918053
-7.271821
-3.269532
-6.99142
-3.939112
4.554800
-6.658623
2.43159
-2.163556
9.276520
7.859146
-2.516313
-0.733099
6.629765
-3.461718
3.211065
4.100241
6.795605
-3.848049
6.961339
9.404648
7.483343
-6.271093
-1.847191
8.107045
8.1500
-9.273756
-4.653612
1.950157
5.774573
1.761222
-3.860861
-8.312607
5.935048
8.343679
0.444907
7.826238
8.146295
-4.448236
7.411971
-4.346724
9.78937
9.641276
2.799543
6.667151
0.738524
4.708373
-6.676941
-1.472537
6.910507
-4.468541
6.583992
-0.223851
-2.691915
6.802671
9.728573
1.438417
0.238664
-6.299277
-1.54063
7.310299
-9.312856
-9.438946
5.517530
-8.8
-5.713707
5.136239
9.93841
-7.732810
-4.501381
6.844230
3.591729
-2.855521
4.760528
-9.622647
-9.141732
3.56307
7.591099
-4.423048
-1.24692
-2.822890
2.286183
0.514915
6.249289
3.181220
-9.629731
2.323397
6.216986
3.32810
-1.102852
1.997526
2.994428
-4.955470
9.803246
0.571640
-1.777011
-3.616715
-5.226991
8.250736
-7.388057
-0.173039
3.966263
9.843107
-4.691796
8.272858
4.692589
-4.609073
2.111320
7.274079
2.36748
-1.907669
-4.226082
9.794524
4.644260
-7.508229
-3.116705
-1.99421
3.296126
-7.407453
-8.982565
9.640666
-0.379282
3.709193
6.585869
6.328908
-4.509951
3.455065
-8.231908
3.100175
-9.826956
3.800307
-1.193267
1.972100
-7.12617
1.522965
-9.743299
-4.915264
0.131582
3.19925
-0.887076
-5.253432
3.543013
-8.498254
5.430031
2.982604
-7.664203
-5.140589
-9.478480
0.6705
-1.132717
-6.839082
-0.282818
0.843206
-4.262143
-5.92795
1.180422
8.551328
-9.176929
-3.772781
-5.955413
1.551779
-1.878540
4.128962
1.791498
-1.362413
5.881024
-5.606982
-5.971903
-6.74667
-3.967902
-9.538685
7.40448
2.499852
-6.447855
-4.314488
-6.566003
4.415661
-0.487698
7.776946
3.290111
5.159910
-8.741778
-1.318532
-8.249730
-5.281165
5.21983
1.652607
9.757069
2.995946
-3.658371
-7.699758
5.671886
-2.969647
4.754707
0.302212
-7.7279
7.234580
8.107449
1.630494
-8.845677
7.753604
9.892961
-0.304196
-4.3512
0.922412
-1.408089
-5.542898
8.709796
2.461889
-0.27068
3.728147
-3.725038
2.759519
8.182825
3.244687
-3.709918
-3.633205
-3.667155
-6.568837
-2.850549
6.170662
7.745288
2.246312
2.127030
-5.691205
4.724699
2.267494
9.521467
-5.143123
-2.762957
5.226646
-7.287793
-0.872065
-0.800010
9.42435
-5.70809
-9.809573
0.768923
8.207710
-3.71472
7.903629
-8.432328
4.382609
5.30341
7.558351
-5.727676
4.764588
7.302290
-7.7939
3.966722
8.545542
9.915060
3.336916
-7.57423
-9.719963
8.15740
0.669455
-4.464952
-2.923700
-5.221525
9.121385
-5.333574
-9.178589
-6.528497
4.699658
-8.734509
-8.220209
8.966333
-6.774508
-8.852443
2.304314
-0.517399
0.956730
6.521268
8.725003
5.191693
1.616311
3.796149
-8.33497
-5.852647
7.703969
-6.682061
-1.701983
-6.100652
-9.935490
3.475518
6.187419
-7.773352
-5.698271
-3.918578
6.623096
1.482264
-0.829658
8.327514
6.53385
-9.706931
3.506307
-2.188076
-8.234923
5.421356
-8.632522
-3.172736
1.559396
4.265586
-8.812574
-4.925363
-0.311998
-5.588790
4.68240
-7.783846
8.104606
-5.218139
0.355562
2.702507
-1.875977
6.811463
-4.984483
-0.98808
-4.960494
-9.751461
-3.906639
2.565476
6.210237
-9.186931
-1.823072
-5.204751
-4.38897
4.831819
3.771593
-2.609495
-9.766880
-2.876272
-7.143111
5.126792
-3.92903
9.370370
7.884557
1.947461
4.147874
-2.70388
2.982497
3.21512
-0.889219
-5.973886
2.978020
-4.810301
-7.765840
0.829121
-4.131656
1.150290
4.603782
-9.947827
6.715198
7.148835
0.919317
8.882422
5.759251
9.588703
-7.202597
-9.888879
-9.257043
-9.106674
-1.797692
-5.473209
5.292721
9.832780
2.980107
-7.102909
4.148646
-9.781545
-7.71994
5.35196
-2.659957
0.384554
0.666521
-2.230
-6.712334
-4.52322
7.882018
5.333080
-5.555797
9.670304
8.624428
-9.133368
1.862311
-7.246925
-5.169634
3.389688
-7.44847
-0.788652
-9.59039
5.596699
7.541009
-7.656958
-3.966811
0.763291
-0.395528
3.843631
1.726861
-6.193863
5.26182
1.328518
1.136065
2.625134
3.180279
-5.951670
-4.488592
-8.954325
9.466599
0.358375
-5.28143
9.998994
-3.973938
-7.61050
2.942755
0.965012
1.374746
-0.374296
3.836998
9.807698
-8.107753
0.796202
-1.986097
-0.218447
-2.150209
-5.297251
-0.906512
-7.889872
2.123668
6.818407
-8.684306
2.263898
-3.369349
-2.169430
-3.289274
-9.909161
-7.497113
-4.541722
7.997315
8.846841
9.965029
-5.896374
-3.123517
-3.136750
8.513473
-4.196443
-3.667022
2.299958
-8.953195
1.496435
-4.737376
-5.783771
2.464527
-3.765740
5.905859
2.67795
-1.32449
6.222683
3.44723
-5.105885
-0.773631
9.215917
0.212991
1.650556
1.698042
7.677426
8.497869
2.656485
-4.727700
-3.192477
-8.897658
-2.873679
-7.467860
-9.352773
3.632464
-7.369464
0.243862
0.955386
5.771290
6.677474
2.686724
2.20066
8.977623
8.23922
5.957408
3.651235
-8.722255
-4.202917
-7.315904
-1.622293
3.711615
-4.906559
-5.906690
8.924998
4.128393
5.214917
-1.378347
-2.116553
0.86020
-8.530802
2.643375
-0.354101
7.503957
8.109857
-3.491872
4.315169
4.949212
1.637865
-5.369217
-5.881855
9.402309
-0.584599
-0.481497
-1.586977
-0.408610
-6.420156
-0.272850
0.238003
-6.485828
4.881285
4.13964
1.628184
1.630505
-9.927616
-6.960868
-5.858654
5.352244
-7.336337
-5.927485
-1.728061
3.752515
-5.193278
-7.888099
8.373640
-6.243406
-4.21973
0.508158
-6.167526
-7.154293
6.321324
1.583179
-2.342167
-7.666534
-0.70483
-8.657341
-7.803016
2.476718
1.918595
-8.915704
3.921171
-8.848984
-9.196756
-9.625375
0.248995
-1.27936
-9.923065
-1.793037
-1.506448
9.915988
-2.949142
9.850322
0.372043
6.707584
-1.745044
-8.374416
7.355457
-4.677438
0.881221
2.617980
1.591064
1.605446
-5.760656
7.915215
-7.735656
2.808814
5.792032
-3.4676
-8.439818
-1.16053
3.649084
-9.292788
7.763443
-1.806863
9.48422
1.220764
-2.900881
2.495486
-8.281264
8.281015
9.927081
-6.168602
-9.855902
0.361023
-5.907902
-9.757935
8.769187
-1.846171
1.117270
-1.12760
6.634271
-5.572867
5.466698
8.560069
-4.284546
-4.375785
0.675306
7.458787
-0.763610
-9.29593
5.272789
3.174987
-3.512622
-7.565490
4.656806
-3.318640
9.320812
5.531499
-3.478891
2.444252
2.708597
4.231712
5.665847
4.866904
-5.712258
3.626163
7.366555
-9.702620
-9.513235
9.399318
2.889980
7.135846
-9.193431
5.562138
1.802035
-5.197668
1.157528
-9.356919
-8.738278
-0.581567
-4.432732
-8.564561
6.635691
-1.707798
1.830022
0.175519
4.62931
-3.329420
-4.539191
-9.654781
-6.636796
2.226536
6.655714
-3.73825
9.864127
-9.255229
-0.873295
-1.84880
0.592604
1.426056
-9.984552
0.674426
4.631524
-9.49278
4.6177
-4.820608
1.173889
-1.256250
-3.424612
7.417253
2.848445
5.634567
-6.340181
-3.633682
5.222868
5.937762
7.470235
5.366866
2.989780
-6.878167
6.203161
-9.601558
0.299894
-5.502939
1.251814
3.443351
4.332779
6.826096
-9.975478
-6.922587
-0.60773
-8.407294
4.636576
2.380144
-3.687275
-5.596850
-0.896775
-2.309993
8.60052
7.120620
2.908951
-1.789841
7.881505
8.556829
9.449495
5.782370
5.525922
-1.634034
6.989925
-1.67022
-5.776196
2.320609
4.785467
-5.503367
-1.460896
-3.942574
-7.875399
8.108502
-2.467980
9.445663
9.964138
1.600531
5.278487
-4.634584
-4.48966
2.241611
0.293018
-0.649018
7.586900
-9.199422
5.607203
8.719194
0.841589
9.372245
-5.867992
1.778324
2.401964
3.781186
7.33674
-4.182055
-6.777001
8.111059
-2.504839
-5.260160
-2.364037
-8.793718
4.8130
-9.399024
-3.591253
8.52799
-7.229325
-9.634026
-8.351080
6.658975
1.224999
-1.98119
-6.3594
-6.750793
4.21438
-6.886079
-3.544136
-4.635518
3.363066
4.601074
-4.721787
-4.109550
2.542687
-0.455865
7.113919
-5.66875
-4.13140
-1.213364
4.811310
7.795464
-7.458690
9.165026
-0.191838
5.579961
-5.728418
-5.228463
3.165599
1.769153
-5.156797
-9.712317
-5.578334
-0.12553
6.629445
1.399900
-9.623767
8.322485
-2.349428
7.314141
8.303086
9.744737
-4.691112
3.413054
-9.503763
-4.505924
-9.875404
-5.758824
5.706709
5.215846
8.48656
-1.983745
-8.849281
2.103954
-4.945496
-9.533040
6.479251
1.996196
3.345042
5.207739
8.320738
-9.873539
7.578459
-9.13834
6.708568
5.292107
9.680703
1.14477
6.615912
1.834438
-5.16898
4.950028
1.411267
8.575377
2.371763
-2.820540
-4.911282
8.35743
-0.469101
6.401713
1.82128
7.75354
1.848785
7.768054
-7.969818
5.366871
4.41307
7.439675
6.107227
2.872653
-6.976397
-9.222844
3.518237
-3.924685
2.972372
6.886220
9.474686
5.902123
-7.215712
-9.31364
7.699871
-4.754482
-7.145225
5.799721
-8.293345
1.997862
7.250163
0.445178
9.651356
-8.337797
0.906214
9.471440
-4.592477
-8.634463
-6.881803
0.304316
-6.268873
-6.333133
-2.453125
-0.219723
3.21933
6.352504
6.434280
1.785498
7.847196
-0.591746
8.454424
-6.360861
7.762235
-4.841556
0.662891
1.409759
4.352995
4.154176
-0.129375
-8.571938
3.479726
0.619254
3.435702
-1.96776
-2.456627
-8.937820
-0.11796
0.754680
1.349992
-6.646831
-1.465864
3.75964
-6.326618
5.187301
-3.361386
-3.387156
-2.617117
6.485547
-9.294298
-0.890566
8.382450
-3.224373
4.293550
7.868567
6.307332
7.756385
-5.141837
-2.333036
-1.484157
0.724577
3.658938
9.734261
-2.118857
5.215724
-0.154342
2.391339
-1.380887
-7.618429
3.407702
9.65994
-3.756489
-8.428699
8.707643
-0.403589
9.736541
-2.551533
-1.752075
8.955282
-0.679407
-2.702396
4.463872
3.313580
4.508598
-3.375180
-7.749189
3.487013
0.312335
-7.883343
2.49425
0.294740
-4.860216
7.888439
2.630023
0.236529
9.890976
9.780411
-4.296173
3.819150
-8.484123
-0.215145
-1.78211
4.313458
7.898642
-0.508702
-5.96283
-9.881574
-9.416109
-5.968314
5.493472
-2.703694
1.785026
4.717690
8.815268
-8.619060
7.504248
4.220019
-0.769740
-2.465746
4.707731
-1.577825
3.854416
-8.914072
1.645232
-9.194273
0.281370
6.346557
6.137539
6.950491
-1.637267
1.165638
-3.783453
3.52571
-3.319155
-4.481846
5.49348
-6.634296
8.601913
9.401011
-8.999904
8.892065
5.781188
-8.968651
5.688497
-5.239641
7.273848
4.295366
-6.524214
0.246486
-5.411574
7.759915
-0.352980
-9.77891
1.848718
-8.794343
-1.141743
-5.688639
4.748886
-9.492726
-6.387003
7.36280
-5.155253
-4.527374
5.205215
4.24283
-5.982776
3.613692
8.67678
-9.946647
6.167963
-7.247882
4.78470
-5.440914
7.820219
-7.937586
3.999951
-4.797514
5.141994
-3.557605
-0.774481
9.720549
-9.672075
-6.982040
7.761039
5.825086
6.1230
6.463916
-7.869081
-7.514667
6.377047
0.359576
9.14888
6.14586
0.369694
5.318129
-6.400528
-0.83314
-8.496531
5.707858
-6.696646
-0.114507
-5.242026
7.157675
1.302367
-2.12674
-3.709830
3.942842
-3.992872
4.518268
5.592986
-2.991508
-8.434383
4.142742
-7.582273
-3.30367
1.312110
7.945085
-7.393208
9.558265
-1.438570
9.443874
5.417403
-9.923099
0.942846
-0.879042
-2.49815
-8.339343
6.863642
6.86541
-5.264954
1.62824
-8.111009
7.684240
9.940192
7.181232
3.936386
1.915484
-4.577720
-0.432318
9.481195
-2.317337
-0.964955
0.374784
4.656863
5.458873
-9.778476
9.960487
4.466343
4.689254
5.703835
-0.948658
-2.900300
2.943460
-5.550295
9.180002
-8.195271
4.678623
5.453047
-7.414891
0.167048
-9.941769
-4.350933
-9.472845
8.540802
-0.462292
-8.967602
3.993118
-6.937973
-2.928943
-4.398345
-3.311024
-1.17021
0.481290
-0.594968
9.531270
-8.749070
-3.26844
-8.841430
3.175524
-2.718380
1.173833
-9.523246
-0.150567
8.31959
1.717719
6.904199
5.786672
-3.560113
-4.677568
0.70282
3.905303
-1.640752
-0.143914
3.887635
4.412716
-6.697803
-0.743200
-0.509323
0.450497
4.528369
-8.141285
-7.83916
3.405989
8.588792
-3.743647
8.918175
-5.861447
-7.600307
1.492537
4.230013
2.498411
-3.504268
6.770832
6.965020
-3.118793
-7.982574
5.460561
4.339428
7.695640
-7.723116
0.975788
7.875311
2.578790
-6.713786
-4.716992
2.968419
-6.198574
-8.667011
-8.850348
8.231787
-0.339697
-4.831716
-8.275408
-4.109466
-2.922683
-4.458705
-2.184763
4.445953
-4.842582
-4.416242
0.364242
7.217698
6.964526
-6.408262
-3.997575
-2.883961
-2.533644
-9.956240
6.458474
-2.252338
8.577300
-2.409150
3.623198
2.798234
-9.164398
0.955032
5.622205
-6.397194
-1.463362
9.638354
0.703013
5.997035
0.868490
4.560082
-1.213982
-4.752872
-7.151809
-8.595558
7.13719
2.281578
5.331730
-9.528417
4.89338
8.528074
-6.220185
2.195950
2.339329
-0.183968
1.202457
5.336920
8.872397
-3.869838
6.738393
0.617611
-8.305727
0.483491
-4.105935
-1.795265
-5.465027
9.94934
-2.839694
-8.885968
3.779846
-6.873468
3.726916
6.586876
3.722572
-0.285814
-6.388511
2.528030
0.502303
-6.675763
2.60476
1.262132
3.808805
-4.437034
-8.859119
-7.414391
-4.803170
-8.227912
-9.574595
4.682911
-9.455403
-0.146816
-0.374761
9.444965
4.389975
5.799374
1.468429
7.378517
-6.657278
8.111702
-7.176813
2.599754
-1.286696
-8.964557
-8.703861
2.292589
-6.983850
-1.682507
-9.949296
4.253814
-0.820882
3.227326
-2.218928
-0.637196
7.435516
-9.473009
-8.680417
-5.344558
-0.726050
6.399486
-4.47779
7.642682
-7.847365
-3.36587
6.655315
3.126226
1.732344
9.458450
-7.199412
8.96158
-8.293094
-2.450682
-3.201379
-1.348234
8.823100
1.878896
-5.808209
6.78539
7.405096
-9.737176
-7.844947
6.549289
-5.110234
4.230358
-8.546856
9.527949
-8.130294
-2.550660
-8.649957
7.670588
4.979335
-5.173033
1.345309
-7.408935
8.851443
9.877204
8.96092
6.273157
-6.350495
-1.43872
3.449446
-4.376664
5.276207
2.349454
-7.460992
8.950273
8.696193
4.506962
0.461118
-5.996461
9.333817
1.318131
-6.531398
-2.83852
-3.689499
9.411547
-9.294297
3.951691
-7.967093
8.990461
-1.176030
3.52193
-1.275631
-6.191653
-8.241898
-2.761457
-1.143886
-4.517982
-9.156901
4.411139
1.840920
-6.928396
3.533877
9.966276
-9.58694
-8.304828
7.654951
4.288906
2.746357
-7.488424
-2.511567
-9.149603
1.237017
5.821558
3.470727
-1.390375
-6.508403
-8.119107
4.690531
1.189768
-9.123632
8.151801
-4.875525
-8.537730
0.362775
8.76206
-4.955833
4.661893
7.196018
-2.747811
-9.212061
-5.946039
5.394493
-3.607654
0.551796
-1.801967
-2.662993
8.789827
1.987727
7.3049
-4.840571
-5.11858
-7.666515
7.41559
-9.474899
-6.437262
-4.835377
-5.177645
-0.615879
-6.324256
2.41602
-1.891549
-1.25899
5.836528
4.861167
2.495295
-7.815120
-8.809177
6.106657
1.968986
7.594918
5.745572
3.850633
-6.337300
9.296875
4.313857
-2.706567
-9.621645
-2.365271
-5.925172
5.820749
0.408926
-6.185209
1.332466
4.408607
-6.404883
-5.758558
-7.305007
4.254581
2.223159
-5.18644
0.231696
-7.753864
-7.94695
0.123421
0.701209
-8.323355
4.354034
8.53368
-2.77070
-1.394127
1.599457
-9.954984
7.827694
-1.554886
6.433437
3.809907
-9.390863
3.314303
1.429146
-7.209619
0.476472
0.638631
-4.397659
5.602372
8.661379
-1.495914
-0.348183
4.39547
-7.340938
-3.991867
-9.494628
-2.597268
1.53652
7.474827
-9.500568
0.799379
-0.727319
3.154775
2.135115
-7.261760
-5.928839
-3.768513
5.735767
-7.174646
-2.640037
-8.565377
8.309629
-2.230952
2.192707
-3.591334
1.701862
7.451705
-3.28552
-1.830062
8.458606
-4.575565
-0.709555
-6.176057
2.47322
-2.664287
3.502468
-6.89197
4.505390
-1.321051
-4.43711
2.141235
1.445706
-9.200794
-9.77628
9.694971
-3.830934
-1.447062
4.311868
-2.161119
-0.685813
7.525987
-0.763370
-9.191239
8.73251
0.85760
8.852805
-7.559896
2.175090
0.759645
0.110917
-3.687514
-1.614057
-8.83748
-1.272646
2.260777
7.712427
-8.130064
1.119238
-5.185339
9.682121
-0.136944
-8.207395
9.371885
8.314856
1.146641
-3.562210
-1.392498
8.600919
5.532047
7.830648
8.698888
-4.695458
9.67378
-3.522238
-3.133289
-2.986292
-0.966756
-2.118224
-3.132139
-5.284498
8.686218
5.508463
8.914344
8.954907
-4.935502
-4.116906
3.211546
3.382191
4.231726
-2.945492
-8.238312
2.214428
-6.113938
7.308728
7.597302
7.675358
2.588754
-2.246339
9.249033
-4.645235
2.781945
6.841699
5.519955
0.400444
3.5404
-7.951771
-1.258543
-9.408828
-1.4497
9.210393
1.311015
-7.508933
2.312610
6.636391
-9.951534
8.193543
3.479324
-5.536776
-5.231737
9.828638
9.272971
-7.319400
1.666002
3.975771
2.41082
-2.975590
8.454653
-8.99730
-5.124456
2.294215
4.286946
-9.368243
-2.896157
4.874290
6.252144
-5.486067
-0.593237
9.799495
4.546373
-0.838367
-4.885871
1.516252
-8.238445
-0.365059
-3.48837
8.241315
-7.136035
-0.245026
3.588712
-4.915182
-0.569426
-4.340767
-2.64957
-7.891648
-5.312961
-7.886332
8.587349
-4.387019
-0.901424
-9.738668
5.709318
-2.616673
-4.828975
-2.758735
0.763890
-5.612937
-7.308295
6.443201
1.333504
-0.9223
-1.825079
-0.183293
8.600119
-5.314002
9.206352
6.842359
7.946986
-9.688972
1.829695
8.441515
5.472318
-2.491530
3.356270
1.131495
-6.225206
1.434012
-3.193301
-2.574071
-4.479692
1.327942
1.857489
-2.777652
8.737807
2.566930
-0.23756
-0.388527
-1.274180
8.21714
7.74330
-3.765533
4.588194
5.916448
6.417237
9.207031
8.83482
-3.285644
-2.139526
-3.108464
7.397784
-6.320827
-9.351814
-1.446709
-8.129748
3.757199
-7.944207
-6.432330
5.688285
3.872668
-0.108608
7.875796
5.18527
2.394290
-8.297090
-2.464734
-8.464151
-8.835449
-3.450804
5.617100
2.872402
5.774689
-8.605846
-4.954069
-0.768509
-8.466403
-6.254784
-1.733484
-8.671797
1.758305
-4.68767
-5.550025
-6.6553
4.306517
2.412980
-3.972040
8.224546
-8.147409
6.656608
0.956779
-6.953295
6.238412
3.204278
-8.385772
-5.693536
-2.424662
-3.43882
-2.531701
-4.723567
5.102989
1.287067
-6.148203
7.977438
4.380618
-9.828165
6.88588
-4.660993
-0.800166
7.755942
3.683767
-7.374650
-9.381006
0.285565
2.94880
7.631819
-1.342068
-7.681314
8.390456
9.616903
0.533616
1.613726
0.294175
5.329727
-9.408309
-3.464749
-2.192582
-2.16472
7.496652
-0.648471
3.744553
-7.887887
-1.365539
1.842064
9.811253
9.686428
1.779403
-0.695117
-4.94564
3.810614
6.599209
-8.660468
-5.852689
8.73230
0.640362
1.132611
4.214502
-9.228103
8.371079
9.1182
-5.768021
-3.205211
0.926478
6.709646
-7.433498
-3.473640
7.327524
-7.704085
1.619795
-2.571306
8.723441
6.820755
-1.783837
6.945524
3.180583
2.783916
2.958303
-9.999500
9.602624
-0.862238
-4.105308
-0.931044
8.32618
4.230014
-8.629167
1.870439
-6.602793
5.40733
-9.445064
0.186867
-7.267323
-6.970805
9.986173
4.756257
-1.23408
-3.188419
-3.757636
7.574933
-3.311693
3.620413
-3.72401
1.391097
-6.913608
9.423773
8.383466
4.973272
1.977105
2.385974
7.683027
-9.503592
0.193555
-4.890929
4.526757
7.617307
-1.425295
-4.96242
6.984233
-8.208415
3.842225
2.330726
6.860787
3.216081
9.883767
5.817314
-5.838388
5.937692
-7.336350
6.791998
-0.395921
2.459813
8.636791
9.482904
2.421953
-2.883899
-1.808866
7.580321
-6.687888
-8.141376
-7.294057
-4.861661
5.831429
5.913268
8.30812
9.678114
-7.21537
0.970025
0.652523
7.536913
-3.347962
-4.927896
-6.123793
-2.796440
-5.678271
9.136700
-6.21747
7.171800
3.524550
-5.416347
-5.155542
5.138056
3.340055
3.398329
-1.795784
-3.470725
0.307051
-7.629980
-0.19833
7.680850
8.754408
-2.534563
3.882976
9.663781
7.757542
-5.227776
5.268948
-6.386245
-6.582396
9.26275
-2.254795
-8.99568
-4.521193
-5.127112
-7.746469
4.57536
9.197013
-7.703000
-7.263648
3.919859
2.87982
-8.956262
8.662756
-6.63871
7.590640
-1.6145
1.330166
-2.869755
-0.771244
-4.54468
5.432980
-3.177540
0.790008
-9.702416
-3.578546
8.659587
-9.206021
-6.486795
5.888155
-2.508849
-9.407856
-7.323619
-8.872059
-6.574369
-8.590364
0.150162
9.344003
6.368902
-8.444209
6.317222
-3.424151
1.852978
2.76318
2.756927
0.958675
-4.304907
7.801768
-2.779424
-1.140334
6.139390
1.863765
3.230087
8.964951
0.825663
6.547343
-5.224889
-9.1537
6.599659
-7.506050
7.608866
-0.449660
5.919935
1.859663
6.657255
-7.887081
6.172209
1.146448
5.186506
4.144933
0.498642
6.48504
7.735022
-0.411173
4.669629
-1.783669
4.195615
-9.726726
-0.695123
-3.363878
6.906028
9.977316
-1.925155
-9.495985
-3.171109
0.292543
-2.891277
4.224906
-3.811319
1.733822
1.531170
6.812229
-4.543012
5.643454
0.973217
7.705909
-4.728611
5.729885
6.856179
0.326702
5.253683
9.168470
8.119566
-4.841993
7.746926
0.503993
-8.929567
2.219264
-6.616162
-9.299033
4.180810
-9.651169
-3.203779
0.247443
3.827203
-3.597815
4.851824
5.480506
-5.257824
-4.962393
5.844387
1.434976
2.62741
6.237992
-8.153237
4.265343
-5.280217
8.442824
5.483049
-4.773423
9.157000
-3.887464
-9.649636
-5.79434
4.18853
8.731169
7.720377
3.432395
-4.602840
-2.847874
2.499235
2.221381
-9.665480
-8.551665
-1.643731
2.768881
7.524931
0.763704
-8.482058
7.454170
9.158785
4.923937
3.733658
-8.617987
0.847618
6.92142
-2.616902
-5.185762
-5.274252
-5.849069
-2.716341
4.516715
9.654009
6.294209
-9.516751
-6.340488
4.529292
5.770838
-0.46575
5.926641
3.807965
-8.673431
0.744420
1.719116
0.665538
-8.711064
-1.140928
-7.512765
-6.557575
-0.306472
-3.213628
9.437826
2.935709
-7.408230
-1.22432
8.593231
-4.761824
-4.628761
4.896158
-1.354618
0.369563
-3.657334
-0.734646
-6.804565
-1.128596
6.256195
3.44201
-0.21907
4.476503
3.454564
5.915436
-6.634380
-4.833882
-3.225658
4.77882
8.56090
-2.838644
-3.115526
-5.883151
7.215444
-9.935231
4.739788
-3.99644
-2.950510
-7.700614
9.405094
7.140829
-7.669642
-5.652999
-9.987058
-7.26437
-3.173403
-0.568938
8.464040
9.179628
-2.844297
6.230594
5.899073
-1.871641
2.624800
8.645819
5.333782
-2.355774
3.29325
-7.96444
-5.151367
9.250183
-1.264240
6.276362
3.718754
-7.806862
-1.992269
-7.14763
-2.973989
9.820456
4.287483
8.263812
-6.890273
-0.869212
3.337275
-0.314224
6.310145
7.531145
-2.29809
-2.270178
8.464584
-2.940972
-8.446288
7.395959
-8.661624
6.384437
-0.693863
1.956390
8.44144
4.470098
8.330697
5.293659
-5.609167
-0.574167
-7.432315
1.451423
9.438353
5.901727
-6.856307
8.276084
0.981512
-4.292780
-2.957347
-1.865487
8.919116
2.455509
-3.272538
0.713054
9.824552
-2.636843
4.420103
-3.155270
-3.783314
-1.750525
7.969214
9.133708
-7.112094
-8.114586
-0.97575
-7.621557
1.672984
-9.549847
-7.578511
2.884494
-6.525611
6.966883
7.143380
-6.526160
-2.16950
2.472057
-7.200270
3.666749
4.680626
-7.715600
5.120806
2.848064
-5.352883
-4.391450
-1.225874
-1.680708
-2.392795
-6.298590
9.553364
-5.456783
-7.726669
-0.881291
9.54358
-5.357964
-6.423047
4.314478
2.719222
-3.761208
3.539339
-1.632126
0.440415
6.489818
-0.747217
-5.872344
-5.391360
-8.837567
-2.166669
2.127994
-3.355587
1.562779
-2.465169
-6.699917
1.115087
6.579915
-7.485850
-5.91470
-1.561132
-1.836687
2.184020
-5.189201
6.825365
-2.819181
-7.84644
-0.159760
8.435197
-9.334002
-6.687005
3.213429
-7.190833
8.158558
8.297786
-9.16229
8.836408
-7.989188
-2.379619
-8.882708
-4.368726
-6.971640
-4.368499
-4.882187
7.591835
-8.995316
-1.276197
-0.65916
-9.944388
-6.913816
-8.582022
7.510139
3.51205
4.872889
6.713448
-3.881897
-2.230120
8.842762
6.363231
3.259430
-0.865360
3.868027
9.997212
-3.927396
-7.849843
-5.62338
-2.581110
-8.758920
-0.584956
1.471541
0.785031
3.926857
6.352306
5.462581
4.623518
1.943304
7.449958
5.903327
-5.885677
-6.857750
-0.733362
5.94536
-6.484114
-0.436949
-1.342283
-7.429916
1.581745
8.27890
5.127465
2.760054
9.185086
-2.267921
1.392939
-7.557352
-8.172203
5.636393
1.979554
-5.815502
-6.419509
-6.376532
9.674463
-5.98335
8.91357
8.522186
-9.853404
-5.224881
8.579922
-7.884837
6.559305
2.489004
-5.531683
3.453410
-5.348721
-9.218081
4.14792
5.81137
9.363386
-0.443283
5.865071
9.756215
-6.393122
8.444526
7.727403
-6.634694
-0.207399
1.166776
-5.632868
-3.585228
7.872063
1.912882
6.600570
7.609590
1.554630
-9.527046
7.81728
0.72081
-9.722986
-8.647070
0.729169
-5.528590
6.50689
-1.310796
-2.311379
-0.917511
-1.314568
-3.582750
-2.254140
-0.757530
-7.503501
-6.389826
-2.689074
9.794367
-8.150231
-7.422
-4.979633
-1.811617
8.179501
4.199801
1.490450
-0.890807
2.862809
-2.523380
-1.965758
-2.777277
3.484983
-5.170605
7.906223
-1.447529
-5.441593
-1.133935
-5.53147
-5.282622
3.133155
-3.916127
-4.581753
-9.928248
3.54715
0.247998
1.232923
0.545696
0.59791
-9.13339
9.168002
-8.190365
-6.597202
7.335441
4.765757
-4.67649
-5.440920
2.892372
-4.312812
3.81402
7.721521
-8.715281
8.323607
-0.547835
-3.74921
-2.778385
-0.654812
-2.145796
3.868920
5.393684
6.35413
-3.927263
-6.985361
-1.307813
-0.822867
-7.617941
4.941033
-2.25068
4.415741
8.689196
-3.375124
3.641527
-4.195124
-3.149467
9.323647
8.32477
2.310901
-1.632545
-4.373429
-9.362718
-1.681813
-5.568588
-5.221972
4.998278
8.928987
2.121726
6.871230
4.315961
-0.118067
9.146469
4.794850
-5.131327
6.566812
-0.603018
6.31407
0.223901
0.765737
4.630654
-6.327366
7.271616
8.668950
6.410846
0.171534
8.629786
5.451423
1.476443
3.253675
7.577670
-5.630028
9.751475
-3.853785
8.618771
-8.131373
4.613563
7.547268
9.894179
-4.292374
7.613084
-5.172269
8.604350
9.539444
-1.288752
2.983602
-6.190806
-8.513384
-1.15445
-1.404540
4.962757
-2.837102
7.354943
8.787894
-7.288555
-8.333180
5.544246
4.584244
-2.904597
3.498100
6.585724
8.810548
-9.769896
2.247946
0.614835
1.489335
5.519171
-7.317905
5.949159
8.307112
2.200491
-4.242379
-1.637750
-1.990954
8.841436
-0.994300
-2.916795
-2.348784
8.287299
1.780489
4.200191
-3.58218
-3.675319
-1.439143
5.621231
-5.542843
-2.504455
-8.599369
1.895477
4.330080
0.368574
-6.145739
4.472125
1.117626
-3.362894
-4.790059
4.921161
-2.275371
5.654242
-8.39639
-2.705969
7.886427
1.307041
6.121913
4.838348
5.297784
9.494521
-8.861705
-8.748120
7.473770
6.302792
1.468082
-7.995153
9.108381
-9.214205
-3.482912
8.424641
-4.60199
3.21659
6.204498
7.422444
-0.593127
1.345934
-4.669343
-1.713684
9.809147
-4.294847
-9.575593
-0.926756
-3.35283
-6.940812
4.865664
-4.179916
9.223312
-7.601413
0.701625
5.821731
3.939900
0.950542
8.85425
-6.851024
-8.550130
7.650827
3.664618
2.699886
-5.487186
-8.25784
-1.223967
-5.174640
7.899460
-7.602927
6.223835
2.871665
4.375998
0.922530
-0.741297
-6.125096
4.917829
4.146034
6.285523
4.371580
-8.861369
-3.620553
6.312698
8.710170
6.898032
-3.94261
-5.604235
-7.916911
7.950127
-0.822014
-1.867242
-8.668647
2.877056
4.640734
6.692273
-8.518858
-7.146273
4.831191
-8.748250
6.796912
-7.580104
8.354364
1.475007
-4.834381
0.871370
-8.810918
-7.810825
-3.788921
0.407592
-6.436008
-7.794807
2.829006
4.675509
-3.647016
8.453696
6.26286
-2.426343
-3.807158
-8.569290
5.662866
4.942605
-0.759397
-0.814594
-9.468899
9.879399
-0.222015
-0.48309
6.504554
6.938294
7.97779
-9.296274
-9.630234
-6.970376
3.275355
8.895904
-7.219746
-6.541447
-8.704535
0.497933
-2.329233
3.634442
9.241073
6.978132
-8.521127
0.517076
-0.936025
-8.804262
-6.580832
2.556543
-2.817035
-2.541528
8.188979
-0.518786
6.378246
-1.719906
-1.939518
7.259097
-2.759655
-4.945747
0.788371
-9.352604
-3.967422
-2.295765
-3.275303
3.697745
-0.975346
-4.327853
-0.813065
0.168221
4.858552
3.245993
-2.448636
1.740258
-0.615343
3.78667
-5.163657
5.839043
-2.876383
6.405565
-7.950429
-1.844362
0.661597
5.74760
3.118991
6.688886
3.988001
7.472206
5.400598
-9.49184
5.880063
5.681607
-9.806419
-1.738274
-1.289289
7.218415
-0.739750
-0.312288
-5.780233
-3.473002
9.75170
-4.928935
3.312996
-2.159637
-1.241821
1.658538
-9.4809
-9.960641
-6.365079
1.94504
-4.554483
-1.728149
7.943513
2.894875
-3.173348
3.865219
1.692078
9.641928
5.703326
8.244167
-3.379043
1.955315
6.203644
-7.897747
6.808600
8.225494
9.399547
2.37806
5.485263
-9.522151
-8.137824
0.440157
-3.841733
2.171901
7.106649
9.371448
-1.657539
-6.969731
9.785019
-8.952128
-8.598268
-0.761570
0.170184
-5.316678
7.579575
-2.132224
-2.872548
-0.8976
5.667086
2.582906
3.605
9.299225
3.983137
-2.223283
4.433760
3.455874
-3.998767
-1.978337
5.465094
6.395246
-8.356352
0.453531
-0.159646
-9.316430
3.95784
5.604358
-4.246303
-2.646454
-7.839952
-8.62758
-8.816058
2.181768
4.437811
-3.754370
5.964475
-9.647703
-8.452629
-4.251801
9.86901
-9.108661
-7.899989
-9.494194
-0.674148
-0.455693
-1.545760
6.378109
-1.924968
-1.701454
5.169554
2.827065
7.69234
-4.252413
0.346485
7.994746
-8.546329
-5.580667
4.218470
3.706041
-5.206186
-0.558858
4.343167
0.375172
-2.869344
2.230792
7.279292
4.946617
9.396822
5.598887
4.804614
9.100904
1.112770
5.223851
6.961043
-1.514848
5.340957
-9.985132
9.341833
-2.336028
7.185525
-9.543524
-0.269796
-2.433573
-6.287270
6.693723
9.164030
6.728169
-8.999511
-7.196525
-0.25252
2.208232
7.820674
-5.722098
4.287676
9.386752
-1.282823
5.738829
1.217740
2.116377
4.549979
-0.323161
3.569531
2.885506
7.11291
3.424280
5.155673
-7.62781
-0.130734
-7.217719
-8.659763
-4.675095
4.290889
0.293291
6.148580
6.627674
-1.456999
1.316938
2.935660
-2.312677
-0.677218
0.54534
-2.169211
-6.358273
9.343820
5.413526
-1.986849
-3.346612
7.231645
-8.376039
6.896171
9.342022
-0.69456
9.648004
-0.479526
-2.575311
9.392345
-6.86300
-2.719957
-9.973108
6.514414
-0.552696
-1.763048
-3.920007
9.833218
6.651260
0.518159
-6.407267
-6.119170
-3.622231
-9.712777
6.100730
-8.324271
-7.68965
-1.209436
1.573152
-5.89993
-5.779511
-4.988319
-2.464414
-8.67483
-0.726401
-1.783191
-9.307309
5.463110
9.246474
-5.232711
3.814166
8.593492
5.774294
-3.362384
9.872177
-7.856368
-7.110709
-1.522505
-4.957676
-1.67484
-1.370087
-6.305457
-0.476412
0.537887
-3.169957
-9.22406
-7.386803
-6.364817
8.165883
-3.363154
4.79327
1.93913
-0.427935
6.29455
7.998660
4.545599
-2.486169
7.127677
9.933235
9.182021
-2.106745
-3.554278
4.85408
-8.23487
0.698194
-1.14410
1.312152
-4.702129
4.739550
-7.865740
6.664534
-4.506019
-7.695653
-5.258904
0.217306
5.257170
9.400901
-7.551655
-0.590601
-0.650918
-2.644816
0.135270
9.248897
-6.413632
2.175282
2.532507
4.547258
9.705705
6.651877
5.802658
4.372772
-9.468964
-1.645513
-9.20531
3.101153
6.618277
8.586314
2.317415
-4.30063
-6.980160
-9.33446
7.854455
-6.949207
5.46058
5.403914
0.240080
-5.328078
9.585162
9.562987
-8.368505
-9.652634
0.576543
-9.275502
-2.998407
-7.191594
9.30346
8.563522
-4.854731
-7.126032
-3.29302
0.883551
6.577903
-7.581323
-7.55675
-5.537844
0.128983
-6.963722
1.661078
-1.22115
-9.593248
3.870991
5.888789
-0.984746
8.140773
-6.402928
9.207830
-9.279207
-2.461488
-7.372541
7.59001
-9.922076
-2.614401
-1.745223
1.73693
-1.114570
-3.575799
-0.4080
0.446583
9.790742
-6.646239
-1.558728
-9.928113
4.815944
7.319898
-5.495649
-1.397394
-8.637764
2.213186
9.784738
-7.374534
-8.608527
-5.841356
5.478162
-0.503691
-7.58716
-6.62517
-7.239278
-0.835500
-6.378081
-4.206858
2.413536
3.436543
-6.373928
6.3619
6.399308
-5.675567
-0.924546
-2.150326
-2.315842
-0.211836
4.901
-5.241764
4.895242
5.260929
9.691425
9.198733
-6.180245
-4.790079
2.241421
-3.835361
3.979137
4.248572
-6.517726
8.781113
2.26072
-6.827671
5.764780
2.560324
-5.82508
2.193061
-3.131547
8.311501
-8.685819
-1.628429
5.142951
-5.177749
-9.859334
-9.661308
1.217645
4.844187
2.269123
6.493353
-5.274993
-2.992935
2.940810
-7.326397
-6.832077
4.670798
9.116289
1.442675
-5.485318
8.739706
-6.938061
1.147165
-8.115428
6.417977
-5.882485
-9.757380
-6.152041
-6.116272
5.359488
0.45938
-9.487125
0.885218
-8.352296
-1.64014
-9.681770
6.97601
-1.972817
-8.41415
-1.147583
-5.76795
-4.322404
9.675757
9.129787
7.141658
-6.37767
-9.682895
4.231489
0.799837
-1.863320
9.907256
-6.187702
2.159073
-5.452182
-8.215161
-3.865988
-3.287147
4.268724
4.446406
2.936467
3.614747
-1.43535
4.226310
-5.531937
4.829065
2.181708
9.304341
3.810917
-5.157902
8.419414
9.743038
1.238271
-5.711167
-4.837483
-6.779709
0.646801
3.25582
6.82596
3.565683
-7.274681
-2.589262
-4.416683
3.977350
3.913985
-9.711473
-1.68625
-3.851429
8.896087
-1.438621
6.958140
6.391112
-7.868636
0.466951
1.379664
-6.655064
3.638567
-2.995530
3.579350
-2.168242
-6.436458
9.319766
6.77556
9.431746
1.126209
-1.998428
-5.828111
5.778413
5.391268
3.749272
-4.934460
-5.705161
-0.650638
1.220277
6.391430
7.594434
2.540761
6.782686
-2.720694
-8.734519
7.779136
6.296331
-5.226274
-1.921247
-3.848203
-6.935862
0.806584
5.647992
3.939264
-4.776103
-0.326750
-4.60368
-1.813075
9.146076
4.7469
-3.556168
-5.274248
0.506173
-3.546708
1.303475
-0.525745
-7.147979
-5.908042
8.940221
8.497497
3.971301
1.472418
8.541610
-5.961563
-0.485676
7.848468
-7.829075
-8.240181
-2.824411
4.470309
8.58782
0.42046
-2.226684
-9.777041
5.632381
7.85160
3.462128
-9.856356
0.80920
3.281896
3.466755
-4.224367
5.828982
-6.303123
-0.193500
3.803588
5.659131
4.940812
-6.40323
9.930588
-3.76401
-9.481767
4.102752
-2.513670
4.643380
7.10264
0.979141
-4.379087
5.966635
7.566196
7.648079
4.303770
8.58964
-9.656697
-1.906713
-5.408690
0.764140
5.467896
5.859962
-0.537609
3.815438
7.643852
-0.279922
5.552631
-2.765102
0.143540
3.975180
-8.951857
1.14385
-0.203085
-4.964899
-0.892578
-6.951539
8.277236
0.866989
-2.396881
-9.360824
-6.770664
-9.489136
7.999226
-5.383482
2.773632
0.506150
-1.640001
-6.831881
-5.988503
4.551262
5.284298
-3.171860
-9.557557
8.528054
-0.866086
0.731857
2.921640
0.988068
9.696243
9.706057
5.509042
-4.573408
-1.397187
6.699817
-4.446197
-6.561609
8.997593
-4.515033
-8.529974
-0.406593
-5.54771
0.212467
-7.368819
-1.72107
9.189463
6.494519
0.526130
-9.924296
4.4546
-2.271737
0.793482
3.886784
3.207151
1.828492
7.795213
1.973402
-6.94914
-2.597743
6.469957
5.924152
-7.666384
2.722049
-2.148203
-6.374736
7.585113
-3.741884
9.923010
7.126085
-1.382493
-2.705858
9.19125
-1.893417
-8.541202
7.331298
-9.368517
7.325970
-7.730882
4.593029
-2.353061
1.15523
3.852152
-1.689135
-8.896904
1.715313
1.456502
-5.464742
6.680729
9.232083
7.716547
-0.120431
-2.367886
2.125297
-9.147417
2.66098
-3.288780
3.916927
3.176073
-8.21932
-2.96941
-7.267242
-5.271396
-9.612178
7.215709
1.623191
0.198626
4.794179
7.768525
-2.336193
-3.122917
3.449054
-4.362831
9.716400
5.715250
8.256283
-2.571166
6.116400
0.356727
7.5582
-6.295047
7.941670
-4.582234
6.584625
8.590492
1.230900
-8.604653
-4.516881
-9.368161
9.850918
-4.503437
-6.906306
-6.843121
7.101629
-2.294009
-8.635970
7.299761
4.484007
-1.466536
-5.532225
-6.533619
-1.109987
-9.710383
-2.730342
-1.886264
-1.409752
-2.73441
8.932145
-6.618616
7.5934
8.99680
7.711253
-4.782324
4.895127
-1.150638
9.139349
-9.92162
-1.646432
1.286338
8.929097
-9.909276
-2.763015
3.396621
-8.653215
6.150778
1.666967
9.386808
-0.577359
4.271683
9.903611
-6.38072
-5.692334
0.525440
7.215068
-3.40616
-7.888350
-2.168021
0.953071
-0.691997
-2.3417
0.409615
8.10273
1.516643
5.227402
4.521325
-3.581754
-9.31686
6.479636
2.88388
3.144281
5.92763
-1.359464
2.191045
-5.16833
-6.457337
8.212393
-7.432614
-2.504810
5.522692
0.274295
-2.179582
2.760274
-2.741408
0.132074
-7.180042
2.925930
-2.774440
9.893592
5.752809
-9.560442
8.803554
-0.924466
7.933451
1.863503
-8.909320
4.141284
6.624797
-0.907896
-6.502923
5.465562
2.5502
-1.182803
-6.389632
1.817035
1.481845
5.357751
-9.173499
-6.328999
-6.878118
-8.310843
2.450527
-1.444048
8.600736
-8.145648
1.727209
-6.558166
6.531745
3.971443
9.770852
8.682780
-1.300375
7.394486
-0.438636
5.366276
7.524557
4.371855
-7.16752
-9.600395
-2.63386
4.875944
-1.52688
5.82767
-0.665338
-4.706383
5.539291
0.162257
-8.449386
-6.57825
-6.865630
1.718214
7.959125
-0.555242
-9.950615
-4.745979
-7.119686
9.315298
7.858277
-6.345775
-3.200181
-7.257755
7.168572
-7.265713
4.460014
-0.673761
-1.273228
-3.332030
6.189317
4.378193
-2.15407
7.680696
-9.250005
9.776022
-0.857866
8.677228
7.424139
5.670594
1.578851
6.114647
-6.335809
0.107967
9.182038
-3.517147
-1.184890
-6.135880
-0.632450
-7.794285
1.969388
5.499684
2.763652
8.445123
-0.834554
-7.100519
-8.25083
-5.68259
-1.420162
9.354019
-1.718212
-4.702059
4.167401
6.678701
-5.883951
4.549508
-3.967746
-3.512884
4.829445
5.374274
3.334317
-9.255721
-3.285838
8.244124
9.271252
5.549258
1.111643
9.143297
-1.296451
3.719909
8.691602
-6.213624
5.785657
-5.687707
-9.364897
5.684484
-9.714285
3.512087
0.146148
4.552984
4.86612
-4.497950
6.972705
7.710983
-5.875132
-5.865457
6.747818
0.489962
-3.121124
-7.954398
3.913114
1.815239
5.949197
6.84474
-7.497900
-7.977077
-0.554913
-0.375755
-9.66548
6.956448
0.765363
-4.668544
-0.428671
-2.315049
7.15387
7.443636
4.735226
-9.153498
9.210539
2.52498
-4.232358
2.836732
-1.396274
-9.850987
1.944556
-6.552115
0.22769
5.137041
8.868540
-0.854742
1.566398
4.916622
-4.237005
-4.476744
-5.753018
-5.563726
1.885946
6.790943
-2.654474
-7.26734
0.413227
1.30261
8.611788
7.37422
-8.171269
-5.28716
9.53399
3.980546
-0.996358
7.311375
-9.494447
1.261580
-5.965858
-7.519907
-4.774715
0.707542
-5.870504
-7.770017
-3.575828
-5.672827
1.915758
-7.871019
-4.487937
-9.487164
-0.861798
0.397561
-8.141826
7.13243
3.319109
-0.197544
-3.191636
-4.230963
-4.862139
-3.664248
-0.740120
5.228320
2.706620
-5.712067
5.257912
6.340513
-4.787596
2.609960
-0.69186
-5.131132
-5.799352
-7.397619
-0.117123
9.828368
-3.334076
9.693722
-7.612838
3.490830
4.715071
2.289848
0.185975
-0.781602
-0.990642
0.471273
9.236739
1.606148
6.293397
9.490122
3.427286
-5.967028
-9.806300
7.168870
-7.315762
1.920892
5.729031
-5.998093
-9.584941
3.760821
9.652044
7.360501
5.500972
8.389161
4.422689
-5.751382
-1.687257
6.597094
-3.174615
-7.549010
-1.211109
-3.908688
-5.931595
7.949454
1.776570
7.887235
7.785426
0.224234
-7.809807
7.868246
8.340617
3.203262
1.423209
1.290406
-2.522779
-5.919738
9.402175
3.248178
-0.423135
-5.544692
9.373670
5.78465
-2.19578
-4.181629
-0.986483
-8.856830
-2.544052
5.735405
4.60687
-2.178162
7.153192
2.229589
-1.799691
-9.311445
-6.230657
3.817546
-0.992050
-4.539597
7.684421
4.785386
8.194385
-1.252037
-2.710660
-0.960760
-0.325446
5.843851
0.435713
8.19560
2.327217
4.814523
9.26171
-7.368535
-7.920079
-7.184029
-4.891071
-0.511336
-3.934359
6.187839
8.7181
2.969426
-4.769087
-2.559356
9.569824
6.116533
6.994577
-2.983669
1.868652
4.674280
9.423799
-1.834333
7.174918
8.672642
-4.579543
7.89929
-3.197265
-1.743349
-8.55681
-3.602677
8.887547
4.753858
8.532487
1.249605
-2.790099
-6.74048
4.801834
-0.348175
-7.773465
-6.979359
-8.670047
-1.369063
6.45833
0.469444
-9.748308
-8.903194
-1.599691
0.316023
8.35860
-9.660558
-7.864399
3.71180
-9.115236
2.204189
-1.494328
2.81548
1.572132
6.646992
-6.82182
-4.933383
-1.803272
-5.579397
-4.15616
-4.160769
-0.780812
-7.149494
-8.373567
-2.254865
9.625212
-6.807128
-3.747270
0.148387
-9.863192
-6.937516
-3.873509
9.903126
-6.962266
-5.650620
8.767859
-3.866195
1.638890
4.433992
4.322681
0.969250
8.545183
0.93864
-6.696843
-4.409898
-6.429079
-1.803862
-7.500336
-1.805420
5.814864
0.60636
4.703506
-7.524286
8.705175
-5.619739
-4.39197
-4.72409
9.559206
-7.246860
-7.283757
0.533089
6.932374
-2.871471
-7.769860
5.106157
2.530984
-9.812198
-9.848700
-7.279379
-5.21876
-1.947928
-2.510434
1.770929
6.339628
9.397024
1.869366
-0.218437
-9.731749
-8.909636
9.590224
7.588375
4.481079
-6.455490
-9.68599
-4.509228
6.913469
3.320519
-0.319140
-5.984890
-1.564629
-5.858466
-7.399491
-6.636429
-6.408048
-5.33264
-7.101882
-8.628535
6.974477
5.439352
0.851595
-0.233082
9.15390
-5.258008
-4.215515
-4.260242
4.756509
3.122739
6.61017
-9.303092
4.791305
-1.599527
5.832486
3.971261
9.504048
-6.499444
8.466679
2.351924
3.475700
2.189851
6.962916
-7.908579
-0.368956
4.259890
-8.217809
9.683465
-2.690123
-6.856017
0.293331
-2.9245
-8.926761
-9.446530
-7.768931
1.425705
6.707565
2.313674
2.20626
-1.617634
-6.194735
-2.845649
2.357117
-9.553148
-6.565
-0.48206
3.183684
-0.394696
2.697038
9.557389
-4.844026
2.549000
6.862164
1.746434
8.143092
-7.388392
-2.774928
-3.520508
-9.824950
2.894729
-9.102216
5.224388
-8.786844
2.232697
-4.8478
-3.883117
8.282319
7.946354
5.672544
2.514218
-8.572659
4.558954
0.835104
-3.758226
0.914172
2.787155
-6.941733
0.77942
-4.74128
8.143680
-3.360340
-5.568134
7.348766
-3.48050
-7.445122
-1.166724
-2.633952
3.105382
0.650578
3.61786
2.266440
2.883107
-6.619824
-6.296139
-2.628399
-2.625080
-7.685653
-9.608788
1.824488
6.38001
-0.763545
5.573779
-5.511305
-2.960283
9.646235
1.32389
-7.389548
7.175797
0.985430
-4.892576
4.557267
-4.856194
-5.841139
-0.893574
-4.545195
-0.241126
8.180795
1.481803
-2.282235
3.716319
5.362193
-4.2649
2.37146
7.569156
-7.927523
2.224293
6.633603
-0.324754
1.939238
-2.785191
2.933318
-1.147164
-6.508
1.521007
1.668944
7.606906
-0.883634
0.372324
-3.765125
-3.47467
-3.144632
-9.613885
6.311422
9.111085
-9.390096
4.726356
2.328286
-5.925738
-4.967811
-1.769444
-1.46958
-1.195249
-3.700615
-5.116554
4.528576
9.347850
-0.831375
5.612752
6.16737
4.15270
0.393544
9.601227
-4.752781
-1.397768
5.540845
-6.850954
-2.451355
-7.742032
-9.578959
-5.759963
7.848865
-7.473945
8.765439
-4.551123
-6.425728
5.812056
6.403759
-2.561826
2.728347
0.354782
-0.243279
8.957148
1.175286
8.631012
-3.440881
-5.617116
9.56624
1.558076
5.766928
-0.216270
0.921372
4.792130
7.429772
0.103430
5.727225
-3.842002
8.266011
-1.999664
-5.268641
-4.168253
-9.458464
-4.504490
8.780278
0.567618
-6.933985
4.305109
9.525749
-9.483312
6.255977
-4.88443
3.335493
-4.756757
-5.825737
9.201367
6.63716
-9.337312
5.155623
-3.575274
8.154341
6.208807
-7.922240
3.732364
-1.431310
-7.965201
-1.437467
0.608038
-3.802564
4.319759
-8.642937
-2.589795
-9.295883
-1.252368
-2.447389
-3.693928
-2.526899
-8.912991
-7.673666
-9.818321
7.346619
9.547243
-8.475932
9.17235
5.927910
3.33693
4.52305
5.563814
-4.421883
9.265784
5.670791
-9.340302
-1.450420
5.472442
8.106027
3.331543
-5.114189
9.891434
-5.304020
8.154511
-3.762667
8.804128
9.352339
-2.219535
-4.658083
-5.664428
3.383443
6.407435
-8.616690
0.717580
9.12074
1.879494
-5.867085
-2.450779
1.164164
-0.451501
-3.346484
6.934122
-6.778230
6.817043
9.316344
-0.946925
9.565440
-7.138663
-3.655386
1.705286
0.652610
-3.127898
2.506234
2.124342
-3.620382
1.273372
-4.403793
3.847632
-3.824425
5.24959
-8.597309
7.441272
-8.480635
2.848439
-9.745914
2.701486
0.627352
-1.874247
-6.892950
-0.847625
-9.706125
-1.814934
0.108175
-6.364077
-4.432389
4.629453
-8.902196
7.332409
6.575107
3.285678
-9.685759
5.427960
7.156533
-4.861359
-0.699485
-3.258589
4.361099
-8.894456
-9.222644
0.653738
9.245399
6.562234
9.110923
-5.339397
-0.128800
7.225045
9.329620
5.586228
-2.869117
6.587589
9.589271
0.580287
-4.408276
9.181413
7.263775
8.87752
-0.831853
-3.849218
-2.21312
-8.890539
-1.258928
-4.812238
-4.494783
7.463094
-9.578532
2.540580
-0.640533
0.723136
8.715551
5.840421
1.235132
1.177789
7.230625
0.988212
9.339003
2.379095
-0.366237
1.630049
-4.240407
8.615484
1.826518
-4.462779
6.620906
-2.225528
3.458058
-6.582270
4.718622
4.182615
3.339820
5.211548
-8.204692
-4.61826
0.111542
2.364975
5.801570
4.967157
1.467723
-5.911097
8.53121
1.642048
1.485597
6.335251
3.401503
-8.882275
1.798483
3.489129
7.849662
3.729967
5.792798
-9.278561
0.802742
4.708211
5.457746
-1.672254
-3.93615
6.696240
-8.546047
3.878011
6.391098
3.425130
-7.158950
-8.346306
2.532674
-2.345947
9.667452
9.782409
0.207029
-2.892685
6.750473
9.349866
4.332914
4.701564
4.791069
-3.2931
7.252130
-7.853501
-8.779821
-8.397106
-1.951674
-4.236323
-6.45968
1.699702
-3.905736
-1.154521
-4.601959
2.374368
0.135286
-0.979816
5.785969
-5.944844
2.881570
-4.304153
3.526197
-9.113078
8.410745
1.86649
3.439551
-1.192834
-2.239181
-0.329067
1.845061
2.120077
-3.855681
4.359292
7.633843
-1.447814
4.171060
5.583401
-4.598295
-1.167417
-4.10738
-7.723282
-6.455695
-1.179122
5.531731
-6.631835
6.853801
-8.849268
-5.598052
4.402476
0.691030
9.377990
8.767508
9.869429
-3.313185
-2.542223
6.610490
-3.990240
-2.357955
-6.985522
-9.169302
-1.303414
-8.507934
-2.638543
-8.87239
-7.487863
-2.288231
-9.175755
-5.250187
-5.109823
1.438432
9.763106
-0.807126
8.26188
8.115766
-3.640295
2.198907
0.194459
-1.959866
-9.609533
9.545936
-3.976457
4.279087
-8.254038
-8.254386
-9.626022
4.878464
0.654906
1.429237
-9.108468
0.161769
-7.274795
-3.750959
-2.130899
-2.53160
9.121331
-0.306925
3.414525
-4.619886
-4.173195
6.700627
-7.156967
5.305320
0.952812
8.158336
2.521306
-8.198368
0.388431
-8.802306
-4.432562
1.372380
7.167697
-0.311322
-2.598695
5.283853
-1.137535
-6.302115
8.656057
-8.337915
5.809632
-9.663323
-0.93462
-9.374844
9.742076
-2.875113
2.310764
-9.170360
5.793531
-3.594801
-8.677706
-6.248145
4.523098
-1.143179
1.413708
-8.803851
8.988295
-5.488346
7.986022
8.902457
7.523605
7.798381
1.615517
-0.626359
-4.658580
-3.827229
8.416157
-8.79253
0.634982
-5.739403
-9.730430
4.934047
5.529930
3.611541
3.586427
-1.163960
-4.768311
2.677539
-6.611061
5.846056
-2.493677
-3.231632
-0.824417
-4.311482
-7.319655
-2.295348
-9.42412
5.581846
6.369293
1.939830
8.679562
-8.628448
4.101220
-3.197044
4.574983
-1.893617
-2.496528
4.799873
-5.431961
9.511423
1.294013
-8.510161
-2.610268
-0.607911
3.147335
-2.814968
9.291122
2.827756
-0.618761
3.307902
-8.224883
-8.379734
5.4086
5.438708
0.478732
7.476516
3.211057
7.241119
7.148550
1.335345
-7.224984
9.529732
-4.394389
-7.920176
-1.304137
-4.637606
-6.297849
3.814098
4.986228
-0.246199
9.621786
-2.439707
2.693771
9.510598
-6.14451
-7.352666
4.372914
8.849967
1.611581
9.309222
0.250791
-9.177525
-0.985510
2.678831
3.696197
9.65396
3.230240
6.918138
0.886561
-1.800412
-2.478684
3.662713
1.914935
1.629740
2.727303
6.511763
-6.137076
-2.417445
-6.650615
2.339166
3.245650
-8.508205
9.50187
-1.81718
-3.146102
5.257790
-4.769448
-2.53991
1.477737
-3.168621
-5.435865
-4.562963
9.243794
9.947516
9.869311
-2.221728
-1.553812
8.612155
-0.831246
-9.130351
-4.277178
4.750413
-8.761824
0.193643
1.191962
9.484084
5.614477
-1.203865
9.186045
-4.727984
-2.685201
-8.303345
7.606975
-2.129926
4.986619
-8.323158
1.913685
-7.11297
-9.702688
0.949244
-1.919586
-1.598636
-6.516653
5.466488
-9.879304
5.140764
-6.472598
-6.428617
-1.620976
4.429978
-2.953270
-2.500733
8.306430
-2.648535
-3.237045
4.780272
-6.245950
-3.248556
9.24660
5.243954
5.667128
1.463031
-6.967711
-7.788145
5.54259
0.785375
7.788301
4.9426
8.460047
0.842852
-3.623437
-6.237741
3.768047
-1.763714
5.207582
8.462602
-2.185891
8.333695
2.367335
-5.907787
6.385031
-7.785039
0.575842
6.96574
-9.512121
-2.59530
2.35424
5.169402
-5.742724
-3.780051
-5.41689
-6.194767
-9.735019
1.113805
-7.151974
-8.420138
-8.703672
2.790878
-0.207533
8.930038
-3.801245
-3.960944
-0.130523
-2.627086
0.181643
-0.34481
-1.648202
7.208696
-4.533306
-0.54776
8.164541
9.763984
-5.638145
4.395569
-6.132832
6.362054
-7.142765
-9.26742
0.699739
5.904479
1.453719
4.389148
-9.421885
9.286949
7.614497
-8.72856
3.82163
-2.862444
7.688225
-9.799742
9.127035
2.471349
8.793628
-3.257099
8.972496
-6.637815
-7.320240
5.151623
-7.857010
9.486061
-0.93552
4.844025
7.17815
8.253069
8.461707
7.292913
-3.108742
-6.51959
1.149307
4.133228
-1.875498
-3.895244
5.548912
-0.291090
-4.925080
-4.549027
4.268492
2.165638
-5.619262
8.801236
3.60359
1.490962
-5.597100
3.172400
2.990314
8.539690
2.458344
8.582868
3.548533
-0.728702
2.125787
5.316990
-4.146336
-5.631639
8.58674
-1.372794
-1.383266
6.231536
2.936860
-7.197600
3.146984
-7.660511
6.149777
-5.647342
-8.993352
5.596535
-5.489567
1.489995
3.247107
1.896517
-3.239460
5.368999
5.259746
3.541503
-0.386672
-4.818269
-4.859634
0.518167
-3.344033
-6.402116
-3.421120
-5.75887
-0.650704
2.291907
-7.663839
7.825175
2.148709
-6.534060
7.212763
-6.638032
4.523817
-4.500752
-2.778404
-7.473847
-6.267126
-9.151595
0.723789
9.989627
5.439105
-5.352033
9.624930
-7.497254
2.854358
-1.955988
-9.827294
-6.404006
9.955336
4.406327
8.242442
-8.324067
0.53318
0.367667
-4.826649
-2.113672
-2.4291
8.678698
-1.478419
-2.35813
5.401292
-0.303970
-3.898233
-4.675193
4.168307
-2.672331
-8.177465
0.434483
9.627685
5.480859
-1.983634
9.91467
6.156390
-4.319687
-8.78611
-3.803873
-2.451461
-3.881373
4.464912
-5.706470
-3.496021
3.108712
5.868610
1.829035
1.357653
9.313818
-0.294850
6.821394
8.88498
-5.90935
-4.864518
9.843243
-1.814729
-5.709912
7.687633
-1.432552
9.649704
-1.483851
5.918531
4.548727
-4.404353
-8.469044
3.834267
1.172764
2.804223
-0.807255
4.18436
-1.889227
-3.817355
6.267731
-5.463177
4.899715
-8.718761
-0.272572
5.906537
-4.978307
8.318054
4.220627
-5.23772
-5.815989
-5.720916
9.86720
0.305700
7.643530
-9.359178
7.623924
9.870322
-0.264428
-0.290093
-7.382201
-3.89478
8.816277
-9.580699
-3.184307
-0.832568
-5.813355
8.966627
-7.310819
-3.251511
2.606058
1.158543
5.372143
2.630223
-0.200598
-9.839490
-7.453436
2.53446
0.441224
6.353747
7.814789
0.156691
-2.100368
2.732540
-2.875261
-0.688412
-7.531171
2.27464
5.563964
8.921452
3.873669
7.835521
5.380134
5.840136
-2.312580
-8.465421
4.647578
8.705112
-0.88298
-5.624306
-7.80999
-0.580788
5.765864
9.524721
4.487584
2.371402
4.532018
-0.422868
-9.97398
-5.996833
2.991272
-1.379153
4.833518
-8.971087
-3.40754
-7.401426
-3.290573
-8.239365
-8.758914
-3.962241
9.254446
4.509197
-7.594721
-7.891152
8.238625
-3.466074
-2.38920
1.604740
-8.868648
3.435294
6.928983
0.947067
8.586686
5.613705
-1.552845
-9.375338
-7.1642
1.963775
9.168253
2.745179
-9.691385
-1.514497
-1.77316
-7.729711
4.959122
-9.806303
-1.189032
2.397883
-4.704925
7.836367
-3.303508
3.328090
3.935661
-0.270000
-3.189555
3.965654
-3.97077
6.590040
-7.565634
1.408861
8.555015
-0.449430
2.39173
0.943636
-1.260171
6.541624
-4.196037
7.741406
5.625153
8.48236
0.755834
1.472036
2.711341
-7.34711
2.720915
-2.212721
0.349138
4.319197
-0.37134
1.207874
-5.667784
8.753078
1.759140
7.170689
-4.225021
9.144395
-3.894466
-4.88662
1.800673
-5.628836
3.982013
-9.931571
-1.443292
5.72701
4.763435
6.292017
3.200070
-1.716336
5.65869
-6.390174
0.737487
1.412698
-2.855139
-4.808856
5.308560
-9.591518
1.386804
-9.43555
2.913672
7.34290
1.613283
5.318434
3.935527
2.740053
-3.869998
0.99439
5.56421
1.668112
4.506824
-7.405934
-3.477925
-7.221162
-0.50865
-3.926678
-5.921301
-7.314523
-9.398361
-6.372884
7.954428
-5.241567
2.591771
-3.775230
9.688290
-6.218796
-4.175603
2.350920
-0.885321
-0.132907
1.169937
-9.910082
-0.903986
-9.248580
-2.295001
8.495130
7.556314
7.897609
-2.585749
-9.709859
-1.938053
0.260802
-9.116744
-0.983805
-0.83147
-4.981988
4.607005
-9.912204
-6.212108
-4.905079
-0.364001
5.59653
-3.233604
1.477625
-9.83297
-0.738911
-2.695967
-8.130068
5.392134
-3.400190
2.254441
5.673878
-3.52233
6.809844
-7.711643
5.568984
-5.876996
0.708346
1.960643
-2.735988
-3.260592
5.956157
3.148893
-5.922839
2.294506
-8.863393
5.611488
-9.178500
-3.960281
3.201644
-3.324019
7.658705
9.814410
4.508387
-6.701909
2.27329
-5.190854
-5.921155
-0.831948
-1.864423
-1.386066
-4.684023
7.948524
2.199099
7.794647
1.930461
8.691877
-5.472242
3.496254
5.724557
2.893139
9.295295
-3.370832
7.784995
8.976974
2.724925
3.924945
8.188523
0.694158
-0.918485
5.63148
-7.968517
4.809651
-5.917310
8.283531
-8.126573
1.473767
2.32317
-4.723380
3.378902
0.863308
-7.595367
-8.742751
6.770336
8.909926
-7.923464
-4.290468
-6.670110
-1.567336
-6.478402
-7.611512
-8.892509
-7.616690
-8.671238
-2.841148
7.103396
8.215610
-5.619088
2.469649
-1.10507
-3.643797
2.949017
-9.378334
-8.290455
-6.602689
1.82217
2.404667
1.11102
2.482897
1.27078
3.538901
-6.398026
-3.167115
0.137975
-5.564592
-1.873243
-2.503745
6.746566
-7.304520
-0.228591
-2.513534
-1.287213
-9.442136
2.111347
-2.482434
0.880195
8.924378
4.863296
-4.283333
-1.203195
6.117037
-7.701360
4.388830
-8.74132
-0.564075
1.461347
-8.364517
-1.678253
1.413657
-2.569978
-5.690647
5.314564
-7.872461
-8.531451
6.945863
-9.163937
-9.58915
-9.683598
3.751849
-4.117244
-1.492021
8.906068
5.646598
2.155746
-5.61213
4.361784
-1.937655
8.713204
9.68079
7.285613
5.601707
9.617045
1.549340
-6.303774
-2.954479
4.581883
-1.680037
7.613457
-0.544046
-6.918165
6.789441
-7.364872
-9.475375
-9.993411
6.966783
9.374060
-7.830121
-9.942939
6.396111
-3.941487
-4.729015
-2.734364
7.863604
-4.796035
-5.171053
8.566223
6.859680
-1.505431
-3.700329
-4.512453
-3.260119
2.28684
-4.435191
2.578038
-2.244645
7.905845
-2.143521
-8.670414
8.67278
8.427214
-6.668389
-0.63892
9.11298
2.469630
3.948652
-7.447851
-4.308583
-5.393674
7.646062
9.978210
-6.847958
-3.467969
5.605310
-9.90883
3.753426
-3.763993
-0.205159
8.936604
-1.980111
-4.552363
4.649459
3.564224
6.808990
7.851651
-8.753895
4.793070
-4.358670
-7.626920
4.235532
-5.800838
-6.750054
8.751569
-1.869275
-5.147174
-1.22193
-6.992039
-5.988213
-6.835650
0.444376
6.944101
7.345740
-8.497250
-5.382954
4.91809
-2.747402
0.103160
7.439428
-7.477716
7.638276
-1.933925
3.917024
2.720682
1.458179
-7.422153
7.980608
-1.887438
-6.452065
-4.549512
7.323051
5.491862
-8.373136
1.749630
-6.340211
-6.46858
6.533098
-3.304771
-1.353917
-6.701453
2.183031
2.759378
-1.374596
2.407129
8.837875
-6.82493
-9.232792
8.552525
9.661206
5.514615
-8.590467
1.43391
8.807312
-1.799254
-4.772605
1.185543
-9.460222
4.93602
-1.973121
4.583548
-3.990749
-5.485070
-7.107430
5.198261
-4.539897
9.956199
-7.526728
-9.784582
6.34533
-0.146850
-9.822985
-7.762323
-8.724240
-9.116038
-7.344844
-1.732183
-9.393252
-0.560843
6.271130
-2.701670
-9.883432
5.406881
-3.315410
1.932681
-2.541598
-9.463822
-6.368543
4.715983
-6.148801
-3.607414
-1.708073
6.957881
4.841906
4.951228
-5.516810
-0.78551
0.592650
5.585834
-2.391742
2.528555
1.659476
4.640194
9.200328
-5.613175
-3.478420
2.173612
2.914582
-8.643640
7.888924
7.437916
-4.992288
-6.468174
1.239753
0.171491
-2.679716
-4.306028
9.546953
-5.254681
-6.661548
0.432707
-1.175573
-0.114571
2.207582
-5.812865
-4.397999
4.963443
7.136804
-3.478029
9.122008
1.427778
-8.472951
4.400651
-5.367426
-2.573603
-1.632357
-7.538461
-4.498231
3.393544
4.900746
4.392407
4.822797
-8.184204
-5.944801
-6.860695
-3.103377
-8.385266
-9.496040
4.15356
-0.165190
3.156146
7.904581
-3.618771
-2.413288
-7.495714
5.711619
2.942650
-3.668601
5.26277
-2.493707
-4.709252
-8.100690
-0.173675
5.812507
2.900964
-7.529001
-8.812623
-8.322997
9.558352
-7.428586
-8.318093
5.135631
5.220351
-6.756457
-7.205101
6.910628
3.492767
-4.369487
4.520478
-3.477448
-2.405586
-3.977391
8.613796
6.449924
3.899063
4.973279
6.900545
3.623509
0.327126
-9.37671
-6.248853
-7.702628
-9.499686
2.330054
7.489887
1.396501
-7.95249
1.398755
4.630015
-3.380086
-3.561202
8.524161
-7.371890
3.841093
-4.720930
-9.216503
-4.238440
6.312213
-8.290957
7.211503
-6.34946
3.199576
8.682785
-3.614721
-3.445307
1.73606
-0.505603
-0.641841
6.589479
-8.224699
7.36115
-0.337990
-4.316600
9.987984
9.198547
1.438178
6.619730
-4.838453
-5.493101
-5.730041
-7.413008
8.652260
-4.939255
-0.678586
4.194996
8.242117
0.552806
5.849150
-3.476067
1.208162
0.773291
5.206400
0.223416
-7.507126
-1.188603
2.713153
3.154383
-5.50600
4.527293
-4.690295
6.280655
8.850842
-2.222494
2.228564
8.857035
2.822807
-7.80410
7.765928
8.717812
-9.461869
-2.695435
8.380575
-5.653197
0.968909
-1.522649
8.509413
-7.687671
2.126580
-6.675290
4.809869
9.771183
-2.332524
-9.700291
-0.97901
-6.548832
-6.274392
6.955030
6.294184
6.309750
-8.561727
0.224056
0.126450
-6.603399
-1.393750
-7.242418
3.490086
-7.959562
-9.763960
4.152856
9.360415
5.364857
-7.861617
-3.747623
2.192424
2.197634
7.769549
-4.933936
3.378466
6.262422
-9.744743
-0.151650
9.254328
0.418003
-1.826616
4.94418
7.286595
7.193891
9.254984
-3.280410
4.579920
-0.231592
-3.459483
-6.390043
-2.659377
-4.661233
-1.638031
7.112560
-9.11679
-0.132052
2.142889
0.371899
-8.216645
-4.538743
5.569465
3.50291
-1.662504
-6.659301
-3.7323
-5.568683
7.638507
9.445187
7.173077
-6.560153
0.24419
-4.425194
1.856897
-1.606123
1.899469
0.959214
-5.582121
-0.864462
-4.37829
5.78057
-9.375189
-0.588603
2.412236
1.967767
-2.884108
-5.689290
4.31718
2.537928
-7.96172
-2.955799
-1.622848
-8.215840
-2.752362
-4.443976
-0.917278
-5.212295
-6.897711
0.612033
8.833153
-7.734147
-3.358818
-9.764289
-0.375753
-7.50107
-2.909828
-0.370735
6.392044
2.72226
-6.275745
4.73132
9.58798
-6.575227
1.760079
0.992886
6.274121
3.487891
-4.839839
9.361683
9.74999
-2.625015
4.934826
-3.143632
-5.467273
-8.174463
1.225531
-3.537755
3.839781
7.29322
8.718411
-5.772905
7.410600
-7.506665
-6.825391
4.258881
-1.857244
8.46660
-1.197863
-2.735603
7.215753
-4.430410
5.452708
3.374147
4.253604
7.367508
4.225099
-7.616850
-4.547003
3.339045
-7.387364
2.766959
4.619196
9.362549
-9.173355
2.486183
4.508199
5.464936
-4.410501
-7.184674
-6.849483
7.90635
0.230092
1.162101
1.909680
-6.814572
1.135658
5.730184
-4.161160
-5.593747
-2.312604
-8.533483
-2.686795
-5.708896
7.522989
6.866327
-9.106418
-1.501066
9.667120
9.184287
7.875262
-8.643760
5.773092
-4.398807
4.399806
-8.949445
4.17554
1.628685
-3.247774
6.801675
-9.475062
-7.150123
1.884788
9.425503
4.450719
0.386470
-5.530974
7.568947
-7.230573
9.677011
9.18362
8.567230
-2.406153
-8.189222
1.141686
5.819238
2.88206
-5.22303
-3.671653
-8.703374
8.785403
4.309354
-2.918986
-0.903744
1.178787
5.143923
8.748595
-5.526711
3.623306
-3.769804
6.284232
9.190709
-7.90301
-7.416853
0.79516
-2.45361
4.700859
-2.93336
5.791740
-2.26643
5.991409
-1.704400
-2.249199
-8.515607
9.209197
9.988009
2.703985
0.412627
-2.685295
-0.677289
4.91984
-1.231135
-9.404097
-8.46208
2.544859
2.78838
4.308420
7.498552
-6.175946
-6.447556
2.632243
-8.981534
-6.718844
-3.450824
8.77977
2.196169
7.367115
8.775322
-9.546831
-4.440677
9.548911
-9.830239
7.21765
-3.889041
8.431321
-3.857803
7.705552
-2.162203
1.640382
6.858088
0.976259
7.603231
1.970138
-8.513783
2.764022
3.298417
-4.679454
2.731906
2.987029
-6.588066
-6.531628
-8.933608
2.775539
-3.808969
5.484724
-8.364427
-8.676953
8.789417
-4.477142
-3.286958
-1.175894
-1.209215
1.217159
-2.221492
-7.627607
5.383177
3.346005
-3.737995
3.721351
-1.936455
-9.274098
6.710541
-0.849015
-8.176009
5.205308
-8.217286
-0.510359
6.280334
2.259117
7.950091
-5.941320
-7.797138
4.934801
-2.646199
-4.773006
-3.799946
1.91446
6.357165
-6.870167
-8.623946
-7.905461
9.406958
0.854004
0.947406
7.457712
-5.979825
9.445978
4.685824
-3.953711
-0.970989
9.706819
-1.951650
2.383320
-5.916252
-8.177399
-6.921127
-3.848368
-6.469483
-6.97508
1.958858
4.552680
-9.303941
-3.42485
-3.186761
-9.899319
0.469517
-9.697302
-4.674120
5.757136
8.816517
2.992562
9.707083
4.850688
-1.277381
0.967273
2.378075
-0.489614
0.264220
3.871366
-4.297466
-6.513510
8.742669
-2.936593
3.511306
-3.866708
4.696550
-4.438312
5.940362
9.704887
-7.796692
6.207338
-8.5859
-5.463491
8.655424
-5.768419
-7.701795
-3.925069
5.651897
-7.40046
-6.363005
-2.437291
-1.288171
-8.106376
9.258947
-9.23264
-8.366602
7.667035
0.446882
8.937659
-6.43437
-5.61682
-5.505903
4.635121
-6.902282
-2.818692
1.767410
5.961339
-1.838791
3.340130
-4.719298
9.740283
-8.643129
1.433693
-2.91820
-8.789284
0.810858
5.858335
6.856786
-2.974460
-7.767754
-1.116025
-8.456566
1.593899
-6.634401
-6.837019
9.257721
5.746758
-9.971165
7.410527
-5.518856
1.823237
-3.418057
-3.325571
-9.664547
-7.886325
-2.809597
-6.718124
-4.573245
1.213753
7.496128
0.656022
-0.433717
-6.472342
-3.721944
-9.790693
6.467875
6.113404
-5.36558
1.126829
-6.875029
-7.48911
-6.764501
-4.511069
-5.366162
3.480533
-7.174849
2.739535
-9.437703
-2.724164
-9.42151
-5.910518
-5.668856
2.735222
2.435187
7.949651
-4.681290
-9.439703
-9.943012
-8.280816
-7.150516
-6.80943
-7.211769
8.9413
-3.429867
-7.195075
-7.612081
-7.632410
5.918522
4.474270
2.942837
-0.231956
7.357833
3.117673
-9.22546
-6.954966
3.395465
2.518892
-2.97488
-8.568954
-9.173808
-8.437849
3.787946
-6.409309
5.37160
-2.106687
3.83892
-8.133714
4.212208
3.262386
1.565066
-1.303466
-4.42179
3.25678
-7.747023
-5.152435
-2.953341
-3.245469
-7.693935
3.700909
4.257012
-3.305083
-1.593430
-7.479885
5.598474
-4.939039
-3.5603
-3.160927
-8.956606
-4.490130
4.363156
-4.233141
0.537934
8.65481
4.774149
-4.668393
-9.403956
9.64731
-6.784432
-1.775266
-7.815972
-6.471616
-0.562016
6.645705
9.264711
6.133355
-4.436776
-6.128315
5.453442
5.138795
-4.885285
2.433571
-0.637793
-3.91381
7.274220
-2.817488
2.143872
-8.775329
0.389136
-2.941901
2.956458
-4.279610
2.660850
-9.638113
-2.793232
7.384004
-0.627878
7.412459
1.318829
-0.131422
6.658206
-7.682451
9.192123
6.781944
-6.97619
6.403858
-4.834018
-6.341227
-8.53801
-8.941533
-1.143219
-3.60496
-4.643287
8.13033
-6.810171
8.276217
-6.261363
-3.393129
-1.479549
-7.909759
8.142013
6.616416
-5.128930
-0.856759
1.954367
1.214987
1.538975
0.554211
-9.673152
-0.730981
-5.375472
8.748478
-0.48804
8.501276
0.371487
-4.789760
-8.643601
-4.283382
-2.83033
0.580003
9.232178
-3.182777
1.524999
1.869427
-3.261799
-3.512286
-3.897104
-8.193968
-4.828713
6.248183
-8.911194
-4.443407
-1.977590
1.642673
0.811768
5.439242
-1.289137
-8.867725
-9.761921
-3.644877
0.763928
-8.494544
-3.585205
-9.601067
5.559757
8.832762
9.726195
6.850953
-1.523122
-2.825735
-7.855148
-7.327186
5.457332
-4.770583
-8.136368
-8.332838
-5.872279
-6.651795
-5.898059
6.923431
5.525150
-2.581707
-4.569213
-1.981609
9.945217
4.788157
-3.949672
-0.235251
-1.512618
-4.543694
-6.489710
-5.114592
-2.912886
1.986149
5.935448
-8.836892
-8.555948
-9.302458
7.443729
3.19235
-3.854712
-4.321659
-3.747263
-4.588856
-7.617021
-6.484480
3.524070
5.608071
7.388278
8.279103
5.720329
2.720753
3.894788
-1.295295
1.903882
-9.698470
-3.434514
-6.610741
7.429698
1.436708
-1.659113
-5.102975
0.399239
-8.977142
4.306483
-2.355414
-1.960828
-1.195024
-3.876813
-6.449924
-5.966298
0.280645
-3.230978
-5.564558
1.870243
-0.281405
1.315228
-8.979431
-6.398437
-4.960523
-9.493850
-2.169691
0.774206
-9.169481
-2.167163
7.187485
-1.928918
-0.825976
-6.522104
-6.930648
1.4670
6.403282
-9.262164
9.464203
-8.19245
0.233775
-1.979558
-9.184718
0.593336
-0.565873
-3.584956
-7.100533
4.425952
-0.792191
7.763810
-9.727402
6.964374
3.306305
6.732627
5.641777
2.510630
-0.833038
1.811394
-7.703554
9.711703
7.486652
-2.732238
5.410083
-7.313459
-7.997174
2.908229
-3.18589
8.280592
6.440051
-8.477521
2.928598
9.543411
1.301516
-1.903985
-7.427802
-1.987896
7.652872
3.6910
-5.25018
-2.499389
3.193831
-8.352100
-3.971274
-0.841305
1.211172
-6.239005
0.435434
-5.633497
-2.677293
-1.786727
-3.640800
2.275220
3.905874
-1.459196
-5.248647
-3.304105
-9.501095
-8.407262
-8.786847
7.79900
7.763944
1.767576
5.150559
-5.214411
-0.379468
9.557181
6.768150
-6.181600
5.288089
-9.145338
-0.252738
4.804119
9.667934
9.848161
6.153401
1.343882
-3.142259
-0.983965
-2.535202
-3.473263
-3.68523
-8.510840
0.559081
3.119120
7.682859
1.982592
-8.322425
-5.236157
5.131052
-4.793955
-2.304768
7.943787
2.994939
2.92432
-6.483381
-0.547254
7.841232
-5.166169
8.187315
-5.709109
5.876891
9.943399
-4.229103
-1.401937
0.310063
8.139586
-8.201683
-3.187671
9.565161
-6.869357
-8.89872
2.811583
4.545330
-4.333841
7.328941
-0.729841
8.486429
-9.953834
0.368213
8.860619
8.741359
-9.315202
1.42286
8.433902
0.549779
-8.389650
-4.17120
-4.273421
6.324724
-0.874694
-1.632442
-9.507563
0.927104
-3.152872
7.586805
6.538965
4.148940
-1.651116
-4.716812
2.427543
-0.169016
8.547457
-1.858097
1.195322
-5.376621
8.247287
-4.537161
-9.249024
-0.336710
-3.168433
3.121163
5.452613
-2.477985
-4.272268
1.269365
4.502703
-3.910989
2.994991
-7.544481
7.884185
1.921500
-2.772517
1.944799
-1.398156
-1.285459
5.193513
-7.177637
-0.386769
-9.988379
-9.699278
4.947009
3.933294
5.689237
2.589288
-9.345121
3.333359
0.284936
7.769718
5.36729
5.422681
1.96005
8.210570
-1.186285
6.533839
7.525500
-7.430633
-1.268294
3.465823
5.501861
8.404536
-1.607089
4.998317
0.383441
6.190907
1.335225
8.101852
-4.200655
8.292919
-2.798116
-8.188275
-4.195376
-8.282782
-3.351083
-5.638571
-6.218182
0.951391
-8.687907
1.712668
8.795390
6.521860
-2.282055
-0.721035
-7.16668
5.904295
2.401404
-5.33494
2.747552
-6.328224
-0.241332
-2.505091
9.524035
-6.421607
4.196124
9.747379
-3.782632
4.153459
-5.961713
4.408049
-3.818091
3.473603
5.595564
-2.379351
-4.624097
7.680887
6.704642
-0.913546
-7.775342
1.494288
6.266702
6.920677
-9.461722
8.688244
4.321278
6.893846
0.310242
6.488222
3.461282
3.976973
5.879871
-0.411310
8.592731
-1.431819
7.382885
-1.642054
-3.956704
-6.142173
0.835566
-5.31302
9.137429
7.972039
-0.41439
-7.908491
-8.501600
-0.412161
5.353765
-7.31053
1.357573
-1.141371
4.844030
0.764958
9.824830
7.485370
8.918468
5.478108
-8.58136
6.485145
-6.731006
7.322409
8.203623
-0.803575
-3.17224
-6.953653
-9.44682
-5.705899
-3.63008
7.105416
-5.458944
-9.475512
-3.186420
0.761803
-7.657346
5.430842
-2.507134
0.871469
1.968714
-5.636282
7.421577
6.714878
5.141204
-8.544584
-7.239034
-1.16679
0.395593
-1.777894
-1.707097
2.208634
8.284003
9.664210
2.704367
-8.91745
8.146273
-5.885174
-7.778454
4.870795
-1.384448
5.866070
-0.453781
5.573820
7.734405
6.605603
-8.981921
-6.37059
-5.685506
-6.983452
-2.286016
-8.561911
-6.480123
-9.945879
3.190408
-3.354914
1.500335
2.865703
7.467699
8.701915
6.378949
3.689547
0.358695
-0.154045
-0.772510
-8.402105
8.134577
-2.632549
7.297549
-8.391677
4.818434
-5.962267
0.205599
8.2211
-7.925923
-2.711141
3.996172
2.762936
2.48494
1.571054
7.314070
-2.47206
-7.881428
-8.780508
-5.690325
5.317639
8.17364
-0.289836
3.758
-8.134181
-0.392020
-8.153225
5.107342
1.645772
0.922560
-4.710215
-0.410843
8.191725
-3.685410
-3.189448
0.128220
6.803808
-1.211183
5.72296
6.389358
-5.88293
2.912945
-4.826784
3.625449
2.357434
2.593795
5.648601
1.601762
-2.851059
-7.144296
2.720853
-4.865665
-1.112450
3.267395
7.814907
0.921871
4.463957
8.110740
-7.453212
-3.686201
0.215915
-1.268921
8.256062
-9.885415
1.358743
-8.381845
9.50239
-4.716789
-3.76327
9.717500
-6.546020
3.166532
8.8332
-3.865502
5.912545
-4.990545
5.176945
-4.669401
4.553324
7.679773
5.742101
-8.428457
-3.604505
1.415401
-6.612186
6.526121
-9.595428
-6.767712
-1.670067
4.272056
-8.259881
-7.365809
7.375115
0.511156
5.692052
0.792898
8.195539
3.950216
9.290069
9.291425
-6.671786
3.493523
9.439520
-1.518111
-3.111148
-4.131178
-8.568746
-2.633501
-7.962140
-0.140691
0.848928
-2.345303
4.541923
1.559644
-6.330219
-5.465836
4.492614
5.555039
1.871766
-9.661918
4.164848
3.673141
7.68957
-1.694709
9.610607
5.508705
-1.698251
-4.374786
1.521230
0.427651
0.385475
-3.582840
7.996917
-6.583578
1.893639
5.5544
-4.83176
-1.211632
-7.508063
-9.967313
9.246426
-0.194329
-4.672678
4.223396
4.922479
-6.583794
3.189530
-2.232301
1.783498
-0.231239
2.721091
9.417901
-8.543868
-4.618892
-0.886738
-6.958015
9.857778
7.800632
8.677715
-7.493905
9.709557
-9.226498
-0.111216
-1.876980
8.623721
-6.761429
-8.779298
-9.276856
6.982086
-1.403053
5.539774
3.122323
2.894085
1.11386
2.730326
3.457032
2.291651
1.423712
2.601870
-1.93271
6.161859
-0.12372
2.95416
5.438507
-9.693241
-3.746356
-9.72220
4.528611
-6.948866
-5.494347
-0.691665
-9.734025
3.880630
-5.242695
-4.213554
-1.933280
-0.163301
-5.682917
-2.768984
-9.436291
-0.571541
0.747212
-2.569276
-2.480873
-9.460687
9.788100
-8.887441
-5.115768
-5.380442
2.283333
8.917714
-1.478146
-0.944299
-1.960643
0.932983
5.103614
2.702542
0.318339
8.963265
0.618889
-6.779559
3.136940
4.457763
2.622656
5.874316
-5.459001
-6.342695
-2.655996
-4.114524
-0.3617
-0.759565
-3.437558
-5.333864
6.501408
-3.421063
-2.586221
-8.752277
9.872082
7.512346
-4.602569
-0.393379
7.835194
4.889810
-7.17876
-6.696389
-3.374684
4.640022
9.744003
3.972262
2.804416
-8.892058
1.498395
-2.276720
-0.717499
6.927037
7.296002
-8.283397
0.748268
-2.346611
-4.709304
-4.356314
6.530856
1.703190
8.690830
2.27888
7.135428
6.566966
9.623836
-6.178120
6.742164
-4.434890
0.649677
-2.738070
4.73529
7.190281
9.817420
4.813278
-5.817877
-5.607926
-8.639334
7.232870
0.764240
2.248193
2.961447
6.654207
-1.253508
-2.539002
-3.310438
-0.316083
9.935253
-3.877252
-9.982042
-2.813184
7.73868
0.971277
-7.533298
-7.411713
2.173486
7.958807
0.462146
-7.942021
6.316970
6.269374
8.20952
-0.161584
-1.881551
-1.30978
1.423143
-3.875922
-8.997243
6.459142
-8.494491
-2.351177
3.793745
-5.299996
3.40487
2.785080
4.40073
-3.632256
0.394064
-6.260750
-4.625918
2.987963
-6.160068
-3.216103
5.643697
9.8851
6.690576
-3.378709
5.548409
-2.178176
-2.210030
-4.477294
4.249342
9.30775
-2.532233
4.602562
-7.821798
4.613084
7.852341
6.536814
6.158348
5.695082
-8.530898
2.426837
-8.715599
4.470376
-0.443543
-4.707879
7.379288
2.851835
-4.902621
-9.673918
7.153689
0.502001
-9.451311
2.645316
-8.92866
5.517243
5.780802
9.948306
-9.197931
9.288762
2.181741
-3.126212
3.185653
5.375945
3.816004
-5.360331
8.105658
-1.904328
0.842209
-2.561299
2.789383
4.24656
-9.243011
-3.643697
-6.213440
7.912137
3.447667
9.199319
4.51631
2.907225
2.440019
-4.803703
1.49334
-2.595520
8.87576
-0.167425
5.835958
6.390329
0.262494
-3.683086
7.457221
-4.250287
-9.704848
-5.522910
-1.596770
-9.742432
4.320227
7.952166
1.542576
6.966371
-8.268498
-8.754692
-3.482313
-4.661668
-6.485511
3.650930
0.586415
4.739632
-0.342606
0.414262
-1.894531
-2.223431
-1.204666
8.887570
7.384016
7.297932
0.796742
2.749108
0.29009
6.415289
1.140092
-6.627935
5.645456
-9.413856
-9.939693
-3.852443
-0.378185
1.837147
7.214199
9.535565
6.283968
-5.727906
6.138423
-4.997832
3.484153
-1.566547
0.444999
-6.673220
-8.23548
-9.354939
1.565305
8.581881
-0.144449
8.941323
4.376427
-4.866480
-8.193062
-8.669268
-4.44206
-2.863237
-6.541651
9.219539
-7.41190
-9.168410
4.498705
-3.488119
-1.21799
8.445227
6.628254
5.268726
-2.451264
7.427133
4.440591
1.146412
1.26076
-2.596442
-1.907703
-4.921212
-6.826540
9.647235
-7.254590
8.697557
-0.107073
3.594884
-8.135017
6.103899
-7.884362
-5.669469
3.128487
5.821976
5.613173
2.76433
-2.914944
3.202599
-0.591457
-3.580223
-1.206072
2.458099
5.297885
-0.837330
-0.894218
-1.403460
-2.308542
-5.566407
-7.839819
-6.638502
4.107955
7.123177
9.638084
-9.962864
7.261105
6.303748
3.304702
-2.854690
2.64947
9.586843
-3.40629
-7.310669
3.66430
-3.436401
6.242558
7.614427
0.628440
7.715895
3.563037
6.794029
-6.989092
-1.870652
-5.380455
-4.332738
-0.597537
-0.36364
-3.601737
-6.602196
1.604150
3.963768
0.835906
-8.812167
-4.564785
2.215491
-1.727151
1.393574
-8.518507
-4.923005
6.461758
8.199713
1.240065
7.623443
6.176869
-1.966773
-8.913205
0.807778
8.232217
6.331313
0.820961
-6.264200
0.4113
-1.997090
2.146487
7.349110
-6.937698
7.26140
3.650800
-7.413416
7.948888
8.345014
-1.81915
-8.995496
2.930630
-3.935750
0.226346
-2.562275
5.820759
4.553008
-7.682027
-1.669575
9.231717
8.608517
-0.423419
-1.369644
-2.897615
-3.436887
-4.311592
6.753947
6.611616
4.189209
-9.267278
9.849936
8.450627
9.732188
-8.560083
7.355656
2.661401
8.128117
2.201925
-4.799009
-3.813441
-9.294430
0.786530
4.704019
0.498999
-4.914169
-5.995451
-8.596310
-3.786104
3.730510
3.99103
0.639952
-6.961574
-9.3740
-5.103391
-3.707197
-8.219342
6.984122
1.755485
-3.177751
7.407424
-1.228134
8.522523
-6.708512
-5.583699
5.675463
-5.372163
-8.818850
1.176343
-0.646569
0.544888
-8.168389
8.360560
-4.875226
3.965463
-3.613918
2.767465
3.905203
7.139794
-8.290047
-0.570119
6.595467
-8.38747
-4.861534
4.67567
-5.792943
-2.744857
2.626301
-4.454100
-1.983740
8.876620
4.572868
2.300618
-0.66042
4.126708
3.66316
-1.560328
6.497260
-4.212314
-1.914537
-3.217795
-7.216032
-0.77636
-8.646817
5.831503
7.80807
-6.41350
-2.964246
-2.787402
1.166966
1.360279
-0.486518
0.624798
-8.330219
-0.464314
-3.94651
-0.563229
-9.582201
-6.810573
1.218797
-4.757908
-2.337230
-6.529632
-4.635732
2.721573
-3.946566
3.377029
1.573288
7.548957
-9.32700
-6.422704
-4.453116
-0.889024
7.775361
1.758943
-1.703978
-2.174921
-6.729474
-0.331883
-1.285902
-9.274850
5.142654
-3.408537
4.180944
8.306448
-6.733009
-3.587984
1.434600
-8.371412
-5.725345
1.715196
4.98873
3.213607
-8.621733
5.442633
6.914232
6.983095
8.58957
5.231457
-6.49552
0.62296
-7.176040
8.876605
6.53015
-2.480632
5.918399
1.102997
1.692995
-3.450572
-0.707611
5.750013
-6.852630
0.674468
-2.140416
1.431419
-1.370276
-6.206349
8.527622
7.285047
-5.366390
-7.496995
8.908411
8.699511
6.600255
1.748728
8.554860
-7.481938
-2.513058
3.190825
-1.295752
-7.877391
9.998039
-4.350088
7.326494
-8.12977
-1.373817
-1.327414
-1.9469
-2.596624
3.55805
-2.610975
-8.495794
-7.111950
-8.101207
8.636686
-4.182509
-5.592600
3.106013
0.217666
-5.245309
1.555334
-0.128382
-6.905570
-3.102760
-5.320208
7.822994
6.165979
-9.863805
-4.396825
-1.504920
-5.483843
7.694633
-3.651682
-1.705077
-7.697664
-1.642421
4.429517
0.902719
-9.555143
-6.983414
-4.276041
7.44000
-4.783085
3.605247
-2.128044
1.504516
-4.433522
-9.991312
9.316603
-6.627061
4.684348
-7.43797
-5.350143
6.508956
-5.655700
-9.594231
7.180247
-2.579729
-6.140128
3.290975
-6.53541
-2.395318
-1.559995
-4.682903
5.985471
-1.165362
-5.864999
-2.30251
-3.80189
-7.53604
7.933910
5.546205
0.934488
-8.849142
4.444470
0.815811
-9.500387
-8.931719
-5.133824
1.906953
-4.394521
-6.797226
0.158867
0.345937
-5.351042
-9.346232
-7.442092
-5.335220
-7.605345
8.908949
-3.20653
1.510352
-6.289714
-0.402384
8.563969
-6.759940
-5.639308
6.99775
5.655242
1.418602
0.410756
-0.114669
-8.560196
6.198176
-9.910456
6.108802
7.641729
1.9625
-6.176913
9.761064
1.701736
7.360746
6.568024
-0.515142
9.515333
1.919639
3.623349
6.35850
4.525066
6.212696
1.7687
-2.447046
5.524773
3.563285
0.448616
-2.261087
-7.276991
-3.168339
-4.2203
-9.466529
1.496273
0.469485
-4.49892
5.764986
-9.845646
-6.718680
6.460187
-4.744600
-3.97897
9.180638
3.270239
-5.584789
5.485034
-0.571701
0.327230
7.299658
2.408625
1.793831
0.974774
-1.992874
-4.93529
-0.251724
-4.463561
0.737461
-4.153062
-6.158979
-6.532653
6.67427
9.415287
-8.94788
6.605165
-5.926337
-5.527791
0.492123
6.584319
-4.650025
-1.924274
5.867252
0.739913
-0.123802
-5.232260
-0.335527
2.18392
-5.282242
-1.215130
0.627935
-0.853018
3.782654
-6.243376
-5.177256
3.126224
8.667456
3.52678
-9.778155
0.581349
1.615321
-0.39051
-2.417896
9.819284
-8.142150
-2.513985
7.23604
0.146399
6.377458
-7.241608
-0.323170
-8.304872
4.78284
-9.59716
0.956376
7.408418
-3.164455
-3.76366
5.678894
3.254283
0.17663
0.113321
-3.394276
3.192237
-7.717877
-1.181156
2.708299
0.483114
-4.74632
9.744655
-2.107238
7.777700
4.795094
9.93667
-9.492704
-4.650707
8.81661
2.809171
1.495988
5.519569
5.121523
-6.141372
-0.883988
-5.944007
4.381146
-1.151781
-6.180681
-2.632303
3.99365
8.777112
-9.403477
9.512475
0.217428
5.428963
7.339317
-7.182720
4.140328
3.920441
-5.38876
-7.570267
-6.742916
-0.696765
6.725868
0.592613
-1.423373
-9.710850
-0.622105
-5.755150
-5.402805
-0.610114
7.347590
4.285812
9.49800
-1.7190
7.134693
4.297105
-1.162557
7.428084
6.725989
-4.671989
0.559549
3.275793
-3.882254
-1.563656
-2.781665
7.875599
-4.544530
-6.445140
8.981516
5.741592
8.779283
3.870208
-0.194781
9.995222
-8.380496
2.257625
-4.337459
-3.758455
-6.275763
-1.808540
-6.450548
9.98433
8.5303
2.253662
-1.367052
8.963815
-3.890111
-3.275794
-1.581652
-8.17324
7.287502
3.919031
-5.220410
-0.73892
7.559485
-2.458855
3.647601
4.186604
0.521006
1.148674
-3.327553
6.353278
2.579705
3.201615
-7.246934
6.96158
9.490562
6.283956
-6.751148
-9.651549
0.826405
-1.209911
6.933205
-0.1590
9.152378
5.785324
-6.380595
1.311951
-8.887890
-5.173711
-6.703092
2.763533
6.790419
7.520512
3.27703
3.871478
-3.543396
6.174707
-4.468367
-1.461734
-9.787130
2.321164
-8.384410
-9.105629
-2.653732
6.792005
3.649311
8.683507
5.694901
-3.950994
1.586983
3.461977
9.269535
8.975566
7.581661
-1.240197
3.252850
5.516569
5.859656
5.653649
9.72261
5.851286
6.237907
-0.538895
-3.791114
-0.505915
-3.587480
-9.579206
-2.172151
9.351036
0.93947
-6.671663
0.438051
2.261171
-0.279356
9.629987
-5.137772
-3.935672
-1.739896
-4.728995
-9.886667
-5.283544
8.414306
0.32138
-7.628958
9.786427
7.261094
-7.789458
-5.920791
-4.482045
2.159575
8.541992
-0.447880
4.147850
2.697150
6.854189
9.641236
-6.678475
-6.28760
-4.380595
-7.601367
0.301377
7.668640
-3.624854
-9.463896
-3.981474
-7.291223
-6.563620
4.250688
-2.575972
9.784819
1.280250
-7.862159
-4.944854
4.76825
3.370679
-2.645546
0.162522
5.227417
0.761021
3.761732
5.872773
-4.185192
-6.114167
2.840251
-4.576946
-3.145739
-6.736921
-0.28968
-3.534288
-7.182533
1.58718
-9.980573
-7.133089
-1.141121
-2.984917
-1.129601
-8.382747
-7.340679
-6.221382
-7.117180
1.329243
9.137823
-8.437782
6.173975
-7.423227
5.72570
-3.251198
3.154338
2.9406
-0.93775
-4.652826
6.592036
-1.96596
7.280675
-4.984522
-0.301437
-8.893511
-4.14016
-8.175568
9.945161
9.988975
-3.398433
-2.121404
5.323681
3.662737
9.607137
7.319187
-5.665282
4.502452
0.52081
2.947701
1.34906
9.935169
-2.118974
4.760298
-7.798719
-1.306808
-6.52115
-9.705331
2.275862
7.373834
-0.168427
5.251677
3.236531
7.403666
7.253955
-5.88836
-3.834524
-2.988683
-4.275937
0.125096
-6.41487
1.423542
5.909017
-6.821594
6.340362
-8.588809
9.369772
-6.381237
5.92951
7.589701
-4.335540
1.849021
-4.98019
-9.685155
0.919783
-8.600623
-2.34483
8.789829
-1.88346
2.205896
1.999960
-7.188023
-7.989058
-4.155947
8.608710
-6.84948
4.189851
-6.757941
-5.294255
-7.74729
3.224460
9.817639
-9.761456
-7.481280
-3.315059
-2.635857
-4.999781
-2.325659
1.478376
-6.67236
-8.681939
-2.690731
-9.426280
-7.19309
-2.638622
-9.720354
6.381481
-7.656485
-1.335196
-0.538664
8.440082
8.588466
7.139136
2.630205
-9.184917
-6.961038
2.43516
-9.138555
8.4096
4.967098
-5.585938
-8.85076
-4.314855
0.520379
-6.699281
-4.166619
-8.558251
-6.906662
8.21161
1.412827
-6.632544
-7.878605
-5.841739
1.464580
-0.282788
-0.902282
-0.592472
-9.734840
1.985871
3.197112
2.423580
-2.105357
0.863615
3.321136
-0.624479
6.474911
-3.833472
1.776381
4.442194
9.835007
-2.438272
-9.837926
-3.635398
6.145543
-2.405094
-7.629682
-5.469576
7.515729
-9.674805
3.967965
-0.324387
8.892968
5.35961
-7.627809
7.133093
-5.834601
6.150966
-9.191013
-5.689582
7.632545
6.249718
2.931976
-3.817381
-3.285900
8.142317
7.11112
-8.883548
8.109449
-7.948844
3.876631
-5.244170
-7.489732
6.483947
-7.829510
-8.221020
-3.30867
-0.405086
4.329604
-2.836503
-3.600588
-4.589825
0.644953
5.658939
2.184096
-0.364587
-7.817152
6.376392
8.709626
-8.40571
6.542456
5.364180
-7.271813
2.197330
5.958112
-1.872764
-9.567251
2.85390
6.310728
3.869068
6.709254
9.740622
5.207341
-9.115495
-9.949033
0.53816
-8.650865
-8.287399
3.368505
-4.256491
-8.271507
8.563198
-1.688685
-9.809274
7.583904
-0.745726
7.142977
-7.76455
-8.471610
7.5364
-6.267344
0.767303
6.418476
-5.976326
0.154533
-7.427563
-1.184532
1.476340
9.421080
5.813129
-1.521555
7.771966
-0.821334
-9.360650
5.538112
-4.786401
0.642982
-5.307776
-8.519125
-9.194592
-8.74316
-2.946155
1.373307
-9.44459
2.768884
9.646838
-2.940401
9.276196
-6.279736
5.873575
-3.128486
0.795460
-4.158154
-4.635043
-4.235157
8.80327
5.147171
-5.103870
1.459468
5.118693
-3.927378
7.407078
-8.846112
6.582166
-6.492242
9.114452
3.235198
8.13813
-2.274427
2.19812
-9.477265
-5.237454
-1.730182
3.361460
0.659396
-4.425578
-8.790491
-2.210890
1.479322
7.391876
7.305775
-6.382210
6.932993
-9.116278
-2.567108
-7.36993
-7.122611
-5.487485
9.751838
9.858786
4.443373
-5.465681
-9.816438
6.374459
6.721911
5.383740
-1.958048
-9.196383
-9.145264
3.562766
3.985052
-1.889387
-1.513226
-6.619455
-8.569533
-1.22858
-8.921360
-7.571881
5.668961
-9.240976
-0.163452
-5.258515
-4.908376
1.78732
7.885863
6.896876
8.148764
9.796843
-2.328598
-4.495868
-1.673790
-9.305737
6.857392
1.661543
-4.609003
0.421681
-4.999671
9.301021
-5.38465
-6.357269
-1.336551
-3.961362
-9.121090
2.845313
-1.753487
-3.931497
1.402202
5.603313
1.74008
0.548656
-6.719177
5.814432
1.60232
1.397656
-8.905437
-7.985790
-9.51943
0.736308
5.352082
5.227862
6.892220
-9.502595
3.397428
-0.434111
8.790540
7.75717
4.227676
-5.246088
1.431975
-7.823802
7.778839
9.666340
-3.414963
-9.694855
-3.318625
-4.556113
-9.855167
5.650695
1.546008
-0.615116
2.923025
5.188914
4.743567
-1.647216
9.330221
-0.181667
5.703696
9.948251
-3.684345
-0.231355
2.366199
5.948395
-6.513241
5.941814
9.668225
6.483015
9.978253
-1.865262
0.939187
-9.599299
5.669402
6.961037
-1.140546
4.622891
-8.135632
1.448338
-3.666179
0.644322
-3.549814
8.928664
1.912339
5.940217
6.168508
8.373485
-6.202363
-9.501716
-8.936859
-0.727842
6.822915
-9.906423
2.242426
8.197123
4.235261
6.870081
-1.43397
0.456139
-8.558617
5.845438
8.214566
-4.572486
6.551200
1.820110
-1.340255
-2.284883
9.276887
4.451897
2.774605
-2.427542
-6.55031
5.723237
8.360826
1.396487
9.286791
-7.683893
1.510334
2.968478
-2.76393
-1.770937
-9.779954
5.442709
5.181979
-9.756542
-3.363522
-3.754531
6.799652
-8.574986
-9.503968
6.694272
6.474983
-0.60668
-2.540165
-0.464674
8.170657
6.998370
8.749048
-8.699578
-8.301858
-2.363196
-3.794784
0.168005
-6.722447
-4.335290
-5.403020
-9.696076
-3.931056
4.618294
9.758973
-4.429485
-4.917120
-4.485480
-5.609978
-0.472595
-2.313520
-1.45331
2.389857
2.663101
-5.956402
5.257376
-0.809352
-2.538257
-0.53814
6.379836
-4.980998
-2.60661
-7.100844
-0.883298
-7.107603
0.591969
-7.699591
9.225255
0.853318
-0.789874
5.919271
4.128175
-5.596312
2.803794
1.336212
-3.985242
-2.696721
-6.387770
-6.60221
-3.324051
8.168209
3.422565
0.616100
3.655023
-5.718786
4.247439
2.531064
-1.862660
-0.813188
7.436463
9.112321
3.370817
-3.239907
-8.369493
7.126520
-0.134944
5.503086
-1.446889
-8.191610
-8.623269
2.499038
6.287244
6.83357
7.32747
0.906504
-0.589896
3.35461
-8.456273
-7.756453
-4.996224
-5.15988
-0.983954
3.839041
6.197348
-2.230250
-8.140182
8.690935
6.929925
-4.719812
3.390137
-4.893714
2.342866
5.108410
8.979308
9.292351
4.690409
-7.308428
2.682196
-0.742252
2.680206
9.152030
-5.656764
5.481652
8.710050
1.891059
6.447535
4.453023
8.459335
7.439098
0.632412
1.35501
8.180706
-1.568333
5.521071
9.785324
4.591343
0.562957
-5.423807
6.71114
1.773747
3.889138
-7.343706
7.480317
-2.923734
-7.653265
-1.961261
3.538132
0.208657
-5.171385
7.652216
2.364061
8.942598
-2.593648
-2.798862
4.751939
0.376642
3.604156
3.436558
1.816833
-8.700431
-9.236115
-1.943035
-0.518249
-9.530092
5.15986
6.761256
8.906301
5.981374
0.442988
9.362256
-8.512925
6.816838
-5.617701
-4.912182
5.624017
-7.439175
2.802566
2.252321
5.546153
-0.306392
9.250662
4.193969
3.111614
2.629951
-3.31488
-0.584518
5.149330
-1.362784
2.661440
-2.378482
7.214341
1.921485
3.959301
9.813333
7.46379
4.641719
-9.909667
-8.723818
2.98252
-0.959605
-2.186484
4.291815
-0.608788
0.787809
-1.708356
2.543503
-2.216072
3.44983
9.798907
-5.507647
5.510299
-7.57526
6.343296
8.995576
3.160669
8.870063
-4.191925
9.824641
-2.98290
0.707018
5.512953
-4.763142
0.379070
-7.320038
-1.915732
-5.728882
3.401208
-7.842377
2.808911
8.399064
2.572439
-8.548226
1.101886
1.874913
0.655116
7.667204
-9.938327
-8.749966
-9.598048
-2.346888
5.471431
3.31031
4.566862
-6.454925
8.690796
-4.951495
4.107086
2.865846
-9.52417
-7.281441
-2.259936
-6.533560
8.865454
6.151042
8.710362
-9.975498
-3.675332
7.727424
-6.490503
-4.289833
-4.8125
-3.250523
-7.565253
3.537849
-5.75930
-3.318259
-8.448392
-1.437361
-1.2428
6.774344
4.99998
9.967173
6.406900
-0.502393
-6.708579
-6.232604
-3.25965
5.195746
-3.124147
4.863585
-9.695502
-0.363481
7.950140
6.804580
-5.110548
-4.578406
4.667302
-9.52567
-5.10682
-9.999446
9.341397
7.44660
-8.359757
1.884645
9.124471
7.187867
-1.393094
0.188543
-7.527928
6.930029
-9.169190
-5.829057
-5.909507
5.301088
9.55249
1.847866
0.944247
-0.886709
-0.354647
-1.21263
1.750144
9.236792
-6.361039
-3.73027
5.693686
0.849918
2.120128
9.171618
-0.89660
-2.852232
2.7835
3.865164
2.501583
9.276848
5.559253
-1.505973
-4.821227
-6.865406
-7.376109
-6.364911
0.278193
-2.801498
5.247531
-9.558502
-2.519147
-9.701069
7.468485
2.249291
-8.446548
7.931256
7.724678
-3.93311
-8.790298
-5.176679
1.325481
1.930390
7.357677
-0.243822
9.760442
-0.997199
-3.322677
-0.261062
-8.677520
-8.106338
-1.308011
-3.841792
6.762711
-4.859291
5.29643
-6.649875
-6.84898
3.645611
-4.617159
-2.796129
-0.708320
-0.421935
2.121691
1.308777
-7.232484
-3.855713
8.109719
3.235534
-0.326469
9.689173
7.500325
-5.569055
8.374809
-3.758913
9.481540
-8.303133
4.737243
6.590196
-2.155758
-8.595098
4.47257
-3.787542
7.690451
2.518694
-5.131563
-5.75053
7.482687
-1.955715
-8.139749
7.168300
8.321144
6.855659
1.161076
6.875439
4.823876
-2.238873
-5.976143
-2.145404
7.498544
0.362032
6.941392
6.220598
1.801409
-5.574988
-7.267542
2.876965
-0.222740
7.42112
-2.957981
6.609754
-0.108880
-0.502616
-2.94858
-1.576055
-8.464903
-4.925667
-4.517050
-8.238089
7.44501
-1.108739
-6.566399
-6.287682
-3.128246
-2.732817
9.493186
-1.749580
-7.257226
-6.475915
-0.67402
-5.530233
-4.742792
-3.130118
2.945513
8.474036
-3.323377
-1.761080
-6.147758
-4.255206
1.609186
-9.684031
7.605847
-9.967162
2.786945
-2.160053
-2.211598
9.373779
-7.604967
-4.905861
7.30902
5.24592
7.512021
-2.59590
8.471333
-7.391847
4.553951
8.450831
5.864770
-0.52996
4.7776
4.796511
-7.465788
-8.791103
2.386221
-0.229360
-4.278204
-7.372482
0.305980
8.710102
1.840056
-5.337732
-5.370810
5.61488
9.893282
-6.620433
-2.952049
2.99728
3.920898
9.536878
-1.853530
-9.901755
8.738851
8.876838
3.375307
-9.738295
7.357649
7.787322
-4.510847
-0.392996
-9.3117
-7.348986
7.743467
-9.652347
-1.866731
8.805542
8.181790
9.790029
9.519095
9.158616
-7.935045
-6.721144
-0.338293
-7.157302
4.788716
-0.609464
-1.272685
1.214074
6.566065
-8.249556
8.285074
8.42500
-5.939942
2.716251
5.248265
1.460347
-2.574440
2.948193
-4.368929
-4.380199
7.375000
-0.356448
8.706235
9.167828
4.909925
8.282907
-6.125019
1.134403
0.101090
9.544174
-3.138623
-4.335836
-6.340604
9.523925
6.43101
-7.686849
-8.580985
-8.30898
2.217959
8.257288
-3.398443
-0.442850
-5.916656
8.792507
-1.786655
0.147365
-5.851335
-2.956653
-4.444218
-6.682958
-4.53073
5.929563
3.701580
4.75361
5.218732
-5.557972
6.892340
-5.346854
3.572270
1.153326
8.183252
3.767967
-5.759660
-8.15287
8.58772
-5.449569
-8.874527
-5.430985
-0.149840
-3.249051
4.18612
-8.856965
9.723312
-9.534310
1.115170
6.252548
-6.577456
-7.973933
3.398634
0.328479
4.413724
-9.740144
4.237304
-0.123135
-2.956646
-9.989275
-6.262641
1.218140
-1.169923
3.722964
7.546940
-2.308751
5.776366
-2.742148
7.705032
5.723791
-3.797050
-7.766631
-5.96225
-0.935670
5.17667
4.393532
8.920229
7.321071
2.646720
5.12348
-1.670501
-2.714989
3.636096
-0.348808
-3.665254
-6.31860
-1.156068
-3.824238
-6.643152
-9.569457
-5.108780
4.523762
4.65247
-1.386808
-6.244111
3.700450
0.548223
0.80148
9.38374
-1.127933
0.105321
3.767587
-5.365011
5.542874
2.687790
-6.366484
-9.972486
5.426027
-8.564528
4.34711
-6.332572
1.677667
-9.752283
3.225218
-7.445282
-5.594081
4.670770
5.896827
6.63786
9.331150
0.784728
-2.16949
3.584279
-7.551964
-3.306814
4.609291
8.159845
-1.506700
3.762708
4.417188
6.663480
-4.90555
7.982350
8.703878
-7.314363
0.501597
5.148416
2.260009
8.746053
9.687427
1.635195
0.921929
-3.741648
-6.846636
-4.978463
6.615116
-1.834323
-2.823207
-5.478595
8.864274
-0.827746
-2.153738
-1.375553
0.77470
8.327804
-9.949723
7.552516
-4.296030
2.203317
3.37086
3.730876
8.948168
4.812221
-0.272681
-3.549779
0.474230
-4.514928
2.369344
-6.297488
6.529061
-3.784194
7.214434
0.741710
-9.107670
-7.675304
-0.939426
-8.515152
-3.720454
8.411243
0.549761
1.284
5.139614
2.605136
-7.772405
-6.235243
5.837805
6.13464
5.831087
-0.103057
3.516339
7.108020
7.125328
3.516430
9.93547
-9.162066
4.755413
-6.347819
-9.970564
1.509344
3.777999
9.272886
0.327255
6.639188
9.983099
0.466658
-5.797874
4.399821
1.304002
5.230873
8.591677
-1.452526
-4.330058
7.847535
8.126444
0.971896
9.102782
-0.873258
-3.296790
9.237167
2.281096
1.461267
1.885701
-3.196078
-8.908828
9.633850
-3.533211
0.362324
9.469007
9.340176
-5.1528
-9.231062
2.818015
-4.573290
-0.652428
-5.38528
-5.747303
8.27573
-0.828215
4.420526
6.35381
3.813513
-8.691095
7.30891
5.647732
-2.217117
-0.710944
-2.231995
9.137175
-4.272332
5.841928
-8.159763
-6.170753
-6.276951
-9.190786
1.337438
2.867111
-7.796663
8.521122
-5.509496
7.618313
3.365454
-3.981980
-9.802258
9.399580
-2.426373
-3.921165
-9.663965
1.682345
-1.804520
-3.967370
5.689923
-1.334748
-2.76590
-4.462691
-2.140783
0.844337
-0.800648
-4.725359
3.304703
9.778306
2.20802
-9.708305
-6.495217
-5.174841
-3.454315
5.154725
3.175887
-0.798112
2.91577
5.49428
9.806330
-9.244089
9.861037
7.459433
8.955208
-2.258383
4.322829
5.328861
-8.442474
-2.500891
5.955130
-3.44171
-5.586410
-5.174789
9.271999
-7.502472
3.743248
7.794975
-4.383014
1.328418
7.409495
3.163399
-0.298434
-5.826169
-5.954150
-5.103988
9.463111
3.723760
-1.684047
1.435548
4.60397
-8.332220
-5.527811
4.24558
3.765544
4.738679
6.718700
9.28436
-9.996747
3.582461
5.770115
3.547545
8.442570
1.590657
4.133890
-7.376974
-0.338733
4.762414
-1.442993
-5.796188
-0.117713
-0.333417
2.606697
8.235989
0.563813
0.60672
9.830554
1.820218
-9.302482
7.928687
7.167087
5.78079
9.993884
3.442312
-6.964274
1.325314
-1.296815
4.81127
3.223036
5.751995
7.250465
1.488560
-3.530179
-5.334244
6.491412
-0.135574
-0.676407
2.419942
-5.677647
-1.859813
7.795330
-1.601913
6.612979
7.951576
-0.337343
1.366795
-6.100606
-6.369328
-6.25885
-4.372759
7.338636
8.606957
-1.288505
-3.860812
-2.798894
-6.67025
3.506871
8.931600
9.905986
-6.202122
-9.539299
-3.717039
1.223902
1.73716
6.149780
-6.427156
-2.557770
-3.734380
-5.376930
-5.679418
-3.501657
-8.155331
5.758704
7.924755
-1.121414
2.686022
-9.469024
-7.603730
-7.943115
5.545770
-3.784454
-2.514154
-3.341829
-7.72336
8.82840
-0.655882
9.374841
-9.262940
-0.735427
-1.730992
-2.451757
1.437022
-2.920177
-8.608774
1.125585
0.104037
-1.454936
9.768756
9.779876
5.381580
-1.736932
5.380295
-1.950648
9.723046
6.138597
-2.351419
-1.14830
2.146912
-5.835041
-7.55038
4.319969
1.479696
9.15670
-3.269719
-6.863237
3.846360
0.391321
4.389315
-5.103282
3.785002
-3.681818
8.245489
-8.429389
-8.153694
-4.27180
-9.208136
-3.800598
7.743152
-8.353610
8.379143
8.750389
0.204279
9.121109
7.451527
-7.951283
-7.242622
-6.193315
-7.334544
6.813222
9.980742
-2.375791
-5.867393
-8.418894
-2.45964
-9.18321
-0.231908
9.533085
-6.829524
8.510542
-0.679421
-6.637515
4.550291
-4.695941
2.987504
-0.95025
-0.562037
3.596676
-0.515892
4.95543
3.656533
-2.610711
6.708466
-3.703132
-7.683114
3.132644
3.519357
-3.53170
0.960102
-1.574699
7.710182
-5.863646
-0.410882
-6.251987
-7.289505
1.569398
-3.142693
-1.241298
-6.398298
6.475922
-9.984711
6.604088
-4.971568
2.670146
0.395764
-4.652277
-5.534710
3.605101
1.492830
2.197436
-3.330816
-7.65854
-8.496910
-2.848802
5.824662
-3.140308
1.412034
-5.675547
-8.984019
-1.813903
-6.739898
6.472187
-3.874416
-9.390170
-3.755085
1.291370
6.52071
-1.728939
-0.530567
-9.887958
-5.793386
8.231562
-6.806576
-3.6347
-5.501022
8.686365
0.698301
-8.104244
-6.992945
2.373584
2.959951
-2.566510
1.291818
7.600081
-2.889158
7.951007
-1.958639
-9.324090
6.722906
-0.655458
-4.452002
-4.852436
-7.328948
-7.272305
7.589029
-0.34206
-7.931910
-6.817859
-0.937346
1.337288
9.389293
-6.403097
5.126616
4.850074
-4.128873
-3.947683
-1.509222
-9.995439
-6.543281
-2.145695
-6.176264
4.594940
-9.937
-2.686073
2.734077
-2.550461
2.118934
0.365433
-9.646752
-7.169444
3.621672
-4.455438
-4.523180
-3.153844
-6.619737
-2.542591
6.956613
-0.310065
7.904454
5.709831
-7.579836
4.903762
4.601059
0.798342
-2.862039
-1.437373
-3.472029
9.991581
-1.507820
-5.47676
-5.273195
-9.844289
-2.904955
-6.939778
5.634830
3.756893
-4.856428
-8.52369
-9.710151
-5.992876
-4.586342
1.144923
9.91355
-8.497874
-0.485619
-0.707033
8.221057
4.500658
5.855899
6.674884
6.216500
-8.544232
-2.78193
2.903092
1.849974
1.264526
-5.100475
8.346201
0.993286
5.582254
-6.644430
2.453009
-3.884983
-9.328957
0.724709
-0.739772
7.131039
-1.238587
-6.147489
-0.51544
0.976333
-1.508197
-8.792060
7.435629
-1.936779
-8.297481
3.224768
3.456050
4.524688
3.253878
6.351208
2.549532
9.393080
2.476399
2.702581
3.437951
6.947036
-0.813959
-2.901273
-8.234968
8.364594
3.483639
-5.45110
-9.450344
-0.511946
5.987329
0.132617
-5.562498
-2.548262
7.237400
2.714160
-7.954875
-5.467742
-3.44821
4.638094
7.184339
0.497391
0.802018
-0.70622
6.311539
-9.327703
-9.953971
8.256226
-0.143901
-4.609747
8.839994
2.788945
-4.919987
5.47079
-9.587847
-8.260907
5.463556
-1.195787
8.986357
-7.801963
-1.154551
-5.547804
-3.630690
-9.449355
-7.584767
5.274325
1.748542
7.962293
-4.383322
-1.572801
-6.652472
8.839380
-4.114563
-2.796392
9.955489
5.419747
-9.516868
1.233527
2.825951
-8.954393
-9.744951
1.521269
0.104996
-8.416118
-4.534419
-7.531394
-5.700655
-7.505758
1.142490
-0.113560
9.704579
2.102803
5.339683
3.78613
-1.252598
0.962755
-9.999763
5.595810
9.229543
7.284284
-9.849185
-5.576719
1.306266
-2.152389
-4.427832
-4.88084
1.552893
-4.855479
7.745720
-2.49569
-8.237771
-6.55276
-6.539707
2.796060
1.273156
0.472710
6.958822
6.948498
8.947497
-3.614661
-5.547200
-1.482396
7.39404
0.557908
3.600169
9.967841
0.623680
-7.567448
-2.911308
8.368451
-4.772218
-0.939090
5.478489
8.696681
-4.229704
5.54446
8.226286
5.847175
0.739888
4.166496
-9.176570
7.524233
-2.264760
-2.937860
-1.855945
1.808522
6.751950
-0.677755
5.50787
9.818543
-4.595684
9.929411
-7.851176
-3.367678
-3.69531
8.556904
0.313991
-1.480823
6.624848
0.690079
1.528615
5.429027
1.330404
-8.743939
-6.849963
-8.910883
5.464793
-1.770685
5.675733
7.919825
3.153107
-3.584852
6.255645
-6.397544
4.981112
5.829590
-1.300557
8.113259
-0.494506
3.978733
-5.900836
-2.372851
7.807838
-7.573324
7.36988
2.784713
-0.373405
-2.633405
-2.529186
6.234651
-7.407176
-5.91728
-7.717335
-4.130753
8.75920
3.919153
-1.571333
7.13607
-3.533012
-8.805280
-8.750237
-4.37342
2.767799
-0.713605
2.755953
-2.392307
-0.484960
-2.301767
2.505043
-0.589293
-9.533251
-4.754105
-8.141060
-9.985600
3.377403
-9.869807
-1.247527
-8.916672
-4.994294
-3.558637
1.811646
-7.676851
4.762331
1.269070
-5.360525
2.112616
-9.444497
-6.476557
2.706052
-4.182345
-8.710716
6.41403
9.211748
-2.505901
-9.121116
0.846050
0.556659
-9.770607
-1.789662
-9.635218
-6.380216
9.106964
-4.536863
1.843677
1.13007
5.454959
6.522989
7.497328
3.811001
-3.941950
-8.997868
1.757698
-6.930994
1.280087
7.74048
-9.706106
-4.256172
-0.201449
-3.18494
1.413359
6.568389
0.194301
-1.332497
3.711079
4.835946
5.344568
-4.82994
3.607884
2.206197
-2.700300
-5.209059
-9.629041
8.67212
-4.576787
-5.1444
-8.354189
-6.606333
8.797218
-9.907820
7.781845
-5.361242
-4.643881
-4.903812
3.555676
-2.395913
1.498571
8.86109
9.898347
-6.653087
0.401526
-9.524321
-5.138917
5.406911
9.693505
0.226129
-6.357082
-0.914580
-0.14321
-1.747837
2.354029
8.533199
8.10756
0.899391
-6.815372
8.302783
5.879419
-4.415821
-4.518324
-1.984145
-6.237457
-9.576457
-5.846035
9.722778
-5.110496
-9.564867
3.481802
8.392578
6.866952
-4.835976
-2.920032
9.69703
5.292958
-7.245068
-5.849295
-4.799144
7.353449
-0.836588
-6.712196
-6.961890
-1.366212
-5.795543
6.750378
6.274178
5.266333
-0.542217
4.437317
0.798347
7.73833
9.298451
6.423642
-6.235919
0.795387
3.464433
-8.482188
6.475500
3.492884
9.48847
-5.535966
7.821195
1.256862
-0.279350
-3.442010
-6.70506
-7.409904
1.825853
5.117496
-6.670987
-6.806562
1.269121
7.20554
5.427075
4.316930
-2.924146
4.555605
-4.444936
8.683414
7.675650
-3.769049
8.521090
0.746578
-4.385505
0.157440
-6.406824
1.565388
-0.148024
-2.630233
4.21250
3.886276
6.244924
0.467446
8.294352
-2.4992
-9.74080
3.55771
3.392673
-0.877935
-1.694461
3.480534
-5.75420
8.748240
-1.35901
8.332773
-8.21194
-3.992607
5.835321
-3.994271
4.152873
5.503128
3.814085
6.606836
-8.627957
-1.779307
9.734678
-9.384541
0.810638
-5.644641
8.549487
-4.30075
4.456328
9.622226
-5.995216
-1.353298
-5.250519
-1.244608
-6.907688
-3.148786
-5.845836
-0.209652
5.720768
5.970958
4.224813
-2.34586
-9.249403
-5.857754
4.401303
1.682666
2.761523
-1.758043
4.208058
-0.442005
-0.66721
8.226515
5.700695
2.256642
6.278898
2.61749
4.798894
2.7115
-2.749191
-2.481451
9.342473
-2.327474
2.273399
-8.463471
8.142299
3.217571
4.354425
-8.915049
7.76391
6.591924
-0.432605
6.339599
-0.831142
-8.705692
1.304652
1.29325
3.78729
9.730739
2.227046
7.808412
-7.916842
-0.135411
-0.174281
-8.766851
0.653412
2.629214
-7.272357
9.381737
-1.997171
-5.835148
-4.442527
1.645430
-7.771330
-7.126330
-1.657551
5.539995
-6.991234
-6.365693
-7.94775
-2.771222
-3.470606
-6.174589
-3.706418
-2.413587
3.518140
7.808377
-6.313623
3.145311
-9.517828
9.174572
7.440307
2.231876
2.684689
-1.522083
1.994559
-6.239176
4.434204
-8.819298
6.325249
0.432878
7.493685
2.466550
-8.996902
-3.372423
0.235797
5.244573
9.455100
-7.342258
-9.304446
-1.436439
-7.993106
1.994110
1.97688
-2.526612
7.243524
2.217509
-4.806000
-2.289918
-8.363629
3.544962
-9.524841
3.227223
8.916686
6.761569
-9.316658
1.60160
6.263956
4.845898
2.141636
8.992772
4.315831
-7.153556
1.456145
-5.736851
-1.400802
-3.167443
-4.314051
-5.295727
7.971081
1.644560
6.785306
-6.870073
9.925676
-8.533451
7.252714
-5.810637
4.941081
0.966399
6.176508
6.451389
-1.852357
9.904253
-3.350652
5.108241
-9.454940
6.707407
-9.409452
2.857734
7.381800
1.639638
9.624021
-1.650780
0.906176
-4.846353
2.208162
6.425110
-5.664640
8.757154
-2.998381
-2.875754
6.33833
5.774276
9.967157
8.54503
8.53415
-2.765663
-4.452829
7.605049
7.672372
-8.347656
8.82292
-0.728637
6.223649
6.401627
-1.403518
8.200612
-8.983966
-0.195736
-5.177303
-3.343171
-7.849332
-3.803454
-8.372670
-9.463156
-6.953969
9.536919
-5.637118
2.951908
8.238445
7.495110
-4.597658
1.96273
-0.765233
-6.571695
4.570161
7.330400
5.618075
0.918719
2.804678
-8.981027
-5.279071
-8.297454
3.764815
-8.421153
1.668097
-5.425517
-6.894024
8.541234
0.111939
9.750737
9.833504
7.209572
-1.682395
0.624643
-4.532176
-9.842611
7.609219
-1.469119
-6.890571
9.112021
1.144930
-4.586958
-1.567081
6.334181
-4.492657
1.579966
-6.959214
-5.764827
-0.399173
-5.699634
6.647237
4.4701
1.102184
4.188150
-3.716456
9.838848
7.13546
-5.101871
-3.194113
2.369508
4.411497
6.637231
9.772634
-4.983750
3.411574
-8.104633
-0.421890
-8.488918
-5.742131
5.104805
9.688961
-2.639529
6.59820
-7.516915
-8.894050
7.651178
-5.400971
-0.102641
-9.37369
1.87974
-3.986796
-3.864718
-5.759147
-2.255914
0.59522
-1.402779
-8.640886
-9.787389
6.460510
-6.854363
-3.338456
1.356991
8.30847
-6.649009
1.711581
-6.597433
-2.960253
-0.221932
-2.387740
-3.683456
9.762941
-0.282452
2.397870
1.685369
-6.145510
3.188697
-4.498811
1.960471
-1.225376
-1.298189
4.783238
3.183671
-6.847853
6.51285
-8.566231
1.968567
-9.177423
0.833686
5.241097
0.376518
5.94312
9.732935
9.682084
-9.939900
9.704450
-1.654611
0.420520
-2.962430
7.18625
1.493197
-2.69602
5.27133
0.648242
-6.847152
-1.825583
-7.212694
-1.229886
9.375970
4.127769
7.710660
-7.939184
0.596580
-3.382870
8.145908
-6.936979
-4.838666
5.335889
7.89719
2.966545
4.691112
3.156291
-7.456394
-7.840707
-1.507668
-7.880824
-6.697330
-1.611797
2.44747
-5.958609
5.921065
-8.392608
-4.991898
3.746067
3.303358
0.27275
-9.259753
-4.697134
-0.602008
6.833993
0.520858
-5.889617
-6.879453
-8.86946
-0.927671
-2.514832
8.334463
-8.708879
4.973969
0.252157
4.509988
4.954925
5.743261
-4.331390
4.592722
-0.34927
-5.22475
1.318106
5.984560
5.615640
0.169956
4.568573
-8.204098
-6.101135
0.5749
7.737652
9.324117
1.541251
-7.86186
-0.77284
2.348536
-5.420802
3.700051
2.582087
4.670209
0.375736
3.246205
3.616079
-0.194236
8.470998
9.698522
-9.386797
-3.7100
6.302693
-6.637669
-8.88399
-3.722514
8.46137
6.410079
3.798900
-3.828239
0.217110
-0.17734
2.466912
-2.149429
-0.620089
-7.616544
-2.979265
-5.765853
-7.62496
-6.462830
-0.831742
2.73684
-4.888707
1.891601
7.236223
2.298311
-3.356773
1.544040
-1.537997
-1.842346
-3.639256
5.348230
-5.943664
5.760955
-9.437772
-1.578866
0.906751
-6.951213
-6.671386
-2.833468
0.814753
0.316000
7.871295
-1.947550
8.243251
-9.345783
0.420745
-7.931052
6.675260
-2.683162
-5.966644
8.841096
9.380204
-7.989025
3.591866
1.392245
5.204825
3.419084
4.62710
4.190053
-3.159810
6.127590
8.925271
6.496519
6.634992
-9.294815
4.22150
8.272806
-2.481642
-8.320046
8.170542
0.815178
2.602658
-7.371574
-9.618532
-9.70432
2.589408
-2.596206
9.538230
-7.574388
-9.420546
-4.43348
-8.283890
-4.38729
1.296890
-2.650239
-8.7373
-7.56766
1.766557
8.166754
6.480114
5.382798
3.518748
1.296885
3.730078
0.453321
-9.794131
-6.774660
-1.151362
4.438582
-9.472720
0.907966
3.75849
-7.611732
0.854485
-5.971698
2.1097
-3.48444
-9.742647
-5.72882
6.678943
0.948674
7.474477
2.56596
2.217408
2.770156
-4.365078
-9.525901
6.825743
6.514808
0.792556
-6.622749
9.904536
0.673018
6.741432
7.323504
-8.905260
-6.764479
-1.708526
3.405114
9.292826
8.844382
-4.484101
-9.804184
-0.900010
-0.142417
-6.535807
-5.48573
-3.761864
-8.934679
-1.123548
-3.40119
4.116713
1.860512
-8.328112
-9.736923
-5.373451
1.602776
-0.467151
-6.308671
-7.642145
-5.260128
5.818075
-8.187816
-8.591427
5.253986
-4.15351
7.297134
8.863815
4.940271
-1.964320
6.196085
1.512652
-0.881771
-2.656681
6.188336
5.168210
9.132110
-0.644960
3.952274
-1.21435
-2.975992
3.372415
-2.811065
7.668807
1.790105
-1.911882
5.923942
4.945412
9.959797
-8.275768
5.51822
-9.31736
-8.582640
8.375999
9.519592
-9.267405
-1.151143
3.467939
-7.81608
6.965126
3.82813
-1.630755
7.121603
-0.469834
2.299423
-8.831412
9.750363
-1.704738
-8.823146
3.574212
8.495725
-3.80029
-9.699538
4.165318
-1.178880
-9.530331
3.131552
-0.906485
-6.800544
3.806229
-8.682957
-6.998902
-4.302153
5.175350
0.994491
-8.795520
-3.845844
2.812956
-9.132093
-4.433918
3.167206
0.447474
-6.905478
2.695525
8.254745
5.915266
6.508499
-8.817513
-9.514342
4.971188
8.245912
-3.383294
8.430661
-9.636605
0.650094
-4.682711
9.264787
9.44227
-6.927516
0.231550
0.278910
-0.752553
5.167734
2.826605
-2.904518
0.395962
4.129163
0.433613
-9.154971
-0.425332
-2.194964
8.147427
1.730194
4.365096
-3.747658
8.648979
-2.984323
6.294895
7.365504
-4.743197
4.399161
-7.579310
-3.215993
-3.707167
-8.205791
-4.878309
-2.407434
3.57952
-0.357739
0.267015
-2.17332
0.887599
6.146722
-5.478787
1.194047
-7.197021
-4.916375
6.964921
-4.292623
-7.54453
6.192095
9.416865
-2.876191
-8.300267
-4.570540
-2.434669
-0.541633
-4.424811
-2.346396
9.704595
2.726253
8.810533
-4.53095
3.186286
-2.917272
-0.451844
-9.701017
6.72223
4.623416
5.228685
-1.671399
2.452538
-1.976052
1.421367
-0.267271
9.707811
9.972713
-4.461999
0.173296
-3.366521
-2.645185
-5.168677
3.386568
-7.691401
-8.867091
2.516882
2.75443
-1.84407
-3.484938
4.139783
-2.753537
9.52455
5.847068
2.223177
1.850716
2.679660
-6.161854
3.514667
1.810322
-6.672236
4.878150
7.66760
-9.206955
-0.791139
-5.240681
-1.339203
-9.310869
3.644744
-5.286475
6.442063
-1.478029
5.523206
4.295328
-3.664610
-2.322455
7.168658
4.203750
7.503173
-7.184040
0.214937
-1.251998
-2.81465
-6.239441
-4.572994
-4.854359
5.417898
1.943273
4.141392
3.494220
0.328430
-0.832611
-9.401265
7.584801
5.622878
4.790282
-0.360400
-4.156081
9.4548
-1.550543
-1.80543
-9.69315
8.962185
-1.831414
-6.455980
-8.16844
-7.352814
-7.148900
1.92501
-8.203142
7.664864
-6.208955
8.87413
6.898056
-5.363973
-2.607213
3.449433
-3.308530
-6.676833
7.179384
1.310401
-1.914668
7.341146
-9.507454
-6.965689
3.855081
-6.482265
-5.207640
7.187288
8.909405
-3.957238
3.894980
-7.824649
-7.192078
6.345035
7.739498
-2.425017
2.754404
2.876561
8.400341
-5.12535
-8.410710
-7.287469
-7.730227
-1.186095
4.986342
9.770887
3.472809
-7.433344
9.812972
-8.307429
6.227118
5.3057
6.976394
5.687287
-9.68722
3.8483
-7.988837
-7.733774
8.430584
-3.505022
-7.430680
-9.586186
1.345244
3.867229
-1.529880
1.556343
-0.920692
0.860979
-5.286470
1.597505
-9.322973
-7.873582
3.53155
-5.108271
4.708672
6.873405
-3.857005
7.681337
5.747042
8.899796
-5.447027
2.615855
-8.442040
9.385625
0.650249
-2.820987
8.389970
-9.862387
-1.972013
3.665783
-2.448720
-5.751504
2.160322
4.53122
0.813484
7.454936
2.566527
3.68948
2.339531
-6.664746
5.642098
4.110913
8.977477
-4.262242
7.622534
-0.734321
-2.20065
4.336771
6.849423
3.337769
-3.217957
5.420661
-2.78090
1.664986
-6.50624
-5.401604
0.571618
5.917932
7.851991
-3.829454
-2.548810
4.458777
-0.794509
-3.749032
-0.891820
-1.520005
-5.604876
5.745663
-8.978610
-7.192305
-3.18790
-8.616514
4.612744
-3.501309
8.28099
9.332000
-6.180038
1.75925
-8.872786
9.420043
-4.55466
-1.29716
7.247102
-3.302067
-6.859597
-7.970316
3.584884
-8.242215
7.892946
-7.389067
5.43681
2.954654
-4.580763
1.716519
9.627305
-6.204942
-6.485787
4.74717
0.717395
-1.425134
6.873889
-8.598802
7.216386
-0.855739
-2.501818
2.699075
9.812213
2.504920
-2.369472
1.762303
6.136161
5.30160
7.990367
5.296589
2.250893
2.196526
-8.620155
0.139369
-9.996383
-5.600496
5.824423
7.260900
3.831877
6.667175
0.450607
-4.325832
4.497790
9.452270
6.780341
-3.683046
5.618224
-1.943411
-5.290115
-0.391073
4.585673
2.924789
7.74793
0.396954
-1.879840
-0.892923
-6.231211
-4.514512
5.289340
-5.546060
8.97615
-0.711249
-3.583488
8.334488
-3.136322
-2.985372
8.998488
-9.516445
-2.800142
2.681457
5.827565
-3.721777
-1.140870
-2.131690
-9.630156
9.416608
-3.206798
-9.618950
0.80122
1.429487
5.25412
-3.486276
-3.736867
-1.368331
-9.777622
-0.844582
-5.494837
-2.443246
-3.753379
9.198222
-1.323837
9.260543
-5.719588
-6.768109
-5.289650
2.904182
9.113429
7.432232
5.377035
-8.297036
5.324637
7.836459
-7.37926
4.586262
-4.129509
-9.781471
5.507813
-7.515332
9.906628
-0.310878
-3.608513
6.374003
4.93622
8.504239
5.974183
3.830134
-3.883970
2.146879
6.62108
4.415740
9.373293
-4.807662
-7.463036
7.575357
0.429084
-2.797517
9.617542
0.486237
3.835833
8.559717
9.471279
-7.378803
-9.635100
-3.278098
-6.410410
-4.645194
-9.280273
2.339813
6.855498
0.250308
2.318769
0.185747
-1.741596
-9.79939
-6.221367
-8.140063
-7.666163
-0.199987
-1.372064
-6.277204
-7.331149
-9.907191
-6.812992
4.544294
9.676452
7.638552
6.228111
-1.62672
-2.661175
3.343101
-2.184521
-1.656712
-7.138479
1.781273
-6.379544
8.827351
2.286240
-0.520131
-8.417895
-0.835030
-7.505493
4.780756
5.330216
8.411819
-7.105506
0.148994
-6.682348
-2.371731
3.417129
-0.706960
-0.34779
1.731735
-6.705020
-3.283978
-2.45607
8.150008
-6.752084
-3.79948
-4.712624
-3.311286
-2.735388
-4.653099
4.270187
-1.208780
-9.282855
1.355603
9.770729
6.330825
-6.39669
-6.347862
5.606786
-6.805582
2.725007
8.727980
5.709969
-0.292832
4.109211
5.874160
-7.959408
-2.265734
6.532802
7.795390
0.268882
0.174650
2.313026
2.245968
-5.123484
-7.697660
7.597499
6.19273
-9.790621
-1.130579
-4.724949
7.360271
9.245325
3.662967
0.1504
-0.998962
-2.535221
-2.133599
9.658310
8.716142
7.629028
0.121975
-4.439316
7.291020
9.2622
-5.683334
3.207316
2.566680
4.510810
8.88858
-1.612568
7.834468
-4.961914
-9.824284
-1.151193
9.98830
-2.364855
5.546767
8.180191
1.55750
6.820373
1.199011
1.584637
8.706226
-7.259449
0.729459
7.147921
-0.50056
-6.569464
-9.880807
-5.183875
-9.107696
-4.806950
-5.204600
2.591668
2.519830
4.639718
-3.674998
9.225056
8.251646
8.909033
-5.293435
3.755671
8.257656
2.172730
6.619382
-0.245498
-8.415933
-4.161102
6.693900
6.586430
2.659065
-6.627168
-2.591729
-6.742621
-3.371999
0.692970
5.402510
0.34324
-2.706932
-2.268439
8.935423
-8.815581
-0.715863
-7.357221
7.331324
-0.674354
-4.26029
0.94052
-9.70774
8.756899
1.545107
0.245185
-8.612805
-6.421975
6.845424
-6.18886
7.187860
9.800983
8.986652
-8.471472
-1.841873
-5.273274
2.909194
-2.341362
-4.312401
0.194309
-2.680056
4.204857
0.803036
-9.697876
8.157818
7.634635
1.427558
-2.768800
9.15584
1.15586
2.926809
-4.807985
-8.236816
7.800427
7.255717
3.664146
-5.754547
1.172430
-4.856121
5.134692
8.59735
7.335461
-3.730149
-8.779508
1.438658
2.65823
-8.934279
-5.985922
-2.562116
5.491614
7.452372
-0.640799
9.261752
7.150972
3.6335
6.985659
-7.723580
-6.647655
-7.559389
-7.474366
4.924526
3.836676
6.51507
-0.805835
4.416438
-7.655386
-3.670473
-8.732600
7.530547
-3.920437
3.36961
-7.456206
-8.513634
-6.455746
6.62051
3.287558
-2.714443
1.244281
7.412050
2.747164
6.773939
-7.944749
5.867687
-1.869915
-3.69701
-6.22437
-4.713781
8.350963
2.614340
8.579655
0.721273
6.963720
-0.660026
-8.378049
5.407272
-3.713190
-1.918485
-2.242685
6.902040
-1.943448
1.320050
-3.68808
-4.645928
5.597749
9.380016
-8.538430
-7.393251
-7.175276
0.612432
7.149475
-8.17217
5.22300
-1.625827
7.179132
0.68483
-8.879933
-8.635920
3.82929
-3.539219
4.168187
-4.549487
-7.404392
-7.212976
-9.635263
-0.565656
9.895074
-9.369412
-0.907155
-9.267340
-2.835656
-1.71903
-7.296130
6.93499
-1.109938
1.975900
-3.555050
1.902169
-0.926861
8.804402
-7.663576
6.137508
3.759765
-5.69001
3.207395
-7.354078
-6.577533
-0.757695
-7.563187
2.560587
-9.289114
2.466012
7.640768
-4.217773
-0.442709
-7.434486
5.275112
-4.376014
3.106604
6.890388
-2.994707
-4.771569
-4.292878
-1.854764
0.34375
6.490704
2.166949
0.650864
-6.360969
-8.224125
-8.77439
3.551783
3.817369
2.117611
-5.554213
-9.334572
9.329116
4.599028
-5.418355
-2.350283
7.988103
1.588227
-6.165722
-2.361356
1.392904
-8.703073
0.759055
-2.835961
-9.309806
8.836250
-2.789329
-7.163750
-6.280138
7.915021
-8.439514
7.404344
-8.783865
6.777729
2.520448
5.922048
1.173950
0.386298
1.627226
1.197753
-0.248194
5.332761
-2.818732
5.2518
8.515852
0.260737
3.620160
4.65872
0.702453
-2.695625
9.439447
-0.810473
-7.28127
0.335112
1.83742
5.583823
8.704308
1.718174
-2.305524
-1.262848
-4.505167
-3.504699
-4.149437
-6.255949
7.85612
-3.675228
7.979548
-0.139819
6.575043
-6.912446
-2.833431
-8.135246
-9.117950
-9.116627
-2.650146
7.234359
7.162708
-7.22649
-1.396405
2.986431
-2.521056
1.439726
-1.552916
9.921455
-9.880457
-0.30016
-3.953955
-2.872934
-2.505128
7.156060
-7.121284
9.389615
0.498457
-2.113598
0.490987
9.232590
9.13633
-5.330018
3.321562
8.563310
4.967707
-9.400888
-0.481749
9.844591
5.122393
1.481654
4.156733
-4.826691
-8.514176
1.615594
4.150080
3.638691
0.521153
4.866734
-8.113242
2.141133
-7.13129
8.683185
7.507884
-1.508705
-4.358061
-9.177236
-2.355847
4.908701
-1.982102
-1.67036
-8.912445
9.531964
2.288313
-4.986704
9.223151
7.965360
7.646924
-2.233240
9.85251
-1.358054
6.16953
-2.251384
4.371686
-2.924740
5.42492
-1.358669
-4.28316
3.605290
6.407270
3.96553
-6.297921
7.540855
-1.992190
9.708864
-4.166880
-1.273353
1.172817
-4.253823
-8.425071
-2.185017
3.84343
-7.584552
5.184904
2.206415
-1.119439
-0.696183
0.385654
9.351128
-9.342198
-0.411411
5.949524
-0.489844
3.251049
-6.153883
6.606734
-5.168446
8.197689
-1.722778
-8.381709
-5.581752
-1.419459
3.192751
-7.442485
-7.193553
2.638469
-7.460465
9.449245
5.261276
2.183085
-7.639742
-5.816266
-9.796999
6.682846
-6.691415
-9.996417
-7.233645
-2.648336
7.593442
-3.969146
-9.601295
-8.417652
7.367741
-7.457759
4.938755
-2.997317
-2.207474
7.770378
-0.883718
9.270271
5.828100
-3.655309
0.687708
7.85345
1.323409
1.595453
-7.539948
2.101005
4.760575
7.296286
1.374871
9.668777
2.477917
6.148346
-9.330207
-0.747619
8.396998
3.511991
-6.257285
-7.742674
9.453657
4.475177
8.773941
2.684987
-1.182426
-1.721367
-5.815477
-6.155880
-5.29306
-2.319473
5.813005
-1.821649
-5.33420
-5.619672
-4.698456
1.76827
0.866592
6.124051
7.950208
-3.621992
4.435689
-4.766171
-3.798566
3.527143
-0.583898
3.331741
-8.518291
8.56900
-0.459557
-9.16253
-4.953309
-3.724383
4.353708
5.582521
1.128513
2.657758
3.407976
-9.710996
7.206347
-4.956038
4.763192
5.473518
7.392312
7.585700
-2.157001
6.837375
-2.703651
-2.138772
2.266789
0.554264
-2.139540
6.941955
0.760384
-7.877041
-4.368125
-5.784831
-4.7956
-1.39438
3.452531
6.223143
-8.367527
-2.838993
6.878276
4.839083
1.336639
-2.466754
9.403538
-9.71320
-1.181095
5.455564
-4.334412
4.613536
0.766454
-1.185478
6.972661
5.285004
-8.992585
-8.282705
-9.326838
-1.391775
-8.31780
5.419096
-5.495678
3.21911
6.391188
-6.971633
3.580783
-1.226594
0.948503
5.715395
-4.783115
-5.2840
-4.729915
-9.875320
-1.761786
-8.242305
9.783630
-5.789301
9.363342
-3.203199
2.731734
4.316061
1.569718
-9.259157
-9.86210
-8.23538
1.872497
2.142025
4.598474
-2.117739
-7.58891
8.486415
-1.335759
-9.586248
-0.292499
-8.329348
-0.701131
-3.988633
8.934800
-8.971782
-8.364032
4.861960
-2.17463
-9.527752
-6.817205
-4.614903
-2.679503
9.310989
4.782309
-2.973157
-0.119438
3.436532
1.273206
-1.682826
9.473604
-0.215400
8.448104
-1.560566
-7.694810
-4.965662
5.7214
8.878357
-1.581859
9.486182
1.661223
-9.915833
-1.579361
9.901994
-6.839662
-2.843516
8.401691
-1.878219
9.651412
-2.738733
-4.667934
9.288925
7.216609
-9.130488
7.374257
5.213871
7.138841
-2.752253
-7.523342
4.725316
2.41001
-2.460352
-8.198771
-6.188010
-0.21339
6.877216
-8.721304
-5.560816
1.306815
-1.57512
6.266384
-5.627358
2.539917
8.99773
-5.241625
-0.772431
7.568411
-8.31256
3.555537
1.825370
8.63136
7.969473
-9.316956
-3.354896
1.697431
-8.267874
-2.763743
-8.323881
5.733245
9.31528
5.427696
7.995454
5.711505
1.258270
-3.340111
9.494720
7.599312
-7.375193
2.899530
-5.995491
-9.720588
-0.341205
4.1052
-6.723695
-4.125259
6.963720
2.495157
-2.320686
5.438859
3.437916
-1.626875
-8.101577
1.315143
0.584529
1.297336
-3.634642
8.380675
-7.299177
-9.746734
-5.423887
2.911220
-7.636431
-1.594972
5.531054
5.186595
-6.418059
7.752869
-8.273986
-5.389307
3.514714
-7.129346
6.986495
3.427366
-6.453011
8.303479
-8.104027
-2.818377
-2.458037
-0.827342
3.914207
-4.123844
-8.599480
1.959046
-1.1332
3.343572
2.283102
3.454564
-2.271338
-2.516249
-6.968734
-7.52680
3.679309
7.485050
-6.97581
9.47956
-3.522771
-5.940084
5.85468
1.232910
2.288069
-1.765658
-3.795023
-8.362660
9.928639
2.429618
9.718134
8.381861
-4.239176
-8.264469
1.285082
2.731573
-1.244138
0.905907
1.192276
7.620931
8.19090
-2.702561
-2.609555
-3.527763
-4.489786
-6.464358
4.20511
7.804851
3.851484
-6.257992
2.588682
9.366327
0.47361
-7.717254
3.125268
4.75824
9.334580
1.696560
-4.40775
4.779514
-6.858746
9.512957
-3.607657
4.414726
-0.165930
-2.695406
4.218375
-0.495329
-7.432173
8.253889
-6.65056
6.401115
5.480981
7.397855
-4.712206
2.430170
-8.16107
4.490527
1.174634
-5.436264
-5.49762
-1.603810
4.981087
7.228955
-7.97371
-8.711605
-6.663833
-1.804988
5.347981
-4.333588
-3.541323
-8.346284
-1.777780
-4.927118
5.725375
-2.854833
2.527251
-8.961004
-4.135069
-3.514324
-9.869009
0.231478
-9.551901
-7.794907
-1.358353
8.987147
-0.595109
8.714698
-6.869144
-5.200377
2.693719
4.882579
2.887120
1.172077
9.999110
-3.465590
2.766771
2.115541
9.316890
-8.202445
-0.138500
-4.666376
-6.132359
-1.346932
-4.237213
-9.12226
-4.559508
9.922663
-5.546342
-4.598320
2.109273
9.431857
-7.313904
-5.340017
0.272401
-0.502113
9.16299
0.410070
-5.914476
0.398660
3.579352
-5.150271
-4.510348
4.546703
-6.947765
4.228998
-0.823287
-2.46459
-0.497705
2.526617
4.335642
-4.546928
-9.343202
-2.373177
0.500135
4.961291
-1.768871
-8.998736
-5.57196
8.39650
3.28066
0.648070
0.331519
8.425021
3.268594
-3.650990
4.557972
9.38542
6.470067
-0.799727
-2.909830
6.412432
-8.941452
-4.39942
0.254605
-9.49558
-1.170152
5.439674
5.904582
-3.62583
-1.472997
6.438763
3.539513
9.602097
-1.32397
7.330548
6.457842
-6.183149
9.988855
-0.481210
9.667162
-9.607480
4.433883
-8.510594
7.262636
0.991305
4.831241
-3.856768
-5.622779
2.82989
4.69830
-3.493132
-7.765326
2.344216
-7.753393
-3.280166
7.457740
-4.488973
-2.329891
-5.885075
-8.217110
-6.831695
5.651243
-8.215265
-7.158564
4.29889
-8.643437
-4.973401
2.235635
-7.386290
6.939280
5.561768
-6.861234
7.787912
-2.885101
-5.415437
-4.886577
6.129764
-9.518116
7.190766
8.230702
-2.224107
1.664113
-5.348750
6.622234
2.754312
0.25148
4.892484
-2.361645
4.762522
-9.980191
6.748113
-9.414336
7.113751
-0.610679
5.30982
8.953604
9.505630
-6.176814
0.202791
-9.969850
1.449976
9.204937
3.579616
0.878277
2.18724
-6.900042
1.441514
2.256550
-6.379620
-3.517842
-3.869213
-8.690544
-9.645949
3.600530
7.692872
4.193641
-6.611632
0.872034
-8.336492
-8.251178
7.112633
7.668972
-4.367233
-7.804817
-8.625106
4.342730
5.427646
-8.901836
6.458467
-4.267625
4.815512
-9.101161
8.296805
7.498413
6.100613
-8.122129
2.463005
-9.81105
-1.749333
6.330957
-9.376523
8.238892
-8.641313
4.197030
-7.539279
8.844579
0.306571
-0.53240
-6.472972
-2.418610
-2.624982
7.204720
-4.343148
8.923853
5.268002
9.484351
2.948333
3.571243
9.287621
-0.555935
9.127458
4.366757
1.858643
3.899921
-5.21708
7.324617
9.447130
-3.884955
0.686494
8.150136
-1.90488
-4.400424
-9.802485
5.487040
-3.618415
6.768594
2.265804
-1.449319
3.856029
-9.991610
0.274671
9.846548
-9.395607
1.297702
9.993038
-5.233264
8.535437
6.364240
-8.258214
5.537683
0.758583
3.564724
2.322863
6.407997
0.236398
1.313423
-7.996393
-7.732439
-9.922868
2.770525
-3.909195
9.462070
-4.829574
6.814192
0.386612
5.714305
4.533163
-2.141692
-0.989213
-5.931755
2.477280
7.900460
5.564194
-9.380442
-2.614202
3.807569
9.161103
-7.759297
-6.450040
5.491545
-9.454199
0.96586
5.16134
-2.535705
-3.63298
8.868013
-8.746923
4.212772
-4.998000
-7.25475
-8.98426
-0.126048
5.86763
-5.326497
-4.143090
0.955858
-6.479106
7.278702
-7.979986
-8.604876
3.568774
-0.381666
-6.944012
5.336357
-0.939143
5.882926
-4.975274
-9.893643
-5.397330
-2.969080
5.67734
5.696546
-2.435752
5.334190
4.894860
-6.730118
5.675272
-4.542653
5.995978
3.582303
7.294398
-8.263393
-7.615337
0.953345
0.571209
5.161075
9.678802
-6.119848
-7.246564
-0.555287
5.167247
5.651217
-3.388864
-3.873256
8.408046
1.481433
4.459992
-1.351701
9.533850
-0.920122
-4.479597
-6.796362
6.599667
-3.292561
-7.274641
0.891712
-0.422948
7.27269
1.763680
0.628161
-7.719365
5.848044
-8.277590
-9.656045
-4.420402
-7.658222
6.563284
7.330744
1.47745
5.993555
-1.239815
4.953770
-2.302991
-0.676340
8.463427
-8.72296
1.984382
-5.692381
7.31642
-0.52367
-6.674678
0.378173
9.991917
-9.599227
-5.525368
-4.528628
6.500719
-5.413646
-8.261974
6.842086
-4.782145
-6.317867
1.297296
7.30727
8.657853
-3.115427
-7.578023
-4.125279
-4.604289
4.30096
-4.461662
3.106098
6.949880
-7.812349
-0.369847
8.602153
-7.581562
7.776106
3.427222
6.17497
5.148353
1.461766
2.884965
3.893514
-0.602994
0.55125
-9.262182
4.273941
-7.471344
0.149070
3.665557
6.286598
0.330060
-5.125944
2.704976
-7.692307
6.752418
-8.946982
-7.433982
0.301354
-2.95548
5.794576
9.504538
6.175314
-0.651956
-6.820665
-1.767242
-8.589600
-6.580199
0.166261
-7.365283
0.841971
3.58090
6.414959
-8.289739
4.801777
1.6198
-6.681536
-6.618084
-8.770834
5.837914
1.935824
-4.900219
-6.544807
-3.511885
-9.22781
1.769802
8.538071
-6.758217
-4.896928
-7.739205
1.380596
-9.132031
7.14399
-6.686662
2.349834
-7.308227
-0.845435
1.67412
6.70708
7.21585
-3.285326
4.736607
-5.917166
-3.241962
8.517086
5.544315
7.329847
-9.555218
1.871216
-3.532324
-0.409159
4.921193
0.484998
8.161733
8.946932
4.379727
-7.746274
-5.100996
-8.202109
-6.946543
4.589853
8.512637
-9.879630
1.188878
-6.643396
9.625722
7.411379
-5.362154
4.61812
9.581061
-0.941485
2.461115
7.360206
3.72278
3.355644
-6.243743
7.797242
5.829638
8.928852
-3.482453
1.506413
-3.958947
6.244896
7.849260
-0.966475
9.27121
-0.443631
0.445926
-6.167706
5.811082
-9.806243
8.775748
-2.232234
3.571683
-3.982973
8.142204
-7.642394
-7.411274
-7.327351
1.968788
-6.916648
6.628766
5.82611
-1.122036
8.819319
-1.562809
9.79897
-6.684176
3.205286
-8.572077
4.267004
7.829182
8.217560
6.160681
-0.540509
9.839872
2.85891
-0.238549
-3.260124
0.318323
4.740579
-8.849488
1.904446
6.686745
6.251715
9.615034
-1.435258
3.322079
1.719474
-7.954794
8.513181
6.311281
8.977862
-0.628239
5.384447
9.582158
-0.267829
-3.70414
-7.157737
5.735084
-9.890885
3.375791
6.568041
-7.652491
-3.822526
4.135007
1.429808
8.309171
-5.44350
-7.862765
6.631796
-6.92022
8.92930
4.538967
-1.633230
7.143786
9.685669
4.694137
4.523974
2.894654
6.760970
-5.668809
5.896747
0.971703
-6.5564
0.415481
-1.783612
-3.377786
-9.784771
4.678655
-4.278171
-4.990556
-7.707953
-7.998403
9.30749
-0.660221
-0.989122
8.996317
-4.990977
7.17451
-5.454857
-4.451343
2.582580
-9.457850
1.616119
7.723321
8.406891
-9.868850
-1.319686
-5.283375
-3.654571
-1.226947
8.152962
7.845713
0.276905
3.484804
-8.884893
-7.777134
-5.539315
-1.988911
1.804576
1.748129
2.810127
7.731227
-1.477127
5.627632
-3.326612
3.563189
-2.882737
8.759880
-2.728421
6.275922
8.853726
2.44414
2.822187
4.286812
5.194316
-7.951589
-6.943833
-0.974384
-9.326616
-4.171452
8.252193
2.205447
-5.876929
7.59896
-2.239151
-9.299589
9.51047
5.516489
2.201178
1.426042
5.455562
-7.99867
-5.90182
-8.452692
5.782324
-1.922043
-7.984094
7.302159
3.668822
5.328855
-2.558182
-1.726881
-0.879366
9.354176
3.921772
-9.325525
6.517024
-2.440104
-5.69147
8.247123
-5.178187
5.81828
-3.712551
4.914580
9.264163
8.453
-2.455741
1.164724
-1.643889
-5.127120
4.524105
-8.806760
6.591304
0.484270
2.938352
7.735872
-6.798875
2.144158
-2.73881
-2.256866
-4.538320
4.509131
-4.379827
5.62479
-6.394911
-2.815248
-2.165367
-3.962291
-0.646126
-8.286018
7.645442
-3.418938
-1.688334
-4.649829
-9.250707
-8.755132
-9.647204
-6.415369
-4.224351
-2.718039
7.56258
-3.763113
-2.645365
8.810669
5.776000
4.479710
-3.141319
9.76055
-8.977132
6.369374
9.542351
9.550737
-8.387309
1.464600
7.328735
-1.407331
-7.999284
-7.302665
8.279766
0.576712
4.995873
8.699045
5.588813
0.386216
5.741083
1.420475
8.179522
-3.181782
8.842622
4.870043
-5.531139
-1.882169
2.169894
-4.588736
-9.433012
9.511425
-0.787333
8.918409
-4.497059
-7.984063
3.781500
4.431721
0.1815
-9.879092
-6.528151
-8.310432
-8.116914
0.463235
8.652059
6.512208
-0.104043
-2.423437
6.202139
-4.996258
2.741066
-3.177647
-8.726475
1.599777
-3.979335
-6.707771
-5.687833
4.934308
8.329364
8.75600
0.761752
-7.337185
-6.829676
0.26557
8.878943
-8.367539
6.25466
9.117872
0.592831
-1.968509
-2.640352
1.136509
-8.283766
1.199036
4.345554
-1.891732
-2.866130
-7.856440
-1.318802
0.939005
8.229659
1.931831
2.255871
-8.928254
-2.548758
1.613070
0.345312
-7.949671
-6.844103
7.874323
-9.632283
-3.879737
6.470221
6.717059
-1.679514
-3.720175
-0.239287
7.262316
-6.390783
-9.250222
8.809143
-7.191546
-8.566644
-1.185500
-0.279854
9.678907
9.823449
-3.546906
-8.254774
9.749504
-2.486452
3.695279
-1.824168
0.645341
1.87053
-5.214414
-7.124143
-9.194256
7.374425
-0.25104
7.536968
-7.542302
-5.437193
-5.208216
0.56077
7.692994
-4.322792
0.733813
-4.672022
-3.528202
6.101631
4.168748
-1.953803
8.23440
-0.79513
-3.369170
2.120376
7.123876
-9.959281
5.881364
-0.155983
-3.753237
-8.401110
0.923770
9.482910
-6.681935
-6.218907
-2.767027
1.487846
-4.788493
9.694073
7.257906
3.538646
6.489839
0.319700
6.84306
-5.993005
-1.368587
-5.977571
0.975625
-3.407305
8.890592
-1.110588
-5.21094
-8.161904
-2.128883
0.291200
-8.769233
-3.686858
6.36060
-3.698204
5.345624
-3.215205
-2.224410
-0.813361
-8.432263
5.279403
4.606394
-3.663909
-5.939796
-1.255251
5.787996
-2.828641
7.432186
-9.572116
-5.600837
8.86302
-9.537868
6.807772
4.422639
-2.325392
6.439688
-4.172470
-9.634328
-7.879059
6.35864
0.299034
0.410713
3.689192
-6.821328
-7.326830
-7.452958
-7.28984
9.786465
-6.466165
-0.881443
3.464564
-8.527634
2.193399
-9.93066
6.199133
-6.766853
-5.584220
5.996229
-5.951418
-2.989198
-7.259464
6.815812
-1.712464
-7.273544
-4.438042
-0.15000
7.444106
-1.414181
-9.592259
4.308341
-3.663701
-7.441019
8.51010
-8.699218
4.723322
-3.966504
-8.881723
-3.14315
-9.667096
-6.789881
1.296816
0.652465
3.900815
3.718913
7.716177
-6.608093
5.645161
-0.444306
8.1757
-6.268933
9.751384
1.224926
-4.989020
8.788833
-2.414263
-0.786999
-3.954746
9.328906
2.872716
-3.662084
6.521703
-6.631626
-4.916521
-8.460101
5.961586
-1.144296
-3.491089
7.400040
8.885464
-6.614458
1.893254
-1.51372
8.224927
-6.831085
-8.588760
-5.246833
3.413398
7.733616
-7.168144
6.235092
1.203393
-7.857137
-2.388545
-0.819341
0.454712
-7.192567
1.368963
-5.905940
-3.165110
3.502836
-6.613907
4.20026
-5.352821
3.528811
-6.40803
-3.334031
-4.69142
3.253579
0.287382
3.572368
8.239346
-8.181570
-8.966766
-0.819859
6.88288
-6.877163
-4.916967
4.653802
9.304932
-2.71205
-3.704065
3.890554
0.520512
9.982484
2.95813
9.315209
-8.349593
2.84280
-6.425209
4.53844
-2.956667
4.780291
-8.61093
1.151894
-3.581507
7.423438
2.11718
-7.415491
-5.921039
-5.815745
2.671977
5.245433
4.717683
-5.571846
3.111429
5.490128
7.552403
3.215220
2.648735
1.674232
-4.846565
-5.902502
8.216247
-7.824662
-2.742937
-4.66885
-6.595362
-6.710667
2.497080
-6.896161
8.961756
-8.166883
4.291833
-3.914052
8.185434
-5.203838
3.425406
-3.345505
-4.895977
-3.30565
4.48663
-2.171304
2.127568
-0.151491
-2.331271
-3.778339
0.499174
9.529827
-7.601872
-4.880395
6.555981
-6.958843
9.507835
5.935557
6.550319
-2.644115
-8.251125
0.999416
0.83303
6.516219
-8.194325
8.112081
1.952722
3.491730
-7.643156
5.625140
-4.641520
7.117703
-8.399193
2.414671
4.678352
-6.755250
2.333021
3.55586
3.558084
3.720841
-0.322198
-2.861327
0.868057
-2.944260
-5.519386
-3.116712
-7.211434
2.311387
-8.384833
-3.949386
-1.681867
-9.349751
-2.919752
8.507876
5.630343
7.481478
6.689716
-1.724130
-1.76450
6.389834
5.838477
-4.547548
1.634750
5.15628
1.621205
-3.613482
7.264061
8.422314
9.111125
0.437634
-2.606329
-1.488466
4.429019
-8.296046
3.33807
8.194392
-4.378161
-8.796550
0.310001
-5.270643
3.144216
-1.645289
4.607263
0.982594
-5.279157
-8.643647
-4.557544
4.710562
7.343185
8.15510
-2.150075
8.69006
2.836203
-5.86415
-4.351622
2.253031
2.436827
-4.167071
7.382431
-2.194031
-0.523153
-6.525184
1.688588
-2.926034
7.566270
1.126753
-7.318225
6.35201
-0.557879
-9.712611
0.286393
-7.423441
2.252692
8.414115
-1.406654
-6.509468
3.882555
-8.599811
-5.888152
5.607113
6.772206
-3.17153
-5.443665
6.887945
-3.920056
3.924324
5.121077
-5.979846
7.184053
7.116131
-3.970109
-1.269142
1.87470
-5.597328
4.241104
9.585067
-1.272322
9.653800
1.731997
-5.97496
-5.462909
-0.147333
3.541504
-8.930819
3.245745
-3.376584
0.349157
-5.46019
-7.66980
-5.332898
-4.934533
-5.676795
8.576838
-3.594679
-8.134614
6.600347
-2.465260
-1.817725
-2.670292
-2.239720
-9.609434
7.782249
-8.543659
-5.981134
-3.692003
6.917369
5.758651
4.4525
-2.792437
3.887090
9.385979
1.784718
0.197936
9.199841
-0.753956
4.73322
8.83579
0.133886
1.270260
-5.559683
-8.335053
0.563606
-2.922138
-3.503839
-2.903389
-3.288106
-4.741984
-9.246637
-9.619788
-9.48083
0.287594
-1.947754
1.843518
8.485841
7.404914
-5.292739
2.66685
-3.485405
0.586126
8.644935
-9.97978
7.298529
1.580362
-5.108710
8.632470
-5.389245
-6.968709
4.454443
-8.13035
-1.882043
0.653854
4.663521
5.991002
-5.591139
-8.935068
-7.475233
-5.499742
-0.234226
1.441674
-8.258228
2.215618
-5.150494
-8.10612
4.639489
3.39319
3.615016
-9.692023
6.820673
-6.2724
3.340654
6.963047
4.484232
-3.235442
-6.280689
-9.728682
-2.760947
-1.734026
1.649332
-0.477660
5.232046
-6.794532
9.851678
-6.34301
8.882460
-6.470941
6.734814
3.698367
-4.828638
2.908910
-4.864505
1.470003
-7.457374
-5.460761
8.523479
9.285017
5.784695
-8.153881
-9.84597
-5.913869
-2.160773
6.682317
-5.925194
5.406342
-6.361202
-9.70463
-3.779160
4.731888
1.211730
9.351665
8.145707
-4.858606
3.284893
-9.276248
4.899676
-2.521285
0.128369
3.488445
9.267176
0.842258
-2.606248
-9.423652
4.797177
5.667847
8.12773
-5.871788
7.529908
8.804533
-2.333192
-3.200482
-2.352976
-1.951447
-7.161861
-7.942116
-8.214906
-7.341433
-1.392161
-5.662601
5.884643
4.786369
-1.203091
6.829574
5.524424
-2.56181
7.250151
8.489658
7.812340
6.862917
-8.129834
2.880269
0.989182
6.30119
0.975786
5.590658
-8.91638
-8.491498
4.662028
0.133134
8.742055
-0.789277
-0.24340
-6.283866
7.35656
-1.957923
-9.476432
-1.838792
-3.386438
5.995179
6.843967
-3.817447
2.218340
1.766088
3.773915
-9.798949
-8.897370
-5.319331
1.103546
6.546003
-8.25971
-5.673285
-0.400917
6.198050
-9.611155
-1.583314
-6.770595
-3.231930
-6.975171
-6.695050
7.8348
8.173474
-6.496056
-6.484082
-6.454124
2.925485
7.372441
-5.787776
-6.10282
-3.942751
4.64008
7.250726
-6.836704
5.523930
-3.627549
9.888771
-9.139251
-6.276358
-3.619424
-4.304699
-7.361836
9.816805
-6.859243
-2.890068
-0.140034
-4.703943
-1.197814
1.392242
-7.519157
-7.553732
9.223719
9.537468
-9.701157
6.694489
4.34251
-0.658215
0.8218
-1.456701
-2.791440
-7.22717
4.609636
-6.132557
6.358559
-7.124345
0.470199
6.540022
-6.706232
-3.140786
-3.603688
-9.230716
-9.359272
-1.318488
3.957874
2.136673
2.744954
5.439102
3.923060
-3.910995
2.795149
3.611030
-3.912372
8.922893
5.729118
-0.999500
1.461232
-4.181269
8.301474
7.346417
0.289151
-4.921116
5.265029
7.446880
-1.599225
-9.596975
-3.80829
3.520985
5.941113
-0.596503
0.595235
-1.57351
2.213567
6.939506
6.553657
-3.46598
1.38652
4.307475
-5.808523
-3.948503
-7.671115
3.255156
-4.344360
5.818396
6.665565
-4.582280
-8.568041
-2.633137
-2.442485
7.297558
-5.61125
0.538690
-5.618665
-9.82430
-1.893219
0.133903
8.917811
-9.358476
-8.944178
8.165087
5.101354
-7.348214
7.479372
-8.708393
-5.491137
-9.864907
5.909007
2.662089
-9.431627
-1.542498
-3.943203
3.337563
-5.980732
0.700720
9.348627
6.590018
8.7173
1.684486
-3.771445
-2.710537
-9.832022
1.197027
0.344242
-1.408684
-8.472784
-1.429760
-2.446220
3.407271
-2.704094
1.797219
6.819028
-7.419931
2.948144
-2.366685
1.933005
-9.105537
-5.781891
-7.871076
5.35181
-1.705832
-3.425529
-0.170178
7.277342
-6.727755
1.738488
-9.141817
-0.560464
-2.485252
-5.117017
-4.259910
-3.591764
1.493656
1.162615
-7.426531
1.243145
2.536184
-0.800816
9.450558
-7.925385
-6.413040
-6.227093
8.702924
1.776818
-8.396917
-0.446260
-0.857852
1.253582
-4.931694
-4.246911
1.750768
0.149096
-4.383776
6.141339
3.699127
4.301247
0.202539
2.544820
-1.404907
-0.784403
-4.283974
-9.196234
8.112948
4.44124
8.668730
0.896944
4.488265
0.495227
9.718648
6.641790
-5.157335
3.711026
-8.529956
-1.317051
5.881831
-7.588511
-9.916055
2.238668
7.777227
2.528836
-9.707701
1.97294
-9.363064
-7.372435
-2.815803
-7.875942
7.370453
3.18227
-7.364085
-2.361989
9.763638
1.369359
1.408090
-7.476428
7.167552
-6.633842
0.255889
0.71014
8.58094
-8.452128
-1.894907
-8.576470
-9.691491
4.802630
-9.710587
5.297193
8.183664
-2.802406
5.875737
-4.697235
-3.795736
1.911646
-1.109555
-1.785232
-1.311111
-3.19349
-8.785887
-3.981179
5.656156
3.658552
-9.350356
4.527909
9.44220
-7.340083
-6.375574
2.350950
3.383700
-1.246065
-5.9061
-6.279836
4.477816
-8.46962
-9.531042
6.170601
6.251919
0.485583
1.685139
1.550602
-2.368027
-0.45855
-0.281321
8.353809
-7.691319
-7.919757
3.824355
3.716226
-5.131069
-7.854773
-2.384867
-3.377509
-0.491251
-5.592801
-2.210069
-4.903626
-7.529909
1.980844
-9.91029
8.760516
-9.235371
9.524654
4.940906
-2.961943
-0.118375
-8.973949
-4.215618
7.578950
-6.582231
6.394250
-2.598311
-7.46091
1.299795
9.673450
-7.488160
5.467948
0.532572
7.22739
8.171027
8.108506
7.206300
-7.849277
-1.447650
3.976320
0.544439
-1.845724
3.816507
-5.986696
-6.820784
-0.442504
6.612374
3.49411
2.310975
8.337970
-4.92341
0.208814
6.661339
-5.665534
6.800350
4.680722
-8.700900
4.942844
7.485348
-2.628208
0.528522
4.707154
-5.115700
-5.319438
9.824754
1.319028
-8.427118
-8.838972
2.436571
3.667565
5.508275
9.19492
-8.530587
5.407125
7.86744
2.939286
1.923606
0.619374
-6.625059
-9.735282
3.320719
6.957359
8.886719
0.253786
-0.724096
-6.614350
0.605271
-4.430463
-2.32771
1.897543
-5.652986
-9.343974
-3.677662
9.286102
-7.5084
4.143010
7.535260
-8.641656
4.784818
8.917669
-7.224127
8.728818
-9.418532
0.372911
7.999080
2.383785
7.499014
5.752023
-6.278537
1.219967
9.311597
-3.874145
-4.897674
5.785256
0.757973
-0.88977
1.359914
-4.208759
5.582328
7.513391
-9.383141
-7.877266
6.823390
-9.415527
3.423428
0.368528
-3.910191
3.583677
4.30643
6.584962
-6.131601
-2.927391
6.184797
-6.871409
2.843784
2.617356
2.92262
6.767515
1.911492
-5.802728
-0.693896
8.380241
2.252259
1.207625
6.64299
-8.63904
-3.811768
-8.151454
2.324425
-1.429362
-0.946952
3.293040
-7.861245
1.474956
3.549702
2.25263
-0.270166
7.710956
2.414958
-9.445519
5.387602
9.372807
-6.812175
2.439558
-3.610013
7.167326
-4.277908
-0.484965
1.588718
9.500657
-1.539864
-6.400235
-2.462011
4.493803
5.219588
-9.703666
-9.526292
6.982882
-0.257595
-6.674856
-3.664028
3.688414
2.557408
8.132255
-2.404262
-9.923133
-5.230483
-0.112829
1.797481
0.215749
-9.813153
-4.9998
6.179092
0.132610
-0.826462
0.387013
8.981590
-6.888101
-0.107862
0.745945
7.303006
-3.835262
6.742948
-0.520781
-0.146211
-1.387883
8.433111
-7.324539
-6.45049
9.884942
-9.2721
-6.578766
-9.817845
-6.793717
-3.638637
2.756869
-8.104249
-3.878556
-3.225325
-8.425684
7.211735
3.396631
2.990370
-2.688396
1.623319
5.137953
2.619311
0.565337
9.380482
-8.172610
0.204018
-4.294063
-6.278007
5.898800
-9.193573
2.308539
7.147931
-0.661214
-2.656573
9.695411
0.695374
8.142830
-9.132898
0.483423
9.504474
-9.318336
-4.714583
3.313816
-0.478238
0.949528
3.669720
-3.850551
-9.888650
-4.807093
7.777922
-5.973514
3.531820
-6.588505
1.708906
3.306208
7.36671
5.137017
-5.901308
-3.607552
6.154549
-1.768576
5.725469
2.238567
-7.420028
-0.475482
2.616691
-6.22679
3.352626
0.223080
1.150166
-8.638360
9.489645
0.451309
9.837168
6.609108
-0.749362
-7.927650
-1.994523
3.871336
9.848829
4.221277
7.478546
-0.152456
3.864218
-4.806384
-9.801516
7.369933
5.681356
-9.120741
-5.295640
9.876954
4.149612
-3.355434
-4.216637
-4.185953
3.738864
-5.492062
9.984577
8.85388
4.501223
-8.414952
2.464936
-1.657172
7.442968
-5.659492
8.432206
-7.26823
1.854642
4.459242
-9.679256
4.396217
-5.831401
1.947002
-3.928182
-4.639157
7.402665
-7.20222
8.894466
1.190400
-9.61471
-5.770615
3.743843
7.130766
-6.286819
-4.461343
-5.840293
4.162532
-4.920122
-0.613993
-9.845885
-4.117020
8.358703
-3.35870
-0.838398
0.209255
7.291580
-1.550285
-0.12191
-5.48294
3.601483
2.867367
8.758515
8.622680
3.374160
0.973842
-0.28179
7.488893
-4.859853
5.68231
0.788074
-0.113558
-0.298946
3.120786
9.677140
5.287530
-6.929652
-7.443799
6.508855
-6.528590
-2.149703
9.185373
5.785326
8.275559
-1.241000
6.520047
2.805603
2.905601
2.886677
0.761023
9.93285
-4.484946
-7.803373
-9.323433
-9.667806
-9.210652
-1.442167
5.390529
0.60983
0.313384
2.248665
8.654902
-7.645651
4.36212
-2.947371
1.88972
-0.232193
0.823038
3.338010
-3.253260
8.130083
-0.118181
0.919280
-3.318706
-1.592018
-5.12922
1.585112
-7.630544
-1.538467
-9.228262
-3.944600
5.329822
-8.352522
-3.332425
1.109316
-2.351001
-5.784484
2.851933
-0.427525
-8.604946
-6.181230
0.954097
6.545745
-5.634531
1.740314
-6.810466
5.966663
-8.408396
7.507758
-3.570056
-3.881254
-3.571436
7.275135
3.427982
6.348683
-7.145610
-9.864387
0.90128
-2.453375
-1.8949
6.17814
-6.391868
-0.9987
2.708343
5.335711
-4.1409
1.89140
-2.383390
-0.736092
7.607475
1.86134
-2.869650
-0.912120
-2.275643
5.111100
5.158807
5.229228
2.805380
0.812011
-5.273230
9.759093
-7.667208
-6.52658
-4.706930
5.58007
-7.454572
1.558587
3.750792
5.121314
-4.123529
-7.282738
5.133107
6.550153
7.92919
1.437044
-9.950944
5.119675
9.32378
-3.588795
-1.41372
-0.964879
-3.994506
-6.483552
-7.860489
-1.917312
-2.281474
-5.595429
-6.604758
3.114841
2.970394
2.928295
0.780340
6.677387
-7.704796
-7.53147
-4.296799
-3.406677
9.425015
5.618959
-9.109821
4.537484
-1.701036
-4.217234
-1.636231
8.83651
0.480185
5.776779
2.125810
-6.559658
-2.183469
-5.38615
-2.89976
0.848410
-7.830174
3.379404
8.413414
-2.246382
-4.473736
3.183882
-9.524367
-8.949232
4.419476
8.682737
4.965456
-4.972431
5.756809
-4.648094
1.20258
-1.331021
1.199342
0.735042
5.991958
-8.671126
-3.506133
-3.133209
-7.636007
7.494711
-2.518804
-0.317746
-3.249
5.717080
7.539557
8.557657
7.619790
-5.72483
-7.811492
-8.733880
-3.118732
8.439784
-6.880920
8.966505
2.162125
-5.887255
-9.340984
-5.5122
3.852099
-8.155077
-6.562150
9.126280
-9.662136
-9.401764
-1.80206
0.205774
8.965945
-7.350500
-1.525354
-7.642864
-6.681391
-8.676090
-7.461059
-6.36549
5.635990
-8.315293
-9.115761
6.173538
5.593811
-5.671721
2.141147
1.669877
0.181345
7.589173
-8.376220
-9.188259
-5.461600
7.537228
0.420265
9.962810
-3.352644
7.635565
4.454205
-8.503404
5.668574
0.546273
-1.374980
-3.604288
-5.101048
9.906968
6.181263
-0.572620
-4.306186
4.810316
0.637911
7.941314
2.519465
2.520830
9.602595
4.391277
0.42243
-1.729346
-6.122462
-9.402936
5.192647
6.384166
-0.133048
6.966302
3.904804
6.368818
-1.870210
9.728921
7.96868
4.944607
8.775542
-3.258248
-0.455350
-6.741829
0.721972
3.13180
2.522421
-8.947310
-0.376819
4.117136
4.462224
-6.566347
-3.370819
-1.395105
-2.676387
6.817260
1.725354
6.442912
4.215632
1.682328
4.213233
-2.66401
-9.593294
8.959666
6.648170
6.530906
6.525749
-9.470205
4.642252
-0.106053
-3.838919
1.100042
7.180373
-3.535263
-7.390189
-7.499827
2.844653
2.496144
6.401610
4.937870
-1.254765
-3.298167
-6.667126
6.216109
-3.889278
-1.330316
5.905538
-0.856652
1.110218
6.914573
-4.952044
4.952218
-3.981494
-0.665872
-7.448666
-6.10749
1.850324
0.42196
-6.540220
-1.502998
8.520233
0.463547
2.432982
9.608912
6.42952
4.608938
7.323049
-3.546291
2.774808
7.926561
9.939421
-3.68153
-0.610925
-1.267567
4.221483
6.911009
6.150109
3.360672
-8.915704
-3.925423
-6.304402
-3.521038
-0.527548
0.338131
-3.102307
-9.785095
4.880892
8.789077
-5.551847
3.193070
-1.732096
3.205511
8.76862
0.295482
2.986637
7.676927
-3.7993
7.786533
-7.75190
-1.648773
-9.466547
-4.951580
-6.204730
9.836922
-2.115724
3.295323
2.770377
-2.207346
-4.966903
0.997456
-9.708078
6.919522
6.669178
-9.947
-4.252960
-8.43875
2.642437
-8.962242
-0.792366
0.201008
-7.381239
-0.581507
-6.7324
-3.251903
-4.610727
-1.103137
2.406061
2.11140
-8.253962
1.177014
9.945421
6.542083
6.918580
-4.795993
-1.527597
-9.745468
-4.261283
-8.329065
5.188866
1.807587
-6.699038
1.54945
3.311181
1.653277
-2.565828
-2.818147
-9.486813
8.697912
-1.446389
-6.524610
5.649937
6.719960
-2.799835
8.896886
-7.779368
-5.574360
-3.901351
5.650052
4.347953
9.281722
-1.595667
4.267915
4.840549
-5.715797
-5.206004
-4.355119
-4.941315
5.193170
1.472454
-5.968033
0.3846
-6.278933
-2.364589
-1.571997
0.554432
7.910428
6.458132
-7.200710
-1.319721
9.777906
-9.616229
9.484625
-6.135760
-4.336763
-8.500874
9.923811
1.212640
-0.752359
-7.193020
-2.398930
-0.168161
-6.96382
-6.967860
-7.623145
-5.294385
7.671234
-0.657867
-8.195599
-5.444896
-4.427268
-3.627100
1.531887
6.453265
2.755824
-1.11561
-6.774908
2.505351
1.144669
8.926276
-8.653542
-8.620725
0.476758
-4.189915
0.928659
2.513402
9.445018
2.680022
5.914703
8.934124
7.414952
8.272471
0.191193
-9.234797
5.403847
5.837841
-6.798460
0.989643
-2.101960
8.298308
-8.56287
2.803166
-2.198748
-1.258570
-4.952247
-9.35605
-5.3851
-2.180951
1.72256
-3.822434
4.874114
7.364486
-3.430629
-2.549300
-0.426766
-7.991687
6.757465
-6.169117
2.939370
-7.466575
3.201209
-6.74576
-5.391851
6.827875
-8.617445
-7.197113
1.404719
-8.555077
-9.637830
-8.754937
1.237412
0.108838
6.205085
-2.724902
9.443210
-4.828609
8.884000
8.162290
8.328080
7.2680
1.975822
6.670674
0.419020
6.684193
7.531844
5.388740
9.762920
2.411850
-4.20999
-7.529736
-1.920989
5.395967
-0.29248
-1.245386
5.839553
-0.978250
-5.342239
-1.368943
-7.97088
-3.197207
-1.424238
-4.531945
-1.629168
-0.920991
5.132316
-3.739058
-4.53474
-5.475915
4.168672
-5.976177
-3.901110
-1.435646
-8.734107
5.764570
-6.694875
-2.89570
8.821044
8.168569
-0.543996
-1.968323
-0.971286
-0.506579
-6.970169
-2.391304
-1.15370
7.714624
1.950965
-3.582983
0.979623
-9.270677
9.136999
-9.519179
-6.981868
3.154232
-9.957264
-3.555983
9.173096
9.378429
9.164249
7.215580
-0.508599
-0.460768
-9.507735
-1.899958
8.918359
-8.257814
-4.524245
-5.22345
-9.953386
-9.345014
-8.198254
-6.484394
-4.226365
1.910689
3.412317
9.295677
-0.759041
-7.269726
5.410716
-4.194337
1.891268
-9.122154
-8.922528
1.306962
5.913335
0.215265
-9.801437
6.328597
-8.175172
-7.54469
1.633010
0.968452
-8.5210
-3.283723
7.187598
-8.184250
9.498790
2.204518
-1.291077
8.228204
4.877265
9.952868
-8.939406
7.95949
9.849538
6.579786
-2.131428
-3.747152
-4.180333
9.390743
-3.572719
9.101178
8.130978
0.68296
6.252797
-1.81465
-8.285917
-7.183942
-2.104138
7.738029
-5.623732
-9.943314
-3.148874
-3.761974
4.582691
3.314974
-1.143074
-6.565781
-6.303965
-8.132352
-6.795498
3.170667
-0.243433
8.920496
-2.330511
-5.839366
-3.26849
-0.24388
0.579134
-0.904124
9.873750
-1.93435
-9.148006
1.717496
-0.837499
9.793514
-7.183360
6.776600
-9.789882
7.810992
-9.94312
-8.779925
-8.811147
-1.336850
0.119010
3.773022
-4.613859
-4.300947
-5.400068
9.698835
8.878657
-0.185975
-7.856865
-2.102056
-5.874748
-6.989101
5.833537
4.402202
3.268539
-5.978978
-2.470349
2.616401
0.994218
-5.300862
3.737477
3.657915
5.372042
8.546866
-8.475340
7.463697
4.806579
9.631002
0.233242
5.940800
-9.574173
-3.801428
-6.362883
-1.421453
6.245381
-2.267441
9.186467
2.881116
-9.53716
5.77484
4.538123
-2.343086
-7.481474
7.786826
4.177694
-0.922619
-6.578
-0.398272
-9.732103
1.996289
-3.524395
2.53899
7.759068
-7.11946
-2.875750
9.342172
8.358559
7.247841
-2.641020
-5.804044
-5.161359
7.803492
8.48221
7.742079
2.339221
3.601382
6.279651
8.109550
-3.939492
-4.372249
5.968954
2.300434
5.709774
-9.194801
-1.575045
3.511848
-8.476886
-3.470737
-0.375320
9.471796
-2.240102
-4.720984
1.968341
-9.741243
-8.51634
8.807970
5.319718
1.494493
-9.547433
1.152262
-3.629376
1.107431
-1.938974
-7.139523
6.483861
0.827561
4.772007
5.113200
-3.960692
-6.770325
5.397998
6.845369
3.412872
-3.810281
9.748749
-1.286969
-3.969494
-5.273209
0.185205
1.597153
-5.464498
-7.543694
-0.588429
9.567044
-3.220783
-8.633984
-6.130969
6.515104
6.797235
-0.41146
9.915453
9.533180
-1.34462
-5.358273
2.644136
-9.408616
6.962923
6.144471
-0.33757
9.624177
1.686056
3.650098
-9.845319
6.200944
-0.559958
7.638408
-0.239614
3.333070
3.741043
7.616032
8.587896
-5.604779
-4.243081
-5.91229
0.716269
4.855336
4.175119
9.773882
-5.199435
-8.249013
8.480113
8.808190
7.766424
4.421982
8.100432
-0.994968
2.997854
8.72013
-6.878268
-8.966728
2.445218
4.516147
-5.345964
0.779988
6.51868
-3.205210
-7.878422
2.827470
-0.901777
-5.842385
-7.781679
-0.791203
8.992088
-9.660120
-3.886528
-2.387582
-0.51321
4.536514
1.649746
1.74101
-8.124000
-5.730500
1.250849
1.451470
9.754345
0.259908
-0.479478
-4.927262
8.191625
-2.150837
2.771625
0.531912
2.431493
5.332684
-9.531825
3.80786
-9.701128
-6.754922
8.102342
-7.128814
0.709427
0.625859
-5.669313
9.831879
7.806380
9.962993
-8.205652
-8.585678
1.155938
0.566178
6.890498
-7.769250
-4.932936
4.665107
0.417235
-2.460016
-3.537006
3.644036
4.708368
8.437978
1.983705
0.633524
9.435701
-3.305375
-8.607936
5.391560
3.737033
-5.861836
-7.37243
-0.849243
-3.943004
4.544305
-6.795356
7.365471
-6.602881
2.313966
-4.461719
5.284496
-2.367975
9.868096
-6.900091
9.321756
-0.935044
2.672891
-9.233110
-5.516582
0.499677
1.235752
1.368844
-5.123673
1.454569
-6.861590
3.494612
-9.272984
5.18434
5.855249
-8.691341
5.263745
-7.950648
5.789293
-1.145277
-9.961603
-4.782576
4.436257
-7.771765
2.391980
-7.127220
-2.439205
8.645135
1.80280
-8.645442
7.757063
-9.220547
5.3643
3.779242
-0.780454
-7.40214
-6.541846
-0.553806
4.444939
0.855270
-4.755719
-2.524230
-8.655415
1.938611
0.392251
8.420640
-9.682417
8.474029
-9.229774
-3.255296
-1.695872
-2.996754
-1.489574
-5.577886
-1.549806
2.313666
7.996688
0.38076
0.82965
-9.244341
0.651292
-0.93587
1.759068
-8.200435
-7.164226
8.947249
1.589716
-1.666179
-2.697739
0.162040
5.914352
-3.194042
-8.558046
-7.629074
4.378441
-7.714751
-8.58644
0.92537
-5.806812
8.947594
-2.770179
-1.486793
6.126893
-2.147350
2.675106
-1.227263
9.666543
6.473283
1.201911
6.419039
-4.885362
-3.768523
6.678461
-5.857893
-8.539958
-6.372529
6.819209
-3.502417
7.55628
3.209286
3.125431
-2.718414
-7.698630
6.140477
-6.156677
-3.642023
-4.343972
-0.804815
-3.149794
6.153017
8.278430
4.812564
-5.725861
9.694270
-7.348788
-3.364521
-3.1437
1.926079
9.128083
5.809359
7.905299
1.301265
-0.765780
4.10009
2.891847
8.467602
9.626157
4.670369
4.135358
-0.593105
-3.220192
-8.658403
5.658856
8.920180
-1.99204
2.836254
-7.289705
-1.803529
-4.215245
-1.674647
0.818400
7.957638
0.904926
-6.386124
-1.128208
7.447260
-5.256859
-1.558442
-8.761737
5.27530
7.681532
2.596339
2.622272
0.525110
-0.798511
4.883378
-5.763665
-2.32827
0.393935
5.15053
8.456580
2.455062
-6.185254
-8.338716
4.319276
9.742491
8.477318
-6.297112
-9.521754
9.366490
-1.538670
-6.340344
2.245502
-2.159070
2.983525
5.363426
8.262386
6.420912
2.430152
7.568193
3.346215
1.478453
-2.561247
0.216869
4.3133
-4.202198
-8.246498
2.866994
-8.129218
-9.427105
2.292060
6.664312
4.515274
6.546554
7.613220
-7.1845
-3.3975
-5.580577
4.545115
2.935697
-8.602459
-9.116777
5.786291
-8.405560
0.584597
-9.372337
6.99500
-1.61178
5.678282
5.897316
-4.286475
4.224676
-6.674022
5.712110
0.72163
5.757312
-6.486109
-3.21402
-8.230187
2.758034
-1.32049
-1.860643
9.908130
-3.722487
-4.333917
5.388344
3.854910
4.286646
-2.747776
-5.299768
6.394671
-4.118592
8.621014
5.688227
4.725791
6.351009
-0.903512
-6.515506
-4.764521
9.328838
1.105774
0.414508
-7.996068
3.491773
7.646437
7.48575
4.422796
-4.287912
-1.181678
-3.301577
6.438349
1.624041
8.719298
-1.148602
3.634439
8.27078
-3.714865
-2.69061
-7.376312
-6.900747
-2.942134
-3.411495
-5.943775
4.159988
1.264713
-5.983741
4.700786
2.803008
3.322266
-1.539432
0.783344
-8.676129
-9.632295
9.164261
3.763802
8.593707
-4.218904
6.545836
0.895119
-6.448432
1.23704
-1.542932
-7.179214
1.619143
-2.560379
9.637359
-7.393515
1.543712
-4.189714
3.675130
-6.933411
4.423044
3.555524
-7.274625
4.773039
4.799128
4.369337
9.151749
9.465723
-2.633527
7.227295
7.514021
-2.169834
0.859733
-2.231628
-7.82024
-2.4630
-2.218350
-8.785371
6.600813
8.145812
-1.411370
-9.973122
3.10282
-2.658347
-3.994046
2.138388
0.517592
-8.675370
-1.317788
1.636328
8.48050
7.8701
-1.557455
0.485287
7.81590
-0.661844
-6.595387
-2.33967
1.443308
5.489641
0.883909
6.172839
5.493560
-0.738510
-2.655669
-0.810709
9.757318
1.197492
-3.432956
-7.64521
-0.238001
3.397470
-8.483345
-7.571317
4.287029
4.657231
0.303961
1.261162
9.720557
7.516286
8.768327
-8.41080
-8.343248
9.232286
-1.709832
3.857478
5.337068
-7.743989
-4.628560
-4.434089
8.166569
-4.193558
9.720598
4.241249
-3.494022
6.134586
-0.6353
5.866643
4.912947
2.578221
4.443340
-6.262656
8.917287
0.406931
9.302905
-0.441293
-1.446623
-1.139208
3.812914
-7.671946
2.748942
7.812230
2.902890
-5.364171
2.944710
-9.870692
4.483243
4.152137
8.105010
-8.3127
2.313281
-6.169339
-8.797561
-8.434899
9.322601
7.471042
0.14808
4.960252
-6.206722
-4.634461
-0.854393
-6.826212
-5.296220
7.214410
7.471361
2.886330
-6.900610
-8.960824
5.722532
4.998648
-0.461118
-0.375237
0.36882
2.898001
-5.773709
-1.157771
9.920879
5.546278
-6.702455
1.978070
-7.408952
-8.308384
2.845705
-8.851179
4.243355
4.893888
5.241118
-8.816203
5.612101
-5.835534
6.604611
3.322782
-9.783554
-9.832204
1.166790
2.258675
8.26892
-4.855700
9.738627
-8.881855
-9.284031
5.922626
-3.172877
8.71666
-4.33348
-6.347982
6.689693
-6.463007
-9.246906
-6.743847
8.931898
3.220013
0.916576
-1.899996
-8.505101
-7.491597
-0.269725
8.564251
7.224082
-5.344969
-8.278797
2.662882
-2.787302
-1.468315
6.21773
-2.647170
2.603182
-5.433053
5.476130
-3.20097
-9.914105
-3.474889
-2.592371
8.472132
-3.702190
8.799542
3.144874
-4.427879
9.627916
6.475540
4.747301
-1.858746
-0.29888
-1.210009
7.782752
8.285922
-1.211117
9.828062
0.250063
-3.184851
-3.977395
-0.455548
-6.249488
-5.662869
-8.164006
-2.291024
8.723797
-8.549157
0.716507
-9.218331
-7.591076
9.232497
4.650185
0.436513
7.579963
-6.266375
-8.811643
9.876994
-2.890306
-0.963145
1.603755
-7.43084
-1.656230
3.473083
-6.703650
5.163389
-0.621869
4.290208
-4.29172
-3.88824
3.654015
-1.218492
7.237803
2.961436
-0.84964
-1.739689
-0.765691
-5.370415
-5.103019
-0.712714
3.901479
2.776743
4.54650
-8.450794
-5.368984
-2.421887
-1.875880
-8.542605
-4.331760
-3.133653
9.911428
9.268840
-4.765326
-1.540764
7.584589
-6.116804
-7.300797
-8.242085
5.747229
4.878105
-7.207184
-3.421185
1.222249
-0.364531
4.325818
3.707426
-0.732693
-9.683662
3.930747
8.609673
-9.400450
-7.753614
9.445907
5.15627
8.946273
3.606829
3.419181
-1.259211
-4.185874
-8.47284
8.977094
-5.403083
8.594092
-1.831799
-6.140618
2.654193
4.489328
-1.430469
-1.752405
2.686014
-4.142104
-1.327859
-2.180818
2.439581
2.952327
5.77579
-9.522763
4.53277
-3.836430
8.319322
-7.627978
3.162850
3.710254
6.716099
8.196011
0.612616
7.89095
-2.560981
-7.771134
-0.454484
-6.625612
-9.810667
1.412732
-3.509548
-8.449266
-0.405208
-4.515215
4.301320
0.161287
9.396579
-9.176858
-8.644227
-9.159250
-7.902745
-3.314293
-1.378925
-6.174222
9.739298
5.127430
5.175049
0.717829
9.383747
7.368359
8.865566
-9.624171
6.323834
-4.93523
0.538684
-5.220299
-8.425854
5.126187
7.430556
-9.698686
-2.826956
-1.324915
-2.158181
3.764668
-4.143238
5.111563
7.347284
-8.246979
0.503858
9.762149
-0.181102
8.696165
-8.588927
3.303723
0.465717
-2.363265
4.607444
-1.856952
-5.378674
-8.40005
-6.725657
1.301196
-2.423496
-5.383689
-6.308002
-7.218766
2.336280
-0.119104
2.660719
-0.940739
9.625146
1.573599
-7.594661
-5.879219
4.675587
-5.127005
8.861387
-8.742369
-1.16931
9.705283
2.53223
-4.758204
-3.32743
8.982121
-4.877355
-3.733220
7.912981
2.24081
3.923472
-4.506181
-4.328565
2.599930
-1.654175
1.882093
-1.216429
0.932482
-4.765370
-7.567724
-9.942298
5.582514
-5.912760
9.558182
0.641435
-4.724476
1.719229
5.301281
-0.81285
-8.953332
-9.659792
-3.250299
-8.913786
-2.703476
7.410276
-6.583282
-1.204615
-7.151630
-5.190253
-6.233463
-3.305343
8.845716
7.877116
-8.244460
-3.31327
-1.924596
-9.806359
7.893046
-7.149843
4.825769
3.521252
-9.694942
-4.896649
5.588189
-3.811392
8.724045
8.50625
-2.26712
-7.469941
9.945245
3.438661
-3.609980
-0.742206
6.716421
1.752454
6.776933
-8.405843
-8.811095
-5.177025
8.693884
-1.111489
8.735183
7.443385
-0.113211
-1.505475
4.651503
-4.475891
0.301351
-0.20929
1.784467
-8.450440
-0.23748
2.232038
0.971958
0.348051
-6.139005
7.617922
-1.802722
-0.269174
-5.454515
-4.336696
-4.354376
-0.633889
-0.917439
-2.437801
-3.431077
-5.223256
1.187477
0.651188
-8.791413
3.818389
-1.327253
-0.85893
-8.537694
-5.312218
6.914942
-2.513719
-2.68090
-6.912110
4.66708
-9.832704
-1.660537
9.90309
-8.354058
6.456445
8.229171
-0.843945
-8.918689
-3.772477
-9.674483
5.79223
-3.839744
-6.826775
-2.157853
-5.783121
8.624030
5.660712
-1.83720
0.113235
-2.884094
4.704062
-0.391527
5.273743
-2.952955
7.999562
8.725782
4.46557
-5.508311
6.179133
-7.971135
9.983729
6.565971
9.862047
-7.994969
0.318797
-2.806327
-9.203083
-7.836658
8.142095
-6.408222
8.309523
5.925221
6.95060
3.162167
7.317099
5.793921
4.282072
5.925912
6.325512
1.594108
4.648498
-8.676393
-1.69320
4.133725
-8.822564
-1.135399
3.314366
8.922373
-1.951379
2.613223
-8.362687
-6.216205
6.739748
9.279012
8.378022
-9.355575
-1.17998
-7.84726
-6.392418
-6.115872
7.663310
-8.860608
-0.632987
-5.591858
-6.899388
4.872677
-3.821998
-8.62128
6.486274
5.452652
-6.555371
7.442929
4.308072
1.703767
-0.312795
-4.957721
4.773944
-2.592182
8.334808
-3.985906
1.609642
-4.634111
-6.759167
-6.724558
-5.325649
4.973165
-8.989979
5.426793
8.851982
7.174315
1.542368
8.135805
-4.298881
-5.697287
2.439234
7.907758
4.491889
7.13624
-0.51445
-6.91624
8.103167
2.157797
-0.182092
7.33179
0.898473
-7.90771
-9.600497
-0.685244
7.453546
-6.756565
2.63853
7.501406
8.736038
-1.10565
3.565897
-9.727684
8.985443
-6.845506
9.734665
0.988552
-6.330536
0.270283
-3.492654
-8.263825
4.313788
1.598129
-4.24608
3.601464
9.858675
-3.847686
2.176472
-4.464554
3.353377
-3.541385
9.578109
2.362023
-1.500249
-4.76932
-7.326373
-6.185766
-6.928028
-5.617013
8.270478
6.624461
2.205880
5.96984
-0.509106
-5.460392
-7.796350
6.767996
1.880234
-2.947250
8.272030
2.830876
5.920318
-7.370496
5.779538
-1.688406
2.698563
7.701389
-8.60922
9.953634
-2.360433
-6.151047
0.866862
-9.118691
0.752206
9.300360
-0.840084
4.697753
3.542781
-7.335901
5.694125
-1.887931
8.58134
-3.410613
-6.558705
-7.495164
-5.713086
7.492470
-1.117664
-6.985253
8.558841
-5.77752
1.921920
-9.528015
9.750181
-5.884309
5.135156
7.201285
5.784086
-5.977185
9.734215
9.931963
-2.721474
-1.485964
-3.344123
-2.564510
-7.447485
-8.349484
2.451910
0.330247
-6.836748
0.149187
-1.704551
3.44622
-0.612717
8.967541
0.604258
-7.752307
-2.936861
-4.759234
-0.721030
-4.897442
-3.366224
-7.565647
6.23727
-1.6997
5.916119
7.369897
-3.602319
1.913825
-8.248896
-3.890802
-0.771508
-7.96135
0.383351
0.493632
2.507840
3.357107
2.907270
5.642943
-2.378021
9.981956
-1.603937
-6.464866
1.609366
-6.166506
9.103829
2.541944
-3.233158
-6.114334
3.977408
-9.510708
8.160731
7.260997
-9.926210
7.696449
9.62358
1.456410
-0.764854
9.106360
3.394755
-8.395287
-1.998757
-2.976675
-0.941526
5.276663
-8.24774
-0.660995
6.58785
2.641766
-3.536529
2.637447
1.959181
-1.72963
0.992715
2.295100
-3.179328
3.265580
-3.579448
9.354091
7.736546
1.671518
2.218771
3.506332
-8.344254
0.142397
8.113560
-0.320103
-7.734788
-2.606117
-4.589507
-7.47008
-7.406613
-1.150726
9.772374
3.213085
8.782225
5.471865
-0.975704
-8.352529
-7.727753
2.186962
7.851251
-5.679802
5.778282
0.139405
-1.574625
5.263270
-5.987273
1.326081
8.150139
-3.195991
-6.167861
-4.768166
8.19592
-8.782744
-6.683667
8.835923
8.592318
-2.687641
5.244361
-1.335634
1.524820
2.734884
8.632904
-6.474903
2.23021
-5.543131
8.507099
7.406981
7.111658
-6.316179
0.756562
6.767707
-8.29415
4.836322
-6.360536
-3.660331
6.515329
8.945508
-4.244245
1.594383
-4.191914
-8.237402
-7.466310
2.447286
2.446722
3.664637
5.420603
7.855994
5.658450
-9.555981
6.916925
-6.266104
-1.854753
4.315777
-0.640431
1.335384
4.460119
-7.38089
-1.992626
-0.402685
2.649853
-9.457990
9.111153
-2.638759
-0.877130
-3.703153
3.260807
8.98127
0.644268
-9.659828
-2.255542
2.590621
8.451523
-7.788205
-5.564305
-6.259250
9.504973
-5.271134
-9.897374
-0.558495
-9.810479
-1.86603
5.652971
-2.397040
9.634587
8.6043
0.363144
-2.166010
8.969081
7.248631
3.956402
4.225895
7.515100
-4.451523
-9.190274
-9.92133
1.892955
-7.337197
-7.39338
-3.643645
5.842650
-8.891897
4.865654
2.764500
-1.376641
9.266382
-2.692974
8.677741
6.8171
-5.581636
-8.956633
-3.943641
-5.145616
8.731880
6.66771
-9.333932
-4.23055
7.13635
-0.955332
-0.849929
8.429707
6.683772
3.838020
-6.891198
9.327535
-6.853656
-6.528990
-1.795550
8.474180
6.120570
-3.894718
-5.155626
-8.795191
0.679067
2.604459
-7.431655
7.459743
2.865345
-5.842553
-1.915892
-7.666997
-3.52502
-3.532400
-3.768660
-3.9514
-1.805382
4.522899
-0.185122
6.838389
-4.921680
5.801278
-6.423241
3.504046
4.849009
-3.898384
0.979707
3.430282
2.811802
-5.436171
-4.261215
-7.956562
5.900578
-9.281594
4.378448
1.386561
-2.910392
-8.897947
1.292619
-0.992457
-6.323661
4.751181
-9.909308
-8.366898
4.689054
8.128085
9.726209
-8.772457
-8.306080
-5.512200
3.745558
-7.411483
-7.827604
-3.417162
-6.200556
-9.543147
-3.343318
-2.64426
-8.169457
-3.470212
8.919216
-6.294035
5.551232
-4.107737
-0.245145
-1.341904
-0.300928
8.548960
5.983948
5.414863
6.834163
5.81861
-7.909138
-3.225303
-3.913605
2.146746
-8.601868
-3.488828
6.96436
8.730771
-0.936739
3.427194
8.646323
0.905378
-9.137874
3.544366
-4.184355
-5.917510
-6.808258
9.26056
-6.557468
-6.321711
9.129172
-1.47434
-8.667883
8.268368
-9.674443
8.219738
-5.969567
-1.907876
8.965882
6.494100
-1.58040
0.599543
9.827562
-2.172052
-3.779761
0.285261
-6.144677
-3.3500
-7.76150
-2.299366
9.649400
9.256222
-4.541563
-3.643297
1.105790
-2.629750
-4.649039
-4.455562
-9.624431
-9.196764
9.526975
-3.227884
-8.379630
0.650096
4.307649
1.26734
0.27088
8.310982
4.786294
-2.902553
9.186564
-5.696367
-6.547857
-9.84949
0.963343
1.511857
-4.983047
-5.554296
1.229102
-9.83617
3.933558
-4.428325
-0.824141
-8.178921
-2.135961
7.317404
-7.836648
-4.859085
-8.840277
-6.437358
-9.847094
-8.596458
4.429688
-0.242766
-7.202140
-7.615460
7.993107
6.394873
-3.131742
-2.22710
-3.453980
1.644818
-5.807945
3.491217
-1.779584
1.669093
6.671602
0.286510
0.68113
-8.278218
-5.441
8.201044
-0.275650
0.597455
0.312676
-1.589979
2.230416
4.103338
-8.551480
5.415119
-5.164316
5.646167
-6.940777
-9.510539
2.598219
0.922311
2.614625
-9.668270
-4.994470
6.724967
5.882473
-8.953670
-6.67026
6.546838
1.884322
3.859062
-6.172857
5.980956
4.86222
-6.556768
7.187165
-7.494206
3.678934
-9.17001
-1.138564
5.839949
2.711135
7.498890
-3.339257
0.267363
6.214681
-7.378230
-8.887825
8.684244
8.278026
-0.300093
-7.672758
0.10645
-2.14728
5.195830
-9.278918
1.146465
8.268494
0.744734
5.605673
5.251983
-4.575432
0.716173
-7.204217
-3.93082
5.488594
7.577917
-2.855257
2.483198
-6.27795
9.594910
-7.57196
-1.609437
2.783226
3.401470
-5.280587
8.602554
-6.294658
-0.728372
-0.587941
4.667742
3.267869
4.61080
9.90724
-2.855177
-8.582975
-2.553035
3.911823
2.927833
0.894855
2.385859
-9.685532
-0.885659
-0.669708
6.790952
5.826123
-2.780165
2.747349
-3.99283
8.802813
-2.402088
-0.492017
7.129797
6.957569
9.242207
-1.901534
-3.216137
7.304921
-7.462546
1.417384
1.273728
1.699320
-5.445677
-8.606583
-1.789114
-6.848448
5.883911
1.964890
8.3209
8.926701
-1.146572
-5.565035
-5.351270
-5.423640
3.935501
-1.710510
6.542085
-9.759448
-2.593596
-6.660164
4.278317
-2.850144
1.351310
8.460667
0.103080
-8.69814
-5.262402
2.896981
0.794826
-0.418482
2.218038
7.950870
-8.832652
3.825412
-8.535734
5.752732
-2.841207
-6.685070
8.765562
-8.85894
2.572767
8.405456
8.632646
-0.121959
-9.813388
0.642433
8.835958
7.936046
-0.702147
-1.727855
4.706040
5.915018
7.721286
-2.992506
-2.189345
-3.447587
-9.320695
-3.103775
-0.177455
8.369267
5.97691
8.580767
8.285716
-5.45190
1.684602
9.739686
-0.995877
0.778032
8.287573
-3.806413
-3.420448
-6.218797
-6.123267
-5.733802
-9.205065
-1.350444
-2.328725
-8.492217
-0.260615
9.368770
-7.511833
-8.944901
-7.550288
5.81983
-2.48844
4.640217
-1.303689
8.876308
8.978200
-0.270469
-8.671438
7.762446
-2.156965
-7.140711
5.758873
-8.212407
7.757351
4.873229
7.370779
6.504870
6.630970
0.169529
-8.822992
-3.747329
-4.676344
1.331454
3.63104
9.200018
-1.267117
-7.8665
-0.793432
-3.165954
-5.71134
0.542908
8.212314
-1.128197
-4.898070
-8.891032
-4.434333
-9.571583
6.24193
-5.12659
4.299426
-5.8756
-0.830416
9.523279
4.299754
6.949894
-5.830578
4.345289
9.998897
-7.422373
0.301597
-0.975915
7.192655
3.660866
-3.712002
-6.409168
1.468734
-4.190520
7.550489
-6.374777
6.345689
2.534361
-8.483701
8.922374
-0.978577
5.583086
5.110579
-6.511743
-6.874513
-3.706729
-6.570108
-6.247722
-3.264681
5.967751
5.363861
7.785469
-8.149764
5.836382
-5.157908
-4.145944
-2.706510
-9.657556
0.491349
0.400544
-6.78711
-0.205148
-1.221729
-4.597186
-1.522041
-0.63135
1.627949
0.529469
-4.334759
-8.527522
4.513778
-6.304810
-4.483704
-1.161038
9.364909
-7.969830
9.198881
1.138524
1.520128
-0.124726
-3.436423
-1.819079
-7.574515
3.852497
7.489406
4.675855
9.41436
-4.292659
7.87080
-2.432400
-1.245515
7.605136
7.232763
-9.866478
1.103467
3.982124
-7.565583
-5.514499
6.325637
6.882811
-4.197193
5.298912
-7.492779
4.262498
9.801811
3.442925
-3.188372
8.753387
5.276494
-9.794172
8.914796
9.591141
-9.158638
-4.708154
-7.59483
-8.767439
-5.475172
-6.256822
-6.888697
5.974229
-7.945817
3.565328
0.437899
9.796293
-5.23341
5.222509
0.892275
-0.114573
-9.887551
-2.53198
-9.494325
-2.924478
6.158921
0.174080
-8.265157
-2.233965
5.523427
-2.321917
2.931878
9.597100
7.660811
-2.5103
-7.737469
-2.49251
1.615900
-0.45954
3.74150
1.724714
4.221766
-8.486707
0.977414
8.672408
-6.137018
-7.292790
-8.452371
8.155454
-2.624547
-5.268279
7.233925
6.376334
0.265054
-5.394412
-3.721590
-3.889157
-5.103897
-6.114616
4.671630
4.298367
9.316744
-2.174993
2.470213
-1.895920
9.424513
4.342519
2.666484
2.45012
-7.7707
-0.177773
-4.247222
-4.470524
9.850739
-7.365280
-0.202909
5.16996
7.100330
-9.388932
7.587312
7.287312
-2.306269
-4.361755
8.830104
6.492724
5.744026
-0.305601
4.99310
4.229052
-9.293089
0.995757
7.635421
-5.12475
9.818264
-2.39352
7.571659
-2.356052
5.735048
9.891485
-7.870374
-7.712126
-3.78164
-9.215709
9.627990
8.649394
1.645201
0.851026
-2.767511
-7.527692
3.520501
-1.333250
8.769604
-9.652183
-5.859094
-5.220443
1.261656
-6.694057
4.372301
-0.879348
3.476954
8.458207
1.818866
-1.743407
9.211602
-0.74419
4.371210
2.189986
-6.886800
-6.713052
6.43875
1.265995
5.91539
-3.598670
-8.35801
-8.514571
-4.200726
-5.255818
-5.47227
7.342463
7.185571
3.97052
-4.410158
-6.410843
-2.267644
3.839654
2.863668
4.117696
2.779441
-4.737558
7.387747
0.206962
-8.620707
-7.513255
8.595309
-8.594824
2.69867
2.940703
-3.880967
2.293811
5.408641
-0.269331
0.174581
8.215930
-4.992048
-1.538736
5.403271
9.270025
7.911170
8.373933
0.33480
-2.75382
-4.596693
-7.40273
-5.816967
-2.710771
-4.561338
-5.232337
1.357816
-4.200864
9.48097
6.770909
5.92615
-6.633922
8.424437
7.575821
5.650196
4.266483
-1.849035
6.795169
8.915050
0.100967
-4.654954
-4.235240
9.574108
-1.179958
-7.75173
-8.695730
9.795301
-5.801409
-6.87987
6.204867
-7.227431
3.785077
3.918078
2.927050
3.555467
-1.364667
-3.70636
-0.547542
-1.512600
-2.497557
2.822376
-4.63322
-8.370667
-3.168850
-6.66395
-5.713498
3.860292
5.872162
3.93335
3.406157
7.460651
7.362715
7.896646
3.636551
1.762390
-8.349335
-0.125820
3.370795
6.402021
2.307484
-6.808403
7.648563
-2.613040
-5.619913
7.628936
9.679224
-7.651796
-9.617290
-5.639598
-7.714970
9.890019
-2.470768
-2.520541
-1.926356
1.373415
-3.928114
0.820303
9.910274
4.70190
2.426089
4.867778
0.372260
0.334955
9.136156
-4.928767
-6.507882
9.190132
-1.650393
5.743110
-6.870302
-9.855807
-3.508027
-3.991877
9.920398
0.913503
-7.116479
3.208550
2.841514
-7.632659
-5.737937
2.872318
-9.925821
-7.885567
-2.272096
3.528116
-3.543396
5.762401
1.5435
-1.182772
0.913659
-2.107833
-3.633073
-1.894342
7.710245
3.249640
4.924944
-4.276741
-8.978813
7.197904
-7.193476
-4.319481
2.431724
-0.554586
6.679943
-9.760898
-2.194602
1.130238
-1.776356
4.490823
-3.422650
4.826127
7.57219
-6.558101
-6.697988
5.781679
-5.337291
8.940924
5.322275
-7.3131
3.166264
8.274391
1.402640
1.700436
7.578475
8.747000
9.972005
-2.694786
3.675731
-3.442711
-6.160924
1.56552
-4.449076
-8.253867
3.58217
-7.542067
-3.982669
-3.58271
4.931817
-3.863310
-2.376278
6.377019
-3.208013
0.959183
4.155927
4.12584
5.859889
-2.518782
6.446539
-2.449082
1.45894
-5.919593
1.344568
-5.207109
8.240355
-9.22781
1.785037
0.15479
-2.441597
-4.706420
5.285361
-7.339346
-8.441279
6.523884
6.390085
-3.581746
-8.157287
-3.99377
-0.498991
-8.771595
-8.813203
-6.483740
-8.192930
8.148786
9.310493
-7.350328
6.280877
3.994732
0.977972
5.226192
0.672122
9.878008
6.796148
-2.738406
5.460947
-3.687774
-9.958021
-2.56724
-6.515714
2.292942
-3.578474
-7.174025
-3.418941
-9.787206
1.286351
9.339167
-7.527398
-2.8333
1.397699
2.710841
9.235706
-6.752793
3.294898
-1.538599
4.632683
-6.887642
4.202861
2.342865
7.302386
7.92100
-1.938199
0.29157
-2.726630
-9.375824
-1.682440
6.107426
-0.371260
-0.431964
6.346262
-1.662571
-7.157483
2.925823
-1.141617
0.223806
8.475949
0.668045
7.171965
4.515108
7.189454
-7.109055
-8.501104
9.84957
8.129758
8.963110
4.607260
8.178540
-2.630000
7.615444
0.510441
-5.133730
-1.61059
5.263330
-1.253348
-5.274097
-7.217751
-8.766752
7.544876
2.407033
-8.850595
-7.189120
4.117884
4.794369
3.660750
2.858645
3.644564
3.461753
-7.10960
9.980504
7.885493
-8.431732
-2.244628
5.792583
8.709608
0.125463
2.519608
-6.466601
-4.694038
9.831919
-9.495688
6.712139
-2.615001
-4.781687
7.475525
1.466217
-2.27860
7.410908
-8.382115
-1.486356
-0.647017
-3.714693
-1.878506
-8.289042
-0.224320
1.861441
8.575403
2.527122
0.662000
-8.540053
7.625434
5.836339
-2.604500
1.207251
-6.920821
-9.971172
2.516471
-4.76325
-7.600985
5.333545
-1.589573
4.897460
1.936643
7.354826
4.900992
-5.599724
9.400886
6.365042
-8.386750
-0.880827
7.333631
-9.875825
-1.254808
4.349086
8.964052
6.840380
-6.839509
-1.53196
-1.524914
7.433016
3.317555
1.803966
-0.728588
-4.212272
-4.978623
9.948461
9.92959
-6.444940
-7.597081
8.666721
-8.987404
-2.665055
1.113488
0.269344
-6.487451
6.185152
6.962171
7.252099
5.903626
-8.819854
-0.914315
7.4287
0.481948
-4.118458
-2.779256
-3.428394
-7.906252
2.52340
-7.952557
-3.615465
5.506785
-8.944072
-9.247645
-0.629739
-6.335331
-2.859396
3.150395
5.817639
6.789716
4.696411
-9.204446
8.301225
-9.684506
-5.951427
-4.404035
-2.13429
-2.964762
6.736557
1.580914
-4.917810
-3.50749
-0.926750
-1.550099
7.919096
4.668553
-4.577725
-0.591359
-5.99355
-7.186758
7.806125
8.572920
6.993930
1.562283
5.492920
5.964636
3.796410
0.880342
-9.366827
-6.589856
-9.822793
3.794754
8.193832
3.321254
-7.410581
-9.380536
-5.184211
-5.802331
7.716011
-4.178159
-1.769691
4.408416
-7.145084
-2.939149
-1.824358
-3.719807
9.326754
-7.706572
-0.450619
1.690955
8.97986
0.510542
9.985191
-8.515864
-5.697547
3.506810
9.424641
-7.731099
9.855581
1.132212
-5.667200
0.799691
-1.357142
-6.500682
4.67917
8.502132
2.667511
2.780971
-2.128490
-5.458783
-1.433659
-7.339159
4.583701
-5.828719
-9.13364
-1.478344
-6.427116
0.219138
7.560982
-5.903267
-4.453300
-6.309068
0.497464
7.487329
5.827231
-5.182012
4.607540
7.979400
3.94099
9.774515
1.669211
-1.929037
-1.902740
4.431109
9.14826
9.238161
-2.603246
-6.810295
8.123929
4.705340
-0.496961
9.965155
-5.416376
8.983383
-3.494894
-8.964273
-8.386218
-7.187844
0.620994
2.730298
-2.451729
3.271290
-3.465345
6.80416
-5.603831
5.862821
-5.39400
-2.257459
7.496399
-3.883023
2.191847
-2.575730
-9.512766
2.389342
1.152919
5.818325
3.623720
-9.205054
1.372624
-9.766709
4.92651
-1.880115
-7.577904
-2.118747
-3.518730
-7.756395
2.828721
-0.605572
4.791146
-2.6435
-3.498091
1.717843
-2.453332
9.169904
8.980679
7.489488
-2.559152
8.229072
2.273059
0.187511
-9.371804
-0.17785
7.733890
-0.179
-0.722348
2.569667
9.844109
2.202099
-5.365043
6.189213
-4.990375
4.344827
-7.132686
-2.931856
-3.377436
-3.20860
-3.102172
-8.966444
-5.735601
-1.200789
-8.368443
9.253008
-7.572325
6.779728
4.561471
2.414587
9.828562
5.878902
-3.278327
3.816248
-0.680176
2.241915
1.551955
7.311481
0.553377
1.999991
4.737342
-0.93187
-9.302331
-0.729816
-1.564856
6.314178
9.838961
-0.239189
0.963069
-4.420742
7.633068
3.185868
3.78290
0.529582
6.740533
-1.595940
-1.865161
0.120523
-0.658106
7.39380
9.227990
3.536145
6.842748
-1.458830
-1.167937
0.199300
8.278483
-8.473793
-7.613063
-9.766022
-3.932661
-8.883026
-3.193952
-0.684123
-7.599707
1.989207
4.199505
-2.585916
1.871275
7.535005
-7.30550
-7.474628
-2.602163
7.975093
-4.639352
9.335474
5.175750
-3.25342
-5.521125
1.804854
-8.432261
-9.147688
-5.487280
8.326489
-5.124146
-8.531835
-1.297912
-1.668157
-7.116363
8.288296
-5.917274
4.485015
1.358193
4.247111
1.352246
-2.789657
-7.32198
2.312079
-1.215216
7.129236
-6.72793
-9.76437
0.647501
3.388147
-8.273470
-9.942822
7.248029
8.881193
6.867656
9.728544
-8.785062
3.953121
4.896761
0.135967
0.480875
6.571985
-1.457482
-4.435280
6.173536
8.304965
6.117863
-8.562209
2.606665
6.609426
8.366658
-3.197904
8.925525
-6.98071
-8.511269
-9.896687
5.416265
-6.626446
-9.120018
5.60834
8.353395
6.754818
-2.207926
0.509804
8.25295
7.138406
2.94033
-2.677240
1.357499
5.547924
-8.900834
0.864400
-7.43312
-8.411404
5.371253
-8.161802
-9.55314
-7.202356
-1.165137
-1.66675
-9.516395
-1.880955
2.874612
-0.939243
4.172918
-3.86906
-8.577895
8.94854
7.231525
-8.624278
-6.333948
7.230281
-1.551743
-8.22613
9.185399
7.32692
-5.219250
-0.355459
2.118558
-3.382398
-1.211256
-2.989614
-0.614575
1.645805
-5.462004
-7.499833
8.888391
6.682991
8.118695
8.360640
5.475501
-3.496025
-1.303168
4.255189
-2.807685
0.649924
-3.868814
-6.558602
0.297791
-4.350609
6.341336
7.603920
-2.884993
-5.736299
-3.696803
5.951906
3.534299
-2.695937
-5.275927
5.941883
5.559851
9.341089
9.307913
-8.558548
-7.255151
3.376079
-6.421164
-3.762447
4.631974
7.632089
-1.639784
-1.646914
-6.665855
3.483423
0.387513
0.669456
8.11882
-5.799957
-9.75932
4.653949
0.400970
-7.174683
6.95361
-8.531645
8.736185
-2.405785
7.525055
-5.595590
-3.346031
-6.52305
-7.656295
-5.234204
7.610770
-6.126610
1.823921
-8.474205
2.453543
-1.699450
7.974373
5.942991
-4.204689
5.431954
-9.788054
5.422490
8.851391
-6.462270
1.440934
-1.282915
-1.820874
4.614391
2.317415
7.363620
-7.444042
9.137689
-3.976208
-9.728486
0.283958
-6.684029
4.40643
-5.183477
-0.681190
-4.706427
-5.493394
9.685565
6.893199
7.456568
-7.366230
4.75728
-7.284512
-4.999659
-4.647810
-0.466356
-9.370901
9.182203
9.322751
-9.643938
-6.124386
2.721380
-8.234189
9.450983
8.18858
6.255228
-4.556419
9.333769
-1.241318
-2.287980
-1.685888
-2.719000
-1.104051
-4.881682
4.719020
7.813607
6.904573
0.485314
6.241395
5.582367
4.964798
0.787622
8.610215
-3.717089
-6.624256
-7.463173
-9.732901
2.804341
-2.376049
4.770776
-7.632461
-7.601841
2.916649
-8.811074
7.736101
-8.743290
6.87871
9.326263
7.308587
-1.276162
2.549671
3.298650
7.758453
-7.65833
8.69770
7.38340
-7.268798
-2.182070
6.747117
4.721688
7.204502
-0.644006
-7.344173
2.431572
4.623292
-7.543589
-3.171988
-2.241390
-4.72489
-4.41333
-8.918700
-3.853403
-1.930930
-1.100634
5.657239
-2.369548
-9.464501
-6.62673
-4.490328
9.572404
-6.68713
-4.561628
0.833449
2.675333
-6.120408
-4.787502
-4.198603
3.622510
-4.273996
-4.383827
1.190043
-9.413500
2.698202
-5.904676
-5.464494
-5.517301
2.606685
-5.420988
-1.234304
-7.602770
9.84072
-5.629613
-1.576446
6.888203
7.149168
-6.565636
-9.958098
6.340113
5.290706
-2.300205
6.941015
6.798200
-5.949741
9.745439
-2.344276
-9.899364
7.198206
0.923052
-6.245470
-5.923102
6.856129
-1.750945
-9.21050
4.397352
2.784526
-0.130715
5.469572
-0.924134
0.915391
7.193998
-0.362726
-9.505647
9.285078
1.244762
-3.789254
2.100427
7.711212
-8.128764
3.176844
7.662512
5.402324
-2.337295
-6.265626
-0.137058
9.213381
-5.355225
7.461954
-2.215422
2.571386
-7.775315
-0.750312
-1.352506
1.332842
-0.228722
-1.470203
8.325459
-3.441556
9.804418
-2.854533
-9.23642
8.989393
5.663566
5.551810
4.422850
3.554153
4.734973
-2.549386
-6.741308
-3.439502
8.304461
0.515049
-4.22646
4.615491
-8.108268
-5.638033
5.418169
-4.803901
1.806240
8.607903
-9.329334
-4.229494
-2.91401
8.751207
-5.541756
-3.208121
5.220506
2.420722
7.250325
1.30085
-8.614536
5.27320
-4.774182
0.35041
-7.361706
-4.693379
-6.100566
-8.318240
-2.895788
-7.607221
8.375689
1.22006
3.61221
-3.32331
-3.67180
9.274036
-8.290932
5.52391
4.878665
2.575994
4.752283
4.253216
-6.308289
1.525255
9.655320
3.240242
-9.488140
3.168578
-7.669572
2.790505
-5.561461
0.596977
0.440725
-4.350537
-0.394156
-3.449642
-5.210373
1.293268
-8.16567
2.276059
0.678965
4.117325
4.613147
-3.227652
-0.509522
9.525937
-0.550934
1.875445
-3.584565
-9.40607
-0.852270
4.255484
7.19818
5.969913
3.631025
-7.174826
-7.325206
8.603010
-9.660463
-5.199842
3.528004
-8.206410
9.348389
9.878314
-3.695779
1.678588
-8.792735
-2.248593
-2.372134
-9.147222
5.849915
-2.708236
-4.806805
5.307826
-1.922599
-4.709702
-4.195072
1.929645
-7.821569
9.455410
4.871775
4.955639
-5.446134
6.395781
3.774494
1.729650
6.919725
-1.702628
9.165017
3.967356
8.342191
0.333877
0.632472
-5.619070
6.655633
-8.470645
-4.742693
2.780866
8.317405
4.757149
9.247319
3.637831
6.636921
6.567746
-8.738132
5.103382
-4.856846
0.226300
-4.141390
-5.423685
-5.528594
-8.876949
-0.391685
-5.67993
-2.785302
-4.350809
2.494165
-5.135095
-4.492579
1.247986
-9.852322
4.196832
2.615395
-1.740482
6.191164
-5.655778
-8.121322
5.814137
-5.547794
-5.123345
2.330645
-3.417011
3.20276
-2.261007
-3.739656
0.194353
6.728482
-7.715239
-5.380926
-0.866933
-4.596945
1.615908
-3.317123
0.92276
9.525711
-4.402732
8.106850
-6.615880
-1.64915
3.462888
-0.57784
-4.701925
1.141201
-5.958301
-6.410061
-7.203995
1.512235
0.939751
-8.333385
4.724578
4.269380
-0.782084
6.712405
-5.80620
-1.664088
-0.202465
3.922809
6.37249
2.293729
-5.556823
-6.726170
-3.366010
7.124956
-3.320131
2.560164
0.854414
-5.638317
-6.535076
-1.644218
-0.579715
0.288103
7.343518
3.964237
2.291462
5.283494
-7.350394
5.728862
3.898428
1.347901
7.377962
-1.262244
3.721071
-9.601936
-9.68188
-5.265856
5.826323
9.984760
5.147624
5.868515
-5.957514
-2.971446
2.152831
-2.867681
8.757302
8.141827
-2.614124
3.512256
8.990891
-2.585107
9.971824
-8.730759
-1.150013
-9.573106
-2.480626
8.164036
7.906830
-2.575756
8.899674
-7.809718
-4.137437
5.777145
2.507438
-2.49388
4.521282
-8.991310
-9.241680
-9.98714
3.30822
-3.218332
-9.13406
2.406263
4.335645
2.503439
5.744623
-7.332851
-4.926303
-2.139102
8.999858
-7.499461
-6.739370
-2.207763
-6.151749
-9.204991
-1.973299
8.420946
6.744672
-5.818605
-9.767555
-6.942142
-6.701140
5.665635
-6.612771
-3.82692
-1.608434
-2.260334
-7.997000
-3.609168
-4.162847
2.721565
-4.987302
-6.6167
3.184423
-9.374068
9.78541
-8.42466
5.598693
7.673527
3.922421
5.861585
-4.474129
3.532127
-7.726990
4.243172
6.285663
2.311412
5.290419
-8.451006
-1.644482
-1.122049
9.342203
-9.522436
6.844735
-1.921872
-6.836538
2.229873
-5.362210
-1.230550
6.444061
-6.198294
-9.698464
-6.448223
-1.970092
6.964845
-7.806551
-9.90103
6.857968
4.225191
8.865299
5.217065
-3.658427
2.663513
-2.280804
8.753642
-5.325199
3.797491
4.481929
7.668933
-0.325861
-4.613548
5.137691
9.756846
-9.993448
-3.724938
-2.840484
-2.209327
8.577694
2.307793
1.113824
-0.472550
-7.582267
0.141439
-9.114640
-5.471964
-5.694606
6.589119
9.761957
2.587441
7.290762
7.769925
-3.725642
5.849044
-1.803646
-0.386603
7.351558
-8.572766
-8.331367
-5.109290
-5.91819
9.604816
-7.778181
3.749607
-8.792290
6.899680
-7.313067
5.389287
6.821316
4.219551
5.891786
-9.468197
-7.937686
-0.366170
-7.927790
-0.220836
-6.233624
-2.177111
4.640418
-6.418204
6.581560
7.937599
-4.772598
-1.812200
-6.905449
-2.339639
-1.534077
7.840321
-2.831138
-4.837894
6.486233
9.351620
8.555225
6.875228
-6.61236
7.905541
-4.307822
9.613851
-5.696563
-2.409979
5.940946
8.246657
-0.278957
4.975534
9.735260
-4.485927
-0.964723
5.405272
4.17390
1.441494
-3.95789
-7.78187
-6.842639
8.161743
0.880405
9.387721
0.539683
4.386720
-0.769155
-2.34476
4.536931
1.246401
8.30857
4.445526
-4.398338
6.434179
6.458590
-2.812096
-2.108548
2.44511
-4.546315
9.71258
9.865998
-0.209492
-8.109978
-0.786365
-4.240931
-0.471105
-8.365807
1.458779
-2.191515
5.659804
9.458185
1.429297
-0.251236
8.804406
-6.992880
5.356342
-3.281512
-9.537545
-6.675270
8.715265
0.936637
-3.853890
-9.912550
3.27309
2.148697
4.735304
-4.599227
-2.365366
-3.594584
-7.316844
0.119757
9.869320
5.291379
9.12264
9.785636
3.401483
-0.330909
2.939723
9.203056
-6.828776
0.476686
2.121325
3.191990
7.456269
-0.234920
-2.520824
1.186674
7.546688
1.105707
0.55353
-4.627244
6.758016
7.817911
2.719481
1.490033
8.278266
9.368539
-1.327376
-4.552847
6.639538
-6.420644
1.499570
3.745638
5.999282
-1.756415
-8.802673
-8.55892
-7.363333
3.664720
8.163108
-6.687275
1.230258
3.397031
7.412288
-2.732300
3.108338
-9.577578
7.326696
-0.418731
-1.443039
-2.487677
5.179890
1.277694
6.631703
4.928696
8.207761
4.230812
7.366389
-3.458220
1.575503
-9.841426
-5.192983
-8.129746
-3.397353
-8.27789
-3.261117
-6.416364
9.549421
9.56326
9.85447
-1.348948
-0.534105
-1.354824
-7.240839
6.88087
-3.661572
-3.36928
3.824437
7.867148
1.551088
-1.351999
-6.273911
-7.496714
-5.781751
7.793429
-7.944092
6.474205
1.614581
7.247960
-7.316212
-8.943895
-7.939731
2.45761
-3.875378
-3.825935
-4.441574
5.983412
-6.867813
7.160550
8.917949
7.741809
5.464727
8.653511
-3.662987
2.733992
1.470967
-4.51834
4.997171
-6.680470
-8.452528
-4.897137
-5.849944
-9.101212
-7.664007
-0.320082
3.862865
9.752801
1.464095
-6.127681
-4.507871
-2.920877
-1.310594
9.616754
0.917821
9.89173
-2.956747
2.478468
8.637749
-8.818755
9.698390
9.710954
5.598257
-8.825026
2.77476
6.534947
-2.415079
-3.221543
-5.6174
-5.766142
8.214621
2.320492
4.464540
-1.496708
-5.550912
1.774809
0.4831
8.103845
-6.341002
3.180399
7.749717
-4.73180
-4.588016
-4.88469
-1.707645
5.879716
7.693856
0.139516
-6.178812
7.965845
1.352074
7.519538
8.211895
-8.27401
-7.791082
8.96768
-0.995757
-1.903129
0.524075
-3.897474
5.273116
-5.898325
-7.577243
6.807114
4.51941
-7.895341
-8.595771
-5.674414
-0.235116
7.135231
-1.38807
-1.728264
8.760432
-2.239678
7.254472
5.28811
2.926059
-9.156424
4.892126
7.279273
7.832766
2.388327
-3.981848
-2.308870
-2.913148
-6.585763
0.456187
-8.520178
-2.680865
4.978674
-6.311081
7.467554
3.862769
2.73971
8.424626
9.450322
-2.79104
-3.906744
9.124008
-2.966013
1.567989
-5.1449
1.478304
3.758986
8.83174
-0.254396
8.268758
-3.568671
8.826912
7.935607
-2.174028
-8.407645
-1.24787
3.523652
-8.696760
0.973611
-3.456319
-3.117424
8.960752
-3.183521
9.248053
6.498134
5.884965
-5.304020
4.312918
0.852638
-1.889854
-1.503669
4.600829
1.305342
-6.583221
8.35160
-0.146255
9.911162
1.88869
5.762549
2.219302
-8.695183
-0.307919
-4.368071
-2.327597
6.876877
1.423558
6.508777
8.172540
-1.111607
-5.815941
-4.225509
1.6791
0.604188
-1.717572
-5.594998
0.250952
1.570398
7.373708
4.973802
0.739669
9.561163
3.941955
-8.515577
-5.554668
-0.191505
-5.428545
6.961099
9.700328
-2.735103
4.344323
8.263644
-2.188249
1.426058
8.861493
-7.854855
-7.766671
9.536849
9.190520
0.383872
2.777569
4.154847
1.773921
5.641582
6.394722
-7.718210
3.756099
-5.726639
-0.716578
-2.615978
8.914993
8.836939
-5.942980
1.724127
5.663253
-4.347730
-8.485415
-6.988503
-5.334443
-4.223565
-6.907324
9.246394
0.988069
2.836950
8.219095
-7.28701
-8.87920
7.712478
-6.922873
6.425977
-5.605664
8.272205
-3.547745
7.722557
1.470928
7.154875
6.525314
0.338343
9.320601
1.188668
1.591225
5.443265
-6.581728
8.982298
0.852749
-0.372686
4.406192
5.955034
9.7715
3.382327
7.335138
-7.289826
-3.492784
-6.932082
6.961022
5.831405
1.55579
-1.237816
6.90595
-0.53141
5.551430
-6.191128
1.277143
-9.357221
-2.637567
7.621814
-8.464837
-3.175598
-5.125144
3.634077
-7.891064
-2.487330
-5.382494
0.158283
9.313347
3.184084
-1.659532
1.662236
-9.179933
2.187636
1.584024
8.736938
-5.419854
-7.125554
0.818826
-2.944339
-9.849850
-6.623643
-1.987182
4.63767
-5.906538
9.66926
4.768763
-5.772840
9.469082
-1.978704
-7.439874
-7.350132
4.852373
-6.137149
4.805834
7.782196
-0.520860
7.953378
8.205327
-8.106408
-6.357057
-5.100455
-0.31541
5.813897
9.667863
-1.661112
9.530582
-2.212479
-5.348710
0.241748
-1.352284
7.46522
-6.431752
1.11509
-3.333208
3.336091
-8.570732
-5.805894
-2.847121
-8.130791
-3.184664
-8.415911
-7.723720
8.444111
7.230586
-0.888979
6.717839
6.238026
-5.919270
-7.966899
6.520024
-2.419352
-2.281690
4.654930
5.836617
-4.10968
6.355446
0.884282
-8.326307
-7.546584
-9.303213
6.432125
-6.528900
-6.992584
-9.351040
8.453826
8.637035
0.955045
9.730104
8.325683
-6.872575
-0.39091
-7.790199
-4.333267
3.112406
0.390906
4.57746
-7.830767
9.464346
-3.394106
0.554242
-1.13834
8.159532
-7.305728
-1.591002
6.368322
8.165008
-5.336507
-8.250749
6.750392
-8.382022
7.481556
-7.964766
6.360554
2.694207
6.800413
-8.649352
-5.878057
0.441575
4.586362
-3.154452
7.502070
-5.184657
-7.508766
-7.291310
-2.644697
0.508887
-7.392572
4.675575
7.822241
5.226676
-8.443123
-6.1768
-1.578495
0.995385
-0.327087
2.974627
9.619367
-2.81461
5.128010
9.509408
8.607676
-9.420722
8.913314
4.962356
-1.262057
-5.129181
-9.213080
5.908165
-0.656010
-4.75681
-6.321632
2.895931
-9.15941
3.674076
-2.677997
-0.188755
5.198884
0.617309
-5.152309
-3.626125
9.265433
3.513358
-0.888019
-2.967912
-3.781126
1.138396
-2.47053
6.610113
4.425389
-5.653594
5.287786
-9.935639
6.50581
3.545926
-8.384029
3.859653
2.101977
8.840435
-2.466840
-8.669905
0.525312
6.354693
2.53979
7.639113
4.816873
9.265258
-0.656671
7.222699
5.97003
6.915541
-9.853494
3.143590
-4.848245
-0.339124
3.584141
-5.364420
2.851063
-8.574770
-0.662007
4.538163
-3.373184
-8.454857
4.235173
-2.764714
4.105757
2.158684
-9.266796
8.81126
9.925759
-3.267533
0.809059
-0.75647
-4.938344
-5.934776
8.253112
5.193875
-2.538674
4.460532
6.698501
7.865936
-1.362027
-9.556619
5.593303
5.869380
-0.174918
5.643115
-3.605687
8.462753
-1.272731
-5.697628
-2.791959
9.445261
5.79686
-5.963113
-3.860256
-3.393223
1.204346
4.76774
-2.124337
-2.756442
-0.756975
-5.451346
9.398851
-8.570538
7.384831
6.127546
1.992559
4.518544
-2.198736
-1.247990
9.15890
-9.380815
1.899384
-0.197604
5.112151
-7.850648
-3.56209
-5.334523
1.181047
9.835809
0.512788
7.36649
1.336301
-9.524133
4.46908
3.313938
9.685741
7.883016
-0.498889
-2.657699
5.632239
-0.212188
2.332541
-9.908501
3.26957
8.72740
-1.206102
3.419601
-3.231781
9.390436
-5.110851
2.441621
-7.279913
6.41465
7.407528
-1.522958
2.205699
5.544664
-5.874378
-5.375887
-6.917704
-6.496267
-7.664576
7.758932
-0.819822
-0.410505
-2.328567
-7.292454
2.668830
1.989287
8.395174
-4.551432
-5.153899
0.51468
-1.152640
1.484372
-0.119405
1.780192
-6.402686
-9.218670
-1.618578
9.229615
-5.493400
-6.722552
-4.442184
-4.92527
9.196539
-4.476272
1.960038
-2.554919
8.636802
3.123392
-0.543659
-8.45827
5.905182
-7.457896
-9.630828
-0.236192
-3.82795
-4.839467
-6.11847
8.995110
-7.857040
8.267889
2.795476
0.592443
7.659514
6.116094
7.258727
-6.6452
-5.94290
-9.140820
-4.892009
-9.841257
-3.227470
9.9182
1.278922
4.749580
0.381077
-2.649803
0.627031
8.433210
5.224436
4.511665
2.889780
-8.231259
-8.26703
5.906939
6.624511
6.745863
1.143166
-5.311914
-2.763571
5.355177
0.354621
5.557380
3.588600
-6.591445
-0.714713
-0.700780
6.588801
3.989418
-2.527100
-6.610208
-9.79998
-0.680294
5.936629
3.127925
-0.36467
1.526980
5.765618
-5.379414
-3.801576
-3.256542
-1.288681
-2.787774
3.985079
6.940005
-7.43137
-2.918988
-8.829773
-6.435010
-4.46614
-2.944507
9.483868
6.52022
-7.173645
-7.986394
-4.81713
1.174317
8.481338
-6.591576
-7.494450
3.233412
6.935023
0.162929
-0.113776
1.240545
-0.671162
4.442093
6.113024
-6.449572
-5.314799
-9.26635
3.357973
6.81143
-3.532975
7.698548
-6.517868
0.34072
-3.682501
5.292927
2.816714
-0.300476
0.688719
5.498017
-2.780392
-6.709490
-5.788056
-8.130508
-6.394811
9.95008
5.789971
-1.490501
2.946363
8.92580
9.92083
-5.91351
-4.298226
9.932926
0.921192
-5.408753
-9.328829
-7.512570
-2.502965
8.141633
1.58775
-7.271012
-5.993246
-9.259697
3.620790
-1.759025
9.34
6.676883
6.57345
-9.862843
2.107747
-1.539744
2.417382
-0.496011
-3.455197
-3.689750
5.294679
-5.576307
8.508783
-6.554822
0.323356
0.906469
-1.395512
1.605062
8.984397
7.971063
9.941108
9.256065
-2.428506
1.961394
-6.512716
9.141247
7.117998
-9.468921
3.937361
3.144108
8.364539
9.115040
-0.556143
-3.777896
1.643144
-7.259634
-0.199813
-0.364713
-1.766696
2.377311
-6.886309
0.104721
2.608853
9.907488
1.71801
-0.425148
7.390351
-3.362921
3.980624
-6.227859
-5.75687
8.465218
0.201572
-6.680551
-9.379903
-7.328695
-8.151822
-7.999988
-7.342113
-5.115559
-7.464434
8.785983
2.195245
9.732011
-4.690531
3.713948
-1.578248
9.483246
1.310005
7.308871
2.406210
-4.455628
7.110902
-1.948181
9.907657
0.61133
0.317404
3.583173
3.737714
-9.761651
-1.882843
-0.176978
-6.141977
7.946708
0.304428
3.111390
7.212643
-1.243656
3.720769
-8.502448
9.704252
-9.790614
-8.63871
8.235618
2.37868
5.677504
-1.868473
-1.705376
4.671459
-4.593079
-8.779108
-5.152108
2.684058
-6.969508
0.472992
5.102167
-0.950870
0.303801
-6.260486
-1.591342
-9.541670
-9.510665
-4.191657
-9.242975
-5.94976
-2.601143
-2.840163
-6.573735
5.12811
-6.910864
4.770344
4.328205
-5.342359
-3.909381
-0.264888
2.446750
-1.648823
2.255931
-5.940746
-4.407432
-8.249068
2.761115
-3.95680
-4.453173
-1.803104
-5.134816
-5.66829
7.33661
5.855467
3.309083
-0.985853
-1.427447
8.144531
6.877817
-5.353930
2.184198
-2.969763
-7.67140
-1.50065
-4.447701
1.170911
-8.22745
9.298703
-1.890201
7.673916
-9.947440
-7.157525
-6.952992
5.106126
