-80.896
20.391
-15.238
94.25
-76.448
50.680
-40.82
-83.329
71.212
66.127
93.408
-14.928
94.95
55.441
-84.769
-96.971
-15.112
1.895
-67.818
49.584
19.330
89.896
51.690
-52.246
-30.82
-8.730
66.645
58.98
79.65
-13.114
-26.85
-47.874
48.578
96.730
85.412
44.72
27.390
21.448
-63.279
72.392
17.970
-44.717
67.617
-81.413
93.251
-39.547
-15.274
-36.248
-55.11
-91.383
41.652
28.148
90.416
-81.849
55.343
-40.34
50.950
-49.86
-49.894
-28.85
99.127
-93.807
-57.649
38.231
-32.986
30.678
75.28
46.130
14.79
-45.507
11.158
30.4
-98.761
-33.751
18.35
-50.865
-65.492
-81.839
-36.505
-33.502
-68.213
-81.644
2.294
73.579
-74.350
66.300
-84.465
34.499
63.135
-22.621
89.689
66.522
-99.225
93.798
38.472
70.938
68.874
11.309
92.724
-31.846
-71.887
-77.5
27.204
-71.949
-95.287
20.310
94.178
-38.441
-80.586
58.117
-57.240
97.170
60.197
-47.969
-85.416
-95.536
-95.983
-70.573
-6.453
18.112
25.169
71.19
22.479
30.478
-88.463
85.258
-92.154
29.376
-8.235
73.453
-7.230
82.101
-78.776
72.458
87.98
-70.983
-90.127
44.357
-24.817
-5.391
2.898
16.932
54.311
18.935
13.775
72.245
-41.587
64.784
15.760
2.265
94.819
16.887
40.841
-44.160
7.25
-68.549
-64.990
-40.854
73.222
76.624
-17.570
-9.586
34.479
-21.23
-96.30
94.598
42.415
-77.255
0.181
31.657
79.74
46.36
-0.122
-48.995
-56.592
42.38
25.580
-50.509
82.609
88.992
18.571
-18.869
-57.70
-74.70
63.327
-87.569
-9.346
-46.648
90.683
16.671
98.590
-7.360
-4.217
-75.992
-90.707
-0.746
-97.355
-79.301
-70.544
22.560
67.710
-84.70
-22.674
-30.350
-8.92
-18.844
-96.294
73.373
50.943
62.317
45.785
23.269
61.991
-16.373
68.133
-79.951
84.748
97.573
-64.723
74.585
-97.182
82.105
-85.66
-66.635
98.803
-73.334
-45.918
-59.968
46.432
80.558
80.555
64.837
22.474
-22.493
44.243
-51.816
61.114
68.373
99.672
6.952
49.532
23.549
7.271
5.745
-90.289
30.92
4.754
-96.374
-9.525
5.283
60.233
-71.908
-71.415
-97.820
-17.462
-31.792
62.496
-7.845
78.806
-20.811
63.124
-91.595
19.118
-71.167
16.236
54.568
-85.682
-22.990
85.920
74.440
98.504
-55.347
68.518
49.289
3.757
-19.564
-79.801
36.224
90.261
50.87
26.985
-73.540
-20.661
-84.762
-16.17
-37.888
77.168
0.704
-13.695
46.297
72.323
-1.249
82.669
81.405
-69.274
-67.863
81.740
45.941
-84.454
-37.553
30.677
-8.330
-78.212
-62.193
60.915
75.134
31.416
55.913
-84.849
59.839
-84.969
-33.577
-82.555
53.917
-29.777
79.505
-92.636
-97.44
-96.728
-49.439
-7.124
-94.809
59.743
89.948
-17.477
-7.308
-36.952
81.502
-39.898
-99.947
-97.906
65.100
61.211
-13.453
-35.370
-34.877
-42.814
-86.595
75.487
-43.338
-99.635
83.52
-28.166
-17.179
54.714
72.900
47.242
79.729
60.404
92.347
-70.999
-7.834
43.663
-43.932
-44.886
67.410
68.110
-34.289
-48.449
49.193
40.764
19.123
-50.18
99.662
-27.858
70.626
66.194
4.80
71.529
46.730
-68.671
-42.42
-2.192
-25.343
32.970
25.141
-80.107
-46.463
-0.234
-56.880
-6.748
-71.542
12.744
71.721
-44.53
27.330
37.611
44.709
-80.209
97.266
45.424
15.95
-28.459
84.182
84.926
-6.606
-69.495
43.139
28.620
-99.169
-2.814
5.282
-51.262
-94.946
6.382
-75.188
-23.209
34.552
54.32
36.883
35.985
7.143
78.194
-8.588
69.46
-61.622
-58.997
-3.432
35.338
-91.926
-16.462
-56.721
82.151
-18.859
-53.381
-22.642
-79.952
-98.455
22.642
30.133
21.450
50.758
-22.341
-41.811
-48.764
-5.638
85.918
-62.868
75.690
-26.472
56.394
0.144
17.867
85.108
-13.808
21.13
76.50
83.564
97.339
54.418
-97.726
41.727
44.196
40.582
48.95
-72.468
-86.344
-19.379
20.677
63.583
-79.232
-89.74
-96.570
69.711
51.11
92.235
47.21
-5.640
-75.312
-36.376
68.655
74.897
-11.893
92.862
8.913
18.558
-49.105
77.310
-36.737
-72.726
43.694
47.720
-77.531
30.323
-41.383
68.102
-77.3
-12.432
-88.768
-76.392
40.536
-63.135
-32.265
97.495
-73.888
-67.456
66.786
-23.898
43.786
52.114
-35.906
64.170
13.154
-45.751
52.177
43.344
88.162
37.386
-70.381
-23.533
69.920
-3.884
-25.849
63.994
-49.698
75.642
-57.630
78.667
-49.889
6.65
-30.586
-61.990
9.467
16.282
-22.283
-57.358
-36.668
-29.998
-9.599
-69.257
67.88
32.349
86.210
36.826
-85.300
32.809
-21.697
-40.127
-79.836
-8.557
-53.824
85.909
-59.695
-52.383
28.320
-91.852
-12.973
2.314
41.245
-32.305
28.559
64.296
-49.508
-96.660
22.740
49.31
-85.244
-70.398
31.491
79.123
-85.551
-16.215
-7.816
-46.213
-16.935
-58.284
-5.421
-26.692
60.223
-44.554
82.892
30.708
-27.967
-32.13
50.581
-8.992
97.97
35.223
-70.36
97.780
-48.114
2.245
23.524
-61.757
12.307
-51.915
-74.964
-18.51
7.222
-70.319
40.819
-50.273
20.249
-10.210
-65.75
1.426
82.900
-12.270
-65.229
55.352
29.192
65.643
-99.115
57.225
24.690
-98.444
91.478
48.890
9.255
-92.962
-47.791
73.857
24.108
-25.365
-36.89
-74.939
-38.830
2.430
88.440
-4.432
24.431
85.904
40.829
11.454
-60.342
-99.216
-34.854
99.508
2.96
12.553
-85.877
-50.614
23.55
5.18
-3.378
91.177
-21.563
82.662
73.716
-8.629
23.66
-22.116
78.340
62.197
-1.700
-81.643
-82.965
84.847
-47.72
6.80
18.655
-59.230
-63.708
74.270
-4.371
-64.705
1.487
-54.923
-22.170
-6.676
71.346
-2.706
-50.721
-42.96
-79.552
69.116
-2.669
-52.424
49.98
70.704
71.575
-79.777
-18.780
-16.922
-85.402
-30.623
-79.877
-68.129
32.930
66.352
-81.475
43.954
10.724
99.493
-36.530
-77.560
86.640
65.960
19.92
24.910
80.92
64.335
-77.697
70.549
-37.985
-7.615
51.201
25.118
27.438
-12.314
-48.394
60.310
-78.839
-72.761
-60.999
30.658
-60.361
83.986
-17.14
-96.78
-85.826
-18.86
86.516
3.489
70.849
74.479
45.291
65.574
56.344
-37.340
32.825
74.243
78.281
-69.636
-74.858
-30.284
-92.529
68.147
-30.903
58.293
64.277
-96.603
67.581
-7.51
83.477
13.508
-69.152
-69.772
96.2
-18.560
81.524
20.73
-55.940
-70.347
-74.783
-37.96
-36.117
64.139
88.87
-19.657
-43.838
-96.511
-53.566
92.988
33.415
-52.704
31.140
15.604
71.244
-29.315
-0.110
-96.907
16.12
-77.656
-38.890
33.542
-77.826
-90.893
42.164
-33.993
81.294
20.942
22.658
-90.88
47.226
70.911
-46.240
-13.682
37.376
6.761
-42.495
88.415
-42.90
-12.380
86.627
3.598
-62.996
-51.961
81.99
-75.5
14.699
-0.587
79.281
65.793
91.780
95.835
11.797
-71.548
13.981
-32.908
-13.674
-88.926
31.606
64.371
78.15
71.410
-14.173
5.544
5.910
-57.942
-13.755
-21.196
-16.327
92.944
-62.722
64.345
1.411
-87.916
-73.173
-40.930
-67.896
69.769
45.137
-79.929
36.644
-9.60
44.662
-52.301
57.527
-72.319
82.587
-47.356
-8.553
96.784
-81.420
87.829
43.773
9.778
-44.35
-4.160
46.742
85.889
44.797
41.145
-67.526
89.366
71.9
-68.570
-66.614
43.370
39.417
-23.354
-14.598
-59.639
39.758
40.599
-23.223
-31.643
-69.809
-42.304
-28.743
-55.66
-24.333
-41.744
56.83
-98.476
57.751
26.34
-17.103
-22.345
50.625
-47.981
-98.357
-48.550
89.59
-40.57
91.966
-17.92
34.709
-64.784
98.334
-28.482
24.932
-53.580
78.769
86.962
23.53
-62.971
-84.357
60.374
34.972
86.600
66.676
-8.829
-0.859
-51.146
63.221
-89.483
-8.319
-41.832
5.718
-56.604
-41.823
-59.731
-57.583
-28.86
10.649
-97.238
7.299
74.540
68.745
34.954
-4.295
99.54
28.163
-64.392
50.54
57.851
99.458
61.584
55.252
68.138
-37.843
29.394
-52.622
10.738
-54.888
-99.997
82.197
17.158
-91.714
-63.934
-89.71
11.300
-39.704
82.514
-70.520
-59.19
-4.953
-54.270
-41.862
81.825
-59.115
-32.26
-99.317
89.151
-70.273
-91.33
9.689
77.643
55.537
-47.918
25.629
-26.161
-27.612
-80.254
-51.824
42.267
-52.876
-67.905
53.160
-1.59
-75.536
-15.662
-34.89
69.521
-8.472
21.166
18.270
-5.738
87.543
-6.845
-43.172
61.287
-92.921
-35.743
-33.903
6.676
47.95
16.552
42.691
-29.697
76.192
59.805
56.697
-95.832
4.465
89.124
40.371
-14.139
26.333
82.763
34.839
-59.450
23.258
-60.354
93.258
-29.499
41.891
-1.706
-64.384
19.766
22.753
-22.164
-74.287
24.99
-58.992
-9.573
-33.815
31.516
-69.580
92.51
-78.626
3.848
-30.522
-15.698
-3.208
52.518
-1.103
41.334
-39.55
73.599
74.377
-28.932
-98.362
55.278
64.33
-69.885
-95.38
37.679
-46.570
-88.744
-30.318
-49.399
-17.797
7.505
47.621
-48.490
19.685
41.374
2.721
-70.361
37.291
34.193
64.210
8.569
-30.968
-37.617
-29.736
12.430
-75.384
-12.6
93.543
44.430
-47.246
-47.354
-52.736
-30.73
-46.954
99.67
-27.794
28.706
-91.251
97.395
96.594
-5.941
-35.645
33.975
-49.773
5.373
91.852
13.581
41.624
64.921
70.17
-21.474
-27.509
20.442
87.243
-8.0
48.143
34.56
-26.449
-69.866
59.88
-96.9
75.688
51.509
-2.248
79.156
29.356
-84.642
-19.368
31.489
11.400
61.697
84.24
69.675
48.329
-70.409
-45.990
12.574
-39.446
-15.877
-58.140
-40.901
-32.338
13.959
-54.207
-96.677
-93.723
-99.487
46.26
14.493
-70.51
-79.492
37.824
67.89
76.796
-15.192
-62.785
0.636
65.683
-75.997
63.419
43.999
-76.136
48.856
-30.184
20.99
-39.362
81.314
62.531
73.107
25.622
81.865
29.793
6.393
-72.624
34.396
-40.35
-35.968
15.682
-78.555
42.80
-26.14
8.495
-31.701
10.73
-26.759
41.951
-70.787
-65.254
92.685
-26.427
-34.253
59.514
78.345
90.956
-78.882
-14.575
85.45
24.662
-45.607
73.633
-33.420
8.479
-30.957
53.599
50.29
-11.643
23.828
-74.904
79.849
-22.274
40.908
63.468
-1.98
-36.851
79.154
-4.765
-56.340
53.666
64.997
-83.19
87.159
11.375
-66.828
-83.216
48.495
94.899
35.355
5.260
-32.924
-8.659
-58.746
-21.309
51.828
80.611
-60.611
46.857
49.993
-92.550
-1.82
-7.790
-85.301
23.522
-87.273
-80.5
-40.865
44.63
-98.12
60.404
81.257
-27.217
-85.654
-41.377
6.817
-52.449
61.489
33.433
-11.884
34.844
-8.925
-16.405
14.590
-66.283
-39.89
-90.893
-47.306
69.940
6.3
8.138
67.598
-83.114
16.828
55.394
-72.686
-58.328
45.975
70.196
32.55
-26.915
-16.182
-83.465
8.333
22.89
-20.813
-59.324
43.69
86.891
-21.223
-60.301
88.969
15.153
-7.961
80.335
48.855
-5.666
39.662
1.148
11.122
-28.882
8.622
23.589
-52.249
-66.429
69.229
-37.335
-30.74
-92.127
45.690
74.818
-57.779
-57.402
62.506
-80.72
-85.893
-46.431
74.713
-63.105
-5.202
17.229
15.486
-36.943
46.457
5.989
93.874
-63.673
68.347
0.262
59.568
60.737
32.5
83.641
-37.587
97.444
33.937
11.353
24.321
50.621
-81.732
15.993
29.277
-30.661
77.898
-30.847
75.580
95.344
-40.920
32.671
39.52
-65.267
81.249
-2.131
64.208
65.290
-10.366
93.13
-32.554
-93.38
-28.729
95.547
7.580
96.483
99.599
99.165
51.327
-83.672
11.905
-7.698
-27.26
-51.621
-42.180
-83.277
6.628
38.779
-61.930
-49.13
-3.724
11.984
10.463
90.214
69.856
-76.991
71.398
13.636
24.997
62.199
-21.902
37.14
-52.276
45.418
-59.987
6.915
-30.686
-34.251
18.775
32.938
59.411
-63.101
3.353
6.898
-23.709
-49.616
-66.598
33.933
-88.751
41.983
45.994
4.158
-76.513
77.820
47.643
-5.544
-30.810
-93.895
60.84
3.77
-35.75
79.979
76.155
-26.584
-26.332
88.737
-65.419
-93.64
-54.925
-18.480
-65.315
7.195
10.571
75.798
-12.476
-45.964
-74.582
-13.927
48.582
19.0
68.166
-43.425
98.935
-60.563
-6.127
37.624
-4.950
43.564
98.712
30.184
-42.704
69.699
92.797
-38.209
86.168
58.5
-99.161
-22.56
25.106
-9.236
46.630
-1.900
-81.592
-1.982
-83.868
-93.78
32.930
-21.4
74.229
-39.891
-93.637
-50.691
-7.772
14.225
-82.909
-18.654
-63.86
-69.507
32.833
54.73
64.818
52.68
93.228
-77.742
44.524
82.94
-99.457
-46.478
-50.863
-31.69
55.333
68.637
73.530
2.660
-56.304
20.738
-90.338
46.736
62.586
-12.469
-38.276
-31.645
-44.970
-37.24
-72.32
-83.552
40.294
6.641
50.155
-58.319
-86.558
48.41
47.837
76.174
-18.498
-15.333
51.773
-25.331
36.781
-85.691
-3.778
-98.78
90.525
-52.353
-90.871
9.439
-84.90
53.516
16.452
-34.189
-75.492
-75.343
-67.33
49.886
-4.276
-10.237
-48.321
-60.527
-54.143
-82.29
-50.504
99.831
-27.51
-79.0
-37.204
-67.514
35.263
-94.575
69.781
-48.664
-68.266
33.717
-88.744
-29.576
-8.565
64.232
-9.368
75.62
-69.184
57.184
-75.253
97.938
2.878
-11.108
67.568
-32.832
12.841
6.269
-28.938
31.47
-98.922
31.771
-81.426
-28.937
-3.656
-44.789
17.553
10.211
17.339
9.70
-85.68
66.951
37.85
34.565
-92.969
-70.565
-80.882
84.344
5.661
68.370
79.655
12.473
-68.410
51.697
-70.441
-46.211
11.191
-81.576
15.633
36.654
-79.333
95.297
-11.965
-63.468
-81.39
-20.685
24.549
10.182
92.797
-88.733
54.765
27.960
26.623
36.839
-42.172
-42.593
4.17
58.680
-40.924
-8.764
29.218
-36.998
39.224
12.660
2.355
-30.749
96.53
11.164
9.656
-56.164
36.46
-34.634
44.225
-29.138
54.840
-3.722
97.471
-8.282
52.43
72.199
-56.188
11.422
-16.918
94.947
84.53
-81.408
-27.605
26.14
-42.18
-14.542
50.998
-85.662
5.530
99.476
35.512
-11.993
62.20
83.999
-39.93
39.607
-42.409
-33.194
46.652
29.303
-11.639
99.850
-96.12
-46.596
-14.587
0.678
28.420
54.353
-47.251
-70.32
69.996
81.195
39.391
-69.189
-98.955
72.355
5.283
-95.90
84.437
25.559
-70.228
53.662
39.501
90.470
-36.920
70.592
-35.149
-20.944
-10.581
-4.6
-83.228
-5.182
27.773
93.663
-48.152
-58.122
-24.309
-26.781
17.244
-46.948
-85.983
53.641
-35.468
70.561
-75.461
-52.420
73.496
-43.974
-10.592
57.490
63.227
-50.681
-18.568
-12.39
22.914
31.819
67.992
13.936
40.298
-63.955
34.971
-41.221
-89.591
-6.856
-36.678
-27.561
91.629
-51.542
37.434
16.197
36.483
84.277
65.866
-15.424
55.160
10.240
84.83
3.186
-9.523
14.391
26.280
-9.416
65.834
12.101
-16.256
-49.567
-92.203
68.158
-34.368
38.834
-91.512
-28.21
-41.638
-73.250
30.418
-99.820
-8.664
52.933
82.519
87.858
-84.849
-13.329
59.871
-90.396
23.978
12.129
68.89
-31.941
-53.575
-43.163
-71.799
-59.413
-20.124
71.414
-73.737
45.349
-89.169
-45.401
87.906
-96.350
67.621
87.233
-37.205
58.177
-80.102
-80.399
-9.240
-80.585
-93.424
-33.572
-88.239
42.627
10.64
1.775
59.155
-7.887
4.748
-70.829
42.774
-20.159
48.147
49.241
-36.151
80.705
-1.316
-28.723
54.627
20.550
23.244
-51.264
-52.312
-92.713
-11.701
46.833
-5.286
22.514
-75.268
-28.788
-10.12
18.363
-37.415
3.759
-10.22
73.269
89.626
74.248
-34.375
21.403
11.865
-44.535
94.572
-55.827
-34.190
15.163
29.453
-29.79
-96.765
80.786
-56.749
-92.546
95.440
-14.447
45.282
98.997
72.778
-72.559
20.856
-96.288
-28.644
-77.288
61.583
-70.298
7.895
-33.45
-23.17
18.789
-44.961
35.910
-13.390
-92.619
17.132
-34.503
-46.262
45.247
-40.271
-66.841
-51.38
44.273
73.38
98.82
11.951
-59.85
58.284
99.829
90.421
-45.487
-94.290
-4.334
28.259
42.357
-75.620
-92.632
65.690
-99.41
-33.731
-38.777
-37.23
-73.727
35.855
88.149
75.524
61.168
-85.233
-93.333
-30.66
89.57
87.794
75.19
50.7
-33.147
-25.522
41.435
38.621
24.714
-4.545
-16.534
-56.873
20.148
14.399
12.884
-10.961
85.602
-28.440
-52.517
14.873
42.241
-79.398
-10.70
64.984
26.348
-34.311
-17.748
35.476
26.80
31.894
-82.688
-18.167
-80.829
42.694
-3.472
-0.606
-58.675
-70.762
-75.488
-49.272
97.954
86.124
-77.656
-38.698
-35.1
-81.153
-42.763
51.786
-36.13
-54.963
-66.212
66.650
-86.27
-88.765
83.200
-51.34
77.576
-30.280
46.268
-3.622
31.940
-66.559
-25.997
-92.85
58.869
78.172
-51.601
-39.183
-66.330
54.585
-9.868
-76.486
-45.563
-41.756
54.466
15.344
-15.247
-91.587
99.853
-75.59
74.520
66.448
-16.493
64.386
-98.540
-4.507
-31.322
-62.265
-25.264
22.940
4.914
55.832
44.549
-96.765
57.215
84.120
55.3
-74.465
32.43
-95.65
-17.470
63.477
5.573
-92.969
65.478
-30.862
-51.818
98.592
-58.125
83.620
-0.490
-32.253
-48.711
-65.355
47.221
45.903
63.206
36.804
-75.963
8.946
-7.47
-76.531
74.231
45.696
-86.43
9.841
-42.856
98.93
-94.720
19.428
-16.988
-4.164
97.139
53.484
-64.522
97.731
85.326
79.124
-78.70
-40.641
-1.457
8.361
51.310
-72.663
-42.128
7.277
61.662
23.193
-79.972
-6.312
14.513
-10.974
71.577
22.201
-10.543
-21.702
-15.463
-87.739
35.270
-5.776
-16.743
36.453
18.776
-63.851
71.161
-59.582
-24.549
55.388
27.575
76.180
37.548
-63.785
64.955
-45.18
-76.341
3.700
-84.76
-28.483
-64.763
69.239
3.576
28.639
-11.755
-18.501
-28.77
-51.732
-57.816
-65.497
13.513
84.782
88.786
93.266
82.677
-79.147
-95.527
-52.979
13.788
51.153
-73.166
9.403
-85.43
36.636
79.671
78.750
77.245
-6.849
20.263
-2.266
81.639
73.201
-99.486
16.422
99.354
11.332
71.561
-63.120
33.740
44.942
61.575
44.448
82.399
15.215
85.866
-78.678
22.501
11.864
1.450
7.694
-79.455
42.251
55.485
5.553
30.738
-9.417
-20.339
-45.102
89.555
74.962
-4.293
-58.836
63.143
-68.348
89.931
-28.892
-45.565
-63.510
98.199
-83.725
63.30
-2.40
-92.203
-20.272
-53.813
-25.693
13.590
-45.5
-30.804
19.139
-75.354
-72.256
9.801
37.473
-65.827
77.952
-81.265
-50.162
29.393
-11.864
-67.539
57.63
-87.272
73.309
30.227
5.604
-20.685
78.387
-41.868
60.679
18.899
-83.556
-53.396
75.269
71.151
94.856
-69.429
62.459
69.952
-69.712
85.582
-41.566
-13.271
57.146
62.370
-95.64
83.534
-57.748
69.517
-50.586
10.523
21.165
40.278
56.487
40.749
28.996
-25.480
50.589
35.358
23.8
-24.570
59.943
-12.684
-36.540
-58.132
-51.613
60.838
-55.940
50.675
10.699
60.75
33.34
-72.846
40.134
-48.692
5.595
10.907
96.514
70.164
55.726
49.786
-65.220
24.544
-20.684
7.184
-27.89
60.452
83.48
-99.170
90.826
-32.727
-49.92
-52.568
53.840
-88.448
15.875
38.88
-21.923
-18.322
-31.664
71.296
50.997
48.801
91.906
-70.94
85.410
90.800
-47.821
52.691
-32.575
85.198
18.348
-42.597
87.840
-25.762
58.547
-19.638
-20.485
-45.490
44.822
-7.659
-19.377
-81.772
44.411
65.136
-29.395
7.766
34.987
-34.332
-25.476
44.83
13.155
78.336
93.780
-47.745
64.327
-80.934
-34.720
73.154
-3.632
-6.376
-17.641
-10.719
74.912
50.412
63.628
74.108
-0.842
-65.315
14.370
39.477
0.646
15.256
67.431
-50.933
83.196
-43.23
-90.123
57.541
-30.255
84.95
-17.495
40.610
34.129
-92.832
-15.815
-13.111
72.301
-24.810
-44.440
87.176
-54.394
20.86
-95.972
-0.316
91.531
-79.245
89.269
75.445
54.442
-89.629
18.835
-95.708
-34.503
-2.3
-55.495
-75.526
6.415
90.343
-36.849
22.838
37.757
-46.804
-93.238
12.892
-48.599
15.526
-79.432
-12.674
42.710
67.685
-20.422
-9.669
6.862
58.327
14.675
16.142
97.621
-93.85
84.979
76.746
-55.367
43.676
87.735
-69.693
44.907
-70.576
22.873
59.918
71.54
45.130
-56.338
-37.81
-92.221
9.290
-53.886
-24.608
37.631
-23.90
-94.13
96.110
97.66
65.656
62.900
45.309
-22.914
-11.38
23.175
-13.650
-20.196
82.792
-74.242
4.207
19.421
56.619
83.493
-48.304
-74.980
31.393
83.813
-96.647
23.321
17.877
19.749
-21.805
-84.688
61.988
76.315
18.946
-62.29
-2.577
35.53
-9.170
95.642
3.15
-29.600
-1.13
-26.590
82.560
84.575
99.477
13.412
-49.974
-15.369
29.372
-49.954
-8.255
56.933
-71.616
-33.752
28.451
0.416
26.266
-74.933
-16.462
73.363
-35.972
58.980
-23.704
0.737
-53.517
83.917
-77.695
-46.21
-36.889
50.963
-19.250
43.708
0.631
26.931
3.536
84.219
81.449
-96.847
-96.135
-58.685
36.804
86.99
69.800
55.226
-31.129
23.313
-85.546
-43.94
22.890
42.101
-26.737
59.476
53.297
77.904
37.35
34.911
-50.96
19.991
-83.913
34.456
22.934
67.245
-12.98
-56.828
79.717
-31.951
-48.453
-64.672
-23.807
-24.993
78.916
-69.435
89.947
5.956
78.335
87.918
6.18
-26.535
86.858
-11.934
44.512
-63.33
27.622
42.280
37.558
-50.197
-14.756
-83.682
73.968
23.231
-66.575
25.990
-71.18
17.812
19.850
8.200
67.166
-97.849
61.923
-84.898
44.64
-17.41
75.264
55.34
20.953
43.414
15.333
92.82
3.844
-34.180
97.24
88.241
69.568
-20.276
83.996
-97.639
62.754
-94.98
-27.353
-83.488
-37.437
-59.425
22.794
1.914
-63.950
-82.399
15.813
33.359
34.886
-79.669
-4.958
6.817
1.991
64.393
52.408
39.342
66.257
-47.542
-78.577
15.556
92.13
7.619
47.320
33.684
-86.988
-89.228
91.394
-59.593
34.923
99.91
-34.583
-28.190
43.689
97.523
-49.309
-8.999
-10.342
20.801
-73.87
3.87
42.821
-93.249
-64.244
-6.742
33.543
53.351
0.213
-42.34
-28.707
-90.163
43.957
-80.750
-59.514
27.273
-71.358
24.111
28.112
-26.106
26.686
14.777
40.820
36.752
86.411
80.839
68.910
99.286
-33.966
-81.292
-15.419
57.785
-13.125
27.614
-91.852
-73.84
-77.52
43.3
-68.288
58.122
-53.537
-87.946
-98.160
82.487
-18.30
-17.655
8.284
-60.627
99.796
3.606
52.811
72.99
-29.597
-12.479
-8.497
-9.415
93.775
-30.135
-73.134
53.90
7.294
99.519
37.548
87.860
76.69
-95.730
21.223
80.305
-19.979
5.884
46.792
50.943
-53.932
-5.919
85.447
-15.842
11.815
83.948
90.867
35.72
-71.170
1.972
2.577
-51.583
-61.820
-92.435
53.547
-38.282
80.424
53.459
-10.830
-12.183
8.685
37.237
-36.50
-83.843
75.696
31.186
35.618
10.971
58.834
28.998
-70.406
-42.695
49.432
77.767
-40.542
-54.926
50.513
70.524
1.382
-67.610
-65.532
-52.727
76.776
2.205
72.97
-38.351
90.601
-13.623
-8.877
88.544
15.161
-0.765
-80.241
45.696
-76.268
-54.358
-6.800
72.214
-13.274
37.462
70.777
88.329
-85.110
59.607
-38.235
-14.890
-94.848
-28.920
85.334
-71.823
1.293
-45.334
-55.671
58.730
-9.68
-28.135
-5.281
-34.109
-78.594
95.317
-75.119
85.216
-76.23
-29.781
37.242
84.970
-22.27
8.862
66.40
-11.835
-78.711
91.148
38.476
-9.805
-10.94
31.578
40.852
82.60
33.179
31.190
47.268
33.60
36.250
-63.159
23.221
25.505
-98.497
51.479
65.264
68.96
58.995
11.728
64.865
-45.780
-79.903
-11.828
21.879
84.82
60.947
-14.867
59.677
-24.440
-49.304
24.801
59.32
-68.443
33.965
44.449
37.309
43.76
97.235
-46.759
-76.708
70.332
-97.144
-26.364
36.497
-77.393
-52.531
75.526
-65.124
32.22
92.598
9.69
-75.566
25.992
-19.881
-78.110
39.763
-61.138
59.103
-44.687
88.332
44.341
32.868
-17.593
17.665
67.695
-11.134
-37.347
-42.706
71.502
23.142
25.686
-96.171
85.740
-18.757
33.425
-58.488
-98.125
76.568
57.291
-77.966
-82.191
-27.739
-41.824
-52.143
-28.576
-47.586
5.584
11.412
75.469
41.498
-50.832
50.460
68.953
-79.905
99.333
-44.932
-77.190
39.101
-70.428
-92.969
-32.572
-16.922
-88.542
88.173
79.572
-50.516
59.845
52.685
9.307
35.651
11.35
-72.652
41.592
67.680
-98.411
66.361
-67.172
-9.724
5.485
-28.220
73.483
-90.756
81.849
67.69
26.319
57.286
-5.605
-3.466
85.971
-27.252
67.925
-95.916
27.849
-99.916
-3.642
66.600
94.657
-42.12
-18.998
-79.625
60.544
-29.792
53.19
79.171
74.574
-41.993
-45.787
-55.482
-31.800
-30.580
82.392
-11.721
56.27
50.806
-13.833
19.426
76.871
43.126
23.9
-52.492
-7.826
58.937
-1.93
15.495
53.709
-65.728
70.856
-62.752
89.427
68.231
-27.438
82.648
59.949
63.417
26.222
-21.587
-95.857
-40.171
63.660
-96.828
73.607
76.390
-16.249
49.213
-82.439
71.112
-41.307
-19.599
-1.763
62.511
2.985
85.713
65.930
46.431
-96.713
-68.485
27.178
-95.649
34.2
86.664
-67.218
7.104
-89.969
-72.467
-21.663
8.131
60.810
-72.557
-83.543
9.430
-46.749
-21.108
-9.249
79.421
-28.542
43.403
-43.115
-21.339
0.674
-81.883
-78.182
-94.203
-65.364
-6.243
-65.271
88.515
-45.810
61.984
37.684
-5.618
55.96
54.42
-13.208
69.266
-51.331
75.771
-2.717
-48.330
82.167
-91.125
-35.280
-61.87
-42.300
-87.522
75.173
-86.148
-17.202
-6.450
-31.585
-40.928
20.363
96.776
66.18
93.805
-37.732
65.718
65.687
81.393
80.524
-98.117
-41.437
64.933
-27.999
-90.844
-27.734
-37.999
-47.764
-11.98
25.330
-77.980
56.821
-99.837
69.116
10.958
55.885
33.422
-33.421
68.732
49.510
7.987
29.443
41.594
85.864
-81.974
-74.81
-48.214
-74.499
17.568
57.869
80.576
82.158
-58.51
71.188
-52.922
-92.96
-18.796
18.23
39.540
45.149
61.181
64.264
63.922
56.345
17.297
-52.90
68.960
51.978
86.269
-88.215
-12.676
-13.641
75.256
-89.764
43.381
19.433
-91.353
-63.5
7.943
42.31
-79.844
-98.309
-32.936
-41.425
94.20
49.939
-94.982
99.946
-34.205
39.299
58.379
6.329
-47.413
-44.906
57.153
-51.802
-30.297
-63.948
-4.383
37.574
53.384
13.491
34.238
-91.235
-26.892
-82.944
29.526
58.641
-86.646
70.835
-2.888
65.353
-9.539
-19.382
87.309
-56.43
-79.524
-52.734
-21.972
-77.443
55.445
69.63
-27.624
-23.895
6.782
81.438
-53.370
51.522
-42.195
32.124
56.531
21.800
90.479
99.102
-42.608
-46.890
-93.243
16.546
73.88
-3.220
-28.129
-99.350
-84.940
-94.791
0.285
88.731
18.876
-19.892
93.218
-15.121
-60.750
-37.901
-66.285
-26.880
37.580
-9.520
-22.138
-31.509
85.155
-32.270
48.682
44.571
-43.737
82.364
64.553
84.914
84.689
12.120
84.457
-23.790
-35.690
49.286
64.281
64.263
-97.80
9.664
-42.100
-17.264
49.49
-89.672
50.607
42.308
58.972
63.588
-32.685
-6.195
-47.989
-77.206
27.707
-39.648
40.299
84.693
14.403
77.166
56.50
15.609
-43.756
-19.534
11.413
53.852
66.993
39.877
-71.143
76.720
-21.929
-51.496
-29.439
-47.858
72.722
56.375
-88.841
72.432
49.104
81.532
-80.953
-30.756
88.137
3.85
56.509
-71.117
42.205
-6.129
-47.878
-83.560
-91.340
29.270
-63.311
-88.514
-72.823
30.594
63.88
-90.594
-1.341
-16.176
15.819
67.848
-75.463
-73.752
8.924
-4.55
17.518
88.860
88.161
-18.229
-9.244
44.511
-49.139
-18.264
53.325
-59.829
63.599
3.487
-89.327
-68.645
-75.706
49.850
24.52
-15.270
-5.75
72.234
-46.397
-39.652
44.593
62.913
-10.788
-3.389
-59.566
-54.781
-13.786
50.211
16.757
-81.648
37.392
-20.207
48.969
-83.572
21.583
-10.437
-70.103
-56.553
-29.321
-50.654
24.391
-90.211
-74.111
-93.95
54.716
33.26
41.648
-88.657
45.286
-12.636
-28.712
88.755
-55.29
-91.322
4.729
-49.462
-83.656
-24.744
18.641
33.106
54.434
66.722
-93.529
-79.120
13.125
62.126
38.561
15.885
-0.3
72.588
-32.942
56.160
-84.453
-92.932
-23.45
35.508
62.698
44.265
23.866
95.490
73.774
-85.430
-23.566
-90.859
77.334
94.722
36.484
-92.980
-32.955
76.50
59.723
85.760
22.883
-13.973
-36.503
-56.949
-89.85
20.529
-16.462
83.590
87.149
-18.786
-31.309
10.522
-1.710
26.918
25.7
-8.379
-75.596
46.579
68.818
65.88
-74.171
67.634
86.335
7.313
-30.938
90.398
79.25
31.72
24.292
67.57
49.831
39.851
-4.737
30.696
-75.678
-32.120
-16.200
48.83
-11.359
-92.827
-14.976
-8.467
35.471
-50.754
-77.881
47.213
-14.129
-7.929
24.840
33.385
51.299
-1.459
-53.795
-95.697
81.126
-97.373
34.188
23.947
47.372
83.457
-93.909
-84.262
-42.15
-71.962
7.743
76.93
6.779
70.355
12.902
-98.485
17.931
35.567
65.509
42.932
16.591
-69.367
43.826
9.96
-22.460
60.758
3.375
7.963
73.980
6.223
-2.91
-94.360
-78.755
42.464
13.139
87.799
98.254
-92.413
5.186
27.644
-33.47
31.193
1.471
-44.366
-36.231
89.618
-0.68
-38.512
92.517
26.944
83.78
35.861
-96.662
17.659
-2.595
-78.284
53.836
-82.627
24.971
-56.497
-80.132
56.967
-24.716
64.133
74.35
-64.913
76.918
4.600
-97.76
8.532
-63.964
48.420
-46.445
-7.861
27.388
-95.552
47.28
87.884
59.634
-49.442
89.957
-60.257
-99.203
6.163
-98.90
-25.285
-69.384
-79.224
41.783
-79.32
1.821
88.634
47.85
-51.892
-68.242
74.820
-83.889
73.369
-47.562
7.194
-61.795
24.35
44.982
-19.785
58.954
-39.580
-57.863
-12.536
-39.835
53.394
-0.7
20.631
-74.875
13.295
-97.405
75.296
21.253
-8.366
-17.857
88.863
-5.63
-17.983
-17.609
0.674
68.423
-42.98
96.871
-13.632
-19.749
-13.489
-53.694
48.863
-27.681
-82.481
35.49
-42.43
-44.339
-4.152
-30.724
66.889
-16.42
-78.542
-26.670
36.4
20.839
75.933
-33.230
-11.334
-72.317
83.683
34.999
-32.329
-41.8
83.996
-6.616
-30.643
97.177
55.88
-13.712
48.447
-23.782
-89.114
97.307
79.690
-65.448
42.630
-53.279
46.734
74.147
-18.947
-98.671
-29.712
41.261
62.340
78.305
63.699
39.105
44.751
-89.677
46.848
51.298
-90.379
-43.420
55.782
9.813
-11.776
-95.667
6.311
-3.852
-0.298
44.450
11.792
90.736
-82.643
14.205
3.516
91.264
37.670
34.526
-12.626
39.622
-63.185
19.27
-95.409
57.23
-81.526
-84.969
-55.106
88.392
26.505
-62.644
0.107
-30.978
49.325
63.283
-30.16
17.300
-69.507
91.948
91.474
-21.88
-21.888
-58.18
70.567
-43.530
91.112
-17.182
12.651
14.894
-61.437
12.258
8.979
63.137
-48.759
-7.902
1.645
-11.162
-74.126
44.293
14.54
58.266
-42.926
62.141
-52.890
-62.849
55.303
-60.266
99.40
-89.836
73.250
46.460
25.202
35.716
34.21
-92.683
-4.938
61.250
-84.449
81.538
-72.763
68.209
83.486
-77.573
-12.607
-37.51
-15.455
97.168
97.352
37.134
66.158
98.478
-42.714
88.791
-3.203
-91.192
-63.607
73.456
33.653
-95.591
96.809
12.207
89.301
-53.942
-91.197
-88.89
36.652
92.825
-17.210
-94.906
-57.154
-30.718
-81.807
-47.613
3.356
-15.996
-70.232
33.577
-5.494
-30.40
98.349
75.579
-64.912
-3.359
35.415
-65.282
32.152
-55.986
51.591
62.973
26.371
49.298
37.963
-85.18
-46.53
15.619
-28.803
-78.259
-4.162
-25.724
89.203
-3.752
95.441
-52.727
69.925
52.393
-18.421
88.299
96.956
-47.181
71.422
-66.325
-59.173
68.525
94.446
-74.999
73.169
28.109
-93.157
69.256
74.27
-29.545
41.404
-42.624
-74.519
31.845
82.871
6.751
33.744
65.366
-29.340
16.221
-33.762
-70.756
85.930
47.562
-59.396
93.854
87.587
-39.552
46.634
81.902
-12.35
-48.206
-13.643
-44.442
25.954
-25.347
76.434
24.725
37.772
-43.305
70.517
-59.518
57.931
-86.627
76.453
15.630
7.207
87.983
-72.972
-90.515
11.185
20.97
34.6
-44.492
97.821
-3.388
-57.695
-49.35
66.607
56.749
2.13
-66.433
-48.919
-65.764
-10.113
7.216
87.125
-26.274
48.93
95.1
57.303
4.870
-53.570
60.336
-59.146
32.805
-44.593
0.771
-43.620
45.167
97.224
-13.328
-63.633
-84.793
21.5
71.89
-37.433
81.86
0.729
63.27
28.24
-44.437
-82.52
42.436
-87.409
77.732
25.270
-66.203
31.455
67.119
19.547
-46.43
-2.477
-96.419
-83.206
-27.336
8.613
26.632
-79.163
13.530
26.901
63.148
-41.302
72.350
40.733
69.160
-30.720
66.847
-53.626
-47.491
61.117
-73.232
-29.625
-61.998
17.138
28.159
-78.441
-42.607
-38.212
49.360
91.521
38.594
-33.975
82.789
82.806
16.586
14.465
80.407
98.398
-41.247
-76.190
-31.128
-19.561
84.144
-47.226
-48.894
60.308
-65.541
-30.439
-8.980
45.8
-56.640
61.811
-93.795
63.942
-91.742
5.354
37.571
-76.2
13.210
-49.555
76.911
-80.224
-49.118
10.733
-49.876
-83.133
-78.970
-13.146
88.411
95.661
10.437
66.869
-84.518
-98.528
57.830
-59.613
14.243
93.909
26.49
69.644
20.406
34.624
24.109
85.359
78.316
48.75
3.342
28.687
0.114
84.183
-80.155
14.941
-70.118
-44.803
-98.433
-35.181
85.236
-30.865
-33.565
36.101
-36.134
42.748
72.870
12.666
-62.17
81.752
-76.189
64.219
-92.752
-82.541
-60.229
93.871
19.443
16.407
15.122
-48.903
15.531
18.348
38.40
-23.75
-62.635
-83.580
-57.851
-1.567
63.235
-95.583
30.850
3.920
47.658
95.982
-85.696
-3.232
-45.689
-82.642
-26.757
45.404
-19.335
72.738
78.537
-72.132
41.417
-97.973
85.670
24.952
35.930
29.727
-59.246
39.371
39.449
50.873
43.14
85.563
-58.100
-21.476
-77.612
91.741
62.800
15.991
11.883
91.133
-56.77
39.114
94.772
-72.445
53.423
17.166
-61.728
51.796
12.107
-26.550
61.907
-14.946
30.992
-46.716
90.422
-47.391
-45.352
-47.903
89.767
66.393
77.6
68.620
-22.502
0.48
-75.791
26.638
43.683
-40.430
86.872
-90.890
93.619
55.488
15.610
-68.462
-37.489
-80.115
14.210
-1.503
92.789
2.231
-53.677
-15.32
-98.300
-35.768
20.505
49.637
-63.851
-13.205
45.897
1.399
-99.104
65.372
-71.822
-39.957
21.529
93.978
-32.294
81.159
-86.356
-79.757
-4.956
6.574
45.97
-31.489
86.210
49.455
98.339
-50.73
-59.159
65.90
22.395
-83.453
-69.298
76.230
41.368
87.217
11.767
82.869
-59.728
-93.593
-35.215
86.51
-63.472
-38.948
-1.141
-75.580
-9.892
-82.74
-80.285
-37.178
36.566
-31.404
79.268
77.606
58.907
-58.735
-76.544
14.378
-21.958
60.147
93.683
94.314
45.845
21.575
45.733
10.391
-8.120
98.334
14.607
68.667
52.461
2.555
8.352
-83.973
67.718
-59.81
-38.289
-61.588
66.754
77.74
39.726
33.628
-45.537
50.72
-83.839
-0.99
-9.937
-38.251
-53.417
27.747
-69.386
-23.371
33.16
47.519
-34.454
-92.554
-31.564
-60.954
-28.60
-51.487
-1.608
-77.532
-33.165
-27.212
44.998
1.891
-9.322
55.934
-55.963
-73.866
-90.719
-46.896
-25.82
20.109
-87.753
-7.207
34.216
25.71
-75.727
32.952
81.143
87.741
-76.118
31.938
1.777
-18.385
30.371
65.949
86.424
22.208
-72.790
94.129
65.405
17.488
31.590
-50.60
-76.791
-66.808
-32.46
25.468
-23.292
63.239
97.556
-0.325
-42.656
-62.358
18.934
98.601
75.485
28.611
-90.634
41.49
74.598
-12.399
42.93
63.755
44.826
68.324
-52.200
34.580
84.970
26.512
8.38
97.602
60.44
32.307
14.803
-78.323
96.675
51.961
-65.945
-17.272
-18.180
-70.577
21.790
-18.474
-18.988
-96.618
50.614
5.165
40.882
-97.751
19.822
78.692
40.466
98.884
-63.702
-84.450
-77.452
49.557
-82.49
61.899
-12.618
-95.596
-8.788
-62.886
-91.550
59.934
-46.363
-48.864
-67.399
-20.560
-77.973
-4.520
76.780
61.895
-83.986
58.97
-84.144
14.92
53.811
-94.183
-82.961
92.965
-47.593
-42.255
23.890
7.848
25.284
10.650
-60.856
9.950
71.185
-5.177
64.876
-52.718
86.294
-59.801
81.878
95.888
5.401
-26.462
-30.633
0.591
83.855
-63.559
-47.598
24.309
-98.790
61.537
74.642
-43.268
-62.950
19.650
-53.685
63.649
-44.148
67.72
43.623
49.84
44.810
-91.953
-1.167
-45.286
-83.191
-77.55
-83.651
-38.219
-3.614
9.716
-53.60
-38.751
44.605
52.902
-62.585
58.215
-3.998
-0.588
70.943
-62.853
91.558
-81.348
-25.844
36.996
-85.159
78.369
-78.925
-78.325
-0.995
37.910
42.153
7.534
76.359
-49.147
25.185
-38.663
-66.694
44.224
-10.824
20.814
-35.556
-8.464
30.640
48.41
62.218
-88.756
35.574
-55.318
52.929
-97.701
52.137
-60.145
55.427
-9.475
-62.638
-1.778
-55.913
3.320
75.324
-71.922
34.726
5.539
-88.894
-15.855
83.217
22.870
18.125
40.28
-80.155
50.979
73.665
85.770
-42.110
27.325
40.160
42.483
23.753
-68.193
-34.473
24.875
88.100
-78.285
8.928
83.807
-14.47
-66.342
88.117
-36.285
65.871
-1.847
16.135
96.166
46.126
6.909
-95.75
-44.841
29.782
-18.318
-1.535
-57.236
-92.104
28.100
-50.346
-51.304
-12.651
21.196
-71.477
-91.895
-48.996
76.605
52.598
-16.426
-97.728
-53.80
22.992
66.865
4.689
-24.580
63.880
89.756
-51.761
-18.29
-38.78
56.331
-78.105
4.772
-26.876
77.201
-72.416
-15.705
-15.656
-62.727
-39.17
-92.873
-30.951
60.608
-55.334
-40.312
-8.436
5.703
-10.718
-28.432
27.623
52.316
61.998
-28.958
-66.765
81.757
-49.866
33.971
-22.533
-68.313
44.340
-86.692
52.406
22.586
0.652
-13.834
-41.35
58.969
25.691
-15.859
38.256
36.842
-50.546
62.969
84.69
-23.534
68.28
-31.986
-17.463
-36.179
-68.269
92.5
-61.407
-35.769
-48.105
-13.180
64.49
50.632
-58.550
5.38
63.707
30.951
38.112
-45.300
-21.748
-19.813
-3.977
-15.979
-13.437
26.42
71.358
-84.640
7.730
-84.176
-35.649
-90.868
26.423
-15.638
-37.203
-60.230
70.953
91.937
64.596
1.281
-38.816
75.658
77.637
4.152
14.541
-10.2
-53.924
53.16
46.932
-69.433
20.523
-20.950
-93.527
-38.583
21.97
59.860
-28.913
1.318
-12.364
72.485
12.505
-73.778
92.171
-48.461
8.582
62.794
18.974
-99.75
47.740
80.212
-45.476
34.349
24.193
-94.941
-46.802
48.316
-10.135
85.886
-31.585
93.165
40.411
93.197
28.473
-35.767
-3.14
57.662
-54.573
76.10
26.293
-16.786
-18.327
-1.772
-85.253
-10.588
-81.943
54.900
-44.606
20.35
83.261
-83.378
-0.948
29.449
-6.934
5.597
24.378
-8.433
-7.429
-79.149
14.184
42.767
8.768
54.949
24.155
-47.213
-10.537
-20.197
78.505
-47.384
99.550
-65.592
-8.353
-0.159
42.135
-70.182
47.944
54.364
95.694
-64.894
87.645
43.210
-18.671
13.271
57.813
-8.935
73.234
26.89
77.284
-33.600
26.188
-21.583
-8.201
1.514
52.823
-39.283
59.756
-76.483
-56.12
35.146
-56.324
75.745
-56.353
56.854
-79.759
16.498
-93.309
52.785
-52.994
36.629
-24.938
49.213
8.369
21.77
47.256
-1.425
-86.518
-31.122
-60.974
1.62
40.986
-55.287
15.548
-80.969
52.768
83.769
-12.607
-3.39
-79.899
1.552
-52.144
94.351
0.918
-76.198
-80.103
-41.686
-31.151
-87.454
-17.85
-21.38
87.942
-92.736
-32.689
-72.465
-33.197
62.791
-61.22
72.410
69.779
70.401
-22.40
23.332
22.564
-92.988
12.221
83.384
-92.597
-5.821
-71.391
-23.613
12.335
96.110
-17.233
26.677
53.289
77.524
-44.68
-33.73
-33.345
64.320
96.684
68.381
73.498
-47.76
-57.581
-40.210
60.754
29.588
-19.473
53.837
99.785
-33.653
78.479
-55.826
-14.35
-61.327
-33.439
25.968
42.440
-5.245
-39.644
58.30
-58.808
-8.915
35.29
-95.791
-13.76
-38.601
-51.143
-89.400
-64.340
24.350
90.109
86.817
-61.904
-22.599
11.465
-40.903
-89.207
30.848
-16.313
-46.89
-59.831
-31.370
-19.883
37.405
97.969
-34.309
-23.98
8.128
94.644
-23.642
-51.153
-40.985
-99.756
14.793
-28.591
-8.577
-43.352
-37.61
-27.807
35.930
-80.134
8.526
-7.277
88.291
-27.520
35.780
4.623
71.960
-70.639
13.326
-99.406
-42.767
-70.74
-6.914
-36.694
-9.381
-59.638
14.209
29.280
-4.845
9.844
0.838
-17.460
64.467
-51.355
-9.365
-48.776
-61.942
-87.572
-4.176
47.37
49.289
66.458
61.823
23.674
-78.235
-67.935
94.749
83.988
-3.292
-69.691
80.241
81.59
94.573
-27.696
15.826
-20.346
1.540
77.675
25.679
-1.748
-66.80
20.513
-33.508
68.235
30.50
-79.22
-63.575
-49.653
22.530
40.384
49.250
-51.123
-12.756
-47.324
77.854
-38.285
-93.849
-93.998
-68.72
22.12
76.213
-11.564
60.829
-68.876
64.105
-61.344
81.289
-76.482
-76.950
-6.724
73.201
-42.164
34.776
82.545
-54.761
-85.474
-50.707
-15.683
83.111
-71.170
23.595
93.637
-28.771
91.105
31.611
76.497
-17.399
-47.166
60.149
-76.420
-68.696
61.189
70.817
4.409
-87.840
31.568
-2.585
-28.532
41.245
18.321
-13.541
7.402
38.124
92.429
51.916
-74.700
41.902
60.230
45.423
-79.242
86.207
41.915
-86.705
48.998
23.601
-38.775
-73.369
93.781
45.178
-95.709
17.796
81.837
-98.375
40.523
11.98
-3.236
42.209
-36.602
-59.300
-10.547
-51.664
4.897
71.296
-96.336
71.448
0.603
-4.445
81.581
-39.593
-75.903
72.107
66.411
-1.434
-59.883
93.106
78.706
-99.162
29.843
14.882
-3.809
87.982
40.900
90.753
-36.212
70.858
53.788
-90.887
73.716
-38.583
99.786
12.226
84.566
-19.408
89.696
45.766
56.771
26.962
58.135
-85.225
47.825
-19.189
24.74
82.945
92.534
-67.132
0.788
-73.266
-85.376
-62.314
73.961
-23.480
-99.205
41.387
-43.779
41.947
-58.99
-94.25
44.610
-29.924
-40.550
-28.273
-6.673
9.666
58.662
42.355
9.513
65.907
-40.203
91.833
-56.725
-82.354
41.612
-5.573
8.832
-43.274
24.735
-9.301
67.941
-88.32
85.888
-32.822
52.964
-98.221
62.630
88.25
-69.1
64.11
-71.78
-29.518
20.903
88.487
-63.840
1.690
13.704
57.192
-75.213
81.930
39.601
39.430
70.602
-94.842
40.857
-2.259
-85.324
99.182
89.809
-81.942
-84.882
18.921
70.443
-77.337
72.129
-7.431
-84.169
65.620
-90.809
-81.443
-49.827
23.745
26.715
-32.993
-32.65
-41.125
10.861
-55.979
-82.21
70.202
1.804
14.427
-0.853
-78.37
45.469
-93.63
73.373
-74.780
-95.114
-78.184
51.638
56.652
55.853
-73.683
-84.480
-12.373
-18.499
85.25
31.221
-98.599
20.602
46.59
-99.66
58.691
54.575
71.839
-52.257
-57.42
43.173
-42.24
-26.444
0.591
27.242
10.900
25.306
71.578
-91.482
-10.39
7.382
-24.625
93.303
-16.704
50.183
2.593
-45.970
15.442
76.733
-95.696
-9.3
-48.227
-63.672
-22.588
73.90
-18.244
-15.741
-19.156
-53.385
69.332
25.41
15.741
30.104
-0.927
-27.152
-36.670
91.437
-69.57
88.810
-93.532
94.557
50.324
-34.106
90.206
-86.385
25.122
9.713
34.834
-19.223
38.316
41.163
85.413
-71.647
14.889
83.728
-5.253
-48.414
-81.600
-71.320
72.958
56.199
-50.436
67.708
91.174
25.57
92.214
34.315
41.796
30.68
47.292
80.648
28.398
-41.218
-2.861
5.886
35.678
-71.64
22.405
25.888
-96.735
29.967
61.395
81.488
-62.543
64.448
-28.635
-55.7
48.681
-38.906
-48.354
98.983
49.696
-50.929
-21.391
-1.256
-19.636
67.691
80.792
51.382
57.531
-51.881
-11.730
-19.532
-15.153
-54.806
-93.377
67.897
-53.429
67.380
40.638
66.289
-28.300
-85.771
24.486
-55.692
41.485
16.205
83.858
93.477
38.617
62.336
20.616
60.153
-32.878
10.533
-95.726
9.743
-72.626
-64.871
-37.510
-0.424
4.496
61.456
89.541
3.551
-10.998
7.259
-56.231
68.48
-57.737
-15.290
10.346
20.207
-84.996
78.552
5.214
11.821
59.930
-34.398
-84.55
-92.870
-28.532
9.953
51.989
-33.168
19.725
-4.388
-0.548
-27.534
-55.218
-72.462
-79.690
32.752
-93.103
-3.636
-16.608
44.312
46.712
77.391
-7.398
-95.822
-54.601
-98.434
94.879
-32.934
38.503
22.447
-46.645
-18.323
76.582
52.477
90.584
-70.434
3.628
38.861
-14.651
-46.725
-42.471
-2.141
6.917
8.721
80.663
-58.434
70.489
62.579
40.694
-21.792
49.835
27.589
-28.95
-63.103
-76.436
76.46
-11.17
-74.579
-50.371
77.192
30.193
7.21
25.349
-12.465
21.493
94.369
-52.880
-0.654
-79.904
-0.634
65.864
-66.771
-8.848
-97.13
42.634
-75.80
-55.785
51.237
-79.16
29.168
-20.133
8.99
-17.359
-75.657
-51.151
-19.927
-9.382
-32.885
9.16
94.146
-62.818
46.226
53.743
61.70
30.321
38.693
26.554
3.138
65.99
-47.694
45.908
28.254
11.559
54.321
5.903
-60.293
42.571
-58.874
-60.791
-78.338
94.35
-28.664
88.27
-91.781
-16.639
63.751
-7.694
-6.552
43.564
-31.42
-62.188
52.116
-49.404
-57.147
-86.64
-22.179
0.187
-50.993
-26.88
93.219
-99.433
-93.638
-50.439
35.748
-6.534
-15.108
-76.709
31.611
-91.337
-15.30
-33.382
40.75
16.477
48.265
-79.571
-75.738
2.815
16.198
-75.89
22.756
-40.242
-44.382
86.350
19.550
48.482
15.857
39.911
-23.479
-71.554
-3.928
-18.820
-67.665
43.803
49.323
-19.971
-13.339
-45.830
-92.153
-89.624
28.580
24.50
61.770
-33.813
8.714
-85.34
-44.47
-60.844
-39.888
97.377
61.106
53.182
65.495
95.781
-28.389
36.926
-15.170
-34.682
82.373
-36.722
-67.283
-29.336
-42.53
25.100
74.280
-89.916
86.332
-34.866
-74.700
54.989
11.708
-27.437
-76.932
21.257
47.283
14.372
7.910
22.944
71.670
93.624
37.536
-16.215
-83.491
-4.565
-77.512
78.427
-48.586
-2.809
-74.480
-47.326
8.363
-78.932
-37.15
-28.371
76.748
-12.779
-21.379
92.234
59.208
-97.355
60.664
-58.194
24.31
-33.811
59.439
97.552
-63.225
67.369
-32.928
-77.926
1.986
-40.996
11.172
-49.357
-59.116
-22.314
-63.729
-84.596
91.428
7.57
-30.458
-69.698
2.709
-18.211
-45.222
63.844
-82.208
-77.44
-94.236
-87.695
58.425
15.146
20.348
-98.766
-34.563
38.826
-56.460
-55.690
-2.884
-77.323
61.581
-56.348
-2.268
57.219
75.853
-15.991
-52.299
-97.506
-87.208
64.185
-37.198
-38.707
-34.409
-29.718
-43.845
19.660
-74.713
42.210
99.197
-45.614
-61.803
-63.541
60.975
-78.157
67.500
-9.919
94.594
30.336
-72.187
-22.32
9.546
95.309
91.21
97.952
20.319
41.681
22.675
-68.658
-24.430
82.553
-54.562
-77.9
-94.601
-38.98
39.570
92.863
64.285
-83.605
-89.682
-35.64
14.719
-90.448
-28.442
-39.732
-50.771
32.115
-96.980
87.663
-36.204
67.440
-52.754
-51.396
-59.676
21.615
-32.517
-14.702
12.850
47.989
-35.777
58.644
97.496
7.247
-65.259
-18.132
4.964
13.31
-37.843
-94.390
-13.277
37.187
-53.536
-75.43
-94.861
-41.79
-7.783
91.448
-77.838
65.932
94.745
-48.835
-47.288
-46.564
92.410
50.503
-87.810
-41.202
-78.731
-58.249
-80.95
-32.344
23.343
50.589
-25.33
-9.583
25.371
76.64
-27.695
-65.753
34.686
-1.770
55.545
-98.195
4.173
-73.634
44.11
78.87
14.367
-86.632
6.518
-22.772
34.227
-89.525
85.582
-15.455
28.351
64.730
16.144
-64.30
17.989
8.763
21.698
27.839
32.425
59.192
-72.20
96.336
60.852
-91.616
54.85
-88.945
41.966
26.693
37.378
29.137
29.661
-32.609
13.70
42.761
2.668
-3.956
-68.749
82.276
-36.413
-67.94
42.775
-37.807
68.272
-4.315
56.669
-45.325
80.45
82.879
81.668
6.835
20.630
-47.367
-83.88
-90.292
-10.300
-50.845
94.578
-39.112
61.493
-47.451
-80.771
-37.818
-5.201
45.343
-53.5
-30.855
-36.201
-87.441
-17.554
16.601
2.734
-70.23
5.628
-81.525
0.678
-68.460
85.196
-32.283
-91.601
95.169
-98.823
76.193
-20.350
69.31
-10.232
-9.252
-15.289
-22.921
-71.964
77.559
85.509
27.585
-44.957
89.826
8.889
-9.150
18.465
24.387
66.710
-8.988
-20.525
-6.353
86.197
-68.687
-81.347
-31.208
-32.26
75.351
90.169
70.377
8.849
-8.56
92.894
34.362
2.843
59.274
-18.259
-42.734
-5.324
-79.994
-93.655
-33.463
77.707
-71.641
-4.443
-36.354
24.172
43.66
12.72
51.603
-19.297
36.382
-10.859
-29.983
-11.87
36.224
-39.600
50.243
-46.856
19.959
-87.578
-61.914
-51.376
-48.858
86.369
20.457
-9.396
-22.798
1.397
5.516
-64.503
-20.365
-10.268
11.216
96.202
68.375
-16.384
-64.106
-8.959
8.16
-19.880
8.552
64.414
-48.326
-90.974
-1.742
21.910
37.374
-4.83
-68.243
49.463
-33.671
-86.487
55.935
92.225
-83.78
50.951
0.241
-9.745
29.566
-65.515
82.800
52.786
88.93
-2.937
-90.520
20.570
-12.823
-78.384
-32.565
77.30
-89.13
-72.417
-43.657
2.59
-90.949
4.421
74.33
-33.863
90.995
-12.24
54.765
95.538
75.533
-47.687
-9.577
-43.282
-47.808
27.342
-42.332
-23.696
34.950
-58.246
-51.721
1.820
-10.481
-68.224
-99.324
-15.603
94.445
21.768
73.954
42.664
49.315
41.916
-69.878
-27.798
66.97
-66.512
8.259
-82.980
-5.405
-30.947
53.848
-49.642
65.311
15.490
90.109
40.975
-94.784
45.218
-16.975
42.357
33.610
91.511
17.177
-70.792
-26.934
-27.927
44.373
-21.718
-78.434
-40.477
2.862
-65.553
-69.170
-85.593
44.619
-11.698
6.694
-37.867
-87.845
64.738
50.492
47.957
-8.479
-45.664
27.60
44.72
39.730
-8.468
-94.855
67.571
69.621
-85.321
-54.829
-94.26
78.354
34.98
-39.537
-87.45
-55.692
20.911
75.533
-22.418
-79.473
-15.219
-68.249
-81.183
-18.423
-85.662
21.769
-63.589
29.564
16.187
76.118
-65.486
-80.954
-2.287
21.205
-30.142
-37.863
-35.279
-97.608
-40.176
54.952
92.117
-98.49
-5.751
95.673
-61.55
41.592
-90.328
-29.877
-85.70
79.676
-92.168
43.766
48.71
-92.619
93.480
-37.373
-96.363
-34.393
-32.730
-6.209
32.654
27.549
-71.850
19.842
40.788
-17.125
-38.421
87.307
-65.39
-62.145
-86.929
-79.508
91.579
26.599
-80.591
-18.908
77.846
-51.85
19.151
-68.465
79.703
44.35
-11.226
27.404
38.836
37.354
13.683
62.186
-18.905
-13.626
-5.557
-78.354
59.565
20.744
-31.735
86.972
50.638
-12.152
11.471
-62.336
-77.894
48.72
-2.732
-86.804
74.887
-50.574
-32.476
-97.440
1.551
-10.313
97.543
-93.591
92.846
7.532
-19.759
-66.361
38.46
-47.495
-61.896
46.858
-20.7
87.901
79.245
3.252
-83.724
51.42
-44.180
-14.128
75.741
40.140
-19.12
-40.251
-5.931
68.486
-64.370
70.821
-38.117
-4.383
-18.411
-28.751
-48.70
24.263
53.920
-79.889
58.53
60.523
-57.14
35.570
-92.688
-43.968
82.917
85.893
-92.799
-77.878
-1.736
95.449
-62.706
47.393
15.286
-94.829
76.164
29.301
-97.493
-86.23
15.24
50.572
-8.134
-32.181
26.448
-61.994
17.571
-89.952
-55.50
20.488
-64.155
96.105
-77.213
16.197
-49.924
68.137
-21.454
37.144
7.99
-23.120
61.436
-76.784
-63.613
85.629
-92.579
95.99
45.20
-66.858
40.617
15.440
31.702
2.778
-78.594
20.579
60.323
75.218
28.964
36.130
87.22
90.338
65.269
76.971
23.901
-35.922
-77.934
49.861
21.842
-66.978
-68.117
40.360
1.825
67.302
60.277
-99.13
69.842
62.991
-74.265
-1.331
-11.399
-44.440
-14.893
58.460
-72.273
-88.924
78.346
54.508
-92.334
23.788
33.999
12.695
51.862
-15.120
-34.792
30.781
-43.711
-46.166
-44.710
56.833
-50.218
-44.982
-30.133
-9.201
-1.487
65.917
6.912
-93.610
89.354
71.762
-41.813
-62.257
27.888
-6.949
-57.550
-49.668
-25.874
-61.220
-15.509
79.132
-29.173
-49.335
-51.315
-91.973
-32.431
60.832
5.957
-66.871
-85.386
-11.918
47.947
48.748
58.951
-57.43
57.575
59.36
-30.693
-27.460
-44.945
-22.856
32.955
67.55
89.414
27.271
38.280
84.639
-62.369
97.48
56.192
1.14
-16.998
-78.965
88.955
-1.634
-58.624
-90.708
10.70
75.19
49.75
-72.328
3.344
90.774
-85.14
41.16
-73.526
84.768
35.130
60.305
81.106
-46.478
-78.334
9.924
-57.9
12.3
53.176
-66.512
-87.948
-30.260
92.793
82.91
-1.170
16.731
-5.740
61.504
33.657
31.823
49.62
97.444
51.988
-11.771
-1.824
74.492
75.549
-85.11
99.596
-92.128
46.429
-52.279
66.630
25.293
-76.394
48.620
52.247
99.933
-51.384
11.776
47.975
44.927
38.894
20.371
-77.747
58.248
-31.252
5.851
-91.254
25.766
-39.913
-82.109
5.447
61.619
11.396
7.954
-75.785
39.143
88.686
-73.11
-35.302
71.284
-35.941
-45.903
-79.166
-60.773
41.48
-22.240
58.280
-97.906
54.541
24.512
-56.748
35.845
-85.824
80.136
-82.677
-21.51
-55.110
75.107
-58.514
-43.890
12.346
75.33
-41.219
-25.299
34.933
-92.906
93.713
75.688
63.546
92.589
-86.102
79.729
-18.671
-86.148
-38.583
19.727
-0.820
43.496
94.11
10.204
-65.642
19.721
6.992
-12.630
-69.68
-12.687
-62.540
77.735
-28.381
78.992
-70.809
-15.180
90.138
-36.902
-83.124
-64.736
-25.350
-6.327
35.708
27.38
-24.908
14.476
26.766
34.155
72.790
-78.606
-24.331
-61.489
86.576
41.604
91.480
51.494
-44.73
-75.207
8.232
66.510
-12.786
60.600
84.686
-68.779
91.223
74.474
-81.418
58.193
39.54
61.772
-38.436
51.396
53.333
31.601
14.944
-76.918
85.999
67.658
61.49
34.610
-22.301
97.452
-23.257
88.588
-33.402
-52.531
-98.116
-63.936
-73.197
-89.483
25.306
49.803
-69.278
71.67
78.652
-77.256
-47.355
-17.70
48.595
77.984
-20.361
12.810
-60.79
-13.502
6.680
-2.910
-29.109
77.278
60.427
-93.956
9.476
35.640
-64.900
-71.865
98.771
76.726
63.907
5.784
17.997
76.390
-71.151
27.586
93.850
91.573
43.823
27.900
74.763
-78.121
-12.338
74.67
43.938
-37.18
22.411
-8.254
-58.49
32.829
-84.503
44.533
40.845
85.571
20.315
6.904
-30.626
56.734
-7.93
-82.177
9.362
0.258
-63.298
17.535
-38.655
50.161
-31.343
24.51
-24.858
25.941
55.902
-40.802
58.818
21.935
-60.574
14.376
-72.359
-57.584
28.360
92.737
85.544
-41.284
54.194
-18.415
-16.928
70.342
-36.915
-98.624
58.852
-81.396
45.433
-12.974
33.981
-24.399
50.467
3.137
-31.626
71.276
-47.786
83.368
-56.313
25.525
-78.510
-77.734
-92.485
-34.688
-71.71
75.995
-3.42
-35.926
-63.734
-77.660
-65.690
-34.668
2.360
89.46
66.70
69.697
-0.201
18.488
-3.252
-54.629
-83.594
-22.480
-47.334
-58.623
-60.190
-34.11
-3.364
-67.682
-8.37
36.744
24.327
-55.1
-53.148
64.958
-21.119
-0.405
28.461
-10.680
28.988
-50.177
-5.201
54.456
-83.962
46.726
84.147
-65.999
9.979
17.289
59.417
90.319
66.624
-20.278
76.113
32.759
-98.544
-84.361
-27.870
-31.787
-15.146
-91.688
-93.454
-48.827
-11.103
37.487
-88.585
-87.221
-88.800
-17.431
-88.498
76.990
87.435
-23.683
90.894
-70.383
-61.172
-49.111
-45.199
-16.417
21.405
25.933
69.320
-15.544
41.586
-21.856
41.169
-46.718
-24.216
-3.532
14.453
27.830
30.999
-68.767
41.960
-8.681
-11.474
-86.220
-72.845
10.500
-64.266
28.993
72.375
89.143
54.36
53.597
-12.208
41.747
88.971
-51.433
-98.550
-50.78
85.950
-20.192
73.346
87.352
-82.64
-55.5
-97.245
-88.648
80.746
38.49
41.386
20.406
-95.580
-6.867
-14.301
82.708
-50.606
-41.246
-13.426
88.116
40.958
-43.678
-90.773
88.279
-85.145
99.580
71.682
-88.423
-53.588
17.728
82.569
-34.764
-44.507
34.495
-95.80
9.32
79.355
-8.295
-35.500
-88.70
-10.52
-90.538
49.582
-33.468
0.415
-61.724
54.104
-81.864
31.251
70.691
89.302
-77.392
-29.641
41.526
95.327
-34.540
5.747
-83.628
56.312
82.682
-77.523
25.700
64.681
-37.622
78.370
87.4
21.262
10.497
64.654
-20.288
-68.765
18.491
61.707
49.644
-63.474
-57.262
-91.83
-76.393
89.409
15.30
-74.650
-57.869
-91.782
-7.31
46.494
-54.851
-71.994
98.670
-75.212
-57.579
28.453
64.62
95.754
-81.561
-63.459
71.466
-42.937
95.488
-46.263
-55.972
-97.200
90.416
-4.111
0.344
-79.759
-5.831
82.525
-57.572
-3.719
61.726
-50.623
-45.414
-54.670
17.471
-93.902
-81.107
83.641
-75.499
-6.702
-1.816
-68.418
-39.315
27.569
-31.286
-27.732
86.13
77.949
44.124
84.730
-43.383
28.351
37.243
-63.122
-8.453
-28.932
-51.319
81.148
4.944
-79.929
-56.172
1.401
-64.590
95.153
44.114
-31.294
50.245
82.778
-64.535
21.14
-61.270
-85.823
12.739
34.335
-26.179
24.262
-7.964
8.946
58.862
-4.836
79.949
78.586
-79.98
-21.432
17.711
79.387
-36.394
90.403
-70.913
38.869
-71.848
75.78
-53.257
-71.679
24.848
-8.528
6.364
-68.306
29.428
-52.266
63.890
23.865
22.70
20.542
2.966
99.227
31.585
-10.654
92.435
87.87
3.150
19.925
-14.648
-18.768
1.422
-84.321
-48.204
75.115
-9.807
71.547
3.850
74.622
61.236
-71.654
-71.907
42.843
39.991
-74.67
63.728
39.51
-2.654
67.780
58.942
96.913
-7.237
87.231
-93.770
3.145
-76.360
-8.500
40.354
70.722
-26.880
-66.828
12.335
17.175
65.20
-57.723
68.751
7.559
97.399
-42.121
19.347
-38.665
22.729
48.446
-52.364
27.473
51.842
84.549
-20.647
-59.141
-72.460
-17.250
-43.424
-56.572
96.925
-56.604
39.756
-25.92
-70.112
67.524
-38.48
-8.918
-43.313
8.569
-72.917
51.25
-4.616
99.441
-96.411
-91.631
28.869
76.529
75.572
-46.433
-41.205
14.956
-39.161
72.12
-97.60
86.304
0.532
62.260
94.35
-39.281
-57.275
-40.941
0.532
-76.804
93.553
25.539
-89.991
21.605
35.299
-73.90
44.547
-20.939
-4.291
2.867
-12.812
86.890
13.379
75.852
-46.487
-53.912
45.856
12.228
72.633
64.935
60.499
-13.385
-5.250
-89.626
-79.124
-20.429
51.174
34.338
-57.510
23.574
-8.686
-6.399
-94.605
-13.294
-33.73
92.593
15.297
-47.83
-8.892
-1.15
82.376
61.82
30.729
-50.342
47.775
-69.219
73.587
51.734
-67.242
94.96
-0.878
40.791
-83.222
-32.124
27.123
-47.345
-61.218
-76.269
75.188
-66.135
76.35
11.927
-80.210
-78.842
-70.821
-90.869
30.282
56.359
21.886
29.404
-84.280
70.891
47.671
98.701
-73.324
-23.314
-67.244
80.53
15.474
-38.455
48.92
41.262
-13.109
47.559
24.32
-75.707
94.226
-96.807
9.774
-60.964
-15.512
-99.805
78.770
28.617
32.542
-60.717
-3.11
42.60
86.221
-56.734
82.649
52.600
-36.478
29.307
-33.139
-21.652
-17.455
39.849
72.887
-27.43
-98.126
33.930
73.367
83.248
-10.134
32.55
22.424
-24.115
90.287
-26.66
47.416
-18.849
90.874
-92.557
-1.220
1.52
6.826
-65.203
26.593
25.571
68.519
-89.789
-41.279
11.523
30.476
35.278
-48.636
85.301
-89.179
33.805
44.573
23.963
3.256
-6.467
-71.550
-3.637
-92.785
7.770
25.412
36.645
-71.241
25.616
-69.620
-44.478
-94.749
-21.5
26.297
-19.804
14.729
88.17
19.241
75.566
95.487
70.283
-65.478
62.899
-45.178
65.597
-55.163
-10.351
-10.22
-3.398
-13.793
-95.815
-56.933
-66.695
-81.740
-45.557
-65.213
14.823
-84.385
-44.788
-22.2
87.349
-88.605
67.871
-98.504
-6.801
-64.566
86.232
11.817
10.913
8.735
50.474
60.63
-3.330
90.528
-21.835
-9.551
-11.137
-87.0
-49.811
-99.671
-55.373
8.734
67.37
50.979
-37.652
25.262
32.373
72.512
-80.361
-2.412
-58.667
-89.476
-35.795
-12.145
17.734
61.12
-56.896
89.620
27.1
-75.655
-47.613
-92.55
23.42
-43.554
-43.823
48.684
-66.41
58.382
-14.709
-31.185
61.184
-59.376
32.199
-53.42
72.238
-77.438
-94.904
59.714
-45.380
84.912
78.73
-86.532
52.117
9.622
-21.546
-8.623
-79.569
92.929
-87.674
-91.511
85.389
10.627
-64.280
-68.389
67.862
-4.522
31.702
63.146
61.533
-39.276
-82.561
-98.924
-46.740
-64.560
-56.780
94.284
-56.568
-88.831
-48.844
87.635
-85.117
25.715
-44.314
-91.30
-31.486
-86.580
-12.937
43.125
-21.425
31.513
-70.250
-23.675
99.119
-20.862
-49.646
-10.332
-7.796
-21.740
69.661
-62.444
90.15
87.638
0.589
-79.609
88.610
35.372
63.180
-79.601
73.522
92.84
-76.274
58.914
68.366
-50.946
-46.34
-88.822
10.185
81.764
44.389
-16.781
85.157
-20.768
94.288
9.190
-85.336
24.724
-36.687
27.20
-72.465
-91.33
-42.818
-72.539
-16.185
-27.346
-83.631
78.708
43.596
-45.475
64.299
-72.590
-13.785
-12.157
31.974
-91.601
89.336
-75.567
-86.410
36.108
-7.424
-94.748
-63.861
55.626
85.809
-53.700
14.841
-11.217
-16.903
-69.292
-98.51
26.645
44.461
48.316
61.453
0.706
92.773
-20.636
16.5
-26.474
44.872
38.498
80.295
83.695
17.208
60.808
55.800
-92.520
-46.888
56.314
-57.610
62.848
64.128
-27.664
58.81
42.893
-37.448
57.941
14.939
75.995
63.105
76.319
-39.283
97.810
2.920
-63.714
84.252
-57.9
50.975
84.451
-85.966
48.394
7.233
-99.482
-3.484
-40.447
70.883
-1.240
-72.391
-83.927
-42.164
57.712
92.772
9.471
-41.827
40.567
6.290
-24.91
-4.615
59.451
-69.593
93.850
-64.894
-21.304
60.945
-35.737
-58.44
17.820
16.724
-6.435
27.404
-61.950
-60.466
30.539
-72.299
93.935
82.245
-12.762
-38.78
27.936
19.264
-56.577
-43.237
25.368
63.792
-98.986
71.220
-39.784
28.122
94.201
-95.472
-52.528
12.572
38.849
3.313
-68.963
72.186
22.378
-34.358
28.852
-7.999
-54.852
-79.416
41.454
75.857
-1.278
66.650
-50.924
-71.510
-67.839
-64.846
-85.853
35.732
-57.73
29.300
17.501
-17.367
8.470
-24.593
-51.860
-31.176
62.662
-45.197
-96.355
49.336
11.453
-52.23
43.231
-10.807
36.111
1.994
-17.456
-33.53
-34.849
-59.650
85.313
-12.765
6.360
23.671
33.207
55.161
-2.730
63.63
-74.949
-39.461
-41.546
48.58
30.716
43.991
15.124
99.32
76.186
62.602
-0.476
-92.515
81.408
-36.256
-57.786
90.581
42.97
5.148
78.24
-32.238
2.491
-74.983
-6.716
85.653
21.262
74.552
71.546
92.451
-97.781
-36.266
30.320
-99.894
36.801
-82.586
84.307
76.34
-98.405
-21.249
-40.246
36.582
-22.564
-47.316
7.704
35.786
17.522
60.699
-60.249
5.271
54.263
-37.899
85.473
-54.420
-18.779
-34.915
-37.832
51.144
-99.756
-52.862
6.968
6.505
-40.91
-39.45
6.615
78.250
-36.239
16.890
-48.941
77.445
-29.651
-44.509
11.249
-52.789
-65.147
57.325
69.813
12.782
52.930
97.859
-7.840
86.136
23.648
50.552
75.917
-68.226
-58.395
92.960
15.712
80.761
89.969
-54.7
75.382
98.833
10.460
22.528
-11.639
-13.31
-46.298
-12.678
38.320
3.874
5.201
7.200
-61.362
-84.836
34.947
83.861
40.359
61.371
92.461
96.765
-8.122
54.182
33.495
24.332
44.918
-55.1
49.541
42.602
65.947
-8.895
77.455
-99.9
-70.742
-55.467
-76.63
-97.171
-27.820
-68.14
33.431
59.391
-2.120
19.820
-19.690
-66.797
-45.625
42.123
40.502
-31.771
24.356
17.367
-57.569
-0.140
-57.559
-57.377
75.574
57.716
-10.156
-36.787
-28.564
-51.433
66.290
2.942
-57.400
55.757
49.184
-21.42
-68.204
66.140
86.568
-63.920
6.586
71.40
76.398
-92.53
38.154
7.328
44.696
-89.762
-74.649
-23.64
-5.22
-77.445
-44.121
-10.666
86.456
-46.363
-0.159
-6.1
5.675
25.99
-16.56
-46.486
17.330
-85.692
-11.330
39.76
-99.676
-55.335
26.192
-98.169
-86.186
-45.884
1.953
30.439
-26.802
-78.141
97.192
76.299
-56.226
12.676
70.363
85.660
86.661
-21.543
-49.269
7.999
41.97
-56.73
-54.282
97.694
9.816
-59.2
-45.440
-33.462
64.463
45.70
71.63
89.120
-7.574
50.323
-74.184
9.695
-56.93
-16.626
20.143
-45.740
-69.912
-43.201
-42.260
-75.963
2.337
-45.747
43.555
-33.424
85.544
-0.889
-37.810
85.53
-6.747
-1.822
-23.324
-30.422
-33.117
28.850
-54.435
71.335
33.972
54.409
-81.767
-69.620
19.644
-7.374
94.507
-89.488
-7.942
70.366
-73.499
39.605
59.887
26.956
19.775
-37.35
29.129
86.318
-45.378
39.148
-20.573
-25.113
-92.172
74.850
28.969
-75.207
48.688
80.475
-1.472
64.764
45.36
-73.262
58.554
83.680
-63.908
-23.235
18.35
43.168
-38.769
63.133
-36.978
82.803
-94.213
29.448
15.464
-22.387
36.606
-90.601
-20.691
-74.254
44.790
98.224
-19.670
93.652
-0.19
-15.741
69.377
7.319
65.339
92.965
-4.609
46.660
-91.379
-54.24
65.924
40.691
54.561
75.920
48.938
65.30
83.387
96.633
85.277
96.883
60.548
42.88
-66.242
-70.969
42.870
-58.635
39.870
-81.718
36.755
21.652
-31.412
66.406
96.24
-87.995
-98.989
48.347
-80.738
-51.420
-55.108
41.829
-57.961
74.779
-78.975
29.462
-50.160
-40.360
-18.92
-18.743
-36.651
-10.92
-88.301
-78.475
-27.406
48.335
-16.585
-73.378
-30.996
78.14
-45.502
-73.865
78.753
96.284
-45.511
-69.811
55.827
5.252
-16.435
68.113
67.410
65.83
-7.313
-2.61
21.106
98.127
-63.882
13.940
-41.956
17.376
-59.943
-55.660
17.619
-32.122
-35.995
-49.294
26.409
-30.222
-86.815
-30.184
86.695
-5.850
-8.867
-76.851
5.438
-93.787
9.765
59.495
-49.934
95.164
-18.2
-37.508
-16.468
-66.196
-39.753
-59.247
73.508
48.67
-45.216
9.263
-9.882
4.71
1.139
-66.705
-35.596
-42.455
-88.280
-0.480
-60.925
53.486
-11.347
71.203
91.905
31.23
-67.410
-56.152
45.93
-93.293
-61.305
44.359
43.322
-24.493
28.436
-71.267
-20.886
-69.342
73.939
58.185
-76.498
71.742
-4.238
-33.162
70.643
-59.114
-76.986
52.855
-32.529
-57.639
-75.667
51.890
-86.795
-43.80
45.950
83.662
92.238
-35.442
25.426
-54.283
-72.11
36.562
-94.649
91.944
2.590
56.725
-28.618
-35.505
2.82
-97.936
84.308
91.696
-40.491
-32.634
56.936
-79.744
68.172
44.560
-14.762
62.11
-46.948
-41.591
-99.831
-57.463
60.919
-57.151
28.819
-20.515
-18.681
51.96
-20.42
49.884
75.535
-44.644
47.805
86.662
21.942
-29.615
48.833
-82.384
27.556
-72.306
8.681
-75.878
57.825
-58.812
15.285
-91.66
34.67
-59.49
32.728
48.52
-99.260
38.535
-21.692
-9.2
-63.617
-60.60
72.495
70.306
56.591
-46.391
43.942
25.780
-33.901
18.462
-68.126
55.538
-8.963
29.585
50.141
52.187
5.382
-71.407
-19.492
64.111
-59.131
75.838
52.946
-28.227
11.378
84.182
1.339
8.110
47.382
40.846
-48.857
-81.384
-5.489
40.17
12.628
25.265
-26.966
-61.26
-51.873
34.466
-32.914
-61.47
80.53
94.245
-87.210
-10.87
67.65
63.526
-74.878
15.964
6.897
-54.510
87.291
-8.537
-47.476
-67.838
-51.805
2.420
-30.795
-32.662
52.869
-38.623
24.662
62.771
50.318
-96.637
-82.289
85.943
-62.273
18.858
-90.162
-11.453
94.777
-69.891
-32.42
-24.790
53.224
40.409
-47.872
1.842
17.284
7.95
-20.489
-95.110
-42.495
11.119
65.172
-61.812
-47.811
11.612
33.582
-18.589
-7.609
-74.304
-84.798
36.409
78.127
-49.888
30.987
82.699
29.584
-59.454
-85.762
-52.988
81.672
6.208
-49.738
17.488
98.218
-42.152
-98.781
-37.741
-64.478
1.482
46.863
89.469
94.771
26.588
98.86
58.780
68.579
63.416
-13.232
-76.285
-28.231
51.221
35.367
-57.446
67.344
47.754
31.23
97.86
-4.751
41.428
-8.808
91.211
95.198
22.155
-85.274
-87.773
22.805
-35.502
17.959
-31.300
-30.9
-13.652
-69.699
-93.921
14.258
-32.446
5.320
0.755
86.872
72.903
89.486
-15.851
-4.221
-91.666
86.632
-56.465
-51.622
-51.774
5.361
-19.133
33.574
8.789
39.693
-17.837
20.23
-29.231
89.882
-16.485
-51.191
11.662
-74.847
27.107
79.446
-5.563
48.83
-24.264
17.553
-32.622
22.225
24.236
-60.262
70.789
21.669
-18.826
4.926
-14.251
7.320
-82.405
95.279
-99.303
17.963
-30.185
-2.759
-68.729
-1.934
17.100
50.107
-88.541
0.537
85.988
-11.206
0.388
-78.291
-77.711
-54.213
5.230
12.732
91.920
23.120
-86.558
52.469
-34.821
54.699
-80.828
-88.682
30.540
24.652
-25.43
-68.118
-99.156
-19.460
-97.995
12.649
69.181
-38.970
20.652
85.329
-82.754
99.174
37.126
-37.597
-7.795
98.459
-40.880
-11.771
-65.343
58.828
56.310
-48.62
-11.851
77.589
-56.96
-82.194
57.286
-66.498
-96.863
31.273
95.381
66.230
63.641
-34.770
-54.79
22.561
-96.219
-55.937
33.685
-55.117
57.264
69.882
-96.145
-74.531
-89.286
-4.908
-13.856
8.12
-2.497
-62.952
44.909
60.31
57.379
-96.453
5.194
-45.698
-46.511
-19.271
-28.773
-75.288
91.384
72.444
87.402
47.898
-87.55
17.952
-55.150
2.869
12.750
-68.477
-81.169
3.793
-8.232
92.279
29.819
-60.136
89.492
81.94
96.306
85.627
62.360
76.63
-34.471
-94.963
56.992
-73.752
-94.293
-65.126
58.522
1.960
22.22
63.150
-50.84
-20.578
70.586
-39.811
97.557
94.975
90.933
-44.535
-25.609
18.324
74.826
-53.347
-47.869
33.861
-23.458
58.504
-71.446
6.590
54.267
-24.837
44.363
1.316
89.715
63.848
48.523
43.33
-61.504
17.811
-7.265
59.241
35.537
37.239
39.980
-62.643
-46.743
88.487
-86.200
31.817
67.225
22.736
62.971
-18.108
-91.847
-31.409
19.7
-83.395
-81.782
-83.965
-96.832
26.354
-49.369
-57.887
-9.930
-88.861
-15.233
-33.568
90.549
-47.32
74.180
-78.906
18.507
29.817
49.426
68.666
-48.181
36.714
20.104
-89.904
72.578
92.409
66.427
9.957
-91.106
56.426
35.974
46.111
-78.231
60.172
-74.845
-20.489
73.755
-86.716
-63.259
19.316
-41.803
-44.249
-14.928
-89.740
19.14
-80.634
-50.860
0.846
-6.409
71.680
-9.973
26.118
2.884
61.673
45.445
-73.425
91.376
15.76
-56.834
-56.405
24.567
95.293
67.696
-20.709
12.506
-19.580
-12.123
65.890
64.598
-72.506
65.282
80.377
16.97
85.17
32.229
-71.748
88.912
-81.877
-54.841
-62.566
75.731
-55.663
-80.832
2.417
37.149
26.473
0.461
-96.195
35.749
-25.663
69.638
-47.945
55.526
60.428
82.417
86.943
-42.995
58.344
-4.879
-92.256
45.277
82.225
-83.532
67.593
21.127
-25.365
53.407
95.166
32.870
-19.362
21.560
61.842
-47.577
11.597
3.318
12.595
-69.901
-69.696
65.529
-40.500
-24.921
86.134
24.734
47.245
63.801
55.465
-64.534
-32.3
-67.568
-24.461
-43.937
-27.923
53.700
-56.799
-9.463
-32.170
50.286
-70.218
38.485
83.309
32.405
50.332
-6.285
-45.193
81.302
70.986
24.137
-61.359
-6.997
-19.932
-45.664
60.466
99.472
90.417
81.250
-34.772
-58.97
19.110
99.816
65.487
92.584
-24.45
40.496
-41.287
-87.568
-36.154
24.864
48.984
32.83
-64.0
-29.692
-57.268
52.60
-19.1
-7.341
-46.677
10.701
-70.550
-93.934
33.498
-64.879
79.37
92.789
1.960
49.319
-65.766
35.128
-22.798
93.944
48.29
7.893
58.472
30.516
63.169
97.718
76.83
80.771
-90.293
50.987
96.287
41.194
-17.752
30.583
-84.746
-50.595
-35.471
87.403
-18.94
48.796
-74.93
-29.186
77.955
-50.437
39.773
49.923
-78.558
-43.797
78.416
59.564
-79.891
38.720
-91.298
49.448
-41.687
32.888
-69.67
-30.10
46.840
-56.852
-14.31
-66.722
-3.413
-48.562
-77.456
-32.488
-9.309
45.39
31.785
32.993
-50.108
59.574
89.929
-68.777
96.555
-62.387
-69.548
-91.246
-75.277
-0.761
76.912
-88.323
70.12
18.333
28.29
-98.843
-56.313
-75.856
34.132
31.684
73.12
-23.501
-47.871
52.889
-35.469
-73.67
2.875
-80.851
-51.385
-52.968
66.241
-92.664
-93.163
7.316
6.603
86.229
10.931
-50.611
-95.515
-76.919
-41.585
-19.129
49.522
-51.482
47.340
-60.127
-44.389
-52.439
63.135
-60.663
-25.5
83.524
6.425
-45.229
99.176
9.736
96.32
-67.885
-1.200
-50.660
-18.937
-71.921
57.979
-65.924
-8.776
91.785
1.534
0.953
90.6
68.856
57.774
55.697
77.754
24.171
-53.79
-5.170
98.571
-23.23
85.614
47.182
-70.391
83.246
-16.623
-81.299
-71.152
-36.710
-91.708
80.883
-74.768
74.915
-30.338
-64.973
43.741
-80.623
-89.894
77.682
87.774
69.54
27.829
98.455
4.438
52.902
47.898
16.178
-37.619
11.596
-94.984
38.705
-64.432
-59.131
-21.687
21.491
-94.438
60.207
50.96
85.907
3.54
-95.892
46.8
25.467
-60.240
-33.961
-9.307
-34.20
-38.370
62.955
34.811
-90.358
-3.4
-49.930
-26.590
-94.424
-2.685
-0.919
-57.658
10.872
-71.806
-86.148
-45.251
13.901
0.579
27.974
-16.576
17.528
-85.685
28.495
-26.867
87.205
54.51
78.116
32.516
77.195
-97.412
-3.881
80.918
63.246
-70.524
83.211
44.18
8.596
74.581
-19.210
38.259
-85.414
-8.594
-68.809
-75.579
50.414
82.110
17.919
68.445
39.564
53.954
32.839
91.99
21.419
98.294
-51.296
15.630
98.347
29.267
-93.906
67.812
-52.44
-4.835
-99.809
-55.507
90.510
-92.325
-5.323
-36.804
-17.997
-61.816
-60.521
49.525
38.424
-45.731
-47.322
-98.314
79.819
-7.108
55.625
62.638
80.398
95.448
-45.238
56.483
-74.831
54.281
-59.760
-88.967
-74.875
9.389
60.321
33.716
83.113
9.969
67.143
-47.849
-94.709
-12.397
-90.423
93.432
86.945
-78.130
-70.865
-0.574
-14.694
62.841
40.387
29.151
86.241
-22.986
47.673
-94.51
-9.922
37.874
-87.40
33.603
-76.195
-80.224
-33.363
62.485
-24.333
82.579
-71.588
-24.177
-4.317
-78.150
94.526
-1.858
59.543
-11.6
2.30
-65.264
-32.135
-73.212
-89.716
97.695
8.341
66.394
48.653
-46.417
81.671
-1.88
-0.721
-39.194
-55.735
-41.32
76.40
38.306
-61.407
28.353
1.686
56.387
76.387
83.978
2.633
-89.726
-20.703
95.793
13.854
-88.783
80.936
-95.993
-98.921
75.856
46.10
-4.99
95.171
-79.567
69.32
-18.220
72.252
12.799
87.949
-53.776
97.474
74.779
30.426
-89.105
41.826
-0.996
-93.968
23.780
98.819
94.824
98.421
-12.596
-78.426
63.616
19.309
-7.9
-67.555
79.178
-94.577
-58.671
51.22
19.286
65.564
90.379
-73.298
-82.57
-87.524
13.303
20.249
98.608
-52.211
-76.830
0.948
51.990
69.63
97.345
-39.185
83.198
-58.870
-10.20
-86.473
35.1
19.202
72.853
52.274
-34.72
-22.663
87.546
-7.605
-76.767
-6.353
47.89
-70.260
-42.784
56.336
-33.623
8.997
20.984
79.591
-60.420
-61.726
36.73
12.643
42.385
-77.993
-34.827
68.287
12.208
-55.139
55.951
75.312
-48.48
-10.512
36.906
47.83
-47.670
69.738
41.302
98.910
98.517
18.892
64.740
-35.502
-49.791
-1.38
47.637
71.859
-83.700
55.498
18.548
80.566
-7.630
-34.517
-73.167
71.668
53.15
-56.739
-46.422
-42.330
96.248
-19.481
-35.988
-44.874
-3.299
5.171
45.276
75.932
-64.230
6.472
46.920
34.92
-41.527
-31.23
-38.26
-12.383
54.429
-16.856
65.173
89.79
-94.777
-48.463
-83.705
-58.188
59.726
8.838
31.544
-31.861
63.526
-77.667
-64.262
-24.910
-75.446
-6.504
61.664
-94.224
-10.707
56.38
-62.501
41.31
99.395
-86.571
-36.947
44.105
-87.366
9.460
20.771
-24.79
-41.593
-85.134
48.485
-25.423
-12.59
-94.803
-84.843
38.904
-20.824
-57.501
-33.442
63.879
-75.479
83.504
-15.217
-45.63
81.547
-36.37
51.757
-41.414
-10.400
72.215
20.890
53.526
-9.341
76.338
-99.272
-17.508
-91.211
90.152
89.762
31.634
-5.606
-58.459
15.320
-42.248
-31.400
-20.617
-97.861
-32.251
33.640
86.472
-54.329
-12.987
-97.654
-74.548
-90.732
-30.752
-78.701
-37.985
-48.370
-73.256
84.210
1.123
-77.872
-25.446
22.889
-18.119
-36.998
63.735
-41.836
-12.61
-54.46
-26.99
36.977
-1.54
67.228
12.899
14.35
65.499
-53.892
-60.504
-28.511
-54.889
7.977
32.79
-55.798
-68.162
-0.276
-82.841
51.195
-57.707
76.635
-41.541
-5.900
99.584
99.40
79.860
59.460
74.894
40.545
98.954
13.830
-39.923
-6.981
99.980
-74.31
-48.362
-32.521
44.895
50.335
3.86
-64.299
12.191
53.297
-95.948
-22.223
92.271
71.255
13.451
50.54
-32.257
-72.473
-43.985
-90.39
-17.534
-77.408
67.53
72.976
99.989
21.339
-30.923
-78.696
-25.191
-15.981
-2.399
90.776
53.495
-39.920
80.219
73.992
71.574
-79.52
-9.429
-28.544
34.399
78.941
31.747
-89.86
-23.567
-47.640
-62.63
0.95
-39.856
-69.684
80.618
95.248
-85.280
23.821
81.145
-10.592
-31.854
75.206
-75.697
-52.166
-26.947
-51.142
-18.879
31.655
31.388
-50.299
-9.730
84.257
5.932
31.537
-40.615
-72.567
-0.37
-60.68
93.452
20.402
90.264
67.100
50.5
-82.188
-29.981
27.353
15.905
-87.917
-61.210
24.930
-38.373
35.40
89.842
-27.124
-55.406
-98.633
60.301
-7.288
-26.601
-98.926
-24.616
66.51
60.192
59.620
47.927
-68.25
94.185
-73.444
-21.222
-28.620
69.96
31.914
85.174
-81.234
-53.633
-32.354
96.748
61.74
-66.895
-24.775
9.644
-62.227
18.564
-15.145
36.151
84.283
9.879
71.592
-77.710
58.834
-11.595
-60.609
24.928
-15.743
-39.732
-49.116
65.978
30.149
-68.779
-54.89
64.700
-70.412
-55.437
-5.4
1.995
-51.45
33.562
97.944
54.913
20.67
73.183
74.553
-84.461
-70.766
-3.319
69.271
3.256
15.153
-28.259
21.932
2.357
-36.131
82.215
17.537
56.193
42.914
74.817
20.584
-58.12
-14.233
-37.688
95.724
-59.106
-84.975
76.631
-39.773
73.799
63.919
-58.430
-65.244
4.133
49.280
-29.240
24.176
9.152
87.543
-79.916
-40.879
-37.290
-47.55
90.460
-73.861
-80.742
45.966
-37.776
60.715
-8.995
56.487
24.425
73.524
67.666
97.539
56.571
-7.868
87.405
19.517
-46.625
-38.882
14.558
79.83
-0.702
33.900
79.956
67.816
22.303
56.274
-6.920
51.511
-88.277
-49.156
-35.909
86.642
29.274
-94.841
-80.15
22.924
-30.930
-15.734
82.822
-59.971
-19.58
82.45
-45.526
17.72
-4.552
95.427
-11.157
0.424
52.406
-81.717
67.88
-61.871
-50.668
65.85
-22.642
98.937
-98.300
-28.653
93.505
-31.487
-93.754
-62.567
-27.570
-71.35
-39.157
-59.655
-59.453
-15.834
96.179
-86.310
-94.904
90.18
-9.697
-48.820
-25.459
44.871
0.482
-9.97
70.845
89.484
95.378
-7.968
-39.829
40.629
-25.455
-72.651
-26.452
33.213
27.235
-99.377
82.124
73.232
30.323
37.263
16.441
-54.365
-16.691
59.576
-0.503
91.3
65.737
-18.611
90.993
92.582
23.198
61.5
-2.521
-96.580
-54.633
-0.524
23.89
71.59
-54.50
9.242
79.617
-42.630
70.932
89.328
84.383
-35.683
41.959
85.630
91.984
95.345
-82.976
67.670
9.440
-24.681
-67.618
-44.105
96.147
90.832
-44.475
95.423
-93.905
-55.824
-48.185
25.509
30.376
71.772
-47.221
-82.811
47.955
-0.703
51.296
-79.351
29.851
-19.728
-95.311
89.982
-89.129
-35.711
-18.710
-76.462
9.314
-95.945
-57.674
4.645
60.893
44.682
-1.471
-79.759
21.377
18.505
-18.214
14.761
-65.970
68.674
-0.86
94.230
-23.584
-80.15
-1.336
-35.854
80.272
-43.238
51.104
85.72
-65.224
89.871
-96.346
-27.426
16.879
87.415
-10.847
52.491
54.994
-27.680
25.897
-10.538
77.287
-76.614
-42.982
-97.769
7.832
89.384
13.890
-42.617
-95.295
-24.305
-25.582
23.710
-48.704
57.902
80.509
-51.150
65.415
26.57
-14.852
-4.377
80.854
-95.277
-24.778
35.235
-68.415
-85.519
-86.36
78.962
39.329
95.33
56.965
-3.60
8.284
21.619
-37.540
-13.525
-92.312
86.142
-89.281
-45.376
78.84
-65.987
-82.147
76.268
58.957
55.371
23.715
-79.53
-46.794
-46.440
-27.718
25.836
-31.718
73.494
87.104
92.259
23.534
70.614
-7.812
-77.459
-23.938
-5.864
22.647
86.573
71.260
-13.304
-78.880
58.650
-95.110
74.187
94.963
84.168
-10.791
54.329
-96.52
91.565
-98.295
-91.605
-50.900
-73.975
-8.621
81.557
18.267
54.173
64.769
-85.513
-63.663
21.106
-30.456
-48.581
6.589
-79.122
21.340
5.947
-71.163
-90.600
26.564
9.285
46.415
-88.416
52.474
42.554
-36.175
-50.832
-36.504
44.946
17.372
-53.781
95.780
-93.268
-77.572
50.314
-97.403
85.753
-72.241
22.638
-25.807
91.61
-95.856
-67.2
-54.79
-16.381
-84.678
-79.664
59.988
-90.111
-20.688
-73.579
-8.127
75.394
62.148
-22.217
-48.153
-77.485
63.44
90.686
8.358
33.432
19.392
-13.20
-10.582
37.4
46.304
-33.533
36.796
-79.39
34.547
76.832
-50.251
-51.716
46.526
42.464
-54.910
-72.543
-27.731
-74.110
-60.144
-4.873
-80.523
0.575
-41.773
16.915
95.922
83.946
-53.474
-71.548
80.208
-36.164
76.144
67.597
74.190
60.506
10.253
22.737
77.842
67.13
68.345
-65.33
-35.909
28.576
1.750
47.311
-8.721
92.596
22.773
78.393
-82.861
-47.26
-77.113
-3.293
26.494
-39.841
-10.250
34.994
-48.316
3.394
-24.128
-89.376
-88.653
-47.456
31.734
-17.325
66.735
88.921
-55.621
-99.677
36.101
-86.942
-14.882
55.830
-89.361
70.930
-93.496
17.484
-88.491
74.642
-7.978
68.416
5.630
-47.85
-45.75
-29.445
38.390
-34.160
3.748
-94.822
-14.129
-35.797
51.554
-49.701
77.398
-66.379
-89.969
-56.903
-11.159
-58.653
48.768
68.955
4.806
-71.555
76.32
-55.950
-32.239
-0.747
79.311
-59.69
13.369
-96.189
-81.594
69.917
-10.893
1.949
72.881
13.433
9.765
64.976
24.889
-5.985
-41.767
-35.788
-33.750
68.403
53.776
-77.189
1.898
-36.62
93.38
19.243
-34.336
-96.772
-75.457
-99.425
73.978
-80.708
-20.9
-78.898
11.91
34.310
-42.744
21.692
88.367
57.719
-29.992
-30.772
-19.844
-59.622
-60.786
-52.520
-40.162
64.535
-60.75
-61.532
-92.13
-2.295
19.215
-46.726
23.538
-91.43
-69.483
44.547
-11.7
97.320
-55.265
4.467
-78.986
-96.185
40.608
19.700
69.769
-34.265
-33.176
-8.926
-66.881
90.385
62.563
-48.611
13.504
64.675
-10.644
-39.278
67.112
-2.572
-61.190
-86.333
77.295
-7.995
22.808
-46.272
21.782
-18.173
-81.640
72.894
37.256
-35.694
-70.323
-69.131
32.653
50.851
-92.73
30.143
98.624
31.396
35.385
-30.472
10.43
-37.12
-60.696
43.247
-98.691
40.673
56.823
60.254
-62.890
-21.272
-25.735
53.572
-12.484
-29.927
45.878
-38.118
22.174
35.686
-97.901
44.722
63.547
78.53
5.17
-80.446
-55.543
-72.381
-63.456
29.391
49.288
60.884
-95.948
-65.578
-11.83
-90.215
-1.222
-89.147
48.662
-82.591
6.540
-31.752
30.499
76.516
28.728
-97.970
12.171
-71.561
64.609
-60.843
-0.301
81.532
-46.314
11.843
2.171
80.668
73.132
41.404
-56.920
-33.80
53.333
66.966
-31.512
47.623
80.877
-41.357
-25.630
80.624
-96.780
-21.114
-94.919
17.385
-24.616
97.464
14.796
1.638
9.15
1.395
-97.691
-65.864
13.759
-47.676
46.852
-58.601
44.415
-8.169
-28.530
31.983
-10.932
70.297
-95.862
-40.961
71.208
-70.818
-85.62
-96.170
-98.851
14.734
74.797
-28.467
95.562
-21.355
-27.878
-85.100
-45.837
-24.533
72.883
54.198
-67.224
-12.652
6.348
-14.421
32.549
10.934
6.531
17.755
-98.479
34.233
-52.352
20.64
6.722
55.837
-59.721
-93.232
79.890
-50.407
7.657
47.491
-37.996
51.968
-17.874
32.630
20.941
57.687
-80.966
-35.969
-98.228
92.627
-71.364
3.15
52.232
-75.716
-35.536
68.945
-86.526
-94.161
-61.311
-86.103
3.475
-67.130
48.782
-55.209
-44.544
74.565
44.503
-32.249
-89.210
26.749
38.4
66.971
61.971
-40.526
-36.322
21.597
-51.93
7.425
28.266
-9.492
-46.730
9.48
3.461
32.201
18.338
-52.759
4.410
-58.169
62.197
80.159
47.157
-18.18
60.522
-26.154
-19.124
-86.328
-50.332
-59.343
-45.905
-97.637
-41.584
67.454
93.866
-80.793
68.112
-95.850
-32.900
80.411
96.456
14.653
-91.846
77.413
-82.458
-60.90
93.158
1.705
90.138
12.218
-76.114
50.81
-8.572
55.802
-55.84
-22.996
-82.989
-6.243
80.733
6.497
-43.526
-36.76
-34.136
78.291
87.347
-6.169
-15.904
-83.310
56.591
-67.349
-48.293
43.581
-72.868
-73.998
-28.386
-19.544
-6.860
83.843
-55.551
-13.418
-20.718
1.213
-62.985
59.310
48.990
-88.109
98.16
-63.51
-39.107
58.972
27.792
40.445
35.7
-50.966
12.967
63.707
59.5
-15.821
66.760
68.471
40.950
30.490
-86.378
-75.480
-78.444
-20.8
24.67
95.835
66.153
96.574
-50.514
-44.397
-35.83
-85.910
-2.540
89.261
32.237
85.132
-6.351
92.647
-49.50
56.294
54.882
-33.819
-41.73
-46.963
58.547
-90.832
9.991
82.783
80.33
93.41
-3.595
0.481
7.122
-7.668
67.479
17.621
51.931
36.265
-68.845
51.539
-80.94
95.595
77.654
-85.813
-8.333
-79.802
34.353
-28.689
9.457
-24.60
-32.792
35.887
72.517
-31.402
62.563
73.194
-5.128
-20.708
-52.717
-29.893
-50.925
13.761
-75.585
-91.168
21.530
-84.503
-49.708
-19.780
-78.632
-47.814
76.864
-49.229
-10.504
88.695
21.969
68.305
-10.155
-79.926
-9.957
56.704
-96.932
14.81
93.744
-9.732
93.505
8.274
-78.936
-8.915
67.976
63.132
-20.629
-94.743
96.589
-55.398
9.44
-84.352
12.882
0.990
-14.810
85.973
-12.645
-71.339
15.988
52.743
25.652
-3.36
60.200
0.652
-8.966
-45.803
-14.867
12.738
-57.906
92.58
-25.335
54.890
-87.350
2.651
7.411
23.256
-63.670
49.634
75.892
-40.384
-49.861
61.367
-10.254
-63.756
-16.863
88.738
-64.2
59.651
-92.26
-84.819
-33.68
-70.129
-45.391
-22.54
-51.123
-43.211
-43.827
14.486
24.631
73.815
11.800
9.570
75.367
94.542
22.745
13.388
42.783
74.250
9.774
22.599
-3.110
-55.872
-85.547
-11.93
91.267
-94.580
60.475
-54.249
-35.610
98.232
-77.287
-56.843
-57.380
-26.291
37.334
-93.280
89.341
-21.47
-50.182
6.433
61.262
78.118
-68.627
-4.806
-38.195
40.189
74.230
-83.103
41.354
-13.812
65.373
57.203
92.471
60.428
-19.518
-12.658
-38.132
-5.415
20.108
-69.821
-51.139
95.348
-61.293
54.353
54.172
-49.436
-85.75
3.780
-25.600
-1.421
-41.972
6.219
-75.280
67.135
-87.589
77.838
-26.775
-8.278
-57.156
-14.57
45.851
-67.909
86.436
-1.255
70.794
10.572
91.598
-47.358
-36.915
25.730
87.327
-22.495
-77.933
-64.934
38.204
-1.267
-2.558
-82.858
-40.594
55.719
-79.358
54.781
42.910
-67.26
-48.264
-75.565
-74.119
23.701
31.941
-55.996
-12.275
-97.981
-77.24
42.191
-94.91
2.166
-77.692
62.916
-6.899
-43.206
-4.919
71.68
-71.798
81.40
69.786
-69.888
-86.965
-22.928
-59.634
-89.29
16.833
71.756
7.227
19.860
74.329
73.898
91.484
-1.558
-27.117
4.159
40.975
-95.898
19.557
40.328
54.755
55.280
96.71
54.172
-93.851
-65.8
-19.848
-59.644
55.463
78.103
62.310
-76.165
-92.613
92.619
51.112
-80.430
67.601
34.460
-0.115
23.794
-26.708
-85.836
24.428
-86.321
-21.72
8.504
2.424
-45.158
-84.958
38.733
-48.460
-15.245
52.721
1.607
70.781
-56.389
71.791
-88.189
-66.225
-11.364
50.412
97.679
-33.331
98.333
31.655
41.411
56.735
94.523
91.589
51.400
-92.102
45.52
95.85
18.983
-48.67
12.408
-12.864
8.211
-93.254
-4.305
30.449
73.794
43.641
48.359
-87.908
81.420
90.284
-35.645
3.338
-60.942
22.525
35.498
-51.893
53.41
91.628
95.661
60.552
-42.739
34.42
81.402
-34.925
36.712
36.463
-26.969
-80.860
41.907
75.168
-93.562
-8.596
-13.878
61.64
-86.900
9.588
-29.67
-91.47
-81.788
-84.63
-92.508
-38.768
-79.182
22.43
-42.230
74.591
-73.21
-90.912
-70.245
6.681
-14.773
-84.964
-51.295
47.817
-56.159
-68.385
-69.958
37.200
52.971
-8.529
27.396
6.780
54.631
-84.179
62.487
-17.807
16.377
88.614
72.567
1.375
12.454
-48.960
0.15
47.151
11.413
86.383
98.651
-68.240
39.412
33.414
57.278
76.426
-28.526
12.873
-78.636
32.622
93.920
-83.488
-39.880
63.713
-13.870
-70.99
87.827
19.391
-6.970
7.402
43.847
-31.682
-10.521
-2.284
-12.50
0.920
14.559
54.630
71.636
72.344
-47.839
42.70
-78.981
-45.335
74.548
26.600
-28.215
-58.621
-80.693
75.417
21.65
-17.259
44.489
44.635
28.409
15.387
21.316
-39.374
-34.306
70.82
50.455
-70.272
-64.568
-87.512
49.93
60.8
71.529
-49.568
48.755
41.77
-3.528
30.650
16.514
44.453
-55.802
28.462
88.385
16.434
70.583
-31.876
-26.731
-28.861
-3.229
98.326
-57.81
-10.961
70.1
12.517
-75.940
44.871
-91.450
-66.130
43.833
86.183
-82.693
33.103
98.125
-48.938
-85.813
-57.209
-5.501
36.567
28.763
-54.601
53.536
-86.721
-33.619
-29.319
94.257
-52.14
-81.172
64.108
-25.389
72.243
-55.348
82.787
13.520
-69.901
-63.95
74.99
-94.80
16.544
57.622
61.146
-18.301
-12.836
26.149
-12.718
-69.481
-83.307
63.701
-16.517
29.26
-31.287
28.606
-25.870
62.96
18.960
28.429
33.112
37.376
74.744
60.973
-15.156
-69.536
-77.813
-68.775
61.646
71.974
15.559
-65.796
-69.823
43.183
-43.850
30.620
-76.497
43.317
7.230
-32.602
38.969
56.286
55.608
-97.451
-13.194
36.124
96.552
-21.996
-73.903
-72.587
96.125
80.334
-60.589
-67.986
5.851
45.988
58.636
-19.609
98.682
-8.854
71.803
4.383
-75.95
-54.762
84.919
60.416
12.874
17.846
70.944
27.752
23.224
44.680
-52.55
48.661
-83.245
18.57
44.869
-55.939
26.909
-32.388
45.611
-8.408
-7.112
52.960
60.644
34.14
77.58
47.765
-62.744
-22.28
-35.473
23.234
92.341
67.945
-4.105
37.92
-28.321
-88.20
39.683
-99.957
-48.244
61.768
-33.912
-66.731
63.535
4.625
11.353
28.293
-63.384
42.183
-50.784
83.797
50.630
-58.748
-63.111
-74.67
29.630
-54.211
-51.574
83.817
-20.319
54.554
8.404
74.562
72.677
-57.504
19.133
34.239
94.490
38.625
-17.898
-33.552
45.413
-88.687
32.459
87.968
61.487
-66.73
-30.667
-73.357
-80.975
11.360
-43.605
32.46
34.430
14.869
98.430
-16.97
25.79
24.952
1.885
-76.196
-4.791
96.75
76.610
68.424
80.375
-79.243
4.268
49.644
-99.646
76.522
65.178
-11.675
56.403
30.823
-74.903
52.835
-27.691
-81.140
92.539
-36.567
80.584
68.548
-31.504
4.234
-53.960
78.112
-97.139
-33.473
-65.65
95.154
47.286
-78.254
88.485
-2.941
39.695
-31.825
-59.222
78.507
89.972
-40.967
11.367
18.645
-73.534
32.436
77.527
83.358
-2.117
12.495
-47.337
47.477
2.540
-43.110
-90.383
23.567
-50.545
-71.628
70.282
91.646
-19.193
-24.341
-97.243
-36.538
-25.128
96.204
7.354
-93.625
-90.547
4.638
-65.110
64.934
-92.431
60.320
-91.245
-6.94
40.653
-71.747
30.789
-72.545
13.510
95.726
22.318
-92.531
0.122
-36.180
29.272
-75.943
99.174
-71.598
81.511
53.458
-7.780
-97.424
-59.224
67.13
-20.994
-27.169
33.221
-28.992
-20.825
23.830
52.237
99.887
-30.746
83.413
68.686
78.513
32.347
11.327
-41.648
83.171
83.623
15.322
72.504
-6.587
52.808
93.86
55.718
38.582
65.923
-69.958
3.793
26.209
-37.333
46.391
20.44
81.637
-7.692
-80.782
32.547
-33.516
-4.871
-51.497
-72.634
97.732
-62.853
-83.386
-43.493
21.225
33.557
20.842
66.547
6.350
6.574
40.371
-18.386
39.369
50.112
-52.685
89.670
-72.991
24.957
98.715
18.122
-25.214
64.32
-8.972
-38.22
13.226
-65.15
-74.640
-78.616
-29.814
34.85
-61.710
12.126
-0.834
-58.924
81.537
89.602
-67.28
-89.307
-20.688
66.523
-35.736
-18.348
-33.801
-25.759
-38.40
30.329
-38.649
37.990
53.310
35.676
-2.211
79.129
86.815
-27.592
-92.130
-46.713
-2.651
-38.640
-34.593
18.28
-77.382
20.13
16.399
13.726
70.918
19.864
-97.518
29.557
98.343
-30.861
-90.338
-61.510
66.79
86.492
-50.214
-45.933
52.683
15.112
66.562
62.992
-39.134
-51.848
-24.614
-48.953
-47.103
-69.548
-3.353
7.168
-21.986
77.48
-95.440
2.543
-20.667
69.915
-59.15
67.236
56.739
-33.98
-21.871
72.401
20.548
-50.650
-80.923
-24.92
22.3
-75.870
-76.979
-35.12
-61.785
74.510
87.530
-92.332
40.412
-7.736
-41.610
-43.785
-28.514
-57.149
36.210
-86.36
-38.323
37.567
39.959
-16.518
86.512
11.955
58.435
37.692
27.880
-7.167
45.305
-17.194
-21.134
-37.102
-42.488
-57.351
-57.562
24.99
-87.678
-65.86
28.183
66.853
-23.74
92.964
32.906
31.215
-90.972
-32.748
-70.636
-89.253
-23.581
66.999
4.75
75.119
1.651
16.535
-82.725
62.9
93.79
-2.169
50.444
33.563
-17.367
27.342
-54.944
86.12
-34.546
6.108
26.853
35.755
49.957
92.290
39.959
9.39
-51.493
92.579
-20.513
25.971
39.998
32.285
99.734
-10.278
36.270
29.79
16.530
0.274
-95.846
37.971
38.362
45.395
-7.294
-26.856
-88.292
-62.673
-22.989
-28.241
65.737
15.726
89.316
-61.361
70.968
-17.447
-43.87
38.201
65.124
-75.404
-59.269
-41.936
47.26
16.239
31.510
41.979
10.222
72.861
58.678
-86.853
56.364
62.706
47.905
-0.621
-14.953
49.546
-31.256
5.80
-28.691
-27.77
82.833
-6.48
18.447
-9.347
87.461
-27.111
98.94
92.499
47.527
85.6
76.988
-31.446
45.317
64.978
56.965
2.844
-45.242
97.87
82.534
5.671
-58.647
-97.179
-83.676
-17.692
-97.848
91.802
-48.100
52.997
-55.279
37.637
-26.147
-8.996
36.880
33.597
60.846
0.738
-88.438
-70.690
-88.697
-44.635
-19.213
-94.421
0.57
82.142
8.302
-83.854
-60.642
-89.613
67.853
-25.897
24.768
-71.115
-66.467
-41.502
13.910
-83.245
44.605
43.146
-84.866
75.43
49.668
89.591
-50.457
-20.498
33.311
49.446
-71.290
87.633
17.870
-3.345
87.47
39.188
10.838
96.110
-37.444
40.845
-88.816
-42.703
47.472
-65.976
79.463
9.54
-82.864
-64.712
-92.101
35.293
-73.182
-53.76
18.123
54.541
-87.20
67.582
-87.816
45.181
-65.525
-30.161
39.886
17.639
98.109
-51.463
-33.102
-77.369
76.156
-90.653
17.619
-98.201
-20.892
-76.509
-8.107
-16.511
65.344
35.773
-38.149
58.392
-59.861
-38.659
77.431
55.359
-71.520
97.36
-91.154
87.541
-52.779
-26.390
-6.849
56.739
60.869
4.124
9.495
74.445
2.788
-74.275
-20.979
-19.58
-58.516
-10.972
-22.684
18.488
-21.950
44.176
-55.679
-73.153
31.725
69.544
97.354
-79.665
0.839
-90.957
-56.378
-69.974
-80.782
-78.307
-4.738
-9.208
72.457
-51.336
54.936
42.478
71.734
1.256
-8.136
94.866
86.370
-3.331
-64.455
-32.906
65.713
-90.207
-24.878
88.380
27.888
-0.435
80.821
-51.124
29.240
-65.173
38.290
-99.80
-38.556
-64.745
-94.972
-12.725
49.957
-56.408
46.638
92.455
-49.493
-66.744
-43.335
-51.999
38.994
-18.158
33.7
69.615
-81.314
-82.206
-7.607
75.174
-24.169
81.120
83.111
-9.381
-61.15
-22.184
43.366
-55.800
-22.659
-34.235
-43.311
35.92
79.675
68.384
-68.297
76.371
-51.367
92.274
-39.196
94.682
75.126
26.861
49.592
83.313
-50.533
-81.261
-0.112
-85.456
70.796
-14.90
98.866
-40.644
75.193
36.328
-34.78
82.811
1.711
-39.848
-51.318
59.485
1.583
70.275
-0.950
-26.339
-66.825
-39.59
73.60
72.251
28.202
31.813
-25.415
37.485
-93.237
94.263
23.581
-83.20
-54.546
40.270
75.298
29.482
-19.207
93.45
42.638
93.533
-36.408
-56.991
35.797
-75.890
-67.765
-13.94
72.714
-99.559
-10.553
63.646
-79.234
-76.142
46.78
14.453
53.872
-42.537
65.910
-43.461
-19.323
85.86
-36.365
-95.94
-98.940
-99.507
89.712
97.206
52.471
20.714
0.685
32.22
-63.610
29.858
-89.756
75.807
-66.197
82.746
-84.198
-99.971
-24.271
76.355
-14.519
-18.348
68.689
59.564
-8.482
-22.965
-89.901
28.200
85.676
-27.652
92.567
20.137
5.106
47.117
-97.677
47.499
-92.141
-88.369
-54.306
-92.933
-37.626
-1.698
-13.303
66.551
35.600
86.647
55.792
72.880
42.234
41.478
-40.615
58.516
65.881
31.399
-65.634
-77.773
-41.428
45.852
71.247
-2.288
-67.980
-10.890
51.155
-48.938
-95.4
95.733
-46.274
-37.472
60.343
-69.545
-9.365
-17.75
-41.79
-98.327
7.74
51.921
-19.867
68.704
21.16
-69.38
9.247
77.964
-87.57
-52.56
-8.63
20.66
66.838
90.158
-34.879
-73.600
-9.609
63.238
-92.25
-0.477
-39.238
0.958
-35.76
-90.866
-49.152
-24.277
90.139
-55.102
-36.594
27.46
74.785
37.237
66.325
-37.915
-66.64
-26.140
-86.182
-55.789
14.278
-98.705
63.480
15.17
-77.735
-67.472
24.738
-86.764
-25.502
55.857
87.123
65.973
-89.236
-50.503
0.380
76.0
70.524
29.162
-28.839
61.46
-36.533
37.950
-96.991
82.793
-38.594
28.422
43.192
-95.321
-16.301
-86.315
-18.151
20.441
48.537
64.271
-31.309
83.90
-83.733
12.680
-51.696
-81.635
58.353
-21.325
-34.525
-90.189
-88.173
84.208
54.944
-17.256
-5.307
-94.640
51.599
-59.772
-60.406
98.196
7.937
-30.573
-43.528
41.697
-72.402
-99.296
-65.47
-36.158
32.718
-6.616
-22.476
62.606
-11.802
4.443
53.267
-61.618
10.483
61.919
33.604
10.710
-36.484
-51.747
-40.58
-4.363
18.268
33.730
97.92
61.953
-35.438
27.249
88.637
-25.541
73.181
22.437
-67.655
-28.941
-11.590
25.3
-63.338
53.18
-6.306
95.384
-79.857
-73.231
-31.599
9.579
69.790
-21.715
78.979
22.184
-19.42
-6.37
33.268
42.794
88.977
41.86
88.555
25.476
-17.154
-48.29
-49.700
-57.806
-0.592
-1.534
85.774
-68.967
30.55
82.980
-1.450
-52.98
-87.648
-16.757
-83.457
-71.310
4.547
-63.415
-7.197
11.979
-90.533
-76.485
43.372
63.940
89.876
59.799
63.503
-93.966
-90.626
43.37
-81.379
68.456
-2.351
-88.414
-31.803
-32.462
95.277
5.670
-83.313
59.908
-14.789
-6.758
-31.912
-32.253
-73.184
-91.868
7.263
27.621
-14.4
-26.963
-28.829
-9.135
-98.366
38.950
-93.124
4.115
29.722
-31.450
-56.616
46.494
-45.122
-85.583
35.333
49.372
17.465
-69.769
93.98
-81.82
90.38
-4.337
33.534
-91.419
37.454
50.903
-13.372
52.341
-6.87
-86.168
-17.559
-15.615
-56.300
-24.443
27.181
-11.583
20.896
46.300
-41.558
-87.744
-15.661
-86.277
93.85
35.561
-95.640
14.952
36.924
82.670
70.311
97.651
-93.418
-99.4
-73.450
-46.585
-67.532
-69.746
54.834
-35.817
-68.387
59.337
47.130
96.29
-26.354
-41.53
70.920
-40.490
-13.344
-11.732
-30.952
-13.564
47.311
0.559
9.585
-68.178
64.549
92.689
67.902
77.465
55.696
-21.609
76.857
9.209
76.670
97.690
-19.854
-13.398
-50.366
31.295
-44.2
61.524
43.900
87.262
43.638
83.87
2.606
-22.171
-31.273
-43.904
72.500
97.14
31.9
27.148
-79.991
-54.827
18.481
89.504
58.287
-45.382
79.254
-63.951
76.435
-89.562
-16.893
33.99
37.870
99.59
-32.769
-91.14
-7.793
23.108
-5.484
96.525
-35.141
18.674
80.211
24.710
71.695
58.438
-80.845
4.120
31.925
-46.973
74.709
-96.179
18.860
9.584
-64.207
35.18
25.398
7.954
50.285
30.883
35.958
81.754
54.372
91.34
90.798
-36.785
-68.362
-50.970
5.772
-85.902
38.589
53.271
-99.677
5.20
-95.362
-44.398
-64.919
-81.769
-53.774
62.211
-6.702
-9.307
-18.206
-51.611
-71.458
40.954
95.118
-65.700
4.5
-68.319
-35.525
91.286
-70.356
-78.460
-59.631
-51.723
93.171
2.336
84.892
-93.261
-62.696
-84.139
14.861
-1.891
-0.251
8.302
-19.147
-1.1
-86.985
-25.579
34.993
-69.929
-91.695
21.497
59.649
32.257
-28.277
48.530
-3.716
3.193
64.928
-25.797
-25.440
86.861
91.872
46.456
-4.337
-60.685
-18.540
-61.796
35.712
2.338
50.163
94.50
35.593
-77.339
77.943
53.256
-64.574
-43.587
-15.874
16.76
-18.178
8.173
-64.260
-41.738
-26.215
48.320
-7.584
-58.779
6.395
-66.63
-16.581
-29.741
-45.406
-5.799
-53.377
97.477
48.136
26.894
90.900
-29.218
47.834
92.616
-62.613
93.418
61.724
45.121
-1.921
-93.347
17.690
84.471
66.118
-81.811
-90.425
-4.518
-18.180
12.977
32.230
-39.875
-89.693
-44.429
17.148
-76.429
52.719
-92.424
-51.694
-34.906
-90.890
-20.430
97.771
-16.167
-6.484
-66.613
-38.465
-35.709
-2.61
-2.947
-30.138
89.258
75.7
54.723
14.581
-23.347
61.185
-22.872
-8.927
87.529
77.359
-10.0
-72.975
-6.329
60.196
98.19
-1.932
-21.654
50.962
-41.902
-31.731
-11.341
1.514
-98.372
-18.732
71.782
71.783
-9.904
20.855
-57.48
76.431
6.142
-36.495
42.793
-82.463
-65.734
72.657
-10.67
55.187
-63.944
-24.572
-69.78
56.167
-8.461
85.643
-95.261
-87.333
-62.495
-46.51
85.666
-24.890
94.512
58.520
17.428
69.314
-84.261
-85.348
44.62
-69.309
82.646
-91.771
-24.465
88.224
19.541
12.211
-0.47
-49.785
-35.729
64.650
97.384
-43.227
-84.752
-37.740
58.360
12.424
-31.224
-60.725
88.260
-79.324
-31.321
30.917
99.1
-34.439
-45.749
-50.713
17.645
-32.157
32.597
-61.29
93.760
-9.790
52.242
-48.876
-36.974
-36.76
8.393
-8.326
-81.658
-66.472
79.417
-14.526
-66.730
24.430
-20.718
-70.954
34.914
-94.822
12.755
79.973
-75.153
31.967
30.686
71.310
93.982
88.453
-60.139
-77.333
-72.897
-25.76
3.603
97.535
70.717
-25.689
10.734
14.122
-25.634
-50.663
49.535
56.613
37.368
70.217
-23.39
-14.564
-15.927
51.141
-39.866
19.16
84.118
98.574
-89.711
-84.34
65.509
64.824
-4.991
-78.642
-75.582
-6.653
52.189
34.87
-81.777
96.213
-81.930
-5.295
93.51
61.230
-22.657
-49.615
45.767
59.2
0.635
4.332
-90.13
-89.718
61.363
76.876
-33.398
25.148
-69.493
-55.905
-28.605
-30.9
-97.151
94.540
39.353
-35.581
61.867
96.144
94.65
11.820
-83.200
-90.982
-81.731
-85.26
7.865
-44.300
-58.913
-71.9
31.555
-37.966
-48.301
-64.843
41.924
-21.261
42.868
-20.165
79.323
6.94
76.978
-64.115
-73.764
-34.880
77.122
-52.695
5.437
75.109
-45.589
80.95
-72.123
-71.388
89.413
-8.399
-22.976
13.581
-14.238
-87.814
-25.311
-86.292
46.116
-32.988
-86.577
-3.537
-53.359
-25.673
-93.739
-2.778
68.603
-76.241
-78.788
-4.220
-22.358
-53.262
31.515
90.241
-81.486
-59.40
-55.308
63.936
14.315
30.271
-38.194
-23.199
-97.631
83.873
-41.154
-43.66
-70.773
-53.236
29.451
-45.533
81.472
-76.547
-85.945
-10.80
79.921
-35.264
-30.887
86.392
-79.373
38.618
-21.699
50.328
-27.413
-38.175
-23.855
-14.290
-71.520
53.207
-72.638
46.128
-54.950
-85.0
-64.479
92.18
-48.193
30.807
76.630
-61.83
-38.756
-40.154
60.108
-79.794
-27.110
-40.3
-28.903
24.85
-9.461
-15.974
32.664
87.904
-71.16
56.996
94.875
12.67
-51.747
32.771
-71.781
41.648
-94.581
7.568
-22.91
98.748
68.594
-1.758
88.610
31.342
-60.465
-2.906
-18.452
-51.859
89.282
43.532
45.701
-22.954
-18.294
-61.978
28.90
-76.92
77.662
-58.114
-8.703
2.798
43.43
-31.17
78.435
-86.396
37.377
5.805
-79.682
6.941
-45.149
17.103
22.199
-28.30
92.60
-99.547
-35.536
62.141
-80.972
13.131
12.476
-14.345
-66.568
-61.548
25.593
24.292
-20.679
-44.141
-74.474
87.339
40.204
47.418
-6.837
-15.150
-55.376
-8.300
7.672
95.517
-75.343
76.130
60.523
-20.670
-78.676
-55.92
-33.299
-52.7
-67.467
14.214
-2.389
16.966
69.426
-79.599
-59.477
-28.332
-95.66
43.270
91.590
-11.704
1.106
34.974
49.295
-88.626
-97.385
-34.113
16.961
49.656
89.147
49.810
-22.811
-85.197
18.99
-30.39
88.336
28.722
-52.290
-42.339
6.229
61.778
71.552
-40.590
-30.208
-20.538
-85.179
35.959
-2.211
-31.705
-67.711
-51.524
-45.496
-2.436
-57.318
-63.439
60.424
-93.11
49.665
47.348
-84.716
-3.267
99.164
0.866
-91.276
-91.491
-81.552
2.145
-34.346
25.445
25.782
-84.585
-20.336
4.237
-24.580
-63.871
-92.704
98.258
-14.492
-96.969
27.394
25.831
43.803
-24.808
-24.984
-0.947
-20.192
-91.790
-60.104
-76.801
89.580
-84.157
64.800
32.377
38.401
-76.854
-37.874
-3.365
-80.178
1.306
-43.195
-80.331
-0.947
-76.379
-11.569
-31.97
99.835
-58.190
-60.70
66.23
25.667
-64.99
-60.152
-9.980
-35.391
-63.723
96.274
56.884
33.344
36.462
-97.687
-5.951
-96.412
82.573
99.109
-86.124
23.472
-94.28
-56.861
-41.149
-1.198
-28.555
-58.551
41.133
-3.385
-9.523
90.646
45.293
37.949
-25.742
-75.695
-13.475
55.534
60.375
-39.978
27.88
-39.130
-24.28
-89.665
15.442
-43.117
70.731
-52.938
37.798
-8.238
-64.365
-44.305
-22.881
93.122
13.537
80.333
91.3
29.807
1.944
48.253
73.117
-91.61
87.83
-63.476
-56.542
-91.22
43.965
27.494
0.847
-24.695
-34.369
-14.660
98.699
-16.514
55.770
-32.261
94.104
-59.383
-31.36
48.860
-69.447
-60.161
-13.659
49.175
65.183
24.515
-57.562
55.621
-52.205
97.905
85.974
94.235
15.100
35.949
-21.666
25.90
-42.947
15.555
-72.759
65.56
-19.493
19.87
81.554
54.241
54.662
-38.939
-89.333
-2.301
88.873
32.439
28.210
-51.929
13.462
23.116
34.123
-12.961
-32.850
51.704
26.792
-12.376
54.305
90.608
66.522
48.497
71.484
-9.796
-39.580
54.783
-18.961
-7.873
-88.280
30.322
2.440
-37.188
92.512
-70.73
-9.812
-50.766
47.236
36.96
-2.784
-25.566
9.669
66.258
21.450
-60.72
-47.381
66.283
69.130
-33.418
22.173
92.50
-36.659
-20.578
-93.599
-30.560
-41.607
64.674
-5.543
-83.176
-9.150
19.42
48.878
-45.451
1.244
10.827
92.568
6.632
-4.137
35.673
85.982
8.554
-82.602
-19.147
-82.800
96.11
-71.555
-5.461
65.717
20.805
-51.790
84.199
60.433
-67.504
-76.286
-78.82
-59.805
-8.62
-41.527
-12.447
7.350
37.387
73.247
-11.866
97.343
35.273
-36.485
92.545
61.87
48.951
92.810
27.0
-12.73
-31.337
-5.234
66.269
-13.157
13.749
28.210
-23.611
13.755
57.434
37.847
-68.130
-65.435
58.753
76.166
-31.832
-31.812
71.635
61.100
66.558
-19.747
98.267
-65.632
67.242
-89.18
-69.149
49.533
92.904
46.917
60.384
56.303
51.453
-76.171
40.338
58.279
95.800
-15.650
-0.742
21.41
42.301
-25.309
7.912
-4.888
-37.80
-61.539
-8.486
-4.753
33.154
-66.675
-68.769
-55.346
97.153
44.457
15.594
23.808
63.116
-4.20
94.405
-79.471
57.191
88.246
-28.995
80.892
72.107
-45.682
-8.898
10.202
-13.596
22.528
6.37
-11.426
62.354
-14.735
27.807
34.4
2.513
37.875
45.788
5.110
41.868
16.479
-89.641
10.507
-23.886
-95.20
2.774
-54.264
61.509
16.266
99.7
71.275
18.965
71.127
59.303
-6.598
-58.752
-23.607
15.420
47.436
-89.887
-51.458
92.928
26.651
-19.10
98.517
50.175
-28.851
70.418
73.18
94.407
23.159
28.103
49.882
98.1
2.52
5.702
12.430
26.852
60.477
34.571
-95.495
66.523
-18.324
-22.323
88.877
71.234
-33.146
-47.572
31.284
-33.718
94.465
-67.984
43.554
-53.476
64.816
-28.387
45.773
45.120
48.903
-77.436
-29.182
-28.949
50.544
-48.497
70.514
21.942
54.539
86.736
43.385
-32.314
43.95
-20.223
81.925
97.173
93.643
-53.564
53.171
78.609
71.452
-19.336
55.980
-74.200
46.334
-62.583
-76.776
-56.81
-30.535
44.613
94.437
-81.908
-82.816
-30.990
-1.788
97.50
-66.979
83.735
13.318
17.562
-83.908
-2.741
9.375
96.905
35.906
9.655
17.973
-2.857
-68.222
-21.591
87.575
-43.977
59.838
-91.434
13.21
75.582
-87.700
79.854
-6.422
-55.643
66.482
-37.25
-49.236
-36.227
-80.692
82.67
-39.755
-21.734
9.92
-70.147
-71.813
99.350
-56.851
51.339
32.71
-87.953
24.344
61.865
-4.726
-69.797
-29.20
71.972
91.628
48.532
32.116
-8.403
4.327
-55.940
40.96
69.865
-97.946
-90.470
33.461
79.509
-64.841
20.502
-81.206
-38.62
-13.154
14.576
12.825
-82.716
-73.949
96.729
51.393
74.366
-1.247
60.86
-59.451
-2.365
15.977
-27.11
56.384
99.132
-52.83
98.410
-46.811
52.23
73.282
48.37
-51.152
-79.631
-24.240
-18.791
-45.795
65.93
52.891
-86.396
10.669
85.217
-73.968
42.747
-22.271
-87.841
-37.186
70.52
65.156
23.394
-53.204
-18.389
-19.314
25.956
15.678
-92.218
-13.355
-30.877
40.194
-93.117
43.23
-61.841
-49.312
52.590
-7.305
34.49
-2.263
-8.445
71.985
-37.830
-50.25
-66.887
24.336
-47.340
-27.648
89.882
17.236
-4.896
68.267
26.857
1.707
-52.725
-43.301
99.749
-97.728
-52.917
-57.886
-76.990
-41.810
42.836
26.889
84.641
-32.285
-17.836
-94.534
-71.386
-82.795
29.672
24.165
39.259
63.786
94.122
3.154
13.923
-72.417
11.340
-19.222
-61.3
-45.580
-91.219
-73.835
44.429
-57.784
-7.497
46.21
18.732
77.251
-84.464
-14.361
-10.752
65.177
-58.822
-73.31
94.91
39.837
2.155
-5.785
82.521
-63.387
-24.549
5.266
72.324
21.549
-55.744
-86.535
-90.637
-27.94
68.129
-25.392
43.817
66.974
-19.698
-93.772
-51.979
52.817
-90.307
-88.535
70.455
26.180
69.423
13.642
-24.661
-60.654
97.358
30.510
-98.653
-56.941
9.511
-90.237
-16.858
59.924
28.348
-48.160
91.909
-62.691
1.690
96.598
30.807
-67.150
-36.666
-29.878
63.758
-59.6
-9.98
-69.12
39.213
15.362
79.992
7.912
25.948
-1.877
-53.693
-1.352
62.861
33.282
-95.773
99.988
-1.220
-63.627
75.504
6.5
14.758
81.112
-7.226
-30.659
18.806
-71.5
-86.559
-45.274
-69.302
93.308
-46.874
-93.56
91.563
51.845
44.563
-63.986
-71.772
98.970
5.491
17.284
38.282
-17.475
-61.567
-31.770
-12.14
-52.130
-98.401
54.399
85.457
70.726
-63.564
31.81
-6.94
-97.477
-33.890
84.194
22.44
-85.999
-17.36
93.107
52.870
46.553
-16.212
52.409
59.694
32.630
-35.205
91.542
98.611
15.904
-57.409
64.55
52.671
-86.176
-98.635
52.767
-53.54
46.897
90.47
22.962
10.720
72.884
-87.888
15.826
-3.177
86.181
51.34
73.780
37.122
12.745
-44.107
-85.79
82.918
54.133
-2.837
85.75
-87.126
43.251
96.640
-96.552
11.597
98.182
21.716
32.222
70.524
36.961
-84.948
-67.891
-30.687
-19.736
54.647
95.198
20.919
11.52
87.774
1.262
89.347
8.414
77.596
35.15
-49.769
-60.317
-5.737
-67.948
-52.787
-13.388
-87.530
58.338
73.415
-23.402
61.203
98.63
34.221
-41.688
-52.392
-37.857
36.45
-31.903
-43.676
0.51
-72.764
65.815
-76.401
-75.442
-23.46
58.283
-33.119
-39.902
-86.46
-49.498
19.922
-92.87
80.15
-90.91
-88.966
-30.724
78.457
23.48
-24.835
53.936
85.755
82.199
98.980
63.670
22.310
79.940
19.771
83.494
49.70
-13.175
27.861
11.595
34.194
25.57
11.332
-11.63
-35.183
-69.218
51.367
-68.732
73.459
86.470
99.556
-43.734
10.445
-86.657
3.444
-43.913
-78.816
35.284
-67.310
-13.296
-54.795
41.491
-37.701
-66.87
58.943
-37.686
82.516
46.503
-42.823
-97.336
-74.342
59.35
79.472
-44.338
18.48
-88.785
24.119
77.65
66.707
-65.504
-60.630
-3.290
37.569
-24.913
-47.683
-64.971
-68.748
41.125
17.91
-16.956
51.368
32.124
96.713
84.838
-63.585
91.601
-56.222
92.963
42.680
52.196
-66.199
-10.31
97.79
-0.463
-21.227
24.770
99.878
-74.670
74.565
17.917
-68.583
-40.545
-83.94
-92.447
39.868
71.392
57.344
64.118
35.545
-37.714
36.935
-85.575
-14.110
-73.903
-48.142
-50.766
-22.23
72.839
45.826
-30.16
85.252
74.437
-61.603
-43.829
71.577
-68.780
57.502
-42.327
-45.572
-94.154
9.991
11.18
88.131
-75.74
18.646
-55.66
-58.375
36.917
5.514
1.360
-13.169
29.932
-35.520
96.396
-38.166
-57.973
9.231
-63.19
-96.176
-1.178
60.743
11.125
32.112
-85.308
12.598
89.207
80.916
-98.931
-85.227
86.80
48.941
-80.152
96.437
84.222
69.286
71.275
95.607
53.657
31.342
85.528
69.929
96.361
-49.757
-65.341
-42.862
-16.134
98.129
-49.134
-83.465
-96.2
38.571
-73.268
13.569
-89.586
40.628
-76.997
-40.547
10.196
-86.931
7.628
57.718
-88.144
-80.57
-29.598
24.638
81.167
20.107
92.417
-98.755
-22.815
-49.772
-47.613
65.993
4.375
-77.99
-83.732
-86.704
-37.496
36.946
66.521
-25.222
-2.621
75.338
-5.942
-85.371
-4.255
-42.941
87.330
54.266
-24.385
-61.610
22.364
97.439
17.596
12.81
-58.238
88.880
-70.820
-0.474
-28.950
30.711
53.585
-98.834
-32.451
57.515
-5.773
-8.13
-4.883
-31.935
29.116
59.298
-52.351
8.601
-8.34
3.591
-80.348
47.856
47.760
66.744
-60.73
3.484
62.236
-6.397
-84.405
14.208
12.241
35.388
-19.587
91.954
99.314
-22.969
96.631
21.589
-47.974
60.588
63.652
15.587
74.759
94.50
-10.749
99.324
25.720
-87.993
-46.40
10.600
34.616
-48.83
54.857
47.404
95.466
8.118
-43.843
-62.230
70.28
-52.938
-22.872
97.72
-12.926
-33.374
57.721
-31.929
-80.673
2.287
64.657
71.109
-79.583
2.381
-61.145
-77.578
49.788
87.819
96.51
-47.853
81.570
42.241
42.172
-18.275
-14.336
41.565
42.14
64.501
68.497
44.197
-60.478
-32.720
14.214
31.832
29.999
-72.640
97.835
-59.599
91.567
75.764
-65.476
-24.8
-77.174
3.205
-55.834
-44.558
-49.956
17.167
-90.658
60.186
-80.603
-77.479
-95.409
80.212
-97.219
65.415
25.365
21.434
-16.124
-30.284
-61.816
67.494
34.389
-76.421
75.718
8.335
-52.561
-56.934
-75.350
57.432
-24.945
-95.13
45.699
56.475
31.602
73.211
-83.915
10.672
-19.999
-52.556
74.881
-60.576
92.473
13.981
8.312
22.37
-23.573
37.283
-85.603
-83.7
-65.781
-45.741
38.85
-31.851
3.459
25.333
11.808
64.445
-41.882
69.117
54.935
20.280
-66.519
37.350
37.953
53.930
-55.493
-29.909
39.202
-52.372
-73.326
75.299
70.217
3.555
35.644
-31.798
-8.405
97.334
80.926
-50.78
85.503
-7.630
9.201
-31.356
54.892
31.323
-42.983
46.680
12.213
-81.815
-21.900
92.459
62.68
-2.599
48.754
-39.837
80.779
-26.777
-59.390
17.171
-6.844
-99.89
74.851
-2.405
-86.306
63.845
66.526
53.104
-72.563
-56.181
55.387
-6.38
-16.764
-94.766
-24.753
8.968
-29.734
-81.387
59.311
-30.367
-73.74
-60.332
-88.248
67.595
4.971
99.780
40.209
-6.391
-29.102
-68.84
87.157
94.517
44.957
6.625
-86.981
72.333
73.173
61.731
-37.113
24.881
-30.568
11.915
25.959
39.817
-0.255
32.27
97.453
-71.266
40.503
11.179
66.662
31.673
14.250
54.641
-23.441
-73.326
9.723
-17.546
-57.186
10.97
96.715
3.847
-24.713
57.919
58.442
-15.967
52.828
-41.846
-49.455
13.418
4.966
-9.669
-39.794
-20.3
-95.761
63.677
57.129
-26.922
-41.324
94.837
96.993
-13.454
30.893
-11.266
-60.213
2.176
-12.185
-3.611
91.704
-35.650
49.546
-30.811
80.293
76.705
75.317
-35.219
25.84
-43.739
36.30
-53.118
-7.67
-54.197
-55.177
2.505
14.480
-92.568
97.445
-88.240
-89.877
-99.382
-58.242
-64.96
85.104
99.806
-71.172
11.416
71.714
-19.602
-54.43
24.94
-11.53
-18.817
-23.902
57.953
-96.324
16.36
8.659
-93.279
71.985
-25.809
14.573
45.991
73.966
-56.323
98.920
-64.588
46.897
43.642
45.713
91.339
84.253
-29.51
-92.124
-60.632
-82.382
29.546
-63.893
-9.488
34.285
-45.329
-17.713
62.842
2.886
-57.747
88.729
90.510
29.126
-69.235
-0.822
96.167
83.784
-75.598
19.600
-86.110
-38.450
-25.540
-6.322
-84.691
2.643
-5.539
38.774
-83.250
-75.721
-2.607
-79.598
-86.723
-56.881
3.317
86.519
-43.124
-67.462
27.598
-85.373
-44.27
-64.307
-83.645
94.201
27.157
51.43
19.739
-79.58
65.786
1.223
-10.267
26.732
45.67
-86.813
61.940
-4.491
-19.463
58.42
59.59
63.60
-88.470
44.248
-8.993
-17.780
-79.193
-99.549
14.368
-20.126
84.638
-87.501
13.441
58.485
88.293
-36.510
-46.42
47.693
40.859
48.279
-50.715
-11.954
-32.219
-75.778
-19.418
-56.854
73.252
-87.200
-50.892
-82.793
-41.943
37.755
-87.639
-25.67
-1.286
-23.642
55.267
-33.706
-52.156
30.339
-39.380
63.917
-94.156
-93.482
-21.435
20.958
-25.265
-82.398
44.402
-98.432
-45.823
-87.939
-89.733
-30.426
-38.500
-32.372
-72.249
79.383
92.327
-13.325
22.170
-62.510
72.99
-39.929
-39.419
-27.503
74.175
38.406
-4.550
21.763
75.737
0.852
16.24
-65.115
-41.607
-21.934
-73.760
26.998
63.455
79.476
20.903
84.503
-10.919
35.237
-41.178
-18.652
46.325
1.504
62.219
-25.150
-0.270
-64.807
-80.917
-72.405
32.198
99.717
-1.815
15.317
-79.331
99.57
47.609
98.725
53.905
-32.229
47.462
41.913
39.166
-63.981
94.413
-45.212
-45.559
20.357
-50.463
-50.795
-6.294
-9.436
-81.927
69.742
25.737
-13.482
10.479
-16.0
-47.202
83.4
-1.811
32.172
77.806
-41.527
34.4
92.218
14.280
43.97
-33.744
35.128
35.181
-30.365
61.595
72.36
-25.22
15.966
91.80
46.275
-2.908
-64.795
78.83
-8.713
10.827
-70.351
-9.676
-52.243
-66.534
-8.380
99.134
34.998
50.329
98.937
-12.347
-73.69
-22.278
41.330
-78.148
47.308
-91.907
96.394
96.896
31.946
-79.911
-7.736
-85.459
-40.452
-89.331
-25.230
41.722
43.770
44.466
-26.949
-93.580
-11.187
-98.825
-63.465
-11.406
59.831
63.824
-79.168
-89.212
99.639
56.384
23.796
79.294
-46.510
-14.773
16.232
-49.547
4.627
-81.216
76.916
20.672
-97.747
-61.879
50.525
56.491
-68.108
16.957
-37.114
77.995
30.124
74.96
-55.493
31.854
54.4
-39.112
45.233
35.549
-25.238
89.468
-22.450
-75.177
0.32
-25.163
80.570
-61.409
82.807
-14.994
-52.519
-56.361
56.735
83.911
55.263
25.540
-49.621
29.382
22.316
48.531
-76.335
-42.492
76.700
-12.83
-74.91
19.216
80.665
63.146
-56.69
-59.369
-57.245
27.287
57.315
-75.780
-4.506
97.877
-30.58
-36.673
24.781
29.541
17.650
-89.277
-4.487
20.662
71.67
13.964
-71.246
-46.534
19.210
10.240
-22.209
-79.750
76.355
93.427
-37.50
40.963
-68.86
-58.732
21.751
66.213
52.487
41.467
7.495
60.888
-75.778
-58.318
8.738
-5.96
87.417
-80.484
13.188
-8.829
-53.36
-53.296
-32.624
13.734
5.942
35.199
-49.687
-14.319
97.985
16.893
53.146
90.451
16.235
71.548
-45.705
8.440
68.541
-97.407
62.605
-15.621
50.626
-22.469
-42.685
86.108
64.353
-36.214
-8.82
19.79
-50.393
-65.508
-26.959
84.133
94.975
90.813
-83.677
32.565
-22.974
4.293
42.195
37.961
-5.539
52.75
-15.21
68.612
-77.395
-91.427
20.501
-82.806
24.100
-10.990
-5.95
-59.99
98.415
-12.783
-91.312
47.3
69.775
-64.358
5.534
94.344
91.650
32.761
48.460
-85.424
35.116
-31.563
7.332
-85.749
20.106
56.600
82.544
4.476
-77.176
-17.961
40.148
27.132
17.339
-35.976
-11.497
-21.353
-76.536
32.492
-50.321
28.438
-83.330
-5.957
-39.674
10.610
-29.473
-55.95
-82.171
-4.703
-3.454
29.234
17.469
6.275
-26.566
86.676
-75.58
-60.113
-99.147
-26.352
97.907
-89.636
-19.206
31.764
-0.90
-96.877
1.452
32.664
-58.164
-7.542
-12.292
-70.733
-15.305
82.336
-71.137
-79.733
-16.86
10.671
-18.581
74.989
85.301
-4.323
59.291
-24.673
1.96
20.128
-69.444
-69.806
-34.625
-15.751
-91.536
58.240
-59.851
-17.575
60.528
-43.801
-60.270
15.739
93.226
-0.541
-1.284
2.43
-79.254
-99.872
-40.584
-82.527
-51.139
-65.154
37.299
-34.100
34.953
-18.807
95.987
-76.486
-32.979
20.913
10.64
69.581
20.918
-49.404
72.438
27.909
29.56
85.732
-66.216
-30.37
22.699
-58.768
-48.41
-37.742
79.414
-73.693
-27.622
68.160
-48.826
58.556
82.231
18.989
39.337
-27.926
-24.505
11.731
-7.58
59.179
96.579
-2.237
-96.419
-90.189
-52.129
-59.508
56.84
-72.295
30.402
62.462
6.910
24.964
50.661
60.51
58.255
94.314
8.970
-79.343
82.125
-95.939
-39.945
10.321
22.623
-54.83
-76.42
78.188
-89.448
37.327
-28.261
73.956
33.295
-55.857
-41.880
89.134
-39.162
45.741
64.82
54.919
-91.899
53.425
-54.310
-52.465
23.558
-18.899
48.539
-20.436
-84.200
96.507
35.698
88.604
-98.810
-55.615
69.338
68.308
1.256
-96.928
85.512
56.808
98.144
40.484
-59.82
-88.289
82.259
39.279
43.780
90.276
-21.213
4.321
47.520
-88.412
85.72
-44.160
-19.495
-84.634
-57.829
-39.619
50.792
73.548
4.395
84.735
-96.820
-94.165
30.384
-29.520
55.177
13.317
48.867
-0.692
21.248
-15.32
-21.880
-51.875
93.305
-31.135
-54.642
-7.256
-30.956
46.956
-10.929
-69.44
-16.65
-84.768
68.962
89.845
-77.699
95.706
-82.189
-88.235
-86.745
-33.466
-64.783
-23.219
-10.587
-2.976
33.906
-6.553
36.588
25.876
-71.815
46.300
17.364
-54.887
-12.97
-83.651
0.684
-16.543
90.779
54.404
52.727
-48.973
-62.891
59.897
75.409
-30.445
14.145
-4.561
48.103
31.257
-91.962
-18.962
45.724
88.383
19.510
99.692
-82.907
50.411
-13.111
7.243
-6.386
84.357
-35.454
-82.43
74.362
27.861
-26.895
-21.446
-78.111
90.319
-59.825
43.61
88.648
-10.830
14.504
81.784
-40.410
58.231
-87.161
32.951
20.211
-47.254
30.394
-68.4
-49.171
-44.52
-52.44
56.702
-5.141
-18.474
-50.646
59.693
-29.324
48.344
-49.94
-54.990
96.543
-47.999
-82.156
31.127
-79.229
90.289
-7.718
18.518
-86.167
25.874
68.70
-55.869
-44.504
-27.135
-83.714
38.156
-87.363
63.433
32.20
47.997
-53.418
1.973
1.718
-9.497
96.80
-60.171
66.110
-42.573
36.906
-50.553
90.506
52.308
-84.661
-71.722
94.618
82.578
-27.596
-86.390
31.127
-96.29
11.972
43.24
-49.408
25.332
98.226
4.508
80.687
19.126
79.257
-97.454
-68.65
50.508
-40.110
-91.235
16.86
-59.390
-81.22
51.741
63.120
-3.769
72.890
65.340
-82.781
-60.872
-70.689
58.200
55.281
-91.584
-53.148
72.803
46.227
36.744
87.378
48.539
-97.261
-79.772
-4.579
3.370
-91.975
-52.947
83.445
-55.182
16.721
10.822
77.719
-36.498
-44.254
-86.657
-64.801
42.453
23.88
-31.244
35.612
65.623
-39.852
74.988
-33.233
19.571
-79.235
62.429
-44.252
-20.635
82.322
-66.987
23.578
48.652
23.685
-56.256
95.735
-39.449
-37.994
75.166
-9.149
-7.367
-29.642
-2.990
16.965
-67.822
-37.569
46.9
32.298
-74.525
-51.286
-50.193
-89.222
-6.225
27.893
-86.461
-54.850
9.297
13.581
12.308
-77.759
95.962
-32.903
-59.809
-29.388
17.327
78.233
-9.842
1.955
-43.919
-10.548
-15.343
-62.375
31.287
-29.68
20.685
25.16
-32.277
-36.479
-25.974
-23.937
-80.652
-51.666
-25.497
60.778
35.699
-90.776
-25.508
7.896
44.521
0.44
-5.576
54.727
-82.104
-45.516
-28.352
-97.642
34.619
1.126
-94.470
66.923
-75.328
-89.734
-69.516
-98.313
-6.842
13.491
96.278
-39.479
78.925
-91.592
-0.119
-85.160
50.29
-72.280
10.986
-52.200
88.48
-43.688
-29.718
86.309
-65.561
-73.699
68.801
27.325
51.435
-70.539
-80.279
-68.275
-87.4
-31.290
-72.56
32.981
-52.449
54.328
-36.932
57.102
-77.682
-46.302
55.441
-83.24
-20.996
-22.828
-24.681
-75.287
3.576
-19.533
27.710
14.157
-76.912
-42.695
51.167
16.242
63.266
11.393
87.948
-96.368
6.247
-51.161
49.737
-41.979
5.883
69.799
-62.414
88.177
2.65
-91.361
66.519
51.870
45.772
3.313
57.870
31.439
98.202
32.542
-58.44
-33.988
-76.554
-18.157
-21.602
13.505
85.915
39.998
45.996
-18.528
16.987
-31.672
59.601
-6.19
-24.793
-66.658
-69.243
94.135
-59.132
-77.650
-38.218
-96.549
-41.60
-41.919
49.643
-60.62
76.783
-7.678
-88.889
-65.618
71.409
-68.305
38.646
8.339
50.541
-37.501
83.77
72.536
0.524
8.741
71.13
1.733
-84.871
-27.732
-90.982
-48.120
-20.803
-23.627
57.727
79.587
72.859
-74.112
81.896
87.975
-84.917
22.365
61.85
-29.861
33.18
-13.149
-86.874
-73.248
45.930
-88.917
-16.901
26.423
8.336
-93.365
-5.750
-96.663
74.901
-12.774
13.719
-63.960
40.876
-82.154
94.562
-92.255
2.212
83.808
-65.982
73.946
-77.812
-64.827
-19.967
-28.501
11.796
31.640
15.894
2.929
51.894
-54.367
-32.597
-81.513
90.384
27.464
70.176
75.559
87.274
-11.128
95.80
13.86
78.218
-7.251
11.793
-34.72
59.242
79.569
92.956
-47.967
-83.114
-66.28
69.6
68.214
-33.477
34.412
99.223
-41.2
-93.94
-20.393
-28.829
15.647
-41.568
-86.837
34.22
27.508
93.407
-54.600
32.646
-70.466
76.246
97.362
45.603
4.541
25.427
28.55
42.200
80.754
72.286
10.809
-42.585
-7.82
-72.680
53.384
-75.762
19.642
23.84
34.664
-98.736
60.747
89.441
-64.1
53.73
-97.578
83.353
-49.772
-69.695
90.881
-66.932
-32.492
55.381
-15.197
10.950
-85.948
49.83
-74.432
94.402
-46.544
66.262
23.194
-27.501
-77.417
-79.727
-55.465
-8.14
67.488
-49.882
-27.280
-38.347
-33.170
20.850
-89.179
8.158
77.565
-94.274
98.693
35.242
-26.321
-62.811
-12.644
-56.17
2.606
-65.314
60.91
-67.237
41.188
3.23
-51.850
80.564
8.76
7.284
-59.987
39.304
29.964
36.784
18.425
44.80
-13.631
-56.712
10.372
-60.79
80.739
54.530
-46.611
30.547
-56.317
17.262
54.327
-41.483
-44.245
75.258
91.538
93.44
-52.90
-76.473
-35.429
-68.146
-32.353
28.194
88.291
-21.718
85.761
40.407
-25.959
73.87
-72.223
37.143
16.575
-23.504
13.992
-0.765
46.550
-29.790
9.367
-79.892
-74.265
-50.802
72.471
-0.894
74.907
-39.107
74.105
-71.735
-27.744
-43.575
-98.349
-28.199
-1.623
49.975
-6.449
55.688
21.115
-38.786
-46.814
73.157
-44.607
-81.35
-72.936
34.237
-90.795
-5.250
-79.424
59.162
26.608
-37.833
-23.378
10.211
-48.783
-62.917
-51.859
89.516
68.995
-62.755
-43.881
41.471
97.394
59.57
9.657
-94.171
-69.574
-40.964
13.84
10.347
-69.242
89.583
95.232
-30.92
-77.253
-6.299
-57.821
66.261
-40.926
-13.888
-41.309
-2.151
35.246
-66.676
-54.653
51.312
20.569
16.635
-27.27
23.740
18.233
7.36
32.323
37.841
-38.295
40.398
-93.971
-68.587
3.266
69.390
-22.360
85.68
-99.152
11.789
-52.127
46.419
-56.964
35.232
-49.188
-95.757
-34.179
-6.117
-14.368
49.532
25.284
48.982
69.938
-10.73
-41.374
-39.222
-27.356
-28.362
-48.628
21.829
-34.806
75.854
86.75
14.737
-75.779
23.818
-29.598
18.126
-24.174
-50.247
-9.782
51.257
-28.795
42.362
82.837
48.760
-36.241
-80.811
-38.587
24.938
-91.747
64.650
43.278
45.273
37.707
8.955
50.943
-89.675
-7.513
-99.789
90.332
64.596
46.139
76.36
-20.674
1.534
95.436
30.978
-28.285
14.236
-90.726
-13.242
-39.41
43.269
20.290
-56.291
99.386
33.168
-94.449
-68.815
83.206
30.71
-25.710
-11.753
-33.825
-34.633
-17.132
-40.617
-42.411
-28.731
3.14
4.296
99.173
-36.136
94.222
-90.456
29.725
-7.465
54.7
-1.988
-64.291
-85.995
30.46
-85.134
45.528
-83.518
7.100
-63.659
88.365
25.667
46.83
81.821
-12.951
-69.888
15.385
-30.621
-54.580
50.395
64.683
-38.561
-51.407
4.588
55.752
-1.74
-34.689
43.819
74.625
6.776
-49.792
57.682
-85.786
96.42
80.797
15.99
-42.433
-2.328
-88.654
1.512
10.561
-54.871
59.756
-71.652
-23.732
-27.299
-58.593
25.295
64.435
-81.537
73.347
-62.253
-34.112
43.35
-43.610
-92.237
-40.47
25.673
38.989
-57.270
89.996
35.958
-51.544
-76.188
52.931
-13.275
-72.967
77.792
-29.430
-16.239
-41.29
-64.416
41.567
-29.295
-5.548
42.761
-17.585
40.614
-35.143
-72.960
-32.601
-87.765
1.58
12.240
-10.697
-44.39
0.857
-24.197
91.84
-89.509
-26.741
-44.128
-78.982
31.846
80.908
77.452
87.753
35.129
-97.20
54.561
72.287
90.283
78.613
-73.845
59.977
43.855
-66.294
46.881
23.230
36.485
-59.957
22.599
-66.178
44.103
-68.262
-1.705
38.823
-80.769
51.444
94.581
-99.392
-96.914
-24.333
-17.277
8.946
24.247
99.337
-20.617
-23.568
57.914
27.866
7.62
86.138
95.355
7.615
-33.191
-65.290
73.911
50.934
23.943
-26.423
72.330
-85.968
79.163
3.370
-20.203
-89.721
42.746
13.48
-55.71
12.749
-35.122
-72.807
-95.139
-78.42
24.462
13.351
-93.46
36.811
66.566
39.931
87.66
-65.739
-63.86
-72.464
-55.840
89.54
-49.747
2.184
56.2
81.441
55.628
4.245
60.908
-55.132
-44.287
-47.928
2.777
55.932
-19.440
2.21
67.128
99.532
-70.392
-32.199
-58.643
-76.891
-49.645
-21.601
-29.272
-91.226
42.394
73.193
1.716
-37.400
-57.358
64.486
99.487
-64.460
13.941
-2.932
64.874
-55.99
78.852
97.41
64.798
27.762
-80.214
-31.930
-35.844
12.746
-67.11
68.118
62.248
-25.145
-87.10
-60.837
71.869
-69.753
-28.88
81.852
-66.271
77.739
40.154
-56.879
-65.18
-72.930
94.101
-82.371
-1.551
-63.232
24.698
-96.528
-38.468
-28.76
64.41
-9.514
-96.960
52.595
13.996
-62.359
-16.784
-42.632
-59.23
-78.851
80.615
-48.677
99.225
52.777
-27.142
-2.56
-62.373
72.67
-10.878
-68.608
3.488
80.888
-22.388
77.792
27.119
-73.274
31.488
-24.460
-50.422
51.490
4.94
-24.626
-73.248
-47.626
2.705
-47.779
0.262
27.586
-24.89
-48.440
79.844
-51.268
59.741
7.840
99.342
-58.741
-44.742
-17.421
-3.845
62.245
-64.525
60.228
34.539
-9.846
-9.997
15.407
52.351
-51.21
-89.876
63.690
30.955
-94.467
-26.854
51.363
69.972
30.388
-84.92
80.996
49.685
15.600
27.183
-16.277
-33.855
89.306
43.528
-94.510
-53.994
15.426
-50.227
61.242
14.422
-23.938
99.372
-81.613
-74.157
-91.351
-1.604
51.619
-49.121
-32.282
15.497
34.720
29.771
-80.152
37.578
-74.21
-21.222
-14.625
-33.874
-79.6
19.974
-34.608
87.537
16.617
-6.506
-54.732
-5.453
60.719
-87.252
36.631
-67.803
-47.837
-99.376
22.792
49.698
-54.604
32.509
-85.370
-12.157
17.993
28.512
-14.211
-59.810
94.784
-47.933
-58.539
1.272
50.57
67.521
40.538
-92.467
52.633
48.292
21.39
-37.786
4.96
28.997
-9.648
-64.767
-76.607
-34.151
-57.203
91.952
-35.773
-16.162
31.819
-37.347
-15.608
-2.972
11.948
63.235
33.992
-37.783
-85.770
72.387
-97.270
-18.607
-36.374
-55.276
-40.540
-33.703
77.288
76.225
-76.510
52.534
-43.83
-1.901
-10.690
75.97
-64.537
54.970
78.899
43.176
-94.104
64.808
-73.452
4.205
94.416
-58.43
99.60
79.414
15.692
39.887
88.782
-52.498
-51.424
-33.828
68.375
94.733
-68.884
-80.664
15.831
1.970
63.10
-81.463
7.214
86.347
22.115
-74.561
21.782
-29.314
50.481
64.182
18.297
5.578
-91.186
1.924
92.646
-57.472
60.445
-96.274
99.725
82.841
-86.511
49.517
79.708
23.862
-66.454
25.563
-49.924
55.772
-27.771
81.105
-18.392
-4.993
-68.373
-71.96
-97.215
22.140
-70.841
64.396
-33.175
26.957
-13.627
64.131
79.751
-7.674
-97.824
93.198
53.268
-36.833
96.518
-27.696
-15.210
48.274
-22.405
-73.665
20.562
-83.608
-37.661
33.349
-28.445
-47.424
23.392
-78.740
64.814
-2.987
66.707
-54.542
-40.280
-46.465
-86.493
-95.541
49.916
17.895
59.959
-59.213
-75.331
-6.785
-93.477
93.324
-43.862
90.257
61.559
25.328
-80.488
-50.499
58.26
-74.633
33.926
23.272
-31.315
32.205
-78.366
-40.543
-98.124
-19.626
-53.36
19.711
-23.896
-56.871
-13.102
84.786
64.464
-56.757
24.207
-84.126
-91.79
76.751
95.574
92.730
61.895
-97.931
-38.95
49.651
-52.927
-83.411
92.954
-86.583
-42.930
95.922
-71.535
49.732
14.422
-48.971
86.276
84.811
59.204
-66.490
24.84
8.531
-26.702
87.52
31.718
-71.166
14.505
-36.941
-18.600
7.619
-30.395
32.856
59.82
-22.970
-16.153
-85.24
25.290
-93.527
-72.497
56.156
81.87
-91.571
85.530
-81.204
-81.621
99.258
-32.735
22.328
-53.200
-37.908
39.590
89.33
43.770
-32.503
90.284
54.184
95.368
-26.343
-36.48
-43.437
59.777
62.518
-36.462
-93.394
6.636
-92.991
36.186
15.864
-74.200
33.395
-5.255
-67.217
-63.854
-33.399
6.57
64.449
10.185
77.352
-86.926
-96.811
44.917
-20.184
-67.999
76.132
79.791
-71.907
-5.18
78.195
-66.133
55.530
-39.526
-78.898
34.166
49.142
-10.574
-81.97
-0.54
57.632
17.751
-52.906
-2.845
17.175
-20.409
23.458
-11.721
-89.254
-75.506
31.663
-34.781
-71.785
89.487
-34.156
29.328
-42.652
-97.315
-79.404
57.532
90.715
-8.150
-76.673
-3.462
22.748
69.77
-77.671
95.321
-35.952
80.661
-32.152
48.112
48.940
-34.543
58.118
39.839
-0.116
13.111
41.898
-25.731
-94.763
78.363
64.312
-23.98
-44.856
-14.447
-14.847
-37.412
81.753
-29.331
86.677
-48.507
73.971
91.94
53.338
32.805
-3.571
-89.660
39.393
-40.722
-71.660
-18.360
29.286
3.377
28.530
61.215
-89.918
-69.107
-10.599
8.939
37.562
43.881
8.962
92.117
74.797
94.858
-20.100
-68.369
-77.79
78.39
-54.876
-38.619
34.127
17.371
77.797
67.392
25.664
52.832
-87.261
73.640
50.394
-90.184
-62.370
-97.887
53.464
-54.984
66.309
-26.413
8.701
21.826
-73.377
2.267
-3.729
-83.78
34.783
-35.938
28.104
37.383
-79.143
-82.816
-77.441
18.544
95.799
42.982
77.168
-77.156
-60.336
5.374
-63.453
74.835
-11.864
78.934
-11.229
-26.823
72.901
1.630
-20.642
43.599
-54.914
7.640
-29.252
92.830
-51.993
-9.120
1.992
-61.393
-30.613
-83.108
62.262
-94.922
-65.903
-0.647
69.698
-19.559
-92.860
-19.473
27.203
-78.386
-29.100
94.446
51.611
-61.811
52.980
89.51
94.144
-43.863
-37.542
44.121
60.550
90.96
-94.47
1.8
-7.513
-63.554
78.901
53.544
-53.934
57.978
0.490
-43.380
84.274
-89.427
-6.486
55.149
-7.327
-4.880
-63.986
17.495
92.795
17.690
38.627
-59.216
-88.974
34.881
82.989
32.793
30.508
62.678
-72.70
73.588
-7.678
67.37
54.377
-80.211
-56.446
-7.630
42.660
16.822
33.446
97.320
4.879
38.398
-89.952
-66.85
24.241
-24.100
-16.894
-69.610
52.743
-54.793
95.97
67.636
77.625
68.743
-18.519
67.943
45.512
-36.733
-48.286
59.240
90.887
52.907
-12.336
-77.904
-78.174
-69.241
11.439
-0.427
48.675
39.687
75.77
-8.782
-78.494
76.223
-18.702
79.523
-83.786
-52.387
6.935
46.526
-78.953
-49.961
-28.891
-42.720
13.838
6.117
-92.500
-70.204
-74.962
6.708
-25.738
22.940
-52.868
29.562
82.575
-36.433
-66.26
-34.848
89.622
-31.729
-51.206
-24.780
-10.233
-40.114
90.296
-30.185
-87.951
-97.437
-11.326
-39.257
76.460
-4.184
-71.446
7.139
-57.981
-34.812
45.451
-82.48
19.511
79.803
-71.279
-18.735
-98.407
10.866
89.675
17.409
-81.855
-97.389
-1.509
32.540
-71.211
-71.730
6.228
40.290
-61.680
16.749
34.330
-4.79
-23.433
-5.365
-90.836
58.659
10.18
21.358
50.172
-54.440
-68.974
-88.579
98.654
17.711
-28.553
-51.811
-55.222
-88.895
-63.698
-70.952
78.772
-16.661
-86.359
89.729
9.309
-66.960
-86.116
72.356
-20.619
-89.641
1.819
36.835
-54.474
-26.463
-9.225
-97.891
-97.529
-70.101
39.373
58.462
-30.216
26.552
83.459
-51.885
1.247
-60.96
-79.893
-67.564
10.355
-25.614
-80.996
-7.274
21.757
-57.860
-60.313
-89.73
8.805
-9.624
62.534
-37.211
-79.944
84.551
-46.572
-67.481
-74.93
31.282
-85.291
33.352
-48.214
67.252
-4.983
37.567
44.966
-60.933
89.59
31.591
-98.976
-23.461
71.610
-6.129
5.634
95.471
41.268
-58.428
61.517
5.200
-83.551
53.726
-74.349
-62.956
-2.461
25.808
-20.901
-28.312
-22.873
-28.30
-24.713
-49.566
-88.293
-36.107
66.910
-30.387
-18.107
-25.36
-61.810
67.490
25.315
-86.316
-73.604
9.141
-54.759
11.390
-29.560
-49.537
80.399
-85.718
-19.695
19.233
38.706
-49.167
-20.221
-1.385
-70.114
98.663
-62.344
40.381
57.452
-41.272
94.462
-51.963
-1.884
-10.837
10.507
-21.57
22.171
22.12
44.69
-61.363
-11.857
19.860
-95.161
44.871
78.733
78.307
-94.129
-6.304
99.548
45.910
-66.973
50.93
-97.140
-80.336
0.66
-80.444
-18.191
-79.297
0.849
42.946
0.212
-66.462
93.11
32.743
95.144
-92.776
99.346
36.25
77.177
71.520
-74.472
51.890
-25.283
-39.868
41.163
-57.607
70.507
73.343
-26.773
-28.344
-76.670
37.374
64.899
-2.91
84.932
-10.490
-17.912
-18.37
-96.164
52.844
80.673
32.510
-75.226
-1.128
-95.313
4.275
73.792
-49.562
21.259
-65.763
58.596
-69.228
-6.903
-42.904
-22.451
-34.708
-88.281
54.383
57.4
77.621
-93.579
30.900
29.958
-6.653
11.75
-82.861
-80.501
-70.555
23.764
-39.293
67.986
42.516
-98.97
58.955
-74.867
41.201
-69.881
-30.51
74.627
-74.866
47.885
0.280
-58.278
-74.136
91.110
87.4
-44.173
-2.955
-67.29
-48.455
-71.502
85.455
63.213
42.87
77.730
79.569
-86.113
22.567
14.486
-32.634
-69.658
-44.543
-98.158
-31.600
-5.178
-41.109
-81.596
94.870
66.336
-15.269
23.590
81.834
47.633
77.616
47.273
98.714
67.295
52.541
5.407
43.274
16.597
99.879
-73.278
5.7
-90.154
4.153
-28.572
52.876
-47.281
-78.977
-30.245
-72.745
-1.370
-63.576
-94.18
98.874
-68.255
-34.107
42.654
-57.584
98.814
-37.639
-55.540
-55.504
-11.498
21.148
-36.816
75.151
38.693
35.202
-61.600
33.838
49.145
36.801
-51.812
-36.685
96.573
62.400
36.338
-17.726
-34.539
65.672
36.222
-99.558
-14.962
31.98
-96.546
77.209
10.545
-87.914
19.900
51.966
-21.454
-88.553
-9.119
-41.2
63.998
-57.275
-52.337
37.877
-0.96
2.947
-29.620
78.260
-86.669
-7.363
-27.378
-94.935
21.787
94.624
-34.876
-74.379
-32.860
-44.839
-61.577
-49.36
39.316
27.610
-90.183
-43.878
73.664
51.738
76.122
73.566
83.679
14.580
-8.919
32.398
-39.940
-38.884
-62.809
14.461
97.489
-40.515
75.798
86.712
86.972
50.604
76.895
38.986
-77.148
-33.314
26.863
42.655
-27.530
-40.769
-84.55
48.706
-9.34
63.224
1.154
49.487
-9.313
-11.107
-28.435
-95.327
-26.11
29.111
88.673
95.636
-35.238
-28.287
34.948
-4.712
-81.92
88.888
17.866
49.648
-39.836
15.383
-16.219
-71.547
13.33
-73.837
-40.670
-94.711
-27.728
-71.777
-79.268
60.883
-30.200
-37.723
-32.589
79.462
38.802
37.748
29.275
87.98
93.330
-87.642
-65.24
-14.362
62.294
-96.825
67.963
-8.152
13.281
97.920
59.13
88.453
-5.270
22.37
63.651
92.147
-36.714
-81.375
27.488
99.485
22.496
-75.85
23.190
95.365
-81.628
61.272
-66.760
34.542
-6.421
-60.672
35.747
23.622
-16.997
27.544
-28.625
-80.238
-27.504
-41.90
30.797
-59.257
26.392
-89.567
37.883
79.611
-87.491
-22.471
82.50
-3.944
17.174
-53.286
-65.412
72.401
-5.690
88.821
-16.808
-21.631
-64.265
64.768
-55.386
94.891
-43.956
37.680
-46.37
-90.26
-98.542
-48.563
70.327
-42.44
58.451
0.697
29.41
-73.578
-19.876
-6.818
-15.368
-33.369
33.939
-99.481
-86.291
-58.191
22.172
-41.646
-93.717
-82.723
-97.191
-6.224
-26.509
77.961
-73.347
-71.757
15.379
-4.873
71.918
66.552
32.449
-18.207
25.685
71.562
50.587
20.211
-81.778
67.683
51.854
52.873
-29.557
-96.627
88.452
-41.323
55.73
68.993
38.626
88.146
63.197
56.202
-1.531
47.727
0.367
90.608
-43.115
35.235
-38.374
-71.614
88.830
11.586
-7.140
-12.587
44.840
80.230
91.25
-27.460
8.450
-15.774
-21.762
-24.973
29.632
17.944
32.240
15.972
-7.815
66.842
12.750
33.517
-68.938
85.562
-88.591
-84.908
-67.241
-42.308
-99.15
82.533
-26.746
-72.731
-92.399
-74.636
-81.324
72.660
7.879
-86.821
85.421
51.55
-59.481
69.853
96.297
-62.871
43.604
-15.776
-99.35
-25.973
11.210
12.561
-99.572
32.993
-48.990
-63.204
-66.847
46.214
86.566
5.791
46.902
12.914
-34.66
37.398
45.699
-51.14
81.981
-67.627
-29.965
79.170
-3.769
-37.181
-84.167
56.856
70.102
77.905
-89.138
-49.405
-27.187
71.518
6.21
95.610
-50.847
72.655
-44.325
15.255
-0.944
-19.945
-16.472
79.795
12.1
-14.696
-49.499
-52.771
64.967
77.82
-48.834
58.853
-77.470
31.649
-55.561
-53.327
-14.776
-21.781
-84.845
-25.422
72.771
-64.381
2.658
64.141
73.996
84.302
92.316
50.237
32.74
-80.151
63.723
28.88
98.542
91.558
-84.931
39.16
-20.860
30.962
73.446
-61.279
-72.542
5.422
20.772
44.415
10.0
-24.439
40.411
24.694
-45.67
93.729
91.453
-13.658
-75.430
31.75
-93.437
-91.161
4.253
30.29
-18.726
-4.771
-18.963
77.728
7.156
61.787
-30.533
-52.324
-12.880
36.710
6.480
44.285
14.403
-86.80
-20.739
32.152
72.735
-0.487
42.551
36.340
-12.546
-14.942
39.609
-28.647
-97.67
22.299
34.123
-84.976
-57.18
63.854
80.218
-77.484
11.424
48.704
69.701
-30.923
96.509
96.993
84.51
27.914
-10.646
-91.23
-15.386
-0.786
-32.656
31.438
-82.934
-8.231
-10.167
30.294
-56.304
1.447
83.963
-88.515
-50.400
60.331
-46.665
-93.525
-33.535
25.65
35.674
-91.227
71.210
-90.751
95.201
8.613
-59.911
-45.604
14.38
-98.615
80.602
-66.293
-0.417
-0.359
64.554
80.714
-80.573
45.419
-35.833
-13.984
57.516
26.383
-75.735
-35.887
-97.652
13.484
-90.364
82.661
27.197
-14.562
16.471
72.598
-22.225
88.860
-66.958
49.71
-47.813
18.95
-60.875
-87.189
-51.358
-83.630
-98.652
52.193
-41.259
-35.460
65.807
59.225
67.837
-72.477
-92.480
-83.363
-72.213
38.765
-65.906
-2.993
-62.158
87.470
60.237
-7.362
-48.54
-95.137
25.561
59.199
34.617
-72.771
18.734
24.373
-56.433
-77.493
-23.741
1.889
42.566
48.425
19.11
48.583
-23.953
-57.578
64.386
-9.863
16.486
29.439
-31.733
46.581
-13.452
-96.900
51.976
-92.133
-55.249
55.859
-96.675
-30.457
58.340
-99.239
70.352
51.648
16.252
86.544
-34.251
-68.806
-65.702
0.385
26.743
85.694
25.664
21.16
65.684
38.270
-95.704
2.372
-68.489
62.189
-12.615
55.852
-85.129
19.250
54.467
88.757
19.253
-2.907
91.228
82.890
11.54
-34.710
52.447
35.267
85.873
-72.813
-76.633
37.935
-69.878
-91.460
-53.123
83.258
64.910
75.745
87.483
67.455
-53.931
95.320
-45.290
-23.33
-43.386
66.669
2.86
34.413
-85.900
9.368
-99.573
21.120
31.566
70.841
-18.485
-42.903
-75.805
67.640
-57.377
-29.539
-9.938
72.911
-7.394
81.265
-39.983
84.377
-3.353
55.172
73.229
43.711
33.72
48.596
83.603
-89.736
84.28
-68.512
-55.915
47.323
-84.148
-98.643
-51.528
94.728
48.363
-49.352
63.888
65.456
-44.311
28.611
-36.347
-74.545
75.96
0.642
-21.742
98.792
-63.407
-4.572
61.368
-34.796
-82.85
-30.759
73.587
-44.287
95.809
-10.459
-77.622
-32.678
96.139
24.626
14.460
-0.791
-82.316
13.213
85.208
4.18
63.347
-34.380
-77.628
-40.404
0.319
45.71
-54.853
97.818
-32.256
-76.260
-79.624
8.810
-63.687
-62.327
34.880
19.77
95.31
-40.681
-49.313
15.90
4.821
-40.130
-56.45
-4.707
-5.742
-77.961
-20.509
-69.701
36.750
-59.218
-42.474
-2.514
71.422
-80.826
68.484
-88.361
-33.234
14.603
76.991
52.950
69.92
-60.394
81.18
-48.650
22.618
-90.858
71.391
14.658
-57.634
3.986
67.508
-5.668
9.950
87.750
40.72
28.714
-78.637
14.351
5.261
-87.764
-19.784
96.89
19.251
-60.338
-3.530
64.959
35.689
49.956
-70.361
-29.249
74.568
-28.764
-54.935
30.395
56.850
6.566
22.401
75.451
32.373
50.802
33.76
51.56
-11.410
22.792
24.248
56.906
51.480
35.256
76.640
-78.191
81.376
4.979
-44.91
-68.313
91.689
64.45
4.748
98.784
-42.460
-12.490
83.123
-83.279
-92.724
63.392
26.735
42.251
13.156
16.554
-27.248
-26.260
-21.744
91.479
41.523
-82.638
37.617
-33.59
-26.872
-68.240
94.67
-32.346
12.267
-15.910
-98.552
4.634
55.823
-92.808
81.635
78.755
-29.602
81.634
93.399
-53.314
40.12
55.569
-9.376
27.168
9.902
-64.380
59.510
-25.243
38.488
69.341
-11.633
5.889
34.98
-38.877
-50.287
-50.903
-5.614
62.839
53.277
96.547
-53.558
-26.864
17.450
-35.788
-22.390
-63.540
-33.345
16.407
91.713
5.661
-13.566
2.792
32.909
-12.645
69.519
-66.83
-17.68
31.984
36.427
-18.533
-0.346
40.500
-96.532
-2.596
-48.217
84.683
-61.953
-36.584
70.120
-65.190
73.990
99.782
65.78
-93.32
70.80
67.965
-46.578
94.266
78.436
-89.153
-34.78
28.777
23.43
49.488
-76.759
-68.726
95.824
76.770
92.548
-81.938
60.824
81.552
-85.327
20.329
87.505
34.73
99.68
-94.796
-7.489
-57.970
-61.782
43.563
-54.801
-9.573
4.560
-58.546
42.497
50.343
-29.703
-9.660
26.721
20.316
-18.871
43.780
98.236
-9.294
42.88
47.90
-96.720
87.229
47.555
-42.227
-52.445
-63.241
-47.591
95.0
41.894
-85.693
-25.490
67.829
-22.328
-99.770
-44.422
12.85
-60.684
-96.131
26.973
-96.58
56.83
37.103
98.425
67.476
64.572
-58.584
45.996
75.692
5.318
-82.666
-5.123
17.112
-59.510
81.930
25.246
92.904
-97.201
38.376
-62.781
-60.16
16.421
-59.190
6.801
30.582
-30.360
3.852
-61.201
-67.91
-13.6
-82.566
-18.534
-76.993
-99.399
84.529
-99.860
-12.315
-29.776
99.943
-45.509
24.791
-72.161
92.390
-3.589
-16.325
-11.176
70.388
-29.569
-94.568
-51.465
-13.689
94.313
8.406
16.509
76.425
65.88
-18.858
-86.940
-31.886
-20.437
21.303
14.49
-69.857
13.74
-99.450
9.867
48.537
26.423
74.655
41.527
-22.548
96.863
83.632
77.597
-84.996
-16.858
-37.6
21.884
-44.358
54.700
54.374
8.70
12.453
-73.282
-60.66
49.935
57.272
2.345
70.390
46.644
-96.250
-99.159
65.771
-63.296
-11.808
-55.109
57.418
-69.920
13.742
16.188
71.137
52.136
3.402
60.917
-51.928
-60.135
-5.44
-74.13
-88.927
45.495
46.419
-97.71
-60.227
-93.987
-75.690
-64.402
15.707
-83.933
72.74
-55.519
-26.617
87.914
-32.626
31.820
47.847
44.163
-77.878
54.762
-44.86
14.241
79.119
15.506
-70.890
5.673
-78.421
42.117
-8.194
-33.400
-92.397
-77.111
81.742
-2.357
-90.379
-4.36
42.667
-75.609
23.969
-50.454
-91.647
-18.676
-90.358
30.12
80.202
68.258
82.0
-17.627
-22.303
-21.905
72.549
21.319
-80.810
-34.140
96.872
-90.840
-73.775
-70.392
-81.866
60.39
-46.664
-31.785
-41.217
-12.351
-96.600
83.342
80.615
-29.438
58.419
90.231
80.330
66.361
-24.354
-40.667
0.663
80.898
5.630
52.212
96.622
-7.165
57.745
23.263
74.688
-90.828
-62.529
34.661
1.66
83.871
-3.467
94.426
-16.83
21.158
-35.732
55.375
43.437
-98.224
-51.77
-35.260
-35.915
-6.461
93.777
78.898
-74.185
10.993
-74.636
-20.834
79.837
56.925
5.660
-73.18
-67.164
-97.842
-86.316
59.978
-7.952
-44.824
6.903
-96.960
99.865
-68.438
47.457
-7.655
65.541
-61.200
-50.359
75.103
-38.361
39.210
12.261
50.429
-55.528
-75.335
38.453
16.714
-25.465
38.692
75.231
16.270
69.734
39.637
99.292
17.567
89.305
-55.174
-72.151
49.189
-29.816
70.233
74.454
-38.346
-84.345
-59.614
-21.456
36.763
17.735
12.84
3.265
-73.288
17.714
-47.452
15.989
74.500
-53.321
-38.609
-48.726
-62.490
16.593
-35.618
-39.187
50.35
-6.150
-8.176
-29.330
-5.620
-97.220
-24.282
-87.699
68.286
37.278
-20.128
-56.534
-84.195
61.76
-10.281
-69.630
-6.154
85.994
58.62
-50.352
-81.872
-99.780
67.65
-11.226
38.288
-36.509
-3.967
5.153
-57.11
48.513
-65.846
-62.45
94.612
-72.76
-79.766
67.302
85.258
58.915
-77.972
-63.421
-48.538
58.101
-49.347
8.119
-94.198
-68.865
-3.103
-6.361
14.691
-34.154
-71.454
-2.113
31.614
-73.22
-42.916
-30.936
-20.592
-68.498
31.513
18.999
27.470
26.124
-26.656
-25.381
-43.375
-12.405
-99.477
-88.145
-43.676
37.395
89.74
96.900
-67.678
53.755
-13.898
41.11
6.662
-15.602
-23.546
95.535
-67.77
60.273
30.940
56.693
-63.258
98.200
90.806
-11.22
-26.697
-70.992
8.611
73.24
-89.354
-36.611
37.526
37.124
0.866
77.878
57.656
34.526
99.587
-41.912
56.401
-64.437
-17.127
28.664
-92.765
-62.442
-6.651
47.938
32.837
29.131
2.739
-78.603
-16.472
81.253
-23.145
83.307
-21.465
-67.964
-40.148
-52.630
-76.432
-2.262
17.379
-11.12
17.935
-41.70
-59.591
28.211
-88.103
-85.856
-65.732
-84.486
59.555
7.66
-59.684
9.877
17.88
-91.616
-80.456
66.93
34.658
-35.595
98.154
-40.513
-46.925
40.534
-57.703
-65.194
-84.675
58.293
-41.328
-56.915
9.613
-18.505
94.603
-5.844
46.1
-74.18
71.402
-77.312
24.253
81.309
-34.671
93.189
-13.635
11.693
-94.591
-81.417
-63.141
23.218
77.94
-11.75
-60.461
74.54
41.720
-64.31
30.225
2.7
91.922
83.997
-39.527
48.190
67.903
9.277
-93.171
60.835
72.817
-27.471
-47.463
9.546
88.385
-14.233
-67.753
81.614
50.7
43.919
67.43
-17.970
77.118
12.979
44.419
-3.533
4.452
-57.934
39.736
44.580
84.847
-93.116
74.394
70.658
12.202
91.257
-56.13
-25.22
9.913
53.857
68.41
-78.987
59.813
62.984
-92.748
94.492
81.800
20.425
-46.687
56.592
98.412
35.542
41.954
93.116
3.9
67.755
40.888
75.860
84.606
-6.214
86.912
-60.900
-72.293
46.487
8.842
19.562
-21.902
-28.229
-60.213
-31.472
94.158
73.370
42.743
-18.441
-58.450
11.869
71.542
-19.270
-79.830
46.261
28.507
-74.980
-20.575
7.893
86.403
59.466
-94.837
-31.756
98.787
31.834
-87.814
-2.288
-40.508
-72.767
-46.905
22.116
-19.610
-59.642
-21.792
17.275
-75.563
93.517
91.509
16.282
86.980
-59.703
-50.22
-78.833
-14.406
37.924
-47.999
70.492
34.735
9.303
-52.441
-1.552
18.102
45.280
-67.546
-33.984
-74.483
79.505
53.691
36.901
-54.253
-0.6
53.924
28.322
-37.841
53.274
-44.248
35.679
-71.84
42.973
68.627
88.379
9.932
-84.660
91.398
45.903
-35.747
-8.283
-39.354
9.48
-32.668
-8.9
39.918
-99.554
80.845
55.43
51.778
0.239
-29.578
94.487
32.219
97.379
93.271
21.170
-13.102
4.557
-97.161
90.161
18.942
0.236
34.720
37.317
48.110
30.383
17.797
-50.453
26.550
-33.893
-78.411
2.164
-64.198
98.535
-59.536
43.766
-49.483
-5.886
-71.664
98.597
-87.628
-70.630
41.146
33.44
-43.55
67.98
74.399
-83.5
92.528
-4.427
-61.214
-30.536
-62.277
93.511
-12.906
-66.573
-39.599
-47.782
41.927
51.583
-59.645
-47.227
65.789
-82.235
43.99
-59.917
26.456
93.255
-16.848
-68.900
99.711
-44.559
-25.424
-36.158
9.101
89.661
93.287
-49.380
40.649
9.917
62.669
-12.413
-89.391
8.879
13.388
66.529
88.875
18.376
-4.816
-39.178
-73.340
71.653
-28.694
-62.902
-54.216
-47.734
-54.374
48.592
-74.997
-50.788
-95.513
-61.885
88.165
-59.779
8.533
46.233
66.539
60.387
79.213
19.315
36.962
-46.823
9.664
-67.523
-79.631
59.730
-25.996
-65.656
-49.88
83.459
-4.947
91.894
-63.303
53.222
74.553
-28.864
-68.241
-46.58
12.908
95.843
93.299
6.791
43.906
-43.811
19.285
-78.214
67.182
4.728
97.592
31.987
-75.933
-15.39
-1.834
-43.630
-55.949
-24.479
-6.598
82.302
16.951
-10.634
-47.810
-35.777
15.79
53.74
-2.929
-89.605
-38.264
73.146
-37.14
93.424
88.571
69.458
41.525
-47.678
-84.433
-21.722
-38.113
-4.786
-73.175
-93.168
-47.809
-64.30
-58.223
83.870
82.954
-62.128
47.166
97.722
44.395
-6.488
-91.988
-52.352
19.62
63.845
86.479
94.541
-25.340
-20.789
-54.34
-64.792
-94.135
-33.987
-54.158
50.174
-64.360
-37.207
86.84
53.456
95.111
-32.927
9.721
-75.6
-44.460
28.10
-56.526
16.964
-68.802
61.208
96.903
-64.635
25.596
73.71
-60.468
54.848
74.56
7.572
-98.993
-74.954
-6.302
1.367
-23.644
18.269
-19.229
-32.36
-55.862
56.69
-74.568
94.442
-22.500
-53.501
-71.76
37.946
75.117
85.49
91.456
6.864
93.238
25.84
-11.906
-52.311
12.582
-16.372
-89.47
44.133
34.476
-87.782
62.327
56.752
-45.716
-33.520
-75.533
44.749
-12.791
-44.535
30.369
-19.157
25.671
-22.127
3.24
-90.158
-41.85
75.881
32.493
-37.390
27.620
-46.991
-47.17
-27.639
-60.942
9.184
79.326
33.301
37.833
-32.323
-62.902
-14.48
-22.247
-54.475
-65.187
-48.397
94.328
24.161
36.999
-94.631
41.946
9.960
68.182
96.988
-63.153
-24.702
-69.848
41.972
-65.661
-23.55
-56.896
-40.157
-76.125
-7.521
-18.336
16.160
-63.882
-38.123
74.888
62.12
-81.520
-98.612
23.688
34.348
-82.66
36.734
43.397
-99.735
79.261
-72.623
20.156
-68.454
-22.829
-6.464
-11.698
4.686
-10.130
-98.229
61.660
13.732
-76.852
-64.620
13.195
50.53
-35.716
-38.872
27.683
13.733
38.795
72.460
-82.388
49.453
22.266
72.516
91.903
8.493
11.20
-97.585
11.275
-38.647
-96.382
-7.283
42.805
-72.129
7.720
-58.628
33.540
92.937
-36.400
27.238
78.535
-17.494
10.88
-68.512
-43.819
72.429
-95.214
89.506
-21.742
27.421
81.299
-21.117
92.327
72.195
82.590
12.415
-22.162
73.203
-12.124
4.552
35.485
4.307
68.651
-19.324
-83.806
-69.170
85.692
-15.265
-51.530
34.534
-39.221
43.126
16.446
-16.565
11.700
-49.670
-2.255
17.670
-88.773
-83.660
-30.399
-66.994
-10.210
57.726
-80.89
9.539
60.193
-51.863
12.751
-3.334
-29.516
-28.782
57.144
80.901
-20.81
-61.842
-24.2
94.606
-86.918
-52.822
77.203
6.283
76.540
-9.420
67.840
15.854
-54.130
39.925
-34.611
-33.315
17.345
18.451
-53.979
-32.788
-13.308
-80.275
89.582
-0.421
18.655
-6.740
16.658
-29.276
-77.729
-65.513
-73.179
-73.159
28.648
-65.648
-79.118
-4.624
-97.340
-35.821
24.350
45.115
-54.888
-23.214
-15.242
-94.159
-41.538
-96.694
-92.944
97.279
-31.504
-45.301
73.755
80.878
-98.945
64.539
31.81
68.929
-29.473
83.723
59.954
-37.951
30.877
-64.909
-12.208
54.124
7.955
50.875
40.805
-21.788
34.999
-3.436
73.919
-98.335
-5.900
-6.206
-98.414
-23.116
77.656
-57.978
8.64
-17.68
-78.993
-67.244
14.49
21.355
53.405
-40.928
54.558
26.415
86.576
-97.993
-97.323
16.91
23.557
-77.579
90.632
-17.24
-13.630
-65.608
47.746
93.44
-60.993
72.810
28.533
33.62
46.253
65.870
-64.383
-73.800
97.747
-50.641
48.253
69.577
-82.505
4.438
5.85
-90.202
-99.366
90.839
-90.388
37.238
-79.86
15.256
-13.190
44.446
38.251
-36.293
5.892
-10.734
-15.77
-19.666
-65.545
67.413
95.726
27.371
-50.761
-58.797
20.703
-48.565
67.832
75.251
-21.168
5.836
-46.831
-28.10
-57.461
-88.971
-61.392
29.792
-32.660
12.735
10.608
54.365
62.263
97.844
7.201
-78.289
-47.402
-22.432
11.816
83.929
59.139
52.345
-32.608
-96.357
70.965
-5.895
-11.594
62.117
5.380
8.215
50.875
0.527
-15.711
-46.259
-21.829
97.234
-15.798
87.560
91.17
63.477
-65.27
6.979
96.346
-43.393
-51.666
-24.16
92.83
7.270
91.713
55.876
-87.41
-41.699
27.196
24.491
-32.942
70.866
43.510
65.470
0.861
-51.769
-80.56
-87.949
-74.976
7.552
-85.585
-29.607
-42.502
-85.68
-51.920
-29.723
-36.603
-85.643
-33.469
29.428
-64.913
93.294
88.236
-45.174
21.25
-10.206
-20.243
86.528
-53.113
-97.842
-94.558
79.203
-72.291
68.388
-83.909
19.771
30.743
-44.881
-54.135
32.832
91.526
62.506
-80.378
-35.646
-63.82
-69.901
81.531
-88.927
-75.381
27.66
-21.409
73.971
80.104
30.339
68.554
68.775
40.208
-7.448
-7.23
-91.102
59.823
53.448
-6.828
89.310
22.931
-86.599
2.791
50.250
77.858
-85.749
60.108
95.461
54.19
17.160
-19.883
-80.621
-16.923
-60.25
-5.502
-74.440
-45.552
-91.247
86.202
62.871
48.243
-65.223
33.939
-93.951
4.357
-72.531
-42.928
19.19
-62.958
25.220
48.468
-58.985
89.370
47.416
79.20
18.744
96.986
27.558
57.920
41.445
44.645
43.755
-64.396
77.844
-41.475
-14.145
18.942
2.121
5.578
19.571
52.915
-6.910
96.427
-57.404
-34.497
83.711
-77.281
9.783
99.940
61.359
21.964
79.222
44.118
-53.376
-59.410
92.946
-18.23
-39.332
32.431
4.944
98.318
-8.197
-81.41
-32.246
-88.657
-40.749
8.20
-56.411
-88.43
60.199
-43.98
-91.358
-60.891
-48.476
-64.164
-43.156
-67.164
-67.821
-46.909
61.721
20.264
97.855
-23.716
-94.316
59.33
-86.628
-63.47
11.314
71.113
-26.226
-80.246
37.195
-52.270
-58.864
-45.575
-43.62
-50.777
-22.740
18.363
-24.689
-50.622
93.259
92.311
58.21
-93.866
13.362
-13.312
61.586
-27.5
6.829
63.131
-18.825
-68.469
92.427
28.73
43.86
21.152
-27.613
-74.840
85.298
89.213
15.831
52.51
52.143
25.323
17.166
71.87
42.567
-47.641
61.378
-4.467
30.234
82.938
-54.890
-54.168
79.637
-43.661
-6.903
35.950
-55.863
-26.767
-9.497
24.231
89.86
50.192
81.624
-31.467
69.873
25.160
-23.168
-52.546
-48.155
30.531
-51.373
15.823
-46.556
67.388
-97.109
82.286
-17.562
67.314
-84.714
-99.644
-97.748
81.915
-9.313
-62.581
-81.730
26.313
32.982
57.250
-29.234
56.785
66.782
-50.663
8.973
-23.335
78.568
94.195
97.727
-13.36
44.965
-88.373
29.440
-70.242
74.250
-44.374
94.704
27.999
-73.248
-2.661
32.257
-49.46
4.727
41.698
93.224
-19.620
83.467
-16.494
-92.368
-99.70
43.554
-52.56
-34.360
9.601
25.146
-92.265
85.701
-35.317
83.662
-32.461
42.456
-61.908
27.543
-72.504
-15.329
-34.622
74.459
33.546
35.530
-56.714
-0.408
-98.869
-4.848
22.720
-41.887
6.574
-41.400
-25.834
-79.721
-46.77
75.29
61.779
59.383
0.257
45.298
19.357
68.698
-28.24
86.355
75.1
77.777
40.490
72.49
-52.349
-5.246
46.365
12.385
79.765
-32.52
6.127
-10.56
-95.248
-7.220
-55.525
-13.530
-69.828
82.641
-93.72
33.605
-27.663
-75.325
-0.620
19.328
-87.535
56.148
23.169
56.251
-74.797
-9.830
-49.409
15.185
-90.637
-66.257
-14.796
-87.605
-90.928
-74.484
-51.10
-1.272
-59.321
-29.988
29.331
97.597
-97.711
-32.198
68.940
26.767
-35.670
41.723
77.883
-74.164
9.893
81.42
62.939
39.824
74.844
-37.170
84.405
94.346
-28.175
83.302
-27.263
-53.344
77.858
63.897
-0.771
77.408
21.645
-87.491
-77.220
98.503
-36.682
67.88
-40.317
53.80
42.632
-24.209
-80.282
89.170
49.947
33.498
22.634
23.953
19.793
-26.799
30.441
57.917
93.397
-26.639
-51.988
-95.973
-47.896
82.371
-4.742
44.868
-16.998
20.256
86.401
83.728
53.431
71.378
-87.426
-89.608
-96.364
97.308
-48.576
-93.449
-8.135
20.270
23.24
66.47
83.135
-0.976
-36.173
19.222
70.922
71.716
-81.224
-92.196
-83.919
-57.437
9.373
-88.973
-26.962
-29.81
41.551
-33.722
74.203
-50.747
-49.82
-76.639
-99.501
-8.741
94.967
53.897
-38.190
-94.775
69.749
-21.599
-68.301
-35.229
43.728
72.637
26.931
43.137
-40.475
89.221
-64.443
90.364
-68.532
-77.219
-77.862
-30.834
-24.461
-85.704
-96.644
96.185
-24.49
-0.792
76.160
-57.589
16.718
-55.400
31.24
-90.910
87.306
-11.754
-56.30
-45.531
49.559
34.417
91.685
10.92
15.275
-82.517
-56.604
-75.67
32.424
90.821
-92.270
-54.657
10.848
33.410
8.825
7.259
-69.416
36.643
10.775
-15.565
-2.509
-97.64
-13.874
-14.659
-59.819
79.379
-17.248
11.436
-72.699
10.714
-68.716
-97.266
-35.131
21.646
21.957
95.637
32.906
85.369
81.741
-53.503
-95.772
94.521
61.57
2.930
55.552
80.99
-83.831
-39.868
79.149
-70.155
27.450
-52.896
-44.909
19.11
-92.919
-22.451
-42.634
19.773
66.304
6.926
-49.353
-65.358
-2.854
48.973
-24.65
-5.439
-84.733
-47.853
77.871
-9.177
96.626
85.991
-22.145
68.793
-26.570
54.675
86.559
-52.758
43.788
91.797
66.294
-98.79
36.754
-80.522
97.100
31.407
-56.893
-15.545
-27.488
-62.732
-26.850
-65.548
99.184
-26.964
-99.213
-90.996
-60.752
-90.568
-30.647
-6.862
-31.388
-3.205
-54.304
11.831
-38.930
18.173
-53.585
33.375
-10.5
-76.263
25.947
25.350
-20.256
4.67
-51.657
-64.776
72.181
-33.767
14.77
43.305
-85.831
68.856
-57.928
2.232
78.436
36.400
-20.472
41.406
-85.120
-39.615
5.753
-21.921
-88.30
10.32
-4.110
55.899
-34.571
-46.712
-26.49
-87.589
-1.946
51.67
56.655
42.318
-61.122
-67.429
-74.663
-5.709
94.687
3.674
80.328
-10.831
-14.687
48.882
14.943
-43.362
-71.188
22.893
37.587
50.743
-3.623
-55.686
-74.500
-48.800
-93.914
11.10
-59.633
-21.708
93.945
-5.395
43.351
-61.406
-10.332
-98.432
-17.25
82.289
10.300
-27.721
-89.967
38.724
-83.667
3.180
-9.742
19.40
77.309
1.492
88.654
8.281
36.970
9.661
-30.744
2.899
-32.108
-94.927
89.156
61.709
74.597
-87.157
21.745
75.955
52.885
97.240
-25.72
-44.419
-55.8
27.921
92.95
63.534
15.607
-38.282
22.987
2.684
81.961
-20.505
38.412
12.992
-48.384
81.299
-23.314
11.753
-6.627
-87.682
7.815
52.488
16.626
40.91
85.239
77.20
-3.295
89.107
-57.113
-12.552
3.312
-55.464
65.133
40.325
6.963
9.492
10.448
26.437
-95.94
44.406
-74.761
20.416
-6.934
19.374
-22.432
17.141
-31.504
93.130
14.478
1.822
40.548
91.769
58.675
-11.246
41.869
-34.486
19.469
5.115
75.529
92.882
-66.22
-50.965
54.176
40.139
4.532
-0.966
-90.637
-84.642
61.418
63.762
-40.728
17.430
-11.284
84.224
4.680
45.381
72.523
21.908
32.721
77.736
-53.776
-3.93
-70.456
14.893
-48.649
-15.947
99.919
-21.92
-86.525
-72.802
21.807
98.562
-5.33
-49.99
18.899
19.966
-1.266
58.787
24.525
62.250
37.371
89.969
38.826
-95.228
-46.398
50.17
-49.170
71.28
34.852
-74.67
-69.704
23.245
39.783
89.831
-89.929
-89.79
-56.580
-40.351
12.486
-62.212
-61.333
-84.656
-75.448
97.37
95.226
43.268
-8.776
43.16
59.481
-27.343
62.556
-1.492
-38.120
11.617
62.213
95.656
-6.317
-98.660
41.419
22.798
-15.160
-94.914
82.304
17.115
-90.178
93.773
64.331
-11.729
74.22
19.344
58.612
6.158
-99.640
59.210
-89.552
-32.245
84.909
4.320
85.846
-38.617
89.976
52.534
-30.433
-12.145
-61.934
-89.719
41.803
-25.559
-91.945
-79.435
11.476
8.228
-63.310
10.674
-68.436
29.125
84.866
-51.344
-91.935
77.14
80.277
-12.337
-30.0
-81.963
30.83
-65.912
-19.48
28.400
-96.343
10.20
10.752
-39.164
-44.846
-63.880
5.410
-35.427
-42.946
-16.474
-85.570
90.532
60.443
-60.834
46.878
36.293
89.699
25.586
25.729
-22.697
23.482
67.724
-83.437
52.897
37.795
68.131
-80.220
-53.497
-54.523
-52.697
-25.773
68.92
95.676
18.980
22.817
-9.737
89.917
20.823
37.529
-36.981
31.6
-61.526
68.74
-11.92
-4.766
-93.327
65.716
57.336
-51.774
-16.462
-83.393
-22.107
54.975
62.138
2.495
11.488
6.305
-70.814
-57.866
25.334
74.917
-30.740
-17.894
77.409
82.263
-5.275
-55.181
26.603
-82.12
15.937
11.711
-52.694
48.411
-23.640
-88.474
-97.31
-97.639
-51.365
71.899
57.15
77.878
-67.530
97.430
74.905
-11.93
12.490
88.640
97.143
-61.814
-37.223
-50.352
27.120
-49.969
-83.795
9.7
61.571
-93.60
-68.709
-57.123
-45.960
52.863
85.190
52.339
49.74
-99.35
-94.697
32.442
10.911
31.468
-18.365
-28.617
91.454
77.406
81.255
-33.906
43.452
73.737
67.47
-71.231
97.749
-84.530
-86.221
78.998
-62.832
-20.165
65.708
-8.34
93.201
89.272
53.722
34.806
32.93
-84.123
-94.885
59.157
-82.623
-9.683
74.76
-86.65
-81.470
77.656
52.888
-51.324
-49.370
-31.281
78.315
-38.924
31.198
-78.536
50.169
-95.847
47.451
92.202
-13.804
-71.735
-34.866
25.256
46.587
96.118
-62.120
-51.315
-95.863
-28.207
36.472
-67.543
-26.930
53.255
-4.553
-5.549
-95.364
-7.115
-65.162
27.690
91.79
11.698
-18.476
-40.729
-69.85
-38.743
-77.238
-36.797
15.563
56.42
-57.85
-83.496
-52.714
3.606
9.428
-68.118
29.796
54.284
98.899
53.856
-2.65
30.648
-56.500
-10.255
94.464
64.33
76.214
79.21
80.919
-95.424
53.226
-95.756
-86.64
43.275
-58.821
2.85
-16.162
26.641
72.673
18.821
-72.126
-92.673
12.959
32.754
-8.313
-49.767
26.883
-18.161
31.885
-16.956
-25.580
12.824
8.336
-69.969
-8.329
-17.530
-64.957
72.527
74.559
2.27
-2.4
29.716
29.625
40.794
6.202
37.672
35.936
68.860
14.87
46.641
85.343
57.24
2.653
-87.246
41.852
-76.490
42.277
-65.746
-68.112
-81.910
-22.96
66.305
-27.659
65.846
49.539
-88.716
-98.258
97.476
8.544
-6.725
-45.47
31.866
-90.545
7.711
-17.212
-32.252
41.151
76.900
60.360
-5.266
13.963
68.146
-29.137
-50.996
-69.265
75.150
2.491
-87.567
-48.828
-5.385
-87.150
21.571
-21.952
-67.602
75.423
-48.251
-74.153
50.740
-31.488
-71.645
-30.584
-51.706
-71.579
80.46
-33.874
-4.922
24.796
-36.999
-68.430
-27.801
24.83
72.535
90.358
13.339
39.824
-40.728
-92.905
-97.493
-94.61
-79.789
61.765
27.437
52.80
56.293
6.384
83.424
-34.16
81.313
-28.759
-56.138
-38.151
4.679
4.131
67.87
-17.945
44.580
-51.914
-15.96
20.476
39.132
-47.571
73.875
36.931
-79.99
67.68
-40.664
90.967
-56.882
87.903
78.442
-60.642
-93.915
57.51
4.130
-38.149
-69.790
81.180
60.688
34.275
-37.406
72.866
30.511
-63.668
79.172
47.110
83.131
-35.465
-55.25
-10.611
67.700
-71.72
-65.354
-26.69
38.501
-32.748
76.583
61.670
-79.978
36.388
-17.507
-56.779
61.844
-29.323
-13.561
-73.394
-43.322
97.135
15.366
59.703
66.772
-73.981
-5.194
92.924
-0.189
61.163
-18.658
62.455
-24.371
17.430
-97.948
85.921
4.127
-20.271
58.423
10.84
-56.354
-28.816
36.492
10.9
-91.459
44.644
-79.401
-8.573
-13.483
7.694
-65.302
33.631
-56.167
51.629
79.72
4.916
-2.847
79.707
-79.420
2.880
-9.545
-22.130
3.386
76.389
11.569
5.225
96.279
-39.858
-56.289
-8.291
-54.652
-54.726
-86.681
88.9
20.721
75.978
-47.74
-19.114
-98.22
-97.930
-29.236
5.890
-12.228
57.417
91.789
95.64
23.864
-31.683
0.581
-7.330
-56.459
58.217
37.381
98.338
68.829
11.776
-84.52
32.583
-46.283
34.442
52.999
6.957
3.746
28.696
70.464
53.827
-52.764
68.996
-66.695
50.529
64.782
-37.40
80.843
3.771
-65.593
8.98
79.703
-3.271
-9.189
3.39
88.855
75.393
-20.573
11.128
50.693
-54.153
90.933
-37.436
85.597
28.701
1.541
-55.116
2.736
-93.499
-7.750
62.656
68.46
-77.36
-9.621
31.850
96.251
-64.958
78.13
-16.906
83.113
44.227
-58.348
57.177
44.987
28.670
-62.618
-40.982
-83.212
15.529
-46.412
27.908
16.818
52.427
-24.171
-18.352
-13.966
-12.906
21.290
43.205
-71.151
-64.230
-36.746
-57.99
-7.323
-44.393
55.159
-32.223
95.544
71.487
76.958
46.774
76.810
24.119
52.526
-52.722
55.377
73.461
49.309
63.780
-86.757
-60.355
16.483
18.607
-72.212
1.764
-23.319
-5.844
-61.893
-62.108
-49.694
-99.506
22.774
-8.893
-14.17
-98.118
56.293
-44.998
-94.160
-52.322
43.323
91.474
-46.549
84.357
-82.723
-91.173
-65.782
-62.926
-51.420
-86.925
82.220
-72.712
-20.810
95.647
63.829
-48.272
3.37
-4.851
51.503
-62.941
47.275
55.199
-90.220
-74.815
-20.231
-89.779
31.635
-8.739
63.442
90.904
-43.151
68.858
5.501
56.627
3.947
30.536
30.568
-20.528
13.343
57.433
-46.76
11.196
76.801
12.758
64.713
-99.495
66.26
15.398
8.111
-90.20
81.418
22.582
-74.358
27.670
60.687
88.638
4.304
-41.672
-57.480
17.522
10.703
31.878
49.552
73.932
54.292
49.932
91.36
-11.229
29.687
10.104
15.914
86.897
-92.899
55.72
-41.526
14.327
78.618
46.129
86.610
-58.172
4.187
-54.426
-34.118
-19.325
35.367
-96.633
-40.411
-21.357
-84.495
-33.305
39.662
10.268
-27.3
-47.474
87.261
6.657
-52.650
20.923
-18.707
-79.393
12.84
84.694
83.474
-99.321
45.309
58.667
5.371
-67.391
-86.562
-53.141
26.5
-12.989
-15.872
25.124
-57.69
-3.780
-58.537
-63.104
-91.190
-79.644
60.122
-77.934
-89.702
74.427
-81.937
-49.492
-84.750
90.65
40.8
99.288
-4.0
13.230
-12.319
-84.93
-31.875
-0.324
-97.109
83.599
-73.539
-6.491
-34.947
-85.560
-22.673
-61.509
79.840
-87.441
86.90
88.326
54.251
81.57
-48.444
-16.829
-13.851
82.564
44.395
81.282
94.69
17.857
91.63
56.345
65.693
-20.461
-36.527
-29.561
-79.305
22.338
5.632
31.1
83.692
87.949
0.614
-57.986
-43.275
-84.504
-89.184
89.858
24.263
-28.547
-89.330
66.217
87.969
-54.326
35.821
42.657
-11.46
84.88
-48.64
96.693
93.534
35.300
26.688
35.742
-31.629
1.172
28.283
-39.619
-60.519
45.615
-76.909
90.444
74.523
27.110
-58.841
-63.695
-74.823
35.115
84.75
49.672
-8.101
-53.43
46.69
-80.796
8.607
65.970
-95.896
59.783
43.719
-47.769
18.329
46.582
-22.180
-22.460
-84.220
87.386
-38.833
-64.492
-5.688
-73.235
-66.453
-12.251
2.425
61.147
68.231
35.871
24.409
-9.373
-30.230
-71.703
32.522
-71.434
95.836
-48.797
14.818
-0.153
72.477
-29.38
78.269
16.592
-40.424
70.447
-50.243
56.343
62.857
99.709
-59.933
80.362
26.193
50.409
-81.301
35.971
-23.22
47.230
-73.392
17.443
14.902
-88.234
53.460
86.162
-64.44
-66.979
63.402
56.501
-44.427
-89.644
92.659
-81.299
84.604
28.843
-85.607
43.673
25.488
-81.296
68.440
-47.130
21.74
98.207
-62.891
-38.671
76.308
59.104
-24.29
-92.163
13.31
13.730
-57.351
13.502
20.416
31.554
-86.430
-47.441
-34.566
61.910
84.975
-0.188
-46.897
71.410
51.82
26.814
-73.800
-29.647
88.733
29.546
33.31
-20.683
-89.930
10.901
-84.804
-27.530
75.104
54.185
-27.173
-17.155
70.940
45.913
-61.802
26.312
1.649
-59.228
-31.603
3.558
75.237
80.206
83.376
18.74
-36.135
-36.161
89.914
98.774
37.905
-33.461
-13.736
19.168
-32.951
-86.821
52.109
-73.97
59.38
-45.736
60.426
-26.211
-54.276
-19.148
90.980
-38.66
60.671
-21.596
-43.507
-80.53
-42.813
10.391
-39.697
4.616
89.706
78.697
40.309
59.31
80.374
-88.606
84.149
-58.259
95.399
-8.655
-70.845
64.975
24.515
8.926
40.307
31.47
-76.883
-37.593
-90.388
-39.248
57.618
33.182
-6.359
88.467
2.159
-94.942
-40.870
40.108
99.398
57.789
22.898
85.431
22.789
27.578
58.532
48.26
-85.18
-57.658
-70.557
75.466
-76.41
-48.126
-3.400
-16.379
-1.637
-44.537
-30.774
-39.231
-55.853
-22.28
78.5
-36.105
26.808
54.177
63.678
5.822
72.905
-10.444
59.899
17.373
41.303
7.940
-50.66
-46.472
70.736
35.741
-37.865
14.776
75.187
41.304
-35.945
-39.504
-96.107
-13.153
-60.375
-84.410
83.148
-39.714
39.341
91.882
-16.70
96.909
-65.857
4.722
-63.682
-63.119
-3.502
-9.442
95.381
16.924
-93.740
-68.837
-47.154
-81.758
-72.473
87.388
13.892
90.553
-30.149
12.217
-80.711
-18.631
-65.778
73.611
51.283
-64.171
96.36
-83.26
11.857
73.221
12.1
39.971
7.336
29.361
61.712
-66.129
-12.25
-2.960
-94.672
-38.597
-48.309
-73.900
29.207
-11.88
-56.949
85.968
36.532
76.535
42.881
17.719
13.620
14.293
-86.723
-46.686
67.795
0.332
15.468
7.944
-59.786
36.203
10.768
45.834
-81.372
29.718
-13.585
-46.38
-0.205
-86.464
7.423
9.811
-30.521
-24.919
63.552
25.981
25.294
21.793
48.445
-96.431
41.638
-72.299
58.781
65.57
59.420
-25.297
-9.23
-31.96
43.496
-12.693
-45.334
-54.558
-74.216
-67.134
-80.793
-49.918
47.579
-44.11
-34.306
69.671
-39.216
95.70
54.44
-43.364
89.596
-7.645
-23.492
-62.137
1.723
-85.345
-13.784
-76.32
-48.386
89.629
-12.170
32.78
-70.1
88.316
68.117
-55.902
65.716
-92.244
-41.44
-34.334
-44.598
-97.631
-48.701
-91.389
-75.410
82.717
-35.983
-72.127
93.868
-0.954
-89.398
-49.148
86.496
77.639
84.714
57.796
36.231
-31.155
22.600
9.953
79.842
-99.143
-2.582
6.159
-0.544
-56.853
-78.341
-86.372
-70.246
-25.655
35.286
-96.737
-4.639
61.46
56.698
18.655
-76.985
-65.671
14.193
-12.771
62.6
59.354
0.611
22.272
-56.680
-38.198
73.974
-49.592
1.206
-99.418
-5.533
-97.392
78.492
51.415
-70.23
-40.862
-16.487
26.537
-11.438
89.438
39.543
-47.392
-9.722
35.174
32.496
62.388
-43.505
-46.183
-93.94
-46.783
-70.22
27.169
29.931
-23.566
84.50
-20.65
-71.808
9.254
84.699
49.997
5.920
-55.999
-50.628
15.3
-58.539
-45.612
21.83
54.792
-70.628
-80.29
-74.786
-94.442
-83.444
-4.811
42.69
83.714
-37.488
51.542
19.765
90.545
7.371
-47.265
35.101
-4.457
-28.251
-91.535
-19.724
29.276
-84.147
18.38
82.297
33.844
-25.32
66.136
-65.216
34.459
-21.478
44.60
-13.996
-48.914
-28.197
31.630
0.7
22.773
1.91
-32.325
-49.598
-91.694
-61.507
-31.155
38.535
-95.667
96.167
-81.490
54.443
95.575
43.477
-74.520
13.982
0.713
-2.103
-52.98
85.246
25.579
38.233
-95.480
76.724
8.498
33.864
-66.816
7.270
83.775
26.960
88.185
41.575
-89.870
-12.99
65.507
38.492
-93.859
-13.818
-88.201
10.379
83.519
-83.112
-68.601
-86.266
-28.583
-21.721
-29.14
-6.879
-54.67
28.30
63.13
82.948
29.68
-99.855
15.735
-43.208
-11.490
42.396
39.902
41.431
22.646
-22.380
-87.210
54.709
86.976
-54.519
-42.182
-97.824
-82.615
-35.756
70.330
-18.505
66.392
83.946
54.785
-13.139
81.433
-90.330
96.765
-57.100
-48.71
-38.41
60.608
-92.191
33.997
-54.411
-47.344
23.934
27.931
-46.588
74.688
33.878
48.538
4.230
-59.15
98.222
-77.369
41.344
87.971
-47.570
-59.544
-94.929
-70.878
-55.134
30.293
-55.844
91.221
23.914
-90.901
87.300
77.211
-7.705
-15.176
-14.231
48.413
-97.721
68.564
12.288
-1.178
14.517
48.246
75.53
84.169
-70.835
43.283
-10.232
-20.552
56.965
5.518
56.184
60.533
-75.108
95.544
96.15
-27.358
24.220
-42.741
-77.549
-99.854
-52.263
74.723
42.150
64.897
59.493
-90.521
-4.745
-2.240
53.217
-21.316
-8.420
-31.694
87.89
3.305
64.865
92.955
-79.211
38.865
90.471
91.344
-46.652
17.283
-10.122
-6.926
99.590
-85.483
-93.314
-46.952
91.842
-53.885
31.231
34.200
32.163
18.269
62.120
71.505
-39.650
66.948
63.639
-30.292
42.576
-7.910
-59.342
33.313
34.775
77.299
-3.190
-95.309
-39.872
-29.702
52.145
-58.204
65.515
87.848
-78.482
-89.359
-58.314
-29.309
-96.0
-55.229
7.233
-86.892
-76.109
61.697
-10.627
35.669
63.679
-30.308
57.504
57.612
59.219
-10.957
65.34
87.847
57.709
-10.45
-27.208
-58.390
50.548
43.905
66.516
74.878
74.195
-35.334
-46.791
-36.754
43.581
81.291
75.841
77.585
92.751
-25.925
-68.351
97.786
-73.984
-59.220
-93.515
-36.196
-22.923
-55.201
-98.993
-56.870
45.439
-80.788
-98.62
-59.673
74.666
-22.955
61.577
-41.784
-7.834
75.243
-21.240
-17.20
-52.270
-72.429
64.955
23.77
-27.438
-55.880
35.987
-61.214
-9.135
-96.453
23.305
13.29
75.845
-56.269
-44.848
-9.155
-63.391
-99.604
30.313
-1.661
92.84
-54.997
98.73
-97.681
-25.426
-44.587
43.950
81.701
-34.731
22.984
-15.777
65.83
-45.333
23.482
-69.960
-64.204
67.448
-60.29
-62.515
76.689
-52.356
-16.822
25.467
-12.490
-32.512
-78.676
63.195
51.108
41.370
-14.646
23.950
-10.366
-32.244
-87.656
77.988
75.18
30.981
-84.533
-68.726
-20.940
61.863
10.625
82.957
-21.897
2.574
96.302
70.932
87.616
-13.737
-8.457
-2.170
47.232
-10.114
-17.635
-32.990
87.338
60.708
-14.295
-6.560
71.521
29.175
2.122
-52.784
60.701
-17.585
-49.72
-34.532
4.299
90.905
13.428
97.809
-51.911
37.416
90.576
27.346
-57.595
74.681
50.185
22.75
7.440
-60.89
-41.840
97.630
-37.220
-30.599
9.757
-61.31
97.481
-80.756
72.63
-40.275
-18.217
-60.714
-69.903
-55.133
-87.695
-66.956
-79.153
77.585
-50.157
68.649
-24.168
-72.680
50.601
-0.157
50.44
-57.563
47.42
-71.19
-50.921
-93.190
-63.914
-50.638
-3.640
-11.140
-52.443
41.600
-85.700
-87.871
-73.221
-69.814
14.277
-79.179
-76.882
-74.345
-82.998
-34.591
1.728
10.915
90.441
-39.462
31.628
88.459
-84.987
71.461
-99.95
-70.229
42.482
65.192
-60.82
-76.74
58.357
18.845
10.881
-36.105
7.304
-77.275
-89.969
82.734
-91.794
-92.370
56.981
47.199
-50.261
87.697
-90.205
89.134
-69.75
-79.110
86.801
-76.645
39.401
12.401
30.751
81.790
38.333
51.122
-39.91
96.722
39.561
-77.337
38.476
31.688
-24.170
-79.452
-83.342
96.145
-43.784
-17.580
50.971
87.49
18.239
3.170
40.395
29.526
-8.261
-72.157
10.700
-39.317
42.119
7.259
60.29
90.184
61.125
-2.954
-47.814
-86.38
70.748
-90.739
90.733
-13.292
-86.753
97.943
-31.904
-60.158
67.157
-83.595
8.617
85.7
-80.49
-98.363
75.349
-29.598
20.930
-36.442
-58.310
-94.145
20.754
46.539
-11.171
62.769
5.944
1.726
92.298
40.787
-99.497
-67.244
-78.64
11.411
0.22
-42.336
-95.941
1.294
5.987
40.979
-21.430
-60.497
48.128
-91.939
25.291
30.233
9.480
85.733
-86.239
-38.631
-29.352
-70.64
-2.912
-51.3
-11.228
-46.111
69.772
-81.157
40.344
-86.334
16.916
76.586
-33.940
71.692
-0.955
-20.753
-74.422
13.256
-33.196
-44.935
86.451
-80.879
-38.364
-60.35
-86.887
93.508
-10.834
52.347
-4.132
99.428
29.514
79.94
15.584
-92.545
-60.331
-36.524
66.587
-18.291
-26.795
82.795
74.976
20.256
46.571
-36.863
61.176
26.464
-51.130
-11.948
-70.526
61.709
-81.135
-68.607
49.653
-14.989
25.3
19.581
-37.233
-95.496
-44.366
-88.327
-80.161
0.29
-24.378
23.792
86.169
-29.840
-85.978
23.873
-61.169
-26.309
52.441
-65.541
86.217
60.41
-75.579
-42.9
-42.794
-27.769
8.882
55.309
29.813
17.531
-81.717
-76.729
-15.204
-23.498
-72.192
51.871
55.679
80.334
-63.516
39.33
56.914
91.242
-19.457
-27.433
-43.657
58.461
89.68
55.649
-82.864
23.803
-94.359
87.751
-8.722
-34.149
63.745
-84.303
28.592
52.200
-11.82
85.757
-45.404
-19.91
87.899
65.386
76.401
-97.137
78.465
-80.418
-31.681
94.418
64.663
-42.34
-74.422
-77.339
-34.868
-83.17
36.895
33.628
82.159
65.706
6.70
3.964
-91.139
31.668
56.702
83.986
-98.174
-79.507
30.241
62.106
65.565
79.668
-79.212
-2.743
-16.999
-98.734
-97.85
43.516
70.447
56.261
-48.26
10.757
-89.489
-7.643
46.559
35.809
14.58
-15.553
75.923
28.679
87.527
64.890
61.731
70.191
22.937
-77.24
67.438
94.705
-86.980
28.560
32.199
15.463
7.724
-88.194
-12.968
99.46
-43.865
-49.160
56.798
39.226
2.59
44.26
-28.533
43.421
50.685
45.884
-13.179
70.628
33.136
75.276
-82.430
36.126
-5.254
99.249
92.951
-53.649
-12.662
36.484
21.117
55.245
-16.427
36.863
-34.368
17.20
73.364
-62.369
-39.433
-95.69
79.142
52.450
-52.866
83.155
-39.341
54.959
18.132
-85.547
-2.438
-32.634
-47.465
80.69
57.722
14.557
-33.996
-73.702
-85.220
61.558
-6.660
-36.244
36.92
-30.672
74.581
84.895
50.181
-9.806
27.144
29.205
31.64
71.800
-97.836
36.18
97.92
-32.277
-24.79
-13.840
56.519
-71.248
-45.631
30.754
60.251
82.940
28.889
56.822
31.646
39.711
53.719
64.243
80.488
-64.818
48.831
21.913
13.442
49.998
-62.181
58.820
-42.73
-97.789
0.821
-87.585
-81.586
74.307
59.472
-81.173
-78.687
-73.445
-31.287
9.436
-30.437
-91.976
71.457
-81.483
-57.642
27.176
-95.906
44.831
65.662
-12.472
-48.854
5.946
0.917
81.950
-22.960
35.387
-73.935
99.431
-71.49
-82.861
29.361
-14.18
79.419
1.852
59.274
-60.861
88.787
23.386
40.457
20.991
24.721
-83.435
-87.814
-61.667
-37.127
-73.187
-48.727
-59.302
53.743
96.415
0.440
-17.23
4.462
-11.323
-22.260
59.585
58.334
96.145
21.98
-55.594
80.846
-27.215
-60.719
60.482
-27.4
-21.264
54.474
66.71
-81.144
39.799
-65.731
-30.958
71.619
26.231
-4.758
43.31
-20.885
30.103
-38.285
91.876
43.941
40.624
53.947
37.373
55.577
78.173
17.745
-31.627
67.965
48.209
-31.952
-94.392
16.97
60.434
-84.942
-69.920
34.338
-35.669
88.688
30.188
-97.320
57.814
41.982
24.443
32.779
69.748
32.382
87.918
22.458
23.289
32.286
94.743
-0.636
55.912
45.296
77.717
82.349
-24.937
-88.811
-40.234
-84.119
97.65
-76.465
-37.120
-94.818
-29.795
13.677
32.802
68.542
-15.234
51.418
25.415
-94.743
99.681
20.727
37.956
72.822
-8.354
33.174
69.390
-40.641
-82.919
89.613
-61.65
-58.537
-72.975
82.799
-70.7
63.240
-47.661
-64.802
-0.836
4.126
3.839
31.97
-90.422
-53.904
91.926
82.290
48.537
-56.253
-6.506
-26.62
12.665
-15.348
4.838
-19.91
86.634
-59.117
-73.65
-0.574
81.580
50.58
94.623
-81.338
-65.94
-72.866
-35.452
24.211
56.736
-76.688
98.221
30.172
72.18
-31.599
-38.364
35.88
-24.675
99.52
91.508
0.636
-84.635
99.417
25.990
22.73
10.664
-92.951
-40.675
92.526
-55.269
-55.970
96.906
-58.305
-92.931
-44.405
95.67
-62.659
-70.751
-54.443
41.299
37.54
-21.102
40.960
-28.152
7.696
-11.543
-79.706
-50.328
-49.382
23.624
18.913
-35.534
58.826
86.854
-50.961
19.924
55.55
-3.306
-3.55
46.830
-40.900
40.235
-43.93
7.132
-75.282
91.653
51.608
21.864
-68.467
49.213
58.105
-28.845
36.889
-18.548
-6.975
56.218
-31.822
-61.843
49.963
-92.564
18.622
-45.402
-59.438
-18.908
58.315
83.971
62.802
1.215
-4.164
74.57
-9.427
97.824
34.483
61.202
87.112
-41.847
-61.61
7.362
-96.318
49.692
67.401
-7.550
1.985
-34.298
76.685
-84.826
64.939
47.198
-45.95
-59.944
-83.311
82.170
57.572
16.306
-29.634
-6.871
79.635
65.82
13.779
-32.891
44.474
-57.308
-72.865
73.334
-23.915
59.722
74.953
80.670
84.235
-84.968
-80.912
87.821
65.893
-15.466
24.542
19.101
-85.27
86.259
22.996
-90.332
-48.212
33.651
73.117
-83.884
-79.908
-91.879
76.316
67.503
79.577
-27.967
95.268
-27.601
-80.274
-79.210
44.389
3.432
15.709
-55.228
7.659
-6.887
-38.934
-85.362
-32.694
48.825
-1.869
-62.424
54.240
63.47
-75.754
17.413
78.3
55.88
-85.321
-41.521
8.222
16.684
-56.139
-58.254
-39.830
80.499
-12.877
-27.584
-7.221
82.62
83.670
-5.138
3.195
42.605
-80.244
72.477
-30.189
-38.668
87.276
9.410
-5.193
71.550
-25.906
-71.500
19.380
-1.652
-30.434
-40.25
-34.864
49.274
-26.479
26.702
65.979
2.450
93.369
32.622
-48.652
5.744
-83.778
89.327
-6.454
-20.532
84.349
55.452
77.445
80.277
-87.777
80.134
-47.370
-30.759
87.417
-27.537
69.22
42.129
66.6
12.738
-28.977
-0.158
17.305
13.987
36.126
65.553
78.674
-89.116
4.35
64.447
5.327
-23.327
-76.897
98.110
32.998
-36.15
77.693
-92.735
-88.239
90.356
-31.361
-2.385
78.913
64.611
36.296
35.32
-38.61
68.405
-14.193
-95.783
75.267
-30.269
64.299
-48.15
-41.404
-85.239
43.129
95.397
-34.863
13.210
-47.885
-95.215
-28.232
-26.832
-88.773
-97.110
39.154
93.301
53.936
57.1
-45.148
52.444
-80.624
60.251
-7.991
6.788
48.379
-19.825
-92.178
-77.687
-24.433
-56.737
56.870
-40.482
56.589
98.947
50.795
8.966
-67.859
-67.688
-15.664
12.320
5.929
75.369
95.826
59.776
-11.978
-46.586
55.605
93.972
71.40
-82.252
-83.110
-5.885
-58.532
-51.691
92.502
79.401
-33.156
-46.1
51.625
68.459
58.594
-76.900
64.210
-30.113
-24.557
96.337
6.770
-22.69
62.920
-94.341
-78.299
25.75
8.392
-24.74
-32.251
-46.547
-9.254
-80.328
-52.742
2.536
11.666
14.891
-70.152
35.628
-66.12
-55.158
-80.467
28.447
97.452
39.106
73.869
-55.335
16.757
69.993
96.211
27.266
5.199
37.779
49.77
3.68
93.741
-49.748
-49.516
53.85
-86.234
31.861
-82.866
-5.855
-76.156
-50.159
-31.752
32.953
-69.655
-16.8
55.994
-58.625
28.60
48.117
-48.893
77.544
74.527
65.711
-56.433
63.449
8.104
-39.315
-31.643
-93.343
10.492
83.869
-15.896
-51.961
-93.869
-37.784
42.145
-42.184
19.468
-8.861
14.924
14.107
62.275
37.178
76.771
95.709
-68.351
45.45
-37.416
-24.524
-6.839
81.605
25.368
-17.357
-70.933
44.881
2.649
6.46
46.35
-2.259
23.117
17.398
-70.675
-50.844
-8.866
90.610
-33.565
-28.523
20.669
-28.471
-61.846
-85.663
-67.85
68.387
-79.748
-24.938
-49.372
28.752
-0.772
60.200
-78.914
66.751
-5.670
-19.391
77.270
2.594
90.596
-42.924
-70.624
-14.84
82.915
-48.233
-77.438
-44.557
99.787
1.289
-42.731
7.326
-24.596
65.210
7.344
-14.844
73.22
-3.666
-23.165
-66.267
-4.261
-37.169
-47.445
81.511
3.270
41.284
12.658
-73.61
-92.236
50.103
-98.607
77.696
82.295
-35.28
50.332
10.825
-67.37
45.462
-42.307
5.357
-86.607
77.84
41.818
-51.53
-71.704
-14.466
89.833
74.531
-72.873
54.730
92.17
88.346
-81.888
-22.439
39.510
-40.76
-66.365
81.91
10.315
-95.570
-41.14
-94.254
32.988
41.510
55.201
73.393
9.559
-31.792
36.202
-15.449
-24.242
2.837
-26.21
-39.614
-42.669
-56.594
47.856
7.287
58.124
-25.591
-14.67
69.921
27.147
24.338
32.581
40.89
-42.588
6.795
11.154
-22.331
-82.898
-85.867
-77.494
-43.119
-23.603
-76.443
-72.737
-76.44
20.507
-87.329
98.311
75.49
-26.26
24.969
-60.844
-82.321
41.345
-88.774
-83.894
84.533
69.283
-99.859
-49.237
94.861
9.773
80.555
42.296
-93.937
-41.272
-43.457
79.526
-26.377
-22.527
-96.173
-92.434
33.914
-46.408
57.654
42.695
-73.390
-38.69
38.747
97.769
-93.218
2.710
-84.443
22.90
9.699
-84.342
80.967
37.405
-20.995
33.892
72.37
37.939
36.724
-49.298
-23.959
-99.644
74.976
-88.414
-75.834
57.319
-61.44
35.181
68.869
-96.318
14.994
-83.845
-47.920
26.608
-14.35
46.892
23.6
-89.241
-42.309
-24.357
-56.771
95.307
-31.306
-95.32
-21.298
33.45
-65.220
41.509
-50.203
-28.379
77.335
-19.383
-7.166
15.661
-83.282
-38.567
86.133
39.726
86.177
-43.57
-9.334
-46.706
95.313
-97.781
-84.716
69.155
51.341
5.632
20.919
-90.862
-40.523
-26.321
46.916
-85.614
-84.798
-18.119
19.622
5.879
-17.751
-59.441
58.682
95.160
87.258
96.495
-86.180
-92.650
-54.769
8.374
-95.543
1.102
21.460
-16.8
-33.395
-66.343
13.929
-62.221
-78.375
-20.436
89.331
-61.685
-74.358
22.227
-29.260
-47.726
-61.591
6.653
54.383
-70.403
-13.592
-99.405
-39.579
-40.501
1.331
57.30
8.743
88.2
-42.456
71.578
88.391
-88.142
26.582
22.874
45.28
-80.85
-93.446
45.686
2.28
42.551
-37.691
24.132
16.558
-39.680
-64.77
20.657
59.850
-41.247
-25.501
-17.995
-87.132
49.208
6.276
96.915
61.980
-54.152
-85.463
13.304
-80.381
76.798
-75.838
17.187
-92.45
-24.642
89.203
-78.110
-29.447
81.12
-81.493
33.621
81.948
-64.165
-4.109
71.634
-6.123
73.653
45.234
-28.716
19.49
40.734
-12.767
-73.632
22.536
17.459
-53.318
45.443
-47.988
48.768
-10.88
-16.680
-44.344
71.918
64.940
67.809
55.463
19.160
-36.660
-39.408
59.770
79.239
-34.435
-57.306
-63.723
6.90
-60.97
32.516
-99.352
-55.192
-32.103
96.782
93.669
-35.178
94.941
-94.847
-56.59
-80.543
-69.95
66.350
76.134
-56.183
27.528
85.163
49.358
89.404
70.760
49.593
-97.62
49.181
93.357
-92.713
25.192
28.877
-8.778
-82.267
4.490
37.191
-13.888
-85.637
-59.982
-19.26
63.552
87.580
74.640
20.323
70.827
32.916
88.429
58.814
9.125
17.497
38.760
3.499
-45.173
-17.493
57.863
-87.748
-61.36
23.494
26.303
-60.820
-73.110
-37.365
-34.462
23.179
-35.137
74.176
-29.489
-65.964
68.591
-97.703
-74.976
12.666
-48.352
-10.675
-66.310
-89.436
8.617
15.634
-16.303
-24.452
52.578
42.90
-49.191
18.53
-66.171
4.760
-18.568
-73.335
-93.203
4.827
-19.379
-10.673
-71.722
84.692
-24.59
-74.663
-64.33
-19.306
60.800
-57.104
-5.275
-84.585
54.108
-66.492
-32.116
70.642
-20.506
-38.677
-44.438
-2.795
-39.552
7.289
-1.743
-70.809
79.542
-51.464
86.984
-54.374
-32.619
-11.273
98.164
-8.23
56.525
-65.95
66.426
-35.929
-47.915
-66.121
-62.853
-48.616
33.866
-18.175
45.183
-66.0
-97.766
22.302
63.601
-88.467
88.281
-58.481
2.214
61.385
-92.282
52.648
7.998
92.520
54.736
-83.924
85.164
41.75
-65.577
55.890
-73.335
-74.787
27.47
-47.539
73.546
-49.629
92.967
-68.708
78.173
51.580
60.105
-0.931
-92.59
-82.958
-92.932
91.581
66.725
5.645
-20.824
63.827
-97.687
18.39
75.531
-30.513
77.858
-70.949
-45.415
-86.772
88.392
-62.908
69.857
34.576
78.203
85.785
98.863
-96.685
-26.882
-34.421
-87.9
16.523
72.193
15.179
-98.709
65.194
-45.944
35.892
-74.619
80.905
10.692
85.860
68.532
-9.99
-77.898
-49.515
58.760
-78.547
-87.121
27.953
-40.815
-62.101
8.69
98.930
-68.908
-46.909
19.367
88.497
-97.984
30.64
-15.156
97.919
38.227
-64.977
-89.645
64.292
54.463
8.751
57.400
-79.30
6.898
-48.695
-44.985
-9.949
-4.390
60.206
24.912
-8.620
88.877
5.508
-86.466
76.567
84.911
-24.272
-89.876
51.688
-58.913
27.621
0.309
25.667
-32.53
-38.681
38.766
-28.590
-68.131
-50.682
-38.592
39.620
61.572
12.849
-23.481
-49.719
-94.610
50.138
-30.606
-87.108
84.147
94.986
-77.599
69.863
-81.287
98.688
44.283
61.685
67.168
-5.255
-29.691
-45.685
34.562
-94.983
-56.616
-47.514
61.711
-34.972
-97.239
66.996
96.277
73.323
-89.809
4.603
-82.259
0.258
-6.320
-95.406
21.303
16.321
-69.218
-62.843
91.184
35.840
62.675
-5.975
-15.781
-84.728
77.149
-10.917
39.287
97.301
-79.292
69.879
15.341
-21.999
89.14
-29.451
75.928
-24.390
94.481
35.479
23.58
-43.379
-56.695
44.968
-59.457
-7.538
-31.913
-57.237
52.831
34.618
69.441
96.837
55.645
-56.190
-7.501
25.9
42.440
-92.649
32.553
-53.439
-6.608
68.57
-10.664
47.772
-4.380
-70.205
-74.700
-39.792
45.576
-83.181
-91.87
-92.408
-83.818
-19.718
97.722
24.345
-13.419
94.211
76.956
12.191
40.182
28.427
73.762
-82.833
-64.830
78.254
-50.819
-21.965
-37.342
-28.206
-53.646
14.974
86.247
25.482
-34.98
-18.829
98.879
-46.652
57.941
-77.322
36.975
-81.341
54.828
40.253
-8.40
57.910
13.560
41.707
-34.616
69.893
10.81
50.363
65.517
-79.657
-75.617
-69.227
-45.92
-51.385
-10.719
-63.788
37.799
87.749
-79.966
-50.345
-27.720
-44.542
75.287
-15.538
13.301
80.164
45.801
39.189
48.20
78.122
-65.750
-70.646
6.722
35.537
49.502
82.235
-56.980
-81.171
-8.171
49.849
39.214
98.237
51.143
91.378
22.327
-5.62
1.18
50.52
40.560
-2.509
34.300
-21.599
-2.2
57.94
1.468
-47.425
29.778
42.328
27.320
34.422
-39.109
-10.130
18.484
-69.541
-99.542
-9.989
80.470
-74.613
-68.292
22.326
37.917
5.927
19.945
-40.467
55.166
90.427
51.960
90.134
-9.3
49.477
64.67
-39.72
-93.443
-82.184
65.739
89.930
-3.181
-40.271
41.232
-87.34
-59.450
0.589
-69.934
-88.969
21.234
73.623
5.479
-44.271
-70.612
99.851
-58.610
-83.863
-29.184
70.872
95.746
-59.971
54.976
29.73
80.43
-63.595
-80.853
99.236
-7.817
2.39
14.734
12.346
86.100
38.881
-62.313
-50.276
-89.508
43.107
-8.367
-10.869
-36.936
8.800
3.86
75.977
-72.39
-61.589
-48.830
-89.374
-18.434
-16.196
-54.532
31.892
-53.896
76.223
84.596
-5.409
3.257
14.346
-80.616
17.533
23.839
18.270
-13.876
-46.404
-57.88
58.593
-49.549
-22.463
21.795
54.264
-84.387
99.157
-6.670
-61.69
-91.626
-18.84
53.385
98.7
-42.28
-2.883
-99.119
-35.918
-94.524
-29.537
-68.829
95.347
20.852
-45.251
-34.593
-69.847
-21.898
60.233
-8.828
-27.557
15.826
81.73
32.893
20.539
-15.825
91.546
2.967
-85.179
34.988
59.415
-74.883
-18.664
-9.196
5.216
-51.84
43.827
-33.682
-74.767
-96.353
-46.612
5.139
91.57
-50.419
-6.724
-2.927
22.622
-41.8
28.982
46.778
-52.576
25.581
-82.324
-3.174
-20.433
6.935
-28.209
30.451
65.331
-68.29
75.181
95.258
-54.440
-23.743
-10.364
-22.222
13.403
78.85
-0.950
-55.470
41.646
54.793
49.348
69.423
-15.733
94.707
-60.920
83.699
-62.51
23.958
14.551
-37.406
19.455
94.376
-12.991
-46.437
-54.297
-18.133
66.395
69.470
43.684
-62.274
27.145
-40.739
-76.151
-98.449
-27.504
28.774
-81.640
84.110
46.5
12.267
-35.395
14.87
22.416
-21.114
-9.593
43.773
-62.354
-76.739
-13.237
86.49
33.637
-25.103
-9.825
45.498
-30.208
23.603
-38.466
45.894
67.7
41.545
35.78
24.456
53.65
97.410
56.292
11.215
88.953
-72.851
46.18
58.459
-20.795
-70.771
-76.476
8.974
38.730
28.393
21.682
-33.6
-87.752
-52.511
-11.683
1.905
-46.282
57.990
-31.880
97.160
78.81
-65.166
3.605
-11.758
31.169
-45.622
35.221
-50.30
-90.461
-61.158
-25.689
75.654
-31.258
39.869
63.652
69.698
-33.833
-31.535
-19.426
87.587
15.764
29.639
-57.922
-90.661
-34.776
99.598
-86.383
95.415
-34.34
-86.122
49.189
1.318
8.27
24.570
-62.704
-53.655
93.341
-19.336
81.22
-68.509
43.10
85.864
19.724
22.848
91.163
-37.968
80.313
59.33
53.14
-34.34
-36.329
-80.15
95.434
-37.508
-49.900
17.737
92.969
-56.981
9.186
-37.620
73.109
72.841
-35.136
22.373
10.474
12.143
83.35
71.492
92.553
79.890
-52.364
-3.688
-73.24
25.446
-38.156
2.669
-56.304
79.375
-35.619
77.50
44.702
-20.258
-38.731
44.909
23.299
-77.153
-27.209
12.788
-41.223
-23.53
-48.897
89.218
67.208
-72.652
-72.275
-81.905
10.684
44.296
4.289
-36.512
17.913
-1.502
-47.321
-25.394
63.518
-1.851
92.62
-44.158
-37.514
-54.750
-75.620
46.121
-87.921
-36.46
37.109
66.410
99.454
-69.451
-86.188
93.594
-64.722
-48.468
-86.108
-46.144
-0.582
-73.48
-49.799
-39.520
-87.507
-1.752
18.416
-55.116
-66.354
-97.101
75.101
14.226
63.327
71.466
-30.153
30.607
-24.225
92.981
80.347
-77.596
-70.71
45.585
-68.901
-94.472
41.103
-95.333
-53.109
79.801
21.933
70.262
19.284
70.229
-52.849
9.944
84.385
-65.33
1.286
-15.266
61.439
-55.809
97.829
-10.951
-9.403
-61.512
34.449
-61.14
22.168
-91.135
-14.896
-22.503
-44.200
-51.763
-88.424
26.86
-8.572
-27.633
80.955
71.999
-80.565
76.939
-34.735
-21.887
60.327
-2.553
-8.213
-16.692
90.24
-32.495
-9.427
-34.204
-11.690
93.12
-85.472
-54.826
9.586
-88.202
1.744
-21.676
40.837
76.772
-3.983
-65.376
-15.714
95.420
-29.582
-27.770
18.971
-34.844
49.684
39.112
86.715
-23.933
-24.948
97.143
48.424
-85.652
-77.222
14.808
-79.257
29.349
56.287
14.410
-52.786
-57.183
30.483
-37.568
-66.698
67.912
65.591
-47.572
-93.628
-7.94
-54.699
49.156
-92.886
59.175
78.441
71.9
73.74
-33.673
-93.918
-41.526
50.780
94.982
-24.274
-38.433
72.463
4.586
-48.260
35.445
-94.490
34.331
69.82
2.528
-92.204
19.594
74.266
-70.622
-75.222
-58.9
14.556
-88.490
-41.611
26.914
-41.258
-82.529
-8.903
-49.173
24.700
-12.558
96.124
71.965
30.958
70.884
-91.77
-16.459
-87.519
25.368
-86.944
-73.508
-17.505
70.128
-13.358
-67.629
88.172
14.840
74.227
86.953
75.991
-64.564
-64.681
89.251
-30.116
-30.184
-13.72
26.38
97.613
40.51
-2.526
-9.442
77.7
97.696
-98.826
58.708
-98.522
11.48
15.97
-47.189
-32.44
-60.605
-0.382
-26.232
55.930
0.540
30.339
31.202
23.617
80.517
88.149
-26.210
55.262
-42.340
-78.695
40.796
62.826
-7.209
51.985
93.117
77.658
56.484
89.391
-57.386
-56.164
86.256
57.18
-18.325
-82.577
67.222
17.451
20.308
-82.749
10.806
-78.63
42.449
-54.858
-44.277
44.611
80.830
-34.747
-46.567
-95.501
-87.163
13.542
-55.684
-5.91
-21.235
-15.679
-38.760
-36.946
-33.193
90.40
-96.527
61.392
37.799
67.4
3.25
-20.893
-48.183
6.119
-11.504
87.294
65.943
59.904
94.594
66.461
-29.716
-28.636
58.184
48.190
-84.753
-66.440
39.458
-92.969
36.163
-80.782
79.211
-56.39
-26.297
32.97
57.682
-38.300
-14.991
-33.283
-9.920
78.52
61.331
-11.488
-98.766
-68.350
-33.359
98.298
56.812
76.846
-13.7
-18.185
4.898
-54.862
-44.360
83.280
71.813
94.712
16.120
-82.497
32.162
1.632
-75.337
-32.543
29.587
44.822
58.346
-84.840
-7.308
43.391
77.723
-18.576
-97.3
-26.687
69.116
-20.761
3.971
0.755
61.115
-43.158
25.788
70.306
0.955
-66.633
-28.202
30.374
-54.78
-24.478
-86.640
56.35
18.160
54.883
-67.483
36.1
-92.982
16.12
-54.266
-15.442
-31.28
15.36
-57.506
-87.161
75.280
-71.516
-1.260
37.629
47.735
36.550
-55.533
-66.448
64.805
-74.392
68.220
44.891
-74.744
86.981
62.329
-56.217
-92.124
8.42
-13.6
-72.880
44.548
96.845
-17.419
-51.958
13.472
11.229
58.373
-91.582
-21.947
-60.919
-91.715
-95.263
90.81
81.484
54.397
-60.908
-83.919
-30.610
19.783
14.243
94.87
-22.182
95.124
-39.657
-94.764
-21.124
-29.308
-10.438
-26.558
88.24
-70.718
-18.540
82.687
-27.579
56.525
-35.998
22.227
80.289
48.767
52.256
-52.378
-38.848
-11.931
-7.58
-61.67
79.2
74.124
76.56
69.704
72.909
-0.913
-98.803
-88.114
-18.322
-27.435
-61.867
-45.741
8.717
-61.939
-33.611
-61.111
-67.861
25.402
-63.420
63.848
-78.561
-47.207
-92.715
-93.728
-98.661
17.474
96.193
-31.19
-81.882
-4.545
-15.75
93.122
-12.514
1.307
-80.557
-71.526
26.423
42.106
12.339
-2.444
41.911
41.905
0.517
-26.170
-81.451
-98.674
41.600
-77.794
-33.306
-22.261
57.802
-18.195
54.295
-55.521
16.603
34.553
-30.846
-2.323
80.356
97.531
11.688
-36.958
66.464
-65.720
87.736
-60.422
8.952
-8.806
2.386
55.384
69.595
85.931
0.297
-10.914
-42.602
80.162
-72.622
61.230
-74.133
-96.988
-48.58
-41.495
-92.496
-59.706
95.0
70.333
-68.257
18.618
26.93
-73.741
-52.741
-30.782
-87.526
45.86
18.533
44.603
-85.71
97.241
43.920
-22.493
41.698
71.128
-48.68
73.165
-56.335
92.180
-9.565
-35.114
32.409
21.231
-4.625
-76.648
-82.148
-67.621
86.829
-90.422
50.83
-81.71
-53.3
-98.676
-88.480
-76.508
44.543
33.110
87.649
-28.691
-2.841
93.522
-98.328
-65.826
-64.214
39.542
-63.586
86.471
83.10
-9.539
-9.293
44.486
-51.936
12.702
50.366
-21.257
-52.672
-74.759
-10.194
-96.103
-25.964
95.508
-40.159
-13.624
-64.874
-81.447
92.499
-90.925
-7.836
38.584
-57.509
72.804
74.697
60.162
-0.27
58.560
73.953
9.143
-8.602
-1.340
-97.249
-61.974
82.648
66.208
-74.60
56.570
-38.643
20.305
-27.313
-22.567
53.816
41.378
-37.760
-31.178
-87.552
-22.460
-69.999
22.19
17.798
19.820
13.373
-56.966
-26.755
-43.86
-21.825
10.999
70.169
73.991
33.960
-58.31
51.544
-60.453
47.731
98.674
75.547
-8.58
-49.128
-42.753
-5.886
67.896
0.999
-59.659
83.958
15.656
86.283
-34.391
-81.793
-98.135
-57.492
-29.959
33.412
81.871
86.6
70.574
80.12
-90.146
-58.679
54.429
3.387
90.568
26.301
-9.834
-3.620
-8.742
22.875
19.917
59.576
-93.682
-13.638
-78.680
-3.706
91.67
-51.71
-17.731
9.705
-61.276
-63.836
44.881
-3.546
53.325
-24.880
96.623
-2.74
33.943
-59.452
7.965
-25.628
-19.473
-48.928
-14.734
9.458
-63.754
-84.808
28.594
-3.853
36.812
-98.38
-95.809
26.809
3.324
-9.33
-95.348
4.632
40.660
20.516
-52.904
1.102
79.298
82.724
14.279
31.288
59.983
-40.339
30.80
66.500
-7.404
-9.405
-0.485
-53.467
64.281
50.365
22.824
-91.116
-44.347
-9.165
91.425
77.234
-17.686
56.240
70.56
-16.106
1.481
-70.472
-78.768
18.677
58.68
-2.845
3.463
-38.571
-92.893
-79.61
32.363
12.485
-57.415
-1.233
-15.143
1.197
74.800
-33.438
84.282
91.262
-4.446
51.658
-21.368
60.569
28.484
-64.538
-46.612
-95.97
-15.881
-81.372
56.28
-46.331
-73.105
-63.765
-38.693
-56.957
23.756
-38.903
44.971
-33.852
-35.608
-84.306
43.431
-22.694
70.384
-55.292
-78.615
-17.505
1.50
18.235
59.970
81.406
34.201
92.723
-67.894
87.901
-16.580
2.949
-43.51
-7.821
71.633
-47.514
29.500
-42.992
1.811
-96.298
-83.114
37.368
-96.963
6.870
-2.293
-69.840
-95.169
-22.63
24.216
73.364
71.447
-53.136
-84.233
19.491
75.793
16.463
-23.258
-30.732
81.256
95.429
-55.152
33.357
28.642
-39.113
-72.888
98.656
-65.579
-6.861
-10.494
-82.289
-19.896
56.429
-29.610
87.401
88.673
30.423
88.141
55.347
55.457
-11.391
-48.811
-90.867
-90.696
-83.235
-90.623
36.5
-39.845
-72.401
-67.756
-7.519
-37.119
14.62
-21.352
-90.687
60.829
-3.666
74.205
-33.377
92.396
-59.404
-70.393
-40.259
-29.81
66.171
90.932
37.387
-42.961
40.147
91.291
-50.202
-80.273
77.313
89.895
4.713
-7.4
40.741
38.283
94.475
27.718
8.120
-46.200
-76.430
18.519
93.523
-40.131
-22.523
92.661
-76.455
58.634
32.595
60.741
-61.169
-75.140
-89.733
64.825
95.348
-67.392
23.920
-59.79
13.863
-87.475
-14.836
71.963
99.752
-3.916
37.811
47.179
18.654
-96.65
-9.778
17.618
-18.432
89.356
-51.555
-47.610
-69.948
-42.147
8.165
-95.513
12.123
45.292
52.411
-96.352
3.903
14.503
42.272
34.966
-4.275
-33.470
-28.334
1.379
-44.784
-71.680
7.735
-98.349
51.792
53.226
53.182
-19.668
-98.396
-52.849
-98.645
8.568
21.975
-90.125
62.277
6.730
69.335
58.554
70.604
16.608
93.507
-55.767
-0.740
29.683
11.745
-85.904
37.125
-23.683
78.753
-80.21
-84.515
-84.722
53.322
-50.403
-72.314
-71.199
-52.636
20.160
-43.790
71.922
-59.406
54.943
-20.748
-26.798
16.570
-51.693
-90.897
-6.518
-5.461
10.684
37.443
30.949
-46.969
36.596
29.512
-89.815
-49.57
-97.363
-57.120
59.731
31.920
14.850
-40.596
-15.184
-88.314
-35.3
24.804
63.353
-19.162
-89.21
-96.853
-46.767
45.60
-66.775
83.415
-64.550
60.227
-13.990
81.61
-70.903
-89.551
81.97
23.194
61.813
-36.196
77.913
-22.73
23.87
29.668
-46.938
85.980
28.361
91.284
-66.697
64.786
29.863
97.637
-39.912
-76.42
-26.188
-79.725
-83.506
36.649
35.216
48.332
9.62
-83.659
-82.350
-21.478
28.104
25.483
-55.518
45.954
-72.42
96.890
58.751
-83.186
-50.268
-78.141
-51.769
13.147
-1.902
-46.99
41.671
4.19
-48.577
-5.913
26.663
45.93
-46.597
-0.10
-90.763
-98.10
-12.103
69.908
67.108
65.765
-0.891
56.188
-54.135
73.835
39.477
-59.227
-78.392
21.661
84.628
28.45
-33.98
-5.54
-23.760
86.633
12.172
-1.631
-52.110
-6.983
21.919
43.847
-31.32
11.138
79.961
34.100
-24.564
-92.117
-40.769
79.327
80.348
61.292
39.923
64.486
47.817
-38.51
-63.376
61.268
42.660
-33.240
-59.372
-5.333
47.224
-73.440
89.387
66.826
96.741
89.954
-0.96
31.981
90.593
50.498
-1.897
28.822
94.411
25.330
-59.678
70.667
-1.119
92.451
-24.693
-79.843
-68.545
-33.425
-86.619
79.296
98.156
59.278
-74.579
-37.423
34.699
-72.779
61.699
-47.332
7.118
79.150
81.548
-13.407
-13.33
-32.171
6.857
73.982
84.43
92.642
-26.601
31.981
32.814
42.428
29.841
-48.525
42.931
-83.456
8.241
-31.885
-87.463
13.594
89.279
-13.321
-97.702
-15.2
55.644
-5.680
85.240
12.671
81.658
-4.671
7.860
25.126
71.523
-10.790
74.746
-21.303
-25.741
-21.453
3.787
1.991
-93.398
-64.176
8.47
-6.910
-59.936
-9.58
38.435
60.308
-53.564
4.665
79.558
67.522
32.582
-69.440
-49.452
-26.261
-7.899
29.959
57.112
-19.369
25.400
81.419
61.552
-92.673
-34.574
12.1
0.960
23.842
-54.99
-2.870
-66.147
37.328
33.941
12.34
-83.220
6.732
-90.332
-25.807
20.113
80.815
60.282
93.71
-46.704
50.468
-28.451
-33.809
90.99
-60.925
72.597
-35.229
69.190
-2.935
63.181
66.832
-55.912
-16.997
-9.440
-86.200
70.473
68.708
-33.129
32.531
-2.947
28.613
23.621
-70.837
78.347
37.185
-70.456
52.976
63.209
17.141
-6.843
28.371
-83.195
-50.117
-66.947
-23.784
80.906
-62.910
-4.674
76.443
-32.801
86.929
54.364
43.666
-70.833
-47.8
58.40
29.402
24.858
-80.835
77.919
21.57
-37.512
47.255
-79.477
9.525
24.935
46.165
30.541
88.922
-41.151
47.73
-34.762
-86.61
-5.440
56.550
-68.174
-71.572
25.302
-89.742
-40.983
62.882
-89.369
81.455
28.160
4.669
54.989
43.160
-97.937
-92.178
14.70
-87.532
37.974
-97.907
70.587
-84.491
-0.497
-43.540
-58.137
-75.182
-35.948
83.587
13.524
-12.873
-18.343
85.728
-25.280
2.823
-44.281
75.309
-84.296
-64.579
29.392
-19.456
-17.875
-53.512
-81.38
-55.792
-73.288
76.463
66.848
-51.864
-76.693
72.365
94.434
-11.839
56.721
33.928
34.1
17.429
-60.395
-48.199
68.75
-32.899
52.545
-0.356
-60.764
62.698
-56.332
-39.949
38.210
-36.410
-47.778
4.410
77.115
-37.415
-36.527
56.489
-56.797
5.389
87.727
13.715
90.163
-42.819
-94.48
43.285
-48.73
-18.781
-38.337
-39.94
93.482
57.895
-31.238
88.880
56.426
38.69
-88.518
64.888
-82.527
97.118
-53.963
-36.920
-86.103
-0.292
-32.248
65.438
84.278
80.295
5.977
-68.826
-78.231
17.567
56.253
-81.453
87.338
71.603
24.239
-96.319
-60.977
51.845
60.75
84.93
28.849
-27.583
19.822
-10.993
-92.517
-53.265
-8.125
-93.976
55.288
-49.24
9.104
75.632
-99.603
-60.265
25.410
82.963
-10.923
-15.916
-17.824
-95.173
18.882
-43.910
-2.61
32.321
6.647
50.981
-60.291
99.258
-66.375
22.423
-55.493
40.436
61.891
-37.623
-78.681
-82.232
-48.244
-90.195
-1.61
-35.484
-95.839
37.231
41.644
58.33
-96.311
-82.945
0.546
-10.388
29.741
24.429
42.624
6.913
6.206
-49.564
15.660
14.494
98.695
-25.257
-48.438
84.263
-56.857
67.363
-61.921
51.422
-74.137
8.804
-40.302
70.227
89.127
-49.63
38.519
3.38
-81.851
-65.602
65.676
25.737
-32.729
-34.552
-45.241
-95.242
59.280
81.35
19.716
30.881
-63.446
-86.423
-13.956
94.442
-3.788
-91.135
42.746
65.128
-27.699
-92.381
-59.596
-7.483
-92.548
-59.743
-77.998
-37.89
90.783
-76.249
-96.228
33.572
2.883
-18.191
57.583
52.142
-89.420
67.9
-31.151
42.479
33.28
-23.161
46.463
-14.381
68.690
-19.642
17.384
13.703
50.734
71.929
-92.62
94.538
-67.384
76.198
76.167
64.838
-94.308
96.221
-59.724
25.895
71.687
-97.33
-84.801
87.929
23.258
97.722
-18.168
-71.664
79.275
-74.152
49.776
87.173
63.210
-24.997
-87.620
-17.769
-37.440
-66.311
68.143
-46.669
19.818
-79.358
25.473
24.197
53.136
39.753
0.591
76.957
-21.777
40.423
12.142
12.973
86.951
-69.875
-2.28
54.20
-80.220
-94.148
-72.469
96.162
-90.26
-2.839
76.477
-71.446
16.800
98.455
85.587
11.582
46.806
10.402
97.392
26.946
80.422
38.646
-19.462
-32.712
-14.797
15.660
-17.906
-41.16
-26.765
38.591
93.524
-73.514
4.733
-83.265
21.131
94.199
54.968
-19.909
-39.536
4.226
15.820
52.145
36.649
-34.132
-96.753
56.100
-77.754
-56.873
-3.213
-16.517
73.84
5.688
-52.976
-31.410
80.759
-61.115
-92.844
-40.500
50.804
47.872
71.945
-15.251
-5.303
96.186
-19.519
-0.432
29.124
-16.917
-77.719
2.66
-45.538
23.305
-90.162
-86.758
-92.930
-57.430
89.712
-66.528
96.457
81.360
87.457
-91.480
-97.823
-59.109
-59.101
78.910
29.651
-4.170
-49.966
12.547
-42.787
62.630
88.679
-28.590
-26.901
-7.779
-70.360
97.65
52.866
17.778
42.573
-24.435
39.375
76.203
23.382
-74.841
36.363
-49.660
84.612
37.30
37.624
29.149
-50.788
-3.716
47.691
92.166
-68.402
-5.51
-7.987
79.824
30.813
-53.742
64.593
51.396
-93.743
-17.887
-82.256
-62.561
2.221
-54.100
41.330
-0.836
60.52
-60.3
28.596
-88.213
14.47
42.461
25.763
-95.270
-89.11
97.963
-99.275
94.87
-37.115
24.404
-51.118
-33.13
-29.490
98.186
-68.627
-20.276
8.875
-0.369
-96.507
41.383
-51.534
-8.920
79.101
66.300
22.968
42.788
-76.948
86.500
-82.97
94.390
-14.241
-53.49
-8.981
-54.447
-86.421
-50.563
-38.540
-53.626
38.908
-34.855
-14.221
80.126
18.935
9.489
1.328
60.78
-12.368
-11.721
11.212
-60.346
99.212
31.992
13.662
-27.972
-89.573
-72.785
-70.397
61.61
-25.924
2.437
-34.988
-40.820
20.333
-87.860
95.201
-84.425
50.96
37.457
-45.134
-65.389
-83.75
-14.415
-38.535
28.74
90.522
-77.206
1.908
-75.645
-10.490
-22.7
70.191
-59.957
-68.947
62.175
-17.317
25.946
-58.848
-88.475
78.538
-3.960
-17.882
-59.294
64.662
8.377
-27.594
-20.571
19.29
27.769
-80.248
-27.951
-82.621
80.980
-36.796
39.956
-17.184
65.56
-60.76
-54.503
-72.335
-80.414
0.397
55.529
51.65
14.304
-54.774
40.791
-97.951
-36.806
44.830
-52.563
63.963
48.618
12.822
-25.588
94.943
-47.183
8.881
98.417
90.913
22.265
-16.480
11.828
83.993
-73.418
68.412
-88.511
0.419
16.917
37.860
-41.582
8.850
39.61
92.744
-67.318
30.438
-89.526
-31.79
6.695
98.884
55.126
29.334
83.825
-66.569
42.36
88.519
98.960
-67.191
-8.149
-18.547
40.354
-44.483
50.766
17.385
28.979
-62.320
-33.818
-83.986
64.594
40.264
1.504
39.600
-64.50
-67.267
39.347
47.609
79.195
18.630
-1.995
-32.335
15.888
-99.428
-71.344
-9.111
84.650
38.350
13.729
-6.99
-37.652
-62.537
3.652
-0.351
-97.174
-44.183
-10.819
71.358
94.471
64.329
65.566
60.480
43.335
15.635
-66.684
62.180
-22.390
-32.661
-44.308
-85.172
-25.589
70.202
-52.345
86.260
-24.79
36.441
83.163
50.247
75.691
71.576
-0.354
-43.676
-18.81
80.867
-77.443
-58.631
-71.615
22.565
87.841
-11.264
8.165
-95.460
-35.631
-21.11
-68.941
45.751
16.623
-51.297
85.84
-10.348
64.556
-24.3
-61.539
78.860
15.580
-96.426
-60.894
39.797
-83.382
-21.45
23.361
42.38
21.399
84.229
-10.45
-77.993
43.705
-37.444
-76.127
51.948
-27.171
59.665
-42.187
-69.423
-4.33
-19.310
65.5
-53.742
90.170
-62.374
-31.701
-62.60
-82.454
-2.423
-51.179
97.599
-40.516
36.769
-76.211
-95.226
63.209
-55.523
-12.206
8.8
-79.511
-83.760
-49.100
72.236
-90.964
-79.59
-93.823
-9.130
-36.942
-70.502
-28.881
-17.464
-5.265
-9.937
-86.928
74.759
41.804
-69.413
-68.702
-26.124
43.104
24.821
-12.578
53.539
29.825
70.352
22.993
-97.662
54.882
-53.860
6.956
-40.680
38.144
-53.97
-5.127
-38.549
-81.71
29.868
43.774
-58.27
-50.833
-99.73
-69.563
17.216
57.673
-23.863
-92.545
55.226
31.969
90.180
62.982
-41.481
1.850
53.20
54.529
-35.204
64.397
-65.804
-37.735
32.778
-5.792
-64.733
95.634
-42.639
-56.846
-44.733
48.497
96.914
71.852
68.84
-44.341
55.105
-48.801
43.695
-10.651
6.696
-59.44
-9.592
63.216
57.236
28.832
92.988
-41.536
76.31
-3.141
-76.99
-34.759
90.220
-12.584
38.993
-48.521
51.313
-60.806
-22.283
31.86
40.415
48.649
53.639
98.3
-63.241
12.141
-93.45
-15.705
-72.980
65.563
-98.755
-31.604
-75.857
-40.107
40.570
34.834
-49.27
29.842
-16.167
38.32
-99.282
74.314
-51.589
-68.681
40.174
5.708
12.509
-64.890
74.659
67.449
-72.348
-33.475
1.478
-27.646
-11.38
18.896
58.8
78.125
93.951
74.818
92.291
92.476
-6.977
-61.356
-50.368
-61.286
84.296
64.75
-39.168
-72.94
-55.886
39.178
-97.636
-86.498
22.148
48.762
22.46
-52.863
12.102
70.774
-51.330
23.469
-71.18
1.105
35.79
41.979
81.701
69.605
33.817
-16.640
94.891
11.215
-58.438
41.539
23.226
57.867
1.100
43.222
-49.955
-56.523
-90.318
6.281
-91.239
-47.180
-59.955
-51.712
-21.213
-97.857
26.506
-76.614
15.957
49.863
98.507
37.906
16.165
-26.716
3.890
-32.387
-84.165
-42.41
-24.8
-24.309
57.807
-29.997
-82.713
42.591
-14.794
52.479
-99.163
-4.857
-76.382
-52.758
-96.916
-47.445
52.527
-75.469
66.336
-47.988
-67.340
4.544
-82.272
21.777
70.273
-78.621
31.725
1.752
63.770
-72.669
-59.836
-10.492
-70.975
-12.348
-64.218
81.96
95.979
-36.581
99.196
50.268
90.628
21.790
-49.612
98.476
75.140
-78.521
-2.768
-4.705
58.856
-82.559
-76.449
-59.922
-86.172
-88.822
38.649
-59.928
-77.982
-74.186
56.644
82.479
29.7
4.66
-69.204
-98.692
3.231
49.742
68.619
-55.545
0.101
-53.836
-65.665
-30.570
65.691
-25.642
58.545
-89.894
-52.562
-98.318
-82.570
-10.823
70.340
37.570
70.787
60.164
-43.523
8.864
-68.117
96.967
73.249
99.959
-14.281
-46.518
-48.441
-41.901
29.296
-14.857
93.325
-35.673
-47.446
-81.98
-38.464
-87.210
-58.258
17.651
92.32
38.946
-0.640
32.27
-78.75
-26.408
-85.147
25.686
84.597
84.666
38.58
-40.648
-99.300
-83.132
93.463
50.189
8.326
-79.451
-63.436
6.72
0.262
-78.302
-55.401
-24.237
69.130
92.232
-24.641
3.172
21.35
87.841
-68.593
-58.324
97.979
-36.904
59.125
-94.717
69.794
23.797
-76.470
69.58
86.226
-14.736
49.533
-37.621
-62.781
-17.827
-57.948
-90.471
-95.199
-88.568
-74.355
-53.821
57.622
-92.511
-83.373
99.43
-84.752
-64.143
-93.90
-44.278
-54.604
-41.958
-65.367
23.811
-54.546
66.697
5.981
-92.897
3.242
14.487
45.41
-83.482
-94.548
-28.123
-26.477
-97.95
63.100
-81.144
43.700
-47.614
-29.511
-68.394
17.140
33.21
-12.547
-89.796
11.459
67.992
-72.835
-71.782
-58.464
-37.484
51.154
17.487
54.352
72.941
33.305
98.424
8.196
69.567
45.377
-83.667
-16.918
-41.736
-87.242
80.915
73.200
25.551
-69.111
49.580
16.277
46.361
-61.929
-30.122
-91.609
3.641
-57.14
-20.539
55.208
38.210
41.326
-21.724
20.186
37.568
95.359
95.263
-62.572
-81.593
-52.748
-33.939
47.380
-87.153
39.573
-73.262
76.957
-41.252
46.766
-18.348
76.252
47.237
-80.885
39.824
23.63
-44.588
86.465
-36.358
52.556
89.74
71.803
54.950
75.431
-77.922
31.445
-59.242
-1.528
0.16
4.969
-75.310
45.634
20.688
-80.763
-77.240
98.624
-34.135
59.36
1.988
-53.893
-10.220
93.317
27.437
15.817
-35.46
77.244
-16.531
98.142
-60.544
-38.797
38.459
48.252
-44.331
-28.999
-27.334
67.611
83.627
34.977
73.837
-1.928
-73.218
-66.18
24.962
-71.90
-88.517
-52.837
64.672
55.159
-88.684
-70.885
-49.711
-39.677
-82.453
-61.476
-86.565
-98.469
-72.433
74.340
54.980
-23.250
72.299
-39.939
24.773
-23.486
64.725
-74.823
74.95
-46.522
-77.376
-44.551
-49.623
-65.514
-58.538
56.713
79.777
-70.303
83.777
-28.223
66.152
-84.897
-52.398
72.664
-83.74
-20.731
91.462
39.832
10.367
80.796
-21.514
-41.798
-61.602
-7.227
16.962
-66.582
-78.925
18.364
-14.426
36.207
85.580
34.921
85.134
-82.194
-95.262
-34.228
53.806
-85.477
50.191
35.79
67.364
62.551
-58.536
57.70
-35.817
-76.851
-99.904
-47.142
12.44
56.979
6.799
-89.961
-45.671
-87.829
-24.364
-22.240
-1.391
87.39
-49.603
3.159
89.618
87.207
-88.904
-77.491
-36.867
-12.942
-91.943
-27.382
5.32
80.787
-34.376
87.515
5.755
-94.632
-13.568
-0.732
27.624
46.203
-8.909
74.489
-99.275
-94.714
48.119
-6.865
55.78
24.530
-35.758
-42.856
-31.865
-52.739
-12.990
49.236
-54.684
-14.590
6.797
19.174
65.661
86.203
11.534
-97.38
-24.151
-26.600
-94.254
33.868
86.427
21.146
-86.111
-10.298
42.909
-39.559
-27.383
57.362
75.208
-77.42
-21.80
-14.401
34.887
63.649
47.191
18.730
28.709
-88.118
-1.193
-21.322
9.743
76.310
89.844
62.359
37.58
-70.477
-13.357
-92.497
-81.499
83.320
-74.181
98.157
74.746
-38.61
4.398
-13.20
-52.486
53.178
73.812
38.595
25.921
-8.871
-53.846
42.436
42.292
-53.605
-40.458
37.911
79.84
-72.874
37.900
35.960
-90.14
43.608
10.103
-27.556
64.796
40.533
94.264
-12.488
25.877
-11.612
-69.202
73.98
66.8
-51.387
41.551
-94.43
-6.337
6.301
81.826
-8.538
96.659
97.333
59.699
24.402
97.695
19.389
-74.747
-45.854
-57.935
-95.244
-97.740
-53.789
60.1
-74.477
76.775
-81.394
-29.220
-67.517
7.775
-73.222
81.471
-96.76
-97.136
-48.11
-2.87
3.620
-41.949
-79.117
-71.424
51.49
-26.530
-94.878
51.427
-61.876
96.330
11.133
19.26
0.406
98.829
-71.232
-66.859
-84.505
-78.256
9.169
51.665
84.928
-85.648
40.100
11.98
59.769
-55.687
-34.323
91.753
75.763
-88.66
-82.751
-62.788
-16.128
-80.240
-73.899
-51.506
-88.240
-82.331
84.559
-55.799
-44.733
-61.495
-78.463
-47.43
-62.769
50.520
-25.861
-75.295
78.80
97.87
82.983
70.344
46.874
-55.321
-4.135
-4.85
63.562
10.537
-92.468
34.765
-26.847
52.169
-74.815
59.323
-39.227
89.484
59.247
-94.109
-72.401
83.387
33.514
-66.866
-96.292
1.551
-79.391
-44.932
47.991
-65.837
-20.709
95.744
-35.29
-74.196
82.292
-57.545
-56.276
34.973
96.720
-5.137
75.57
98.652
-9.687
-34.361
-78.195
14.653
-53.409
84.43
-98.391
4.348
-98.23
-2.873
-3.583
-81.17
59.747
-29.713
97.467
42.103
-59.553
-49.457
77.708
-14.310
3.713
-32.946
-75.557
13.487
-4.336
-56.678
3.838
89.239
75.316
84.830
18.786
-84.518
-71.93
-5.58
53.714
68.822
-90.425
-14.914
-47.989
-40.25
-95.544
-64.480
84.203
-9.108
25.262
25.482
-56.873
77.987
-38.986
15.578
-74.73
20.890
36.974
-97.883
-17.808
-52.85
61.394
-95.571
-96.209
87.624
55.351
-19.823
-63.559
10.356
17.274
39.378
43.491
-20.38
-88.935
-42.522
-74.177
-31.796
-79.211
52.921
-57.90
73.629
75.372
-23.544
91.132
-20.474
77.500
34.284
-65.715
-56.767
55.676
-28.250
83.277
-29.801
-13.744
33.316
26.493
-97.979
67.245
-97.201
-51.908
96.936
23.71
74.100
69.765
-49.298
-56.925
15.174
-58.841
-16.490
-41.42
-95.938
-99.161
-33.435
-67.657
98.958
44.166
-36.781
-8.439
-24.855
-46.149
23.644
89.944
77.29
-66.996
-20.646
-24.943
54.731
-9.639
-58.616
98.862
79.285
-51.526
-85.304
6.70
36.942
-72.866
27.472
-64.934
-92.92
27.142
-60.774
41.277
-66.814
20.820
-22.8
-23.633
-67.860
-43.176
10.20
-93.248
-38.360
-20.1
81.467
-46.139
-81.13
-10.737
6.956
74.51
76.661
22.106
63.544
78.317
23.950
30.397
61.78
-49.641
-22.247
8.721
70.349
-52.223
35.839
77.969
-21.892
83.774
-37.436
-4.237
-12.460
-24.668
-40.390
-70.942
-6.629
86.107
88.728
-88.663
37.700
64.556
-85.968
52.245
93.437
82.559
47.365
3.104
77.92
47.280
39.769
-20.933
90.118
20.923
22.716
-62.198
48.298
-12.853
-35.482
86.429
1.469
68.741
-43.131
-87.803
-28.425
-59.739
-49.39
-56.252
16.539
19.926
-3.779
55.799
-45.542
2.682
33.462
33.673
31.874
79.431
-80.799
16.718
82.173
68.581
96.226
-58.580
72.214
14.547
-96.130
17.909
42.89
58.858
1.940
-74.860
-99.656
-18.867
-19.239
82.605
71.1
35.170
-81.12
27.123
91.724
28.650
99.701
44.419
-21.838
-13.773
55.896
-76.83
-57.765
80.92
-61.135
34.715
68.414
-10.810
67.132
-67.297
-72.204
-79.280
9.490
-51.922
68.436
-61.970
4.90
-49.100
14.219
21.686
49.459
-77.890
-37.799
14.902
35.322
-43.783
67.288
5.889
5.655
90.776
23.377
61.355
32.792
-92.159
-27.546
98.90
-40.857
-24.614
-8.171
64.13
-7.437
-60.350
4.682
-0.275
-50.402
-74.501
-82.893
-30.669
68.929
13.894
34.601
-33.213
-39.918
38.570
-47.72
55.746
-5.81
-12.11
-85.131
82.744
92.979
-43.212
92.504
76.942
35.741
1.449
67.154
79.419
-7.856
-17.990
73.834
30.177
-53.370
-93.798
4.386
-38.887
-71.154
85.433
11.393
-20.962
21.36
54.918
51.471
52.965
47.321
83.611
-21.935
65.20
-28.583
47.755
-9.929
-6.83
-80.486
-76.290
70.437
-3.372
-22.545
-96.110
-56.190
60.290
-79.399
-34.57
60.89
-9.865
23.888
-62.543
12.365
-98.862
56.170
49.682
50.362
28.948
41.8
92.69
-33.392
-63.706
66.919
-66.317
-28.625
29.426
-72.477
-67.57
-71.251
-12.543
-23.929
22.844
-64.662
-72.928
-93.457
85.438
-11.163
-51.382
-39.153
-36.917
55.541
18.263
-35.628
-24.0
-81.593
-64.930
-25.693
63.244
58.236
-57.324
99.579
-22.97
89.585
-19.961
78.542
45.658
-3.735
-24.898
-79.909
35.18
-61.417
-27.91
-9.180
67.700
77.578
-33.975
-71.331
50.807
78.787
-90.422
79.335
47.715
64.824
67.644
-82.173
-92.358
61.129
17.532
23.810
-39.201
24.380
27.927
-72.291
98.410
-24.893
80.985
64.698
78.767
0.91
61.930
-45.6
-68.33
-54.158
16.856
75.181
-7.413
97.177
69.508
73.860
88.22
3.119
3.487
-29.193
51.61
32.736
9.95
-72.145
-86.14
67.588
-91.28
-45.831
57.786
-3.116
59.167
72.351
65.561
-24.485
13.471
57.990
14.781
-45.478
47.736
-36.291
-18.951
-14.275
-98.92
77.169
-2.682
45.491
76.106
35.603
77.751
-58.387
55.58
-72.472
92.70
25.947
43.601
85.46
-66.574
32.861
-24.91
5.49
-77.205
-52.429
54.73
48.698
60.493
5.579
42.297
-37.429
-88.805
-89.810
78.439
-77.643
-0.697
41.46
34.858
-28.815
20.58
87.747
68.135
-39.325
-60.55
90.385
49.785
81.679
63.13
39.93
-93.613
-97.853
29.321
67.812
-68.25
8.515
43.65
-28.746
-59.962
0.501
-57.646
-75.343
41.373
-43.892
-21.360
7.568
30.864
-39.592
26.504
-31.104
-76.913
-87.341
51.782
-36.725
-38.199
-12.258
-2.289
9.428
-15.706
82.137
-51.166
18.53
28.5
-16.693
44.931
84.744
93.998
18.760
36.775
-9.357
-87.360
31.78
-15.559
34.175
-79.171
-22.555
24.249
-67.819
-38.507
16.817
83.556
16.639
2.407
46.641
-83.420
-3.943
-20.819
-35.987
-10.225
64.593
75.876
-47.944
-50.147
-11.545
-0.128
-59.883
74.203
90.438
26.700
-21.764
33.340
-53.139
13.889
80.853
-89.853
-18.412
42.439
-33.829
-64.107
-72.780
73.665
-3.319
78.84
-51.665
-70.54
68.24
-2.166
-40.299
-16.115
-96.839
-89.65
26.668
51.298
17.102
-36.624
60.992
-96.147
24.587
81.455
-97.451
-46.693
61.519
46.422
16.291
-51.979
-92.691
57.488
88.864
71.945
-21.894
-58.493
13.54
88.952
-13.569
-89.920
40.765
84.774
27.115
-57.86
94.507
-83.217
16.282
-21.722
49.836
20.725
70.717
-64.102
46.81
-44.539
-87.985
-77.520
-11.189
0.510
41.259
-3.431
-37.654
-37.618
-63.517
-4.861
-31.949
-69.378
-24.289
-14.89
-27.82
-27.837
5.275
-0.864
49.27
79.231
1.914
8.583
87.807
4.574
83.253
-73.32
-95.989
71.841
-18.690
29.322
-54.923
28.183
-32.270
26.374
-9.709
26.183
-33.578
-15.902
-61.420
-86.649
94.156
-16.536
-21.169
86.695
-76.556
-20.834
48.368
13.783
72.297
-22.583
-45.930
92.546
73.368
25.906
-52.734
-92.106
15.54
-16.920
72.544
99.266
-76.464
-9.356
31.181
73.507
63.411
-60.603
-40.618
40.386
76.810
-56.310
-24.886
-22.48
-67.331
-31.256
-54.519
-63.380
78.672
0.765
42.441
81.997
86.74
7.896
84.715
94.547
-12.353
92.868
76.846
-77.399
69.93
72.474
84.160
-87.967
38.603
-72.250
-63.62
73.154
67.130
-33.960
-65.29
37.853
-59.390
7.877
-0.68
60.940
19.103
-31.428
63.295
-93.81
-23.846
-46.735
43.747
5.954
35.606
-68.418
3.937
-0.220
-55.135
41.529
39.152
-67.98
-0.193
75.599
75.634
-96.254
-9.357
-25.709
-70.464
63.106
88.297
8.716
15.568
-21.243
-81.619
48.467
-86.376
-13.153
-60.876
43.191
7.179
-23.687
-37.154
97.327
-7.809
-52.909
-50.47
-58.160
-26.821
59.516
-50.424
-39.47
96.837
69.634
-38.93
-78.145
-85.748
-20.906
-61.384
25.944
-33.394
20.385
94.281
-27.3
-36.793
5.272
-36.257
63.830
2.791
-14.368
42.401
-47.773
-51.820
92.47
19.135
-39.541
-5.229
-71.192
-95.646
-4.60
-56.655
7.502
-44.705
-14.397
39.916
5.355
96.213
96.884
-74.980
-95.884
-84.892
27.400
96.496
-32.110
-68.301
40.158
4.954
-98.2
-37.76
22.23
-19.860
20.339
26.235
38.720
46.488
23.28
55.585
-0.683
81.572
-95.194
44.314
86.586
-80.864
70.502
74.601
79.724
91.931
-61.83
33.64
-34.911
59.156
-95.42
23.323
-87.845
70.72
42.951
-95.994
-84.155
57.141
-3.675
95.486
-1.434
45.857
-53.696
16.967
-80.509
-68.56
39.841
93.250
64.153
-46.800
-36.153
68.798
76.304
-81.820
-58.301
-86.821
61.961
-92.506
-15.170
14.568
52.504
-75.725
-8.201
38.834
34.992
-44.330
-59.844
18.336
76.651
92.818
-56.322
-25.949
93.558
17.548
-14.534
63.379
34.490
-18.60
-9.989
-70.781
-51.237
89.862
0.808
16.377
-14.743
-56.207
-81.293
-49.612
-6.21
-66.43
-96.246
-48.136
49.788
-61.405
-72.819
18.728
95.461
14.862
-94.620
-62.386
12.34
-98.182
-51.484
12.497
51.769
85.540
26.835
12.202
59.996
78.558
41.670
-50.921
47.524
-32.937
23.240
85.825
75.603
78.515
91.526
77.305
50.598
9.300
-2.547
80.479
-54.854
-50.139
34.766
-58.196
83.940
5.617
-85.319
-39.80
-15.83
-15.515
-4.169
33.520
39.106
48.116
-72.400
-75.305
-83.742
-41.381
-99.496
4.963
-93.367
-84.652
18.643
-19.591
-69.716
-6.191
13.675
40.468
-99.168
41.672
-50.165
-28.501
79.820
88.591
-13.660
91.319
73.832
98.224
4.223
-58.616
76.566
14.947
4.926
89.666
-66.931
-59.122
-96.896
59.994
-91.150
39.508
-64.385
-54.499
-97.855
13.744
-20.463
91.22
30.670
5.730
-52.21
-27.713
-19.477
29.183
34.332
-17.745
-18.717
-98.909
53.991
56.796
53.900
-52.880
-60.999
-4.528
48.414
-98.583
45.701
55.51
88.757
-43.713
28.619
-34.271
-54.883
-54.840
-86.288
54.138
67.784
-98.39
-42.279
-77.822
12.750
-48.85
15.891
-82.645
-80.883
-41.937
-36.257
33.855
33.50
38.479
-8.292
-50.92
-63.759
-11.941
-48.574
76.15
-43.903
-46.236
-93.121
-67.611
-67.772
-66.222
54.585
85.96
-62.596
74.725
-75.620
34.67
-0.512
68.179
63.946
-55.565
-90.471
-33.557
22.171
32.197
-10.572
-91.258
-12.110
-3.178
58.294
-36.749
-85.691
-22.825
-56.147
-91.231
-98.741
78.284
-25.449
-36.4
26.914
15.951
-72.688
-1.710
87.819
48.610
6.808
-37.739
78.764
29.101
-59.279
83.246
8.919
25.120
18.760
59.8
83.415
0.904
2.382
-5.311
-61.871
83.354
-56.215
-17.440
-40.910
-83.69
-35.204
48.705
52.559
21.865
90.978
-43.813
91.321
-9.838
48.130
47.313
7.701
-33.101
-64.254
-28.275
4.617
51.561
57.352
25.613
38.762
-9.909
53.768
2.754
-8.418
26.198
-8.703
-21.506
-94.963
41.641
-77.979
-96.240
-29.493
-62.648
49.408
90.334
58.643
-44.664
42.210
-45.603
-61.33
-39.629
-78.58
38.373
52.322
84.865
-67.923
4.467
-96.762
-4.807
-0.920
28.511
-47.841
60.680
-73.132
-95.969
3.388
-6.444
-25.941
-6.545
-43.897
-13.977
65.25
27.237
-62.911
-19.158
94.313
92.371
-9.348
-41.806
79.702
90.715
11.532
-26.859
73.421
-53.893
-53.139
94.83
79.544
57.285
32.817
4.707
-54.170
81.49
46.22
-73.575
11.381
13.827
-87.358
60.915
-92.747
-26.751
28.258
-14.939
-7.385
-26.211
-38.574
-41.787
-27.574
10.987
-78.831
-63.810
59.638
-25.552
-41.411
-31.990
-48.828
47.122
72.249
-56.811
6.389
-56.504
-57.863
-16.989
-66.282
54.413
53.661
26.408
-87.833
-74.941
0.647
57.403
25.312
-82.280
-92.247
17.301
-32.655
-27.233
-45.472
64.298
94.698
66.856
-43.581
-83.863
12.607
-75.576
51.408
-40.636
38.733
-21.949
45.743
17.562
96.205
35.888
-59.600
-78.327
-51.778
-30.318
43.357
-29.430
-65.776
47.393
90.389
13.76
-52.736
3.966
-78.69
-13.700
-37.795
45.476
-51.41
4.541
-19.831
-39.844
-47.149
59.352
46.382
-63.647
98.784
-43.582
18.285
-21.989
-17.608
-54.699
19.798
73.857
-45.555
86.318
28.168
-17.111
-82.929
37.750
85.319
64.673
40.945
16.870
97.767
-59.353
69.33
16.602
-44.185
-10.174
-64.760
-27.476
92.816
-4.985
24.982
-0.541
45.311
-59.779
37.175
-44.785
53.950
82.629
37.521
-88.777
10.902
50.154
-44.851
24.163
-58.200
25.244
66.749
20.332
50.721
-48.509
32.271
-97.774
4.18
26.94
-75.252
-52.29
14.248
30.20
-23.822
-41.470
-85.654
83.4
-35.60
-91.487
9.62
-28.666
-90.732
-54.562
-50.137
-19.979
98.864
-52.400
28.387
26.678
-19.788
69.916
96.658
-23.413
-22.215
-91.435
-82.285
80.37
34.817
97.643
98.315
-62.84
-45.332
-12.307
89.29
-56.320
54.354
-17.787
-31.621
33.918
-14.517
34.831
23.528
70.340
-30.182
-57.190
20.345
67.214
56.197
9.331
58.997
74.631
-74.206
-6.676
-97.806
17.164
57.536
-4.855
85.511
40.321
-66.631
60.758
-86.432
45.691
-44.488
-25.558
48.515
-69.419
3.57
-87.49
-54.667
66.428
14.866
68.511
-46.55
-83.32
88.281
77.202
22.657
30.845
11.799
-23.518
-46.984
-1.52
47.398
-33.534
78.622
90.552
-73.826
66.956
8.319
69.194
11.340
19.541
-42.488
-21.374
33.52
-77.94
-76.919
-80.585
81.845
33.15
-56.226
-62.697
69.939
78.361
-73.346
-42.175
-64.51
-11.983
67.816
-41.350
10.158
72.520
-23.841
-66.519
32.144
53.987
-69.951
-4.862
76.29
-94.123
27.633
-38.605
98.580
50.399
-14.731
-25.36
-11.705
-0.361
25.238
-67.532
-58.260
60.350
82.501
45.651
80.865
60.490
78.53
-0.606
-84.483
-1.150
90.309
64.821
-47.503
-59.900
-22.181
-68.193
-3.923
91.675
92.959
32.213
-56.503
-40.519
-26.866
66.478
4.752
12.773
-11.576
-15.219
77.711
22.995
-18.251
27.443
5.922
-38.188
-72.244
38.309
-98.520
-85.987
95.316
-17.990
-4.161
-94.488
55.794
-35.284
44.156
6.295
-45.245
60.282
46.377
-96.547
-41.651
-89.546
-33.101
99.888
-5.33
-56.991
67.537
-99.949
69.96
8.744
-85.185
-75.726
-5.812
30.363
-39.569
4.377
69.744
78.895
22.817
43.825
63.262
34.289
52.394
23.724
-34.563
-27.420
63.941
36.371
-58.993
81.888
95.603
47.438
77.642
-71.965
-76.351
55.778
10.293
62.729
-10.740
26.421
68.868
-71.267
16.344
-55.967
70.444
1.751
4.561
-0.324
-16.934
77.912
78.380
35.304
30.620
-15.427
69.449
75.603
59.659
88.560
-99.676
50.705
-26.535
-71.771
31.201
-39.469
15.538
87.465
-58.324
-43.113
-3.264
-98.815
5.241
-96.412
40.595
-55.487
-50.702
-46.742
45.300
-55.995
26.799
-72.997
28.854
-67.750
81.342
-48.250
-85.252
12.798
4.195
-21.750
55.376
54.101
67.629
-26.848
-50.881
69.929
27.814
-39.426
-94.231
1.904
-3.912
57.166
59.185
-68.564
-27.714
-80.583
-36.362
43.753
-49.147
53.900
-8.304
44.213
-80.272
46.40
-11.619
58.0
-86.488
28.631
97.932
49.586
58.46
78.690
17.971
-41.869
-29.232
83.942
20.928
71.357
27.6
31.756
36.566
-48.644
22.861
20.754
10.183
-20.918
-82.190
-84.713
-66.241
80.272
32.60
-30.909
23.383
-87.403
20.65
-86.638
-46.472
-34.57
32.23
36.655
-48.187
-26.369
-48.893
36.80
-79.153
57.991
53.537
-92.423
93.655
-86.591
52.339
-83.817
-22.318
45.54
-22.485
-17.794
50.900
-56.992
18.137
56.224
48.228
-28.211
29.434
23.279
-49.853
81.223
-3.673
-15.381
98.700
-40.708
74.356
0.536
-95.265
-56.788
23.890
-76.723
-76.278
75.93
67.943
-97.484
-2.10
36.510
-82.505
-13.313
-76.637
-92.665
83.841
95.417
41.384
-39.233
45.836
60.124
-11.958
27.772
-84.548
83.492
57.475
58.522
4.16
-93.655
67.853
3.613
-49.824
53.751
-71.888
-77.771
-49.829
-15.339
-97.395
-64.588
69.107
-9.610
74.960
50.365
-97.788
-97.218
-88.319
-55.934
-96.832
53.748
17.269
35.879
65.405
-20.455
30.505
76.454
-45.442
-44.649
-33.245
-18.950
-43.68
-75.155
-70.120
-77.492
50.22
-63.598
94.344
-92.440
-29.225
50.743
20.638
11.666
-81.788
56.966
39.268
-79.483
-73.477
10.921
48.751
-31.853
17.273
23.336
-84.217
-66.26
-40.217
-36.297
83.422
-26.332
-9.380
-18.164
-22.281
-16.505
-77.989
-26.207
93.947
80.936
-50.771
97.798
-65.159
-37.729
62.251
-12.420
99.197
8.723
42.316
-94.596
-95.398
-19.495
-27.512
15.849
20.63
58.76
1.927
33.187
-25.530
17.524
-44.820
-95.191
44.618
-5.185
-47.705
40.163
6.64
-16.750
-2.427
-55.44
57.889
-56.84
-51.781
10.138
70.885
-94.977
46.483
-78.952
-97.106
-46.261
19.718
17.227
53.578
60.340
0.10
-97.357
-62.103
92.881
23.878
82.976
86.996
82.165
-63.618
-77.30
-29.530
18.880
-85.242
87.34
-41.358
-1.992
74.630
18.513
-89.428
-38.806
-79.135
-83.6
-91.691
55.730
53.371
-29.424
81.798
34.269
-99.358
35.997
54.228
-3.711
84.155
-7.662
-17.115
37.96
50.230
93.864
1.163
37.451
80.405
10.260
46.544
73.851
82.921
62.758
-66.60
-72.105
96.406
-30.744
-61.924
72.434
-47.280
29.505
22.487
34.301
-90.19
-29.791
31.887
-97.17
18.530
-92.655
-30.454
-60.84
46.558
0.992
65.834
43.315
74.299
63.948
97.67
6.411
-2.242
-29.454
14.900
85.501
58.718
1.261
-36.235
-59.751
-51.848
25.506
55.160
-43.442
63.856
45.593
-19.603
31.905
-59.641
-86.52
-14.803
-56.481
62.388
-10.331
-13.746
-68.191
24.362
-98.93
86.405
-62.243
-40.557
-67.766
-52.280
97.343
-89.408
36.376
29.100
-26.650
79.937
-26.251
26.991
81.710
-69.562
93.60
0.701
53.637
-49.167
-7.893
-62.72
-71.699
75.177
-88.310
-68.579
-80.724
35.76
98.381
-37.830
-76.489
17.803
-96.826
-77.801
2.342
38.862
88.994
-98.729
9.827
-9.16
-77.692
-89.209
74.857
-62.887
75.641
-50.479
-4.19
34.617
88.678
75.840
-44.917
54.858
-68.33
8.195
-1.523
37.325
86.830
82.464
6.305
10.732
29.577
93.31
-70.251
52.359
74.861
-37.98
31.636
97.118
-81.625
43.687
-97.968
-68.513
-97.883
12.288
26.614
11.503
73.786
-66.484
-75.565
-41.60
87.457
15.25
-74.974
-84.338
-54.664
37.827
18.801
88.119
-76.246
41.487
45.926
-17.141
-3.867
73.652
82.558
-6.448
-32.66
-45.106
-42.982
4.375
78.620
-9.390
65.493
-48.518
21.753
58.459
23.491
41.989
-78.731
-13.988
-35.466
-36.328
-78.893
-39.193
-5.214
-29.973
-1.296
91.690
40.568
72.234
79.469
58.257
-80.387
95.727
-32.632
71.13
-20.614
-13.557
-95.950
-9.422
-62.701
34.111
-34.691
-80.638
-19.471
-72.942
51.214
-26.428
-43.275
-28.784
-0.999
93.385
91.272
-81.552
-46.123
-47.495
61.698
-89.676
-79.119
66.300
-28.100
-90.693
-64.336
-82.418
38.16
-17.116
38.377
25.119
-93.898
-36.16
-63.544
94.887
-10.451
98.985
90.423
5.940
-67.830
-28.308
-66.801
-75.937
84.852
45.546
-51.756
45.106
-10.796
43.653
92.821
-18.701
16.267
-63.342
79.578
-40.723
39.526
90.324
-27.534
-91.877
-95.821
30.39
25.707
21.723
-54.454
92.94
-76.586
-16.676
15.55
-11.146
-60.242
-82.524
-5.950
-96.23
82.330
-98.722
37.450
-55.566
-97.234
73.545
30.857
-56.639
74.944
3.393
-55.327
-61.325
14.814
5.970
73.467
-48.193
21.23
-37.132
-81.206
-75.9
-44.616
-44.777
17.292
-41.449
83.222
59.370
32.392
-10.881
-31.362
-96.489
-7.933
44.729
59.247
-88.640
-91.123
-61.282
25.366
64.176
-35.759
-64.355
54.62
-8.207
-43.818
71.358
48.149
-47.10
69.487
-35.251
-82.138
-43.2
45.556
81.416
98.360
62.383
18.231
97.830
10.552
89.787
96.122
62.917
83.663
19.644
14.942
27.156
-98.926
-70.23
53.785
23.874
96.522
-8.784
-23.719
-98.391
89.357
-45.85
-31.635
53.158
-53.311
9.286
-52.982
70.891
5.366
-3.316
-49.805
-37.602
33.34
7.387
-4.492
34.901
-42.105
72.875
38.480
75.935
-56.884
42.973
-17.358
79.317
0.521
31.107
-1.949
53.273
-96.863
9.439
-86.95
20.189
-9.158
-32.637
-94.489
-0.673
-7.474
-72.227
12.175
32.684
40.422
33.194
3.604
83.388
29.583
-49.735
24.43
-0.667
-2.779
68.211
-24.252
76.137
-68.192
19.775
59.557
-40.706
95.682
-23.434
-31.237
-65.657
-36.781
28.57
67.26
-62.845
46.856
64.196
-70.891
19.767
35.698
82.915
93.751
7.332
11.851
-6.266
29.964
9.880
-47.751
67.970
-22.558
-65.292
-66.385
-0.145
91.356
61.562
27.892
-50.253
-21.1
-35.520
17.542
-96.360
43.278
-94.78
-76.521
62.634
14.614
-82.964
31.937
30.424
0.841
-80.590
-53.233
-63.579
-18.256
-29.818
-54.885
-72.67
-95.598
71.229
-15.281
54.962
53.267
-82.230
-89.700
18.681
85.735
14.459
-11.106
-45.677
-3.693
55.399
-49.453
77.187
-36.977
-51.47
-84.32
-55.898
-45.609
85.454
7.209
-62.717
-79.566
15.695
-81.331
-99.82
50.119
-36.326
-34.771
39.108
21.567
0.429
-78.360
-10.275
81.108
29.559
-24.309
-51.446
28.780
14.771
54.744
55.744
74.523
11.885
43.666
55.195
2.871
19.22
-11.250
25.516
0.570
-95.677
19.203
-3.66
15.610
-88.517
-68.871
-9.791
49.602
21.427
-64.80
4.775
-37.294
44.349
37.217
47.5
-53.625
-81.386
32.735
36.508
5.125
47.329
67.218
-91.963
-81.152
33.99
2.352
-91.486
23.170
-9.6
-23.863
68.311
-41.378
7.269
-23.402
8.387
50.390
-65.633
19.557
8.818
-9.493
36.662
92.803
18.562
8.586
-49.146
-42.897
-88.814
19.933
-73.693
-81.955
4.491
-39.335
4.353
90.213
79.715
-8.957
-74.645
26.617
-35.690
15.223
-88.727
-23.218
65.74
17.565
60.796
-49.804
-87.979
91.657
29.693
65.960
-3.248
-85.923
-1.140
71.109
-55.769
5.618
-61.257
-67.149
-89.930
2.647
89.903
4.188
-42.541
-2.613
-79.320
-4.25
-34.39
-43.6
-62.247
-25.749
-49.791
-24.747
-23.189
61.543
9.374
-79.479
67.13
12.309
-11.23
-40.200
-16.449
48.426
-67.349
-28.710
54.972
-0.551
-72.418
86.182
55.993
-23.485
-92.602
-5.302
65.69
14.798
-7.452
-27.705
-25.229
-89.415
62.622
-58.97
7.942
-5.947
-81.212
-6.926
-41.986
1.765
-11.390
-40.932
3.994
-11.305
53.712
-1.369
99.350
-19.356
-88.449
62.602
-41.14
-49.806
73.161
-71.72
66.378
-4.679
-88.631
-85.302
-60.490
-73.353
-51.594
71.796
24.21
23.892
-27.858
95.862
-32.203
-71.388
66.400
62.225
-13.276
78.647
49.623
33.846
90.325
76.420
-42.852
91.323
94.541
88.604
-86.169
-79.548
20.249
-82.83
-88.825
53.501
32.496
-14.439
36.986
10.274
-9.360
-84.192
-58.212
-56.147
53.887
-75.292
69.224
-16.590
-87.778
99.540
67.749
4.33
42.392
-29.448
-51.753
98.280
-98.802
47.818
-87.5
13.904
-13.471
-73.228
-78.370
95.851
63.402
-66.552
-14.802
87.1
54.940
-99.253
85.918
21.592
42.522
55.217
-16.880
35.398
35.65
-88.104
8.458
34.257
16.43
21.564
-55.206
-10.713
-17.181
77.717
-42.304
-9.392
-29.801
-90.887
-57.555
42.628
-19.983
70.694
-38.963
-90.840
-40.582
56.343
75.773
-53.515
-40.472
70.266
16.137
-72.607
89.597
-87.987
-55.528
26.284
42.711
-11.564
-67.156
-82.826
-26.194
-53.466
78.707
66.395
94.302
57.380
-64.23
-95.86
-90.106
62.988
0.714
-75.619
-10.749
43.715
67.62
19.371
-7.987
6.683
-22.325
95.387
98.839
-95.467
-11.877
-35.372
57.939
-82.810
87.917
-67.676
85.298
-58.645
-71.895
-98.891
-45.802
-94.689
-10.299
40.581
93.268
82.87
-6.772
-56.782
-97.753
77.752
25.749
-2.495
-3.57
-96.497
-0.891
-73.225
-22.184
21.92
66.689
-59.166
-94.991
32.393
-12.449
90.745
50.445
-29.818
48.540
-91.614
-64.980
-43.591
-74.338
-55.670
83.982
68.925
51.727
-29.8
-33.856
-20.99
0.464
-20.759
-7.34
-38.741
-14.24
87.644
-57.396
-25.577
64.710
95.331
88.883
-65.703
-34.663
41.401
-71.15
35.954
-24.963
40.841
64.405
97.900
30.940
-78.505
38.540
32.733
-67.756
78.591
-34.867
37.959
18.524
-10.473
-84.555
-42.234
-55.324
-31.157
8.824
52.703
50.789
63.126
66.645
-25.407
37.743
-88.185
45.492
-42.623
77.683
68.335
-2.237
56.1
70.819
-7.96
-18.733
37.22
-41.467
-70.962
56.591
-67.111
-84.113
39.522
-72.592
-50.199
-39.170
-19.59
85.452
96.323
-82.179
-51.198
56.83
3.622
-50.646
-17.448
32.787
32.406
7.844
-1.592
-57.274
56.925
-66.234
41.437
-91.887
80.756
73.140
-88.125
-62.732
89.485
38.642
71.850
-51.868
65.809
54.900
88.733
-71.858
-40.447
68.909
-40.50
4.841
-94.812
-62.163
-15.681
-6.635
-36.23
74.294
5.587
-9.955
-49.948
74.804
41.799
-10.913
-47.28
46.286
-45.574
29.1
-71.706
-61.168
12.117
13.744
-56.337
-63.748
33.547
85.193
-23.290
-85.219
-94.543
41.356
96.568
99.933
7.941
65.756
89.190
41.275
-31.998
-96.736
-62.782
35.723
-27.572
-89.923
95.582
-39.348
82.189
73.430
-10.61
-37.10
87.572
-29.159
78.587
-96.28
-99.524
47.763
0.845
43.671
13.81
-34.70
-38.857
77.338
91.517
-77.313
-86.364
30.611
-74.164
55.859
-70.973
-47.559
85.649
-96.26
-19.469
-28.846
18.785
-32.867
61.442
88.49
85.120
-64.419
-16.956
-26.953
-75.624
-40.852
23.723
-69.55
-79.669
-5.57
-39.594
-49.10
19.727
-38.953
83.28
-50.821
64.644
14.213
80.845
40.350
50.941
-31.591
-32.210
41.448
-3.683
-41.34
-31.50
97.164
-70.597
12.437
-63.439
-60.723
-16.355
-51.996
-40.951
-9.492
-99.175
33.372
-32.194
29.606
24.721
12.782
-92.150
33.202
-23.594
48.355
-59.954
20.739
-97.923
20.352
-84.376
87.641
-14.33
-47.466
-29.741
13.541
-90.900
94.572
22.370
-93.242
75.626
78.665
63.379
98.179
88.60
71.973
-62.115
-6.309
90.632
49.277
60.852
0.430
-33.145
-47.444
-80.232
-6.455
21.117
-41.524
-82.766
96.767
1.527
-83.480
-31.913
11.213
-21.845
92.551
-36.224
47.766
68.100
-21.596
-52.849
87.133
4.816
67.279
74.701
65.493
12.981
-28.928
20.997
-78.818
3.670
7.109
-44.214
-46.481
61.708
-21.773
32.837
19.17
25.837
-30.767
-32.222
88.82
-76.826
-81.424
-18.385
-55.906
86.890
97.209
-89.686
-78.717
86.601
-16.189
-7.966
-13.99
0.517
-99.273
19.211
81.960
-61.450
78.380
-62.866
21.634
62.442
-81.855
-72.707
-0.706
86.977
10.359
48.220
-72.750
-13.364
55.286
-87.300
37.882
-87.806
-54.459
46.745
-49.908
-64.156
30.880
28.93
-92.748
43.36
84.273
-32.560
87.766
48.812
-39.613
-40.778
-62.460
-33.40
-21.384
-95.128
-70.712
26.345
41.84
-15.285
35.924
-62.416
-50.278
-65.964
-74.485
31.481
28.603
-98.381
81.975
-83.490
97.377
-24.192
-34.442
-3.7
65.333
-59.464
33.844
-19.43
-55.676
23.159
28.656
9.133
6.367
-34.170
-78.935
-8.46
-70.279
36.51
-83.706
57.681
21.261
-63.722
97.480
-25.815
13.745
-82.53
19.924
-49.960
-74.895
-28.352
-89.173
58.737
61.586
30.164
70.477
-50.859
-76.830
81.180
-90.6
56.634
56.223
-16.782
51.443
66.925
-96.696
23.98
-4.474
-9.455
-74.797
86.206
-98.714
36.582
-10.533
23.751
-0.347
-54.123
71.427
67.889
-94.763
-80.650
1.900
-45.336
75.399
-48.674
-98.975
-97.481
41.53
12.872
90.118
-17.799
-3.900
-2.997
-84.872
-4.672
23.970
-93.167
87.361
-60.25
-70.967
-47.336
-75.339
-55.394
-71.730
39.234
81.9
50.755
0.242
-56.602
35.724
33.723
-34.898
83.853
-33.277
-3.568
97.401
14.751
-50.803
47.259
73.47
14.932
95.67
16.702
-31.836
-29.691
-61.941
-54.907
-3.757
93.556
90.329
10.395
-54.90
49.107
-49.190
78.719
75.632
-73.587
74.690
26.535
-42.77
-5.688
1.794
-15.295
-32.396
-85.374
-82.149
-19.122
-64.748
65.127
-75.869
-65.727
-99.280
27.595
-62.80
39.865
-88.699
70.819
38.835
1.152
99.327
-74.393
-90.744
-52.823
9.385
63.676
44.417
74.887
78.377
-31.578
11.729
13.204
41.746
2.798
58.359
42.123
-95.519
-0.993
24.371
83.755
47.566
38.731
74.625
-54.527
-9.385
-1.279
21.426
7.527
83.751
-37.287
74.934
88.372
-10.346
78.952
-44.13
21.914
-26.35
97.794
62.430
2.319
45.393
-58.733
-3.543
-73.921
-74.17
8.191
-25.917
-17.66
39.928
13.282
74.827
-69.538
88.441
-5.867
-26.341
-60.602
8.927
44.96
-78.636
-90.649
73.424
-2.245
-65.486
-23.843
-54.270
-55.130
47.691
-60.987
-88.165
96.7
86.480
-56.35
-64.52
66.75
-82.81
-92.737
-4.936
44.597
-32.137
56.133
-81.571
31.280
-78.796
11.562
-87.445
86.489
15.946
-35.742
-42.974
66.982
-97.415
-60.346
59.76
-61.387
39.827
-2.313
-2.328
38.915
-76.709
98.875
58.124
89.584
-0.995
-7.57
29.548
48.550
-57.152
-11.642
8.618
82.569
-87.979
59.68
-29.468
-76.327
63.209
76.557
55.214
-13.478
87.738
69.320
27.559
60.518
30.248
96.176
-70.339
93.916
-69.923
50.336
73.423
18.893
33.972
26.432
40.563
21.359
-82.581
-52.426
80.796
-74.898
-46.671
8.789
-38.174
-80.101
93.341
-53.362
-90.197
19.349
-15.729
-83.255
91.701
22.861
-99.0
99.732
32.225
-32.79
91.821
-32.792
-51.908
-66.443
79.734
-15.908
-40.859
-92.911
97.143
-43.528
4.719
61.3
-68.454
57.220
-1.199
98.414
57.7
68.151
12.949
-33.92
-33.296
-58.758
24.178
-50.935
-19.988
22.687
-86.596
61.365
-47.429
-76.14
-86.847
-15.157
-99.682
-38.32
98.652
9.626
86.864
23.577
-11.324
-48.601
29.639
-7.454
-95.105
14.344
-68.742
-62.203
-96.141
26.916
-25.327
53.675
-43.405
-84.164
82.360
-15.874
32.994
-1.356
0.704
12.282
54.807
-20.60
-39.55
97.991
-9.26
-78.841
-44.525
-51.26
-14.26
18.391
-90.697
90.917
66.708
50.5
99.966
-8.696
95.540
-24.592
14.406
8.476
-84.366
20.757
65.675
17.525
-60.177
82.637
-44.133
32.9
97.623
-89.383
-76.220
60.940
13.957
-74.326
-92.39
76.121
-57.765
78.497
91.695
-62.736
9.365
74.925
97.391
46.117
-21.110
-25.686
-15.895
-41.573
25.664
85.278
28.539
-91.814
46.563
-59.109
99.331
-77.756
77.23
-94.265
60.842
-22.27
-72.555
-39.998
83.945
-19.704
-72.603
-87.681
-40.410
89.204
-12.616
51.638
-20.62
-77.253
-52.137
38.456
-86.680
16.919
-3.859
-66.101
45.865
-67.168
-17.288
74.118
-29.470
82.261
91.247
3.463
49.19
56.937
-20.482
0.202
-70.419
-3.745
90.474
-65.608
-49.499
-12.455
95.156
89.12
-84.284
96.884
-76.507
-92.510
79.852
-88.670
-6.419
-23.483
7.430
59.119
-99.355
74.651
-51.879
-99.272
-44.3
64.543
44.449
23.24
10.731
-52.942
-59.594
51.168
-79.572
-14.223
59.868
61.684
-81.928
24.803
51.765
-8.618
84.77
-68.428
8.907
-75.373
66.633
12.594
-1.928
-91.52
-57.155
-54.963
-46.300
32.520
-39.628
69.503
-23.769
45.781
-51.82
-89.825
79.682
-86.737
63.635
-69.620
-4.211
-99.980
-19.504
72.1
71.805
-51.194
35.325
-74.963
29.78
84.748
12.104
68.55
-27.974
60.846
23.970
-72.921
-46.808
3.82
-49.412
-83.448
-36.360
1.128
-98.608
3.568
-57.791
-69.415
27.914
-10.617
57.319
-35.302
-60.538
-42.591
-28.441
40.944
50.102
-79.423
32.750
-42.760
-86.770
-94.505
-50.65
-19.908
65.88
70.580
-44.230
10.9
95.894
42.636
-10.374
-46.520
35.522
-15.742
-87.307
-0.529
-9.274
21.36
55.231
-92.125
41.335
-8.533
-80.669
21.336
71.775
60.427
30.237
-30.10
91.817
-99.409
42.250
-12.110
53.142
65.764
-71.587
-36.347
31.329
99.59
4.603
91.854
4.96
4.760
85.14
-40.379
79.303
-97.739
-91.570
-74.422
-67.978
78.821
-50.725
24.81
-9.367
37.307
80.238
-59.935
-37.179
-96.205
15.673
-89.103
69.905
-94.329
31.191
-82.280
-64.360
-50.19
27.308
26.205
48.472
-47.714
-20.783
-19.129
-99.512
-98.946
-56.811
-4.113
-39.592
54.818
-26.566
-71.166
71.86
-76.757
-14.556
92.906
-1.114
71.770
-61.810
-11.116
-18.542
-49.465
95.636
24.664
-34.878
-57.822
-27.424
59.395
57.108
94.519
-54.889
81.339
-25.286
56.810
-97.96
-94.954
1.33
71.792
64.401
66.396
85.650
97.83
75.509
40.365
70.114
-78.960
8.162
-15.833
17.97
79.764
61.301
85.898
-99.725
-52.66
14.936
-73.214
-38.74
36.589
-79.858
-23.638
15.799
9.936
87.388
74.440
-79.606
-98.280
29.118
-71.155
-50.886
-26.361
71.328
-16.789
12.477
34.603
73.534
49.32
90.762
6.885
-64.587
-80.965
-86.136
-91.105
-85.417
-19.151
-45.725
26.74
-90.116
21.575
-11.39
-87.71
24.309
-41.200
0.738
35.957
26.3
52.481
-10.671
82.45
-91.756
-87.44
48.620
98.814
53.766
26.601
50.628
-3.380
-30.242
73.624
-44.467
-53.654
38.854
79.205
-25.458
-9.384
-51.486
-99.489
-29.819
82.945
-32.89
-38.994
41.732
-16.964
57.889
64.599
-72.402
61.653
-29.834
-92.968
30.100
36.691
-47.784
65.352
-88.209
-70.473
-88.97
92.358
-38.340
56.284
-70.814
74.102
72.802
-54.767
1.556
89.978
-28.66
21.658
-67.949
-48.757
-50.27
-52.201
97.625
78.680
59.681
-53.222
-72.550
36.771
63.890
78.391
29.241
47.245
-67.742
41.220
82.31
-32.736
-59.808
-5.696
9.760
14.690
76.420
-17.819
12.286
85.327
-37.61
-23.693
-82.905
-92.410
24.219
47.633
61.761
-68.630
-20.795
14.880
80.269
81.644
-66.227
11.919
5.195
-10.243
54.156
22.177
9.197
-82.312
86.444
0.978
59.944
23.208
49.465
-46.475
28.282
71.304
-44.66
-65.148
17.935
-87.487
54.146
99.521
64.22
-72.868
27.748
-38.719
79.115
-65.732
-67.450
13.889
90.695
-63.95
-44.359
90.683
63.310
-19.100
31.879
-9.196
35.363
1.529
53.671
-52.734
23.278
17.120
30.383
-40.54
-72.437
20.246
-1.334
31.987
3.340
71.244
-33.868
-7.585
-63.615
82.707
-1.580
-3.52
2.153
65.37
-8.592
23.163
-71.549
98.756
-96.819
-78.401
67.954
-45.358
-21.160
84.77
85.286
27.161
-14.732
-68.982
60.679
-67.909
-33.728
-32.925
-31.747
-87.583
-81.420
15.248
-16.662
-15.882
21.142
99.761
79.95
65.427
-13.810
-21.397
7.578
83.945
-20.14
90.629
-94.602
-77.402
-21.133
-42.750
-89.963
-86.284
-67.144
-68.827
69.848
-32.290
-77.136
17.713
-19.986
-15.629
-43.270
80.656
-67.75
37.243
0.464
29.696
39.174
3.391
-70.110
69.778
71.821
35.753
36.973
-81.410
54.362
-78.843
93.834
-95.937
63.259
65.229
48.652
53.139
14.976
-3.657
-88.363
-85.294
30.739
-50.834
-13.997
-38.214
-42.114
18.967
0.134
-55.689
-72.877
51.514
-25.945
-33.47
31.860
40.550
78.192
68.663
1.363
11.619
78.543
-12.795
41.272
60.106
-14.289
-70.729
40.7
76.127
-80.228
22.639
54.369
-63.134
38.875
-59.387
-26.802
58.524
-88.64
14.240
4.373
9.595
33.949
52.664
-67.903
-54.962
99.240
-85.598
0.938
-26.453
-79.509
60.118
-85.251
-32.155
12.922
-68.528
-63.79
12.864
85.316
22.794
-99.73
2.86
0.471
-99.655
11.68
-78.288
-7.703
-29.115
1.400
63.622
-79.373
-55.27
-50.179
-47.779
-0.842
28.921
36.680
-23.361
27.914
0.278
-15.609
55.64
82.466
32.714
89.666
63.246
-76.982
-93.658
-76.785
60.385
17.252
0.460
-11.94
-53.626
26.415
-41.530
-78.259
47.952
-25.780
-70.440
45.258
29.958
78.921
-45.326
-26.304
25.346
-23.76
-4.823
-94.300
-70.423
32.468
98.398
24.628
44.273
42.399
-55.376
3.100
-58.904
69.798
9.921
-41.953
31.851
31.427
-5.71
58.113
15.320
70.224
49.434
-55.904
-61.765
-91.106
41.889
41.72
21.930
74.788
-26.655
-6.525
39.826
-75.381
62.842
-22.985
-83.278
-99.471
-42.192
-8.66
-35.844
35.903
10.694
-20.769
-34.984
65.906
-2.842
-80.993
79.788
-59.296
28.984
-3.819
4.81
-82.502
-42.688
44.406
35.760
-5.641
-47.472
-33.831
-37.211
38.267
42.523
92.805
-12.847
-67.843
-81.131
-37.636
-39.183
28.316
14.806
-36.144
77.939
-0.531
28.395
45.515
-72.796
-8.786
36.477
-37.657
-69.624
16.360
-79.38
-16.90
11.18
-54.216
40.88
-9.396
-14.485
-3.122
61.843
-24.859
-84.790
-31.807
-14.418
-40.472
33.164
74.625
54.492
-10.595
-24.308
62.85
13.69
1.553
80.67
77.359
-42.944
95.618
-97.872
84.183
-93.559
-97.274
9.687
63.188
-76.868
-7.97
-63.739
36.235
34.684
-24.869
61.614
59.412
-94.473
99.236
60.212
-89.171
28.235
12.271
66.905
-44.981
58.94
-31.906
30.500
-16.651
90.912
-37.53
-82.81
66.645
-37.363
92.108
-69.118
60.601
-63.831
-91.847
55.189
83.727
-82.261
69.827
-26.716
-41.260
-88.329
-30.241
-78.704
79.895
-79.402
-95.85
-12.468
-14.489
-10.715
70.108
41.297
-79.79
-69.658
91.589
11.468
21.615
-58.379
-8.193
-85.704
-78.626
-84.67
19.498
47.168
80.611
61.674
44.196
-64.606
-53.815
82.0
-27.231
85.767
39.586
73.985
17.966
2.127
-55.223
-75.987
74.240
-67.175
15.154
90.639
84.279
76.152
-89.622
12.924
62.232
60.159
13.86
84.853
-56.220
11.462
33.646
93.623
39.264
-2.828
93.991
-6.3
-7.768
1.453
-69.409
92.573
55.6
96.352
-42.243
10.645
7.38
35.645
75.452
-1.53
-80.623
-32.667
98.122
10.619
98.13
-49.576
29.583
52.970
-79.546
74.747
-22.780
83.864
-66.462
7.572
52.170
-40.872
25.801
-97.6
-66.785
-88.611
15.233
-17.468
-38.834
30.393
-45.497
-74.389
78.715
18.864
-28.131
-84.319
-39.186
75.355
-74.493
-88.76
-74.721
-82.147
-63.226
-97.244
37.524
14.908
2.199
23.474
-64.301
40.141
-62.567
33.749
-41.264
17.913
-9.702
32.416
74.18
6.93
-93.110
73.902
82.864
12.197
41.291
-97.860
96.121
72.853
7.79
90.985
-52.278
-14.803
-70.285
-40.149
-64.191
-53.340
55.488
11.160
36.968
80.110
69.414
16.829
17.199
35.91
3.256
-13.309
-84.516
75.579
-72.916
-95.896
-8.317
98.233
92.602
76.290
-9.845
85.558
1.642
-57.570
-74.842
-59.889
59.49
73.248
-16.992
10.568
47.829
-89.966
-43.319
62.377
12.651
-30.463
-44.922
-27.795
-43.263
-65.525
-78.672
35.961
-3.405
-14.519
46.883
-25.413
-93.709
10.736
-76.431
86.396
-16.274
76.910
55.213
53.179
76.378
-54.3
-44.296
-55.306
-66.634
-87.920
86.789
-57.717
41.672
-35.677
-95.405
91.860
-51.504
-21.259
26.625
-63.865
96.503
7.212
-29.305
16.540
82.788
-79.931
-78.382
74.203
28.130
16.593
-29.341
79.648
51.129
-95.645
16.728
95.107
82.785
-25.411
-28.291
60.60
-57.989
-9.221
-73.472
-94.767
8.135
58.631
91.113
-7.791
78.571
31.431
77.940
16.249
55.274
-76.320
-91.929
85.239
39.831
-78.790
80.320
74.551
28.780
72.348
36.903
-25.632
32.123
-75.160
49.499
41.277
23.258
-25.732
-9.113
-86.685
-59.373
59.298
31.931
-32.758
-72.60
-96.301
-61.624
-47.601
35.663
4.749
20.460
92.71
-48.902
-27.234
-67.659
-6.655
-74.716
53.163
-64.899
-40.55
-1.627
-87.872
-72.420
40.748
-67.15
-53.73
93.847
57.300
-22.516
-3.608
32.261
70.849
32.21
96.62
46.81
-56.434
72.479
5.136
2.711
1.866
4.998
86.569
40.353
-66.901
-41.799
82.707
-97.280
-59.585
-25.139
-8.841
52.97
5.535
59.27
-86.993
-76.534
-98.369
-55.866
-44.577
69.802
57.763
-63.715
15.920
-89.931
-67.769
47.145
-26.196
-64.651
83.695
-87.816
82.373
-19.936
4.504
-25.293
-72.712
-13.959
41.537
37.802
52.385
-43.224
-37.458
46.577
-70.734
-66.759
45.31
94.897
40.538
82.27
-75.879
-16.23
-74.612
-57.59
-28.781
4.700
24.745
-9.391
54.783
88.765
28.693
53.261
-2.935
-61.144
50.825
73.129
7.405
73.367
39.621
-92.761
-76.589
-87.842
26.96
-77.809
39.560
-82.433
26.541
-19.266
3.505
-71.149
57.225
87.965
-27.391
7.820
83.959
32.941
-14.819
-1.338
-8.242
35.665
76.22
-57.62
33.341
-56.148
-89.683
-82.715
-9.781
28.583
-66.543
57.578
-1.506
19.564
54.649
-80.857
-78.647
35.929
-86.490
56.871
-16.337
-19.746
-39.247
33.419
90.873
88.706
-86.736
-68.924
-18.210
-49.118
15.986
-24.705
63.996
57.882
19.72
-30.612
99.298
14.167
11.285
-51.786
-61.901
61.877
6.940
-99.950
-11.469
49.500
92.251
-24.665
28.729
-46.932
-82.145
-5.706
-85.713
-13.412
-24.576
-58.77
-53.621
98.946
-62.326
-63.973
50.355
-90.812
7.49
-64.63
20.439
-49.897
-78.50
-58.900
3.614
82.829
92.331
48.21
63.480
-90.945
-30.717
-98.266
-43.444
-62.502
26.457
-17.39
-81.884
-5.784
41.447
26.938
-27.20
-66.919
55.414
-95.128
-39.655
-45.672
-85.506
5.863
-98.204
-71.930
-90.457
-77.576
-79.831
76.978
76.917
-33.615
81.900
66.105
35.955
-51.227
58.569
-37.346
-35.177
-99.154
-92.482
-40.267
65.548
95.266
-41.501
38.405
18.563
8.700
25.87
-74.786
2.279
-99.571
59.336
-71.784
41.425
67.815
-19.534
93.94
-13.719
62.594
-18.48
-55.647
60.358
-17.81
-88.923
61.190
-91.461
36.954
-33.719
-17.934
88.104
-37.359
-10.671
-20.588
-17.729
40.890
-78.534
-50.222
68.656
5.273
-89.861
20.699
99.61
-35.933
-5.451
-98.391
-85.569
82.871
-37.39
11.496
-20.837
84.758
8.609
56.396
-92.202
9.652
68.938
62.872
30.409
54.620
3.792
-14.677
-76.985
-0.741
-9.885
-69.146
72.415
44.577
-87.559
-21.313
-51.816
71.931
-1.59
-92.911
80.420
-69.741
15.913
-99.857
-7.444
-24.65
14.569
-96.792
7.494
55.986
45.666
-73.88
47.255
88.755
58.514
87.239
-29.253
-39.701
81.908
-86.563
50.761
39.34
70.233
-14.773
19.231
-69.518
37.299
25.38
6.371
33.357
-47.260
31.499
-55.169
-34.535
21.455
-22.76
-62.113
-55.839
-1.397
-7.931
-76.778
-7.661
-75.668
-25.702
51.223
9.745
-36.859
63.114
80.267
68.226
66.203
72.662
-82.637
61.714
-75.666
49.427
-99.163
14.878
-69.258
-73.27
8.893
-21.118
-99.200
-93.661
41.388
65.189
-87.788
68.3
15.24
82.897
-76.905
72.178
83.377
83.522
-97.315
-78.333
-37.320
-60.840
62.7
-74.442
-13.18
97.642
52.625
58.308
78.406
-86.936
35.325
73.386
66.700
35.174
-1.539
-76.688
-29.740
59.951
63.629
83.515
35.502
-60.676
76.94
-0.782
18.635
54.912
33.141
89.53
5.816
28.451
-90.587
78.599
-4.975
-30.76
34.694
-77.849
-9.534
33.23
-56.328
12.208
-31.599
4.529
6.34
-54.516
-36.151
1.828
31.237
-54.470
30.478
74.890
-70.573
5.30
-39.288
-49.794
34.330
-18.883
-51.14
-18.920
-8.302
-31.329
-10.451
92.257
-51.48
49.97
63.184
28.2
-25.754
60.972
18.33
-54.264
-84.226
-88.518
26.21
-52.770
72.985
-74.113
60.391
-12.351
-36.169
63.675
19.760
-79.700
-95.527
-60.879
23.904
-21.578
22.490
77.654
9.343
-25.506
6.178
64.457
41.952
91.713
63.188
-69.209
93.132
-7.61
73.970
9.596
20.554
43.718
66.311
69.354
-51.618
-37.439
-53.284
-12.192
26.865
82.826
45.46
-38.341
-40.60
-95.729
-14.932
22.221
-91.526
-40.339
2.665
-87.199
-20.745
59.535
-17.28
-38.175
-13.41
-59.463
-44.706
-13.846
-27.1
6.140
63.213
-67.772
-13.241
70.579
57.845
75.304
-67.100
33.165
90.692
-64.250
-85.666
56.633
-14.198
-48.69
-9.678
11.605
-29.72
-6.957
-29.247
-5.311
73.349
-55.457
61.171
8.871
87.732
11.795
-39.877
19.683
-65.412
-55.417
47.190
6.297
98.158
40.719
4.558
-45.170
44.561
-16.833
97.798
-25.205
17.952
-58.58
60.508
81.149
25.105
1.350
25.547
-73.415
-57.912
-4.637
-69.607
76.817
80.78
-95.911
81.837
-74.290
-40.715
-16.341
77.850
-88.654
-56.523
77.351
8.732
-47.879
-40.161
-85.487
85.27
-32.696
-46.325
-72.714
-88.770
10.799
2.507
-72.107
-2.747
-72.884
-33.870
62.954
31.201
-3.873
29.961
82.424
35.726
72.299
41.53
-70.177
87.963
31.125
-23.708
-40.563
24.344
-30.927
35.662
48.987
68.428
-35.498
39.685
-12.368
40.243
21.636
-76.612
44.942
-88.777
58.978
-32.946
-58.134
-14.425
-33.337
-77.178
-82.851
-50.527
-62.871
2.659
56.970
97.102
-66.812
85.279
90.112
-16.142
-37.76
-94.126
-63.340
26.294
-18.650
89.747
-10.365
-65.651
-45.641
62.409
-62.846
61.940
39.655
89.581
-51.552
-82.193
-20.803
70.868
-99.813
92.327
80.589
-95.450
-37.142
71.831
-99.882
78.617
-9.137
5.607
52.658
-44.50
94.982
95.178
-84.467
-80.838
10.937
92.768
19.429
1.934
-51.638
-18.182
61.329
45.924
31.260
12.992
72.703
18.647
-82.19
34.972
46.376
15.394
-87.707
-94.904
30.788
34.500
-75.872
6.842
57.324
-37.511
3.9
7.124
94.964
13.510
-57.940
60.426
8.102
-59.960
62.418
-31.607
77.111
-47.918
-12.564
36.378
64.987
81.947
45.308
-86.419
-69.281
-80.265
51.342
-82.890
-90.654
62.990
96.154
-23.935
-76.833
-83.71
-50.492
-36.772
81.775
37.158
63.748
6.863
27.11
-87.486
95.714
-10.797
45.48
14.236
-95.617
71.6
37.969
57.776
-19.155
-36.743
-40.838
29.100
41.598
-45.612
-21.759
25.383
39.20
2.30
-79.49
-20.585
-0.277
-42.606
-85.347
-77.992
4.666
49.143
-51.583
-23.85
-23.216
-79.989
29.241
18.983
-59.420
-98.897
1.2
-15.351
61.302
-79.178
27.401
76.832
11.862
24.32
-43.443
-13.693
-76.394
-57.9
82.922
-89.153
-34.380
-47.709
-1.20
96.944
-26.439
76.853
72.881
-22.839
75.573
83.962
-68.148
-7.347
-27.548
-12.696
-30.422
-90.499
-44.823
-95.398
56.925
40.708
-29.629
-98.736
-29.215
-28.928
75.258
-10.0
-50.496
72.492
84.348
-18.340
-18.269
-66.868
-62.197
59.277
-4.52
-71.315
90.565
-84.389
28.274
97.144
27.962
86.228
82.291
-93.402
-84.906
85.929
-86.619
-84.855
-26.683
-17.381
48.8
-0.547
-21.29
-38.374
37.510
-40.47
-58.633
-93.470
-18.48
69.365
64.465
21.266
59.987
87.177
-70.114
-10.906
80.164
-70.158
67.628
-47.498
-61.262
35.236
8.295
-58.434
-86.56
72.67
-57.99
27.69
68.888
57.888
15.801
-87.988
29.996
-58.206
65.992
-38.216
-17.573
-13.400
-67.520
-50.277
-82.93
-77.432
-60.562
38.820
3.737
24.75
-12.445
51.658
-60.226
-10.776
-47.510
86.988
64.500
-39.991
19.894
-92.970
-32.582
46.533
64.246
-50.256
-66.803
-79.41
-25.958
-32.197
-64.316
34.308
79.93
-21.891
73.455
-52.305
10.424
-27.255
84.880
42.213
-42.129
37.663
-1.594
0.367
32.993
-62.697
48.607
-37.587
-72.271
-13.865
3.8
10.297
-77.998
37.750
-88.734
46.196
-61.744
-53.534
-48.606
-75.272
-16.375
-38.585
75.562
55.751
-7.691
-99.837
-41.551
90.904
-26.152
-85.879
-62.947
99.837
33.213
-18.20
-5.627
-74.379
-92.620
7.662
-55.740
62.477
-41.740
-48.591
40.625
-98.895
56.800
-58.426
-49.619
-91.178
37.933
39.196
68.589
97.137
64.129
-43.128
-43.236
-71.146
29.47
8.138
0.27
33.866
95.887
97.36
90.800
61.96
26.239
-92.562
-36.444
-99.504
-92.404
-66.589
41.184
5.281
-58.824
93.85
-56.311
-8.655
58.543
-3.242
91.634
-59.653
-93.846
66.803
-27.13
37.607
-95.415
45.323
-57.533
65.389
25.380
93.239
-51.184
46.102
-74.30
26.119
-15.467
-15.664
23.273
-75.738
21.915
-53.208
-39.912
22.858
-61.384
-13.962
-24.677
-50.192
52.868
88.543
12.516
-69.69
-18.560
3.483
-90.696
8.509
-97.233
5.283
-25.688
-70.276
1.140
-51.662
-9.432
-80.635
60.725
25.85
3.834
7.439
-7.916
-75.186
86.339
-65.290
-65.952
26.532
-70.944
62.869
63.973
-97.932
-67.939
24.214
10.652
36.769
-76.986
-48.513
-55.183
39.46
-61.609
18.459
18.526
82.202
-85.412
28.0
65.628
2.376
71.231
-36.623
-23.284
83.754
27.472
62.707
63.644
-16.624
90.289
-51.591
-24.414
-33.351
88.974
-5.610
-80.189
82.652
-38.267
58.984
-79.626
-29.829
-7.106
16.991
-1.180
22.337
97.217
49.51
-8.41
-12.600
40.431
-57.812
18.471
-94.288
-20.941
-25.363
-40.12
-45.714
-53.822
29.334
-41.226
-32.84
52.554
78.348
47.521
49.46
-87.887
47.584
-7.437
12.67
-17.160
53.992
-6.744
-79.874
91.374
-97.423
17.62
2.510
-49.169
23.81
31.198
65.303
-36.562
61.741
-86.184
33.833
-26.51
58.553
26.55
79.378
4.209
37.774
-62.510
84.971
81.858
-3.43
49.869
-9.279
-31.857
-74.336
98.192
-72.529
53.44
45.480
-29.361
-50.765
-5.466
-10.175
21.458
-87.132
-83.630
-88.854
72.107
14.304
31.186
-59.936
-29.741
21.4
-91.925
-71.913
-87.48
47.189
-37.461
-71.727
38.310
-18.69
63.751
-26.872
64.63
-60.886
40.973
2.221
18.510
93.534
25.772
43.290
98.205
-46.631
-98.95
27.407
-70.699
13.601
-45.319
-38.664
62.590
-44.985
-0.435
7.33
86.431
81.611
-62.781
-16.694
96.539
34.129
-58.191
-54.387
-92.140
35.847
9.734
-82.215
-10.177
-41.945
-21.741
-24.75
-91.185
-1.491
-48.283
-78.470
-94.331
42.313
-52.175
44.616
29.589
6.413
63.457
-64.958
-4.606
32.836
59.331
73.225
-49.129
55.473
6.655
98.861
-18.276
76.92
73.696
5.580
-60.592
95.465
-95.414
-18.321
62.779
-44.178
-91.648
-95.376
9.501
-81.659
-89.319
-33.814
1.161
99.480
71.442
49.638
89.129
57.76
-17.437
74.818
64.760
93.593
-40.894
-1.794
35.117
-49.166
93.507
-86.64
7.282
29.208
11.424
64.818
-83.910
12.763
-73.698
81.200
75.93
-2.731
-6.490
-48.872
-8.535
80.799
97.182
8.847
-66.272
-92.253
-33.780
34.983
51.641
-50.489
-9.49
93.81
47.178
-11.939
38.157
-68.949
45.835
68.321
-75.472
-72.922
-41.583
97.177
52.224
89.988
26.878
35.946
97.392
-92.12
-70.539
42.111
-3.304
-13.301
-57.253
80.695
93.121
64.508
-36.405
95.650
-23.872
-27.714
-53.369
-62.183
-1.940
16.172
19.466
0.682
80.770
-52.565
-41.740
17.767
-8.920
-4.134
54.235
9.151
-59.870
82.623
-13.3
-1.108
40.949
-3.418
80.626
-27.583
-57.237
-32.898
79.909
44.391
-91.556
-60.809
-46.801
-72.404
-65.685
-82.12
33.922
-20.706
-11.185
-24.529
-12.772
-3.684
-3.830
-3.302
74.867
-71.501
51.634
72.207
39.370
-67.346
-38.758
65.961
1.416
-39.72
-82.346
-61.217
-5.268
71.440
-91.631
-0.750
-38.188
-0.853
-46.906
-22.446
-0.580
-97.993
95.699
80.970
71.514
-33.866
-40.205
-6.357
85.304
-32.578
-4.779
-69.828
4.876
58.556
-53.427
82.212
-10.553
29.559
54.896
-85.980
-62.884
-71.306
-25.110
79.268
55.573
97.656
5.618
-71.999
-42.653
21.838
-78.352
67.423
84.101
77.732
78.639
58.336
51.393
49.664
-6.858
11.279
49.210
-71.77
51.61
93.390
3.620
39.530
31.334
-93.583
-55.190
-18.401
-23.550
29.873
-11.676
45.69
12.25
17.116
11.0
-46.293
97.348
7.818
-49.542
-0.223
81.286
-22.832
6.296
-61.613
95.824
15.322
19.772
-12.679
-59.28
9.381
-84.462
35.36
-8.142
6.104
-21.451
-87.167
-47.538
8.50
87.162
60.423
56.707
-39.42
58.203
-21.509
2.782
-7.670
86.817
90.925
73.812
-36.724
-81.181
-39.172
34.531
-72.904
-65.906
-62.65
-78.704
-32.594
-37.119
-3.955
45.836
-93.576
-36.210
34.234
-90.752
80.214
40.845
-17.477
72.514
44.470
-88.767
65.112
14.901
47.335
-84.925
79.157
-40.997
57.615
20.639
-50.235
88.423
-14.440
16.107
80.306
-31.590
-34.921
4.14
18.571
-62.244
-73.446
-53.134
53.200
65.516
30.349
-78.932
-56.667
92.471
-73.541
-73.356
64.429
91.934
-94.287
-37.304
-39.534
-47.665
-97.973
-68.265
6.538
67.463
20.680
-71.71
9.117
0.906
-55.545
-63.44
3.641
11.962
41.20
65.387
-45.307
-54.930
-50.392
-33.892
-24.299
50.314
-41.517
58.928
40.370
60.735
48.381
-16.87
56.437
-17.422
-32.347
-45.97
3.691
54.749
19.889
4.1
-76.550
7.566
-68.474
-26.743
23.576
-24.221
-38.76
18.782
-31.653
61.357
31.985
-82.492
21.513
-49.439
51.514
53.38
52.677
42.947
33.778
-13.892
-46.23
82.906
-36.979
16.680
-40.783
92.636
66.688
20.630
4.563
94.728
-42.127
27.661
-4.249
-95.717
76.810
72.102
59.520
22.140
37.97
-31.691
-16.985
77.612
-96.769
-46.264
76.592
-90.565
92.924
82.698
55.836
92.467
-9.835
5.965
-62.113
20.260
95.788
81.130
21.922
-33.557
-38.312
40.456
86.717
-69.574
64.336
-81.308
-61.504
86.85
28.858
-94.343
11.682
-15.674
39.12
98.681
-74.998
-11.379
13.792
-3.479
-75.707
-70.754
-74.317
91.584
-16.23
58.173
-75.647
-33.911
-47.576
-17.79
-24.606
-41.377
-1.651
44.94
-65.810
98.869
-65.196
-30.129
-78.328
19.297
38.121
69.714
-54.716
8.160
-47.777
-61.875
48.841
-35.23
-33.154
-7.673
-60.763
-24.133
64.239
56.400
47.847
-96.660
66.660
-84.496
84.429
-13.37
91.749
90.173
-56.38
-86.346
-80.193
-99.741
-46.859
-85.744
-48.580
-65.993
-7.336
-61.27
51.483
29.422
-59.2
-88.2
-77.0
-79.485
76.834
3.551
71.959
-89.172
-32.323
-65.5
96.616
-73.357
-92.886
70.865
-96.142
50.497
-50.321
-87.10
-2.442
-53.359
26.755
-54.529
-35.421
17.643
-84.939
89.241
45.192
13.831
52.185
-67.91
-39.969
28.823
-25.711
-57.928
59.312
2.753
-95.98
9.11
85.16
-55.83
84.275
69.503
-86.180
-25.138
-58.649
-31.151
49.847
59.408
-52.494
82.601
-4.386
47.307
-65.893
-95.270
-52.729
-22.912
-96.61
-21.720
-58.72
10.6
-98.910
13.809
31.175
-82.70
-70.422
-8.896
-49.245
89.566
85.576
-80.587
76.737
10.303
3.434
89.368
46.539
-84.299
34.800
-45.889
-28.326
35.606
49.34
25.996
10.799
-71.689
-53.287
-58.324
-12.358
10.156
-79.436
-73.272
5.373
75.298
-0.208
-60.279
-40.933
-59.943
-29.855
-99.618
-10.797
47.322
-91.428
74.555
-1.656
-79.868
47.208
54.567
-85.948
-26.447
-24.9
58.256
-16.500
-47.774
76.427
65.258
38.957
-92.811
-94.848
-51.75
-78.999
-2.57
53.873
80.172
-67.548
-9.265
-20.604
90.848
-80.942
-17.445
54.623
51.978
5.831
-59.964
-39.931
-46.740
64.612
39.755
77.735
-64.204
26.610
39.962
61.867
-8.179
27.318
46.417
-31.381
23.872
-64.701
0.366
-33.644
-89.536
24.449
42.258
-24.837
-89.384
-46.867
-16.890
93.655
5.807
-22.440
-49.529
42.405
2.547
42.271
-0.212
-27.759
87.875
71.669
-4.226
-56.48
-4.449
36.391
-69.94
-13.736
-94.988
59.267
43.306
-65.977
-47.333
-35.741
-64.845
-26.533
-93.255
8.620
-99.114
-50.825
-12.620
1.685
12.84
49.920
-34.336
69.862
-48.607
20.768
29.967
-77.417
93.581
66.982
17.994
-53.843
-30.930
-53.999
62.499
-25.820
-9.49
58.878
85.223
-31.390
-15.59
-84.564
24.294
1.800
91.262
89.639
7.200
92.59
46.96
-81.579
-3.195
-19.731
30.755
-24.956
-17.900
9.841
74.549
87.693
31.340
47.773
56.976
-25.647
-57.630
-36.854
15.671
8.932
-41.106
-26.946
-70.977
62.776
-33.733
52.258
1.267
6.704
-20.71
-85.632
40.673
-96.451
-46.321
87.435
54.20
50.272
93.626
18.484
-45.156
95.542
77.834
-66.231
-53.129
18.868
-59.575
-85.577
69.170
72.688
32.985
63.380
-78.157
66.776
5.829
69.647
16.6
-35.343
79.212
-49.937
-56.869
71.784
28.962
19.428
-42.985
-97.306
-69.122
68.509
-44.741
42.90
-80.98
-3.569
6.397
-19.417
-55.211
73.908
-91.730
15.250
34.47
-66.289
-35.370
-25.625
-99.732
-35.551
-3.858
-8.484
67.75
52.990
47.924
-34.91
-12.778
41.504
-91.403
90.791
7.446
38.355
-78.174
0.27
25.126
-44.860
5.673
88.366
-97.157
37.147
-33.106
35.245
-73.175
86.628
89.205
-20.249
43.107
96.147
5.644
-17.34
-25.867
-79.354
88.627
-23.465
-38.506
78.26
-79.821
-5.669
97.74
-98.144
47.669
54.448
-10.188
-41.63
1.101
-17.780
35.959
-60.17
-85.614
54.965
-57.512
-31.418
-59.928
-14.569
-86.322
64.392
20.27
98.40
46.577
-20.931
38.840
-25.171
12.630
87.196
-25.982
17.198
89.518
73.117
73.15
40.935
72.373
20.998
34.962
-80.749
48.126
-90.196
-24.737
-37.710
43.836
-25.728
-39.353
-92.573
-69.160
27.392
30.840
18.882
-5.206
-62.896
-36.639
-77.716
-53.355
-54.100
5.121
18.48
-32.430
-24.249
65.54
-43.716
-31.704
-8.33
-65.286
75.892
58.849
-2.119
-90.451
-70.27
-33.44
55.887
-72.971
33.131
-58.96
42.571
-27.129
-32.283
-38.425
-75.396
-12.429
-56.436
-15.609
-31.642
-79.252
-14.794
-44.721
-24.506
-22.196
24.223
-5.836
-30.792
95.159
-83.290
-54.570
69.636
-59.732
31.356
-86.979
-66.755
-95.360
-5.190
51.838
7.273
56.628
-62.349
10.361
-83.792
15.278
-91.596
42.143
82.700
13.352
56.59
-42.167
-49.929
-93.491
-21.927
57.742
73.485
-95.379
-78.261
-3.627
-66.635
-54.929
-23.79
-41.424
-20.697
-43.254
96.779
-45.675
-90.653
36.256
-85.674
-42.828
-70.403
-27.44
76.816
4.511
26.407
-33.805
72.495
-72.883
3.969
-69.163
-65.633
44.12
-95.89
-47.845
-54.672
-40.757
53.129
-19.753
45.256
-45.626
-25.143
9.888
-38.635
-35.83
43.837
-59.29
32.982
-1.53
-5.850
-30.695
70.120
-95.530
-32.320
11.307
-35.2
-31.814
-36.546
-71.399
12.904
57.86
-32.108
50.603
9.288
3.899
32.634
-50.517
-97.953
-78.777
-12.389
48.398
79.430
-30.332
64.641
69.344
82.228
-49.778
78.727
-5.705
-32.469
-64.517
-86.248
-64.79
50.595
72.116
45.950
4.99
-28.377
-10.683
68.767
-68.831
-65.369
45.434
9.36
-62.409
-64.506
-95.611
-56.591
-44.401
90.522
-6.990
91.907
24.704
-89.713
48.928
76.692
3.939
81.95
-36.592
-27.782
37.488
78.931
89.656
-38.797
-72.597
-66.174
19.829
35.310
-43.698
52.325
35.14
-8.893
-40.34
77.873
28.797
54.215
-77.987
40.722
-50.365
52.669
36.804
-13.464
70.557
-86.434
48.162
11.669
-96.646
62.738
-38.688
64.440
-16.129
35.594
-46.64
-44.603
67.951
-39.762
-27.210
1.124
50.814
17.978
-53.647
-45.482
54.80
-20.477
25.896
40.136
-28.115
-62.116
87.919
-1.536
-7.341
-94.786
-27.393
25.365
-26.490
-30.930
48.410
-28.873
-32.112
-2.113
51.372
-46.18
28.646
-90.671
29.50
16.732
-92.481
-82.561
89.746
-19.848
33.199
40.798
34.126
72.616
-24.97
-19.113
-96.505
83.740
44.229
21.301
11.434
26.27
60.513
-43.285
98.62
3.333
93.29
15.912
99.208
81.29
12.193
42.719
22.331
80.675
54.773
25.29
-61.174
-55.689
89.841
5.22
21.434
-24.628
-54.402
-97.882
-30.36
-24.313
52.475
60.82
-33.172
-15.677
-78.250
-86.975
13.229
-24.879
-10.209
-22.633
14.837
-29.498
37.231
-34.598
5.628
63.514
-98.680
87.456
6.519
66.641
-40.907
88.788
71.325
-26.711
-10.969
45.532
6.30
97.217
-67.976
50.694
67.334
73.75
-77.646
-64.925
-50.235
-17.532
50.439
63.536
84.56
-25.206
10.325
-51.898
81.775
88.892
-6.142
-94.211
-14.261
-16.676
-88.561
88.138
31.48
-60.200
-64.733
18.973
-46.279
-61.325
8.291
47.560
74.348
9.689
50.220
17.332
35.748
-28.466
65.412
44.173
39.634
44.233
-77.859
-23.568
7.270
91.588
-28.475
-49.355
92.472
-18.968
69.408
-64.52
19.281
75.304
71.963
36.954
84.534
-33.84
96.928
-75.346
28.367
67.284
-39.655
-74.182
25.554
-99.342
12.878
-53.911
48.259
16.335
-52.663
-96.231
92.622
-21.697
6.374
-54.925
-56.290
-45.943
18.943
71.59
-70.611
89.359
-43.3
1.824
-94.182
92.336
81.945
0.542
-82.861
24.884
1.255
46.396
-21.239
-71.441
-70.887
-96.779
-47.812
92.864
80.847
-11.723
54.125
-61.771
-27.244
96.816
-42.238
23.534
-40.333
2.925
-58.605
76.669
-78.175
39.88
-44.767
88.216
26.610
2.133
-10.473
31.927
-68.686
-4.962
-63.992
0.31
59.827
63.915
-87.793
-98.996
47.358
-29.341
-89.161
7.665
-93.281
-7.133
62.344
-84.160
22.747
70.345
-52.544
-60.974
-95.615
-68.722
-3.668
82.275
-44.689
-33.973
-89.695
-39.466
37.770
-94.730
-44.625
55.493
32.648
94.730
-89.474
29.59
80.49
27.588
-72.378
-13.424
28.68
-10.823
63.708
36.354
85.544
75.325
90.505
53.833
-82.357
-82.622
64.602
71.912
-76.628
-30.64
14.201
-76.728
46.971
-17.624
29.507
18.741
32.705
-65.728
22.305
91.787
-15.553
-82.429
-75.828
25.797
8.278
52.297
66.981
-34.46
-66.21
-27.964
4.879
-34.662
-93.989
-23.14
-30.274
-43.126
-98.544
-9.130
-97.796
-94.875
78.79
67.314
86.659
84.383
-32.165
-59.808
34.758
-43.368
-98.717
-26.112
-66.42
-38.710
24.248
99.484
-88.217
55.428
48.414
-37.157
-8.55
76.833
-71.400
49.690
90.367
94.66
-81.507
-33.962
-93.911
64.600
-3.809
-60.37
-80.160
91.609
16.51
41.145
-99.626
-77.659
84.405
57.621
-87.325
-73.937
45.217
68.561
34.677
-67.519
19.570
77.399
50.83
-86.740
-23.528
-68.853
55.550
49.19
5.5
13.173
18.292
49.221
92.572
-92.958
62.981
-60.802
44.457
45.458
-7.416
98.29
61.499
-45.100
29.493
97.137
57.951
-97.612
90.56
86.853
-1.212
-22.810
-67.223
-57.21
-68.250
3.699
-48.108
27.5
8.948
-98.486
99.288
-15.62
-13.981
9.690
-58.410
-0.65
-80.614
-63.741
-6.250
-57.300
61.351
77.819
55.732
-9.293
-36.252
-14.804
43.736
-32.999
79.557
74.114
-56.227
-29.756
-13.864
82.125
-89.562
-59.128
95.523
44.855
87.835
-32.761
-30.769
79.499
47.364
-47.346
44.487
94.847
48.194
90.438
32.378
-32.262
98.392
43.471
45.318
-11.17
3.862
8.456
-90.956
46.746
10.531
61.163
74.813
-56.708
89.254
86.665
-81.420
63.729
93.71
-16.969
30.280
74.893
-29.867
28.675
50.464
-91.302
2.535
-74.299
-55.792
-91.560
-26.691
92.617
73.546
19.926
-22.229
-30.420
-4.222
-51.849
78.404
-29.547
-49.26
1.370
-46.96
-59.15
-48.837
-53.168
-12.24
7.827
53.658
-91.587
42.936
83.337
-42.683
52.195
-88.843
-53.148
-90.412
2.172
63.725
80.569
-97.911
-91.794
56.189
-69.641
50.781
-68.134
-6.824
20.779
62.142
-62.23
-1.320
28.411
-92.20
-92.889
86.91
76.759
-65.117
15.838
89.452
-89.267
9.868
41.897
19.41
38.633
-50.572
-43.700
-70.517
-25.733
-8.574
85.415
-85.825
-57.418
-40.989
-44.79
41.329
-77.224
-25.546
-43.471
50.131
-10.316
37.753
-85.410
-81.51
-19.47
-95.288
-42.217
42.595
-59.538
61.588
89.199
33.988
-54.473
-93.255
21.726
-80.521
-68.916
-32.258
42.769
24.182
89.423
22.557
9.111
-7.857
59.78
59.911
98.979
7.564
11.506
-53.982
36.123
-69.246
-91.455
-39.514
41.474
-22.733
-29.283
-99.343
32.154
81.608
17.996
-24.517
-40.809
19.400
-56.841
23.916
-49.145
58.796
32.128
64.262
-78.379
-68.903
4.95
48.66
54.322
-86.997
-3.946
55.557
-51.689
-1.553
11.483
-17.604
92.160
29.608
-65.814
95.252
-41.7
-32.363
-72.14
-92.115
22.978
-83.247
99.439
10.420
39.238
-43.733
45.175
-93.59
50.831
-96.323
-99.797
85.280
76.731
79.541
42.833
20.576
51.473
41.766
46.68
65.716
3.615
-67.601
30.629
32.860
-7.902
-68.923
-15.526
88.719
-69.865
-34.682
-74.285
11.4
33.734
-35.266
-30.726
-10.646
66.761
-48.302
-97.271
66.557
-51.131
4.495
-10.928
45.515
40.445
-38.255
10.874
-9.422
-26.371
61.789
-29.393
83.797
-40.308
-84.905
94.746
82.436
-16.546
12.307
-62.86
84.99
63.28
25.511
35.904
73.588
-26.182
77.116
88.332
20.945
-79.959
10.943
-30.158
95.736
-57.171
32.96
-60.322
86.352
-0.440
60.812
-28.892
-34.402
39.484
25.179
22.988
75.572
-64.484
39.470
-78.670
-1.983
70.11
-50.898
73.389
7.514
-29.488
-74.215
-63.931
79.170
-46.400
-58.602
82.72
98.122
68.47
74.655
-59.736
-84.111
34.226
-17.405
-74.704
-1.562
-12.144
86.342
-58.262
19.388
99.547
-68.783
52.670
-67.339
5.613
-44.514
-32.26
97.864
-83.222
69.194
10.293
-40.361
80.965
99.685
72.690
-0.734
91.419
25.168
6.751
-48.273
79.35
-8.775
21.308
-56.507
30.131
17.532
-71.975
-51.900
-95.58
14.7
27.486
-34.394
-6.868
91.576
14.507
-27.976
-26.147
45.750
31.946
21.660
36.440
-87.226
13.732
99.923
-92.189
-17.516
74.343
58.88
95.271
90.645
-92.833
-32.520
66.833
69.432
-48.825
86.494
-0.621
66.531
31.126
45.168
20.312
87.44
80.111
-53.380
54.428
44.114
-2.766
-4.885
-45.516
-10.13
-20.686
-16.973
80.454
-29.859
-15.465
-26.109
32.364
-10.868
20.765
57.328
-14.200
83.216
-49.896
26.778
83.293
-20.972
23.956
93.218
99.939
22.948
-10.414
84.297
-83.699
-37.25
-50.361
28.781
68.105
24.450
-0.349
42.23
-63.133
85.69
24.453
11.90
-28.840
-90.520
77.241
-67.717
-28.818
-28.660
28.923
90.161
-2.237
64.48
52.428
-53.670
-36.747
23.967
-13.547
-4.428
-18.556
18.347
-40.801
14.617
31.822
39.775
68.611
90.787
82.752
-39.208
-9.826
54.797
60.837
-55.103
98.334
-21.426
66.194
59.937
23.19
-83.610
22.371
18.225
-61.37
-9.692
23.942
-58.863
21.182
48.293
-61.517
27.400
52.74
4.393
5.406
-43.916
37.539
17.449
23.423
75.71
-17.532
77.559
0.64
95.168
15.374
24.869
-78.758
-75.727
87.850
81.378
-68.895
-73.124
-29.325
-60.220
84.387
-67.863
17.342
-7.469
-50.756
-64.737
-49.705
18.178
-99.908
44.320
-10.105
-49.724
-10.93
82.752
81.502
-30.766
-10.967
84.638
35.689
59.834
-7.296
42.745
-93.108
85.142
-99.223
68.905
-27.215
-43.752
89.287
96.499
23.606
-55.701
15.294
68.431
-74.230
35.151
-14.930
12.625
-49.766
-75.262
35.785
43.792
48.7
-14.876
21.502
52.389
40.655
95.268
3.217
-50.192
96.379
-48.74
54.22
-5.36
-88.610
2.262
66.954
-13.901
-84.504
-22.106
75.502
13.3
-43.309
33.714
-51.3
-24.405
86.423
-55.988
45.373
-51.47
54.274
-35.839
43.183
-25.368
-43.920
-24.44
-18.482
67.537
69.182
-75.986
88.140
-56.727
-78.470
58.95
4.991
-5.767
63.685
44.404
66.473
-61.101
8.689
-29.797
89.76
-33.186
49.842
-85.47
17.262
31.558
-86.925
24.438
0.146
-16.27
60.217
78.250
-91.551
-48.336
-23.353
36.436
6.122
-49.299
-93.599
78.516
61.128
-24.258
21.649
12.349
50.125
2.13
13.419
-0.168
26.361
3.392
7.705
28.730
51.3
-25.16
35.166
-50.69
1.634
78.434
-55.613
31.668
-23.275
95.3
77.454
-8.179
89.514
47.516
19.269
-62.247
73.102
-46.433
63.108
-86.255
90.132
-46.741
-70.782
61.382
72.553
-18.715
-50.388
95.287
-60.450
-48.288
91.179
-40.125
-20.496
14.809
24.781
-55.751
85.153
18.248
-85.760
12.908
-46.751
-13.743
21.63
64.929
88.153
66.60
-58.546
39.64
59.401
30.665
89.112
-27.577
-42.451
-6.515
78.503
84.321
42.980
-53.219
-16.31
-88.161
21.250
-9.829
-40.671
-35.329
12.908
-42.892
36.386
25.191
82.908
-40.648
-16.969
-4.30
-22.871
90.258
26.770
-65.264
77.801
-70.278
34.760
-29.352
-37.369
-95.273
34.347
44.338
84.464
84.581
-77.658
-8.380
-30.614
-61.95
40.632
88.827
-71.861
73.758
86.494
-69.979
68.808
17.368
95.498
-86.459
77.899
-89.140
-26.211
-11.337
-86.423
25.944
97.812
28.181
39.977
-16.15
89.592
-95.133
80.911
78.275
87.561
-38.587
72.284
14.664
-24.403
84.172
56.361
-28.308
-39.840
14.171
-26.58
-13.996
-44.668
40.234
-17.710
23.946
-44.403
-9.331
-59.870
20.585
9.163
7.677
-96.773
-69.913
7.982
-1.605
18.501
49.262
-41.21
73.394
-76.303
89.662
-98.58
79.127
-94.535
-19.388
-90.858
-17.660
74.101
54.374
71.2
52.691
-9.141
-92.20
89.914
-20.533
-56.175
46.892
99.367
25.821
-45.545
-68.997
5.558
0.3
74.892
-84.264
85.20
-45.719
65.918
-38.343
37.740
-38.60
-30.965
-15.217
68.943
39.679
-91.165
-71.610
-95.28
-34.518
98.456
8.194
14.777
-83.992
-3.213
19.352
47.296
-48.867
-67.662
-5.48
-37.198
62.306
94.73
-44.56
-62.612
24.631
-66.379
72.579
41.246
-90.3
58.841
81.555
51.149
50.645
90.908
-94.232
-51.650
-4.975
-28.816
14.259
48.117
33.550
-76.754
-92.504
64.146
1.893
-21.744
-72.701
50.629
26.544
6.844
-79.729
7.505
37.597
12.414
-95.567
62.688
-80.860
-73.662
35.340
-7.547
97.178
89.438
35.475
-85.287
82.134
24.896
11.577
2.502
-23.489
-40.797
-54.246
-97.35
97.270
47.807
-11.90
94.66
17.129
0.332
97.655
35.996
-71.550
-38.399
43.696
23.96
94.659
99.954
1.723
31.124
16.873
-39.960
-10.284
-28.22
-80.966
-55.941
37.236
61.687
-51.488
23.272
-75.188
35.79
42.742
-52.70
60.802
-17.209
70.98
-35.559
-5.363
47.286
-17.14
-61.201
-65.843
53.547
15.8
44.625
-66.848
24.335
-69.40
55.40
-65.457
-64.870
-42.535
62.440
-56.256
-0.300
-58.866
-15.542
31.663
14.719
83.684
19.748
55.342
-39.856
-19.712
58.65
-23.123
88.338
-40.621
81.335
13.471
-3.690
-16.897
64.937
-52.708
97.866
-45.742
60.182
68.523
-40.156
83.769
11.525
91.941
13.905
92.857
84.406
-44.852
76.412
-51.332
-47.573
-30.556
-85.319
29.610
75.124
58.716
-49.452
-59.397
-10.25
96.28
-57.675
74.358
-13.843
-76.524
81.300
-94.810
13.60
-43.971
-72.581
-18.130
44.139
47.766
-6.779
37.55
79.888
96.183
30.148
21.543
8.516
-73.534
-19.930
-40.277
-71.835
-97.573
47.452
50.948
-63.131
-36.452
32.660
9.486
-21.605
-72.397
-89.220
37.917
40.364
-36.566
-15.629
47.317
22.249
-13.711
38.832
-97.104
-33.645
-4.882
-1.574
49.611
-50.878
30.877
-14.799
-11.512
45.902
37.899
25.132
-34.789
-11.442
53.191
-14.394
-4.124
63.891
72.354
-44.351
48.488
60.514
-65.0
-4.511
-18.117
94.383
-1.939
86.102
-22.827
18.823
69.924
72.584
-59.450
-35.106
5.776
-66.423
22.924
6.862
-81.684
-14.255
-46.476
19.248
-58.759
-97.94
-48.399
67.218
-22.592
63.998
-59.31
86.45
-85.743
-7.263
-66.821
-27.771
95.919
91.438
58.360
53.976
11.387
-6.774
55.959
-81.218
60.137
46.516
-30.111
-14.754
16.164
-62.618
6.681
33.687
5.243
73.176
55.736
59.34
-34.165
32.879
-17.748
14.10
87.369
99.502
-34.160
79.85
43.540
-44.52
62.38
95.771
30.688
82.854
4.893
56.192
-47.878
-81.558
-43.801
-42.746
-28.260
-78.455
-12.437
-42.20
-87.876
0.984
68.31
48.964
13.960
23.754
32.382
32.713
-3.625
-62.220
-79.507
89.559
-44.880
77.628
-68.594
-12.317
3.201
-5.934
63.637
-58.352
-25.283
-20.973
-0.317
-12.546
-92.866
32.78
74.633
-3.439
-45.302
-65.12
4.237
-55.909
13.310
3.174
-73.466
38.498
19.24
-54.780
-75.477
-86.742
0.499
46.254
69.919
9.374
-47.247
51.485
86.757
-2.263
9.291
-70.477
43.229
5.128
-76.497
-58.7
17.906
91.358
-66.144
66.898
-46.59
4.281
-8.224
-11.829
-68.5
48.415
2.233
3.276
90.42
-86.909
46.7
-96.463
-76.371
85.582
74.702
-8.650
2.152
-54.456
-16.398
-22.737
78.383
-93.331
41.59
-13.796
-14.670
72.179
46.33
-5.139
-92.855
-74.29
64.207
-14.152
-76.793
13.706
-32.720
-54.192
79.891
-8.48
45.941
-32.315
5.431
-64.946
-55.674
6.987
5.819
74.874
-75.505
60.865
-37.762
68.594
-29.451
96.716
-68.71
84.577
-7.734
-1.509
40.136
22.648
-53.185
24.954
-15.335
-85.831
53.651
-95.236
-24.995
24.648
51.389
-82.811
-31.316
41.141
-46.8
55.293
-31.998
-27.93
-5.269
17.345
90.196
99.679
-56.10
99.951
48.450
84.957
-52.188
-23.568
30.673
84.942
-86.532
-30.931
37.787
-8.639
-25.439
49.524
-19.428
-86.451
99.181
-32.317
11.155
39.85
-93.622
-10.83
-30.960
-52.909
79.280
46.367
82.318
-42.402
45.966
31.205
-49.150
58.460
6.142
45.294
61.225
-4.124
99.558
74.200
19.345
19.877
-56.78
-16.88
59.546
-14.891
79.352
-24.357
88.356
22.882
58.253
-61.624
-20.81
-30.949
-1.961
18.75
-29.906
18.382
-83.222
-6.744
82.703
-3.416
53.88
81.519
1.872
-15.290
72.771
-82.542
53.725
32.584
-46.966
61.569
4.622
29.555
-3.456
90.223
0.395
69.30
-73.483
47.168
17.614
-43.427
-84.231
14.812
-15.415
-88.705
-51.758
38.479
-14.252
20.651
62.69
-70.912
99.948
-2.915
-12.330
-30.419
71.822
8.960
-74.727
76.199
98.962
34.332
49.584
-96.338
7.503
85.885
69.357
-15.17
-41.191
-71.420
-52.518
-55.805
21.354
-36.102
-66.861
79.47
-62.68
-68.684
87.77
-84.148
-81.252
-40.459
84.33
-63.921
81.688
54.719
13.81
80.302
-65.989
41.573
89.255
-55.347
-79.831
57.347
89.880
83.287
76.100
-38.732
-83.497
-10.938
84.179
11.35
-50.366
73.823
18.564
51.748
-55.124
93.762
32.698
13.8
19.192
80.856
-40.458
-32.383
23.202
-47.953
-57.61
68.606
-63.890
-55.903
-38.922
1.554
-50.795
-18.179
8.55
15.302
-22.559
6.279
-4.842
-52.98
8.688
-60.89
69.392
-87.962
-41.270
45.938
-55.360
-77.718
-58.422
-77.874
-51.434
-48.295
-52.16
2.55
80.797
-65.442
-52.649
-51.479
-77.537
97.66
-68.617
-27.818
-75.222
20.624
74.557
-51.722
18.127
46.978
44.907
64.756
-59.624
-41.551
-69.979
-14.651
-14.825
11.829
-2.247
95.793
19.537
-32.254
-11.465
60.958
-26.28
-67.42
-32.408
6.571
-2.325
26.673
-79.92
-40.825
57.288
-50.748
-95.375
-23.742
2.474
59.832
44.834
-29.960
-8.892
28.832
2.241
-41.391
-39.539
17.662
-37.765
17.376
-20.620
-97.450
98.10
-92.838
-63.892
23.933
83.625
18.642
95.732
50.301
-85.922
-6.919
-40.317
-66.562
-76.125
27.0
-22.583
3.601
-99.148
-12.698
1.435
11.194
22.934
44.253
-55.981
7.9
96.783
-10.786
-66.386
7.50
-49.452
13.915
-48.889
52.33
-19.889
-63.348
7.344
-87.206
17.872
-47.131
27.580
91.845
-1.845
-46.898
95.269
-26.732
18.991
-93.279
-7.548
-6.947
8.174
-62.18
83.319
-94.717
-38.465
-23.543
-8.962
37.207
24.714
-35.573
-78.481
-54.244
-27.127
45.21
-62.311
-47.886
-69.446
30.983
70.759
-58.647
45.425
6.731
-86.58
-37.604
-57.618
43.17
24.886
-67.216
21.638
38.996
-80.293
-4.0
-71.486
-18.775
39.232
71.675
41.351
-58.870
-11.792
75.830
86.263
-22.867
-42.238
-21.857
55.96
8.619
30.312
38.623
15.534
-31.861
-43.547
52.721
10.764
-57.85
-28.992
-83.400
-13.382
47.473
4.888
-52.619
31.14
-25.367
38.29
-90.486
98.514
-7.49
-34.415
26.314
-89.618
-90.471
-52.54
61.632
96.70
94.312
-78.863
-6.170
-86.556
1.983
37.424
-14.415
-62.167
76.581
10.377
-72.671
-21.901
37.59
54.898
34.799
-80.237
45.803
-81.117
-76.545
-50.455
-99.228
61.701
33.38
80.344
83.978
69.959
31.256
9.990
6.566
-36.968
-43.268
-73.481
-57.766
-1.646
94.29
35.250
65.382
-50.543
-52.549
-52.685
-59.680
-46.853
-34.163
61.316
85.210
87.646
0.211
-21.414
-33.18
-10.922
-8.581
-74.279
73.14
39.527
51.812
92.551
-36.703
62.525
-31.710
-1.120
-8.781
43.255
36.81
-91.320
63.971
-45.63
-25.552
16.114
-74.998
-50.751
0.60
32.955
44.291
21.935
26.498
44.895
13.420
37.988
-87.662
-46.164
-78.417
91.649
-12.845
-13.667
87.345
31.989
-43.854
-55.292
-34.531
62.577
-42.608
-82.699
-30.811
21.377
-95.716
-19.799
-90.43
29.998
-8.484
50.147
-9.441
-36.724
-13.6
-36.227
-77.674
64.845
-93.635
-28.816
-7.24
17.275
56.436
52.924
-99.38
-9.974
49.751
-4.68
59.913
57.141
-6.748
39.617
-71.973
-44.425
94.376
-49.638
84.587
-44.643
-50.903
-90.760
99.566
80.157
-40.328
36.873
56.867
-15.316
-51.152
-87.49
-95.499
64.841
26.540
88.972
19.412
-24.648
54.957
64.24
-61.175
48.515
79.110
13.227
60.5
-73.546
-95.465
46.89
70.195
-13.160
73.973
37.573
-2.253
-14.618
19.78
17.903
-36.899
19.97
2.668
43.181
7.306
-47.195
-2.897
20.263
64.135
66.52
62.340
28.411
83.266
33.861
96.868
31.816
-40.570
-54.242
87.707
-98.25
12.688
-78.568
-41.51
-24.684
-40.980
-15.264
34.404
-54.711
-89.98
-60.996
35.660
50.990
81.83
78.959
-88.152
15.967
-61.953
78.7
38.97
56.357
-0.192
84.294
36.428
-39.858
-79.447
51.414
-87.927
79.206
83.844
-84.252
-34.105
48.89
-0.126
-40.617
-40.248
-91.999
10.838
-83.818
-15.353
96.189
34.675
-68.823
96.976
-5.216
-24.856
90.400
-70.110
-29.645
95.660
-56.956
-22.242
93.710
-54.359
92.616
0.340
-57.330
13.352
59.981
-76.128
97.637
56.111
91.305
-1.11
87.355
89.956
0.413
11.78
85.789
-4.365
-35.215
-75.471
-10.514
-55.167
-11.54
83.744
47.444
89.908
35.893
14.749
74.136
-71.364
-32.26
97.481
26.144
-10.279
50.226
-55.667
-38.954
10.68
0.843
-57.266
34.98
-29.348
91.674
-8.784
-21.634
79.989
96.279
-59.589
-70.342
18.399
-82.585
-72.414
-95.758
-14.966
-12.840
88.471
79.767
28.678
94.249
-6.319
85.254
15.78
-40.626
-92.40
27.305
-49.293
-11.25
-53.453
36.647
-61.506
37.591
99.706
28.199
-14.391
-19.770
64.971
-80.335
16.788
-30.976
-45.889
31.278
-24.378
95.306
-92.172
-81.592
-28.756
16.489
-81.557
-47.287
65.984
89.967
57.491
83.986
-8.430
76.864
-66.592
28.908
25.541
62.888
75.6
-81.47
14.604
-76.439
-97.399
-90.227
27.694
72.474
7.200
-50.362
-81.290
47.871
33.737
-11.914
-79.763
-77.105
-92.884
46.856
-13.215
-20.166
16.699
22.446
-24.432
34.795
-83.874
32.803
9.95
31.694
80.507
77.779
-41.696
-42.318
19.694
-82.428
62.312
-6.96
6.305
-43.689
36.721
96.251
75.992
-52.586
-28.906
-36.40
87.902
-16.960
49.967
77.510
51.798
84.694
-96.421
-57.974
-36.854
13.791
19.930
-37.147
-4.948
-76.725
41.228
-75.612
13.360
-42.817
10.5
-84.619
-98.438
67.128
-48.432
-96.360
6.601
66.228
-20.141
-48.36
-2.146
11.731
10.181
92.400
21.348
98.696
4.954
-86.920
84.993
-43.241
19.696
52.507
-5.169
-48.262
-19.635
74.886
-89.90
5.477
-49.713
39.456
13.875
38.680
-93.785
-34.685
76.156
-66.982
56.171
1.28
67.429
-77.869
-81.734
81.172
40.618
21.252
-11.828
41.46
-5.603
-12.156
-47.275
-96.953
54.486
87.220
0.12
2.33
-89.897
-32.238
-9.296
9.160
-85.659
42.508
-69.162
-30.849
-15.601
19.203
27.44
63.928
98.189
88.998
87.735
9.477
36.798
1.80
39.496
41.15
-76.242
9.357
84.408
55.348
38.335
-80.644
-31.932
-43.686
-57.477
23.318
-93.594
58.555
52.439
-34.894
-67.432
34.713
79.596
27.539
3.448
-27.572
-66.817
51.227
-41.379
-92.166
91.585
-77.19
8.651
-24.278
-25.333
-4.960
52.878
-95.329
94.22
-32.366
16.709
-33.387
63.747
41.371
-59.649
77.353
67.857
26.405
12.199
-30.383
14.851
35.685
76.300
-67.294
89.853
43.482
-58.401
50.427
-76.139
-72.622
86.336
-10.924
73.700
-84.19
-66.808
49.752
-85.162
-30.564
-29.640
-30.764
67.951
-55.613
80.139
5.923
-77.41
1.790
-60.227
19.857
-58.438
-36.169
88.488
76.543
-41.723
-57.680
93.357
-38.311
-38.23
1.542
76.0
43.888
75.476
10.805
-11.446
50.803
17.249
72.239
22.877
-98.678
32.206
57.102
50.129
-84.592
60.455
64.857
-96.74
-37.499
42.921
17.271
39.704
10.713
73.763
-60.399
5.812
-95.76
93.872
-88.261
-74.203
-38.73
84.412
-36.574
43.799
-79.860
-11.617
-46.812
90.658
-57.698
75.173
-66.663
29.199
-47.635
79.778
26.109
72.220
31.918
17.709
76.18
48.346
-75.612
28.793
93.241
-36.372
-79.598
-82.22
-2.753
-87.923
-81.699
-74.399
92.226
-73.254
5.599
-73.836
-71.115
-26.298
-6.352
-5.91
-12.173
-90.999
66.392
-55.717
89.823
64.48
-63.819
12.597
31.604
-8.461
8.525
-59.168
9.734
-86.541
-69.30
99.794
-70.909
-56.621
-92.305
80.713
12.122
17.933
22.843
70.429
-88.650
-29.401
18.871
78.527
-88.19
1.52
-28.364
80.482
-0.756
-6.578
2.19
81.548
6.919
-92.949
0.237
13.739
-92.267
44.347
-30.499
59.105
-69.60
81.41
95.899
80.191
44.892
80.305
68.849
73.294
59.924
6.936
-31.757
-27.39
-71.886
87.466
0.10
-54.891
48.159
60.884
-72.844
34.202
-2.185
-78.812
-99.983
-19.970
83.722
38.829
-51.677
-14.589
22.913
-7.148
28.750
-7.781
-76.632
32.852
-5.687
89.325
-16.777
-55.243
78.17
97.25
18.553
-24.360
-94.189
47.573
-75.978
26.120
-57.536
-18.91
20.21
-35.818
-99.36
17.860
16.454
99.154
-35.929
-57.207
-5.817
34.787
-6.707
-48.842
-14.693
86.10
71.278
44.778
-91.713
-16.770
-13.628
46.62
23.21
-22.169
39.235
44.774
-10.145
-31.889
57.580
-65.548
-33.561
-17.860
89.183
19.257
92.548
59.93
-36.455
43.386
77.96
75.513
96.846
45.616
57.257
-41.476
-47.469
-88.928
55.216
-15.259
-68.188
2.716
-85.612
-81.858
37.867
28.308
-77.55
-27.695
-21.650
-71.417
60.886
-44.340
94.625
-43.6
-7.695
29.524
27.101
46.680
-45.2
-60.225
-86.385
1.930
32.76
80.319
-85.627
58.256
-91.35
31.433
19.378
-58.790
14.576
-8.630
-42.314
-2.594
-73.680
87.438
77.881
-68.64
92.684
18.94
70.8
59.16
78.458
-25.313
92.586
86.973
88.702
77.170
-51.763
-3.833
-45.255
-68.414
20.944
35.922
-49.314
90.101
-22.241
34.771
15.122
-80.378
39.623
-6.843
41.964
87.651
45.500
-90.191
59.513
83.699
-77.815
-86.895
-80.387
78.593
-95.587
56.474
39.919
36.509
-39.921
83.504
50.781
-39.219
-59.299
54.630
-92.625
95.581
-49.772
-3.160
-1.199
63.482
25.132
-54.624
-31.335
-94.889
-3.481
99.76
-17.677
-7.433
6.534
78.197
2.475
-11.181
91.564
-70.659
-80.114
66.814
34.583
-25.990
25.248
-29.926
-63.880
81.243
76.234
-5.505
-76.37
-28.103
-60.637
18.115
-61.992
38.821
65.84
66.618
-1.46
1.703
-11.831
88.911
27.372
-2.890
19.252
-84.342
-76.7
1.426
17.779
71.280
79.644
-75.632
-75.412
-65.566
69.85
-66.569
-85.298
-40.799
65.668
36.139
-62.70
68.146
38.173
-79.438
11.760
-99.426
30.963
-68.455
32.520
27.556
3.619
75.539
80.877
-48.709
31.572
-2.72
43.902
-34.422
24.354
-86.533
88.537
60.64
-82.44
77.593
63.276
-9.178
34.222
74.56
-69.833
85.219
-10.707
5.719
-92.753
-57.631
82.846
-28.456
-50.942
-74.916
-72.537
24.623
62.785
36.290
27.383
-63.292
-95.374
-52.555
39.905
-0.32
69.4
72.529
-94.491
27.779
32.459
-91.574
80.69
-68.221
12.912
-50.364
56.634
0.906
-66.752
-70.879
-64.64
-93.355
14.87
61.756
64.520
-72.323
12.431
-8.31
34.450
-2.472
-2.36
9.581
-42.695
-45.808
21.772
9.844
-14.408
1.469
46.555
43.157
-72.760
16.821
64.916
51.761
94.634
9.743
-48.510
-18.511
-71.710
75.505
2.129
-66.646
-10.762
2.565
-54.459
78.20
-47.868
-29.138
79.862
85.137
-0.491
-75.257
-75.720
-40.222
69.628
-33.6
-40.906
-9.735
-41.666
-84.551
-84.251
-65.878
-93.254
-34.646
41.815
58.100
-96.892
-55.701
4.95
-15.79
63.215
-54.632
55.625
24.660
-19.653
90.711
20.208
-55.715
78.19
-67.686
-59.501
55.955
-82.11
62.387
41.307
-35.749
81.369
20.425
-61.3
-48.122
67.981
-0.889
66.371
10.33
65.874
74.61
-46.695
26.315
-73.328
91.477
95.896
-0.96
-60.415
-36.477
99.294
-21.520
92.866
-33.244
51.17
72.908
67.955
-44.955
61.568
50.156
-72.755
-72.728
-34.120
91.6
-64.457
-17.182
-99.949
77.445
-51.559
-93.309
-63.433
28.805
66.840
70.231
70.647
88.64
19.15
53.692
94.544
4.689
21.604
94.233
46.151
71.521
-2.643
-43.832
65.51
-41.256
-63.50
-95.706
37.28
-63.474
95.420
-19.692
-27.646
82.389
-53.807
-40.200
20.663
-95.811
-12.600
-81.463
-87.911
44.430
-22.309
95.491
1.745
9.437
26.909
-45.57
70.569
28.402
-7.789
-11.233
-7.607
-2.202
86.555
-29.717
-24.295
-83.340
53.262
75.90
-61.650
-57.361
36.621
25.75
5.113
34.894
-0.618
28.302
-61.755
-67.283
75.644
72.101
6.438
-99.315
95.520
-46.206
66.106
-29.835
36.448
-53.516
65.791
-75.416
-51.974
-99.74
23.269
-59.115
90.681
91.262
-94.198
-52.103
46.69
-35.96
74.899
3.99
99.122
-15.433
37.223
70.814
-37.508
-53.413
89.811
17.346
12.473
82.628
26.128
-91.195
23.333
-88.55
15.492
44.798
-77.487
-30.704
-32.217
86.999
38.478
-65.921
77.445
-12.785
14.853
-77.197
-4.274
95.857
-32.689
-94.727
-84.366
-55.783
-21.60
-20.124
26.439
24.568
21.924
-5.319
-45.803
-3.497
12.734
51.289
-59.710
-65.682
8.908
52.584
45.805
-13.762
-90.160
9.215
-55.279
67.830
14.141
21.306
-52.814
-75.518
17.264
32.29
-19.320
-61.881
0.736
74.955
36.321
13.542
71.446
-38.121
-93.839
53.523
28.494
15.555
17.556
50.230
-65.218
-70.231
85.655
-62.45
62.338
74.691
-16.572
81.787
-76.257
-58.259
-48.625
-58.847
11.232
-62.946
34.509
98.183
85.351
-18.333
-59.361
56.819
35.719
-85.678
-18.941
6.603
-91.489
-62.87
28.624
-15.243
93.202
28.411
22.98
94.483
12.853
-15.511
64.502
22.516
-67.245
64.612
-94.405
37.233
52.707
38.101
-2.614
59.829
-71.45
-72.67
13.134
27.599
87.145
-98.135
24.739
97.29
5.331
-18.642
-43.565
23.589
67.803
-8.182
13.969
-23.720
-66.844
68.793
-72.698
-42.117
93.912
-89.235
-52.954
54.314
-54.927
-52.550
-37.768
-13.937
-18.861
-6.804
-88.297
87.387
-76.491
67.745
-45.452
-44.404
-63.794
-30.359
-39.130
-99.788
27.977
68.316
97.692
32.612
81.257
58.653
-90.168
38.998
27.938
25.389
80.116
32.737
-23.134
57.318
37.899
69.510
-58.700
40.590
-86.117
-10.494
75.174
68.158
-78.481
81.339
95.476
19.698
47.56
-44.48
-39.35
24.497
98.872
-40.841
20.71
-33.552
-17.248
-0.119
93.818
38.162
25.853
-81.829
31.127
-56.920
92.240
61.925
-69.942
-5.542
-92.235
34.425
-25.350
51.831
27.363
75.471
16.315
28.376
-45.697
10.755
46.247
1.581
-70.807
-92.310
44.237
-76.164
-79.932
-23.261
-92.406
3.969
-57.715
-99.168
-18.490
-87.183
40.779
-8.407
48.987
-7.110
-42.54
-27.57
-67.367
54.218
75.36
-54.523
-44.216
24.124
-20.424
-96.431
-86.226
86.153
3.673
-87.679
-92.754
-40.761
18.305
-80.681
98.701
-6.650
-25.436
-49.874
31.877
-80.216
-99.61
6.901
37.271
35.952
6.702
-54.508
-85.185
42.435
-56.666
-92.599
59.450
-80.257
-15.246
7.281
80.840
55.346
32.583
97.425
-84.433
52.225
85.184
82.417
81.332
-51.939
-73.919
-49.327
-33.811
55.809
-60.545
84.898
-6.435
31.217
13.498
41.549
-51.674
-52.223
52.409
-82.64
90.977
-31.813
-49.171
4.503
76.768
80.510
75.713
-42.217
87.369
92.752
-58.494
-70.677
79.526
76.283
-38.659
-2.340
-64.967
53.461
-17.149
-90.193
79.404
-46.974
77.505
32.81
-90.271
69.574
5.890
7.895
-78.812
66.402
-59.434
45.180
-61.509
3.594
-28.584
-12.953
89.211
-85.70
90.748
97.966
-97.477
49.775
79.536
-14.639
-31.719
-72.83
86.72
91.709
92.400
5.997
24.694
78.895
-11.926
58.940
47.724
25.196
-56.282
50.874
14.218
30.775
12.299
-72.577
59.141
-34.499
-48.599
-33.24
2.80
-47.330
-49.196
-52.426
3.690
1.115
93.474
64.361
-75.61
-10.647
41.201
6.148
98.197
7.749
-92.505
-28.158
41.603
48.767
54.294
11.204
92.397
5.156
0.354
-91.913
60.257
-71.37
-46.479
47.427
9.733
-84.996
-7.240
-82.897
54.649
-75.340
97.452
25.323
62.69
55.868
-16.729
23.714
82.173
91.955
-56.561
-75.188
12.586
6.963
37.477
0.733
89.201
-16.824
-38.158
1.250
-12.958
73.934
25.498
-30.204
62.793
-63.393
85.135
37.751
54.589
-45.242
95.255
-6.628
-6.405
-44.335
-45.149
24.213
-87.98
4.887
44.942
95.139
-48.434
60.740
5.599
-53.595
-52.341
-97.17
-36.356
-9.912
-86.509
0.304
8.605
24.665
-67.122
-16.475
53.280
-39.977
-90.665
91.127
80.113
11.565
-81.373
-37.497
86.917
33.333
-28.138
-64.129
-69.519
83.463
9.143
-44.855
83.88
-80.926
-93.812
77.697
-89.826
-80.242
-1.612
36.347
49.656
-76.400
19.235
36.767
3.661
86.390
7.431
67.64
56.265
-16.53
92.203
-59.531
85.602
-99.439
-40.242
-44.280
98.888
78.555
-53.763
39.679
-73.471
14.282
56.319
-85.319
-81.559
91.555
91.6
74.384
-22.989
35.729
1.654
75.68
-79.76
-86.561
-84.995
-24.686
-97.729
57.203
-25.877
-7.312
-69.266
55.941
23.572
14.59
73.543
-42.620
-19.217
-54.926
74.303
-83.111
73.380
17.935
81.410
-74.477
-29.750
30.844
70.316
86.170
-58.144
60.227
-74.852
-54.969
-79.703
-24.777
-81.458
-33.741
5.311
-98.897
17.408
-40.368
78.442
-97.248
-55.727
23.803
69.184
16.469
8.926
68.124
99.342
26.234
80.265
-39.814
20.169
3.92
-16.413
88.530
52.990
28.111
-53.710
86.988
-39.468
34.60
-29.732
-51.835
-28.204
-42.944
-26.796
-36.776
74.429
55.515
22.754
54.588
52.969
-19.920
30.301
55.943
-14.669
-64.757
24.332
99.87
9.609
-40.515
-83.619
-58.738
-21.20
87.176
98.142
57.206
40.183
-5.782
86.991
25.984
52.819
-49.230
-67.51
-37.190
-3.888
87.645
-80.238
57.743
69.381
-94.906
34.259
45.760
94.979
-63.569
-9.472
-1.711
47.43
81.800
-96.421
3.515
-46.301
61.398
53.192
1.56
-87.517
65.718
-89.217
-51.198
-61.795
52.350
-53.849
14.110
87.715
87.716
9.655
-3.421
-8.10
57.14
59.527
30.579
20.484
12.798
55.985
-90.25
-81.486
89.489
-15.97
-10.707
56.766
-97.48
-89.68
81.833
84.388
54.278
-40.559
-34.100
49.915
27.277
70.34
-41.683
-90.224
-76.506
13.342
35.448
34.540
71.275
97.776
20.55
-55.126
3.219
-4.209
73.638
-27.951
21.838
93.324
76.895
11.392
-61.264
40.219
6.375
55.779
28.204
60.483
85.4
59.397
-73.925
14.336
-83.249
8.941
59.447
-81.802
-65.583
-86.943
-11.928
73.339
12.12
-45.278
23.562
-65.270
-30.882
19.615
-90.32
18.771
-76.782
-91.607
-2.219
-91.217
15.640
93.457
60.887
-74.658
43.901
-95.819
-42.247
70.838
37.693
68.384
-78.951
-2.644
-97.404
-25.31
-69.326
98.874
97.968
79.538
20.627
32.248
-62.326
83.129
-14.278
-84.303
-12.525
94.623
-46.72
-46.951
-89.923
-72.208
44.22
19.357
38.671
14.555
-73.20
59.614
-18.212
-46.711
65.300
-63.24
-57.268
-81.687
-87.278
-18.444
-57.218
-69.629
8.199
-68.546
-31.263
-69.626
16.235
36.416
-62.355
-12.626
69.883
46.5
89.613
96.781
63.164
-29.334
72.202
-84.438
35.753
16.465
-89.186
33.584
-57.625
81.521
3.984
-88.666
51.590
-49.26
-64.661
-86.477
-34.919
17.852
-54.961
4.95
-87.798
87.39
-21.90
57.892
-36.508
15.294
-64.580
-98.897
17.603
12.959
29.99
31.186
50.908
12.817
-49.353
99.269
-78.85
29.283
31.152
-47.965
-58.946
20.377
72.980
67.344
-54.793
97.44
-38.575
11.304
34.787
-60.635
45.645
-82.617
-5.590
36.709
-36.164
-90.813
-17.952
77.215
21.149
69.709
-82.207
93.389
82.794
-3.682
-69.518
-80.361
35.478
-18.956
52.429
26.50
35.784
42.577
18.160
-84.215
-59.384
-99.516
4.304
61.322
-85.874
59.453
95.340
37.534
21.652
98.636
-58.548
88.847
79.403
-0.464
-82.301
-92.713
-53.408
49.297
-71.418
-5.269
-55.827
41.315
43.94
-2.346
30.380
37.273
-97.778
-98.327
-33.499
-20.156
-48.163
72.904
-95.600
-73.554
67.384
11.374
-19.271
-88.769
-6.402
94.175
0.723
-84.948
84.695
81.721
-25.488
50.651
-99.571
27.711
82.17
36.611
50.763
-76.300
-59.536
41.917
30.143
3.593
-2.244
-24.171
-64.53
-11.741
84.392
-33.168
-30.327
75.821
88.851
-94.506
0.160
-28.84
-68.401
28.864
0.648
-88.182
27.412
51.387
-44.828
-80.222
13.222
38.751
-35.871
38.599
-30.252
66.240
-22.567
6.770
11.766
19.698
85.511
-59.450
70.685
81.623
9.5
-33.223
-91.446
-13.704
-23.116
-65.587
78.625
-17.684
-59.906
72.340
-36.849
53.434
-61.925
-89.790
-88.66
-53.931
-16.961
91.378
-68.989
-31.961
-69.950
-12.855
79.916
-44.758
-66.446
-3.451
-80.767
34.611
-73.79
70.562
7.331
45.744
-69.375
-18.672
-57.338
15.193
4.826
54.860
-35.685
-6.855
90.414
24.211
-65.680
74.98
-42.608
-7.275
72.679
-8.133
3.721
-81.727
74.169
-47.645
67.10
63.236
31.378
41.938
-93.310
-74.318
16.573
44.506
79.681
28.780
-89.899
-83.63
-75.646
-79.988
58.633
-16.407
-59.524
-76.20
-19.399
32.427
89.669
61.452
-17.579
55.658
80.316
-18.584
75.595
56.71
44.91
-65.175
-18.616
-23.777
38.246
-4.402
-6.534
-93.304
40.679
-10.936
1.580
42.998
63.968
-1.391
-43.682
64.486
-43.145
90.290
-73.330
-52.493
2.446
-47.588
-67.404
3.505
-69.401
-34.965
-52.561
5.503
14.377
2.481
-27.183
84.982
91.349
-14.252
81.174
-78.360
14.212
-46.969
17.935
23.438
69.117
-14.553
-47.744
-84.658
30.40
-78.570
-43.736
69.683
2.52
-13.527
-4.897
-83.311
91.710
-1.794
-63.476
-51.454
51.397
-63.218
49.421
-71.86
30.342
59.725
-92.217
-70.518
6.233
-86.536
-36.787
75.902
-49.852
-76.923
82.905
-37.916
3.509
31.779
5.737
3.423
60.759
-15.835
40.684
-90.712
74.446
-52.783
4.738
77.21
68.426
44.782
-56.542
-7.809
9.801
-66.291
47.365
85.718
-87.74
-3.4
-97.672
81.369
-87.277
53.185
58.994
0.612
-54.259
54.544
42.384
-69.639
69.736
-95.117
-4.205
55.110
-67.21
-33.621
-39.975
-14.881
-7.476
26.145
50.966
-98.661
-15.365
9.972
-41.292
-66.125
-4.116
-6.630
-52.737
34.216
55.366
-64.564
-43.531
-27.840
-74.381
41.500
-82.456
97.862
-46.966
-71.152
93.59
-29.424
-31.419
-46.547
-85.973
69.366
26.348
-51.598
7.996
5.668
66.461
46.343
-93.326
-20.72
-39.609
-91.878
-44.356
-53.160
-76.919
-66.724
-61.143
-63.541
93.834
-42.554
39.893
60.937
48.481
37.686
23.62
10.281
-65.142
34.57
97.450
-87.92
48.883
-23.444
-29.492
-91.81
65.105
-58.967
76.633
89.267
43.564
-32.851
-75.552
63.275
-41.604
99.247
-96.12
55.171
-47.799
33.689
-76.84
-73.116
-62.43
87.759
-56.200
-22.551
17.147
-69.402
-88.301
93.634
-64.162
-0.335
40.950
-83.889
-2.598
-30.920
5.937
-92.458
51.98
61.843
12.608
47.660
51.852
99.736
57.290
-16.120
26.825
35.770
47.421
-61.634
13.98
75.897
77.149
-29.600
23.9
-14.225
-26.503
-78.639
-89.386
-50.399
-54.664
67.640
92.69
69.551
35.974
91.640
71.118
77.697
53.186
54.388
89.442
-22.309
-5.353
88.723
72.858
-17.401
-87.472
-13.250
78.855
30.62
85.151
4.926
16.931
-49.371
81.143
39.312
89.400
-6.613
-72.592
-76.74
-68.811
-3.467
-99.35
48.584
21.17
-3.308
-87.98
-95.504
-53.577
-70.205
-98.74
-29.977
-86.576
26.224
-89.997
-44.401
-64.540
35.887
72.340
-1.162
56.360
-74.141
-12.79
85.457
-94.647
-73.143
9.259
42.395
-84.867
-51.621
76.377
26.4
-2.616
-5.953
85.599
15.573
-45.534
-16.228
25.513
-75.316
39.492
63.171
81.273
27.430
-82.868
-84.583
29.328
-34.996
86.122
-58.749
50.40
-20.3
-46.837
40.916
-87.698
86.534
-57.215
63.2
-49.288
96.998
11.49
19.169
-50.68
54.8
41.296
47.882
-37.691
59.554
-25.403
18.751
11.563
45.34
-82.985
8.391
50.684
-94.732
72.821
-65.280
-61.457
-97.827
-31.139
15.784
-20.118
93.626
26.928
-56.74
19.246
74.11
36.372
53.969
21.801
53.268
-71.188
74.333
20.359
51.267
-14.587
98.713
-14.201
-88.454
-89.928
81.833
9.204
-3.730
27.802
79.754
57.668
-81.367
-16.833
-76.821
6.862
40.95
-91.304
81.607
5.334
-40.765
42.622
-32.855
-39.772
47.448
-62.206
-5.847
33.990
-65.471
-79.328
96.568
18.811
-57.995
15.186
59.233
24.648
3.653
-26.139
-6.604
45.836
18.284
61.702
27.760
-48.527
-41.838
86.162
86.66
-37.644
-26.202
39.347
-32.118
93.279
-18.806
-89.554
-47.647
-90.534
81.772
-29.210
65.188
-9.179
89.511
53.105
19.123
-50.264
8.11
4.653
-67.486
96.516
22.881
98.242
73.731
67.984
-40.55
19.705
-5.813
39.570
-58.137
50.934
-52.956
43.406
65.631
46.398
-37.690
-50.962
80.119
-22.810
-17.569
-98.519
48.872
-78.167
-51.232
-6.930
-46.367
93.370
93.850
11.172
47.341
25.140
36.140
-56.518
-33.221
-42.980
2.778
-52.671
-16.716
99.728
93.627
-56.552
-91.141
-49.997
-75.230
84.825
76.827
36.631
17.847
-49.946
-54.740
-52.796
-42.339
20.889
-20.316
42.852
-44.781
24.117
-27.934
47.84
94.90
69.294
-49.836
69.208
39.928
-39.923
16.467
72.44
7.323
-41.670
73.165
-46.786
15.735
-27.857
-29.796
-98.487
-72.755
-75.427
99.486
-10.779
-4.252
93.998
23.165
42.93
-68.22
-75.972
5.445
-3.572
-48.472
-65.134
-5.938
61.383
-4.707
-35.801
-74.169
10.797
-36.902
66.657
-26.106
-73.923
98.780
28.842
-9.598
55.785
-46.260
-11.522
96.58
-79.976
-34.703
-13.76
-26.226
29.55
16.616
62.723
-57.469
-26.580
91.28
11.259
-89.493
24.258
-83.984
-75.666
60.982
-96.697
66.554
47.132
51.876
65.687
3.576
-97.1
-66.236
62.63
17.676
-36.672
78.838
-93.138
36.389
-12.354
-95.9
75.58
-14.577
38.791
-31.109
7.145
-80.976
-60.69
24.358
12.870
-39.217
43.244
-0.859
-94.749
-3.580
-36.688
41.768
37.80
23.404
-46.968
27.108
18.103
-19.956
-97.902
-14.5
-93.941
-17.734
69.224
-90.547
22.446
-23.273
-46.743
-13.914
39.11
14.826
-21.171
-17.488
-33.457
-29.499
-82.621
52.397
-33.43
18.156
-59.595
-54.461
-2.982
-43.551
-19.936
-18.866
-17.448
-10.652
-29.586
-43.704
-19.316
59.970
-77.673
-14.68
43.539
-29.310
-67.927
-26.190
82.19
-33.214
40.985
46.345
13.822
-14.589
-67.132
9.614
16.181
76.159
37.241
35.526
-90.818
61.64
-55.429
21.543
-8.663
-83.372
19.240
83.717
37.806
-62.93
1.636
78.397
-47.404
-43.626
-28.834
98.569
-81.141
-98.124
-21.414
-90.28
-32.182
-45.860
73.759
-79.703
-80.983
44.381
32.215
12.313
62.834
-17.76
-18.861
-3.6
-90.279
29.110
-46.690
-49.386
22.218
-88.483
79.897
-35.914
-72.333
-91.788
22.678
13.759
10.305
-91.207
54.329
83.870
-26.249
55.936
12.609
-79.152
3.427
59.840
26.502
83.694
-26.500
92.135
89.561
35.668
-48.533
-93.312
79.67
-44.727
20.753
53.188
-42.714
-64.607
-56.348
-97.836
26.984
65.829
-8.809
78.305
40.77
-4.430
-15.572
25.888
71.544
31.493
-11.320
24.337
1.345
97.123
21.215
-49.419
-66.134
49.860
91.731
-33.662
12.25
74.649
-70.902
-23.500
85.521
-72.422
-42.688
84.89
66.880
-93.114
66.978
-10.104
-40.675
18.498
20.584
-88.8
-76.850
-51.34
-85.153
55.46
-88.264
98.775
-57.267
19.437
33.57
68.398
-78.174
76.225
-15.763
87.518
-73.858
89.456
58.314
-53.685
-47.719
-77.287
68.165
9.393
-36.61
17.48
96.822
91.711
-62.821
-3.475
82.874
19.604
5.672
-66.633
5.169
6.138
78.234
-61.778
52.840
9.95
-51.278
13.149
14.754
32.973
-96.678
-21.984
-95.115
42.928
-53.880
38.989
-49.940
-83.453
-25.519
87.304
-34.200
3.622
10.969
-3.63
-75.969
-86.507
-45.856
-34.892
20.217
65.857
-30.443
-26.146
6.808
53.312
-80.787
-35.425
83.971
71.405
-65.878
79.495
48.525
-66.703
10.661
23.866
-52.246
-49.33
54.216
67.88
-24.805
-98.184
82.233
9.151
-34.914
-68.489
14.941
99.591
-10.297
43.564
34.988
-55.138
71.520
-13.281
10.216
68.484
93.751
-65.450
-70.712
-43.508
57.594
24.202
79.473
68.638
8.400
-14.69
-57.214
-46.379
-74.301
51.197
44.506
-77.330
49.261
-93.829
66.537
-8.651
-86.661
63.507
42.134
-86.837
90.534
89.211
41.360
67.853
32.972
49.932
-87.218
-39.581
-23.175
61.714
95.704
-88.445
10.787
46.554
-12.738
67.739
73.626
93.966
-72.841
37.202
-91.598
28.238
-80.748
-92.447
62.811
4.378
78.503
22.848
-99.272
52.909
18.301
93.981
62.513
69.257
-83.420
-88.324
-80.903
2.77
91.77
21.429
-5.199
-88.93
8.907
81.428
49.564
80.52
-89.984
54.986
-15.377
-0.350
-95.756
-43.544
24.304
18.138
22.139
45.120
-41.161
44.767
25.82
82.83
21.30
-11.874
94.650
-36.521
-58.743
-45.88
-83.882
58.378
19.655
9.790
-2.211
51.822
-44.68
-46.504
-85.262
12.907
63.843
-76.53
-56.172
22.633
72.788
-52.39
58.284
-66.882
96.267
-20.932
-85.995
32.971
10.979
-43.102
18.774
4.378
64.788
-44.654
28.850
-78.823
36.308
-89.541
-95.603
25.798
-89.916
-92.872
-35.488
-14.832
75.112
56.590
-68.527
-76.468
56.764
19.289
84.30
75.775
-44.562
1.677
-64.704
-30.560
67.881
-17.957
-7.465
53.384
-96.168
-60.295
95.439
-19.92
26.557
46.387
8.407
97.924
6.183
-32.436
47.185
96.345
-21.140
-8.411
72.638
44.636
77.996
-91.245
-63.851
-52.635
-25.182
19.579
-9.600
-90.160
11.584
94.928
64.106
-93.997
50.912
-38.316
15.242
29.913
88.274
-40.764
-3.828
56.22
97.438
-86.483
68.433
-53.823
-74.91
-30.420
16.509
-3.849
1.204
84.212
-95.861
-12.147
78.315
-9.920
-5.895
94.477
49.893
79.96
-25.950
-99.334
47.881
85.345
6.723
12.633
93.390
-66.236
59.438
-13.269
-68.494
-79.645
2.392
38.877
-21.935
71.999
-93.892
11.410
-5.269
-45.34
-82.554
20.33
-45.35
-50.125
-1.746
-75.917
86.911
-87.974
-76.879
-4.577
-0.459
43.531
-30.776
62.427
-22.180
-18.407
12.93
-51.332
1.8
72.912
29.665
89.408
35.138
68.952
26.375
83.693
-58.257
95.609
7.862
2.286
-22.915
5.305
19.192
62.612
-32.338
34.174
-43.332
97.779
31.138
-78.640
37.214
-61.319
-45.839
67.901
94.286
44.172
-39.616
-44.413
-57.897
-33.427
-98.564
27.677
-65.174
-95.841
-37.688
-70.32
76.624
-67.368
37.577
45.410
-46.209
62.888
97.754
75.349
-54.639
-72.609
62.137
-20.556
-43.645
64.191
-11.889
-75.251
-67.300
34.875
94.582
42.706
74.420
31.340
-59.935
-65.399
-82.511
-11.538
77.805
1.191
-75.185
39.827
-13.502
-28.185
-99.596
64.962
-24.396
-74.107
-27.337
80.838
-9.665
72.105
41.470
-82.250
11.649
-28.666
96.490
-75.716
-44.595
18.76
36.737
-40.162
-23.55
-8.838
-82.201
-0.81
85.877
-13.452
49.696
-22.767
-86.855
15.795
-1.118
9.678
67.660
74.13
48.698
64.463
-48.713
28.135
84.273
-30.88
85.741
-48.350
-49.869
-4.244
88.844
49.160
-67.260
-82.389
-15.325
56.455
-41.293
48.893
33.95
31.99
-94.987
7.988
-84.556
-25.90
-2.357
53.214
44.807
76.255
-59.940
64.172
12.18
9.178
65.762
-34.187
-92.942
-28.595
19.291
-55.67
-84.979
-9.543
32.707
-95.668
-46.234
5.368
54.813
12.893
-85.64
16.619
-3.803
-30.64
81.149
2.44
2.442
-63.547
-64.153
59.265
-49.802
-30.219
79.122
-58.804
85.437
-19.39
-21.141
-10.857
19.373
-93.633
60.582
-91.513
-93.844
98.554
-20.539
91.858
6.532
-15.442
-71.13
-80.58
7.470
-36.961
-84.854
6.304
-84.25
-99.516
-53.175
1.90
-6.162
37.542
-48.849
-46.237
5.221
-60.979
70.963
-71.962
-30.16
74.969
-59.976
-10.113
18.13
-49.260
40.717
90.230
-92.352
23.975
70.605
45.479
10.391
-89.1
14.71
-89.720
2.613
88.603
53.347
-34.870
30.392
-93.737
-26.699
87.440
61.855
1.144
-4.898
25.986
-76.92
83.178
13.208
-1.254
-20.580
-30.868
-41.581
75.734
-82.939
-2.264
77.293
-3.376
-47.842
-36.943
14.863
39.345
57.38
-30.13
0.48
68.50
-22.680
21.283
-50.83
39.471
31.185
-7.276
51.186
76.416
-88.168
-39.636
-7.511
67.884
-56.934
-87.573
13.56
-2.963
-88.866
64.995
54.83
91.775
-79.982
-51.701
7.310
-97.297
59.663
-57.565
84.406
49.870
-31.676
81.168
-19.99
-69.151
2.310
70.307
63.966
64.176
29.212
-61.262
87.93
-49.226
-86.297
-57.466
30.321
12.443
-44.758
-39.322
52.452
-22.365
-15.352
85.202
22.40
-11.498
-51.980
-53.92
63.189
91.228
47.832
-15.55
46.822
-69.107
-71.782
22.593
39.397
30.502
63.865
55.508
21.607
-39.23
-22.369
-9.90
-99.413
-81.987
13.927
25.609
29.772
75.879
49.900
59.639
25.461
13.423
-60.374
90.707
-13.920
-85.345
-59.426
51.1
-52.2
12.262
47.187
-3.952
-49.664
61.754
13.519
39.356
-79.416
-39.267
-30.771
22.535
54.582
99.337
-19.539
13.600
-14.213
-87.305
57.484
53.875
3.5
56.480
-22.234
76.785
81.204
3.569
32.883
-80.122
-84.279
57.484
-49.388
64.696
-15.318
-49.794
-24.428
86.531
0.563
80.395
-65.680
-38.889
86.290
92.654
-77.870
-49.871
5.995
18.781
99.181
16.114
-54.179
-72.270
-26.556
-68.748
6.326
14.875
17.532
-0.150
15.2
-97.618
-22.472
32.196
78.922
-67.390
10.648
-75.15
-59.284
-90.885
-54.52
99.349
11.523
54.255
67.434
36.53
-6.415
54.742
-29.553
-89.843
99.449
11.200
41.563
-95.717
46.284
-72.173
88.779
-52.486
84.167
0.356
-53.555
58.766
12.959
89.255
74.553
-93.425
17.613
8.118
-41.954
-27.406
-8.359
38.569
69.681
15.922
-78.549
26.994
-99.664
52.972
42.366
-0.693
67.502
93.592
33.813
-37.728
96.407
9.485
99.785
-2.437
24.279
51.832
-37.451
81.44
95.729
-93.467
-14.863
36.824
-1.423
-81.626
86.902
-9.853
-26.942
96.824
-11.771
-88.464
45.531
9.167
10.720
-97.854
-72.540
-79.202
18.828
-60.976
46.888
62.728
-48.873
98.434
-73.896
-23.45
99.318
-77.49
-60.368
-38.428
-88.627
13.989
51.389
-23.988
11.961
-72.84
86.335
93.912
2.724
91.363
57.3
62.417
48.420
54.543
99.307
40.79
-26.417
31.511
-37.265
63.157
-17.866
-51.280
-73.128
-37.635
37.586
2.526
-51.852
-35.235
83.724
-56.687
43.905
34.708
-42.381
-22.19
46.608
-76.111
38.962
-17.850
59.333
-14.841
-31.385
65.671
32.414
-28.88
-10.534
31.763
-77.853
76.222
63.381
-74.947
72.78
-28.696
-91.728
36.8
52.171
29.802
16.779
-18.308
70.271
60.745
-91.769
-59.897
-98.189
-4.25
98.130
-78.759
-74.727
22.646
-93.68
44.328
-95.619
-25.30
-2.529
-60.233
75.583
12.113
52.587
23.210
-54.555
-8.651
-7.799
-27.76
45.178
52.891
-37.166
-51.230
25.534
78.857
29.563
-48.571
96.330
68.610
-70.955
-1.908
-69.197
-68.248
-32.525
84.755
50.584
-71.433
44.981
67.201
67.771
-45.924
-66.893
-5.613
74.846
30.882
-44.933
73.904
-73.800
-56.68
-49.135
50.532
-58.150
16.155
-22.481
53.312
-40.208
12.381
-68.106
-58.363
-50.464
65.14
-52.273
-37.141
84.163
-28.216
-55.57
-67.621
-36.989
-5.200
-94.750
18.467
26.219
-84.309
-49.293
-95.721
-54.829
72.548
-72.784
-78.41
-99.35
84.253
-84.931
-9.515
-75.864
56.812
-54.966
-8.238
36.362
5.740
74.439
45.924
-83.208
-92.270
63.545
74.902
11.556
77.916
44.252
95.257
-39.483
-71.328
57.963
26.608
10.571
63.497
28.109
59.938
-81.182
17.329
93.69
-61.140
-5.149
10.675
84.938
56.153
-30.782
-12.141
-63.174
66.891
30.737
26.798
55.56
47.366
47.350
70.259
90.289
-20.54
-40.117
-90.435
-22.265
-75.444
-69.651
-64.498
34.297
95.619
61.609
9.81
-50.973
-66.116
78.838
26.914
-73.835
-80.399
-1.633
-77.180
-11.841
-35.102
65.753
-64.671
98.749
50.76
-97.801
96.982
96.335
-94.212
-10.576
40.363
52.981
-37.545
90.844
-81.846
-39.643
-31.591
23.188
-0.82
57.244
-60.285
14.637
72.626
2.16
-34.997
41.836
-50.368
41.343
20.43
11.352
-30.113
-64.779
80.751
41.406
-98.492
-1.733
-99.284
-41.125
-71.297
35.308
-44.790
89.755
-24.887
36.28
17.78
95.531
-13.382
0.224
-81.595
-6.283
-83.827
-73.568
-42.144
66.533
97.750
19.497
27.610
71.810
-41.792
-8.950
35.933
-53.206
-78.900
42.118
-82.915
-4.487
-5.566
-41.438
-0.579
7.639
49.574
-18.880
8.310
-94.753
13.587
82.892
-0.197
-28.590
-19.943
54.850
87.652
57.470
81.930
9.824
4.37
66.319
-67.871
34.600
-40.371
-76.626
52.665
2.423
-32.456
-24.666
18.522
-51.940
-76.759
50.193
67.385
-75.562
38.714
-0.416
85.900
53.124
-93.194
22.345
23.173
96.876
-20.43
16.971
-90.509
-30.661
-44.899
-15.152
4.597
-67.919
-70.495
-32.491
-40.211
81.380
88.622
57.604
-46.749
-83.216
-96.673
-56.640
-62.411
93.95
-0.535
-2.468
28.456
62.565
-10.211
-57.646
-8.995
56.451
28.713
42.658
0.458
-21.861
-22.189
97.303
-25.514
54.71
-52.480
22.688
-85.616
11.111
33.663
42.484
67.658
1.455
-1.833
12.539
21.791
-78.966
-86.703
59.767
-39.252
-82.694
85.561
30.15
78.916
40.180
73.453
-91.731
97.817
-71.777
-57.268
-57.750
42.436
-36.866
38.344
-21.384
-48.409
14.252
50.249
89.73
48.130
-58.139
63.881
-81.70
-14.808
63.282
-44.30
-78.844
44.746
28.87
-40.635
-21.994
-53.209
-72.490
58.556
-39.619
57.915
36.193
-67.890
0.118
6.710
-46.232
74.785
35.157
66.567
-5.7
27.916
-30.352
78.271
23.572
4.30
73.777
-87.951
11.138
76.704
-98.161
-90.440
50.571
-3.749
46.72
11.629
34.54
90.341
82.404
84.733
-54.883
82.473
79.123
27.378
47.424
-91.435
-66.122
17.12
72.946
16.83
65.989
-27.23
29.102
-3.282
-77.129
76.921
-4.687
86.556
-62.480
42.597
-7.314
-55.793
28.474
-25.577
-53.907
-57.183
96.740
10.926
-87.788
11.82
-70.189
70.696
-42.725
20.102
80.855
-21.112
-84.661
-37.623
47.10
38.474
77.744
31.867
29.161
-50.81
53.613
-62.534
7.470
92.460
-4.707
-56.45
90.775
-66.506
-39.735
-36.938
36.691
-96.253
-68.513
53.505
61.861
-79.369
-24.112
65.278
73.917
-42.106
92.242
-7.590
8.558
-80.511
64.72
4.604
-93.580
-57.97
-27.670
-32.812
28.956
-14.715
-6.975
-11.208
74.872
-98.28
43.73
53.430
41.957
50.742
14.722
24.236
-72.595
31.958
54.832
-49.782
-0.178
-83.131
-15.624
-65.574
31.440
-53.464
42.589
6.20
-31.974
28.875
-5.327
4.262
-86.777
77.894
-10.425
-17.30
60.72
51.231
-52.714
85.42
-1.947
-47.504
24.790
-77.819
57.629
-77.998
61.458
87.661
-33.213
-57.651
57.52
85.300
-75.876
-42.54
-56.463
-96.840
-66.1
-60.888
86.873
-77.931
-11.640
44.625
33.852
12.747
-62.203
-93.999
-70.517
9.478
10.464
-77.893
-94.456
-16.452
-90.385
-41.749
-97.363
-69.856
28.226
-41.636
-43.98
70.475
-80.122
78.738
-54.681
35.122
10.171
-41.940
72.621
72.862
50.257
-44.327
-31.59
-75.390
-72.944
-6.631
89.142
-36.383
-40.707
-74.279
44.281
12.825
-60.157
-78.732
-87.356
-76.62
-40.952
-27.388
-54.580
55.106
18.250
-38.815
38.275
98.754
47.693
93.69
71.61
-42.840
-97.995
-12.202
-58.620
-85.858
90.597
0.895
-95.494
-98.988
11.711
29.805
87.303
-77.967
74.77
74.562
88.953
-78.405
-74.652
63.50
74.14
98.495
-62.234
22.163
35.390
69.164
13.652
-54.131
-90.57
-72.421
95.347
-80.545
19.207
-13.681
26.169
16.290
21.255
-30.309
45.51
-65.975
35.422
-71.103
54.822
71.588
-3.366
-74.883
60.756
-99.586
21.484
-1.749
-1.784
-1.307
45.813
-1.184
-39.639
49.513
-50.26
5.125
22.647
-41.0
36.901
54.754
-74.400
21.453
-56.244
-58.294
94.244
-39.349
-22.623
-37.765
-53.101
-5.407
64.82
88.355
-48.112
47.422
-12.168
3.107
20.529
-35.918
3.23
-20.628
43.744
-19.832
0.132
-73.932
41.744
-4.948
-69.20
-58.607
63.710
70.582
85.978
-85.297
89.697
-57.422
-99.415
10.920
80.341
31.599
1.515
95.485
-69.622
87.8
90.349
26.759
-45.658
61.920
25.300
61.32
-5.33
59.680
-95.601
10.189
73.979
86.457
21.555
71.16
94.494
10.655
-25.812
8.971
76.419
-18.781
-21.354
-25.892
-88.113
61.137
-55.883
50.693
-28.870
92.578
-89.6
-87.777
-74.250
92.127
-20.815
3.676
-3.632
96.334
-97.814
11.107
48.596
-56.883
-93.509
-36.453
-24.526
26.929
-16.384
42.681
-60.178
1.41
73.241
-3.197
10.690
-19.779
-7.355
-58.181
-89.450
53.692
2.952
66.806
-89.479
-60.34
-14.896
-29.315
50.122
-48.132
-76.373
-89.126
-82.781
58.799
-76.289
35.549
43.816
42.597
-24.347
10.296
-29.372
-46.313
-7.96
72.306
44.634
-94.321
31.565
-63.759
63.684
88.694
94.323
-25.21
-34.480
-25.652
-67.48
98.443
78.926
-27.41
-73.456
18.645
-12.91
78.168
-9.2
-89.79
75.846
95.944
37.275
96.302
15.327
69.345
-70.357
-45.87
-42.497
70.386
3.413
-85.508
61.698
-16.546
12.813
-64.183
-62.405
2.450
11.44
-22.667
-64.322
1.707
35.321
43.89
-6.701
95.965
-30.879
75.534
59.745
-40.867
7.331
-39.985
-31.772
-22.967
-59.225
9.521
-95.903
-37.730
82.89
-20.829
-76.688
55.727
-94.511
-5.33
-6.192
7.153
-26.100
25.438
9.320
87.792
35.521
15.828
84.422
73.680
-82.986
-16.393
23.572
33.49
74.358
9.597
-21.633
25.500
-57.185
0.810
76.344
96.12
-70.335
-96.921
-60.147
-96.456
-25.29
-27.555
58.112
-63.565
-96.241
-67.390
-35.812
-24.608
-13.568
9.364
55.142
85.421
-16.679
36.42
-15.190
-42.109
29.545
4.69
52.434
48.944
-0.251
81.988
18.657
-71.793
-37.560
48.302
50.384
-63.140
-89.493
82.941
-92.293
44.874
-70.944
-75.615
74.804
64.753
-16.203
64.318
34.707
-86.290
86.782
37.679
28.49
-77.924
71.50
-25.267
34.35
79.899
13.985
43.671
67.309
-31.446
-22.127
10.304
13.827
20.552
-33.839
96.718
-82.683
24.579
-7.346
73.629
18.304
64.314
-86.627
59.399
-98.32
-25.81
-3.863
14.439
1.747
-98.920
-41.991
63.7
-41.894
94.405
-3.103
52.80
19.883
-21.850
-3.651
-82.301
-39.542
0.557
-27.298
33.944
-91.48
81.800
-4.271
42.792
20.647
-45.830
-95.321
35.74
-35.401
29.987
28.878
35.811
70.515
-92.557
65.730
-41.427
-18.922
42.910
-72.45
-52.575
-28.903
-53.838
-77.460
73.5
13.322
52.63
74.233
-17.376
-34.400
52.604
-62.932
49.785
48.315
13.440
36.305
41.557
-74.83
81.500
46.234
8.39
-46.901
39.50
-70.650
66.864
19.600
-42.294
-80.20
4.701
-55.247
-59.407
-66.53
58.792
88.815
32.933
-69.153
-58.795
-9.628
-44.884
-79.291
-48.602
9.69
-70.679
82.219
-97.4
75.473
6.283
31.993
-76.389
-74.268
-71.216
24.625
34.396
84.930
54.879
-5.755
9.861
60.493
-92.21
-59.148
-18.119
80.695
10.929
24.966
58.620
43.825
-6.86
-52.198
91.142
-71.802
-19.820
35.800
29.163
19.587
-92.645
-96.341
3.147
23.699
-89.342
76.465
63.336
-69.523
-19.653
-3.824
-0.968
-70.964
-64.567
-45.343
-76.784
49.560
-25.875
21.144
-17.416
29.619
-80.719
76.41
-66.706
-54.503
42.631
-23.880
-70.405
4.378
-62.248
25.529
61.809
-17.437
-37.403
-25.558
-8.952
27.575
6.597
60.354
-59.368
-25.294
-11.307
-68.376
-66.113
23.791
34.751
77.779
-52.785
-32.646
43.857
54.834
-42.845
-91.665
78.984
-20.507
-72.793
76.770
7.374
-36.307
-71.2
75.357
-76.251
-85.495
69.173
-19.745
60.417
53.845
24.252
-81.589
88.912
-52.239
-3.216
99.853
-12.174
-10.294
-66.354
-16.459
37.684
84.165
90.606
-50.158
-20.361
41.412
-57.625
98.335
-84.401
39.618
91.107
-95.243
41.685
99.787
96.907
62.648
-28.857
21.355
-60.239
54.630
59.373
-96.721
2.262
15.261
-86.309
-70.271
-67.352
-41.725
50.686
13.940
-45.651
37.447
23.901
-95.268
-54.706
-24.577
43.996
20.238
4.340
-79.705
-85.303
-69.240
-21.463
88.658
67.964
-8.641
-21.984
85.556
27.360
55.692
75.829
-46.498
-16.420
88.560
80.179
-26.940
-54.761
78.698
92.126
98.433
-10.209
-25.455
32.972
-3.12
-36.492
-33.470
-72.524
47.354
-78.846
-22.397
58.7
-24.333
-40.317
76.720
24.256
-3.242
-23.614
-55.61
34.491
-43.914
-34.372
-85.48
44.88
-75.264
70.840
-9.996
19.319
-57.626
-97.561
88.656
-76.290
72.728
-52.424
-50.0
-73.522
-52.132
73.3
-60.660
60.809
51.298
9.226
91.898
69.703
-40.253
-76.678
4.530
-28.755
-23.967
44.579
79.83
22.392
-55.583
-69.704
7.845
-45.973
-9.577
-6.357
57.280
69.676
94.107
-17.229
-66.685
66.554
-69.613
-78.510
-65.119
-34.925
59.283
52.204
24.498
-31.167
30.733
-64.152
2.421
38.851
46.768
-84.703
26.114
-53.266
4.442
14.725
-54.155
31.19
-14.22
58.712
64.358
90.242
-93.721
31.74
73.330
17.596
28.103
-72.886
-21.501
43.911
16.628
10.770
-59.263
-23.446
-5.819
-81.288
83.316
-41.988
-70.161
-21.904
-36.773
-9.535
-25.247
66.22
-81.479
-78.60
-24.196
-72.337
59.559
-47.180
47.616
-26.225
24.603
88.469
47.603
76.981
46.257
31.182
-57.641
-45.841
-89.988
-58.766
10.890
-14.31
87.578
40.406
-5.804
66.88
-16.245
-25.142
66.683
-75.641
-9.904
51.718
62.105
-76.897
-23.802
28.720
15.636
-96.813
17.79
-79.754
-7.416
77.667
-79.681
-10.357
0.380
-95.9
-77.776
-57.972
80.790
38.569
-85.76
-89.905
10.384
-37.147
62.247
-41.842
-40.372
28.729
-30.409
-63.447
-50.485
58.426
-32.636
-88.574
52.488
97.829
-55.21
-90.702
-97.332
94.47
-60.249
-6.707
5.440
-41.128
-76.832
59.582
36.737
-37.427
-15.624
7.470
-99.182
-75.188
-30.394
-69.887
-86.464
39.723
73.211
80.948
90.15
-83.823
24.874
14.301
11.531
-1.200
70.938
-72.177
56.802
30.835
83.625
-12.560
12.984
-47.498
-18.810
35.711
87.681
56.554
99.262
-54.192
56.827
-26.792
-71.204
90.951
59.221
11.56
67.696
-10.604
31.503
-6.309
68.266
-55.444
-2.316
-34.106
-17.117
9.880
-13.948
-50.258
-45.341
-50.999
0.67
30.522
-99.925
-77.611
7.728
10.438
-21.803
-77.505
-88.450
-55.900
-32.753
-74.483
-65.234
-72.212
-38.71
-21.33
-88.154
4.483
-30.624
-49.79
-68.511
55.538
-16.603
54.728
-51.666
81.239
49.327
-72.231
48.913
-26.363
-57.283
92.38
11.206
-16.360
-85.464
25.245
50.847
-29.719
92.720
-31.298
50.355
32.700
4.111
31.879
87.864
-60.489
21.139
61.968
84.813
69.944
-21.146
-57.930
-31.186
63.518
-56.357
13.17
16.90
69.903
90.688
-83.709
75.331
22.188
21.671
83.634
-72.791
-77.604
-71.672
-56.842
9.184
28.68
43.143
56.117
0.690
31.973
-79.197
89.874
-16.845
-85.953
58.462
-71.242
-42.885
95.594
-89.594
-53.425
4.605
46.546
-93.562
64.799
-77.810
26.281
44.275
56.123
38.364
-9.669
54.674
95.520
-63.165
27.929
45.358
77.285
99.129
-11.737
17.875
-18.585
-44.191
27.538
56.853
99.981
41.578
94.755
-80.106
-41.518
-26.287
26.305
44.701
88.728
53.636
-87.635
-50.229
-72.875
31.207
-71.148
-49.526
-54.353
96.649
-29.738
-0.843
77.130
35.880
-71.805
14.836
64.808
31.457
90.363
55.759
21.188
19.540
-54.318
-25.853
-24.77
51.391
84.607
18.891
-79.881
44.236
59.9
12.929
8.335
-38.160
-97.337
12.740
-64.224
76.995
45.874
-29.918
72.778
3.542
27.703
16.741
63.890
-35.603
-3.419
-26.796
92.893
-39.723
-23.395
-69.451
95.78
57.946
-80.910
-39.397
91.800
19.78
-42.770
39.110
-58.685
56.154
96.150
91.7
27.239
6.479
88.522
42.593
91.335
34.326
-52.484
66.292
-82.940
77.483
-70.663
-73.369
25.558
30.0
-14.843
20.278
88.730
-41.948
-49.31
11.760
-81.730
-90.555
-30.280
-44.411
51.25
-45.597
17.885
-73.926
74.228
-16.939
-93.772
-81.614
42.296
62.340
-33.43
48.740
-41.757
-17.931
93.257
48.973
63.618
-60.151
12.294
-96.956
-44.489
68.738
90.331
96.0
-29.693
42.441
-47.356
-24.168
-15.432
3.781
84.977
-8.45
-24.287
46.884
3.465
-66.260
6.559
-64.783
-74.898
78.554
-38.738
40.198
-79.322
-2.221
-78.824
47.742
9.948
80.413
-20.639
-96.218
1.456
-35.196
-66.528
-37.782
92.312
-65.459
-49.721
93.101
-19.473
96.269
27.622
-48.509
-15.328
-57.365
19.858
6.975
36.976
-66.69
-61.741
95.537
0.717
9.665
-18.933
56.490
-76.909
-60.368
-4.904
69.522
88.635
80.882
93.482
-77.243
-23.362
48.718
87.446
88.858
64.63
-17.484
-91.872
-6.404
-58.998
80.627
-19.802
39.851
53.490
-76.579
-20.443
67.60
-89.203
-45.909
-84.420
10.452
27.671
-58.362
-11.15
-10.243
-67.63
88.731
97.120
-26.217
-64.554
-48.964
12.43
78.801
-47.12
54.474
-93.341
27.381
73.78
-71.657
83.521
-62.670
46.434
-0.912
-17.11
0.517
-79.362
-70.989
95.163
-41.86
-56.669
-25.684
58.230
-34.330
-63.347
8.0
-75.179
83.301
25.449
-46.390
-23.398
22.323
-95.833
2.267
73.482
55.490
55.117
17.0
-20.578
87.224
-92.947
-18.622
-29.917
69.620
92.993
-63.49
-85.656
-39.473
-47.193
-3.332
2.976
-98.795
70.176
74.645
98.238
-55.653
-55.890
71.482
-40.729
87.784
-58.686
29.185
-21.307
-83.181
17.131
45.287
-25.842
-10.265
19.206
22.593
-10.4
74.33
-33.6
-20.490
-52.807
75.304
-50.30
68.992
-68.311
-49.886
-15.696
19.422
-60.507
56.127
-37.631
98.906
98.309
92.377
0.946
-17.447
76.314
91.233
91.93
-46.201
-42.739
-98.189
-59.488
-1.180
-36.532
82.750
66.778
-46.622
0.313
-9.211
-49.454
68.904
98.515
85.317
2.5
-68.539
-30.805
-7.203
21.803
-28.464
-37.313
89.333
-83.432
64.269
78.223
-25.592
-25.822
4.581
-5.102
72.183
-2.672
86.662
-74.45
78.309
51.988
-81.965
-50.990
76.547
-5.552
89.376
89.230
-2.216
-1.591
-83.869
-35.73
-11.854
30.105
-24.981
52.39
-34.80
-47.570
-84.524
36.277
32.261
-90.96
-88.359
3.642
-61.766
13.370
22.204
8.803
-76.488
8.624
84.608
29.399
99.39
23.495
5.756
20.369
74.944
-60.152
69.280
54.840
-64.424
-88.605
-60.456
-43.480
17.837
-9.157
23.183
90.995
-13.164
-23.918
-10.535
-57.275
3.587
-92.830
-25.647
-65.508
-75.432
29.974
-39.587
29.463
8.225
-15.482
27.337
96.829
97.806
35.672
82.147
12.529
38.320
80.450
92.758
40.725
14.252
28.149
20.246
-63.734
15.416
51.181
62.671
64.403
77.295
67.587
-91.554
-4.782
46.454
-47.217
20.285
93.736
94.250
68.414
-40.43
-74.362
33.853
-93.557
5.656
-64.603
-57.424
19.617
13.63
79.732
-47.424
-63.899
-19.232
80.677
24.383
-73.299
92.457
-96.328
-89.93
84.72
45.372
-50.935
70.406
43.987
25.811
-16.36
-10.529
80.277
67.18
-69.354
56.52
15.154
-77.24
-71.867
43.945
-50.561
57.671
72.51
16.670
5.591
-66.899
0.666
-21.143
96.915
11.658
-88.461
-2.918
97.542
70.958
-65.315
-14.982
-68.34
-24.55
56.803
-8.266
-57.255
-67.157
-0.855
84.977
42.894
-44.960
93.228
60.204
71.913
49.573
86.131
-35.498
-3.699
65.135
85.478
-73.22
-43.667
-99.79
10.51
25.552
-58.538
-46.526
-43.729
96.394
-29.831
-57.5
-93.600
-9.300
-82.862
16.387
76.197
66.843
55.539
-95.787
-23.916
-80.173
-60.518
-58.828
-88.362
69.979
3.955
-27.421
29.229
60.76
-85.99
-45.832
11.592
-77.102
-95.91
27.960
47.615
-65.594
30.423
82.183
73.620
80.918
61.729
-61.358
-92.753
34.832
7.280
87.645
41.827
75.309
-86.582
-49.562
-43.776
-82.37
23.581
-55.716
99.475
11.815
-66.156
48.431
-65.70
-3.819
59.214
96.496
-39.119
39.174
-20.326
32.837
-42.655
-78.203
-24.369
55.124
-49.684
19.480
78.872
71.611
-27.883
63.968
62.862
-69.40
60.516
20.872
-52.373
98.93
-88.123
-2.694
39.874
-5.137
-57.652
-65.221
-28.981
-12.354
20.806
65.904
-90.144
-87.647
-99.938
-95.343
11.53
-41.18
-12.498
99.862
-62.882
46.947
76.537
-81.876
-32.928
-58.223
73.787
40.128
80.640
2.191
30.653
-16.752
-58.580
-97.613
34.545
10.955
-81.980
-57.272
-51.53
-95.7
49.490
-89.306
-77.417
55.614
61.248
-95.610
-4.43
-1.600
78.651
-47.398
-60.999
-79.689
49.118
0.825
-63.686
-24.333
-41.638
42.739
15.469
-42.468
-28.281
-56.560
-90.409
-94.409
11.525
-81.949
62.342
86.684
62.600
90.494
69.374
47.730
66.220
-51.614
-14.878
64.259
99.73
-72.659
36.322
-21.64
-74.285
-9.632
-55.498
-63.2
81.968
75.84
71.683
-10.107
-33.95
60.116
-81.343
76.704
-1.111
-50.975
14.408
8.935
62.507
41.817
-79.902
-44.362
21.43
-35.671
34.624
84.474
-35.189
-55.349
12.863
52.804
-51.536
46.380
-10.753
16.940
27.575
-1.211
50.146
59.54
51.666
-3.18
23.569
-46.768
34.378
66.94
-68.973
47.126
0.176
94.235
-89.239
96.694
60.417
-11.15
43.850
79.316
-56.436
60.483
-75.635
-37.81
4.171
38.119
-93.731
18.895
11.990
34.121
-0.878
-43.890
60.666
-6.55
40.759
12.149
-79.243
-15.313
18.777
-72.11
-41.111
-99.754
-93.67
74.873
36.113
70.378
27.9
-67.776
51.694
-28.966
75.260
52.11
-72.704
-57.678
98.15
50.237
3.816
0.483
-62.486
-1.815
51.942
65.747
-86.119
73.76
34.26
61.376
-65.332
-31.432
-20.46
-56.599
11.102
25.668
3.106
86.779
99.914
-79.975
-48.692
-33.723
1.196
-8.804
-30.515
47.293
10.796
-93.82
-56.533
93.812
11.860
9.493
91.547
-71.507
2.190
-84.537
37.999
45.344
-84.0
-89.346
21.757
45.919
45.262
-93.834
-46.936
-14.672
-79.710
-40.507
36.843
18.984
12.905
-66.2
-18.0
17.93
-76.439
72.905
-10.784
47.577
-28.13
62.683
-42.695
32.614
40.932
11.550
-68.678
-14.450
84.812
64.59
-51.240
33.2
-99.397
22.181
-95.921
21.585
40.5
50.119
66.303
-67.267
-44.870
-87.603
66.154
-88.76
-76.724
96.745
71.937
-71.739
-74.706
90.973
17.117
84.857
-5.875
76.515
27.391
-0.139
62.310
78.934
65.108
-59.350
21.367
6.103
94.561
-88.137
11.364
58.517
2.179
-35.709
8.226
-86.386
38.807
-11.713
41.59
-46.0
18.611
-33.322
-87.876
-56.212
-7.772
-19.558
81.248
62.959
-47.252
-93.650
-28.668
28.753
96.693
96.149
6.409
-42.580
-64.13
-45.75
-92.575
-51.368
57.297
-79.77
23.225
-96.922
-80.228
-89.722
-56.438
71.535
98.728
-30.131
60.688
10.420
14.943
-11.191
-10.672
-69.861
9.317
61.640
-41.791
-96.21
-72.333
-96.43
-98.610
77.373
-78.835
-59.405
62.14
-3.27
79.521
36.717
-23.41
-51.438
51.688
95.665
-30.995
-89.554
61.416
-2.19
-83.898
-56.486
-53.562
-84.165
-58.717
-94.864
3.446
-0.487
50.848
-18.550
-66.585
-82.393
-20.347
-0.131
-17.141
75.635
-1.690
71.791
94.693
34.764
44.30
-5.364
53.837
-62.137
89.54
33.981
41.583
95.206
-88.700
-29.186
-72.683
-1.88
23.241
44.56
-96.345
41.179
-73.772
47.220
-13.8
-24.690
-99.462
-56.615
-29.838
40.534
-87.482
41.175
-77.248
-47.448
-76.861
53.885
20.636
19.144
58.125
38.65
-27.805
-13.398
78.827
67.27
29.203
99.56
11.828
-85.147
27.805
-8.396
-75.975
72.240
97.18
-23.137
96.466
-31.717
-54.228
-62.814
17.441
46.301
-93.576
-96.101
-98.698
76.321
32.770
92.201
-59.555
-55.469
51.87
-52.885
-53.578
-29.27
-45.925
-31.453
54.638
96.682
56.641
-44.49
-98.52
-45.104
-94.9
-20.38
46.783
-23.966
74.20
94.117
68.325
-97.169
-47.519
-37.464
12.659
17.679
50.977
-60.253
23.179
77.173
60.493
-37.342
-15.542
-45.179
79.843
74.760
-59.662
27.474
-61.298
-68.475
43.687
-92.577
13.192
2.938
7.269
-23.196
-18.755
42.435
-72.848
-28.368
62.112
90.756
-60.469
-24.123
-67.830
53.953
-51.523
12.518
-48.190
-33.70
-46.685
46.175
-75.587
-96.463
-8.630
89.635
-66.886
50.751
22.999
90.984
-78.830
79.928
-87.855
-13.452
15.360
99.849
-36.467
-49.969
-32.791
-5.133
1.12
-33.243
-93.230
39.796
-1.63
-44.862
-75.498
-92.200
-12.132
-83.838
38.91
76.576
-43.469
17.61
-95.462
33.358
-72.385
78.429
-53.241
-20.876
-73.615
37.991
-97.286
-39.355
-29.650
30.883
45.255
-10.233
-28.139
-26.411
-66.184
97.174
-56.623
33.762
23.443
27.673
-90.370
38.32
-15.860
-86.338
-34.656
-48.905
54.662
51.395
-51.871
53.198
-39.88
-33.278
12.494
30.680
59.66
25.915
-65.921
-80.372
-9.975
-81.29
-78.120
-97.153
-1.417
65.347
-19.707
82.32
-51.850
81.782
59.944
8.425
8.956
-48.905
66.306
-31.371
-76.143
87.277
-18.328
-70.662
46.321
-98.882
83.542
89.742
-0.760
28.91
-4.767
39.207
-7.677
-76.747
28.493
-76.244
-50.27
31.668
-18.968
-64.697
-29.553
-41.893
-30.100
-0.728
32.857
-90.133
29.335
63.419
-90.937
78.253
-10.34
61.775
-19.106
-6.58
-40.591
-19.81
43.762
-94.825
-65.716
5.546
-94.408
89.69
76.440
-64.846
-32.386
-57.906
67.649
-65.995
30.612
-37.470
-45.616
-39.605
-9.682
-37.298
24.182
53.839
-16.458
-93.24
-43.306
14.243
83.440
-60.580
-55.789
-95.879
-29.203
1.408
32.576
63.469
-90.265
-33.31
-94.314
23.874
10.782
31.477
50.806
3.859
-47.543
50.507
28.449
-13.982
-94.928
15.903
-16.514
10.145
32.448
-8.603
-93.451
55.801
38.29
-86.443
65.637
10.404
-29.620
-83.130
-13.814
-2.523
2.368
93.575
44.613
-95.451
29.768
-90.878
7.360
-38.643
-15.908
43.962
-75.664
-10.910
46.206
-12.1
-24.630
-74.373
-79.780
-5.719
65.686
39.481
-37.709
55.819
96.966
-3.530
-14.954
93.580
-2.460
-72.917
-36.82
-9.121
-97.910
-49.465
-11.714
79.269
-48.583
52.128
29.431
87.203
67.791
34.401
-82.50
-91.699
19.610
-66.341
-42.541
25.194
41.23
16.162
-9.330
-83.564
31.698
90.89
14.260
-52.826
-11.21
-54.798
26.739
-80.656
38.465
39.600
-41.832
-45.422
0.836
-65.140
23.603
22.458
16.536
85.268
16.506
-30.97
7.90
83.535
-99.187
76.304
-32.227
-56.202
-31.70
-98.207
20.423
12.753
52.113
76.848
-22.399
-56.28
34.560
63.368
3.900
78.950
74.822
-77.334
29.438
-71.614
1.988
19.396
41.330
42.394
46.749
71.579
4.154
-12.683
73.912
52.283
-26.37
-0.656
-54.797
-68.391
51.289
85.913
70.117
-29.381
-22.106
6.758
-57.185
-96.137
31.644
49.912
13.15
78.501
-71.23
-17.52
-99.626
92.185
21.342
-39.790
-13.221
84.23
-99.588
55.667
72.190
-58.607
25.658
50.903
-34.976
3.916
14.729
16.566
-83.817
-18.772
-53.696
-12.354
-74.831
-15.233
-93.968
-13.923
75.237
-59.906
17.841
64.59
82.413
38.277
-6.703
-32.671
61.364
18.830
-92.505
-47.964
20.582
-62.298
-76.781
38.571
-6.277
5.909
-89.722
-42.341
-70.33
-35.880
11.152
76.314
52.842
-94.80
-64.438
-38.43
-83.832
45.126
36.496
33.884
-95.195
-90.623
36.875
-11.421
-10.538
86.928
-23.912
83.909
36.45
-70.531
88.978
-6.320
90.857
16.720
74.130
70.68
61.444
-85.979
-87.16
85.938
20.627
1.585
6.128
38.96
43.571
87.693
11.155
-47.140
-44.479
86.964
12.536
15.390
-39.148
-20.686
22.481
6.720
-10.331
-59.578
-87.74
-83.161
17.425
-79.140
78.332
-5.152
-28.26
-23.84
-63.395
58.754
45.493
-11.276
93.745
-64.176
-25.154
86.159
-33.288
14.463
-63.378
47.836
-10.33
48.96
50.989
-78.306
46.731
50.118
6.503
89.17
9.732
23.980
44.42
-57.642
99.293
-38.771
53.569
23.19
5.625
-78.767
-63.176
29.951
32.495
19.653
-3.404
28.142
59.395
73.671
58.128
-98.406
-3.321
93.251
15.383
80.102
-87.857
87.285
58.396
50.570
61.980
49.778
-5.333
88.379
23.246
-54.626
41.513
-33.200
-18.810
51.912
55.173
87.275
78.632
-38.420
-1.944
-99.50
99.743
-9.76
-5.895
97.946
11.254
57.241
-81.19
-42.909
-31.810
-18.809
-31.361
58.970
-90.275
32.24
86.787
-66.544
-21.777
60.820
20.403
27.421
85.852
86.563
-63.753
88.585
-11.971
-88.438
58.611
0.772
52.44
-14.371
-89.156
26.142
-33.758
-67.546
-78.509
-77.549
-72.907
-44.308
89.660
-88.126
57.867
-82.893
18.878
59.746
85.576
34.805
-22.977
-73.222
-96.63
-15.551
-9.460
8.642
-54.12
-9.323
11.808
73.495
-33.117
-52.990
31.238
22.905
-39.714
-23.175
1.781
-58.290
-64.601
47.575
-36.760
2.64
-42.147
97.669
-3.108
-22.331
36.585
14.395
15.859
-77.907
34.343
8.497
-24.239
30.336
41.691
67.766
-19.554
1.68
-25.335
-50.813
-3.347
15.56
-44.632
-67.315
-12.656
-64.75
-0.395
73.748
41.73
-69.675
-7.778
-89.846
-67.590
-37.157
94.921
43.638
-10.638
-83.564
24.105
-1.826
42.634
79.223
-24.442
54.179
-50.474
-3.369
-84.280
-59.463
35.340
-83.541
-7.583
62.815
-62.939
-53.645
-53.896
-74.51
82.835
-32.995
98.630
69.165
67.573
-99.687
58.649
-8.402
37.455
44.730
68.864
-25.848
97.246
-9.515
14.835
-2.134
58.693
5.953
-97.742
-38.886
-82.754
9.331
84.80
-40.341
-14.655
61.310
-95.120
31.25
-69.374
-14.64
42.146
85.456
29.692
-18.484
-27.999
19.512
-98.8
-73.839
50.760
-20.226
77.968
-88.906
-34.535
-61.805
-30.233
54.4
-40.902
-98.676
-81.278
-38.98
60.727
81.567
57.302
-78.363
-83.93
39.499
7.891
-84.389
-3.370
-31.561
-37.673
63.854
96.912
15.890
92.625
54.764
-21.171
-90.855
-39.359
-66.442
43.331
-48.994
-21.690
95.658
-85.702
21.409
56.430
-82.20
50.559
41.325
-92.120
-17.969
49.790
-92.885
-78.323
88.844
15.300
61.934
66.137
31.278
89.622
31.140
-15.389
-93.633
-82.763
73.404
-25.319
-55.680
9.46
22.129
-64.371
74.102
54.669
-75.114
82.96
64.21
-90.946
-68.653
-33.514
-34.88
-66.52
20.527
66.833
1.408
-21.843
57.459
-45.750
-4.70
43.3
-81.390
0.156
-90.628
-34.594
95.795
-74.568
98.326
48.823
-44.28
-97.971
65.404
70.456
79.146
67.280
88.527
69.2
-46.152
-30.352
68.548
76.746
88.811
-42.833
-4.864
94.431
78.71
9.841
-61.287
38.869
-91.337
72.465
-77.554
86.48
-3.105
67.351
64.30
-40.991
-18.804
-0.443
-35.786
-71.511
0.588
-93.126
-72.581
63.749
37.965
35.757
-22.775
0.227
-47.115
-83.986
-85.938
-92.784
0.356
13.871
-78.760
24.96
-14.70
9.971
98.370
-74.606
-13.791
-88.535
-93.888
-28.953
-63.83
-16.660
-25.674
-10.635
74.634
5.160
-70.374
25.214
-17.808
-64.736
83.451
-14.567
-41.193
90.455
-63.581
6.686
-7.108
-99.785
78.502
98.967
-71.402
27.568
-96.561
39.451
-69.266
34.672
-59.979
-10.330
75.261
-49.659
58.182
-71.561
52.457
-25.248
-6.218
-67.352
67.163
-74.673
67.448
63.297
77.308
46.579
-30.31
-28.209
-29.215
44.334
-84.901
56.728
-58.895
-21.258
95.488
99.634
-68.616
-43.996
-19.225
64.922
-62.406
74.714
60.472
-46.645
-81.540
-77.691
52.660
10.255
-26.726
-60.291
-29.5
-52.31
2.691
0.489
57.723
53.700
36.704
-87.414
86.392
-11.853
10.834
-68.238
-40.793
36.393
78.650
-61.756
-87.344
25.31
-66.869
86.733
-97.543
17.411
17.51
-60.288
-92.118
52.731
-11.818
27.95
57.762
-79.600
-7.550
21.967
-73.884
-71.344
-10.189
-3.141
-53.252
46.579
-23.536
-69.868
48.75
22.48
-8.673
50.744
-79.654
-79.758
11.811
-61.509
-58.532
-70.101
82.949
92.324
-21.284
87.234
-46.814
97.845
38.356
-83.869
-11.128
-76.950
9.232
21.876
-81.849
63.37
-41.135
25.332
-20.770
-25.405
-92.817
-92.245
-93.207
-95.128
-22.410
85.725
30.466
-94.343
-51.763
68.241
-3.285
-18.429
35.422
84.270
-9.944
84.729
-95.211
94.205
-73.908
26.677
85.732
13.203
87.38
-67.823
-28.432
99.716
95.64
-61.258
19.983
92.9
58.95
9.760
-42.547
-98.367
75.995
97.547
51.42
-17.356
-41.775
25.119
38.629
-83.590
-32.433
-19.931
-81.706
75.55
-90.59
17.928
-6.221
-26.846
-8.536
-36.320
-77.104
66.223
21.204
24.831
-74.822
-67.591
-67.750
-95.576
-93.136
21.525
-39.502
42.968
76.290
-68.166
68.441
-27.860
15.779
76.974
-83.268
-79.641
95.980
15.774
10.250
-61.170
44.591
52.218
52.685
2.861
-81.297
-48.176
-40.172
34.739
-49.750
-54.463
78.359
42.612
67.164
-71.119
1.52
-0.100
-91.140
15.674
60.24
60.830
-30.260
-43.403
74.822
-95.593
-78.746
-57.198
-65.590
97.605
-69.17
94.429
31.11
-80.354
-40.381
17.776
-65.754
13.964
13.581
5.779
72.0
14.994
87.578
73.110
-13.850
28.20
35.385
89.351
94.16
88.522
92.894
-13.508
15.548
-29.273
-50.438
51.866
81.502
18.443
70.537
-52.78
17.670
-82.35
-94.250
-35.680
87.382
-41.33
-15.467
-26.437
-41.907
72.812
25.929
24.964
-31.910
39.345
71.84
-90.625
28.692
67.319
-54.912
-79.784
81.161
58.585
-69.268
-31.759
-77.331
53.773
-67.601
47.21
-17.475
46.854
-39.588
-61.346
-0.867
0.51
-46.928
-29.234
37.1
37.400
9.869
92.667
-60.606
-88.320
6.772
40.872
85.319
14.548
-16.185
19.274
96.783
48.976
6.988
53.628
97.834
9.874
-72.212
-16.178
-93.194
76.565
-59.961
63.561
-35.868
-18.173
-20.470
95.980
-42.104
8.420
-74.866
77.442
54.253
67.816
-56.504
-85.922
-43.742
-35.89
53.131
-36.891
-96.917
-3.746
-23.301
8.420
-3.729
70.214
-58.209
69.196
59.50
6.38
-74.986
11.89
91.912
23.121
-72.276
77.247
4.205
78.326
-89.886
-83.692
-21.518
-25.230
-27.621
-82.296
57.721
-62.398
-33.955
-65.133
94.374
-25.809
94.331
50.208
47.835
-56.217
39.126
-50.588
-8.873
23.191
-17.385
97.563
70.57
13.559
38.158
-84.415
-78.506
94.356
60.916
-85.391
43.109
-75.306
68.28
93.441
-25.479
45.115
-33.294
96.440
-52.952
-81.137
-1.480
-58.707
-79.275
-9.868
50.46
-50.291
-17.876
90.225
71.277
-68.258
9.711
58.669
66.400
-3.961
-33.912
94.114
-71.984
94.26
-57.598
-72.318
24.579
-8.138
-99.356
-18.911
-5.596
90.891
-18.614
22.709
52.318
58.691
-75.667
2.728
-99.579
-49.497
-8.54
83.296
-72.514
46.289
98.141
48.699
68.926
68.829
58.428
5.477
15.937
-21.720
19.645
83.991
-8.841
51.89
38.757
-92.778
-26.936
-39.293
-2.408
-20.582
-86.1
66.336
-36.296
-98.199
-12.89
-1.281
-22.559
-20.799
-0.553
-69.173
58.659
45.878
22.766
-93.464
-4.729
-73.782
72.804
8.225
37.577
-26.446
98.256
22.301
35.276
-43.21
3.977
53.551
-36.223
78.283
-72.320
19.799
91.949
75.123
37.658
17.554
-62.9
35.762
91.150
-51.29
88.901
-54.672
-18.515
-90.443
-64.980
-18.950
-93.112
-46.547
1.390
32.93
95.233
82.387
-68.57
55.148
-65.664
-86.883
-13.176
50.874
1.176
2.8
33.655
-68.437
-76.857
-99.864
-65.230
63.668
-64.382
76.732
-36.833
-39.835
-35.120
64.589
33.265
60.664
38.581
-29.996
-7.860
-62.637
91.225
48.16
65.751
38.368
49.901
21.113
-57.504
-76.385
-11.993
-80.855
-33.198
67.198
-88.863
82.202
17.3
17.124
-33.133
82.909
-28.472
86.204
-81.837
-53.204
-90.845
83.879
43.897
-57.866
37.452
-20.586
-89.914
-51.0
72.833
91.287
-8.729
89.912
23.908
61.265
-74.154
21.375
78.664
59.368
-44.692
15.484
-95.292
-19.333
23.809
76.722
-48.196
71.70
81.900
-58.511
-35.755
-97.823
99.918
-30.237
73.13
77.789
46.489
21.213
-72.194
-39.404
-26.491
5.641
-69.140
77.70
70.695
-25.572
-49.670
-74.792
69.16
-16.7
74.133
40.438
76.759
31.388
-75.11
32.436
30.737
-18.464
71.685
-19.654
71.528
-66.120
-51.197
-27.380
-74.555
16.439
-82.821
-19.192
0.763
-49.434
5.257
94.724
74.475
65.2
44.728
-87.644
-17.379
85.898
69.51
-39.852
62.958
66.852
43.678
64.843
-18.440
26.479
78.396
99.634
-12.655
40.146
3.761
76.379
-20.122
-44.187
70.305
76.383
27.861
57.912
-86.24
69.17
53.620
47.148
46.269
23.865
95.235
-12.811
55.239
-99.896
77.34
-11.704
43.109
-84.857
-56.503
-51.78
33.425
-72.337
-47.645
87.744
-87.622
-64.933
-10.176
77.112
44.120
-80.972
81.205
-69.830
-20.229
63.616
-54.903
79.820
61.30
52.859
-52.103
-7.383
-92.916
2.937
-50.610
-95.525
85.579
-96.158
-41.319
-65.523
-54.627
11.486
-92.178
78.481
95.83
-40.279
2.164
19.360
-8.153
27.71
-6.225
41.736
-59.928
45.6
69.153
55.894
66.548
-8.19
9.127
-81.606
-76.613
51.954
-13.13
-53.410
-74.732
-30.587
-66.206
65.814
77.275
43.556
-79.885
41.536
-90.349
20.502
56.828
-97.59
33.825
68.642
-23.520
56.963
44.42
-97.983
56.226
-80.346
15.54
-81.151
-87.236
-51.857
-30.680
-36.536
50.33
-98.782
34.91
-19.323
59.538
-80.172
59.811
68.663
-67.245
-38.833
-72.983
48.933
-60.867
-50.487
-34.998
24.878
66.890
-48.210
35.777
-54.815
61.287
-54.587
29.700
-47.850
-88.385
-20.61
-24.679
44.827
26.362
-6.668
-18.930
18.236
0.665
1.364
41.952
-79.25
48.49
59.245
-80.572
30.978
95.296
51.567
43.667
-86.520
80.261
59.240
-52.41
72.552
-71.633
85.115
-68.111
-32.962
33.257
50.696
32.776
18.236
-29.488
-41.212
99.235
-29.921
37.641
-94.973
-17.858
-60.609
22.293
-98.511
-66.992
-75.433
-36.433
83.914
-45.152
-70.498
9.815
58.475
3.350
-73.348
-82.414
28.941
-37.777
82.612
-0.857
-7.679
-92.41
35.199
87.203
84.828
44.310
-48.138
85.228
-56.462
93.763
34.122
73.514
27.501
9.340
-93.324
77.20
-27.68
-18.254
87.362
-20.307
62.593
-84.366
47.793
62.55
-27.500
73.478
81.105
27.324
-54.263
43.183
47.997
73.682
66.981
-13.743
48.523
11.148
95.929
-0.356
10.10
-83.353
14.500
91.926
33.792
-21.657
16.805
12.969
85.464
64.64
19.375
37.110
-90.576
-93.367
77.553
-43.926
-5.543
41.607
74.892
-87.209
9.528
90.818
28.260
-66.853
-83.631
92.926
58.483
82.177
27.803
-85.290
11.52
12.394
75.22
14.140
-73.323
85.67
76.326
-61.960
54.588
-91.25
-85.336
59.600
52.575
-57.541
-15.515
9.752
29.180
-84.694
17.548
4.339
-82.276
-64.535
-88.639
38.496
-77.664
43.773
-24.102
-36.838
-8.807
-20.812
9.846
-86.611
63.851
19.942
64.319
77.362
-42.138
87.974
79.534
-18.54
49.615
7.201
1.116
-35.935
-65.200
-11.129
30.771
3.10
-66.189
85.208
-20.109
-2.168
46.570
-94.657
84.574
-93.985
-68.367
-82.822
-22.188
-96.626
-77.946
-26.700
-76.147
-42.841
-48.78
54.471
-41.792
99.474
-68.548
-26.196
44.474
-23.700
22.76
-92.70
70.971
-71.625
8.867
65.818
43.786
58.312
-51.308
91.883
83.206
22.550
54.220
65.143
47.304
73.69
-25.612
-25.123
-73.874
-44.517
18.752
69.374
94.929
38.494
-59.893
0.918
59.395
-4.872
-14.545
-33.241
87.660
-47.581
9.75
91.465
-17.24
99.676
50.535
-66.92
56.658
-21.543
-8.630
-95.829
60.338
-55.730
43.499
-29.599
-32.449
31.15
-53.124
69.297
-79.405
-0.552
-3.113
-80.368
-75.163
-94.392
-89.325
-72.708
-47.61
81.283
-10.614
17.714
-58.517
38.450
47.977
-56.771
-16.212
26.485
3.384
-4.217
54.527
-58.297
-67.355
-40.393
82.141
-87.449
36.918
63.644
97.699
-93.855
76.409
21.120
-33.187
14.779
-45.561
5.400
36.689
79.752
-12.649
-77.795
11.471
73.645
32.678
47.792
7.789
-60.294
-62.430
-35.761
-3.773
-23.202
-97.914
-81.139
37.472
32.971
-55.678
-43.438
31.52
9.439
-90.243
69.866
47.163
-45.897
-39.834
64.867
80.774
38.469
-89.352
75.113
70.504
-42.525
65.973
54.670
-83.909
-35.425
7.306
60.396
0.637
96.812
-79.34
58.77
-54.494
66.849
75.984
23.19
-37.278
-30.439
91.291
5.239
33.18
-16.928
-25.483
7.901
59.377
-25.152
-64.389
-61.919
-6.211
36.968
31.601
-61.670
19.995
72.903
-74.414
-12.439
-22.755
-62.668
-41.574
63.111
76.794
55.955
-67.375
62.547
-59.674
84.386
62.760
-81.722
-71.415
73.778
-95.754
70.362
-16.881
9.444
57.303
-19.187
-73.601
-83.582
13.106
-17.31
-33.326
95.648
-12.964
-57.325
1.282
-19.602
-75.427
-44.162
36.475
43.645
80.430
-24.625
-82.889
22.246
-57.947
96.18
-22.846
1.190
-15.126
35.421
-86.854
-15.178
-93.813
-39.287
58.44
12.740
68.914
-4.168
-2.83
-27.471
-46.657
46.25
24.870
-39.509
-52.619
65.132
97.352
26.708
-94.10
93.438
61.636
35.34
39.258
9.549
65.802
18.19
64.516
-24.195
-4.189
-67.34
-54.447
-98.282
-19.774
62.383
-14.748
85.267
41.383
1.307
-17.911
-96.630
13.584
70.782
10.953
-60.615
59.629
13.967
38.760
79.361
16.830
-46.827
-58.492
18.463
-65.773
33.385
-37.496
41.261
-64.699
-70.679
83.747
59.93
-17.103
60.874
-90.39
21.372
-19.961
-51.554
-98.418
-9.288
-29.823
32.582
-61.252
35.64
-72.154
-86.827
85.699
81.750
-38.301
-94.110
-82.892
68.124
-48.337
-31.25
40.649
-36.336
-8.821
-42.602
-31.292
-90.239
-89.121
60.741
-18.489
-75.172
49.664
30.652
-86.861
93.603
-50.786
-9.828
-30.18
-43.530
80.948
6.876
-10.377
11.959
0.97
-62.490
27.593
-37.2
-85.884
-7.427
70.107
74.965
-51.675
-93.238
-39.990
-46.753
-8.832
57.521
39.59
-38.566
-20.488
3.962
13.514
-53.159
-1.550
98.196
85.404
-18.314
52.753
71.443
16.916
-21.119
43.984
-92.538
-32.91
-63.389
-98.274
18.44
-60.997
64.368
-35.936
93.809
66.304
-5.97
-55.481
-3.744
-99.343
52.461
-70.973
-42.938
9.273
92.818
46.537
-84.942
-13.898
-80.953
89.305
-24.709
3.479
80.73
76.582
-9.626
-4.972
3.309
-51.822
-80.602
54.743
-23.167
-54.623
-10.403
4.931
-23.441
60.797
-87.600
-56.651
75.431
99.38
-77.461
-15.515
85.525
-29.781
-7.204
63.317
-92.656
-30.164
90.739
5.390
63.719
-92.435
93.72
-0.353
-87.212
19.276
48.868
-77.299
9.389
73.94
-26.509
-41.802
24.947
-32.347
21.287
67.206
-82.255
-53.32
-88.894
-62.919
-79.145
-67.739
-90.863
-85.747
-86.820
52.640
41.522
-51.476
60.664
-59.179
-56.410
62.77
23.967
-30.504
-85.43
-79.795
-80.36
87.988
-79.300
65.659
70.567
73.830
66.953
23.235
-78.321
-6.552
22.432
13.272
31.751
14.117
-28.639
52.464
5.331
-77.806
54.284
-25.291
-92.465
95.330
-90.362
-85.928
-40.857
-15.261
19.219
29.48
74.254
-92.880
62.72
-65.219
-92.309
23.994
70.287
-9.402
13.873
99.302
40.276
-17.468
-37.431
-74.948
-42.293
-24.216
35.538
54.900
87.765
-39.464
40.804
-47.773
-82.662
93.937
71.631
-10.108
95.943
20.49
94.337
-94.376
97.568
28.815
79.349
-14.242
-97.65
-73.127
-69.775
3.295
38.441
-37.88
-53.537
-74.417
68.196
76.10
-22.159
99.232
36.853
-68.857
-49.495
-20.884
-19.138
86.412
21.832
-58.708
37.330
33.681
9.869
-60.189
-6.339
46.711
-73.682
90.820
-71.294
1.452
94.241
94.726
-30.36
-20.296
-67.155
-9.53
-88.78
4.768
33.540
-45.941
66.335
70.881
55.164
-13.684
-9.4
96.265
-46.353
-78.110
83.243
81.640
-32.659
75.629
-97.936
55.449
-62.711
75.707
-42.206
87.536
52.871
-6.153
-5.537
-39.264
-7.62
-91.669
-60.31
-32.359
-22.353
66.92
-19.344
68.2
-57.7
57.399
-86.58
51.150
17.62
95.446
-32.569
-27.135
6.254
-9.874
-65.931
-10.788
-20.426
-91.77
-84.247
9.294
-44.926
-85.53
-17.211
-94.273
26.390
-17.101
-7.21
55.564
6.49
66.858
-77.54
5.639
-20.409
-42.3
38.481
-17.498
-85.805
-32.813
8.319
79.385
96.515
-91.220
39.693
-50.835
-35.873
-10.442
-38.628
87.912
-52.20
-67.551
91.447
-70.690
-41.629
72.531
-7.966
76.676
-43.466
-19.5
-57.858
13.425
7.268
16.739
98.532
72.704
82.964
16.792
-45.687
-2.806
23.963
64.477
-8.436
-99.5
-32.403
-94.675
-40.657
52.926
40.571
99.574
-12.197
82.814
82.622
50.774
-57.606
-48.453
-43.493
7.45
62.137
5.237
-54.701
-70.35
64.17
94.267
-81.876
-19.24
36.768
-59.127
12.189
-85.994
-83.700
-31.271
-93.535
78.281
88.162
5.933
-27.269
-42.181
6.593
8.430
-46.914
38.945
65.691
-61.421
25.909
-66.467
-83.546
68.641
32.147
-33.555
-33.454
34.544
57.509
68.70
59.848
-17.366
-55.649
67.169
60.701
99.786
-20.420
55.6
-87.815
-11.383
-55.695
-13.912
38.319
10.539
74.399
86.550
54.70
75.225
-93.313
-19.376
-68.483
-65.897
-80.435
96.997
-29.224
15.910
88.964
80.192
31.785
-97.604
98.73
-95.390
55.923
87.319
-6.101
-77.616
-50.4
45.37
18.720
-4.517
18.867
-16.762
10.170
-92.57
-24.964
-79.993
-97.695
80.492
-54.611
-14.67
-30.886
-71.902
-2.364
-9.357
-87.933
66.964
-61.362
13.442
-54.396
-63.362
93.592
39.863
-99.918
29.679
16.466
20.84
-16.445
60.611
-96.265
95.481
-9.774
14.365
-20.664
-91.193
-71.362
36.782
-18.798
-61.810
-99.606
85.853
33.563
26.29
-83.449
9.541
-67.364
-90.853
98.971
3.784
71.383
4.220
71.954
-64.880
-70.215
-45.877
62.896
-92.386
5.136
68.239
-41.362
73.67
59.890
-59.254
89.876
-20.422
-92.436
80.280
22.737
-86.957
-35.751
68.724
73.435
32.447
-23.788
82.908
-70.52
54.232
-25.6
84.993
82.328
43.748
-23.121
-45.105
21.581
26.115
52.586
19.592
-14.817
-50.453
-44.36
-89.631
-11.955
68.952
-24.174
-68.200
72.804
28.423
-16.689
63.340
-3.36
72.826
-41.137
31.757
-79.781
8.701
53.425
-35.653
10.321
55.437
53.640
39.964
-56.805
-29.989
6.620
-57.281
-60.734
19.621
-2.184
27.239
-43.944
96.335
75.691
43.320
68.526
74.835
33.95
17.815
6.769
-69.296
-68.792
8.588
-65.864
-27.459
30.428
53.902
-58.288
0.657
12.16
60.37
-47.805
82.666
0.231
-62.658
-44.288
56.93
-4.651
-48.752
-58.16
90.277
71.476
-43.911
-4.211
-81.125
-18.269
82.578
-53.182
12.530
-81.141
65.783
87.754
66.198
11.54
-39.836
25.354
51.388
70.842
93.706
-20.287
-16.953
40.740
-41.158
-5.521
81.412
-82.489
56.40
57.862
-92.608
9.380
-68.548
62.389
-10.82
61.188
-14.621
-55.155
-50.411
33.320
-11.712
-95.174
-66.142
91.456
7.166
-34.879
-33.945
-45.200
93.350
86.136
93.399
-8.494
3.60
-99.403
32.263
0.797
7.582
-84.327
-15.873
10.259
-26.52
-54.212
8.415
56.915
-8.99
30.51
-32.959
80.443
-80.10
82.721
21.247
-58.653
-42.113
-86.769
33.429
-96.611
-55.844
-97.776
19.608
13.690
-67.511
-76.822
46.764
35.750
39.535
94.31
53.739
-71.536
-84.807
-60.721
-8.240
4.416
4.814
-18.849
52.788
-16.435
91.488
-62.260
-9.896
-16.56
-13.517
-74.821
-9.677
8.495
9.100
98.216
18.159
-77.421
-24.130
-31.246
-59.811
79.986
68.647
23.208
-27.769
72.867
-52.237
-21.266
-1.843
-78.774
-16.486
-18.217
-94.737
95.860
95.788
48.660
16.913
44.386
-92.987
-71.318
99.434
87.204
-13.98
-39.145
-72.193
-75.341
98.157
-58.801
84.694
54.317
50.916
-32.656
83.169
24.160
-74.133
15.208
65.606
32.916
85.701
-78.507
-40.757
89.641
-42.376
93.53
42.827
-32.542
-67.860
-8.44
2.130
42.160
99.100
24.89
54.683
57.629
-20.71
17.556
-74.423
-89.831
73.285
-6.127
-50.378
-51.603
-45.809
68.166
95.186
-50.355
99.529
-8.371
-13.444
-1.803
-48.953
96.357
-38.654
-63.574
17.170
42.620
-76.819
-33.979
21.144
-99.445
5.746
-41.442
80.32
-28.495
94.812
-98.407
-6.483
-48.816
-60.589
69.441
-81.146
-51.139
-25.319
6.847
-10.593
87.391
33.950
-1.150
97.10
41.32
-30.665
66.216
96.394
58.500
68.462
-91.450
-24.435
-41.236
-25.185
51.426
-66.757
31.923
-35.719
10.177
32.146
-99.789
-58.865
18.506
-29.232
-2.983
7.202
29.385
68.673
53.383
87.68
87.967
85.177
-18.648
39.177
-46.479
28.938
18.867
84.188
-68.941
-82.980
-94.767
-95.752
62.722
87.914
96.160
88.240
-35.911
-67.95
-24.215
-64.98
73.592
-49.488
54.2
-8.641
38.989
0.677
51.964
-70.883
77.107
-78.372
-59.97
7.898
12.952
40.612
-33.351
87.703
34.606
91.577
44.506
12.984
-30.343
92.703
43.815
-47.107
-45.493
31.132
-47.266
28.158
92.254
-15.418
63.748
-7.892
50.635
97.35
-56.732
19.363
-36.311
12.891
13.635
-25.650
-69.13
-60.173
-55.675
-17.824
38.232
53.251
-0.640
65.652
41.218
-18.843
-66.864
-61.976
-1.531
-77.400
-39.339
34.544
-92.444
-13.361
-77.102
-76.273
25.939
-40.552
-80.6
-47.935
-86.374
-10.760
85.752
-52.717
71.546
61.522
-45.648
-94.640
71.673
-79.420
-88.59
88.469
80.254
-20.406
22.929
78.690
7.588
75.782
-99.953
30.984
95.573
87.761
40.94
-97.366
23.588
44.918
-40.925
-35.252
-23.452
84.234
-18.829
10.669
-72.161
-39.58
-65.781
-20.878
-65.870
51.405
-70.181
95.517
-4.835
-86.898
-81.822
-23.213
-31.478
79.898
-46.516
-91.919
-40.241
-41.436
-28.192
44.378
82.812
-28.235
37.718
-27.497
47.196
-85.387
-32.379
-61.920
-7.948
-92.644
-76.326
81.507
-52.244
-54.23
-54.370
22.507
9.839
89.252
6.911
16.4
-56.132
8.765
47.470
56.724
-62.130
-65.852
-58.513
-31.2
23.109
64.25
1.833
64.641
-35.740
-1.496
91.110
2.427
-69.186
79.117
-41.140
-67.556
49.9
-63.474
-43.161
-92.314
-18.605
-73.460
-81.681
53.460
80.753
16.473
29.974
75.390
-14.133
-45.377
72.495
-62.969
79.2
82.755
6.288
-22.4
95.986
-78.361
-86.828
56.773
40.398
-81.460
-83.739
-17.773
-12.31
-60.653
85.901
-84.431
22.717
96.625
-48.117
96.799
-64.834
-35.551
-13.763
79.575
-1.460
-10.745
32.819
-34.167
-9.816
35.964
-20.228
-49.315
98.628
-83.159
69.561
-60.523
30.407
69.41
86.902
73.37
58.610
30.359
53.409
91.792
57.513
36.473
-59.455
-54.177
-68.615
98.888
-44.499
18.929
60.434
83.425
-65.535
60.871
-30.882
55.36
73.556
-93.554
-3.50
-75.569
-6.481
51.416
-88.533
38.393
-66.223
-50.430
-10.703
38.649
-7.952
-22.928
-19.286
1.437
-9.525
-4.416
-70.934
19.184
-56.47
49.137
49.344
-0.519
-71.590
24.991
46.501
-53.5
-53.728
77.847
-36.455
-98.756
9.306
76.858
72.629
6.806
77.804
-78.157
95.610
47.740
35.328
-22.726
46.287
19.963
59.387
41.493
-67.71
45.701
81.97
-45.544
-56.931
-74.305
1.451
33.771
-24.782
96.76
-26.995
12.40
55.922
-60.367
10.576
-35.2
39.755
29.789
-35.665
29.661
-68.639
78.51
-41.758
50.370
6.980
-94.916
86.255
-82.636
-1.672
3.453
-84.121
9.451
-26.792
-17.594
-27.401
66.847
-59.533
7.616
45.569
99.824
-15.809
-21.518
-79.696
98.265
-36.592
7.310
-45.421
39.329
-21.526
23.325
-82.740
10.762
41.793
64.591
-82.880
53.287
71.784
75.923
46.396
-87.171
-5.53
-79.163
24.656
16.621
-74.355
-24.909
-88.832
22.659
-37.358
-78.497
-45.902
4.734
-25.510
91.926
-0.952
90.476
18.217
31.539
-20.829
5.907
61.804
-23.908
-49.685
-83.928
-38.229
48.171
-20.689
-76.921
-91.493
-17.98
-40.611
65.87
25.688
46.71
-46.209
47.809
28.781
74.309
63.701
-82.370
-8.110
42.175
-85.652
-66.51
-27.297
-17.696
-78.724
80.950
-4.914
20.796
39.856
69.898
86.536
-43.102
-19.581
-8.498
6.728
86.960
28.764
22.337
87.776
-61.397
-15.583
-22.726
-31.897
90.657
46.463
-26.802
56.982
-53.704
45.691
94.405
-93.20
28.894
17.726
87.516
-59.314
59.140
-19.649
-96.402
62.899
-56.645
47.538
73.818
-25.235
26.74
36.185
-10.944
-85.664
-95.812
9.375
14.831
-25.931
-8.904
-33.830
-89.308
13.997
-99.7
30.844
-58.491
92.300
-26.315
-57.292
26.900
-14.385
-90.474
-44.387
-31.439
-63.769
-11.380
24.672
59.250
-30.407
32.386
39.300
-27.442
76.886
74.818
79.533
29.697
22.121
-15.532
76.115
28.447
-81.138
-71.18
35.746
-39.321
-34.100
99.281
43.3
64.271
-36.399
67.679
84.12
-53.783
-65.171
-16.562
-36.397
-90.796
-41.491
65.156
-22.392
-93.311
-64.947
26.600
-5.418
-31.286
-78.22
-78.513
59.454
-95.672
3.994
-61.239
-99.856
-2.982
-88.987
-45.619
16.549
-85.879
49.538
-57.234
21.237
-29.650
-0.802
66.56
37.844
25.41
0.209
49.394
63.744
31.101
-72.975
-58.404
-36.405
18.923
-34.560
38.86
12.138
36.387
92.50
86.933
-66.357
83.668
-2.104
-24.875
53.609
27.647
93.312
-69.800
-40.992
-6.130
-74.96
69.479
69.634
-25.10
57.663
50.142
32.488
-53.909
-60.449
-22.908
-17.682
-21.452
-94.973
71.298
75.408
-88.510
49.42
26.495
52.608
-70.782
-70.951
19.472
-48.366
10.737
83.812
-71.201
-53.902
24.229
4.333
85.503
75.925
99.697
-27.945
-80.655
31.190
-43.213
64.867
-28.343
-92.199
-63.236
17.363
73.614
-2.793
98.873
-83.857
32.800
-83.564
88.545
-26.237
-45.952
-19.121
70.695
-19.849
64.247
-13.682
57.615
62.950
-86.590
-57.116
75.861
-33.32
-55.554
44.773
26.690
33.903
-98.660
62.174
43.312
21.769
84.96
52.530
-41.137
77.181
-10.159
-95.945
11.43
45.957
-78.253
52.474
43.211
-46.63
-34.856
-24.933
91.495
49.791
-10.854
83.299
-83.429
96.482
-78.277
-56.675
17.709
67.285
-98.529
41.778
29.288
-60.423
-1.359
-94.55
-62.985
-41.893
35.310
37.77
72.728
-3.69
-76.751
-52.463
31.164
87.811
-78.173
45.167
-40.854
-45.92
-87.164
-58.567
7.796
96.648
-8.831
80.718
10.496
-26.794
-35.934
6.331
55.918
-36.928
-87.435
88.431
5.692
39.872
31.434
1.660
-38.795
30.502
13.209
13.646
81.233
-96.73
-60.631
6.70
-71.553
33.255
40.45
-30.75
4.789
96.54
-68.735
76.684
-68.196
51.102
59.826
-1.159
3.599
-53.82
5.586
-67.734
26.102
-71.479
41.999
-42.650
65.9
-41.510
-25.166
54.771
58.477
4.196
-56.574
43.845
67.138
34.380
8.345
56.939
-67.64
30.118
74.528
57.84
-25.840
96.236
50.603
-51.489
55.998
-68.306
-43.926
37.456
2.330
96.487
-34.365
-98.361
-60.12
9.315
-42.570
-20.490
-90.586
23.23
27.277
11.473
27.159
-88.909
-33.570
85.631
-75.473
66.793
64.883
-88.159
20.386
83.797
37.476
-4.617
84.102
29.888
-37.463
19.529
40.394
-99.334
33.455
-44.790
-80.827
27.283
32.167
58.196
64.685
-46.205
-22.597
82.449
-4.782
-13.579
-70.311
-4.139
-7.323
-13.81
-6.397
15.744
5.266
-89.848
-59.705
37.518
4.788
3.345
32.452
-81.917
-79.276
-62.991
2.296
-91.937
-30.896
51.685
3.742
18.245
-73.477
50.311
-61.590
-18.704
-70.858
-37.1
57.231
81.34
-24.637
55.408
-31.781
63.783
-61.145
-39.263
-8.233
-25.323
-79.380
-82.461
70.85
52.392
79.23
35.487
-55.700
64.292
-82.900
57.526
-34.105
-95.887
-38.909
-22.913
15.144
88.80
45.87
-99.51
-16.85
19.343
-44.177
2.172
73.362
81.737
-82.352
59.340
-74.838
90.637
-50.706
11.925
-49.969
93.923
-77.896
22.678
-32.660
35.571
22.546
96.636
22.839
-85.702
-91.751
-26.797
86.374
-9.448
-68.580
-32.268
88.590
-82.339
17.213
-7.298
-73.641
-61.419
-73.806
33.515
71.283
21.167
43.155
-11.789
-68.707
-63.966
-13.491
14.605
-12.230
-36.263
60.86
-64.359
-89.303
56.166
14.586
33.50
-2.315
12.429
-93.541
29.729
-31.89
69.553
27.94
-40.302
46.516
60.301
39.603
-14.767
-42.861
-52.42
-29.825
-40.847
63.274
-40.966
36.712
19.572
51.864
-51.78
-79.173
-1.377
51.307
-91.47
36.662
-27.455
-21.943
-84.362
48.114
-67.217
-2.396
50.249
-92.801
-8.492
-22.580
-63.807
69.829
-40.865
84.865
-43.432
29.687
92.137
81.882
76.42
-71.464
-81.479
-97.701
-5.841
28.825
-64.869
70.50
-24.543
-75.724
80.900
28.824
-9.805
97.2
66.360
0.888
99.404
-82.126
1.450
61.978
3.510
87.890
-87.699
67.448
-48.614
-23.414
-23.65
-44.648
15.201
82.214
24.217
19.604
38.543
-62.811
93.811
-31.386
62.9
49.605
-62.873
78.355
-72.831
76.851
-23.589
69.204
-63.697
-72.780
-48.694
-89.843
30.706
-72.84
28.309
1.185
-30.308
-54.729
42.193
41.665
26.265
-73.354
78.284
3.256
88.484
-4.537
71.19
31.474
44.768
-57.9
51.935
-40.261
72.239
62.94
-88.182
-24.686
97.809
30.141
-93.237
-49.146
-23.298
62.90
-7.14
-89.776
28.516
-3.192
67.341
-99.272
-9.65
-87.267
74.542
49.804
84.463
-11.453
-84.733
39.436
-85.803
-41.855
89.416
27.904
-11.678
-97.27
-21.564
-11.175
77.11
-63.550
90.536
11.129
-55.118
65.797
-94.608
-13.257
-40.778
31.241
-74.70
-3.134
67.976
87.587
-14.943
-58.460
-5.55
-83.620
-93.961
-14.892
-63.218
-74.321
36.341
-38.80
-17.395
67.53
66.310
73.846
38.39
34.805
-23.968
-30.595
-24.531
94.370
3.239
-56.258
21.224
41.98
81.488
35.174
-32.397
-48.580
38.504
-20.850
-83.853
-41.161
-4.882
30.775
53.109
16.844
-84.576
24.877
-8.715
75.487
16.571
-44.712
-83.669
47.751
-60.804
-62.220
39.156
65.581
-71.441
33.268
45.784
10.580
-89.916
-51.663
-88.975
34.638
-28.177
-98.694
-46.65
60.498
-14.195
-39.305
-77.695
35.246
-97.86
63.972
1.100
96.398
-76.96
97.909
38.323
-15.263
73.792
-46.579
-35.376
99.691
-1.393
-84.341
-9.470
-51.867
-91.858
78.225
-70.198
-10.397
-47.484
-23.435
-70.536
70.372
-68.581
-66.932
-22.275
-5.453
51.475
41.685
10.385
60.308
-2.130
-36.600
-64.820
62.887
-80.709
55.666
-8.317
12.510
-12.472
-49.933
20.935
-80.223
-11.788
-24.802
-72.782
-44.290
20.198
24.762
66.27
92.828
-27.248
44.880
-61.392
-51.68
-76.840
62.336
66.9
87.333
-18.699
22.492
10.371
86.467
-33.380
-72.932
-13.360
-37.23
-51.641
-16.829
95.799
1.673
-35.736
-69.922
-84.455
-43.179
22.192
42.630
-50.133
-19.901
-21.696
23.249
-21.684
90.954
78.290
47.734
-99.408
60.802
48.604
-78.823
88.145
-98.620
-34.742
5.584
-51.263
51.862
-83.961
-7.274
-13.174
52.952
-93.493
35.891
74.877
-97.835
79.686
-51.589
57.372
75.579
-44.544
70.697
-19.642
13.77
-27.251
36.201
-29.880
-37.931
-59.440
94.815
4.212
-40.882
80.1
-62.714
-87.993
41.229
83.710
-10.699
-79.58
73.805
-46.509
-63.401
30.81
91.395
29.234
71.828
-14.11
-41.173
-99.905
-49.578
67.124
96.439
60.221
-24.112
55.542
-31.113
-36.380
-52.221
-20.921
46.622
29.789
-21.338
-66.798
-92.874
-18.281
27.12
-15.649
-67.253
92.173
-74.171
-86.700
-22.621
-49.39
-98.684
60.302
63.129
-32.697
-33.664
56.908
-51.334
-21.520
81.294
78.743
26.442
-0.854
3.817
71.502
88.935
-11.43
59.747
78.668
98.949
-44.280
77.458
-46.358
-17.613
-70.237
72.877
-38.140
64.199
24.578
56.328
34.72
8.201
23.399
45.969
-84.391
-77.364
5.254
-81.619
-52.495
-44.52
37.638
-62.646
-93.870
-86.867
44.751
40.728
-65.85
30.867
47.171
-42.315
66.304
-14.66
-15.411
-16.49
-86.594
-48.634
-25.751
57.381
8.429
55.823
-5.189
-46.655
34.423
-43.891
-20.30
-47.230
-55.855
-48.513
-60.173
43.628
42.986
-98.532
72.266
-9.410
-44.830
73.629
40.184
-58.284
58.444
-90.540
-46.182
92.732
-97.256
25.166
96.862
-98.588
81.328
20.187
-72.897
2.887
8.334
-52.778
28.227
-23.752
-28.300
63.550
-80.732
-81.52
-18.377
0.879
74.539
-83.991
-76.471
25.895
-93.23
-75.39
93.219
91.100
-29.670
-11.671
85.697
-93.932
-31.108
44.834
-13.979
83.406
55.999
59.142
67.671
53.835
-69.520
-77.766
-75.997
-45.794
14.907
7.342
-38.649
41.208
95.128
-20.433
68.354
14.431
44.7
-82.904
7.19
10.726
-72.416
-84.309
-39.857
-66.377
-79.598
-13.512
-65.108
67.790
62.97
-17.360
-15.632
-62.968
-21.808
57.174
77.253
52.919
59.936
24.303
94.166
35.783
2.850
-90.664
87.786
41.695
-24.472
6.177
51.888
-5.964
49.959
90.946
-44.949
-29.791
83.78
45.19
-33.695
27.1
-91.505
-92.610
97.459
71.149
-29.393
90.175
15.758
-26.656
32.41
-62.520
-22.12
69.804
81.553
4.425
-74.906
96.496
-58.211
-97.189
60.421
-66.436
-25.58
42.879
-16.513
2.269
-89.95
-21.292
29.650
-47.599
-21.159
40.377
-28.255
-32.297
-41.465
55.867
46.356
-43.678
89.7
47.454
94.27
14.767
23.548
-89.380
39.773
50.280
-83.678
-11.522
-83.11
5.710
-26.456
-59.23
-22.846
-39.687
-54.427
34.929
-81.112
37.775
-23.858
68.715
19.242
-49.653
47.327
-44.167
-74.821
78.755
-66.188
-80.478
-69.653
-21.74
83.545
-2.95
96.194
-36.38
-64.65
-18.695
54.561
55.341
83.262
-69.983
71.567
-67.821
69.418
-50.554
-46.918
67.289
-43.595
7.302
2.185
-50.807
-72.178
-39.598
54.719
62.869
-61.567
-25.634
-36.177
56.736
-70.438
-98.288
57.360
36.552
88.606
58.420
34.34
-81.511
69.548
53.56
-43.378
-18.776
-1.586
-14.374
25.962
-7.472
58.106
-28.840
-32.609
-17.714
-86.809
-46.728
95.629
4.395
-17.272
-88.979
31.89
-9.817
50.501
39.318
-88.356
-64.703
-21.998
-63.602
80.771
58.759
-61.690
22.951
23.701
-85.192
-14.481
53.297
-71.418
19.134
-13.114
-80.24
25.337
12.159
-67.34
-76.220
2.486
37.939
23.11
59.682
-49.995
10.575
-30.753
-45.265
-11.984
30.60
42.515
35.352
78.628
91.987
-38.89
99.999
-88.182
15.679
54.90
-27.172
-72.415
3.2
-26.880
-12.171
-28.9
92.860
83.101
-27.716
88.922
-85.401
43.725
-68.381
-46.307
51.220
96.800
30.44
16.879
-83.58
30.198
-66.284
27.79
-55.748
-86.994
-97.445
-31.442
-75.424
32.40
89.824
63.454
12.372
-62.752
-89.7
-46.493
62.442
-50.674
38.549
-23.281
-88.971
63.686
-84.998
94.12
31.102
68.648
-99.662
-27.12
50.202
97.278
-84.766
-48.781
65.465
55.159
-49.942
51.210
-98.661
87.741
-3.891
-16.888
-62.772
-32.72
-88.538
42.245
-61.595
82.298
3.848
86.687
-33.490
-35.806
-14.621
12.905
90.993
86.235
-42.349
44.731
56.735
82.373
-49.659
-7.794
-5.760
-28.972
23.563
-56.701
-34.195
-60.339
-31.696
-55.630
-14.180
63.939
-23.445
-4.525
90.548
-69.404
-36.338
3.650
2.582
88.389
0.703
70.718
87.242
-64.246
-65.637
82.406
-52.494
-65.898
-70.700
71.989
55.841
-18.211
21.598
-21.114
-46.732
19.14
48.718
-68.983
-38.854
-42.377
-35.832
-31.103
97.424
6.298
-61.896
-5.768
7.668
4.936
-51.926
99.868
-87.855
17.238
-10.736
1.942
7.455
-97.912
-1.719
-75.76
33.527
44.126
85.566
-11.983
-39.293
44.94
-47.854
47.951
66.105
-54.680
79.13
-82.310
-5.595
84.758
-2.198
7.42
-55.590
9.89
-76.307
62.562
24.493
-65.27
-85.384
-71.69
-40.23
-54.630
-15.537
-29.199
47.175
70.537
26.713
-95.230
-26.216
52.587
89.328
76.82
-6.297
-25.179
-38.326
10.549
-44.175
23.570
81.396
-71.600
-35.942
-69.618
38.24
97.102
2.940
-35.902
-4.846
39.321
-52.2
33.625
1.260
-50.282
-33.320
-65.969
77.372
67.759
-6.963
72.754
8.306
-92.891
76.745
55.547
-0.732
-21.597
-45.26
60.345
78.103
-93.475
78.383
16.575
32.4
-57.259
-15.959
-94.832
-95.277
-19.290
3.68
2.161
55.891
-67.260
23.892
-23.401
-71.717
-50.863
-79.810
-35.930
-88.685
-44.687
76.394
44.114
-87.737
-34.360
40.531
-57.982
6.661
-85.948
-54.836
43.781
-46.609
-40.353
-46.940
-96.374
-0.266
21.223
6.782
-53.867
-30.474
-92.669
-93.615
-88.907
98.805
96.202
55.202
-98.524
74.382
12.235
99.365
-74.809
-82.902
-99.742
22.740
-86.689
76.596
-84.346
16.921
-30.333
16.884
-27.410
-56.44
53.396
9.818
-18.956
-34.184
52.769
46.285
74.868
-37.384
17.11
-6.420
49.225
-34.334
-60.904
-79.490
-43.942
-5.840
-40.566
8.355
13.572
29.730
41.731
49.966
-27.878
62.158
34.753
-74.10
0.850
-94.958
24.924
-70.453
-83.294
26.195
-2.622
-87.237
-11.871
81.645
91.198
68.692
53.569
-10.839
49.274
-72.100
9.355
-29.942
6.353
-37.234
29.778
24.846
-29.851
58.661
40.63
68.435
91.97
-36.926
71.784
-28.721
31.803
84.879
-30.260
96.518
2.458
-82.78
14.869
50.157
-32.180
67.809
-89.392
89.129
40.711
90.707
5.309
-32.143
-98.958
9.460
-98.592
23.59
-70.801
72.242
5.582
46.24
57.230
78.614
-77.612
-49.673
-27.723
37.546
8.217
23.241
-68.147
71.545
-86.955
11.833
-31.963
-9.212
47.91
29.780
22.440
69.464
58.332
81.755
-81.794
11.405
-7.788
67.197
-0.796
-4.177
59.751
30.320
-95.830
7.512
-65.93
29.157
27.316
-40.184
-18.784
39.841
40.900
34.882
44.678
-86.785
-88.102
31.232
84.711
72.152
10.822
-95.461
58.553
72.540
-58.884
75.623
56.511
31.694
-14.578
-14.303
50.713
-71.660
-32.618
46.42
42.253
-68.728
79.37
93.920
91.886
-1.253
14.203
-50.874
-98.459
-52.505
46.599
25.67
78.398
95.992
6.135
47.836
-92.303
-49.653
-19.403
8.756
39.954
75.179
39.110
-93.257
18.963
-78.510
-43.554
64.104
11.523
-17.431
-28.222
42.797
23.237
2.282
26.500
-85.131
-32.426
83.942
-38.553
97.70
-64.350
-86.992
-39.767
-54.370
-26.496
61.633
10.265
14.48
22.339
-6.836
21.1
10.139
-97.78
73.984
83.410
94.23
-87.685
59.600
74.222
42.428
-32.1
25.812
-11.9
-16.535
-91.318
-14.212
70.52
-91.911
-65.85
78.479
-28.164
30.489
72.152
-43.568
99.459
-16.673
57.843
83.587
-61.304
61.983
42.163
-25.493
19.817
75.861
66.960
28.876
-50.985
76.620
65.381
-88.195
95.137
-13.914
-73.634
-38.361
-19.280
63.708
-81.210
-95.486
-47.151
-4.292
44.739
51.952
-52.478
70.116
-1.787
-92.950
11.984
16.379
42.426
-1.431
-55.727
-98.831
8.883
52.53
-58.554
-95.346
41.9
96.178
38.120
35.273
76.480
56.230
-40.439
-3.91
33.901
-3.797
-23.838
27.234
62.824
23.111
-68.739
-44.95
99.836
37.791
80.76
-29.479
-24.302
-28.881
-63.243
-69.167
-49.787
-8.831
50.482
83.919
-60.251
38.680
13.904
-78.284
-29.999
57.169
97.418
-76.578
2.881
17.116
-74.376
-8.914
-22.527
42.757
91.839
84.596
48.845
99.973
-81.428
97.45
-84.671
-22.680
92.254
18.48
29.239
91.776
-74.824
75.524
-6.57
-71.555
0.639
57.914
-81.706
33.625
94.954
46.397
-42.123
88.550
-56.608
-51.179
44.731
60.641
-8.822
10.507
-12.101
-5.147
23.242
-69.230
-39.86
66.590
-1.786
75.346
15.6
-61.316
33.380
-10.85
-85.560
86.629
38.168
98.235
89.736
-12.663
-28.578
67.891
13.524
60.135
-59.472
0.658
-24.596
86.246
-90.436
-80.600
-16.381
-10.248
-20.61
62.273
41.33
33.285
3.261
45.399
-22.289
87.69
-67.437
-25.47
26.567
-52.81
13.675
-46.908
90.763
30.408
16.782
-91.269
-66.588
74.613
78.292
-47.444
89.910
65.456
-30.798
4.828
30.145
-46.536
-31.954
-5.428
27.558
69.757
44.946
94.863
-52.793
-26.350
-61.580
78.126
16.409
-43.515
-88.194
-72.663
53.707
-96.353
96.806
-46.884
-72.997
-48.575
-59.944
-77.339
74.727
-82.752
94.857
5.954
-32.202
0.48
70.672
-20.220
-97.932
36.409
89.135
89.317
53.64
28.321
-4.953
-91.105
-14.775
82.896
30.945
22.981
54.223
65.512
80.217
-0.45
-79.702
7.993
-88.507
-89.241
62.772
-68.394
82.800
-36.365
-8.897
-95.198
4.629
-67.336
-87.424
-82.565
26.628
15.896
-37.130
-83.467
-93.927
68.222
41.27
16.294
36.481
-15.715
36.541
80.256
71.546
63.929
72.974
78.842
83.636
68.704
-42.393
-41.208
57.96
-53.829
45.152
67.515
61.987
-81.466
76.501
-98.721
14.464
-15.857
-32.466
90.919
-4.464
-17.583
-58.744
-26.578
36.954
-34.253
-88.119
36.35
44.67
-0.109
-86.713
76.482
-33.993
78.219
93.707
-9.93
99.81
4.417
-15.13
-43.614
-43.752
54.228
53.613
-45.544
-18.837
46.699
-27.850
-80.754
-19.621
26.917
-93.560
74.366
90.920
46.317
-74.135
-8.34
88.561
97.893
-27.713
-71.439
-29.532
-39.59
-29.149
-85.147
84.273
73.882
-13.770
-55.19
52.398
-22.570
-9.499
8.939
73.820
11.757
-17.294
11.619
-87.433
-29.640
-12.644
-8.66
-95.175
-66.883
-49.909
80.172
-11.989
16.201
2.840
-63.469
-94.333
72.793
72.640
-20.759
10.208
21.840
42.452
-4.668
-38.722
-5.737
65.732
69.456
-91.129
-89.601
-23.811
-65.285
-32.427
88.883
97.922
-98.679
69.796
-26.917
-76.109
-14.250
-64.873
73.591
-71.223
-25.111
47.808
-44.506
-30.28
0.354
26.630
34.496
42.712
-66.486
-23.9
11.87
83.34
80.630
5.612
31.64
-74.91
-26.877
-80.671
8.638
-27.413
69.425
-74.260
39.840
63.198
-14.129
72.903
-11.981
99.261
-0.322
38.49
-90.371
-77.45
-51.937
-7.552
-75.918
-8.742
84.654
89.205
-66.757
32.148
-12.738
17.616
-34.167
-44.726
-51.201
-40.362
31.946
-8.888
46.506
58.790
-67.803
-52.320
30.955
49.899
-20.702
9.142
41.826
79.734
23.832
-24.90
-25.909
12.661
68.743
42.444
43.964
-45.926
-9.367
71.999
-74.322
82.798
33.575
35.687
62.807
43.750
76.593
11.538
-88.947
-92.470
-81.644
-3.679
-66.12
39.800
26.362
56.5
82.333
-73.344
-42.533
-79.77
-14.358
76.913
35.480
-70.671
-44.797
77.305
-9.640
37.765
-4.608
69.887
-5.953
-38.129
1.917
77.187
-57.683
99.212
99.173
32.511
-9.115
-72.636
-11.842
9.432
73.85
-16.815
-83.772
48.672
-22.223
-36.55
-15.864
-3.888
81.500
-61.409
75.882
-53.751
71.334
-75.782
40.456
-79.292
80.408
-97.763
-2.244
-49.158
-32.633
0.586
84.909
-92.285
24.277
-31.708
41.89
19.238
86.440
-1.241
-30.73
41.373
-3.309
51.301
-82.77
-70.508
-2.1
42.773
97.359
-48.613
-6.943
48.584
-29.639
-20.90
99.425
-4.747
-22.349
28.343
-73.492
-61.40
-91.498
93.499
-73.628
-11.500
2.400
-22.956
51.878
34.959
-89.732
56.45
84.436
7.682
66.155
-16.166
-57.720
-74.543
-39.846
-4.280
-13.322
-65.978
-10.215
6.974
0.841
-75.157
-3.366
-30.541
18.132
-85.136
10.601
20.19
75.429
-66.387
-40.688
-21.15
-68.518
-36.301
-99.319
57.804
-47.67
63.487
-57.462
67.780
-55.772
-84.945
70.114
27.702
-25.902
-7.559
26.658
46.521
-85.478
5.97
-65.352
-13.436
29.859
-15.338
2.64
60.223
-75.249
-57.447
-78.132
-61.790
-77.455
17.521
-2.650
-54.417
-56.419
12.31
-79.707
-4.216
-2.695
-78.308
56.485
-87.54
6.609
36.263
4.71
89.583
97.62
6.166
-63.120
5.698
88.407
27.246
-91.652
-5.540
36.544
38.785
72.782
-64.841
-73.56
-29.561
-94.850
96.729
52.721
70.178
-50.815
54.753
-40.377
89.42
7.667
94.949
31.195
-27.891
-69.795
-15.165
-1.968
83.922
-51.314
-54.855
97.63
97.57
11.240
-26.19
-23.640
93.755
42.608
57.391
26.243
-25.297
65.394
-77.944
-38.507
-94.285
-93.361
-88.806
-48.800
28.158
-34.336
2.361
-78.979
17.208
13.647
-53.193
12.387
-63.375
21.675
35.255
93.389
93.743
43.822
-39.39
31.805
30.710
-66.775
-64.638
20.760
-76.747
91.992
94.386
-58.281
-54.72
10.703
-13.385
-9.51
97.767
7.987
-97.864
-89.555
-23.749
-0.159
-51.765
-93.127
41.540
-51.902
36.599
-59.358
-47.855
82.697
-9.920
-75.972
73.675
-44.420
17.661
-28.164
-90.0
-19.512
-36.459
-69.293
57.654
98.281
-99.455
65.599
10.768
-48.348
36.38
27.310
-77.798
-82.368
36.277
10.276
-8.227
33.544
78.354
85.903
9.91
33.871
69.248
68.430
8.818
-54.628
-82.888
65.273
-99.851
54.637
-57.498
98.731
2.552
52.420
22.980
21.534
97.717
51.334
50.986
-55.440
63.397
66.247
-89.949
-11.301
-16.375
86.97
-89.446
79.297
43.547
-10.902
-14.617
-68.784
5.625
94.388
-3.504
96.143
71.284
-68.463
99.658
16.368
-73.934
-31.854
84.859
-39.853
-96.608
80.104
-13.228
40.696
-16.195
-40.711
-71.36
19.567
-3.903
-64.643
13.791
19.723
-68.536
53.676
54.144
-13.137
92.908
-6.427
-27.182
7.446
-40.959
-34.579
33.799
59.905
-82.359
51.172
-32.64
-52.323
-92.802
35.9
-73.501
-2.536
-6.569
-46.828
66.362
78.14
80.198
-89.950
78.542
-48.877
-65.302
93.904
-48.462
-6.160
-18.26
88.557
-35.537
46.578
-80.108
-68.957
-17.274
67.667
-6.67
65.273
5.191
-8.532
-24.467
39.413
56.45
67.165
8.782
-52.101
52.659
62.25
-85.82
35.490
41.615
37.6
-11.614
45.333
-37.42
54.746
39.998
42.612
-71.398
92.85
96.526
68.315
-4.678
38.724
-36.113
17.767
-51.58
-44.53
-15.24
-68.516
11.413
22.533
-90.937
-25.727
41.364
51.333
59.736
65.880
35.847
-4.15
-57.579
89.153
37.743
63.20
65.261
-28.564
10.675
-3.592
-49.928
-68.432
7.541
-7.431
-92.768
66.231
68.896
-34.876
37.938
-76.494
48.243
67.563
53.970
-19.229
-37.521
-51.488
38.856
-86.343
98.632
38.109
-71.357
83.576
-28.429
-66.848
-83.338
72.641
92.779
-8.365
4.316
-90.954
-19.577
-43.761
30.641
40.407
28.842
-41.714
42.606
51.766
-4.70
41.160
87.531
-42.74
-25.57
-85.97
-46.777
45.618
38.460
10.512
-47.468
-53.609
13.748
50.242
-1.667
-92.804
91.151
31.748
38.238
98.48
77.248
25.801
86.14
79.464
-98.617
26.410
-51.953
54.384
76.122
10.773
-56.750
-70.827
93.814
68.945
33.295
-69.273
57.624
1.479
-93.807
23.717
-54.73
-33.695
-13.840
59.608
-22.593
50.462
-92.371
35.472
-14.865
68.789
47.643
-76.29
85.42
59.754
79.276
45.578
-85.70
-49.705
44.571
-98.440
21.139
-69.68
-12.53
-95.612
86.43
-70.289
-68.974
-89.723
31.719
-43.769
-43.590
-39.959
-64.571
-84.266
57.4
-7.674
-86.794
84.383
-90.267
-16.310
34.653
-92.645
-69.609
-0.645
-95.155
33.414
-61.0
14.336
-91.127
38.943
-55.930
61.874
-79.843
-19.243
26.38
-36.272
73.585
-55.599
21.390
-6.381
-1.636
-2.449
99.780
6.200
11.326
22.514
96.439
-22.895
-36.616
78.223
63.24
30.378
71.578
7.936
39.99
10.222
-4.70
-84.644
15.280
36.458
-91.473
33.255
25.678
50.586
-26.925
-81.735
50.992
58.576
-62.791
34.379
29.722
0.456
2.733
34.335
-3.814
23.495
17.245
81.503
41.517
33.551
-84.532
-61.485
93.787
3.722
-52.577
26.100
-39.217
93.350
-26.143
-51.876
59.361
37.774
-24.667
-44.422
-51.274
-73.852
-41.892
-55.737
-24.963
10.66
0.425
23.115
-82.239
-29.235
-50.438
-48.663
-98.405
17.260
-38.84
50.746
91.447
96.422
-24.804
22.86
91.636
39.737
39.135
-31.105
12.643
-56.246
71.789
12.985
67.609
14.32
-95.675
15.166
51.5
-39.436
92.548
-28.657
63.180
45.192
49.512
62.26
-8.673
91.541
-63.292
23.683
87.975
47.956
1.19
96.317
77.918
-19.980
-45.589
98.732
18.796
-44.971
-6.658
68.206
40.859
44.408
-88.485
-49.756
-35.253
-47.651
0.822
-45.66
74.172
-30.392
-42.384
-25.328
26.769
45.218
-44.405
33.653
-6.853
-75.651
15.377
-13.7
22.201
-90.978
-66.656
-79.801
-48.98
-70.783
-95.589
43.664
-8.979
46.544
80.566
98.608
97.374
65.53
55.401
51.23
-51.219
57.514
-14.974
-48.420
41.652
87.351
-12.548
-93.366
27.373
12.976
-27.828
-32.837
-52.952
-52.252
96.394
58.633
-29.245
-75.590
26.470
-30.982
-10.261
-9.545
74.498
-14.450
26.298
-42.256
-10.286
-26.113
-60.791
-19.73
55.984
-23.93
77.620
34.186
44.564
52.406
-42.416
-29.494
-58.6
-10.678
95.485
-42.609
35.886
25.972
18.769
-8.21
7.363
92.744
-42.755
31.865
46.112
-44.55
-36.590
52.215
-2.85
-20.146
-45.653
86.598
-73.740
67.224
-39.770
49.714
-15.503
-20.755
-97.10
43.830
-62.975
45.213
73.687
7.106
-59.798
-23.247
42.62
-51.834
27.831
41.526
1.589
15.734
78.59
34.967
-62.378
-12.701
-77.343
-96.246
19.625
-4.567
68.568
59.635
-15.366
-7.500
-57.615
-5.127
-0.456
61.753
-5.124
-33.229
39.249
34.160
63.175
-4.334
-12.391
98.848
37.600
19.62
-99.419
57.152
81.491
26.377
7.841
-5.997
56.110
-70.260
-16.150
-18.121
25.773
-8.730
21.911
-34.238
-8.345
-9.302
-44.259
-23.181
51.197
79.467
21.744
-82.153
-48.626
-6.412
-93.672
-73.581
-98.178
-38.501
38.752
-40.883
-63.604
60.39
-38.987
28.645
-56.38
-81.63
61.662
-99.352
19.42
-41.882
78.345
-11.557
-98.248
-62.976
39.685
89.366
-20.379
81.279
95.950
-62.591
-13.21
20.633
18.931
55.245
86.285
-60.74
97.546
0.527
3.574
-48.737
-27.250
3.422
89.940
-23.495
34.734
-81.46
95.495
-41.95
-65.550
92.550
-11.329
3.232
76.522
-84.445
37.331
-76.513
88.60
99.1
-36.319
48.611
49.174
-0.677
73.753
-38.389
-51.479
-49.955
46.595
89.594
-80.831
-20.231
-11.181
82.281
86.955
-64.845
-40.448
-99.498
71.96
-55.737
41.517
-98.690
-19.101
14.135
34.322
-12.238
-80.330
78.929
32.252
81.8
-76.901
-55.252
-65.23
56.37
-80.323
60.636
37.716
62.394
-38.978
-9.711
-70.540
1.295
21.912
-43.868
-52.148
-35.60
-8.97
12.412
-98.150
-88.759
-86.682
37.83
-93.4
-71.899
-39.903
-78.690
53.499
48.363
37.213
57.653
89.339
-60.229
79.574
-9.397
-8.736
-59.914
-70.919
-31.819
4.657
-27.466
-14.255
82.268
86.447
-94.56
-5.316
20.375
-26.646
-34.929
-6.934
-92.513
83.427
13.710
77.796
-62.42
-49.699
21.320
11.298
-20.132
-49.539
-87.83
-44.66
-56.531
88.708
-67.523
54.372
-10.345
94.356
-75.29
86.478
-31.418
-42.962
-32.718
-32.306
-80.525
22.79
-63.342
25.688
36.763
80.850
-15.233
-85.427
73.859
-93.591
-73.123
76.145
3.61
-28.486
-10.422
20.355
61.822
-20.260
-93.733
-32.478
-81.851
3.79
57.535
56.563
-92.225
95.846
-48.959
86.632
52.825
-30.610
-99.643
43.747
33.56
-36.912
25.356
-41.151
11.851
-4.338
-9.742
-48.572
-65.771
37.167
-37.200
-24.989
27.666
-55.7
29.719
66.623
36.685
-83.933
-92.550
44.387
-96.877
3.201
75.980
-56.735
40.16
-23.783
97.19
-65.254
-53.746
-17.490
-48.586
-80.442
-52.969
-39.877
-86.317
3.493
-44.390
-70.455
81.260
-90.930
91.278
-16.858
47.363
7.754
6.392
-69.996
68.540
37.711
9.792
78.335
90.78
41.194
33.942
-47.301
91.7
52.428
-6.348
-50.786
53.995
-64.425
58.568
30.9
-12.894
10.194
10.137
54.689
43.695
24.897
-68.750
56.866
-80.176
-33.958
-81.423
-23.933
-18.243
-72.97
-55.492
86.968
-3.236
19.793
-8.325
18.558
88.392
-53.415
64.986
-12.758
-49.865
-33.951
-14.506
45.525
-43.786
69.856
53.744
-61.50
1.614
89.279
74.380
-51.614
49.228
-84.974
63.69
20.690
-35.443
42.456
16.310
-77.599
-0.773
36.676
76.926
75.462
-99.77
61.97
79.432
-93.474
6.343
37.320
47.572
37.908
42.337
-27.12
38.163
70.224
-40.755
57.148
-79.806
-63.343
46.742
50.680
83.474
93.353
-66.291
-16.61
63.353
-95.610
-54.642
-55.757
29.204
74.106
-28.141
71.235
26.201
-44.117
-38.432
39.580
89.34
-45.489
-48.970
42.345
-68.225
-20.597
-25.823
-21.420
-82.610
-44.150
-21.539
39.936
-67.684
-47.879
86.199
-66.472
-81.697
49.871
86.53
3.950
-53.171
-88.62
13.30
-9.629
-1.967
-19.833
86.166
29.815
91.601
-64.957
-39.462
-5.150
59.216
50.277
19.30
40.350
-33.888
24.117
37.809
4.925
21.617
-61.774
16.334
-0.36
-66.55
-48.648
-67.581
-0.257
-53.547
60.151
23.725
-1.86
33.2
-29.855
-54.921
61.521
19.488
65.341
32.894
57.454
59.330
-30.631
-23.916
3.345
-18.251
-41.664
64.583
-69.600
35.833
-96.442
60.353
2.183
-30.706
12.609
-2.280
61.421
-93.386
14.107
76.842
-85.490
-48.850
93.704
-69.434
13.99
2.201
46.662
-2.707
-94.122
87.950
-64.735
-84.635
-56.628
12.49
-26.462
-49.916
-53.14
82.717
97.663
-19.102
-87.219
45.103
-53.811
-18.175
-18.901
16.951
-68.956
-81.338
-2.835
-97.906
43.393
76.138
-96.343
-45.714
44.332
-57.0
-38.920
-34.402
-99.504
80.54
63.649
-17.377
-74.873
94.119
38.515
-36.172
36.62
45.849
-91.248
77.980
-68.443
5.912
31.786
-53.581
-89.471
9.359
-82.196
-75.641
-70.384
-21.613
-79.882
-85.639
-69.670
-26.376
-54.765
97.227
64.409
93.584
24.506
-55.679
66.158
-21.944
41.413
-99.439
90.845
52.442
-26.106
-96.251
59.727
59.782
72.749
19.422
-5.363
-61.414
46.804
-48.709
-29.135
-19.984
-93.543
-25.254
-36.26
-58.797
24.502
-55.164
25.862
-92.362
-1.243
-68.562
-87.255
85.532
-65.720
-95.331
-47.955
-66.711
0.388
-39.833
90.134
77.455
-48.342
63.227
-84.892
83.439
28.586
-28.753
-43.705
73.896
64.387
-51.664
99.713
-55.428
-94.712
54.295
-45.976
-44.256
5.299
-7.24
-90.89
60.792
-84.343
3.998
0.345
-42.399
24.197
-92.693
-17.950
-47.358
74.748
88.960
19.97
-62.852
-86.804
21.847
4.771
63.515
-30.184
-97.131
-88.606
-20.346
-96.665
-15.980
-85.718
-0.591
67.896
-30.311
39.742
98.839
-67.979
-84.899
14.447
41.614
72.400
8.852
42.19
-48.450
68.541
25.539
65.506
11.542
3.257
65.98
-7.623
-19.283
23.925
-22.673
85.394
90.271
34.436
-57.847
83.850
4.816
92.75
79.995
-19.518
-79.892
-40.78
95.168
88.355
-40.264
-34.148
-85.452
-86.144
63.976
-22.95
-7.226
18.819
22.414
46.902
-57.494
16.28
77.113
6.552
10.967
-62.289
31.149
45.867
89.189
-2.387
21.897
-5.213
-37.242
74.448
-7.610
16.372
72.956
55.253
9.343
77.97
0.870
-17.576
14.65
-25.791
92.250
-74.66
-98.391
-22.98
14.8
-47.885
19.985
-37.802
71.717
-48.194
24.787
11.813
-23.211
90.186
11.900
-27.599
92.318
28.307
91.779
20.679
93.103
-16.367
57.490
42.780
73.492
64.671
88.64
50.892
67.83
52.56
32.601
-51.969
32.578
-28.820
-10.145
92.209
25.250
-28.252
-91.19
33.324
6.656
83.508
78.692
64.420
82.582
-92.374
-73.451
-19.131
8.723
33.708
-14.415
-48.650
51.428
-33.944
-87.626
-86.318
-47.44
-6.515
70.623
-5.509
-64.523
79.972
55.175
22.8
-62.347
-83.634
-31.781
29.40
-11.662
68.19
34.83
-66.214
-49.921
-12.544
-19.558
5.841
-62.472
14.254
30.317
73.738
-25.224
52.190
-52.991
-79.703
14.623
49.80
18.394
-21.609
63.239
20.964
95.589
-6.341
-83.545
81.376
76.843
-28.292
74.711
-45.232
21.247
-15.67
-47.415
3.373
2.156
-92.389
-37.617
-58.46
59.572
54.317
-11.591
-6.6
-18.654
18.109
-12.211
4.655
72.145
83.303
-86.914
1.668
51.231
49.138
15.408
47.278
-5.443
-18.799
73.371
46.354
16.40
-59.493
-24.945
27.346
89.61
53.561
-79.218
68.836
64.862
6.208
-2.976
61.388
92.112
54.739
-7.629
19.434
58.265
44.685
77.702
33.108
43.910
-94.23
-90.467
83.122
22.181
23.700
89.311
-73.455
94.285
-28.818
-71.762
-42.156
1.198
-72.481
34.703
78.279
-60.768
-55.94
40.388
-27.216
-22.139
28.781
-61.882
-9.906
-32.593
87.923
95.683
14.138
-89.31
-0.358
30.581
22.961
-70.522
68.83
-47.767
-30.755
43.802
-25.517
-53.58
-21.358
-6.589
30.863
87.634
-79.154
-26.202
-17.832
32.675
-77.853
65.458
84.880
14.38
24.720
-48.59
93.939
-74.617
-23.334
26.366
84.396
-59.913
92.950
-36.864
68.940
-16.788
-98.634
87.560
77.983
-0.362
-50.146
57.558
-70.950
-68.386
3.807
59.723
74.474
-28.213
51.790
8.390
-84.392
-60.649
50.972
-89.240
93.843
89.854
73.628
44.808
75.659
-41.220
-70.856
45.317
30.867
-65.456
-39.301
20.342
-77.16
-59.12
-3.539
-89.580
17.850
-90.847
-65.777
-63.295
54.434
-88.355
-28.484
-49.943
27.298
-68.339
29.457
98.99
85.916
42.232
-56.286
72.626
-82.106
60.356
-50.535
-31.655
-92.584
56.234
-20.571
61.814
-49.770
71.94
1.776
-14.536
-23.738
31.569
-26.314
82.822
-89.942
-13.155
21.756
-67.828
-39.429
-70.395
56.319
30.850
58.328
-71.562
70.651
-40.865
25.138
-80.406
-29.645
7.315
-74.124
-79.254
-5.712
-94.83
-57.305
14.246
-27.71
-49.903
50.484
-81.944
-59.170
56.549
-55.354
-82.900
-71.9
63.624
-73.603
69.352
75.755
26.536
-93.147
-36.203
-33.610
95.344
40.967
42.130
-91.403
62.924
-89.99
52.926
-7.71
-84.308
62.593
94.288
-79.180
22.223
-40.14
-14.328
-41.69
22.721
44.580
60.816
32.978
-65.125
43.804
35.378
-62.471
-93.685
48.726
54.701
87.145
-43.205
59.789
68.507
-18.350
1.637
6.500
78.693
-30.493
-51.647
-46.786
22.981
14.540
36.761
-84.931
-88.232
-18.591
-72.669
11.499
-76.502
-95.49
-58.71
-79.385
-42.673
11.709
83.297
-92.168
-1.440
-7.151
-6.379
-4.474
-41.933
-60.664
-71.106
91.118
94.753
30.945
9.898
57.305
-4.363
-6.719
56.161
-78.373
36.544
68.435
14.681
57.812
-20.473
-23.631
81.135
-18.193
-30.150
-27.428
41.764
-61.185
51.399
-94.408
82.28
20.51
63.684
69.602
-46.633
-85.412
-48.605
56.966
-50.669
26.115
-66.249
-80.969
-24.932
56.853
-34.100
61.537
-17.185
41.941
2.592
62.170
-82.137
-78.317
-29.693
64.402
-1.636
-24.897
11.966
55.959
-66.61
-99.23
-47.605
-44.835
-63.116
15.132
72.486
-81.162
-27.925
-58.380
-83.199
-52.698
92.697
20.93
-66.857
-57.624
-2.896
-83.829
-61.256
58.714
67.850
85.902
30.746
-81.167
20.185
27.494
-66.496
92.179
79.792
92.303
-37.22
-81.659
23.589
-14.123
-98.743
40.622
-57.188
-71.632
-65.764
-16.156
33.245
-0.526
-21.49
-41.215
28.413
4.853
-22.511
-88.634
85.51
27.667
23.252
-42.304
67.78
34.319
-24.900
9.4
-16.479
64.467
-44.205
-88.484
-92.959
89.301
-64.169
-88.855
79.132
-83.741
93.10
14.774
-21.370
-80.210
10.802
92.391
79.207
44.595
81.826
17.609
-58.503
-30.369
70.491
66.623
-99.785
-91.877
84.557
-99.901
21.582
75.500
70.10
-28.241
-11.363
-65.581
32.380
-50.423
-62.660
82.611
-48.132
41.707
43.429
52.309
-78.121
48.938
92.970
74.372
81.535
45.369
14.117
-66.958
-70.853
-37.305
-44.684
-15.184
-19.428
-3.202
15.735
-35.880
-18.947
37.813
-63.684
-19.921
36.117
74.284
-2.3
-0.359
-71.774
29.262
-8.432
5.770
-60.333
-68.904
-82.792
-84.766
70.820
37.221
-58.44
14.826
51.934
-87.839
-37.499
74.120
33.654
9.139
-69.461
-85.698
12.756
-14.723
29.126
-77.914
47.603
3.877
63.10
-15.471
-86.193
-78.178
90.843
-99.257
34.738
-4.368
65.915
-29.418
-62.781
-1.149
31.935
70.313
60.504
-59.903
-80.690
-28.94
42.11
11.940
58.354
67.907
99.738
-25.309
29.21
-28.632
36.865
34.493
-49.488
31.451
31.909
-65.928
-0.980
-19.905
3.586
-43.866
86.2
-72.436
51.537
94.868
29.552
18.369
15.470
51.141
-47.344
-65.639
68.225
-35.849
-48.901
49.447
54.76
-68.494
-62.962
-89.513
-68.160
38.278
21.146
-59.333
-37.982
0.931
84.985
-72.405
78.120
-5.109
74.277
38.267
42.889
-71.200
1.637
-85.89
-15.426
-74.198
79.128
46.334
78.660
70.98
-93.640
-13.863
67.617
3.154
23.569
-80.995
-94.926
-77.324
20.702
93.925
34.918
-63.531
-45.99
-15.602
27.677
65.309
6.904
-23.933
78.505
-41.899
6.733
12.248
34.293
72.561
-65.140
-31.106
-92.64
32.87
-97.917
16.158
8.964
-70.329
-15.763
60.235
7.252
35.383
73.328
-67.12
-94.409
27.925
10.485
-79.7
-96.23
58.983
-82.842
98.629
-20.303
6.470
-83.65
-25.944
-77.6
45.337
43.833
55.492
-3.226
4.824
92.96
-8.754
-36.237
74.462
42.291
-95.336
55.631
91.587
9.790
74.846
-16.138
61.346
-80.483
-65.309
-45.751
84.646
9.354
71.545
25.906
57.632
65.648
69.961
-79.42
26.307
87.404
-39.989
79.750
-3.521
-14.498
-20.907
-72.572
-62.293
-51.472
75.698
61.785
-98.376
-33.455
-23.359
-61.25
-6.245
36.217
-62.432
1.235
83.111
75.424
20.222
-6.855
94.30
3.292
62.898
-28.186
-66.748
-49.602
52.437
-57.912
47.785
13.43
87.438
71.193
81.808
89.836
66.555
75.904
-71.709
79.18
10.266
16.531
-77.918
-20.490
-4.623
-90.564
-62.530
83.305
-58.829
-22.508
-99.470
60.586
-65.415
-60.636
-1.892
49.434
-86.96
-30.332
-31.742
-40.765
20.664
66.576
92.194
-40.306
-78.459
-91.109
17.147
26.130
92.961
-39.53
42.74
-67.640
-79.284
11.924
78.754
38.46
83.715
77.293
51.437
20.976
-5.418
55.938
33.417
-57.680
87.659
-77.949
-28.984
79.862
-11.265
-5.937
52.643
25.750
86.483
36.92
11.179
92.909
19.389
-61.120
-1.232
27.37
81.941
-57.666
-20.204
52.841
16.852
-88.344
60.715
17.328
-36.830
-73.657
-47.490
-64.99
31.719
-33.823
27.740
4.480
39.992
-15.262
11.150
-92.923
9.870
68.634
44.317
-73.50
-95.629
21.234
43.125
-80.692
-46.55
-41.799
94.609
40.129
86.673
4.799
45.346
26.168
-39.663
-96.844
-16.390
34.131
-79.77
-95.718
-46.856
66.860
88.905
-92.83
-30.874
97.271
-56.887
-23.873
89.504
-16.300
-24.598
5.716
-90.704
69.249
-20.879
82.777
-41.633
89.208
-69.597
27.113
54.237
90.995
-87.185
93.506
82.126
46.708
33.801
-59.91
-58.60
-14.787
69.342
23.284
-92.771
18.116
-93.699
-48.745
83.879
-52.338
-30.349
-57.63
-97.484
27.507
-4.200
-18.618
-38.12
-84.612
91.195
99.100
98.830
57.39
-4.136
97.416
23.872
24.691
41.729
-58.114
72.905
-65.904
-48.554
-33.211
-32.368
-16.365
60.840
-3.564
-17.6
43.216
-85.588
23.353
-60.553
28.538
86.723
33.591
-96.651
84.807
-62.324
74.920
-0.205
-35.728
74.589
-67.969
-24.555
-48.189
38.637
-69.421
64.936
-69.910
-38.163
-47.598
-9.825
76.44
82.468
63.169
36.807
-64.576
47.392
-6.261
86.751
-71.98
-36.359
43.736
-18.470
-1.934
-73.422
-35.586
70.585
-41.391
74.277
71.800
18.689
42.884
-10.2
-99.304
9.329
-75.716
-69.886
55.479
55.54
59.125
61.995
-22.489
-20.299
40.951
-46.260
-74.387
-92.556
95.864
89.571
-13.430
90.243
55.666
-5.138
57.130
65.576
54.602
12.794
57.89
33.230
-11.144
66.334
16.841
7.846
97.55
91.772
-45.327
38.491
-88.800
-54.733
-92.344
64.462
-79.378
61.285
-32.835
86.626
-15.271
47.861
-72.250
-91.4
88.48
-33.164
12.244
-84.305
-3.189
26.27
-73.43
99.190
68.614
-86.405
90.145
38.978
-48.590
89.175
-68.578
81.856
-73.781
35.32
11.101
-89.139
72.529
55.967
-54.268
46.457
-46.877
-36.659
-54.484
-66.919
21.883
-38.272
-64.796
-84.503
-35.558
76.556
44.802
94.839
1.45
-42.463
-67.284
93.474
-10.439
9.323
-76.810
-62.786
6.482
-80.477
-64.330
81.472
-21.639
96.284
-43.547
-87.956
87.184
44.147
10.5
26.285
33.702
-37.35
-4.556
56.204
-35.547
4.87
97.326
53.822
95.132
-71.58
-77.143
-13.80
73.685
25.593
-62.280
-45.185
37.334
14.187
37.234
-66.958
-85.187
-53.900
-9.625
72.651
40.965
7.410
-61.0
41.214
-43.551
-30.370
76.955
65.360
34.621
41.646
41.638
-73.145
39.606
91.699
-30.542
8.973
44.401
-15.266
90.352
43.993
-46.486
-15.760
-46.351
29.242
26.324
-78.185
49.429
78.597
20.587
84.82
-45.29
-97.744
-93.342
48.823
1.49
49.627
-22.928
-48.259
88.331
33.767
-23.213
51.10
40.303
31.403
-17.305
-79.606
-26.281
-2.729
-76.570
-89.803
-36.478
61.729
81.21
-96.705
33.22
-72.353
38.179
-36.281
-94.609
-83.750
39.787
61.100
44.81
83.129
-26.363
25.535
-31.625
-18.561
-35.955
73.490
67.582
38.443
91.139
66.975
-45.1
-99.578
-57.610
43.728
-14.15
94.689
77.256
-47.546
69.938
73.156
-58.201
58.152
-45.10
-9.305
-34.319
67.365
91.843
48.242
-1.312
-93.837
60.947
-32.357
30.602
91.363
-80.497
84.665
-30.708
31.208
-31.609
-69.402
-63.914
-11.146
63.677
-77.468
-48.600
-38.736
45.566
48.50
93.381
2.203
0.318
-45.281
-47.596
55.273
74.321
42.411
76.557
-69.305
-71.250
35.352
-49.504
-29.949
-56.748
-12.503
36.577
12.819
-25.247
56.569
85.992
99.127
-17.728
5.710
-74.866
-40.579
84.667
-97.732
25.509
-11.565
-1.302
46.101
42.870
43.927
44.202
-94.994
-46.578
-76.627
29.553
77.264
-99.417
-61.615
2.858
24.353
56.49
7.343
88.442
89.570
-22.899
64.28
71.527
-80.388
-95.443
-28.419
-40.28
-7.135
68.375
-11.65
-30.287
-6.552
46.423
56.556
33.51
-68.131
-8.723
-45.382
30.750
-57.814
-54.144
2.351
-79.49
83.657
-27.790
67.10
26.318
-13.116
39.746
88.356
-55.162
61.65
-19.444
-52.179
94.306
-86.973
-62.599
-61.564
42.3
26.644
-24.199
19.12
-16.931
63.435
20.729
67.568
-76.730
-4.291
48.985
-91.212
89.488
2.959
32.976
-6.939
11.859
23.878
60.655
96.859
-49.960
6.351
-6.740
10.995
73.827
20.386
54.497
17.172
1.32
-14.29
71.78
13.536
71.343
17.105
-71.778
-53.350
27.904
12.874
75.475
-46.141
-76.812
-18.177
11.448
-96.466
25.189
-85.595
-79.974
70.186
-86.461
35.159
64.435
-24.305
-21.416
-12.565
-9.42
-84.27
9.906
-43.176
-99.715
-82.202
-59.18
-48.595
66.116
85.628
-22.237
-49.73
22.135
22.678
-7.930
-6.12
-65.123
-11.723
14.990
34.427
19.150
-98.51
52.373
-64.147
-53.855
-8.13
18.430
-98.893
73.708
64.642
35.614
96.664
31.117
-0.581
-0.586
30.847
-73.917
-91.815
84.488
-16.52
79.839
40.736
4.519
93.619
-30.772
-74.202
32.627
-72.170
-53.555
95.123
-31.302
-33.594
-47.50
-83.43
-0.426
-55.52
10.936
29.508
68.14
-94.809
73.592
-43.625
-1.924
-26.607
74.959
95.567
-18.277
20.358
93.626
-73.921
-24.646
81.641
-80.642
81.520
78.894
52.889
79.59
-43.680
-67.625
5.99
-4.575
-47.357
-15.389
-7.371
59.401
-23.553
-53.585
-13.728
31.547
-27.704
-45.8
60.755
-69.922
-67.729
38.841
55.216
-13.69
31.734
81.865
9.793
-35.790
37.502
48.571
49.639
72.929
-97.336
75.101
-90.933
-33.566
-75.275
21.863
27.200
40.701
23.402
-87.674
-45.271
70.746
-65.388
-47.573
-42.200
34.973
-64.900
-48.440
4.515
99.855
-27.652
91.122
-57.40
-7.787
24.581
69.215
-76.831
-36.931
97.736
-60.587
50.767
-11.258
22.867
70.175
44.451
66.620
-13.249
13.185
6.483
14.895
-29.97
-96.360
-89.783
23.753
43.197
97.315
17.81
69.746
-4.752
75.966
-85.947
-11.995
-99.585
2.108
-33.703
-15.952
21.70
25.239
14.743
-38.670
9.255
78.618
-8.17
20.672
38.405
-54.372
-89.545
-5.470
67.684
-82.374
-68.436
49.614
77.622
91.243
64.581
93.187
23.376
-74.933
65.901
-2.735
10.403
-73.204
6.134
-9.777
32.241
64.287
20.810
70.584
-42.201
-50.756
85.566
56.591
-90.449
50.159
-1.743
37.608
13.180
66.302
-4.444
43.347
-69.384
51.641
-38.83
-10.333
-60.986
3.623
85.489
25.255
53.911
83.654
-21.275
25.827
-72.217
69.227
76.339
-79.794
90.879
34.756
28.10
70.545
-60.767
-86.592
53.317
3.686
38.914
59.394
-3.436
-89.870
29.350
-33.673
90.185
75.271
-39.276
20.931
81.569
-33.528
31.783
-9.472
96.554
92.587
-38.577
99.505
5.196
79.517
40.750
67.235
40.766
-49.576
-81.772
16.716
23.955
16.606
-79.263
71.243
45.935
89.902
-60.594
-67.743
99.277
-84.545
5.868
7.784
-14.916
69.539
-42.584
16.973
-26.586
54.205
-58.304
-34.141
30.246
-82.605
-92.371
65.740
34.934
-89.703
47.281
-98.435
97.93
73.379
94.9
84.643
-62.887
-4.5
37.591
-54.580
97.227
78.478
-13.75
-56.649
40.743
-22.579
-9.941
67.97
-69.586
6.993
46.290
67.121
-75.634
24.542
4.634
-46.156
-83.65
7.84
-89.953
-9.960
62.158
43.126
1.1
35.878
70.134
-49.132
59.867
-10.227
-11.216
99.777
79.140
-2.235
-46.836
76.724
0.546
-58.695
-72.454
-51.117
-18.428
39.679
71.159
62.213
-79.260
-2.988
2.941
-89.399
-61.872
0.775
-66.194
-0.433
-11.804
-15.819
53.898
-80.452
83.655
81.696
-26.709
-29.209
98.127
-99.327
79.291
19.158
72.163
-89.144
94.527
41.860
-87.838
-5.268
-50.618
-90.669
14.748
-95.367
-95.91
-46.532
1.327
11.768
-69.255
37.12
15.814
72.504
56.571
-84.818
-69.66
18.564
63.765
36.676
73.345
-96.483
40.650
-53.622
36.78
67.14
17.884
59.554
-34.818
87.906
9.679
-37.327
30.119
85.25
-96.361
-31.228
36.697
-7.157
94.843
46.82
26.643
55.781
-68.563
30.748
-67.896
-34.579
-67.615
-85.774
9.620
-51.566
51.344
82.300
-92.268
-22.250
-29.869
-97.203
-45.323
-91.408
93.717
43.420
-75.71
-50.405
-7.749
-78.224
-50.853
-18.703
17.648
-84.739
-26.485
88.80
68.255
-93.5
22.464
19.195
19.945
-88.315
-12.884
-60.269
-15.595
-40.835
-36.203
4.749
-28.123
2.243
-4.414
60.802
-70.666
29.626
-28.794
63.886
-31.322
1.526
29.255
-22.609
9.166
-42.426
93.796
-77.926
-34.906
-86.221
-25.952
-20.706
-63.135
-30.57
-44.667
72.261
-2.506
-51.936
-26.170
47.509
54.434
-35.854
43.518
58.900
-35.597
-29.669
98.624
-67.775
62.453
-15.100
89.306
16.41
-1.185
-22.695
-52.182
1.812
-63.362
31.629
-84.243
-11.758
95.99
-65.516
-42.769
89.291
37.195
33.796
-99.411
89.843
6.379
-76.190
46.137
-22.654
92.597
98.538
-0.675
37.661
85.812
48.754
-91.260
-78.489
-74.835
70.310
34.954
-20.952
-97.353
-21.42
-42.479
-27.379
54.371
-61.401
-9.227
95.950
35.436
-24.456
51.653
-6.927
-74.369
-55.448
-89.655
36.16
72.425
96.372
29.807
69.31
-61.935
6.841
-45.116
15.571
65.312
-38.249
12.573
-66.121
69.203
9.772
-6.133
60.991
41.388
91.803
42.321
-48.959
-22.472
74.438
-98.807
29.369
44.227
-46.387
90.128
53.171
-88.614
-87.814
-35.789
60.963
-7.61
-9.242
-83.539
42.885
44.827
34.481
80.121
46.708
-24.195
-74.155
-14.415
62.824
-30.508
-26.302
8.847
71.233
-57.913
-57.912
-23.836
31.863
-49.77
33.639
11.622
28.548
30.508
64.631
-79.88
67.197
15.773
6.604
-57.5
22.390
-12.1
-14.729
-67.812
-70.428
-7.60
-10.827
-24.143
27.201
-45.510
89.133
76.597
-85.412
-42.231
59.253
-60.361
-2.171
-41.947
5.527
-21.772
-46.113
10.189
28.326
75.368
-86.880
-25.492
77.294
-56.187
30.592
57.465
-95.812
-18.22
39.450
-23.177
-91.663
12.41
94.18
-99.774
-3.156
-35.13
-91.561
-60.579
23.370
13.346
71.89
-61.501
-43.295
-24.994
41.897
-2.884
-28.375
-67.188
-80.511
95.24
-36.447
-93.308
-42.804
10.228
-3.121
-5.723
20.852
-48.671
-7.851
37.546
-65.935
34.328
52.822
65.84
24.888
33.445
-26.417
94.365
3.924
23.114
71.631
-67.566
-72.418
-32.836
73.812
88.597
-74.723
64.270
77.425
-89.700
99.471
97.539
-22.563
-22.995
7.121
-79.709
-49.835
35.351
39.928
-67.769
-9.420
82.817
22.992
32.766
78.873
36.905
-92.306
76.141
77.832
8.599
86.260
88.743
29.317
85.49
37.479
13.715
99.60
-71.236
-95.865
98.373
-71.460
-64.300
-78.82
-33.367
-6.856
-52.670
-4.869
-61.640
12.335
96.586
31.457
-26.73
-17.251
76.336
-85.742
72.695
27.99
-94.612
-49.25
70.873
-16.404
-74.582
32.151
-73.780
81.165
-97.489
32.469
39.515
35.865
71.735
92.203
71.377
-74.909
-81.882
-25.663
11.813
-44.297
28.336
-24.572
-46.395
40.687
-43.610
28.237
68.818
-37.395
22.358
-97.754
93.682
-53.107
81.405
-45.97
-11.940
-55.220
-8.89
-95.326
98.800
14.298
-27.991
77.396
2.378
-71.375
79.886
-49.641
-57.901
-35.197
60.247
-44.514
83.293
-56.570
-36.325
-73.896
7.27
-34.328
82.685
18.972
33.233
-0.177
13.912
-21.768
78.556
-13.329
75.889
24.175
-14.57
-5.328
46.961
86.813
40.126
-87.299
-57.378
4.443
95.519
17.843
-16.409
-52.414
-12.112
-58.750
33.490
20.330
-76.839
-89.344
83.91
18.109
-76.725
-96.329
92.893
-1.3
-75.836
75.9
75.585
56.826
-29.709
-25.827
-16.356
-64.352
31.497
-10.750
39.926
59.501
13.128
-55.185
92.466
73.844
11.160
26.177
-22.308
64.18
-9.57
90.269
33.982
61.389
-15.834
-31.407
75.219
78.697
-34.172
-39.888
-95.497
-76.187
-11.320
-75.833
75.849
-42.780
53.807
77.286
25.272
-34.912
-60.659
48.87
5.51
97.678
-78.153
-45.648
-67.653
13.330
8.208
-75.242
-30.154
-34.3
-25.760
-89.57
-87.635
33.680
60.600
-47.965
-19.473
-16.0
25.82
45.216
-53.293
63.283
-52.370
-46.755
-88.868
-35.515
13.686
-51.655
-31.980
18.378
-59.583
-9.646
-69.950
16.648
-43.36
23.472
19.637
-89.389
10.672
-14.290
85.950
-50.411
-98.732
-20.548
-46.244
91.419
-4.38
-3.927
-57.790
-43.4
8.489
7.892
53.142
-50.963
-47.461
80.152
90.256
-85.811
-73.120
-33.164
84.24
-37.283
-54.237
51.187
48.486
-42.818
-2.8
-53.45
-84.318
-4.852
-29.288
47.578
-5.132
57.35
21.835
-49.777
-78.632
-68.437
17.121
38.826
-24.907
37.854
34.911
-68.868
89.41
-0.891
-78.921
64.389
-95.106
97.897
-3.573
-50.510
74.345
83.313
26.955
-57.755
-66.533
-6.649
-36.797
-88.646
17.402
-6.704
-0.778
-54.813
-28.492
-95.649
2.415
-82.774
-51.810
-27.350
52.220
-50.326
59.226
16.832
-87.12
-13.808
-99.462
18.544
-38.147
-56.27
20.431
38.582
60.693
-12.109
78.497
-36.162
96.861
-19.479
68.18
79.626
41.246
23.336
35.896
-74.760
-97.39
-32.927
-28.723
85.194
91.114
92.294
-72.787
-83.463
29.998
67.972
67.569
64.154
-76.182
1.819
-5.610
80.54
-28.826
-27.62
61.343
-44.10
87.230
69.146
-30.922
15.123
95.229
89.961
-29.889
-56.668
-47.282
36.626
49.813
-32.234
21.816
-92.932
83.127
36.868
95.97
-81.953
81.252
-24.288
30.738
-65.522
-47.444
56.36
88.471
1.359
75.755
-90.188
-26.370
-44.994
-88.424
-49.242
44.241
-8.697
-51.85
-26.338
-68.713
-60.156
57.334
-54.179
44.19
-24.21
27.65
25.673
60.777
-19.855
-89.775
14.635
-79.92
-15.399
-97.195
-55.220
-56.699
50.724
41.685
-70.756
-38.945
71.711
-12.890
87.557
94.354
72.762
71.670
87.672
-77.113
48.136
-74.374
-28.597
-17.609
-50.96
-35.942
67.814
-19.85
-70.525
-97.102
10.3
-30.729
96.57
72.974
91.277
-68.364
51.431
-96.402
-63.624
2.821
-6.383
-47.66
-13.462
-25.986
49.530
18.298
-34.701
-12.149
79.664
-72.918
67.24
-17.823
96.337
-33.514
49.963
41.134
98.968
89.632
-83.211
-52.583
-43.202
70.719
-14.568
21.453
66.702
41.944
-14.894
-40.335
-15.318
54.523
-63.66
96.388
53.203
99.676
59.442
-35.383
44.149
-74.441
35.56
8.362
-69.925
80.473
62.127
-13.926
69.738
-75.173
78.69
-74.43
58.79
-61.739
86.608
-30.240
63.3
50.168
-66.837
-71.64
64.442
5.569
88.779
-78.40
-31.579
-12.109
-15.724
97.627
58.493
4.116
76.880
-69.638
5.126
-21.104
80.287
47.600
7.867
-70.217
53.575
-25.679
-62.407
-41.476
-93.282
24.255
-96.487
-47.234
-60.794
-97.816
13.470
-70.295
47.357
53.450
-1.495
23.920
-2.468
-20.368
90.728
-27.977
82.742
11.812
72.359
93.265
42.166
-25.542
15.496
-92.668
-55.658
-13.685
-87.967
-83.431
26.755
27.700
83.742
-82.219
5.386
-44.378
-4.134
-91.799
60.486
18.369
-41.95
27.375
78.658
-47.792
-11.49
70.545
50.649
-87.793
-62.953
-5.223
-30.64
63.243
45.321
-73.521
20.32
54.54
-67.256
-17.944
67.506
-2.263
11.646
-15.409
46.606
87.979
-72.100
-6.354
85.473
66.943
-40.210
67.464
-18.75
37.842
47.140
31.627
36.151
25.57
-21.595
73.61
-21.954
-23.521
-93.691
57.528
-83.276
-15.959
-78.396
-42.673
-12.846
55.171
94.592
-94.968
59.561
52.371
87.454
14.121
-69.999
-28.893
44.157
7.913
31.159
-62.753
-14.513
-9.217
-33.4
85.70
-97.340
-4.20
89.464
-21.971
76.602
-71.16
-39.382
16.392
16.277
-22.963
-49.760
27.416
99.606
-81.879
-75.55
81.78
-92.917
16.485
9.801
58.375
-77.624
-89.252
20.503
68.184
86.560
-7.493
-97.385
-21.453
37.914
30.124
-87.801
-3.342
-88.415
31.483
-53.869
82.529
90.478
15.99
77.136
-41.218
33.605
49.761
-69.101
40.233
-48.738
-68.321
-33.763
-83.278
-38.407
-7.249
-0.234
47.283
36.352
-92.944
-31.245
-91.165
-33.199
0.434
71.973
29.432
54.233
-37.232
80.420
25.212
-55.795
-24.38
65.471
70.924
-52.495
94.24
37.731
-14.868
26.900
90.578
-51.133
56.9
79.175
1.745
-10.349
43.396
-9.485
8.500
91.778
94.969
61.72
-75.628
-28.860
52.613
0.675
43.19
-14.428
-65.489
-87.80
-10.327
-11.88
-50.216
-98.44
-73.396
45.196
18.291
-88.705
-43.522
-2.610
87.220
-46.284
-24.286
35.236
54.309
-39.306
51.224
-82.812
41.907
-90.9
-71.249
31.595
-79.471
96.507
56.913
-13.304
-69.355
17.437
22.331
49.821
39.44
49.327
-47.406
31.202
-51.759
-32.824
-19.945
-30.62
54.936
-38.386
-83.77
77.878
18.425
30.356
50.259
87.91
-76.510
-73.92
-60.947
-77.37
68.20
54.497
-16.415
88.245
62.847
48.134
57.763
-64.88
-86.900
-92.178
36.798
-9.452
-8.468
84.308
-16.471
-59.419
45.328
-93.145
-81.931
-21.623
-97.311
-94.720
-39.80
-52.464
-62.580
-19.391
-63.636
-22.881
70.162
18.835
-96.233
24.79
52.870
-1.374
11.836
39.456
39.71
19.446
44.316
-0.286
31.534
-73.858
-39.710
85.264
-95.475
89.166
-22.757
95.576
-49.120
-65.320
69.151
-58.276
-78.767
-69.352
86.199
-87.888
-49.162
34.9
-13.958
12.876
45.597
-64.356
41.286
80.555
-84.241
-62.181
-59.182
62.668
93.733
96.45
-20.890
-48.506
4.47
75.279
-3.763
-31.678
99.837
-81.999
73.444
-24.941
2.513
78.961
62.265
-85.193
63.448
34.879
87.430
25.912
80.685
-19.61
-52.916
78.846
-11.561
42.346
-53.109
-28.443
-32.882
-74.960
68.640
-6.711
37.515
81.294
-87.905
-11.747
-79.101
-48.81
97.365
-76.440
-19.360
-99.866
93.955
-3.436
-12.624
-81.487
-97.218
-25.267
97.864
-4.792
-22.611
-81.62
-3.856
88.259
-20.471
8.405
96.702
85.879
-7.677
-95.33
-74.907
14.588
19.843
-32.484
81.804
6.764
-18.761
0.598
2.6
67.53
77.827
97.41
80.913
-71.397
22.930
-48.136
27.206
-60.358
72.860
14.280
-40.57
74.506
-49.987
67.410
69.684
27.632
-1.659
37.171
23.696
-15.262
-60.254
-32.229
50.830
81.197
61.518
-23.245
21.198
25.787
-92.610
19.25
78.437
-94.322
-68.72
-82.306
-6.419
-14.343
7.916
12.994
-88.286
60.5
-46.783
-86.29
-8.897
7.431
8.337
74.4
-38.63
52.175
-53.863
65.175
-7.373
34.360
-35.68
-60.327
-92.687
-43.962
41.452
-3.356
12.109
-6.27
58.134
-92.220
-8.607
-73.367
-69.159
7.754
-97.495
3.651
-36.863
-84.769
-8.79
6.872
63.232
93.57
-50.778
-94.86
53.983
-15.238
82.26
-10.211
-17.671
-58.77
71.493
91.986
-30.588
-29.282
-35.87
84.103
36.37
-51.647
39.16
55.574
95.597
-19.340
48.170
8.952
53.87
34.423
-6.611
56.162
69.253
-1.909
63.56
18.576
11.876
-92.736
-8.242
-11.728
-69.786
64.442
6.611
16.965
-52.580
-85.599
58.62
5.207
-53.667
91.530
-53.899
-25.163
12.321
52.389
-53.941
-58.278
44.388
6.793
4.798
45.490
66.995
-73.220
23.384
-89.36
-19.789
30.700
-92.696
-17.302
0.606
-51.203
31.469
-63.895
-57.218
77.459
85.879
87.409
-66.2
86.71
-47.471
58.574
-12.206
-8.321
29.378
83.107
77.193
-60.632
48.350
-79.736
-65.935
9.746
-56.658
-77.18
-41.48
-76.483
22.360
-47.172
33.620
22.752
33.869
-16.578
26.786
41.316
78.357
45.185
71.907
43.754
-46.488
0.462
43.395
21.464
97.890
31.583
-83.161
-84.58
67.382
63.325
-83.871
-23.724
-16.267
29.140
73.737
55.420
-53.503
-8.739
1.259
2.774
-9.457
4.280
13.348
69.530
42.755
4.810
50.363
-62.123
-32.925
-84.27
13.536
-13.292
90.757
33.326
17.520
-89.525
-34.627
82.989
-69.21
16.105
36.270
-66.684
76.126
-38.159
-79.276
-26.918
36.152
8.834
56.703
29.371
81.908
21.474
-53.702
94.940
-62.71
50.850
15.86
-7.846
-41.255
-97.884
-10.818
-93.239
61.145
6.939
-11.653
-45.455
48.870
-4.230
-45.171
42.68
-11.730
-87.724
-90.437
94.643
91.207
12.404
-82.504
-43.660
-50.706
12.400
10.411
27.999
-35.989
40.435
-36.279
-86.943
44.925
-72.368
-82.118
-63.782
-17.893
-50.620
58.907
4.899
-93.535
-93.174
-97.918
-57.342
-78.324
-5.739
-85.657
76.159
18.617
49.821
15.766
-13.659
53.608
71.766
-10.144
67.802
-58.139
-43.567
-99.85
-63.34
-25.849
-75.514
-99.268
-45.91
81.1
-93.468
45.979
53.74
-73.373
58.136
-68.614
93.989
-82.141
-27.986
-90.220
-97.813
11.210
-63.364
-83.137
-87.147
-78.567
70.813
76.895
-3.422
21.512
-92.661
-32.24
3.388
-48.671
-19.310
78.340
51.610
-65.987
73.442
-19.715
-85.807
16.540
-58.595
-16.696
-63.215
-57.993
-71.996
49.861
71.786
66.405
-26.642
-99.311
-96.269
-82.938
90.101
-61.611
21.34
-95.183
56.306
-11.473
-29.251
-58.950
76.946
93.980
-54.371
82.132
3.605
72.400
54.208
23.119
-50.200
-71.259
-3.187
-56.580
-48.486
41.768
97.123
87.547
12.901
44.677
1.927
9.350
67.553
76.509
65.509
-77.950
-21.499
23.486
-26.151
89.447
-71.849
-6.958
-0.78
33.506
-46.871
45.248
-64.121
-58.745
-99.871
-94.412
-13.135
64.594
-64.694
18.680
33.426
9.124
36.540
63.799
-28.150
44.144
-59.810
76.74
-51.638
56.408
67.893
1.603
-83.839
-38.102
-39.230
-62.726
98.38
21.366
38.669
49.25
-93.644
15.45
-61.180
-47.818
37.57
77.120
61.770
8.791
-28.129
-91.830
11.223
-76.790
44.951
3.951
65.940
10.717
85.778
98.286
-77.667
-25.558
-50.721
19.49
85.793
-79.849
-91.614
-65.376
-59.213
-23.811
-30.888
66.465
85.567
-27.838
-11.323
99.202
38.646
-69.711
-17.871
-44.246
9.629
93.147
-87.632
-55.11
-73.723
36.422
-48.413
26.282
-33.100
-54.996
-86.257
58.902
48.841
-6.797
-54.522
25.458
-51.158
75.884
11.70
69.224
74.862
-60.520
94.721
12.327
89.881
42.58
69.710
61.537
-35.548
-10.318
32.444
-12.557
-45.803
68.815
-88.956
34.950
-86.571
48.232
-47.568
-15.30
-60.614
18.578
97.824
97.192
-76.833
88.267
-7.954
-39.754
9.553
-28.421
-16.581
-49.951
39.349
-84.198
92.475
9.763
28.122
-66.614
37.423
-28.803
-49.720
85.321
99.461
37.997
67.42
-83.903
66.531
-3.497
98.387
-95.415
65.965
68.2
-23.401
-78.690
-32.709
-13.292
58.58
29.313
-62.812
-22.459
34.677
18.397
24.572
-42.551
-58.235
-16.749
29.559
21.788
63.402
-91.824
-35.211
-48.929
63.5
-31.900
-89.610
-57.179
17.508
87.130
23.245
-71.536
-31.772
67.972
53.436
-12.267
21.157
18.814
12.883
17.422
62.98
-57.369
-29.752
-11.220
75.225
-45.637
-18.359
-50.329
65.594
-89.711
42.526
-93.383
80.812
91.376
-74.651
46.348
-85.367
-33.317
-47.435
96.524
-67.418
37.11
-28.543
71.786
-39.361
80.407
-10.544
-52.929
-23.376
36.472
64.639
19.328
-57.556
59.780
-90.219
72.451
50.113
-48.565
-15.488
65.476
-91.593
-35.12
-43.821
47.832
37.422
40.594
-50.697
-56.97
91.112
-54.529
41.520
-67.207
22.603
34.602
-77.639
92.779
-57.781
-36.837
33.580
-70.386
83.727
-42.594
-12.669
-56.803
84.832
86.976
35.334
81.722
76.355
31.425
-67.761
-75.603
91.315
61.423
-34.759
45.98
-88.33
11.615
-24.291
16.175
47.794
4.22
60.713
33.526
-13.712
-26.910
-15.250
-90.161
-87.185
-40.902
71.401
14.57
9.818
-71.703
-8.517
-57.795
52.810
33.952
28.239
-67.732
33.503
46.17
28.878
28.49
-54.10
92.167
-45.620
95.105
59.533
-9.253
-12.438
69.884
-31.965
15.393
-50.47
7.991
-58.136
20.732
-85.291
90.352
-79.465
-71.86
33.569
-73.84
14.686
-66.893
37.852
-28.724
76.461
-9.304
-48.983
-25.355
38.788
17.161
88.227
59.293
-21.230
-71.10
54.386
-80.948
58.596
-54.121
87.111
38.828
24.369
45.780
-64.701
-34.324
-29.678
-37.110
49.621
96.27
99.414
89.704
-45.629
76.874
52.38
-11.325
29.754
37.843
93.192
-93.488
18.87
-54.129
19.774
53.250
-19.554
-86.566
30.647
52.536
36.829
-94.474
-78.592
-77.646
-33.466
65.771
76.991
-26.529
-52.359
33.863
8.152
76.846
-84.324
-79.354
-56.287
58.752
-11.681
70.759
-47.311
23.796
-35.705
-76.933
91.617
50.548
-7.856
83.315
-82.878
-72.100
-43.899
26.922
73.57
-71.485
68.976
-41.178
-68.737
30.120
-48.802
-0.126
-58.270
-80.296
51.421
78.445
-39.213
68.106
94.774
29.856
30.456
-10.256
-89.15
-20.747
72.250
-34.581
80.672
-55.140
59.887
-1.768
-16.98
33.108
28.250
-46.70
-12.842
-99.328
-84.661
81.168
37.27
66.329
-52.545
-46.830
-96.310
-14.608
-31.20
98.672
99.656
19.889
84.126
84.493
-4.197
-75.695
-54.891
-83.857
-34.988
-27.239
1.838
36.809
-87.294
-70.530
81.287
38.662
-28.468
-77.251
-35.785
-65.264
-19.666
-29.2
-80.442
10.12
33.393
53.483
20.112
79.589
47.876
55.993
-3.612
88.741
35.974
-28.84
-52.270
-62.375
-87.96
79.27
75.26
7.81
-52.784
-15.325
81.512
-88.641
8.593
73.655
-73.194
-38.326
-92.653
74.960
50.865
91.680
-73.761
-81.550
25.410
40.383
78.8
-16.46
81.790
-24.765
48.667
-61.110
-47.483
98.816
89.842
26.182
-18.212
-56.380
21.713
90.237
20.737
15.999
95.698
-36.348
79.238
-32.664
20.634
16.990
11.411
-97.902
99.774
21.542
54.237
22.973
6.652
85.36
-45.156
70.724
74.788
-92.785
98.536
42.358
-37.712
-31.786
-73.692
5.329
53.527
-35.497
59.323
95.367
-37.218
-2.260
60.550
-56.81
76.906
-1.911
-61.816
-30.903
75.162
8.710
-78.447
-84.501
-1.62
-29.70
96.146
-55.647
95.609
-11.891
27.866
67.674
27.804
4.88
42.589
-82.371
-3.867
-82.474
24.169
34.832
95.960
71.579
-56.706
89.263
76.805
72.588
-91.43
56.78
-20.954
-94.841
10.936
93.459
1.768
66.309
-19.585
13.10
31.301
-15.309
-74.681
54.675
66.238
91.531
47.284
9.302
35.321
-18.987
-41.318
59.885
56.811
59.265
55.784
-87.327
31.474
-43.283
65.370
72.540
41.381
63.993
-94.101
-58.12
-98.567
-28.54
-41.286
91.29
-43.946
-16.918
-29.11
59.174
27.68
55.79
-52.529
-81.10
89.403
-71.346
-36.789
-24.758
-1.887
-63.198
18.226
74.133
42.185
77.518
18.107
-98.130
59.166
14.291
92.44
30.159
94.277
26.851
90.245
35.674
-38.192
-96.142
-1.201
-48.668
-52.460
96.590
38.584
58.863
-63.505
5.40
65.830
-84.278
33.380
48.628
59.780
13.76
79.66
21.976
-67.291
57.548
74.913
83.197
34.882
39.431
12.542
-46.907
22.686
34.508
-10.927
42.484
-67.558
21.693
54.328
-67.719
-12.832
38.830
-92.304
-64.838
-65.0
6.295
-47.762
-53.583
57.390
44.857
65.22
77.960
48.804
-5.620
-71.386
-15.744
44.243
-36.796
69.306
82.950
62.215
-79.644
-25.144
76.50
65.573
-6.288
43.385
-93.421
27.442
-51.424
85.438
-40.317
-8.595
31.871
23.688
-53.46
27.889
44.683
10.362
-81.614
-3.351
44.243
-29.603
11.235
-91.110
96.264
42.143
24.640
-80.550
-77.883
-99.238
-59.182
36.64
-61.675
56.419
40.515
22.309
93.186
-52.566
-21.243
8.994
46.553
79.942
-68.403
-92.159
-79.251
81.725
75.119
13.523
-1.244
25.952
-35.350
31.681
40.550
-76.894
83.825
5.607
-89.734
59.848
47.849
-83.974
61.461
92.493
18.485
-46.113
38.796
-30.401
-51.943
91.254
-54.254
-61.537
-24.98
-37.842
31.360
-28.759
71.197
-39.279
15.730
-25.21
35.675
-46.288
32.812
32.301
76.85
-6.65
-48.488
-39.827
-83.394
-70.571
11.206
-7.853
-39.837
22.621
-47.698
84.904
-81.704
-79.895
56.878
-64.300
98.712
-7.719
56.210
70.284
-38.431
90.716
-8.249
-13.228
46.284
78.501
29.251
90.858
-5.666
-9.489
34.979
-10.869
89.577
25.591
9.89
-71.467
33.648
60.839
57.596
65.757
58.943
86.853
-30.95
-75.20
48.581
-9.952
-72.138
-85.498
-9.455
51.573
34.431
-44.869
75.899
-84.474
-84.174
-26.635
35.7
92.245
41.206
-85.909
87.843
84.987
34.914
80.499
-50.683
-49.261
1.996
43.241
-35.482
35.667
55.906
-11.142
83.877
-59.909
-8.259
84.508
-47.962
69.757
-37.745
-62.380
-45.587
-22.798
-39.234
-18.793
-48.653
-13.989
-40.436
16.706
-32.395
-83.357
-1.854
77.377
48.616
-44.486
53.486
-69.299
-98.892
88.908
88.940
-33.823
58.576
23.106
-38.554
-35.151
29.804
-24.126
9.976
83.964
66.553
93.486
-29.497
-19.172
39.662
-26.497
0.526
-11.402
22.764
-25.399
88.365
-92.58
-71.539
-78.959
92.750
12.176
83.428
-58.640
64.814
-93.140
-39.228
90.372
80.43
66.874
29.618
1.830
75.13
74.323
28.887
-46.33
-63.724
-98.515
91.595
-75.813
19.342
-64.196
-86.871
89.245
-83.426
-92.472
41.488
-71.838
73.229
70.256
42.527
-31.792
-3.930
-87.371
95.755
-95.247
27.341
36.912
60.685
31.407
-68.249
-47.181
-22.736
20.223
63.319
85.966
-79.493
13.330
37.342
-90.774
-99.142
-36.789
17.263
-29.83
64.198
6.683
-95.714
26.779
20.716
-52.106
91.206
-79.894
-1.612
10.993
-91.57
43.615
-13.210
77.888
22.561
-58.913
-72.56
28.535
-25.588
37.599
-32.790
26.186
-55.751
98.628
21.851
13.761
-11.134
15.814
65.240
-28.377
-35.662
0.588
31.543
73.593
4.815
95.628
52.139
16.906
-16.471
-5.151
-96.587
-78.539
-98.270
70.344
-22.0
25.447
89.599
92.568
9.184
66.741
-4.838
-53.968
-41.967
-25.289
2.211
46.936
70.577
85.621
58.530
-2.248
-50.153
-37.258
-15.799
-64.376
-60.878
-5.176
-49.898
44.183
-8.993
-56.96
-45.698
77.388
25.55
44.619
0.832
71.637
-78.538
-62.782
20.290
-61.246
50.744
-44.973
-48.198
51.442
83.994
46.65
85.295
74.909
47.530
-66.743
32.445
97.141
2.89
15.792
-47.276
11.122
-64.859
55.33
80.533
-48.351
63.583
-73.633
-57.887
-90.402
-18.149
-91.960
82.176
67.631
-62.164
39.712
59.227
-76.101
34.10
-33.800
25.970
92.162
34.144
86.211
24.626
-95.565
17.125
27.453
17.340
47.873
80.198
-14.591
-8.877
79.915
-34.740
4.235
-87.105
-98.932
61.701
35.949
-61.781
-9.995
-68.903
-74.35
44.669
40.25
-2.113
40.863
-32.376
-64.311
22.524
30.634
-29.154
57.580
-0.125
84.117
-55.419
31.860
-39.244
0.561
11.683
54.513
-45.994
39.3
20.103
-22.739
-49.146
-42.77
-97.168
29.769
25.532
-45.886
3.531
63.722
55.142
-25.516
12.166
-70.908
-89.957
4.987
-80.12
-39.909
15.312
-85.727
58.734
38.811
58.723
-25.946
-73.987
-89.91
-75.523
-92.262
48.229
88.714
98.424
-54.462
-27.273
-18.650
17.23
26.912
73.87
-85.432
5.832
-90.820
-53.470
3.925
65.404
-50.723
-85.492
55.670
-68.244
-56.929
-6.986
37.728
82.234
55.237
90.902
99.304
-57.389
39.496
37.716
-22.572
-92.678
-94.967
16.801
61.956
-31.247
58.946
-55.55
49.246
-14.783
-22.106
-64.350
-40.644
-96.512
-87.426
-67.957
-1.215
40.923
-73.924
-2.538
47.361
-17.377
-66.517
34.565
-55.404
-81.623
58.125
33.917
-12.390
-89.744
-1.992
20.409
-40.27
-5.813
86.569
41.602
5.161
-37.894
-92.858
-24.299
94.1
-25.773
-85.613
-14.870
8.56
59.949
-86.507
-85.296
-6.241
-18.265
-22.259
-22.936
83.321
-72.635
-27.795
-2.207
-28.493
19.130
57.37
53.955
-0.629
1.403
-22.686
-61.211
71.790
-37.992
-56.773
83.292
6.149
-70.554
99.807
-39.908
-15.630
64.644
-0.115
-31.804
18.660
1.543
-63.749
-62.519
68.470
3.509
-41.276
66.92
-53.592
31.924
-1.294
-44.195
31.759
20.373
64.642
14.897
-25.839
66.857
-51.162
3.193
59.294
27.590
-39.22
-53.442
86.758
-41.73
58.998
52.516
90.919
20.322
-27.233
27.312
-27.752
-34.5
19.943
45.684
-69.443
-84.847
56.637
91.109
-71.836
45.816
62.243
-53.230
39.149
-83.346
52.16
-19.52
54.609
8.552
84.723
-97.120
-22.335
0.388
82.779
60.562
22.866
-79.985
83.139
-76.599
78.983
-69.932
-76.55
27.455
59.489
93.749
-73.271
-21.850
73.685
83.61
96.440
-85.361
94.938
-38.765
22.776
38.121
69.146
-14.219
-48.393
22.628
-96.476
-5.661
-98.7
-47.145
2.520
47.910
-42.879
60.645
28.194
-82.16
-50.64
57.321
-78.720
37.19
13.321
18.469
44.563
68.523
-12.551
49.686
66.636
-60.545
15.424
77.913
37.427
69.797
64.441
-86.209
5.322
-71.523
53.90
-3.850
23.817
-15.646
26.484
11.905
-64.469
-85.407
76.365
23.536
-4.641
21.744
36.168
-74.335
-78.562
9.873
-89.89
58.774
-41.803
-45.726
25.231
95.304
19.492
8.867
-96.397
19.807
48.948
51.207
-61.200
36.545
-99.823
55.418
-55.238
28.98
-84.646
-54.366
-49.866
33.617
44.378
58.514
99.265
70.920
98.928
19.456
-58.192
47.698
-43.847
-40.432
43.229
99.687
0.886
-76.409
-70.207
-55.478
90.89
-23.436
23.32
89.472
-24.315
-38.114
71.766
17.742
87.813
86.920
40.810
87.185
-31.708
75.597
3.174
-12.464
-8.335
91.404
-35.592
-39.178
21.618
92.457
-51.689
-43.216
-58.471
37.683
-35.243
99.335
-5.422
77.361
68.982
22.726
-13.30
60.573
-9.531
-32.221
20.108
-95.607
74.164
-98.593
-99.462
23.636
53.949
23.461
-62.123
-71.755
68.527
-56.774
-31.549
28.147
-39.98
33.22
-5.727
-7.550
34.764
-92.136
76.404
15.812
-14.343
-29.771
37.811
60.796
-18.453
-30.460
-3.446
99.590
-2.466
85.182
-43.48
49.229
55.318
-59.778
37.949
-42.779
-49.434
21.333
-81.287
97.473
-73.16
-44.465
-39.672
-96.31
50.620
56.814
-75.516
-91.137
46.871
20.768
-75.994
83.538
19.229
74.526
-60.576
-46.184
12.811
-11.903
-96.401
68.421
65.849
78.84
-8.3
-63.630
50.390
9.936
-34.400
-76.512
7.308
-9.428
79.993
96.371
-51.731
-87.747
-2.97
44.458
-71.292
62.468
7.827
54.536
27.68
48.64
-54.767
-15.406
-54.860
-87.705
56.476
-26.690
-8.898
-2.204
72.31
87.580
-25.286
-47.801
63.107
29.594
-4.550
-72.377
13.937
29.540
-33.964
-6.204
-94.981
50.28
-16.92
90.973
-22.129
-82.854
-32.967
-33.296
-90.729
78.687
-47.882
-53.784
-13.800
27.142
-88.164
-47.398
87.183
-64.768
-82.358
-16.336
54.635
-73.541
73.854
65.33
-82.321
29.620
81.307
-1.672
16.606
65.722
-2.928
-20.501
-75.175
29.392
-78.775
92.156
56.389
3.90
-18.259
91.624
52.226
49.299
39.274
35.655
-65.586
16.230
-87.986
70.741
25.559
86.150
-21.202
-84.704
-49.195
92.531
-28.96
-91.564
-62.203
-23.674
-26.999
-40.138
-30.459
47.244
-67.345
61.289
-63.118
50.309
-20.724
75.47
-24.425
-83.117
-93.747
-57.247
-25.914
40.376
39.639
33.641
44.261
-10.189
-98.165
89.748
19.441
-60.798
-97.875
-31.868
54.307
96.992
-99.488
-78.998
-4.548
59.490
31.961
-50.421
-21.170
6.201
71.507
75.503
20.554
-79.32
79.688
92.947
58.278
-65.781
-22.54
7.12
60.383
72.158
29.330
74.810
69.489
13.534
99.692
46.109
-66.583
56.991
99.903
-50.276
-56.157
-16.331
-61.500
-95.566
28.17
-91.464
-40.382
90.239
5.290
-2.340
58.948
96.965
44.126
-33.473
57.601
-24.845
53.985
-13.427
-68.832
-74.935
61.245
-52.741
-27.585
-54.618
-95.727
5.252
-32.357
89.570
89.938
27.364
10.125
-42.730
-38.157
-13.611
62.658
64.315
-63.47
-47.588
-58.177
-54.457
37.767
-13.761
-34.52
-40.117
-17.431
-21.595
29.510
94.457
81.568
58.674
-99.712
-18.277
67.112
25.504
46.721
25.842
72.471
18.317
0.950
12.308
-33.108
-22.178
-24.546
78.423
-49.70
-4.847
55.71
68.789
90.942
81.354
98.188
27.562
85.886
-8.916
-35.65
-83.822
74.77
-41.397
-25.887
59.468
-2.166
-57.45
-39.31
-70.291
25.626
-2.461
-79.288
-27.929
-16.54
48.965
86.268
64.125
-52.716
78.939
72.864
-31.619
13.698
-71.877
-79.945
74.845
-37.283
-71.447
-99.251
9.581
11.353
-90.985
-31.298
-60.369
-70.300
34.274
16.464
65.35
92.386
36.196
-18.459
-69.801
-87.685
55.397
-52.868
-47.854
39.970
-14.836
-37.928
12.964
20.235
81.604
28.44
-24.251
-90.456
9.955
-54.594
-63.8
-11.646
-94.110
77.982
-67.263
-11.291
-39.716
17.258
-11.219
12.873
-31.388
-38.800
-25.846
-77.724
-16.243
12.206
-3.298
-46.915
45.279
51.891
-99.74
-60.664
-66.589
-35.167
85.335
-99.699
57.303
82.749
-66.847
-22.198
-51.750
-20.510
-90.828
-58.463
-2.749
-89.948
-83.705
27.440
-39.58
-77.780
-59.183
-66.304
-86.294
-47.704
27.906
42.495
9.31
79.810
99.749
69.479
86.538
-5.704
86.642
-96.589
69.768
-43.811
17.120
-49.0
-21.551
-4.972
-67.759
13.716
16.3
-12.799
65.920
23.115
-77.684
-14.686
10.559
7.363
-83.230
-49.344
71.360
-36.924
-43.389
-18.13
-4.642
14.957
-25.119
-38.878
24.361
21.162
-87.633
-55.122
75.865
14.983
-73.639
16.953
45.278
85.869
-37.345
72.467
50.6
-89.261
4.736
-8.703
78.276
-42.844
63.741
55.526
25.916
-56.788
-1.838
79.779
32.183
49.144
-50.674
89.416
-34.31
-58.638
-50.763
40.119
97.220
12.51
-89.735
-2.785
-18.535
14.976
2.711
83.369
90.171
-14.112
25.361
-27.574
-9.363
-74.817
35.287
-70.401
21.355
-55.538
-27.180
-14.494
20.972
46.451
-27.360
44.586
46.273
-35.743
1.116
-77.71
-75.950
-44.516
25.536
-19.582
-40.762
75.106
-28.105
67.940
-60.941
7.171
-45.646
-63.890
-27.367
64.438
-4.30
56.506
-47.34
60.901
68.213
-92.621
40.718
-91.333
-58.960
-61.276
-99.732
-99.689
58.788
-21.248
77.868
-27.413
-47.305
-14.496
74.206
2.268
20.967
-68.67
-75.377
15.298
-57.828
65.555
-45.354
96.520
27.295
-23.749
-44.969
-1.689
-47.64
81.480
16.189
72.406
-40.752
66.648
89.427
-70.51
-19.147
-35.448
-71.347
35.928
-46.497
-89.921
35.613
-88.880
-61.921
-81.591
-98.510
-36.997
-15.120
59.256
35.54
53.344
77.31
-5.471
-81.184
-88.465
47.63
4.651
10.567
14.226
47.814
-29.167
84.44
1.549
-49.682
19.870
-31.869
54.474
-26.484
70.598
71.98
78.479
29.664
-63.265
21.866
12.685
-20.17
43.723
18.801
12.371
-33.42
19.220
73.249
-74.865
-25.186
9.750
-16.22
-93.66
43.236
30.749
15.182
-50.53
64.826
95.953
-90.278
52.539
-4.256
-72.649
-16.192
8.722
24.189
35.691
-66.708
-98.903
-96.893
-32.898
-18.602
-79.726
-54.642
18.503
-30.327
-77.862
-77.680
-55.679
35.427
-96.759
-97.129
-54.209
-12.415
-15.985
40.316
58.645
-68.322
-86.877
-7.264
74.113
90.610
-61.717
-10.729
49.544
-44.236
-66.995
2.863
19.550
67.309
-42.35
28.626
44.739
20.749
64.650
-94.594
-39.260
82.215
-98.786
-92.654
-3.596
26.77
-12.521
15.193
48.158
77.752
-42.643
3.477
-79.576
57.520
-44.223
-67.502
68.966
60.982
1.630
-45.807
83.749
-33.804
-51.835
55.744
13.841
-71.808
55.329
-11.789
61.291
21.188
85.371
93.156
30.759
-95.614
80.79
41.751
4.706
86.169
49.631
-43.304
-47.590
-1.835
-12.165
-10.212
4.792
88.834
-84.190
9.476
23.26
81.821
-78.668
47.22
-24.686
60.496
63.900
-98.740
83.824
-27.185
40.909
36.342
84.320
75.919
-52.943
95.856
-1.271
0.269
85.305
-61.732
13.424
-95.660
-98.96
21.323
19.176
-50.171
82.224
14.425
-86.310
87.71
-74.536
-69.731
59.829
-21.203
2.522
-79.824
12.606
17.120
95.459
26.446
93.620
84.242
35.653
-82.174
-53.428
52.360
-74.472
69.741
-40.436
74.214
80.159
-22.343
-95.778
50.561
-60.366
-40.371
-49.745
-12.714
47.407
94.781
-87.261
-4.383
12.231
-24.633
63.794
82.586
9.835
-60.147
53.347
87.541
35.880
-42.984
93.448
75.925
-69.940
30.922
62.583
-40.43
-84.749
35.136
-19.123
-17.165
51.311
67.986
-65.455
-9.86
92.600
58.40
75.824
-40.359
-97.131
35.400
-9.903
-31.871
-31.288
22.950
36.442
80.952
72.627
-13.167
-90.817
42.752
60.661
-88.344
-55.727
-81.750
-93.686
-5.118
10.91
40.704
81.447
-53.89
77.149
5.938
-4.145
-44.226
-81.619
13.276
-96.887
-59.979
90.560
89.113
93.742
57.648
66.404
-55.948
-93.582
-70.747
-65.395
3.155
97.897
39.438
-22.531
6.189
29.107
-48.662
-46.308
-14.378
-59.695
95.998
-58.695
-81.586
-21.760
52.367
-34.696
-21.596
9.942
-30.409
-99.568
15.716
86.774
54.8
12.529
2.433
-33.368
-20.89
73.250
-34.81
-73.32
-59.147
43.933
-26.639
-96.351
-27.954
-76.339
-22.911
-16.684
52.318
50.191
16.350
50.145
-58.272
-27.668
-25.447
4.624
56.246
-97.614
88.966
-61.768
17.236
-21.86
9.797
85.24
-64.649
49.105
-73.761
9.58
-82.599
-73.760
-55.629
92.2
75.812
-29.49
56.65
79.814
77.339
74.201
84.435
61.8
-59.463
-93.856
-13.683
35.864
28.421
-75.152
27.329
92.255
-68.840
91.753
-78.412
95.405
14.171
-97.506
-29.786
26.13
37.940
91.33
47.53
37.545
-36.675
-50.370
-72.336
-29.33
-98.214
41.240
-35.277
-11.721
43.68
-66.105
91.193
81.795
28.119
46.848
-74.199
88.240
16.827
37.939
90.534
49.100
-5.744
37.525
-91.905
-33.703
-61.777
-4.265
-87.534
99.171
-33.913
-34.815
93.772
-98.109
46.252
-65.538
33.999
-48.555
-7.742
94.542
19.675
-31.561
-43.955
-99.105
-32.751
22.68
63.202
33.350
-20.810
42.704
86.675
96.906
21.201
-19.952
78.36
-41.358
-95.973
-48.306
-56.327
-59.569
52.907
24.904
-6.725
94.496
-88.326
84.468
49.163
-68.763
86.119
17.31
53.335
-64.60
33.766
-56.112
-84.852
96.89
70.538
-66.107
21.145
2.814
5.467
-15.483
-77.769
-68.525
-4.409
19.457
1.380
99.446
11.19
-43.722
58.827
57.242
-67.871
-96.791
37.796
30.267
13.968
86.119
18.131
47.826
90.885
53.994
-0.213
15.661
8.98
-63.729
-27.994
-71.80
-13.798
-75.997
-59.787
-74.341
83.141
63.308
-87.17
-6.380
-45.559
52.230
30.543
92.519
80.230
-57.857
28.640
64.804
62.843
-59.849
88.146
60.998
63.581
-17.673
-67.805
-5.862
88.190
-60.706
45.369
94.980
-76.268
68.228
91.644
57.961
-94.528
61.486
-38.174
-3.87
76.532
-92.878
-9.154
21.975
84.866
-79.723
-48.417
-73.530
-61.568
90.523
-26.551
31.143
16.853
-22.826
56.62
-34.142
25.442
44.767
2.628
34.919
-53.697
-8.629
89.397
-77.919
40.127
-21.313
25.438
98.383
2.985
26.771
73.476
-72.984
-15.173
-62.903
-36.795
-73.69
3.94
28.345
-20.999
40.625
32.98
-21.971
-91.386
58.900
97.637
16.362
48.217
-70.645
76.117
70.558
-36.590
-77.263
-3.854
-54.464
-60.14
-61.630
-32.330
-49.200
63.328
24.699
-62.435
98.12
-58.767
3.521
-1.233
88.995
37.579
4.80
68.843
49.219
41.481
22.79
71.337
73.993
40.946
-73.835
88.372
-81.776
-27.396
1.998
-26.139
86.113
58.184
50.558
-16.50
63.676
-9.64
34.898
-91.25
-91.478
10.604
62.542
-45.600
66.603
32.719
45.534
44.43
-64.177
-65.368
10.811
5.21
-39.535
38.80
22.347
-16.31
-61.728
33.273
-22.389
9.854
73.416
-15.73
-13.612
5.203
98.325
45.242
64.3
-16.988
-12.911
-36.20
-81.694
36.761
-65.827
28.432
24.882
-67.780
94.844
-49.312
-29.524
-50.713
26.894
-19.582
-37.447
-19.728
53.152
-64.772
-17.266
73.67
-21.448
29.798
61.677
-39.148
78.285
-97.404
-0.709
85.173
55.390
68.715
94.137
-45.918
-60.431
-70.370
62.200
53.749
-73.449
-97.887
41.842
55.510
36.205
17.802
-96.662
5.384
9.198
3.552
1.877
8.974
93.967
-17.122
-60.210
40.327
-90.975
-71.480
74.342
29.845
-34.746
89.106
-82.100
18.469
-16.929
71.321
-28.563
-47.86
-3.612
-58.341
64.728
0.517
-9.651
86.269
84.937
97.508
84.136
-51.836
99.991
-88.449
-23.466
-55.566
-46.427
-37.313
-49.50
-90.847
-4.383
33.635
96.434
23.122
44.897
40.505
-58.403
-75.341
-13.842
-41.485
-78.589
3.775
-64.71
16.147
-70.991
42.683
-80.93
46.168
-25.234
6.227
-34.305
-45.308
92.424
-24.293
31.715
-36.158
97.538
10.284
-68.61
69.919
-54.353
81.451
35.495
61.919
-33.903
1.639
-52.336
48.399
-13.519
16.540
-95.947
-31.680
-27.516
48.877
14.262
-48.663
-39.467
-69.768
-36.733
-68.950
-67.645
-72.828
-80.455
83.656
6.722
-83.370
52.110
-57.479
-65.467
40.135
60.755
-75.679
-23.360
86.995
-79.153
34.89
56.441
94.250
52.915
44.307
-37.968
-24.195
-42.318
-64.557
94.788
-95.274
-18.30
-3.877
-67.581
-51.877
23.715
49.91
-55.833
-25.398
-39.792
-58.739
18.257
-67.160
18.280
-84.731
9.354
-3.256
-92.763
51.589
20.80
-28.390
-11.608
-28.527
-70.397
97.781
50.42
-70.445
-81.889
26.341
-20.413
7.541
38.704
74.932
-74.454
-7.204
-71.354
41.325
-68.558
-58.184
89.657
52.416
-5.554
66.680
-6.307
43.714
-13.985
25.826
35.494
35.104
-75.245
81.997
80.102
-83.520
-23.778
18.921
-16.786
21.64
3.199
44.434
21.462
-55.343
-5.675
10.458
48.682
40.152
-47.368
90.742
-12.245
-29.141
50.262
-68.969
84.975
-55.537
-98.985
19.626
14.525
48.667
45.880
42.9
26.511
-71.279
-64.16
79.823
5.573
-17.44
-81.159
14.759
40.204
12.47
-78.425
-6.96
-3.460
-28.192
-42.749
89.167
-67.948
-21.814
-95.155
49.919
16.249
-94.55
-52.11
-29.91
-78.833
-51.574
-69.293
-46.515
86.962
79.164
22.480
39.775
-4.679
-81.208
3.538
-22.890
12.659
50.358
55.744
67.375
-99.298
-80.289
68.93
-68.226
10.529
86.103
36.467
-31.218
-94.225
19.293
-8.44
-77.24
-74.992
49.960
-85.723
60.409
24.297
52.328
38.74
-21.793
31.353
-39.531
36.157
78.558
-98.944
-48.204
54.580
-27.733
-18.371
38.944
-52.475
9.614
91.2
17.732
55.31
-17.131
87.137
7.164
-55.134
77.273
-97.225
71.386
-75.429
89.346
61.154
-29.223
53.962
-5.669
95.24
-56.454
13.103
-46.974
-46.950
-0.891
86.4
56.585
57.838
-95.695
-50.890
40.498
-54.112
94.910
-72.508
-79.908
85.547
-45.103
80.60
-78.907
-45.810
-40.902
-38.456
43.402
70.126
0.706
72.191
-49.89
62.269
14.399
61.444
98.485
-86.975
38.18
-1.940
24.340
55.813
86.714
19.276
13.690
18.651
81.402
-98.440
23.879
51.332
-6.956
-18.363
74.749
-67.569
34.234
-48.652
-58.985
6.135
80.558
25.362
10.320
87.490
-30.65
-38.484
-23.18
99.66
30.777
-63.635
36.967
-41.144
-25.106
-18.546
-74.276
31.714
-58.138
-70.589
-83.719
-84.282
69.70
16.611
-25.589
6.959
25.733
-62.716
-83.126
22.197
80.932
-67.316
-41.837
-83.53
21.30
65.736
56.662
-26.576
11.259
-86.433
-50.814
-37.233
-6.975
98.710
-1.231
93.348
-44.256
80.583
-84.394
-63.181
91.883
-51.221
28.179
-42.477
-61.78
63.571
50.915
-2.547
31.832
-70.247
43.639
-82.290
-55.870
-54.512
-64.326
56.989
-97.591
95.146
27.877
6.747
18.191
14.373
-82.880
-82.335
8.799
-64.855
91.205
86.400
-29.79
-55.638
-29.256
-42.522
98.657
76.839
66.547
-35.563
-97.755
50.93
50.774
-26.630
54.259
73.302
-66.752
91.128
51.646
62.633
28.430
52.981
75.431
-82.9
27.816
29.689
57.355
-90.398
-62.801
34.363
70.644
60.496
96.23
-7.306
-47.333
99.714
5.971
63.113
-53.276
38.710
-8.332
60.545
-94.441
62.500
-40.648
34.199
18.105
61.820
-50.474
-93.64
-52.224
2.384
-1.230
-75.193
-3.633
-68.720
-0.438
-56.551
-73.753
70.847
-77.251
69.905
-54.306
-85.181
64.836
-43.957
-73.609
-9.765
-17.890
51.260
-49.938
71.959
-29.814
-18.999
-0.15
-68.510
-55.683
33.992
61.961
43.712
24.661
8.384
46.914
-42.832
-23.685
41.105
68.460
5.245
7.659
-99.454
52.831
95.39
-50.985
18.679
-38.303
24.396
-21.565
-1.770
-25.777
11.476
62.481
26.728
74.178
-37.349
-84.239
64.863
1.84
-50.585
-45.711
-51.774
12.488
-3.514
-86.941
-55.978
-55.162
10.178
-61.131
30.481
68.827
36.178
-32.342
-9.798
66.936
-2.391
-39.898
-15.760
-55.22
-79.952
40.320
-65.608
-64.940
3.501
57.668
52.322
77.462
68.677
85.832
-85.363
-67.856
27.373
-18.689
52.292
35.50
55.254
-19.532
-81.452
-55.138
52.775
-52.494
73.474
55.892
77.444
-52.632
-96.687
62.706
-42.939
-99.147
-41.999
-99.151
60.277
-47.632
-22.861
-90.465
-60.761
-85.775
41.969
-2.669
53.762
80.261
-53.374
0.473
-91.895
-27.638
95.398
-3.783
17.677
22.531
27.485
-78.17
33.622
-17.774
-33.365
-62.545
-57.592
-65.195
48.764
-53.239
27.766
16.696
-18.182
46.499
-47.985
43.147
-82.156
19.421
-91.422
41.127
-74.207
44.775
-83.445
-44.591
31.38
-35.33
-37.215
31.686
-20.878
-26.819
-71.745
-34.141
94.24
-83.720
-76.3
-2.590
80.379
14.610
-21.831
3.509
-12.533
28.667
71.961
-7.597
86.73
-55.728
-57.60
-79.874
-36.647
22.450
28.114
82.142
26.365
-45.172
89.858
-35.813
-24.423
-93.902
72.290
34.113
57.893
-62.375
86.53
-23.951
6.140
66.975
-54.400
2.793
76.117
-97.851
-21.208
60.722
93.60
43.184
-14.42
-96.708
95.614
-65.116
-89.144
-4.993
-84.467
57.679
10.124
-64.167
21.982
18.130
42.777
-19.642
-40.683
79.488
20.224
22.82
47.492
-84.508
-5.729
68.999
43.293
-32.364
37.5
38.36
84.308
-98.31
42.630
-11.814
-47.119
-17.939
-69.982
98.566
-69.103
75.793
-22.629
-41.79
-46.822
-43.333
-0.780
38.497
-75.966
-5.316
-0.485
4.212
92.634
-41.327
72.373
-34.968
9.620
-56.58
41.633
13.991
-98.791
-39.96
-24.940
91.633
38.558
-6.992
-12.453
-97.61
-84.755
36.868
5.318
-62.209
80.686
-37.377
-69.715
-78.874
56.538
-55.487
-12.571
2.108
36.765
13.27
86.460
-3.697
-54.418
63.996
16.105
-75.660
-43.72
-18.326
-13.62
74.775
97.913
-58.417
45.271
51.387
-31.403
1.478
-58.673
-87.743
28.556
-82.783
-68.632
13.791
-8.988
20.939
-81.222
-47.375
-73.885
71.973
48.801
87.136
-5.356
37.569
38.529
63.950
74.531
-89.731
87.504
-58.628
72.76
-47.615
53.372
-96.910
-77.348
51.663
63.538
50.727
-11.766
-10.624
-82.749
-8.696
21.602
-91.98
-82.327
-2.278
-25.242
-79.792
-64.655
5.366
-23.600
-20.808
-33.182
-18.725
-65.359
60.613
71.438
-20.69
-97.885
92.391
11.566
32.486
49.471
-68.189
85.254
29.367
-4.838
-21.559
-30.608
47.752
-29.615
-12.947
56.148
-85.116
-88.301
53.383
32.639
-2.961
41.491
17.590
37.920
-22.784
-46.992
-94.78
31.118
-74.471
85.104
86.806
98.999
-18.568
-42.257
-29.280
68.178
-4.72
8.855
13.430
6.867
-38.5
-31.755
-67.373
-94.315
-93.196
-77.965
-53.121
59.429
-31.542
26.900
26.438
-83.469
92.837
-21.483
7.977
78.806
-27.611
-48.470
-29.501
40.879
70.5
57.741
99.85
-66.958
-0.617
31.695
78.722
47.123
44.752
36.745
29.967
12.425
64.576
-54.795
-79.395
-33.278
45.57
-16.556
-9.500
3.489
28.718
-11.682
-87.146
48.652
-67.683
4.216
-88.761
94.929
-76.838
62.693
-93.374
-91.885
67.673
71.821
22.289
-16.45
41.433
-75.879
-65.155
-8.69
39.662
-89.254
72.973
-54.396
-37.318
55.486
-89.180
89.455
67.573
-87.681
-48.620
36.461
-9.886
7.40
-78.929
-39.884
-96.474
-39.163
61.882
-90.821
-41.322
3.758
22.719
15.878
55.408
14.247
-11.496
88.587
-20.400
30.90
68.784
-31.87
-56.309
-18.776
-73.532
6.246
75.757
18.245
-28.517
-21.147
36.168
-24.551
23.759
-40.678
88.51
-92.809
47.484
51.254
-41.283
-32.804
-65.992
-82.169
-86.92
-3.832
-97.620
-23.864
-47.164
-28.15
58.356
-6.940
53.505
20.187
86.425
-64.529
-20.626
32.602
-1.349
58.330
-70.788
-65.946
-17.599
13.619
78.558
-35.174
-24.147
-86.879
-65.532
7.590
17.661
35.26
-41.195
-5.808
9.386
86.21
44.898
80.636
71.101
11.161
-33.478
-43.113
52.6
13.664
45.273
-35.611
99.207
-63.39
-53.62
-28.273
-45.58
-23.502
27.606
79.971
-92.216
39.251
-59.603
30.418
85.871
-93.551
15.696
14.671
31.799
54.330
93.722
57.713
-84.325
18.455
-43.92
79.985
93.0
13.967
39.998
-71.804
-27.49
0.6
-76.342
7.560
-56.403
-28.935
-4.428
-29.293
-73.32
-20.955
97.683
-49.135
-67.211
-9.570
-59.926
-48.206
27.963
7.892
-53.17
-50.137
2.286
-4.188
11.555
-13.416
-74.875
-39.24
43.551
-23.810
-0.64
-61.366
-26.520
77.224
64.188
-61.401
81.775
-26.67
82.210
-49.986
-60.38
36.400
53.378
57.655
-48.719
-95.133
-10.114
0.292
67.875
85.176
65.737
10.925
72.879
-55.236
-63.184
-10.631
59.993
-35.794
78.761
-31.798
75.715
5.225
-87.750
-47.457
-62.572
1.283
-73.694
-59.229
42.307
-99.490
33.765
-56.522
-5.809
-32.356
-0.171
52.972
-87.246
68.457
-43.899
-79.151
-65.684
-67.293
46.198
75.982
-13.882
76.786
22.326
14.494
35.790
63.269
34.435
-22.354
32.900
4.527
33.340
-84.969
-60.991
34.158
-66.993
-97.509
-31.843
-1.817
65.249
26.654
-70.739
49.675
66.436
9.322
50.88
-30.337
-31.220
67.422
-9.587
-51.265
72.736
33.937
-64.655
-38.864
-70.466
-47.196
-34.27
-15.746
-14.355
-14.458
68.230
61.364
-29.828
86.318
65.288
-84.787
89.621
67.689
-66.455
5.169
-9.837
-1.550
30.279
14.517
-14.234
-80.519
-43.60
86.727
75.646
-71.51
-26.912
-64.613
-65.443
-99.57
-50.23
90.103
21.199
-73.985
-15.912
63.983
81.10
-39.574
-96.391
36.290
45.941
-89.983
-4.204
80.577
-35.144
-36.8
92.41
8.80
-37.28
61.516
94.62
-50.251
61.956
-72.588
-19.523
79.111
74.403
79.311
58.800
-80.313
45.259
3.309
-44.622
93.46
20.918
-43.149
-26.723
50.2
-6.912
-91.844
45.442
-60.645
27.142
2.135
65.907
-3.602
-52.228
4.530
-71.237
-38.80
-18.225
-9.438
-61.265
-36.720
57.37
48.741
36.293
-51.450
-68.521
97.660
-74.530
42.392
59.553
-18.989
-12.98
-66.446
-71.534
8.85
23.453
28.902
-13.277
-75.371
76.182
-46.500
-84.812
-11.379
80.802
-94.310
-6.785
91.113
89.726
17.554
-89.682
-14.728
-81.764
47.475
11.307
61.201
-97.959
91.751
87.292
12.409
-8.198
-38.564
-16.146
58.745
-32.456
-7.869
93.719
16.810
52.397
-15.461
-84.669
-35.907
14.675
-57.785
-28.969
58.677
89.922
32.490
-78.142
16.310
-15.194
12.182
26.648
37.6
-94.786
-58.944
-92.385
97.718
12.748
76.65
1.780
47.445
-52.623
84.460
54.406
-93.565
61.509
-3.959
-35.371
-9.200
46.553
-29.453
94.157
-59.342
-31.496
88.941
-94.2
33.305
-42.340
51.601
26.399
-33.928
85.74
60.134
95.465
89.205
48.299
-21.484
0.478
3.30
-58.908
-19.541
-32.726
3.86
-68.433
29.823
-83.523
39.44
-52.345
-57.500
-64.711
-22.530
-8.114
-21.918
68.986
32.168
-54.51
75.991
-32.995
-20.53
-38.469
16.291
83.799
-28.773
11.641
28.926
67.480
82.307
-94.891
50.64
-59.854
-79.171
-81.554
-98.435
84.898
57.26
98.346
91.380
78.174
61.425
-97.336
54.916
50.749
50.599
-70.384
-36.793
28.292
52.635
35.165
-10.527
0.476
-45.131
-61.133
-84.283
-41.706
49.42
-84.923
64.475
-25.711
13.873
25.25
-26.671
43.684
62.268
-80.562
-34.111
81.647
73.812
51.689
95.454
-18.180
66.258
-48.902
12.564
64.196
69.830
-21.963
-44.536
-47.240
-60.535
99.6
-63.72
50.272
-21.37
13.1
-67.870
-37.392
2.488
31.987
1.248
26.847
-31.162
47.512
64.285
98.399
27.118
39.555
-14.357
-77.40
-81.942
72.220
21.352
-42.299
-35.315
18.613
-1.93
55.232
-5.698
-44.675
-22.108
96.532
21.953
-8.795
-59.683
95.301
-31.354
85.10
-46.67
-65.663
77.785
82.33
-8.254
-38.314
-67.725
12.421
22.504
-77.741
-64.687
-1.405
65.934
-38.216
44.177
-55.815
13.135
-55.99
49.321
-98.950
-9.514
-88.415
82.32
-9.771
-22.867
-42.922
76.787
-87.442
-20.244
8.842
38.952
-7.992
81.274
-41.935
-69.10
75.752
-48.180
-56.667
-15.339
95.348
-77.138
73.397
36.530
-31.471
-98.140
-83.67
-91.715
-38.571
-27.438
-13.933
-41.710
-73.283
-97.771
-47.503
-84.953
80.636
-31.179
11.17
-10.297
-48.262
39.755
15.728
-93.877
-48.476
27.460
-50.192
-88.424
-42.687
-72.649
-88.649
-89.388
53.356
53.949
24.697
-98.776
77.326
-96.767
43.109
-12.333
-77.173
9.915
-43.268
58.573
1.897
73.447
57.176
-33.73
-86.316
-77.980
18.10
-8.19
86.762
-73.672
8.626
41.99
-3.256
-43.641
-50.327
-66.705
-68.775
44.483
-86.921
45.446
-30.655
64.948
93.103
99.798
30.448
30.867
-58.387
0.183
-9.170
32.967
-80.149
54.613
79.807
-60.258
-35.41
-37.471
96.881
82.281
-51.690
-41.574
-30.607
-26.413
-71.445
-71.605
-69.592
16.381
82.677
36.311
25.62
-32.556
58.886
86.765
76.788
-24.59
-83.728
-83.597
54.531
58.567
43.592
-18.776
20.87
80.673
-6.501
-25.26
54.561
-75.445
77.851
-9.662
53.805
-59.676
-73.848
-25.280
-43.387
48.964
-65.618
10.645
-56.723
81.584
26.837
-64.248
-82.373
87.99
17.542
49.490
-59.355
-31.217
99.673
-71.255
-5.881
97.497
64.231
-28.818
-24.988
-7.537
6.197
-76.528
-92.679
82.151
-57.956
70.605
35.70
73.550
11.974
42.433
64.891
-94.968
-41.660
-61.394
-41.52
-2.174
12.9
6.634
19.445
-71.40
61.204
0.998
67.639
-66.153
15.794
21.796
-85.360
-18.367
2.338
-11.909
6.323
-92.423
-98.443
-64.709
76.724
-89.798
-27.535
-27.653
61.407
92.771
64.529
-92.221
18.519
-88.435
11.11
80.652
97.532
-27.659
-23.372
-58.764
2.580
21.672
63.391
-49.431
95.243
66.675
-87.525
-95.152
-5.275
26.585
-18.287
-91.760
85.724
2.325
-2.920
65.939
-33.178
81.174
-92.931
-75.857
75.427
55.170
7.307
-3.709
30.163
4.328
53.562
28.395
-6.840
-12.267
-56.794
-87.649
-30.209
98.512
90.694
-55.998
-59.451
42.931
-98.590
-38.702
-86.558
62.797
59.828
16.726
-29.168
58.724
67.683
90.225
-8.876
-19.566
97.152
69.766
-91.578
-74.894
21.775
62.385
-5.404
0.394
-26.455
94.74
64.871
45.640
76.384
34.310
-71.284
76.998
5.804
17.504
7.382
-73.676
5.792
42.290
45.966
-78.352
57.175
-59.603
51.360
-96.130
87.137
-85.963
5.468
-48.862
-83.559
55.489
-37.546
-3.506
-67.809
-88.805
12.944
-71.329
5.386
80.986
-97.770
-32.825
-72.462
87.317
5.36
-36.424
-97.689
48.860
-61.317
95.798
44.647
0.832
-97.704
41.791
91.48
-3.837
72.286
37.886
-32.248
66.895
38.339
80.491
-99.841
-32.582
82.926
20.329
-83.653
-39.490
55.875
41.841
24.431
7.711
-22.210
-93.94
-7.976
-70.596
-21.732
59.71
84.179
-8.20
-28.744
92.704
47.378
-95.824
-25.831
-82.153
19.275
-10.834
43.70
51.879
52.859
-84.351
27.550
32.945
-83.471
-10.405
85.724
-93.434
-24.729
-38.780
-20.132
-50.216
85.95
98.979
-87.962
-7.724
81.510
82.403
-70.179
-76.17
-65.289
61.91
61.776
-12.426
-60.865
31.573
-7.406
-7.289
94.759
11.887
60.552
93.613
95.127
93.291
-22.403
65.286
-33.993
-11.952
44.599
-8.662
89.922
-63.567
77.463
-19.408
39.30
-25.995
84.29
-2.640
56.937
-74.745
26.787
-83.350
-57.527
-6.798
-98.238
-45.63
78.200
56.702
-38.210
68.484
-11.763
-29.598
-14.955
-62.313
-70.963
-8.308
41.338
56.694
-11.32
-55.952
96.116
-25.445
-56.859
66.173
75.443
-74.403
-37.344
-3.352
20.715
-99.370
14.119
-93.396
69.552
53.818
-49.346
-9.20
28.609
-86.313
89.185
-25.84
-18.550
-74.643
-28.665
-40.218
-26.319
6.228
90.957
70.843
-50.932
98.610
69.828
58.54
-44.734
81.375
89.853
95.259
-70.701
-6.171
55.22
-41.672
-11.141
-31.900
99.696
-80.377
31.819
-2.366
-53.336
-61.394
64.149
-51.842
-49.853
78.437
10.236
-29.917
-74.400
-73.302
31.907
90.468
-73.884
-30.88
60.337
-31.867
54.30
25.559
73.885
41.158
-27.989
1.432
70.657
-41.688
-54.548
-20.731
76.137
68.462
29.435
42.228
58.207
34.61
78.831
58.372
27.526
84.499
9.375
64.743
-30.224
82.218
44.677
95.563
79.993
-72.203
-5.282
-38.567
-2.628
55.145
-70.675
24.809
-7.353
-50.649
53.480
-88.504
0.409
38.799
75.701
87.956
-94.378
77.402
78.962
-9.912
2.665
41.406
-31.858
-3.196
-47.271
-19.810
-36.204
-80.733
-86.263
46.472
58.627
51.368
-99.251
-57.206
65.153
75.72
40.108
88.641
-86.127
-50.625
74.784
15.787
15.786
72.895
26.561
2.836
-37.28
-79.516
-55.54
-94.604
9.78
52.846
-14.961
-28.985
48.411
73.566
-19.203
-78.934
-77.789
56.735
61.245
1.649
-81.963
47.143
-8.691
83.465
-41.536
80.366
-36.244
-98.0
-12.613
57.515
48.196
-0.795
90.503
43.586
-62.880
-84.412
92.700
42.798
28.311
-62.668
46.717
93.769
-35.811
69.254
20.16
60.652
14.97
-16.139
-18.219
-86.934
-21.580
-52.473
-30.460
64.530
-84.202
36.662
-52.628
-69.344
-37.515
-15.401
14.223
82.527
-72.758
-73.122
-80.558
4.946
-33.698
-58.220
75.957
-64.572
34.439
-37.273
-64.197
-52.22
-22.3
-95.859
34.244
49.255
13.30
92.494
73.581
80.870
-15.834
-60.639
-79.461
8.208
83.542
57.444
-50.257
-1.850
76.975
-90.855
-29.723
66.335
26.167
40.775
66.459
-89.916
-14.718
-22.119
-77.395
-12.337
22.219
-14.885
97.63
93.756
-46.822
-94.211
-85.178
-34.400
-85.429
11.494
45.816
53.230
-97.79
60.824
-99.971
0.117
-18.354
54.941
-61.78
-16.390
61.787
-72.992
-21.990
-34.2
54.101
-97.154
-4.372
88.178
25.691
92.308
4.69
81.193
39.567
-81.253
-95.7
32.5
-38.161
-50.949
-4.827
-36.871
-10.575
23.108
-28.700
24.781
-74.528
-77.560
35.50
16.352
24.56
75.592
34.54
66.877
91.406
84.982
81.608
38.385
0.172
-75.989
-0.365
-55.992
82.826
-84.344
-46.35
61.171
-56.653
80.191
63.144
1.319
91.371
37.127
80.809
78.345
-53.843
86.4
1.961
-24.241
36.756
-21.909
-95.700
-86.890
-69.70
-82.648
87.853
80.739
44.992
-13.868
25.105
-82.226
-10.574
-61.160
40.682
79.316
16.704
-96.584
-32.480
30.693
20.118
-19.252
-28.62
-89.624
40.64
-65.895
39.111
-19.259
38.992
1.622
-33.94
-22.166
38.394
-27.535
-81.127
-17.592
70.932
78.703
-23.941
-47.694
65.128
-5.50
45.40
52.320
-31.401
78.319
-73.741
27.19
44.442
2.842
-33.559
-11.64
-7.961
97.314
74.97
26.728
23.101
-55.680
-39.724
63.226
34.512
33.675
-35.883
29.232
91.907
54.385
-89.260
16.816
63.755
-5.370
88.5
-31.490
89.877
-9.558
95.149
-79.756
-90.345
-51.361
43.177
-12.882
-56.670
-63.453
-98.295
-68.804
-19.352
-80.331
75.821
83.924
6.320
85.732
86.740
-44.856
92.754
-22.23
11.894
-49.274
-43.902
-34.685
38.143
20.680
-35.666
-21.810
13.955
-51.329
94.140
-89.889
-67.684
-67.518
91.809
-35.381
11.116
-80.390
-5.655
-85.206
-39.201
-40.342
-67.610
96.177
62.968
71.303
61.266
70.599
89.804
-67.989
22.881
-70.21
8.740
82.236
-26.898
-80.869
14.183
-17.505
-10.646
58.913
-13.635
-20.306
-70.166
-82.900
-71.26
-28.706
-40.321
71.338
-0.149
34.407
-62.672
18.145
-0.815
-69.350
-27.221
82.750
59.942
71.713
88.366
51.352
79.14
-43.233
12.85
-52.254
-39.33
-5.616
26.927
71.151
-3.791
-36.495
-29.174
46.817
-56.82
85.134
-13.225
14.383
65.609
-58.632
17.736
42.124
-72.205
16.651
93.959
-7.945
27.310
-81.924
51.889
1.499
-1.117
45.811
-84.583
-50.799
-85.44
2.403
-5.131
-85.612
49.816
73.317
30.970
23.216
45.252
-72.254
2.39
-92.41
-79.98
28.84
-1.733
67.358
-81.889
15.764
-9.109
39.481
-72.884
-97.628
-78.660
-90.288
19.142
-11.109
73.42
53.58
-53.319
-53.410
60.482
-7.580
-47.810
-85.953
-8.972
63.683
29.756
-84.161
-4.114
-85.220
-99.732
-50.691
29.138
68.876
-47.284
-69.799
52.429
-77.765
65.221
-20.906
-37.358
37.108
17.489
60.457
7.4
-75.625
-78.77
89.107
62.772
50.744
61.81
53.619
-89.288
-15.900
-17.408
3.135
88.413
-55.702
-87.165
40.267
-52.228
-22.134
-52.323
-71.990
99.307
84.262
-94.302
33.857
32.396
-2.789
-69.941
-69.916
40.468
-99.792
-11.343
-83.127
-90.121
10.755
85.839
-76.441
-35.362
74.683
-47.375
-95.375
85.638
-82.222
93.612
-6.575
29.460
1.488
-9.223
11.949
81.448
20.395
-2.780
-28.614
-34.807
61.366
-95.147
20.548
86.710
-67.573
-84.55
-76.975
43.477
-0.258
-80.92
-76.453
-47.800
30.620
-1.706
-48.126
-97.210
94.686
86.281
11.281
-51.613
2.241
-19.388
-83.218
-48.220
-23.320
24.117
79.411
62.598
22.161
-40.364
2.366
69.885
36.421
23.169
20.545
92.121
77.600
1.662
53.136
-91.928
43.130
88.251
-69.387
-21.862
45.383
-42.427
-4.556
-29.457
5.763
-42.754
-95.749
67.637
77.159
7.532
7.330
-4.872
-22.276
41.657
74.262
-43.956
-93.104
74.423
-58.800
-29.8
15.215
84.672
32.794
89.535
-51.261
76.405
7.598
-40.324
59.482
88.164
50.879
-94.716
58.100
50.589
52.992
16.720
-88.528
-17.220
69.379
-21.220
82.922
10.817
-62.127
56.130
-38.482
82.150
82.90
81.759
-57.228
15.650
-89.384
-90.294
-12.108
-82.564
-93.255
-97.737
22.119
26.353
51.410
8.477
84.366
-35.308
3.20
51.954
-28.348
88.897
1.619
5.746
-21.849
-13.957
-7.994
-85.529
-61.85
-93.788
41.416
97.156
89.510
53.215
-22.736
-53.301
-61.560
87.897
74.958
33.851
-98.845
-12.842
23.283
5.289
34.563
-64.517
3.330
85.18
0.944
-0.129
40.879
-96.191
61.314
-36.220
-27.6
-58.170
-38.373
-83.610
-74.762
75.562
27.854
77.351
-20.264
47.401
63.680
-95.838
43.528
-22.312
-19.438
64.513
-90.740
44.669
41.790
4.737
88.153
29.248
93.891
82.414
-33.185
47.502
-24.492
-7.388
-93.29
43.434
-47.174
30.255
4.200
-58.382
76.116
-80.163
-49.439
10.798
41.943
62.787
-73.786
36.268
0.424
55.782
76.358
34.590
-95.991
-48.302
-89.895
-64.858
-73.983
-56.719
99.371
-90.126
63.454
57.189
-14.184
-10.284
57.525
-48.290
-77.363
93.272
77.271
37.561
32.876
-86.333
-82.447
21.10
-15.819
52.467
-51.445
33.538
86.367
-59.356
-63.289
21.875
20.409
-3.882
74.597
18.801
-5.352
-7.937
-81.924
78.35
36.398
22.171
-42.191
-14.346
95.920
96.791
17.248
-82.7
90.988
-64.518
-95.454
-67.728
-66.971
26.37
-17.232
57.81
50.698
96.232
32.222
-91.739
-86.434
32.654
1.272
-13.699
24.168
-56.277
-30.827
-5.524
86.8
8.499
-47.738
93.122
-67.823
-16.88
-50.913
-68.921
68.903
65.108
-47.247
-4.307
-99.806
-81.551
-69.270
30.286
89.636
-69.905
-73.173
57.490
17.90
85.546
-53.597
10.679
-38.500
-40.982
83.824
39.193
-68.718
1.228
42.245
82.483
-81.736
-86.446
-43.736
71.429
37.612
-39.904
99.224
31.125
-54.419
-19.1
-30.234
-39.221
-78.864
18.787
93.924
-39.616
31.415
-93.198
83.105
18.224
-89.807
95.746
52.424
94.695
-16.188
3.727
46.210
-14.355
-59.38
23.209
-41.350
94.845
67.198
-57.144
87.112
41.716
15.914
4.228
-91.839
-84.463
-1.156
77.450
-99.918
-97.127
43.514
24.707
85.322
-61.126
-40.318
-9.2
40.755
-20.32
-98.283
-26.932
-98.675
35.52
87.437
54.98
-2.390
-41.352
43.544
-53.316
62.867
-41.393
0.744
-21.679
-1.618
-56.125
-38.427
37.420
91.215
-99.968
92.483
19.324
-79.676
67.349
6.403
35.159
-15.97
-37.887
-11.530
29.781
15.25
-69.897
68.976
63.995
-37.654
81.741
51.708
99.945
20.156
3.237
7.153
-94.474
-58.594
-98.257
87.846
-32.627
36.430
89.682
-30.802
52.357
56.317
-38.163
16.221
-23.871
78.111
86.343
-88.431
99.120
7.650
-71.255
-73.11
80.1
-13.770
40.293
-24.623
-6.710
16.350
8.549
34.956
-14.728
51.453
58.286
-76.51
-19.992
34.68
12.775
-33.91
-37.151
-10.285
85.351
15.2
8.260
-55.288
-72.660
35.894
21.159
-17.92
-15.182
-63.492
-20.729
-4.796
46.56
22.512
2.636
73.371
-65.692
-80.309
90.925
51.440
-97.460
-46.417
-98.763
62.138
-14.592
79.765
38.783
-8.363
-70.6
-67.157
-55.807
-25.953
-42.303
64.117
-50.684
73.663
-67.653
5.813
-53.883
78.102
96.610
-74.135
21.177
31.794
-32.144
72.569
-82.88
75.394
-84.499
50.330
22.326
53.652
-90.373
-30.604
39.836
-85.661
93.195
-7.223
33.459
-95.909
-60.84
34.437
-96.627
87.309
-72.249
1.834
-4.79
44.286
-29.972
-14.667
-81.179
74.414
71.562
-41.449
-68.221
-83.374
59.479
34.975
81.904
38.471
57.652
8.479
-49.250
69.692
98.112
29.995
-93.706
-89.440
24.773
78.812
52.521
-58.282
-77.531
-59.952
41.502
-45.431
23.277
-84.766
-68.890
60.621
-24.625
-92.83
91.761
40.572
-34.613
-39.458
40.833
-98.217
-97.937
-70.898
6.274
-64.718
4.709
79.201
6.535
-36.175
-97.467
87.765
-43.215
-42.885
-62.291
8.308
89.864
83.844
-49.550
28.838
-66.435
-90.322
-31.618
9.860
-38.23
-92.83
-17.124
50.907
-37.708
-12.436
-61.255
30.997
-16.528
-17.489
-55.427
84.672
-22.941
-24.943
-22.881
-22.993
-61.806
88.436
-37.704
-56.473
-35.628
-38.813
23.687
85.763
53.885
-82.659
99.573
-71.61
-40.150
89.106
-27.493
-45.631
35.307
-18.292
45.197
4.379
-57.978
68.601
-67.893
-71.382
49.910
-59.607
30.443
-40.413
13.758
-23.415
44.672
39.392
46.659
-4.883
19.184
28.543
69.773
68.265
-60.430
-1.505
21.501
-24.992
77.39
-75.495
55.114
-50.743
-0.364
45.284
3.444
72.97
-56.271
12.295
64.124
76.651
-18.259
-97.209
18.109
-65.754
28.557
-22.630
72.386
-24.851
69.415
-4.91
83.762
80.611
-20.181
76.598
68.127
5.549
40.721
97.498
2.167
32.471
13.906
-5.586
-6.958
16.386
-80.155
-53.60
-9.552
51.902
-44.404
-56.536
-60.301
-26.958
-7.364
18.980
79.912
-19.718
8.27
70.578
-31.574
-58.430
-9.591
67.169
63.777
-69.947
-62.926
62.897
-23.705
-36.775
-3.606
74.717
82.226
-96.745
-68.860
4.530
-73.844
-7.607
58.582
37.618
-45.321
-28.447
93.830
49.178
-74.746
-29.602
-78.728
-58.35
34.945
-16.782
25.180
-92.8
-25.401
-88.950
-44.176
-13.505
-12.236
-8.646
62.280
99.548
5.225
85.918
12.695
-21.783
-8.927
93.693
32.905
-0.465
54.980
-54.31
89.236
55.973
78.985
-5.806
83.614
-89.859
0.792
0.844
-93.698
-19.5
-46.546
-98.501
68.231
-85.489
37.872
16.613
89.865
71.865
-66.611
-94.30
52.728
99.226
-20.146
-78.183
-42.120
73.237
-16.578
50.401
-81.819
-10.813
96.118
80.969
-65.341
-82.219
40.114
22.639
17.655
30.658
8.491
49.853
-20.749
-72.781
-3.746
80.581
92.421
-25.844
-47.813
99.843
0.151
73.52
-11.225
-19.749
-96.852
-67.384
-10.529
18.54
-66.902
70.1
-35.754
40.979
97.490
-8.461
-47.509
85.329
-56.139
-1.109
89.176
-43.698
41.333
94.925
-47.975
-78.583
-6.882
-90.620
-59.376
-57.277
-10.519
-68.914
-28.955
42.201
-39.649
74.227
-74.685
-32.227
-18.887
-96.896
35.958
-2.327
67.355
-69.150
-45.689
48.816
-34.990
-3.722
43.693
60.41
-7.228
-72.430
-4.49
92.770
33.816
75.216
-44.203
50.306
-35.849
-60.562
29.369
8.141
15.146
29.690
93.975
46.650
16.294
80.296
66.883
98.943
22.724
75.185
-9.300
45.129
-51.174
25.420
15.388
-9.68
-60.535
13.185
-28.707
12.682
-90.892
-65.89
-83.340
75.165
18.780
6.741
43.2
15.467
-30.996
22.660
-99.250
28.968
38.151
22.126
-27.544
72.403
85.998
-86.565
71.695
16.170
44.821
67.950
80.740
-32.663
50.842
-52.314
43.499
41.285
-6.209
67.625
-40.921
-64.989
-8.621
-55.453
77.355
-47.107
20.803
43.796
-31.202
-14.369
-20.309
-99.626
-28.286
-49.442
-34.571
12.218
5.138
-97.33
78.764
17.730
33.102
-22.701
1.181
52.931
57.317
70.829
90.134
65.83
-88.962
61.331
7.464
62.986
-44.239
-16.492
-78.901
-63.471
-66.13
59.330
-85.218
27.231
99.738
-74.401
-51.197
-61.413
2.843
60.706
-47.572
21.283
31.168
2.47
57.946
27.321
-36.224
85.485
-77.387
71.599
-89.246
20.520
-81.151
-13.805
77.814
31.642
86.978
-90.415
59.93
19.264
89.753
-31.925
-8.407
53.472
-97.1
39.732
-3.418
-42.960
67.419
-30.990
93.379
-54.862
83.370
67.775
56.124
-60.364
58.167
87.109
31.28
68.959
21.204
80.658
-13.193
-56.960
-72.116
90.829
-40.739
60.826
-41.209
94.629
89.703
-63.183
-52.348
64.605
51.777
-62.867
-38.607
-84.120
-40.661
-25.707
-20.248
20.312
-77.816
28.780
-38.331
-69.594
-77.284
-25.568
-3.261
-90.686
-7.858
-79.630
87.308
-43.788
52.678
42.448
-48.925
-66.202
-3.105
-2.196
-61.455
20.587
-91.126
30.69
2.373
6.815
7.616
-93.382
99.585
-66.240
-71.53
86.273
32.916
-38.798
-32.701
5.659
-77.266
75.159
-28.258
-38.176
-96.247
9.386
-62.870
40.9
40.293
12.50
0.80
-56.307
-46.935
-74.125
-41.721
62.531
7.845
21.437
81.377
-94.742
66.994
56.103
-54.449
-63.323
0.317
84.779
-7.38
0.11
-54.144
-1.490
51.356
-81.713
71.719
96.634
-46.634
70.319
77.778
81.178
-71.232
90.585
3.289
10.422
-73.293
-85.189
72.588
-77.210
-60.940
-86.621
-24.692
-6.234
-30.637
11.600
-57.873
75.258
27.430
65.707
75.220
10.358
-76.134
25.340
60.523
36.334
83.544
-75.519
-8.598
-30.63
-62.290
86.353
83.781
-73.806
-98.719
64.455
-30.790
69.17
18.326
49.8
88.570
-51.8
73.943
81.717
-29.267
-1.231
59.561
-61.482
82.900
53.949
39.690
16.693
98.318
-9.699
79.529
67.330
63.141
-50.802
-6.536
-40.941
30.80
42.949
-66.899
-81.9
-66.788
-17.955
-52.319
47.21
77.79
-58.819
-41.249
14.643
33.361
22.642
58.260
76.778
-75.130
-16.229
58.558
89.369
60.610
12.677
-17.262
-22.684
35.994
37.370
46.198
74.914
27.24
59.65
10.626
-62.490
61.960
-69.582
71.717
-34.154
27.200
-50.526
55.153
70.864
-6.774
52.188
-76.749
-13.170
-87.742
-7.428
97.656
38.258
92.113
-23.835
72.441
-46.894
-63.222
-40.687
-99.326
28.133
-11.183
-94.321
56.813
-72.389
-4.113
10.611
-57.375
54.67
-73.919
-34.647
75.758
-21.452
-77.961
98.733
7.689
-58.251
-6.609
77.215
87.240
23.426
-45.201
-50.574
28.451
20.2
-52.61
-50.719
-7.278
-43.255
94.42
-17.965
86.863
62.565
-94.394
87.866
13.370
-32.20
-50.779
-30.22
76.169
-63.786
75.872
-89.186
30.532
-22.519
68.584
75.416
-54.619
-11.449
23.177
29.340
-53.68
91.857
-43.987
41.261
57.329
-92.957
-51.511
-89.623
50.898
32.380
52.33
45.424
76.120
87.513
22.471
90.715
78.266
33.255
-89.58
-22.842
-96.395
90.292
-42.368
-33.155
37.230
-71.120
14.650
-69.383
98.824
26.446
-86.295
79.85
1.27
42.812
-45.702
-23.25
64.740
71.61
-86.259
10.938
-77.476
91.908
-97.9
-71.251
53.149
-64.172
48.37
81.360
50.398
-42.209
-81.338
15.182
87.31
86.903
49.8
67.872
-58.672
-93.706
-37.356
44.798
-42.832
-64.47
-46.234
-89.772
31.474
27.41
-43.851
48.644
-65.481
-81.677
6.819
-22.735
-19.333
0.622
-84.206
28.233
97.228
38.228
-85.593
40.75
-45.233
83.407
-20.779
43.379
-39.816
61.744
-72.93
-86.831
-44.368
35.708
-56.706
96.841
75.513
-36.956
24.648
-69.709
48.534
-6.972
93.669
-77.104
-36.12
-80.860
-32.736
63.324
-74.600
-52.770
-75.418
44.476
44.821
12.398
-41.986
28.467
-8.599
49.163
-99.889
-96.241
55.669
48.265
-14.509
-96.473
-87.867
-43.747
-59.956
-63.5
91.556
72.905
23.760
44.9
-42.623
-13.271
34.411
42.406
-17.765
-96.928
37.571
68.944
-92.519
-37.364
-47.658
66.223
-10.809
-22.52
-81.121
48.617
72.55
53.675
-39.719
-38.208
97.55
32.473
-38.583
-7.957
-82.638
74.638
-94.611
-85.464
25.456
32.346
55.143
-88.175
44.65
-61.872
79.706
-70.980
30.974
-98.612
40.837
-54.521
-27.28
56.368
-9.764
46.25
-41.556
78.478
-1.409
-40.107
43.599
2.253
59.333
11.189
39.998
-85.697
3.890
-27.568
32.721
-64.961
-7.104
-92.958
45.869
-79.981
-32.172
-50.157
93.160
-44.240
74.672
-65.488
-15.948
-65.240
-20.237
-8.968
37.801
64.203
41.848
7.292
94.719
-2.536
-23.852
-49.969
-38.789
-96.349
87.486
-2.550
75.943
-9.203
34.249
84.803
75.826
61.128
-92.666
-8.14
-44.801
82.903
22.479
-63.40
48.826
52.863
-44.638
41.451
6.543
-13.151
68.596
-62.30
6.304
45.267
40.915
83.967
82.664
55.505
8.163
-79.428
64.649
50.311
43.669
-16.666
28.506
71.142
-25.24
-69.331
65.839
-4.270
46.934
-89.336
-9.379
-86.895
31.276
43.347
74.325
-70.494
-22.11
38.67
35.814
-32.255
41.364
18.503
14.234
-17.529
-61.3
82.673
-81.748
24.38
-36.325
35.258
69.499
-35.69
-49.284
38.1
75.714
-89.96
50.830
22.754
-61.842
67.677
27.299
-52.86
32.935
98.474
93.401
-92.43
64.893
36.667
46.728
-82.595
76.523
21.227
88.212
-38.710
94.604
12.896
-78.612
75.500
77.246
-22.881
45.309
-18.383
-30.171
-26.661
99.855
-74.819
92.298
-55.473
-85.450
-96.73
-2.370
-31.640
39.323
8.1
-39.500
26.575
61.267
60.175
-7.612
-4.308
35.562
-23.193
-46.133
40.593
95.284
10.162
-93.123
-25.483
83.742
-91.498
-76.633
-83.808
30.54
-1.246
24.694
-48.604
47.797
-66.923
11.158
69.601
88.677
-69.812
-43.942
-55.95
59.272
-48.620
50.68
76.586
-36.349
91.619
96.759
86.628
-85.123
-91.378
-95.338
-41.638
-43.88
-43.164
-18.53
-51.496
-37.344
-0.230
-75.668
97.711
62.606
3.399
-12.342
-42.586
9.404
-26.308
-14.545
-61.146
88.273
91.870
72.384
95.87
-4.952
53.694
-19.955
38.734
5.648
16.162
-58.902
71.993
44.517
-74.164
-56.220
28.774
-38.45
52.384
-27.341
-47.558
65.968
8.239
22.435
-73.162
11.818
53.98
89.236
-32.340
10.719
40.566
80.83
-26.544
66.818
-76.291
-50.754
-44.807
65.848
83.833
85.495
28.835
82.367
-3.993
64.60
-61.788
19.638
-96.534
-22.251
-85.834
88.19
-62.500
3.482
32.285
52.502
-43.863
26.882
15.730
-63.505
12.90
-94.530
-71.192
-35.348
18.80
95.284
83.780
-8.506
-74.273
75.888
-28.201
-15.395
-73.319
84.806
76.225
58.272
90.655
37.515
-67.490
79.465
48.693
59.360
48.486
33.570
-67.798
32.457
-82.399
64.137
-52.904
-65.135
-67.335
21.594
71.794
-44.127
72.646
76.79
-5.413
-37.78
-36.930
26.596
-81.315
33.936
-46.560
97.504
18.928
-90.57
-70.162
-50.251
-15.487
88.713
-96.746
39.280
28.378
59.176
22.946
79.488
-67.259
-68.9
48.877
58.117
68.514
93.105
54.134
80.745
62.67
-72.98
-40.565
-21.234
-54.182
-74.692
59.360
-91.853
55.459
50.739
-72.253
-41.226
99.418
67.639
-45.845
-52.171
77.331
15.774
-11.782
-41.84
-69.856
16.398
-61.549
-72.216
-69.114
48.766
-71.995
-54.611
90.774
-86.268
25.837
-17.605
-36.966
-72.191
-0.160
74.761
-71.332
99.587
-53.377
42.515
14.92
-43.10
-22.846
2.18
-99.871
-61.897
-90.268
67.667
54.572
68.414
-2.629
73.424
49.847
-44.501
-29.252
-27.214
38.856
82.823
12.430
-72.450
0.153
20.726
-50.776
-78.972
-76.153
94.833
-60.771
47.653
-0.418
-26.90
71.242
92.262
42.864
39.894
38.371
-41.517
-58.229
31.776
-80.177
11.355
-93.726
79.271
-44.413
85.705
-50.295
-69.436
-20.46
-43.629
-72.362
18.673
7.718
-39.650
85.194
-47.480
4.182
-84.751
81.372
60.167
15.439
51.310
-42.517
-60.656
-53.341
60.789
71.245
-30.730
24.111
17.323
39.790
23.41
-32.784
60.96
90.250
15.10
71.433
10.815
53.592
-19.809
-53.800
-27.223
62.807
67.920
29.210
84.577
-80.149
21.811
-93.316
-28.36
-38.489
-87.468
30.283
56.450
79.331
4.267
39.47
12.269
-48.14
28.394
69.84
58.172
74.754
45.910
-89.90
-95.894
-78.686
63.250
-11.698
75.678
-28.647
70.757
-80.231
26.228
74.317
53.764
-0.443
-95.206
-62.569
-44.144
-71.24
35.994
71.227
61.653
62.427
56.880
45.633
-72.28
-49.742
-76.438
81.510
-85.97
98.669
-42.330
63.344
5.801
-59.946
-9.171
-16.20
93.897
-18.830
15.468
-7.566
78.709
54.124
-57.481
93.192
-61.701
-62.270
5.115
-34.733
-78.148
-19.708
-29.638
-21.593
10.350
52.495
-41.309
52.171
84.528
-13.762
25.792
4.11
2.792
61.466
-96.376
-12.381
21.722
-83.626
-67.411
-66.676
50.901
82.258
-75.312
-58.126
-34.822
64.235
38.908
-25.543
-83.410
-69.976
70.326
-15.960
-71.587
-72.845
-39.31
-35.496
-11.86
-10.112
-87.95
-75.917
-39.339
57.154
85.77
26.902
-92.741
33.28
-9.440
45.50
-24.189
65.564
82.555
25.65
-29.350
-72.428
-60.721
32.754
0.116
7.361
25.738
91.655
-74.738
-48.663
28.744
86.216
45.629
-50.661
-32.514
-5.921
-81.346
-45.590
74.864
62.565
-15.493
70.79
2.577
59.727
19.911
-46.217
87.398
-18.643
5.869
-29.983
17.698
-2.69
-3.523
85.783
80.954
90.152
72.92
53.510
-24.415
-60.545
12.914
58.916
36.119
-90.856
72.437
-18.727
32.351
45.305
53.529
30.241
-43.6
7.964
-91.252
99.743
-42.867
-39.185
-41.618
-86.915
90.368
14.550
-82.446
65.753
-17.244
40.796
-19.838
36.30
83.523
82.409
-86.552
-20.366
-47.100
28.318
-77.935
79.775
-24.46
-89.834
-91.218
11.900
98.187
-5.959
-10.106
-14.986
70.915
75.795
-24.71
-16.612
-85.603
-82.366
36.816
94.321
22.432
-98.298
93.968
-26.744
-35.420
42.188
31.726
-43.908
55.144
6.690
68.264
-36.262
-90.707
-11.534
80.221
-20.463
24.94
32.389
-7.544
50.802
-14.770
15.906
61.548
28.260
-43.892
-79.164
3.688
-5.421
-15.80
69.482
-17.948
-29.263
-3.725
37.5
-5.201
-94.380
98.435
49.740
-89.555
-73.376
-12.893
-70.722
86.477
-2.515
79.720
-47.667
-32.465
57.266
3.755
-29.829
-89.641
97.963
69.701
18.404
-73.683
-80.782
68.866
42.975
-5.178
26.259
-72.700
-62.98
27.67
-69.38
-26.663
3.143
-0.563
-62.6
42.563
26.789
43.413
2.328
24.255
99.24
31.150
45.705
-46.5
-14.219
9.262
-30.240
-15.336
49.838
32.62
-87.413
28.296
84.42
-84.840
-51.206
-24.115
12.746
93.413
-36.114
-59.299
37.386
-39.415
95.399
-5.835
-72.286
10.110
-63.574
-56.468
37.556
-4.168
37.205
83.397
-26.892
-63.749
-93.973
77.784
28.499
26.655
89.292
-66.248
-43.585
6.420
-84.347
13.462
78.255
-82.284
-48.313
88.791
-49.132
18.98
55.693
-97.599
-89.935
-25.101
10.931
-69.713
64.613
-58.502
59.551
52.21
45.376
-75.525
-26.514
-75.939
-87.550
-7.319
-63.736
-32.594
44.606
-88.358
-82.156
22.583
-62.709
89.585
-17.24
-28.931
-5.294
-96.778
88.822
-84.262
-52.197
45.319
-15.581
-51.622
-27.839
5.220
55.125
-40.521
-20.910
58.546
-7.98
63.295
3.662
-5.714
-91.93
2.999
97.454
-38.546
-5.519
99.329
-56.688
-61.752
-34.807
-93.212
74.256
-46.258
-87.207
57.45
96.551
50.602
-49.110
-99.272
45.406
5.151
31.777
98.124
69.763
-45.820
68.168
-58.70
30.72
90.271
54.668
25.925
61.756
53.607
-4.828
14.873
69.642
76.652
37.234
-8.76
-4.282
-6.660
-11.421
-94.527
53.531
75.697
-69.366
-32.442
17.231
74.492
-54.496
55.354
82.865
-17.160
11.713
-33.289
80.58
-22.542
16.811
-48.585
-57.840
-49.947
52.129
-77.198
-81.761
16.294
48.727
99.349
-92.517
-68.817
89.975
-5.976
28.480
-16.910
-64.791
-77.8
32.608
97.607
4.151
-23.120
-80.61
28.766
-24.646
50.862
26.278
63.256
47.140
10.637
22.641
51.317
-50.249
-23.277
25.702
7.4
-99.382
34.597
78.297
82.207
93.30
8.281
43.483
91.907
58.584
19.291
46.642
52.76
66.306
-20.588
-63.234
-0.394
-53.190
56.681
88.339
-74.810
-16.309
88.113
-9.480
-80.252
-6.716
14.568
-3.421
-28.229
60.269
28.243
87.211
-40.851
-22.113
-10.293
90.599
5.413
-14.368
65.597
97.709
21.938
-8.277
-3.18
12.940
1.702
-47.892
-8.97
38.63
41.628
73.826
-75.347
-73.355
-82.159
-42.223
-16.677
82.124
-0.632
82.122
-85.663
-85.837
47.912
98.485
75.119
-22.962
61.830
54.312
-40.64
-75.499
73.984
-52.822
5.721
-10.619
-70.147
41.321
-35.435
-7.541
2.533
-82.508
-85.234
51.986
-6.944
-73.454
-30.224
-7.765
45.300
-14.859
99.862
96.996
45.681
30.284
-37.290
17.316
-68.198
67.705
-91.151
-50.717
-2.716
88.564
-35.761
15.291
-82.680
-45.297
-62.466
-55.685
13.276
24.378
94.532
-26.921
-6.756
-20.271
19.806
8.303
17.866
-72.773
85.87
49.163
82.157
83.635
-49.593
28.714
-50.633
1.993
-54.462
72.534
-28.620
-59.221
-73.704
-67.487
34.488
-9.468
55.719
-60.272
68.426
-94.999
93.27
80.138
-81.711
92.630
-37.464
-76.673
-81.881
-19.541
-2.309
-99.403
-31.596
-34.328
-11.762
-92.406
13.543
-22.120
51.201
48.773
-69.827
-68.827
67.10
-44.996
-12.8
92.100
-54.113
32.887
84.539
-69.139
47.608
-34.76
-76.895
-67.740
38.452
71.96
62.302
96.535
-51.171
-59.93
-40.840
-0.427
88.903
-85.922
-31.812
85.983
92.897
-12.394
19.945
18.104
-3.996
-1.96
-75.584
44.822
54.453
-20.191
30.783
47.47
-47.166
71.384
-39.840
48.141
84.716
-76.812
-42.818
-20.538
-34.421
46.768
51.116
-54.339
12.530
-67.179
-70.63
-57.791
-19.933
-86.6
-44.640
-89.86
-29.90
87.244
30.708
17.775
45.597
-41.55
50.26
-29.964
94.60
33.449
40.178
63.765
-29.948
-73.565
-49.463
40.4
-70.706
-38.35
-12.882
-27.667
-80.807
-75.122
14.951
61.176
-36.977
9.417
-88.640
-46.930
-67.943
-97.22
-27.902
-88.377
-14.43
88.904
-79.793
-34.602
-93.442
-62.340
-67.908
6.557
-64.384
-29.624
-68.338
-58.826
-29.358
-77.692
94.537
-52.599
-92.619
-75.477
80.842
-39.871
75.392
6.650
41.879
70.408
4.303
-81.555
99.447
24.274
-7.354
78.293
-21.820
-7.626
-20.319
-90.341
-53.646
4.27
-55.826
-25.303
25.662
-66.640
-31.213
88.73
-48.693
-39.783
-86.36
-89.341
98.648
7.226
-89.551
-26.169
7.601
-9.941
88.841
35.180
-76.719
-62.760
-28.210
-73.517
20.307
-82.285
-35.392
-2.153
94.842
79.129
-48.357
5.172
-55.600
-53.173
78.546
5.28
-2.963
0.918
-44.964
29.444
46.844
31.201
79.856
86.161
-63.639
-98.897
-19.399
-32.452
-2.996
15.577
-9.23
60.406
-84.486
60.824
-61.587
-57.786
84.705
23.89
-32.91
58.258
27.367
93.128
59.712
-34.424
22.85
1.594
-26.979
2.554
-30.887
-54.997
-55.624
31.317
14.629
-83.415
77.837
-58.590
77.516
53.70
-18.0
-26.654
93.961
-28.945
-42.659
-69.943
71.972
-59.630
-42.759
-55.712
-23.282
78.208
-82.102
11.682
-57.724
-84.645
26.517
57.128
78.370
-68.278
-29.701
90.232
9.514
90.525
-16.934
54.370
38.248
-43.405
-29.136
-75.604
-84.585
-28.727
80.37
-86.827
74.396
38.402
48.140
27.583
-35.713
65.288
73.724
-82.952
76.884
32.270
17.496
-37.935
-80.935
-71.15
19.302
-56.167
-97.592
75.926
-81.402
24.886
95.904
13.93
-82.473
43.996
-87.68
45.824
42.573
16.548
-95.830
58.806
-43.953
25.667
-94.349
99.492
-18.31
-92.976
32.671
65.487
-76.434
-89.44
89.940
-93.617
91.12
-14.411
-85.181
73.273
-36.558
73.275
-10.351
77.892
2.82
29.175
-75.266
22.532
-13.618
-84.943
35.331
5.4
-66.214
62.143
3.246
35.827
85.203
-47.777
24.691
83.327
-67.662
-9.719
78.985
98.248
62.903
9.538
-31.124
71.23
44.648
39.883
25.650
95.859
-69.489
9.539
45.901
75.362
85.393
-49.965
91.961
76.1
-88.378
-62.73
-59.794
-90.756
-72.101
-6.429
30.566
-30.715
53.359
-77.835
83.824
92.338
59.98
68.440
-15.612
16.870
-80.752
-89.382
-63.136
2.365
43.600
-14.492
-10.604
-1.72
0.139
53.356
-34.436
-82.125
97.740
-23.242
-36.337
-74.51
54.162
32.815
-54.768
-88.121
93.655
3.289
-95.386
23.361
68.698
65.924
55.378
-49.862
-67.816
77.556
-90.250
44.353
22.248
93.423
58.243
60.660
-14.816
-34.17
-70.337
-25.914
54.456
-38.400
63.575
75.368
1.78
-24.338
-72.905
-49.939
-41.609
0.387
16.41
-82.931
-5.994
-76.322
22.275
11.199
13.723
-30.225
-69.566
-45.618
-35.235
-86.369
-37.375
-63.851
-9.574
33.137
95.850
-63.233
22.654
42.100
-50.187
98.373
78.410
56.873
4.482
-79.315
-5.63
-3.278
78.252
-19.594
-31.44
-77.643
93.673
84.129
-27.685
95.616
-53.121
62.277
7.955
55.427
55.310
-43.487
4.681
-27.265
-76.444
60.792
-11.797
25.959
-69.919
-13.274
-55.830
-42.773
72.829
-79.408
15.385
88.297
29.460
92.585
83.654
30.919
-8.326
-96.569
20.641
28.273
2.240
-25.581
-87.910
-99.54
23.938
-65.220
-82.681
-81.277
-5.849
-10.78
72.932
70.857
-18.997
-25.148
70.623
68.989
90.223
-86.157
3.914
61.325
45.797
-69.419
26.489
93.115
67.937
-79.905
-64.347
81.533
24.88
-69.950
91.447
-50.468
15.594
80.439
-94.707
84.686
62.302
-16.884
27.60
53.681
55.825
7.775
78.742
-38.723
-66.569
82.553
4.368
-74.884
29.612
72.817
-66.472
10.79
-71.409
-29.248
75.766
80.900
-72.205
-70.379
52.308
-46.80
74.998
-75.861
-4.432
-23.713
-69.89
84.969
53.393
-94.15
68.719
5.566
60.940
87.668
45.172
-13.547
81.516
67.0
54.906
-45.600
16.968
46.974
61.434
75.173
49.918
-8.784
80.17
-93.385
27.139
-55.484
-51.152
-14.451
47.812
-20.939
66.989
31.449
-96.681
-76.774
57.401
44.309
-32.160
40.26
74.473
-42.145
-35.711
-98.695
-98.291
-15.367
17.277
-62.221
-91.505
-73.97
58.323
-56.617
-93.152
-71.903
50.653
58.68
92.237
79.299
76.90
32.116
-67.474
26.682
31.975
-0.398
63.48
18.958
44.902
95.282
-71.110
53.194
-33.561
88.388
-60.171
85.271
17.735
-50.205
3.49
-45.896
34.967
18.121
-17.806
91.346
48.6
84.644
18.161
-53.564
99.567
95.113
77.499
-69.169
55.887
-55.478
95.978
59.362
-42.733
-12.786
87.185
11.832
-83.9
-22.530
-35.238
-5.693
70.341
93.0
-12.294
40.606
-85.845
-97.708
-26.91
-2.665
0.552
-85.558
1.380
-95.25
-3.137
97.877
25.514
-90.263
-40.589
-0.344
42.696
-70.182
95.335
62.782
-32.237
-45.434
-67.511
87.302
-62.694
-81.994
65.436
-53.258
0.154
-74.168
26.300
-66.197
-84.817
-17.4
65.466
-2.999
36.564
14.770
-78.470
77.396
10.222
80.141
85.325
-54.642
76.707
93.462
5.898
-5.64
-15.142
-80.171
64.933
-49.313
32.451
-31.857
-87.833
-9.427
-30.984
-68.589
76.556
-54.336
-81.153
30.602
-20.234
-87.866
-97.853
15.14
-46.644
76.365
69.593
-57.448
-67.381
59.911
68.883
-76.270
-93.68
95.335
-25.533
86.209
-41.131
52.440
51.307
52.18
-7.886
-48.714
56.359
68.655
-47.380
-70.518
58.11
91.63
73.715
87.119
13.878
-73.226
-56.382
7.903
45.450
17.372
98.682
14.973
-18.46
81.986
-15.351
84.24
-71.333
17.640
-19.338
52.255
4.305
-20.971
-99.989
-45.722
10.838
5.574
26.645
-82.762
-41.933
-2.186
87.742
2.262
43.513
82.210
7.472
83.177
-83.904
69.386
-47.880
-15.834
-38.622
70.276
21.419
-65.153
79.760
32.943
10.79
-34.500
-72.199
-43.514
1.404
-1.174
67.147
47.312
-38.743
-1.927
93.790
42.624
29.248
96.891
-49.444
25.297
-29.65
-52.612
81.150
-71.503
4.497
68.91
-32.320
-95.768
24.269
-57.94
68.223
-26.428
96.509
13.932
58.288
-41.656
52.240
11.887
14.463
61.372
-5.140
67.266
41.414
17.328
-49.286
78.80
98.684
90.996
2.962
-84.323
-12.80
-15.947
-47.240
40.110
17.59
-31.938
-54.836
69.779
71.533
37.17
-76.381
-55.497
-52.496
-64.888
-4.605
-83.289
-41.243
36.764
-79.35
-84.873
-12.1
21.208
29.760
-77.425
-36.529
6.712
14.406
-10.294
38.726
-99.310
29.75
41.396
2.277
11.254
-8.142
11.0
-54.414
41.277
-43.15
-81.866
-44.495
8.637
-32.491
-17.555
26.363
-69.226
-25.81
38.874
98.17
-84.899
33.95
56.904
76.236
24.853
-27.532
-25.801
23.726
39.417
-33.167
-41.352
-68.337
42.493
-53.921
-7.898
69.325
-94.402
-97.777
-82.217
-92.350
20.543
-99.663
74.205
-4.158
23.718
96.87
-52.333
62.330
51.512
-56.105
-29.125
6.177
-20.651
32.507
65.631
96.579
4.883
-15.346
-8.749
65.805
-77.35
80.493
50.166
74.898
61.963
65.611
9.815
-85.683
-44.991
16.308
44.985
-50.917
33.768
-67.742
-61.55
85.721
89.882
-28.519
65.964
51.432
42.28
-69.879
-41.512
-79.932
-67.645
-18.930
-80.71
-9.951
-22.916
25.67
-89.210
-39.731
-58.124
93.555
-22.922
59.540
65.372
5.881
-65.103
40.381
48.22
-36.661
-3.271
34.564
-50.339
10.298
53.516
20.873
-38.538
-72.531
26.931
94.767
-41.270
-64.656
-94.858
-46.521
-38.926
2.146
-0.484
-1.209
-83.387
-87.582
-5.875
-95.392
-1.686
-98.33
-93.323
57.578
46.678
-73.79
-84.514
-25.301
-34.159
12.654
-99.407
97.405
-63.650
8.659
0.305
28.479
17.415
-93.340
-52.374
-38.139
16.290
-32.687
-82.203
-7.411
-10.163
91.943
3.960
81.306
60.210
-99.900
-43.416
-95.500
3.482
-10.741
29.151
-53.742
-8.297
78.330
40.791
77.542
53.237
-72.284
-26.88
35.650
-7.279
-43.984
75.892
67.122
69.663
-29.592
-41.346
-21.270
1.996
-64.783
73.690
81.586
-83.61
35.780
70.49
-95.430
15.471
-24.292
-65.393
-47.610
79.683
42.116
90.651
31.939
46.309
76.904
98.971
-67.395
-57.813
96.312
17.191
-33.785
-83.376
-46.559
-89.105
-33.381
55.979
-52.598
41.508
-76.56
-20.25
52.459
-47.942
46.889
36.430
83.264
39.171
66.624
40.617
28.193
-27.314
70.366
98.465
-54.264
-69.700
-89.436
-42.727
-26.193
9.285
52.113
51.693
76.863
-11.113
89.467
-8.188
10.677
-75.19
-12.897
25.207
-56.511
32.515
22.891
-30.154
3.544
93.4
-83.614
-61.990
-18.654
68.880
3.988
-4.820
98.42
7.372
-81.627
22.720
3.55
61.68
-38.486
65.854
50.810
95.114
7.165
-62.824
-72.206
-77.480
87.484
-64.245
-30.136
-51.53
4.203
97.451
-10.310
-17.673
48.45
-7.674
-38.214
76.278
35.560
33.364
85.568
-99.218
-79.428
25.946
-95.494
23.53
-83.343
28.772
22.407
52.440
-87.77
-25.128
15.708
67.333
92.180
-66.455
62.638
-25.918
-65.540
-66.992
-83.679
-69.157
-72.524
56.91
-86.235
-15.1
45.415
70.340
20.758
25.876
-74.60
-1.229
-57.953
20.310
69.948
-97.363
33.960
-55.83
-99.503
-32.980
-62.954
-71.856
-37.813
27.885
60.406
80.204
-1.437
-89.744
70.395
-9.228
-77.642
4.613
-13.2
75.629
-99.641
-71.273
59.526
60.815
-91.538
30.99
96.376
69.133
-98.246
-92.21
24.120
62.491
-4.203
87.863
66.906
88.836
-91.633
-87.954
97.953
-56.497
49.121
82.583
41.439
-25.478
25.444
-15.85
-57.628
27.715
-78.312
-27.421
-97.670
39.404
-72.545
-61.323
-64.848
22.716
-69.25
52.152
38.582
77.209
66.758
-76.349
21.121
-58.334
26.499
86.873
-83.294
8.747
-48.185
53.915
27.81
-23.509
76.782
74.693
-47.719
-68.657
58.592
-24.800
-43.700
43.254
-57.233
76.957
97.533
-91.859
71.906
51.226
-56.536
55.213
54.56
-38.351
-89.308
73.37
66.886
-45.329
-18.700
9.203
10.359
2.167
47.21
92.811
91.100
75.25
17.743
-95.388
-81.6
76.668
-98.678
-9.980
84.79
-16.971
-99.614
94.890
-27.459
45.206
-45.639
-97.16
-52.266
-19.927
-5.212
-12.528
-82.579
52.673
-99.200
-89.398
68.243
57.492
62.644
-97.116
-64.721
11.186
82.968
-15.521
42.572
-80.162
-24.382
8.239
8.753
27.602
-25.118
35.382
-25.364
46.31
-92.625
91.605
88.529
-80.390
-16.498
97.177
-93.2
15.537
-71.14
48.660
97.853
-19.144
55.285
-73.517
-82.334
-44.731
60.176
-95.392
-63.915
-44.363
7.313
-96.632
89.188
-64.361
-81.744
97.440
-90.53
37.348
74.411
-26.607
38.615
-55.411
68.952
19.769
87.250
-89.247
74.937
-87.27
-41.701
-62.327
-98.917
96.972
-78.693
-0.12
-35.151
67.740
-91.566
-16.805
-41.146
-81.560
-77.59
92.307
-18.937
49.489
-48.676
-50.595
48.686
-87.2
53.595
72.877
19.806
36.999
77.569
11.470
-9.119
-58.821
99.769
58.308
22.761
85.534
-9.953
-43.641
-37.218
-67.729
-39.538
-87.148
30.947
60.557
45.80
77.365
-38.326
5.22
-24.759
12.178
-70.769
-0.856
51.387
23.399
4.544
99.473
-75.711
-9.417
-85.293
-31.205
-6.975
-24.427
-39.30
5.906
76.362
-80.161
49.189
-44.750
62.135
-90.618
49.225
-78.901
-63.740
-35.97
-58.474
26.6
20.707
77.551
51.265
-70.608
-42.109
93.187
-72.50
-34.437
-1.396
31.174
-23.246
-55.323
38.526
-9.796
-98.690
-12.184
79.408
-87.42
45.344
28.675
-18.550
14.158
-14.896
32.957
9.255
96.719
-71.899
-96.238
-10.835
21.164
6.934
89.500
-48.767
-82.999
-64.860
84.757
41.228
-58.676
17.186
21.859
-52.165
85.407
77.555
-17.489
14.653
19.90
-44.631
-71.741
-37.758
39.731
56.335
60.473
12.950
-83.367
-5.33
87.853
79.249
98.120
46.58
-32.249
-25.505
88.817
-58.981
-36.764
-3.221
-23.861
34.440
-27.890
-62.888
-7.620
-35.298
99.86
36.745
23.181
29.884
21.859
17.493
-63.473
-81.187
-61.746
-38.881
-24.281
76.417
-62.593
64.822
-87.195
-72.213
0.476
-19.809
27.622
-7.460
33.236
97.65
7.927
-49.291
80.730
-18.754
1.155
-10.526
53.53
95.60
18.845
22.143
-47.402
-66.803
-59.583
-47.953
49.407
-30.417
21.170
33.765
58.83
71.757
49.557
-54.723
2.782
-80.281
-13.82
-53.13
20.586
-40.719
24.929
-54.452
-79.1
-6.855
-37.9
3.842
74.107
-1.961
96.633
-14.825
98.949
17.556
-45.435
-31.342
91.431
-86.286
-62.860
-20.561
-44.510
53.524
-34.722
-97.891
64.789
-80.972
56.163
42.849
69.311
56.984
4.528
85.881
91.468
-99.217
-10.581
-9.913
-2.70
26.764
36.133
-7.990
91.294
37.32
7.323
52.822
-41.85
-18.546
68.549
-81.227
-47.164
73.923
-35.714
25.103
-49.910
-92.915
1.656
-42.626
97.94
-74.927
63.975
-90.900
6.688
-69.513
64.314
83.207
-28.760
-6.554
-82.152
-8.678
-13.842
-82.832
-74.990
-32.260
45.376
-68.311
-59.239
-57.245
82.228
54.88
53.53
-31.935
9.361
76.693
8.90
-6.758
64.317
81.127
-53.109
-29.63
-84.268
32.699
-13.609
-36.37
71.497
82.303
5.367
68.449
-28.454
68.184
96.668
29.100
97.665
-26.353
0.776
-64.959
38.916
82.184
-53.64
-34.432
30.80
94.709
58.958
83.484
-45.36
56.352
71.191
-5.925
-40.979
29.813
55.843
-48.337
94.348
6.131
-23.429
-16.385
69.8
90.313
-95.805
-17.587
20.842
-7.942
-51.637
-6.295
-46.918
-74.986
54.107
78.197
-27.145
7.662
0.534
88.841
-65.645
-43.551
52.749
90.275
-65.482
-97.912
-47.491
50.198
44.198
28.38
6.55
-74.598
36.150
69.492
-40.658
-18.7
94.854
67.356
3.100
73.928
36.487
-93.413
-5.649
-66.170
55.962
-26.781
-9.527
83.995
-7.550
29.375
41.311
-61.356
79.61
47.880
-60.735
-31.462
10.971
43.755
-32.362
-74.344
97.385
-6.246
81.525
-5.725
-3.985
64.669
58.79
-80.422
48.406
-19.133
64.530
-21.436
-35.969
-62.426
69.330
-63.346
-68.905
-96.237
79.985
28.756
70.573
1.394
78.281
33.295
-17.316
-87.80
-25.400
43.896
86.27
-36.155
-19.977
-84.878
-86.809
-9.294
58.412
90.499
68.224
3.19
-23.306
-32.194
-50.114
89.298
75.536
94.797
-8.156
-39.998
-2.318
65.21
76.696
66.680
12.731
35.420
88.847
-51.941
-8.350
25.741
93.844
37.761
49.390
-19.108
-36.720
-66.907
47.196
-17.99
32.207
7.284
80.829
71.66
83.368
-43.39
83.275
-55.542
47.841
38.358
71.242
-54.649
31.929
3.752
37.435
-13.730
-50.614
55.169
-19.168
-32.106
-43.278
14.32
68.815
52.119
-2.56
72.722
29.872
-14.579
-93.750
-14.582
93.878
14.844
-85.412
90.764
95.318
-39.90
62.472
51.738
61.432
39.98
-24.391
-86.257
33.995
44.885
77.32
-15.871
27.134
-11.137
26.51
-40.690
-40.514
-18.153
-40.286
26.82
-77.660
99.75
63.755
-99.218
-73.45
-32.337
-40.677
-40.647
-49.387
-1.365
-90.995
-11.594
-3.957
82.556
50.481
-17.165
-26.706
-54.198
83.547
99.748
-49.390
59.153
-96.556
-89.790
-52.640
-12.157
9.736
87.890
12.126
-24.25
-53.726
-78.537
48.533
-28.174
-63.678
32.90
19.451
-59.438
2.402
-39.26
-77.732
56.162
-89.910
78.638
-9.254
-81.238
-63.757
32.869
44.771
-82.10
97.39
-90.248
-20.437
84.867
-22.328
-90.110
49.425
12.9
65.106
20.840
-54.238
-20.80
-0.201
91.485
-72.459
-59.801
-84.603
-67.667
-19.432
94.4
32.411
9.383
-34.84
-48.127
77.151
86.410
58.494
-6.162
-64.633
-28.328
33.960
-79.921
54.755
-82.603
-95.332
-19.270
-45.880
73.587
-69.751
-48.832
-84.317
83.796
66.703
-84.885
30.533
-78.104
-37.49
-90.675
-5.296
-5.696
86.233
78.316
-92.682
60.767
-84.49
91.327
-69.364
-80.6
-77.711
78.169
-11.707
13.285
-12.529
65.842
4.178
28.869
57.891
-87.123
92.800
-45.731
-42.42
-25.108
24.372
57.537
10.194
11.522
44.331
-42.318
46.862
13.907
2.502
-97.879
-82.3
-45.612
-1.474
36.286
-92.782
-39.624
-61.170
83.484
37.86
37.35
-93.618
73.715
42.816
-54.804
-40.548
-9.939
49.100
4.184
-66.273
-82.762
77.407
27.580
-41.522
-30.428
57.820
67.382
1.431
5.887
-46.305
72.187
86.116
18.95
65.89
-33.219
-5.829
-25.996
85.697
98.454
94.400
-68.325
-3.263
46.482
68.399
-17.832
95.937
-93.263
-73.100
-88.198
39.445
48.113
96.668
60.814
-72.483
-21.252
94.847
-95.440
93.413
-91.902
44.793
98.393
-80.889
74.750
-54.774
82.996
-94.42
95.37
-60.682
25.26
-40.170
-1.220
26.501
72.627
-33.82
76.616
-24.710
20.5
56.765
57.442
13.883
14.236
8.614
44.687
30.620
-43.248
3.473
6.845
-98.101
-24.358
77.223
0.137
43.846
-88.590
12.473
-18.268
-40.971
-24.329
65.27
-24.452
-26.629
62.81
-35.324
-22.212
-48.76
46.294
92.186
-64.110
-80.128
-98.652
-26.478
29.193
70.328
-9.202
39.502
-45.848
20.840
-18.656
45.437
52.987
63.665
3.694
-76.565
74.474
-36.365
22.63
-7.835
27.653
-9.550
-19.203
33.766
-26.222
12.650
78.24
-98.260
-68.435
-38.842
1.21
-20.730
-76.801
71.535
31.761
85.26
-57.656
55.855
22.475
-1.366
14.367
-33.839
-54.867
-26.438
68.569
-33.306
0.215
91.122
-95.745
86.146
72.512
-79.497
-16.651
-7.529
-33.898
-21.683
-86.183
60.774
-89.422
46.208
-68.680
10.211
38.180
86.387
23.73
30.294
-47.132
27.245
-82.134
34.980
32.501
95.711
-7.801
-70.639
-15.663
-10.145
88.392
-53.971
93.6
-54.240
76.173
31.20
-97.927
-43.249
-80.517
-39.627
-43.968
-32.721
-66.14
-87.621
-40.397
42.80
7.177
25.572
31.653
52.492
18.87
-76.572
58.190
-45.77
-73.917
-26.211
-51.670
-3.96
57.127
79.132
-29.550
-99.479
-91.537
1.434
-80.60
-60.938
69.90
8.145
-71.354
-87.234
47.115
94.615
66.158
28.759
-67.391
-28.451
-49.373
-92.333
-31.904
1.91
-52.738
5.284
-37.950
-58.278
-65.698
-33.126
91.127
39.371
-84.954
36.356
22.60
76.617
-44.154
71.264
8.381
85.566
-65.757
-70.748
8.333
50.569
35.44
58.872
-17.668
-79.591
72.400
-62.837
83.354
-32.324
-52.432
78.582
61.569
55.427
15.496
32.728
66.400
81.914
62.398
-53.330
93.434
-17.664
-11.25
-1.633
-15.48
98.832
72.898
98.979
-9.994
-26.699
-19.492
44.410
-3.373
-31.427
-38.794
-93.144
77.716
60.614
10.675
-58.253
-36.672
52.716
81.319
-87.402
-78.40
17.786
-88.663
-62.775
16.38
-15.496
14.185
-58.537
63.218
42.957
-0.35
-53.204
50.593
-67.507
-99.223
-7.791
20.557
-5.15
-59.279
-85.73
-61.474
81.979
-36.381
57.748
54.48
-41.955
-73.427
41.784
99.96
76.681
-62.942
35.623
-13.511
36.621
-67.375
-73.517
22.542
28.635
-50.335
3.563
30.925
-82.512
62.826
-74.162
-35.29
-92.354
-8.576
-51.957
31.807
54.463
11.645
61.827
35.341
25.568
83.903
-69.396
24.56
-73.608
-10.539
-33.945
68.508
-31.170
-7.257
-9.282
26.218
-72.87
-24.464
5.889
43.351
41.185
1.953
-59.636
-44.44
-70.353
17.431
-67.603
-65.280
19.37
34.833
-87.474
38.127
-98.86
79.530
-18.153
40.522
-31.189
10.254
5.125
42.59
78.947
-51.437
-29.687
43.219
-2.937
-66.829
13.113
64.523
-47.581
68.823
73.953
53.156
12.385
-57.628
-33.282
-14.700
-17.314
9.430
-59.978
-83.698
18.423
-52.628
23.440
-34.650
64.83
32.950
33.67
-95.329
-32.988
-3.523
-96.641
95.993
-1.17
93.751
13.768
-67.300
-22.585
-91.680
-43.164
-72.267
0.164
51.511
-82.112
-54.705
-76.270
-86.738
-93.512
72.204
80.947
-77.719
-97.571
10.574
-69.357
45.63
-25.992
-24.578
-24.123
8.696
-25.976
-6.305
-54.854
-19.265
46.234
86.132
-84.709
-4.733
-14.857
-84.18
11.895
-88.653
-85.559
-54.130
-49.877
53.615
-20.51
-32.455
-21.269
-86.6
-99.869
41.157
-36.943
-37.797
-56.998
-9.551
46.871
-92.303
23.777
12.415
-23.915
-77.956
-88.844
-7.81
-8.637
-86.98
-31.596
-76.840
29.564
3.328
-31.152
80.281
38.370
-88.329
-86.289
-35.127
-82.458
53.335
28.916
31.119
-50.302
84.334
26.372
12.360
-32.799
89.334
48.868
52.922
-49.502
-9.33
98.636
-91.520
18.347
14.311
-40.143
-6.184
0.533
52.137
91.486
46.848
72.846
-0.690
-62.308
-48.422
-95.714
93.121
-25.473
26.525
-0.316
-77.762
-87.334
85.334
-3.448
-21.696
-50.792
-22.885
-31.663
25.289
-5.741
75.818
-93.257
57.342
-16.946
-82.767
23.469
-79.491
7.75
-61.400
-87.957
82.232
-90.777
-33.735
13.851
-90.785
-15.609
32.388
-86.947
-56.408
-14.648
-14.982
-85.172
-13.257
83.571
-52.913
39.628
96.212
44.198
-71.306
-46.121
-83.87
53.24
0.837
34.573
71.177
-93.768
-77.464
-48.460
67.831
-99.330
-78.913
-40.166
26.218
69.804
84.127
63.973
71.950
-42.798
-12.818
89.769
38.947
75.39
89.865
40.35
-16.471
-69.86
90.509
28.952
27.964
57.853
17.444
42.471
86.960
-49.452
20.168
-18.637
90.980
15.308
-39.787
33.544
-48.261
11.556
13.242
-32.243
-87.363
-64.82
-28.372
-54.887
-79.779
21.512
-17.913
60.224
23.189
99.321
-79.360
-75.777
61.657
-79.511
-6.291
-72.312
-82.781
54.142
-34.217
-9.968
75.847
56.375
20.188
-7.620
82.978
88.50
-59.732
42.639
-2.325
-50.34
72.361
55.670
66.690
87.497
20.332
-43.620
-83.931
57.826
72.528
-57.578
63.651
-68.458
-48.776
-68.264
-61.784
-79.979
48.163
53.172
-45.444
-14.254
-70.569
40.589
27.689
-57.409
36.370
-95.550
-26.350
89.503
30.648
99.814
-51.37
-1.677
-14.756
-51.965
4.801
-93.596
-9.675
-93.616
48.247
0.798
58.849
85.403
53.269
58.520
-25.476
10.569
-97.130
34.675
74.376
-66.676
-72.535
-16.872
40.926
21.736
-68.361
20.171
68.420
92.754
32.380
-71.946
60.619
51.787
97.127
60.749
-47.969
10.589
94.557
9.901
51.533
69.756
15.369
97.220
3.770
-35.582
55.530
37.792
91.587
17.748
97.599
-62.220
-74.935
-8.984
-30.887
-31.274
81.530
4.719
16.310
89.427
12.177
-21.291
38.717
-24.426
82.908
11.939
-22.972
-15.976
-0.244
-73.333
-93.146
-65.919
-56.409
-83.985
-47.219
98.530
75.204
35.771
62.672
-3.197
-72.390
-70.555
-60.264
-67.99
4.46
97.696
-29.324
85.459
-17.173
-93.776
-54.401
-62.871
-92.831
32.350
56.206
-52.603
-31.184
66.569
72.438
-3.683
30.638
48.152
-26.144
67.728
60.537
-0.789
88.72
-0.238
-23.763
-19.966
43.396
69.797
-66.723
46.142
29.803
-19.103
64.443
93.443
44.618
-34.437
7.732
-22.201
-89.67
0.866
-92.947
-21.166
92.182
87.476
-20.320
-69.154
-83.13
42.535
2.576
33.577
-59.321
-39.995
71.739
-97.626
19.598
-58.67
87.703
-0.197
62.700
96.933
44.744
92.584
-58.907
-6.156
-31.127
-28.438
-31.877
-0.177
-57.539
-90.88
0.632
-35.176
66.534
35.593
83.124
-81.504
-46.887
-67.640
85.297
51.139
54.39
-54.726
38.492
33.780
85.863
-16.44
-85.742
83.309
6.646
72.397
75.904
14.558
77.649
79.82
74.367
-93.335
68.72
-83.455
-89.13
93.286
35.713
-69.927
-29.456
-33.188
18.362
17.808
-61.28
99.263
-98.153
44.346
40.981
-39.450
49.831
8.617
-50.587
11.604
-59.417
-80.768
9.967
-51.363
83.3
28.495
-0.44
-80.653
-1.755
32.366
23.525
-42.658
-25.867
-13.518
95.601
-11.181
29.481
-78.13
45.614
-50.998
-60.973
88.568
36.45
-3.559
-33.454
19.417
52.546
-82.25
64.822
-54.172
-61.33
46.173
-37.361
47.564
-27.849
60.869
-74.173
-21.455
34.72
-61.778
-38.939
41.786
-12.975
-29.375
4.854
86.15
86.741
-32.163
-55.997
-0.210
-69.800
-72.742
-99.306
88.835
92.240
46.326
69.864
-70.48
26.903
-6.955
-64.377
13.849
-1.600
16.640
-6.533
-2.479
-66.701
71.371
43.649
-12.255
43.671
74.484
0.537
84.453
51.311
-63.614
-1.80
3.803
54.946
61.210
-75.805
18.179
-10.131
2.615
-87.819
-5.982
55.135
-5.438
79.645
-53.658
-83.785
83.403
-68.713
-43.667
-71.555
-10.612
-64.319
1.377
42.508
32.361
-33.544
38.728
-23.396
44.791
80.662
-87.673
28.789
4.442
18.436
-30.69
-51.902
58.740
67.116
42.160
84.840
-33.679
46.307
79.211
-89.181
7.511
39.915
63.473
-67.292
-19.734
-63.818
-70.803
-53.950
-26.929
-41.471
-44.378
17.69
-43.32
10.51
45.171
-92.534
-31.156
97.710
74.336
-10.477
-80.273
-13.90
-61.534
82.696
47.694
-47.686
66.218
-40.967
-16.242
73.604
2.236
-9.649
-37.462
50.444
15.944
50.991
20.757
99.749
39.917
64.191
-69.393
-96.254
-66.843
-21.194
-73.709
-67.559
52.632
54.83
24.622
-88.938
9.508
-14.956
-72.374
-41.296
-7.769
16.489
17.141
80.295
-92.272
21.960
94.669
59.635
-31.508
46.749
7.508
77.25
58.994
24.526
-24.18
47.740
61.586
-34.245
12.28
17.426
69.633
91.62
-2.273
6.249
58.425
-29.425
65.186
-71.920
-64.585
65.554
67.123
-30.767
18.269
-5.828
-66.386
97.567
-69.685
26.56
-33.372
69.437
-31.56
78.387
40.157
75.362
11.528
-73.378
-11.947
36.525
33.711
15.180
-3.711
-66.289
-49.330
1.457
-81.921
-51.794
-40.557
63.693
93.826
48.541
39.96
87.615
-74.864
-19.465
-26.598
-13.1
31.241
-95.4
37.50
-42.398
75.837
19.777
-57.251
24.770
-49.48
-47.262
-39.845
41.392
-84.782
-5.724
-20.400
-84.871
-10.428
-5.753
-64.654
-22.702
32.393
-84.934
93.370
3.176
-12.948
-62.432
-37.595
-15.300
16.364
-66.738
-77.423
86.307
-39.452
-22.556
-81.720
-89.782
20.871
-79.886
-44.655
11.521
32.450
-46.288
-95.427
-15.1
-14.383
-10.324
-43.344
-18.575
-98.419
42.882
-76.314
-82.461
-99.608
-16.775
-94.490
39.52
-67.895
65.966
-54.564
-98.758
-63.934
-31.868
-39.867
-26.736
63.30
-87.469
-83.188
75.706
43.260
-82.859
-3.374
39.257
40.148
-98.475
-83.590
-58.878
-37.661
-12.637
-53.732
-10.14
-77.69
79.861
1.201
90.699
-68.834
-75.744
-56.482
-74.294
-49.500
-37.662
-36.540
-62.771
-93.872
-76.414
83.782
-80.710
7.666
95.192
73.642
82.331
-10.120
-55.382
-13.727
72.303
-83.586
81.518
23.977
-99.273
69.98
92.832
-29.842
-6.197
-6.462
-78.487
16.322
89.803
-20.378
-70.177
12.847
48.591
15.720
-55.126
-76.284
-25.714
-29.182
19.472
-80.644
19.14
82.478
44.326
38.594
26.401
12.129
-13.506
-0.835
62.55
28.387
-24.458
-45.541
-18.437
81.627
-65.953
26.966
72.479
-83.331
25.494
-91.474
-2.298
-27.495
82.913
-68.495
96.312
29.138
-92.962
-61.146
65.223
25.315
-76.769
-33.248
84.582
-23.451
38.799
-58.29
-96.621
65.82
-65.247
12.524
32.652
-51.386
-17.322
-44.545
71.35
9.745
86.993
30.258
-67.576
-32.88
12.972
61.175
10.192
90.937
72.960
-54.869
-65.508
-49.838
-67.357
-33.290
27.654
-21.516
6.178
-60.520
64.993
52.747
-37.165
-67.514
-4.934
69.319
-74.546
4.619
-57.925
-2.138
-89.802
83.954
51.43
-27.63
45.567
-69.189
-86.15
58.19
46.728
65.983
-4.72
88.955
-71.559
20.38
-83.584
-84.905
-52.291
66.750
-51.148
62.665
-63.821
-15.961
-25.833
-78.953
-95.188
83.472
-60.124
-4.42
20.845
17.460
-44.23
96.690
3.415
-21.594
29.641
70.476
67.936
-56.92
47.965
-39.282
-48.378
30.974
74.729
-3.850
-85.432
-55.2
49.169
19.578
31.977
41.868
10.916
3.999
-87.725
-38.929
83.914
21.222
-87.323
-89.343
-35.26
47.219
92.30
16.833
-67.672
-95.610
-77.945
40.318
56.205
-94.894
10.182
-56.681
-70.673
0.242
-82.9
-89.56
25.233
-27.973
-52.982
52.428
-95.891
64.347
5.17
-76.169
33.451
14.940
-5.917
94.297
-2.301
67.253
26.848
20.464
94.970
-94.98
-88.683
91.397
2.555
47.749
-65.3
-69.522
49.849
73.221
-43.967
-83.762
-40.902
0.694
-53.896
24.743
43.560
-12.329
85.831
7.604
93.347
1.430
-7.22
97.575
85.28
79.4
-75.448
-27.12
49.597
24.404
-20.897
83.750
-61.358
41.755
-67.692
-89.724
59.599
38.378
-50.527
41.303
-40.223
-34.607
-63.568
-15.361
-93.680
-0.69
16.329
-79.19
55.469
80.862
-61.802
92.988
-22.204
-61.119
56.364
96.617
11.233
26.364
20.671
45.751
-21.65
73.157
-32.131
11.993
3.201
75.449
-69.461
43.539
-37.711
-51.856
80.630
-10.903
-81.988
-4.99
50.655
61.982
40.151
-53.195
-30.484
78.135
-82.67
-99.378
26.759
36.416
39.818
-43.979
49.572
68.125
-27.355
97.285
-75.668
-32.919
-96.197
-48.633
-99.572
58.568
-51.717
-43.186
-83.865
6.762
-17.437
-96.521
-4.269
-24.317
12.117
67.27
5.678
15.573
50.908
-92.815
-71.484
-71.632
42.637
-58.313
-12.726
-39.45
-33.602
-45.617
47.919
-62.863
-91.86
10.609
2.351
63.862
-42.774
90.13
-17.147
74.244
5.492
44.106
-50.850
92.512
15.966
-27.129
-5.672
8.62
-9.32
-63.906
35.611
-77.407
-83.757
-27.850
-80.317
-85.797
4.602
-98.162
9.523
-67.287
21.422
-20.551
25.834
32.61
51.194
88.879
54.36
93.86
-98.395
83.814
-26.235
33.855
-96.780
-20.564
46.367
-89.155
-30.410
-24.155
81.453
-14.688
33.766
27.300
-72.48
-3.768
48.14
87.455
-58.185
64.510
-9.591
0.657
54.291
-95.970
-43.542
-72.897
-66.746
79.985
-47.143
30.608
67.169
-10.869
-92.875
-89.70
-38.366
87.838
-4.756
-87.487
26.187
-50.617
-36.284
-65.346
-52.139
30.780
-30.571
72.558
-64.863
-1.850
-24.328
43.778
-69.766
-17.532
86.436
78.67
93.449
26.422
46.938
-26.39
-41.416
-44.211
-15.32
-71.49
-26.187
-19.266
93.411
-38.638
-42.136
-60.662
-81.55
-31.799
-11.567
57.290
88.316
-55.488
-41.881
-76.772
-86.366
33.878
-72.160
79.243
97.906
48.915
0.155
39.710
45.703
14.880
-73.366
68.451
25.176
89.307
-53.705
-36.105
10.205
-52.896
-34.93
97.207
85.932
38.700
70.877
14.167
-53.72
98.161
11.371
-79.75
57.761
-91.310
-5.495
37.386
73.508
-84.375
-3.228
-79.679
60.290
98.569
33.578
61.22
48.427
-20.217
-93.490
-43.774
60.730
1.709
4.170
77.668
30.101
91.914
15.963
87.235
44.728
62.671
-3.231
-77.833
-77.989
-20.366
-83.96
25.940
-89.207
33.394
-93.239
96.601
-73.857
-80.586
96.763
35.735
94.719
54.996
29.886
-71.871
97.464
-3.860
-80.185
-89.465
35.114
-18.301
20.695
-70.749
12.731
13.954
57.951
-44.506
-85.587
34.128
18.964
-69.434
-55.906
61.828
15.492
-55.106
66.415
93.660
33.497
-59.431
-50.401
-7.170
13.826
-66.439
-20.654
6.709
-98.827
41.120
-43.506
84.465
-54.815
-91.22
63.387
-94.605
-53.425
4.283
62.781
87.575
24.170
-58.155
75.361
-94.752
36.468
55.62
-14.715
78.271
-52.485
-52.772
25.496
-56.154
0.882
-11.376
-96.864
-16.820
93.386
-96.864
34.316
-53.921
0.798
-17.455
89.707
-74.371
63.467
-73.384
44.429
-83.325
45.59
-40.765
12.665
81.282
-56.123
-13.549
-46.664
96.289
-66.134
-74.969
-99.714
-40.854
2.219
-14.600
82.856
-57.869
-55.15
20.864
70.882
-1.809
-57.508
77.648
-10.150
-60.164
-44.498
51.155
-11.562
88.483
-2.5
-2.206
71.115
-54.793
-43.355
-52.116
-12.60
77.664
62.475
-15.863
-84.117
36.19
96.242
-65.796
33.592
-4.496
-91.108
-76.637
69.600
-25.67
15.552
11.640
64.436
-33.153
-47.439
-17.443
-2.386
0.414
62.684
52.461
5.876
-27.639
-21.604
58.237
-95.37
-24.654
49.908
-82.861
5.823
-80.975
23.532
-21.260
-8.233
83.343
-11.738
-79.362
41.711
42.246
5.603
-4.384
-16.359
-4.80
32.540
-64.823
-86.787
-44.518
57.811
30.53
-64.658
73.14
-10.230
-80.887
61.919
28.636
-87.922
36.518
47.375
22.457
-43.273
-68.647
-76.609
-96.989
48.103
-88.831
56.870
-11.606
84.106
69.728
-59.72
59.740
26.468
24.616
60.264
-16.305
60.561
26.173
63.657
-27.178
-96.789
-91.501
85.327
89.851
-34.312
34.980
-65.141
67.419
-80.982
-46.261
45.10
-64.501
-27.439
59.728
-59.414
-23.248
93.413
24.133
32.365
-97.863
-41.709
-79.973
65.453
31.912
49.671
-78.994
-40.539
43.163
-66.95
75.345
93.386
22.417
-4.883
77.166
78.415
-45.646
60.486
40.782
-6.600
-88.275
82.420
-85.342
-14.598
47.275
-41.453
-9.250
24.210
27.803
97.161
62.649
73.132
74.669
-92.883
94.931
14.724
-49.285
-83.610
55.589
9.386
15.448
96.473
-49.847
-45.692
92.186
-14.552
93.853
-71.736
-12.743
-7.952
12.667
18.515
-56.565
-63.510
6.654
-32.568
34.114
74.485
23.949
-62.957
86.21
-59.439
58.47
8.810
98.669
-26.553
-6.540
-91.914
-65.637
-83.299
-53.286
-42.397
-47.107
17.615
-50.613
-85.991
92.949
14.341
-21.958
-29.841
-95.646
33.41
63.188
-39.6
-26.708
86.893
48.537
1.51
-21.272
-26.854
-82.49
-77.934
-69.949
-20.789
87.967
68.154
-92.254
-65.807
-32.728
9.6
-27.941
-44.170
2.739
49.811
53.299
18.167
-75.111
70.728
21.712
-92.21
-69.849
-47.545
-11.448
-73.449
28.554
-99.472
-27.448
-10.370
0.291
70.835
47.856
-65.403
5.467
36.292
-27.21
68.972
-29.299
0.609
-0.709
-13.680
-47.879
34.545
-14.902
-47.339
-76.18
-60.238
69.167
73.268
52.268
71.881
-29.480
91.914
9.81
46.428
-24.756
74.917
97.86
-19.711
-2.516
-95.439
-72.668
77.59
-78.721
82.767
-77.843
-42.970
-46.119
65.590
-4.992
11.740
52.512
-74.541
14.20
35.554
36.484
-93.826
-20.172
-84.689
-12.645
4.957
87.561
-38.587
1.301
84.136
-87.872
86.266
-6.938
94.622
-75.735
97.791
-63.231
94.369
14.322
58.107
-4.546
87.132
-48.891
-81.237
8.112
-29.862
10.225
53.419
84.985
-16.943
36.200
29.887
-40.535
-89.668
-61.977
-19.458
-69.420
-2.426
-57.710
82.278
-18.266
-0.196
-67.36
-25.726
72.239
80.958
1.380
48.734
-67.391
71.25
22.95
-22.796
12.315
38.193
32.665
-7.197
40.299
45.547
-77.714
70.137
-42.760
32.134
-66.146
40.684
-41.768
-80.727
82.19
64.417
33.994
-93.516
-78.910
11.442
-40.660
37.601
78.342
85.474
-90.957
-45.521
-0.606
70.899
-29.130
-0.41
57.134
60.723
-52.1
-13.339
53.229
12.26
89.927
63.349
2.430
4.930
-96.39
0.551
-6.504
-5.369
-79.522
-10.686
-67.927
78.591
40.193
33.997
-19.445
91.198
-38.856
-86.761
-74.741
90.103
-37.370
-11.500
-34.393
87.178
22.249
48.92
-74.430
55.616
-54.990
26.133
37.70
-24.82
-53.868
76.156
49.930
-71.879
39.905
15.160
-52.14
35.693
69.530
77.806
-86.760
-88.288
20.389
-1.860
-74.251
77.66
97.771
-7.106
2.527
-15.404
15.943
-83.831
7.952
65.553
-3.80
-45.257
-0.54
-70.813
-36.315
33.983
37.898
4.281
-60.640
-54.905
12.660
69.458
97.458
96.380
53.917
89.950
30.639
65.96
-32.256
-3.862
-80.774
-84.596
-50.393
-71.290
-57.743
-58.633
95.715
-29.580
-49.413
8.868
-25.148
3.685
-90.735
88.706
67.115
-14.574
64.769
-6.950
43.399
-89.108
46.333
29.88
-8.831
80.19
95.738
-5.905
48.821
58.479
48.975
4.564
80.462
-52.91
-10.751
-55.132
58.579
77.836
-70.184
-84.394
-49.694
-65.498
89.730
-46.483
-44.145
-25.452
26.110
17.940
-65.162
34.899
-35.100
11.165
4.554
59.600
-57.97
7.522
-89.248
-2.717
-51.482
36.717
15.604
41.768
-65.124
19.135
-9.892
43.500
-82.441
-31.944
-72.547
75.436
-30.3
84.944
4.109
-77.229
55.490
-30.333
-28.267
-78.698
93.622
43.850
-62.632
86.716
-29.620
-97.898
-99.853
-94.936
41.964
-30.242
14.487
98.183
18.45
-42.383
58.965
35.562
94.13
-42.508
-24.601
26.383
-26.150
0.800
-77.419
33.361
-58.571
4.806
-47.352
48.995
85.771
86.597
-81.523
16.876
33.153
-96.986
47.797
10.501
40.700
31.601
34.786
38.925
78.258
68.626
11.860
-72.708
95.555
40.718
92.758
49.41
-0.75
23.165
44.696
-40.816
-12.327
-37.352
-0.547
61.539
74.432
40.281
7.81
-13.957
-43.801
84.193
-52.305
-79.642
-15.894
-59.507
-72.334
44.74
56.34
-48.999
5.894
-58.331
-27.583
76.862
-77.230
25.241
65.613
36.457
41.166
-27.814
-22.271
18.529
59.756
-5.985
93.862
27.288
69.505
-45.241
-96.834
84.13
72.735
6.505
19.164
19.369
-81.114
-74.942
-59.63
10.109
-19.505
45.341
-86.913
49.819
42.390
43.209
-29.491
29.817
18.428
-63.939
-2.510
76.955
-63.793
37.943
17.637
62.632
80.913
-12.342
87.912
77.128
76.230
32.406
-29.669
-40.459
23.576
-48.538
82.770
8.683
-54.570
77.199
-91.975
-67.107
-99.936
-24.729
-44.952
-53.52
-94.534
-48.594
-96.49
57.678
98.422
-70.789
-48.88
47.112
58.508
-93.561
-70.607
66.855
-97.704
-98.713
-50.12
29.182
-15.982
90.81
93.939
53.484
-12.255
58.21
-47.819
-36.569
-4.472
94.501
-26.117
-46.959
-30.404
-23.757
82.422
-96.580
17.179
43.916
82.172
-85.19
-70.245
-37.291
-85.621
25.97
50.279
29.127
82.144
6.387
0.569
17.54
36.376
-24.813
23.151
-27.976
-88.478
71.208
86.890
-81.697
-92.549
-28.566
82.955
-34.831
-28.155
-44.682
9.170
5.393
28.931
96.613
3.57
31.85
-66.420
-26.306
-3.34
31.931
-35.92
-70.798
13.878
47.126
-81.281
13.913
63.779
68.257
56.160
-48.991
-73.79
21.549
13.315
37.914
-26.395
-73.308
5.923
-61.491
23.548
-19.248
-99.273
-71.146
-41.260
93.249
-20.376
81.49
54.706
-59.767
74.242
-49.461
-67.412
17.483
-16.176
82.370
62.542
-85.623
-69.230
-29.141
-80.615
-31.516
30.836
54.653
25.221
-56.855
89.117
49.754
-11.724
-78.5
65.385
-93.116
87.798
42.352
-84.278
-2.186
43.327
78.77
36.540
25.718
-7.83
4.229
18.616
-20.10
75.246
55.149
-38.144
-90.422
-97.958
-79.335
67.342
91.947
32.17
-22.38
65.365
-86.221
-46.811
85.902
-1.951
-57.330
83.749
-93.241
-36.273
96.347
18.113
86.551
4.849
-17.334
-5.435
3.44
36.528
64.673
91.710
-88.606
-22.724
74.310
47.866
84.536
-74.93
-68.496
-92.784
-65.301
80.992
71.580
58.455
-10.629
-14.29
-67.465
54.191
-29.159
-1.51
0.617
73.449
-8.172
-1.431
18.393
98.907
44.174
-30.529
-57.110
-84.611
95.912
-8.37
65.346
54.147
-99.166
-21.416
-24.412
44.42
3.751
22.35
45.382
-36.742
-29.459
42.114
90.513
-79.286
-28.462
-52.506
-4.961
19.636
-46.581
84.469
60.398
-34.892
8.734
-47.614
55.494
-22.846
84.903
96.774
96.720
30.5
-6.17
-42.104
44.412
11.459
64.366
-31.489
4.925
-91.73
13.321
17.51
-94.710
-69.404
89.249
44.460
-64.677
31.8
45.665
-61.256
4.769
-68.138
-36.832
-74.602
68.43
22.187
-88.704
72.735
45.480
-43.194
-66.650
63.218
-12.607
-70.833
-33.2
49.524
26.564
-79.488
93.433
-24.28
59.347
16.710
11.522
-90.493
20.378
45.428
9.806
-78.837
-34.531
22.607
5.267
-90.335
93.598
52.888
-96.160
-42.457
-64.967
-3.97
31.583
-92.905
33.962
74.52
-25.98
-98.650
-69.598
-18.592
47.508
34.912
-58.643
14.135
29.120
11.594
-80.619
-47.718
-54.439
-70.457
-96.256
-40.642
82.100
6.514
36.843
81.706
-30.438
-25.637
-74.192
-73.614
-12.10
11.51
75.185
29.291
23.628
-85.509
-93.691
21.216
19.142
8.715
-54.879
56.142
52.417
-49.699
-60.122
-18.159
83.52
87.126
-80.97
13.406
-12.860
-74.69
39.673
-89.422
31.534
0.853
83.788
-4.75
94.55
77.920
-76.285
5.159
77.651
-67.240
7.571
-22.624
95.907
-73.111
-29.157
83.835
42.563
-66.868
59.246
26.465
19.224
-46.646
27.594
-48.767
44.997
-48.380
-73.674
34.741
55.0
-27.478
92.949
80.596
-40.623
59.523
41.19
-81.168
56.593
-98.227
-9.935
-69.14
-95.58
-45.638
-41.730
84.889
-46.931
5.12
96.321
-61.771
-20.232
31.302
-72.797
-63.942
-50.735
-60.419
-97.817
2.222
-26.70
-96.684
-45.804
29.487
-79.211
88.575
-36.525
66.38
85.635
88.337
-55.16
-43.912
54.309
-98.438
-44.369
-39.458
28.46
-1.864
-97.449
-10.789
98.544
57.387
99.794
98.292
83.889
32.28
56.357
58.610
-97.559
-72.669
-37.220
69.577
14.776
-67.326
-11.10
-76.94
-99.451
-72.661
-57.58
-95.983
-71.772
-44.441
-8.255
-14.875
12.738
52.214
-20.465
97.537
36.646
82.241
-1.465
-41.861
9.169
-6.535
30.899
63.151
-43.23
74.872
18.308
-21.242
6.696
16.889
67.398
73.57
-59.487
-82.402
20.546
-74.720
-18.939
-59.260
42.18
-94.634
-7.901
-89.427
-58.86
27.320
-99.640
94.567
-14.637
-43.496
-66.91
-37.885
97.93
-7.234
75.845
29.472
38.971
41.717
69.232
-35.527
-66.493
-63.882
98.231
-83.938
99.765
-1.495
24.233
39.527
21.448
-40.583
55.601
-14.816
-58.215
95.50
18.750
-87.751
27.375
-43.614
-24.387
-41.627
33.535
70.849
-41.159
43.206
83.224
41.411
-94.591
-33.734
50.910
-68.351
-69.936
23.806
42.547
28.742
13.625
-99.667
37.713
3.998
-35.49
-54.369
53.838
-35.761
70.956
64.284
-16.149
93.301
33.490
-16.445
-85.780
-64.587
-46.140
-64.328
-40.998
-15.15
-32.231
26.224
40.109
67.125
-92.710
19.126
-66.372
52.736
-51.728
-6.543
97.275
-38.254
80.794
65.961
-43.105
53.924
-3.843
45.995
-63.846
-83.704
67.501
86.92
77.424
-30.989
61.232
-54.638
21.793
-13.838
94.453
-3.636
-7.755
-87.41
73.71
-53.953
94.814
-93.68
-16.842
34.155
47.801
-58.804
73.764
-41.251
54.577
39.182
-65.677
76.222
25.38
19.672
3.119
88.577
-62.102
91.843
-61.949
55.788
-50.54
-11.682
-93.608
-17.679
1.383
34.523
-23.385
29.76
-86.990
-72.845
-40.595
38.758
-57.404
-15.373
-48.174
1.608
82.184
66.665
-45.951
-73.675
42.315
17.253
75.711
-92.78
-89.26
69.379
25.362
66.428
-35.773
-95.698
51.993
-3.62
65.237
-31.830
-22.871
-36.393
-63.918
-73.536
-1.971
79.918
33.870
-54.125
-80.90
-18.873
-85.495
31.484
9.447
96.272
12.273
4.753
95.738
31.192
-82.72
70.442
40.380
81.911
-16.120
-20.369
-13.733
77.337
-11.585
16.468
-97.50
69.920
-65.612
-9.294
-37.62
12.482
12.795
33.324
11.636
-75.952
-83.749
-15.470
42.636
97.445
-68.383
11.247
-71.959
16.144
-50.555
18.282
-6.517
-44.333
55.227
-79.877
48.545
-32.408
-98.779
-11.447
49.397
23.567
53.73
33.318
-83.573
69.804
4.305
-23.137
-41.487
-70.798
-44.100
-26.675
42.829
-23.662
-42.645
36.766
-59.470
79.845
7.786
66.957
72.853
79.31
-2.773
-51.949
-17.891
61.179
10.690
15.321
-58.128
-39.594
-71.518
-3.297
11.852
-99.255
-98.472
-93.486
-55.396
39.211
68.421
36.513
-61.284
-92.540
-54.251
-41.950
78.300
-57.946
16.653
16.892
90.212
-91.49
-39.710
-56.754
-71.508
-90.450
64.880
63.337
-47.705
80.674
24.564
-41.207
-72.846
87.703
94.426
-52.869
-12.933
-25.148
-84.296
96.828
-52.252
21.693
-90.17
-70.804
57.298
-4.102
-1.167
30.144
96.629
68.977
66.82
28.803
-98.893
-14.416
37.125
86.529
-57.782
13.764
-17.460
-70.281
-50.547
35.528
-65.726
12.340
-16.129
19.167
-76.324
-52.589
72.407
-74.129
-53.231
-66.966
-82.83
95.896
25.912
31.783
19.611
-88.563
-74.136
-20.662
-51.415
-29.533
-36.467
20.462
-45.639
50.123
-23.442
-73.730
64.104
-62.376
89.827
-99.709
76.845
37.665
-45.862
-18.213
-75.588
43.961
26.625
-98.339
-79.528
-80.480
-13.456
14.245
81.743
87.213
-17.440
-88.683
-42.562
-53.860
40.591
-58.171
-34.485
6.351
-96.232
1.471
-18.488
-24.429
44.23
-89.376
-25.568
-90.779
87.13
-41.171
92.568
38.769
-97.339
-97.164
-33.260
30.901
-88.426
89.69
-61.308
71.249
-83.193
-28.883
-96.181
-4.878
42.11
55.494
96.482
58.623
99.736
-53.307
31.391
-76.571
-43.967
1.771
23.765
-57.620
40.769
1.427
-84.727
75.32
67.163
53.40
-75.135
77.436
-62.459
59.816
-49.408
-74.661
21.645
57.20
1.740
-87.293
-45.620
21.198
21.312
87.271
-73.921
-80.95
66.768
-80.326
-26.427
-35.166
85.763
-21.185
-42.906
-25.693
-77.518
36.150
-57.369
-76.549
67.75
98.110
-22.47
19.669
-14.411
-74.788
5.265
57.954
56.811
-23.539
17.806
-89.704
28.879
-83.598
-22.765
20.691
64.296
-78.205
94.161
-80.284
14.253
76.143
-0.823
-19.706
-60.681
63.653
-55.317
65.247
-28.242
3.374
-70.840
43.68
-20.168
-29.540
-36.852
-12.515
27.671
42.936
62.264
-43.820
-60.790
83.333
49.505
39.834
39.622
-68.986
2.913
6.107
58.69
-3.312
-75.825
87.508
-67.210
68.401
-61.140
6.460
-19.662
2.121
74.379
62.734
-70.561
72.348
7.868
99.288
26.502
80.8
68.27
-21.582
34.256
65.18
-12.40
-84.112
-16.271
-59.670
-54.849
-38.429
-33.749
-43.722
-74.457
-36.374
-85.786
-95.870
5.486
84.197
-51.52
-20.542
-1.127
-58.471
49.397
-48.286
65.871
-22.418
-95.923
-39.607
-6.758
-73.230
22.32
19.542
91.344
68.692
-71.310
60.884
-71.880
69.271
16.729
15.103
60.525
-80.96
76.188
69.608
-0.380
-2.992
22.964
-65.133
-16.401
-78.116
22.876
-98.808
-68.736
-35.57
-46.57
-15.311
20.533
-58.999
67.667
5.297
-99.119
-17.869
-36.90
-91.125
7.723
6.490
46.310
-2.120
43.487
-85.493
-95.592
-33.661
-32.798
-67.541
-11.500
-13.407
-79.605
-78.708
80.903
-49.241
16.188
-3.974
-11.406
-61.573
-36.884
-34.750
-22.129
72.259
43.491
-54.140
5.857
53.112
-62.775
69.936
-69.72
70.258
78.280
-92.504
-65.700
-94.354
-16.311
-79.164
-15.278
-10.747
77.169
-81.339
87.370
-22.162
68.479
57.226
-35.994
-73.325
72.841
49.3
11.680
48.814
92.801
19.476
-51.744
-83.802
21.789
71.562
-85.586
-29.988
73.999
86.99
-91.843
65.863
-2.366
70.702
-16.223
-56.594
74.331
33.713
-95.486
-90.173
-98.464
60.81
-98.483
33.205
-69.473
99.282
-91.956
-21.690
40.485
9.727
-78.878
43.738
70.489
-16.522
-64.343
36.742
54.633
55.955
18.47
-71.908
-97.287
-39.82
-14.804
-73.821
-90.185
80.473
-4.927
36.583
-7.153
67.124
54.373
72.364
-28.178
25.652
44.694
58.426
15.130
6.466
-55.125
0.944
-5.651
49.475
-75.803
-57.180
-13.776
54.934
-20.102
-14.560
-43.615
-25.667
83.624
14.773
-9.900
35.810
-64.323
88.329
-37.301
-69.816
-19.511
-94.837
66.620
-41.235
91.396
-96.283
-81.900
94.588
42.477
43.698
5.717
82.364
-26.582
-95.24
-90.867
37.564
-94.997
-26.592
-87.634
-49.929
32.334
74.816
-53.43
-4.990
91.432
26.269
-44.15
-63.641
-69.828
-57.230
-92.14
-44.988
-12.693
-62.397
37.40
31.666
-41.263
48.26
48.247
33.405
-0.197
-50.693
-16.905
77.767
28.656
64.439
70.32
91.81
5.881
-0.66
25.567
16.717
-95.685
67.162
89.842
-3.807
83.677
79.820
-0.877
-69.678
-95.803
18.972
86.467
-59.687
4.28
-5.531
45.566
70.45
76.698
15.419
-73.615
97.185
-91.472
-21.83
62.787
49.592
91.290
14.560
-57.189
-77.704
-76.229
30.979
-8.670
53.691
-38.205
-98.54
94.397
4.911
11.768
69.846
-46.174
-90.204
-19.964
-73.217
62.355
90.406
-11.900
74.756
-98.19
-10.388
31.986
-30.428
59.548
59.873
-54.487
-54.529
9.241
-66.967
34.565
70.928
57.759
17.641
34.201
-14.812
12.166
70.820
85.182
-1.648
76.482
19.804
-3.813
-25.331
75.265
26.579
-1.844
64.766
8.751
-93.404
-45.481
15.352
-65.55
75.632
78.160
-82.538
-50.639
84.655
38.763
27.556
15.354
86.369
13.587
53.62
-25.492
-65.374
85.576
-49.560
31.850
17.629
7.545
-30.431
-5.796
-36.749
-4.326
79.792
-45.77
50.379
-10.462
-86.79
-19.338
5.368
-13.874
8.262
17.166
-70.98
97.243
52.593
67.155
33.342
-32.61
24.18
51.232
74.992
46.10
97.832
-40.130
13.182
-16.902
-82.787
-80.819
16.895
-20.446
51.972
-96.518
-7.468
-17.260
21.325
-19.394
-76.576
-75.656
-87.324
65.245
-80.348
35.544
52.703
-53.220
85.42
-3.113
71.941
78.516
-4.603
25.220
-44.600
-87.735
48.339
-30.893
-72.230
39.533
-53.56
-43.234
-41.590
-64.667
-84.263
52.350
-16.798
-84.428
24.852
58.692
-57.397
-97.192
53.733
12.50
-43.386
75.739
95.707
6.291
10.767
96.825
-15.634
-42.431
-55.84
-58.196
-76.692
9.819
44.314
25.572
39.782
54.230
64.97
-72.791
-71.546
56.304
-43.732
17.93
29.737
-1.815
17.754
-52.760
-12.525
-59.797
-86.768
49.877
-60.820
16.337
-39.519
80.72
-42.641
91.993
18.658
94.917
-62.555
-29.656
-48.769
-51.585
-48.276
-35.156
-84.151
40.42
57.60
50.6
89.321
-0.550
-88.350
-96.453
94.602
-11.589
1.525
-84.518
-60.975
-95.477
-99.118
-58.18
74.758
11.455
33.501
-31.713
-38.866
-95.250
95.562
6.757
-24.456
-15.567
-8.41
-99.705
96.790
46.574
-86.212
51.559
-34.954
-44.161
-83.537
-89.53
66.961
-1.613
43.461
-38.107
-47.845
73.496
50.282
-41.826
-41.662
-98.851
22.469
92.570
-66.665
31.904
-70.703
-21.576
84.126
53.619
31.461
98.811
-71.886
-57.78
56.444
-16.776
35.646
-0.620
62.256
58.509
32.892
69.942
-57.65
14.222
-46.378
44.994
97.530
-54.182
87.96
-98.554
-81.87
25.356
81.565
74.831
94.78
10.322
-2.171
92.625
55.964
73.963
-53.944
-24.722
90.403
-22.577
76.323
60.733
39.287
-52.632
96.387
-88.512
86.165
-72.590
-17.80
76.702
18.30
-90.91
84.582
49.35
92.983
48.523
-70.209
37.833
26.751
-70.879
44.49
41.339
75.775
-97.824
-51.169
-96.69
54.839
77.777
-90.955
-87.778
-87.822
-70.115
-95.742
-3.640
-98.143
-28.640
-33.994
-48.371
-96.713
95.452
25.940
-4.262
74.157
-19.913
-40.563
31.92
90.725
-89.673
-69.121
53.468
-66.593
-54.249
-56.775
-53.946
90.939
-71.570
43.612
-10.554
47.523
-2.828
57.895
-56.249
-17.357
-35.611
19.353
18.24
9.968
-77.178
71.377
-39.279
-23.688
52.544
83.461
90.949
95.920
-87.938
53.799
31.876
16.900
24.639
60.562
44.966
-76.750
18.40
23.135
82.974
65.479
20.262
53.878
15.202
57.415
-40.59
19.87
59.506
-53.981
66.163
-70.780
-72.800
3.753
86.721
-60.278
96.170
51.589
-7.701
-4.454
-87.120
49.990
-37.863
-40.318
74.257
10.317
13.766
27.217
76.124
-36.880
-25.620
29.669
66.858
-4.451
-47.325
-11.387
53.52
-18.379
-73.807
28.843
90.820
-72.550
-44.868
-84.872
-42.19
57.30
89.536
-40.354
-59.427
3.808
-80.598
-76.622
94.166
70.502
97.244
53.1
96.443
43.335
-21.894
-6.598
35.30
37.458
-88.552
-8.522
-53.171
17.176
-63.572
94.467
-83.888
99.995
76.982
50.319
47.260
14.968
-31.373
45.790
-61.954
71.400
-69.835
9.334
-51.410
23.661
53.60
36.774
46.657
-27.955
-36.316
18.239
-20.708
10.969
-99.972
-70.395
61.49
64.837
-88.283
-85.262
72.599
-66.217
63.289
44.351
59.750
88.821
79.234
-29.899
-58.839
96.724
-37.696
-98.414
-98.278
-59.122
-42.633
-45.221
47.900
47.82
-88.892
60.340
47.677
-85.627
41.725
38.385
-86.927
85.324
5.971
-12.270
17.58
14.971
34.270
3.556
87.749
-52.139
40.725
12.611
-58.968
-57.680
89.998
14.464
30.98
76.654
96.193
94.345
29.585
-43.250
81.208
91.65
23.255
65.21
-31.703
-15.979
59.828
52.974
36.804
-45.947
-70.81
-11.472
32.447
-4.64
39.295
-77.762
-17.21
-2.525
-33.61
-1.59
-67.129
-93.592
37.424
-88.328
60.120
-88.897
95.667
-30.269
91.402
9.3
-74.322
-72.568
-42.805
11.346
96.506
-77.694
21.241
86.271
28.815
-32.324
99.450
-95.922
35.916
0.879
-45.875
-10.553
76.674
58.612
-61.540
18.225
-31.76
-67.872
22.259
-35.959
-94.356
12.218
-24.795
77.105
-6.66
-98.136
66.968
-84.587
76.561
84.49
71.43
86.755
5.231
-99.361
4.767
-2.618
-25.884
-77.721
-0.49
-83.434
-30.457
33.995
-54.953
23.652
96.408
88.763
-64.588
-12.17
-47.218
-95.153
93.783
86.168
34.175
66.950
-59.598
-72.186
-50.202
-17.614
-57.713
-95.709
70.2
-3.988
84.774
17.593
55.452
53.176
-62.327
63.196
-82.154
-19.601
10.971
36.427
82.611
-4.180
75.787
-97.840
6.454
17.218
-42.500
33.520
-85.782
-39.718
-81.200
2.756
63.984
29.481
72.787
-45.456
-63.751
-39.384
16.770
17.261
44.143
35.597
58.160
-68.342
-19.966
-77.711
4.127
-32.366
32.735
66.204
-18.848
75.335
-88.493
85.814
63.785
33.214
60.319
-37.951
-51.336
87.254
-85.425
-25.400
15.288
-17.73
61.588
71.622
-92.334
93.771
-12.23
-66.562
24.947
-34.25
-28.392
-20.209
25.170
-16.241
22.485
-98.678
26.890
-42.208
-65.132
-60.567
8.847
95.467
8.945
57.361
-32.635
89.734
21.312
77.355
95.172
-12.132
-55.692
89.140
85.548
-50.857
57.689
-49.730
71.751
36.128
58.775
16.288
-41.395
65.136
9.721
46.672
-49.229
35.230
59.353
43.490
35.200
-98.616
-46.9
91.874
-23.384
8.482
97.531
80.518
-40.177
-52.821
45.508
13.706
21.605
24.248
-63.71
24.31
9.281
-23.861
-19.501
-21.306
-64.403
-8.568
19.89
40.65
-87.280
70.105
83.266
-32.642
-0.813
45.134
-63.151
89.359
-25.430
67.22
-56.361
-21.831
66.267
43.199
82.499
-74.696
72.259
25.400
94.826
56.845
-83.1
-90.775
55.141
-86.436
-59.818
-45.492
-18.116
-42.741
-25.287
-91.843
31.826
-80.869
61.724
61.10
61.369
-12.614
59.233
18.727
78.753
15.796
-98.527
-86.659
97.321
-1.834
-41.695
-0.107
56.119
-28.637
-93.415
46.983
-43.833
-70.319
-14.216
-82.17
-12.158
11.811
76.819
-75.299
-53.992
84.891
-15.134
73.604
90.170
-81.204
-6.716
-26.779
-58.655
9.282
-98.35
2.371
-41.86
13.59
-56.302
-63.783
91.689
-77.67
79.26
-99.35
19.85
-35.887
90.480
-83.345
80.801
99.416
-22.207
-61.37
83.68
60.767
-20.138
68.173
91.115
-0.450
21.430
44.281
2.503
49.516
-64.99
-56.260
-36.632
-50.252
55.843
-40.844
-23.665
8.962
61.164
-73.314
-23.478
92.34
-29.371
-57.573
10.880
-78.772
-49.596
-3.856
-86.969
-76.142
-31.117
-38.610
-4.91
-3.700
7.610
2.641
-93.890
1.845
72.731
7.460
8.491
87.629
52.486
-41.989
-54.448
-48.2
-14.495
80.649
-2.721
93.580
78.188
81.727
46.879
-3.72
60.527
-79.475
40.41
-43.821
39.375
71.968
63.446
47.280
-60.726
-11.229
3.841
-44.173
-36.513
-27.456
67.847
-80.771
-25.334
58.381
18.893
57.4
21.408
-12.552
78.440
89.919
21.638
28.670
55.595
-29.953
-34.471
66.381
-28.402
-35.767
15.245
60.287
13.8
13.489
37.344
95.725
-34.912
-67.278
5.758
-2.193
4.460
99.720
-13.485
-17.251
-92.788
63.783
91.617
90.185
23.842
62.996
-16.553
-67.952
-6.817
-5.434
-93.179
-77.942
39.85
-13.727
-66.602
-77.464
-85.80
-54.48
96.6
23.611
-1.56
-19.333
-20.873
90.586
46.104
95.833
-41.319
40.373
-43.69
-15.892
-22.445
59.164
39.536
-55.827
47.925
-94.320
5.362
96.954
88.50
-85.465
46.339
-10.499
60.590
-35.345
-49.845
19.691
70.996
-41.544
37.384
54.522
64.568
72.930
44.591
52.478
-40.179
-52.798
-37.521
-84.314
38.903
-93.357
14.274
-27.746
-90.290
96.794
47.86
43.739
82.128
-17.265
-0.103
68.748
58.315
-68.142
9.784
40.480
-54.927
48.322
-44.4
9.673
-40.226
74.694
65.953
-31.921
42.882
-96.723
44.329
30.529
56.473
-62.34
33.174
7.148
-81.314
71.297
54.139
-74.187
75.883
55.314
9.922
-68.484
53.617
-15.776
-20.709
30.732
-66.987
-32.313
-73.488
95.495
-47.305
25.625
-37.778
-23.694
10.66
11.849
-9.315
51.699
-28.372
-92.719
71.919
-23.444
60.681
-17.804
51.315
-46.878
-21.440
-36.491
16.571
-84.563
-48.486
-69.910
64.22
41.791
64.642
-53.988
-92.562
-49.350
-54.666
34.702
82.251
1.320
64.536
-60.29
-61.493
28.347
26.791
12.140
41.446
41.81
57.115
-59.469
-23.233
-9.146
-86.307
58.87
-71.14
45.878
70.172
60.113
5.322
-1.933
-70.856
79.817
65.256
-97.814
-76.185
50.283
65.753
26.613
-20.271
29.272
-8.994
72.973
34.591
-51.988
-59.217
82.67
-83.32
-56.910
94.430
-7.412
-54.620
9.344
-81.378
62.381
57.792
-89.274
-5.57
25.313
59.860
64.667
-94.21
-70.482
71.516
12.378
-93.235
-43.976
60.533
62.659
-75.318
-70.135
77.381
-4.403
-79.174
-32.286
-18.431
96.826
-49.187
12.601
88.628
24.698
-79.927
56.583
-68.362
-95.994
-53.564
-45.161
-66.762
-21.74
-86.762
-70.686
-41.866
-93.674
48.594
30.790
-98.695
49.192
-27.259
-44.132
63.118
-62.241
-11.282
88.976
-49.76
24.406
93.956
-79.806
26.133
36.830
-20.145
-18.59
-3.270
6.411
-84.712
-56.536
22.581
-83.61
-84.487
49.623
45.895
-12.714
-20.117
-11.324
29.360
24.468
78.790
88.373
-56.409
-57.510
-41.808
-69.772
57.645
-67.356
-88.937
-73.114
-46.292
-0.132
16.88
71.997
1.338
79.608
-19.217
29.84
-14.324
-12.649
77.595
-85.95
-17.563
-59.486
-16.840
28.519
65.591
99.820
-89.586
17.250
58.928
-96.465
-65.882
23.294
-78.210
-23.790
-29.808
51.907
10.797
-44.766
-28.576
-58.872
36.138
-78.461
-58.191
-78.666
-17.495
-48.247
-50.709
91.853
83.33
-2.844
39.732
-10.910
75.920
-2.898
71.716
-49.964
86.166
-72.558
-24.741
52.995
5.786
44.996
-48.623
-43.525
5.197
62.798
-18.884
83.956
53.132
-9.284
9.990
-42.386
-37.287
52.530
-66.487
-48.301
-94.571
7.6
-81.460
97.21
-8.831
-57.973
-55.62
29.666
28.333
76.481
74.428
-56.987
46.68
68.765
-26.73
-75.483
62.990
-84.219
40.399
-32.727
78.1
-95.809
-18.107
54.675
-11.854
99.929
-12.991
39.327
32.467
59.252
19.982
59.229
86.999
81.753
-42.216
77.867
98.679
-58.770
-42.103
-25.714
-35.85
99.644
73.82
-6.763
-66.806
81.635
-24.733
63.444
28.338
-13.463
2.898
-73.350
25.275
25.781
-82.247
3.528
44.905
-65.368
8.948
6.114
66.116
63.642
-4.919
79.596
17.778
14.682
45.878
-62.343
-75.903
-26.661
92.979
9.942
75.898
17.577
91.447
13.961
-68.106
27.321
-7.696
35.275
-29.167
-91.976
96.52
-72.21
-44.312
-95.526
-32.246
96.673
-7.880
-21.167
97.648
5.440
-55.888
3.912
33.756
-10.904
48.36
45.384
-62.291
-28.13
-21.562
-82.567
-23.322
-16.78
-30.763
-56.474
13.874
63.719
-39.34
-48.514
76.788
-52.22
21.545
-29.761
-98.43
27.351
-60.564
-81.280
-39.171
89.119
-51.347
-28.800
-25.973
44.402
-93.352
57.579
48.691
-13.725
-49.64
-72.353
61.957
-38.85
37.10
-33.406
-90.351
42.609
93.709
13.822
-61.723
-33.447
-24.508
-14.46
57.83
24.516
42.458
65.600
19.646
64.159
-35.773
70.306
-10.582
-8.948
-91.557
36.382
-88.176
-92.941
56.312
-30.277
-77.264
48.634
-19.796
98.4
-23.695
-36.584
66.372
-54.764
94.73
33.303
31.980
-2.181
31.352
-42.650
-53.825
22.962
-73.928
-1.534
-74.380
-7.113
22.244
-0.898
-13.29
74.923
39.177
-52.51
49.225
-19.578
-57.52
-16.311
82.985
-28.986
-8.651
-39.425
73.16
32.769
53.618
-54.289
-41.546
56.814
-89.396
67.977
-95.385
52.676
-85.149
47.333
9.838
99.944
68.185
40.294
-76.383
50.402
9.897
-20.602
-7.87
63.587
36.96
-32.247
17.915
48.208
46.436
41.586
64.348
73.668
58.27
44.91
64.979
-75.663
-78.80
18.481
5.327
75.720
-47.637
-69.110
-45.520
-9.664
-59.581
-10.756
8.486
21.956
-95.461
-57.88
-5.888
-2.109
-18.355
-66.64
5.175
-76.137
10.845
76.567
-24.214
51.871
-50.476
-87.730
-85.301
4.567
-87.973
-3.849
27.211
-37.787
-55.763
87.466
8.617
16.556
34.41
-59.945
-48.932
65.287
19.766
18.855
37.511
-69.898
25.106
9.375
-23.109
91.721
-78.569
90.886
-51.457
-75.776
38.465
65.386
-59.411
21.720
-40.396
0.739
57.317
99.159
29.410
-77.337
-28.375
95.641
-60.952
83.573
34.413
94.865
27.523
-29.22
-22.3
-21.880
-47.861
91.456
-21.268
-62.403
28.237
-38.231
-39.810
-9.192
38.614
-29.535
-57.435
-13.426
-9.247
-10.661
-84.390
-75.180
80.772
60.833
63.172
-21.253
59.711
59.624
-66.985
-94.395
73.131
41.607
41.39
-4.600
58.15
27.936
-84.947
75.558
45.225
13.919
-43.44
15.485
20.179
-48.583
-10.593
-44.473
84.757
34.584
61.29
-73.43
-80.638
71.206
-21.278
-63.626
4.789
-61.233
5.269
-49.904
52.817
-79.290
78.70
72.994
-0.667
-59.130
-53.335
41.648
-53.5
-23.355
-29.607
16.338
47.468
-20.41
99.893
56.853
91.558
-16.899
-26.53
5.128
-41.357
-93.825
-88.224
-5.544
-68.343
98.899
-11.191
11.7
-59.933
13.590
-73.531
-41.277
99.765
-25.122
45.990
-58.388
-24.152
0.263
-76.723
57.888
-18.761
-36.654
-32.905
52.983
16.928
24.338
-84.362
-34.614
96.291
-90.500
-27.371
-96.259
41.991
-4.143
40.612
67.36
34.372
1.107
-35.655
93.245
38.525
-49.321
63.262
-34.818
40.111
-74.778
46.912
80.665
80.300
24.245
-68.36
35.785
9.500
-27.86
-41.526
-66.100
-80.146
67.378
-12.411
-13.887
-11.307
34.42
-30.703
-88.283
-17.276
57.294
75.375
57.594
4.706
4.71
49.582
-30.468
48.698
-67.887
73.204
-5.114
89.689
-72.899
86.703
-10.459
22.708
-92.190
-5.339
21.358
24.631
-51.388
72.730
-21.802
15.688
-64.151
-37.373
-44.365
19.170
45.843
-58.667
28.270
11.595
36.16
12.831
92.748
-31.837
30.33
-72.804
-53.850
45.408
68.36
79.200
-21.236
-17.749
53.793
89.124
-1.154
79.427
-80.632
-76.777
-39.845
25.225
-6.998
55.615
36.468
-68.709
38.63
-40.542
-99.22
56.698
26.590
-80.967
86.426
32.981
-28.169
16.738
-29.228
48.968
-46.820
28.928
40.54
98.586
84.724
-69.57
68.685
88.401
70.330
14.330
-53.828
15.457
-79.49
33.99
54.184
-54.653
87.473
-89.762
-82.284
2.398
43.704
4.519
-94.598
-38.883
-68.989
75.343
-87.630
36.372
87.954
-68.956
-31.700
71.4
20.150
71.488
-21.309
-55.336
42.276
54.812
-29.51
39.619
-48.551
-13.674
-49.447
-35.918
-52.539
-11.494
65.788
49.542
6.871
-68.763
-87.263
6.429
-34.778
12.614
78.818
58.381
-74.646
-66.948
-70.954
78.674
-58.362
88.420
45.206
49.518
-71.549
-84.607
-43.381
-42.147
-84.69
49.200
-77.158
-68.198
89.644
-40.645
-57.417
-44.553
65.549
-33.191
-48.727
-70.676
-66.153
-76.422
-6.263
95.455
-3.964
-59.960
-75.826
-71.559
67.107
-84.777
-1.595
28.571
-5.830
-27.577
-94.980
-30.292
71.119
-62.842
-44.609
5.545
43.498
-87.626
52.832
-33.111
68.757
-68.539
-80.10
-18.72
15.268
19.326
-53.921
-35.208
-40.961
75.794
39.162
-84.382
-25.414
33.732
36.247
-0.67
9.672
17.659
56.599
26.674
60.814
50.350
-80.576
20.961
36.997
21.997
84.859
-69.376
62.584
16.611
-16.271
30.321
-79.653
91.573
87.562
30.183
93.468
80.337
-74.999
68.767
-89.435
-75.165
60.397
-73.840
48.227
72.509
-93.754
-26.634
-35.161
-80.581
37.922
16.998
-69.510
-76.684
-8.184
-2.8
31.153
81.479
-67.66
-5.499
61.388
5.356
14.78
20.854
-66.314
91.668
77.451
-18.132
-46.752
34.309
-4.922
97.27
39.141
-40.661
29.779
54.722
35.0
74.70
-92.216
-28.303
-64.559
87.908
-67.348
77.740
41.770
23.324
-73.412
-27.538
13.830
-3.58
2.722
23.210
24.229
15.859
71.952
6.176
-64.549
74.876
55.641
4.244
56.698
19.574
-91.898
-11.165
-24.36
6.995
-17.59
-40.934
-53.689
-96.245
-98.201
-74.172
-60.364
-79.827
58.951
89.210
-96.927
-56.220
93.273
24.270
-51.620
76.694
76.54
26.985
-89.643
-93.332
-40.580
-99.937
-43.982
77.358
-7.661
-91.238
47.366
-67.944
14.785
-13.279
-74.419
63.970
23.514
57.443
13.2
-89.393
-11.140
87.607
-1.974
58.839
99.414
21.329
32.452
78.410
-34.175
-99.665
7.276
-80.416
-98.717
-53.175
-35.474
40.548
16.332
-6.162
43.396
-31.48
64.355
41.35
-26.385
85.838
36.25
-0.366
-46.182
44.341
56.284
91.367
-44.983
25.625
74.251
-88.837
-81.925
0.225
-68.123
68.719
82.775
93.467
-52.163
18.140
-20.814
59.254
-36.987
39.487
60.655
-64.175
-60.858
41.803
42.708
-26.926
-35.198
47.557
-97.194
-23.485
27.446
55.610
-2.670
76.264
-18.406
-74.784
23.319
37.966
6.915
-61.739
56.366
-7.921
-33.475
69.452
-8.670
56.996
-82.571
-6.209
-88.515
16.828
30.285
89.892
-59.177
3.646
-59.806
-25.662
-75.196
-44.903
-83.691
86.108
32.638
-97.79
35.338
-48.141
-14.752
1.929
-37.104
97.300
-65.484
1.922
13.355
62.204
-55.39
73.687
41.953
-63.155
-0.344
86.93
74.259
-6.60
46.325
-28.339
38.346
38.171
83.812
29.75
9.328
-41.766
25.292
46.599
37.497
-35.626
89.416
-30.206
-10.489
96.371
-37.780
-23.173
6.850
-96.296
-50.785
-81.320
3.161
-71.643
-10.454
-61.250
-91.540
-50.315
26.21
95.269
63.119
-81.952
-76.755
-36.226
53.888
-12.201
90.592
0.94
-31.121
-65.316
-95.632
-62.213
-50.389
-0.577
45.983
44.95
45.286
-39.38
95.470
73.487
71.34
89.896
-10.747
-87.99
-41.244
84.988
-79.285
-67.324
-50.420
-53.945
77.816
-81.857
50.668
61.707
49.848
-20.684
-38.64
47.931
-42.381
-59.887
-63.764
53.998
39.448
73.209
57.210
86.730
-2.921
56.68
-87.210
-37.521
-33.784
49.737
22.276
16.501
16.159
69.197
-7.251
-8.608
-45.295
64.84
73.217
-47.566
19.989
92.505
-26.173
-70.843
45.550
-93.710
13.608
43.272
-94.997
81.845
57.164
10.108
-16.534
33.5
-47.602
-12.896
38.361
10.505
67.199
42.933
-35.90
69.652
60.768
-24.653
84.800
-45.165
17.3
-49.313
53.533
7.527
-5.862
-68.583
-92.843
50.519
65.103
-30.849
96.466
-23.916
55.821
38.828
7.134
-66.254
-77.298
57.448
43.765
-81.148
-84.844
-90.919
61.174
-18.864
-1.571
47.737
-27.15
-3.524
-98.919
-96.0
96.284
-62.126
-48.840
55.958
-43.359
17.258
46.238
-25.141
4.191
49.787
42.483
-83.97
-91.545
-77.353
-28.348
-50.666
-13.264
-40.441
-95.645
17.347
-40.341
52.825
38.68
-64.246
0.574
47.976
-5.189
1.581
90.676
70.746
-38.86
41.38
-93.728
91.644
94.744
-46.444
-15.649
-1.303
-75.193
-99.216
18.454
31.447
68.292
74.536
-26.530
56.328
-62.596
-10.597
39.124
-48.824
52.394
-46.825
-30.294
-91.220
-49.499
-3.55
-1.218
-0.528
3.919
-51.67
15.71
-33.369
-2.0
63.43
61.792
41.47
-49.548
-58.649
-11.4
-41.455
47.570
-96.155
-22.657
-94.720
38.881
30.374
29.824
46.234
43.145
-59.739
94.486
53.134
-82.508
-10.254
30.593
47.375
-11.304
-23.302
-37.897
-54.8
-79.54
73.108
75.890
33.400
-64.683
-29.882
-68.693
83.16
32.205
78.560
16.591
-92.164
54.139
-25.525
-51.689
21.218
67.838
-20.373
-24.705
28.36
89.104
56.748
-31.454
96.380
-65.483
-18.356
-52.375
-80.196
-76.472
-29.100
-43.441
99.549
-20.180
-81.928
-18.194
45.12
-43.264
79.996
40.224
7.154
-62.49
-73.148
-84.969
50.2
-47.772
-80.618
-21.813
85.844
50.84
-34.592
71.106
-2.380
82.216
42.718
-83.618
-18.398
-69.471
33.156
45.706
-81.593
24.916
-15.470
55.452
68.747
-83.282
-23.253
-32.22
-55.207
-69.452
20.686
-15.710
-17.925
-98.833
0.753
-69.689
55.412
-44.596
-51.351
-67.521
42.893
-61.61
-97.778
-56.128
67.329
77.450
69.757
-15.1
35.653
-10.220
-42.114
8.928
88.225
94.181
84.600
80.877
13.647
10.514
-56.149
-1.111
71.854
-34.414
-11.503
65.749
0.633
16.614
82.379
6.342
-31.98
-61.351
-11.622
28.508
25.719
48.737
52.337
-8.554
94.188
27.294
-74.577
-22.338
-34.150
99.830
-79.308
14.456
-98.160
68.668
51.915
66.842
-23.669
78.191
36.577
68.977
-57.508
17.323
66.521
0.441
93.993
-74.611
1.935
-6.765
50.454
95.622
-23.779
-7.348
51.714
-3.567
-76.812
63.286
45.339
-44.846
-39.496
11.143
12.267
69.526
2.378
-8.981
-7.357
0.421
-4.366
-95.863
-51.454
14.717
-47.629
63.50
76.952
-8.912
6.20
69.620
17.676
-5.771
43.374
-77.588
-55.387
-99.551
-70.779
71.139
54.846
-94.415
-7.484
38.42
-85.285
85.63
3.518
49.269
46.492
0.563
14.817
52.963
-10.70
96.561
-53.946
36.31
-60.534
-72.84
-86.82
-80.482
14.548
45.300
-44.62
-27.510
-4.415
-66.152
-92.364
87.88
-52.875
-61.207
34.873
76.71
-81.215
-9.494
98.598
-33.516
-0.608
-53.96
90.600
9.262
15.348
18.324
-25.857
94.667
-26.17
-74.151
73.803
89.156
-46.646
77.707
68.823
85.541
20.218
-23.564
-19.91
-18.565
-33.490
56.880
-76.878
48.655
34.476
20.861
-30.233
-49.456
88.728
44.998
3.431
65.987
83.763
-47.63
-70.149
17.369
-4.751
62.801
-84.241
-49.385
-79.440
-99.505
-52.88
82.187
68.509
-34.526
-61.483
-74.597
91.81
40.82
-87.461
65.60
-30.464
-11.847
8.567
6.102
73.15
-92.189
64.432
-77.472
-27.659
17.424
64.107
-99.118
25.578
9.284
-23.958
68.702
10.967
37.696
-46.276
-16.145
98.810
45.61
91.87
-5.748
-20.571
3.391
-24.453
-29.190
6.36
95.804
-9.202
-81.400
24.243
46.948
52.321
68.24
86.600
-72.129
-6.436
-68.531
75.192
45.526
-76.2
-46.848
-16.52
9.220
-45.407
-82.931
-61.489
-28.357
-51.384
76.29
-2.705
23.203
92.271
35.832
-2.277
-21.59
-18.72
-55.352
-72.703
-85.680
24.34
-65.657
7.201
2.636
-21.690
47.612
-56.882
-54.938
61.662
-52.247
-73.923
-52.988
34.348
-87.702
25.623
-41.870
-68.78
19.32
23.145
83.97
74.623
-0.75
-34.361
70.400
-95.26
62.219
41.687
54.206
-6.482
19.865
-84.739
19.491
-95.426
71.448
49.843
-50.357
-25.898
-26.53
63.111
-45.30
25.114
79.286
-9.533
51.205
42.706
-11.309
-99.234
78.561
-12.376
-79.122
64.247
-88.726
-3.987
97.39
-87.633
-24.445
19.396
-65.175
15.339
-77.370
69.134
-79.722
-76.978
-58.975
-97.514
42.438
-97.810
86.527
-88.642
-18.619
19.840
-18.772
96.700
-62.510
70.407
-60.449
-95.298
79.836
-89.976
91.95
63.314
69.584
-50.281
-9.95
-95.65
-43.826
-34.173
-34.504
62.346
84.389
-77.652
11.621
-69.724
75.233
-43.829
-18.24
47.258
-74.45
37.559
29.443
16.372
69.484
-7.605
-77.381
-47.376
82.647
95.994
33.68
-76.57
-17.587
99.103
81.273
-37.680
-16.309
-81.256
-27.290
50.885
31.919
9.247
-94.217
-26.216
30.898
71.587
-17.303
-96.337
-3.516
-58.866
58.349
79.658
57.704
-74.930
-46.413
92.284
17.853
-56.149
-4.252
90.810
13.521
-8.100
-98.309
57.735
-32.481
58.173
70.843
-38.799
-43.355
17.745
57.911
98.419
-46.869
-3.478
38.462
90.720
-74.543
63.881
1.777
-43.394
-96.303
-22.501
-48.0
-35.503
-57.293
-61.783
90.609
-14.272
-89.625
-68.568
45.617
-84.939
-43.340
-70.775
28.333
48.846
-40.488
-76.102
45.191
-43.112
-35.609
-30.593
-78.836
-75.559
78.887
-23.987
-2.227
39.855
-51.752
89.695
47.430
74.612
-92.391
51.118
85.296
4.219
69.22
74.313
-81.716
-31.857
-94.656
-17.730
34.75
88.678
-52.963
-56.319
-46.240
16.214
94.47
24.578
1.624
-9.442
-30.328
-41.416
71.321
-49.929
46.875
18.444
-54.490
7.766
70.967
89.877
90.107
67.48
73.819
43.420
83.367
-16.385
-14.491
-60.51
84.921
36.462
-31.52
6.471
97.45
62.440
-55.975
76.891
-41.458
0.18
73.854
-14.590
-31.21
56.827
-81.777
77.839
42.646
-26.723
47.216
12.617
-75.690
64.404
-62.988
-17.196
-44.429
67.506
31.201
22.879
-4.927
97.539
7.766
72.530
-27.645
-55.162
63.258
48.626
-72.57
95.231
40.687
-54.884
85.544
-59.816
-37.995
-55.750
21.966
-16.714
-17.539
20.734
-2.726
63.733
-15.18
-33.977
34.366
-80.173
41.946
-60.762
57.480
63.300
-0.454
24.517
-85.732
-90.865
-11.152
31.532
-2.225
38.137
-41.894
-31.609
59.809
14.534
53.19
-11.810
-99.73
-53.805
-32.459
-58.297
47.739
67.322
88.134
14.900
-10.353
-37.217
-82.116
79.121
-61.405
-68.564
-64.711
-7.678
8.118
-70.485
-66.295
33.632
11.715
-14.46
22.159
-41.279
57.544
17.551
99.911
-67.81
35.299
-60.233
-51.396
61.510
45.84
82.225
35.934
-51.303
-97.302
62.121
12.308
57.569
-87.472
-83.133
-74.378
77.612
-59.399
37.802
-66.500
59.314
-86.27
60.636
71.775
-78.159
47.185
0.14
-30.573
-94.462
14.881
89.740
-85.826
-89.438
15.161
-64.391
-47.638
61.338
-39.68
16.115
-48.781
-80.370
79.707
-4.749
-18.416
8.180
56.528
42.541
43.480
17.448
-5.897
75.29
37.808
77.965
8.783
-49.743
-33.652
-7.694
-20.237
54.206
-2.712
-36.339
-41.828
-53.357
14.366
-91.367
0.400
-38.159
68.280
79.534
-38.388
46.625
35.966
33.119
-96.185
-95.228
89.428
87.18
-79.187
-61.766
2.556
6.454
-50.489
-73.823
-54.419
1.766
-15.607
-81.594
-7.126
-64.439
56.741
-88.448
45.250
72.975
-18.630
-1.283
-60.951
99.384
-57.391
-54.308
-17.316
-36.804
-61.101
24.173
-61.843
-18.944
46.704
81.255
-62.265
70.919
17.337
-57.73
98.287
88.411
-54.324
54.95
-38.841
72.522
-91.84
54.6
76.23
15.933
-57.831
-1.319
-21.726
33.680
-40.818
-4.443
75.234
-11.640
-14.617
59.184
77.441
-82.194
-50.616
42.901
-30.993
-10.949
-13.24
-4.835
-49.302
22.761
-76.638
61.572
18.622
52.816
67.546
-5.709
-33.122
48.278
4.479
80.102
-89.78
-91.592
-87.962
0.266
65.186
-24.891
-33.824
18.573
-90.129
-65.461
4.402
34.393
-83.333
-59.133
-51.750
89.475
37.608
-58.526
58.768
-89.285
-22.190
-85.824
-41.759
-62.970
50.921
72.511
-37.448
-27.558
41.416
37.557
46.379
5.665
-10.358
-48.420
-71.471
97.695
45.985
54.812
88.805
43.94
-36.140
-66.698
25.808
43.509
-83.932
-45.829
-70.675
43.781
75.321
-27.417
36.353
-25.671
31.196
-95.391
32.227
-91.272
46.743
-38.438
-42.565
-4.892
-60.329
-56.606
51.38
-58.333
22.617
-22.9
52.555
-9.946
-99.288
59.92
-87.452
-17.861
70.664
71.22
-12.796
32.918
77.923
64.132
-90.384
-34.943
70.282
87.699
-10.921
-72.793
19.57
-35.942
-9.719
42.483
-21.674
-88.208
0.330
-65.17
-42.227
84.999
-47.370
7.606
-37.67
-90.309
75.630
-97.670
-13.171
-12.288
11.530
35.266
52.166
78.673
95.762
34.652
5.827
2.376
11.890
-98.2
2.765
-86.100
69.504
74.683
38.930
-68.964
-60.270
-33.224
-77.36
-92.34
-47.589
-33.575
-37.344
7.970
-2.708
-59.977
20.789
8.422
-73.252
-80.744
42.244
21.929
-0.418
84.525
51.979
0.190
62.810
45.18
5.544
-1.276
84.570
-55.191
-54.944
-96.628
61.632
35.532
37.646
-29.244
-95.549
13.303
-27.187
-86.494
73.448
-31.97
-13.410
-27.745
82.783
48.312
-84.459
-16.772
24.699
-55.485
78.411
44.542
43.107
74.86
38.669
0.369
-6.205
-13.721
-76.897
-25.953
-21.783
-66.627
11.523
-15.397
-17.487
-53.87
-54.145
61.211
-93.587
-24.164
-40.86
20.504
41.515
-70.883
38.352
26.705
84.959
-98.573
86.966
-71.542
61.82
82.702
-34.944
10.266
-35.756
95.83
-47.319
-45.669
57.855
57.126
73.787
-75.621
-81.256
-54.918
63.653
23.300
-41.948
-71.445
-73.354
46.911
-8.984
-5.659
-57.792
-52.899
-66.214
-89.89
-46.231
-23.654
-69.579
70.325
98.786
-66.691
-55.800
52.353
67.671
-87.512
-7.959
-76.682
93.351
-13.173
97.924
-17.742
96.897
20.701
-43.720
-80.607
7.14
16.242
32.736
-27.201
99.550
-6.767
-8.216
-58.336
66.732
45.912
-36.671
39.240
-75.624
63.51
76.550
-65.908
44.168
24.779
5.445
6.190
-14.878
-88.117
-5.293
58.108
-65.736
-22.101
-98.297
-43.221
-24.278
37.484
14.150
63.938
4.796
-69.754
85.71
4.945
-35.496
82.939
-61.963
32.300
-98.566
-90.730
3.86
-10.556
76.893
79.649
-34.84
-39.367
-64.628
-20.312
59.962
-49.752
29.856
-5.918
87.694
-93.625
-45.812
92.903
79.119
28.739
-30.599
-50.200
0.481
-36.238
-81.577
-19.571
6.868
78.260
-21.391
-92.872
-28.354
-26.404
-28.104
39.892
-67.973
-42.944
-95.751
-59.181
-79.603
66.995
96.375
-26.1
55.682
-18.921
18.988
-96.283
45.78
14.889
96.268
-17.686
-62.235
61.161
-64.368
-23.986
-26.957
-3.153
25.851
97.917
3.613
64.682
21.644
-5.557
90.121
-58.496
-98.223
79.626
43.651
37.401
73.56
-29.221
-71.242
-1.847
91.37
2.847
0.198
-54.77
-14.121
-29.110
10.583
-8.512
-36.936
61.89
-44.780
-0.83
-4.335
-32.789
38.656
-47.785
-58.447
77.255
-65.892
-47.705
28.901
-46.601
16.6
-32.690
-78.928
96.427
25.885
-90.62
-19.179
84.478
-38.806
-76.905
98.621
-6.506
-4.284
-58.132
2.810
41.900
-39.619
-30.903
26.193
23.269
-74.919
-83.126
-82.30
61.641
-68.743
-60.136
-66.75
-4.805
21.383
-44.359
-72.685
-73.721
81.803
-72.917
-48.785
86.645
24.263
-81.820
-93.793
-50.637
29.961
-27.34
-51.715
57.640
-57.940
99.427
82.351
-40.685
-55.330
-6.481
-16.110
-12.137
-80.40
52.849
93.206
-19.558
-90.40
-29.432
87.187
39.746
-27.762
-29.626
-17.707
-20.511
-16.605
4.124
19.67
37.696
-41.535
-27.674
94.454
-71.483
37.852
95.924
-2.340
68.96
-92.915
-56.205
4.298
-92.525
-25.719
-73.990
48.179
-29.326
74.280
76.249
55.141
-52.350
46.306
27.198
-82.476
92.549
-36.397
-33.79
-54.753
-19.82
-29.189
-7.141
-89.339
-70.966
-27.49
4.393
22.129
20.814
95.20
-3.440
-60.169
-11.828
11.918
18.440
-76.567
-9.723
92.546
25.566
-36.813
53.569
4.81
44.492
26.504
99.774
38.150
-79.460
12.252
27.629
-57.966
59.71
1.676
64.672
-56.850
18.549
-20.88
-90.867
-35.279
26.807
35.616
9.727
53.228
26.344
95.553
-69.771
17.792
67.534
78.721
41.899
85.634
-48.795
-82.248
-44.426
78.822
63.291
-50.960
-24.627
66.105
91.998
23.584
-23.884
-98.266
5.110
56.88
61.404
-37.254
-57.430
-11.96
86.587
-60.62
20.785
-75.835
79.440
62.649
66.662
-66.251
25.208
64.419
9.957
56.17
87.937
54.512
-35.992
-78.506
-61.524
49.690
94.316
18.380
91.341
3.197
-77.236
89.990
-37.77
77.255
-66.669
17.370
71.964
-85.883
18.926
60.681
19.210
-15.300
-23.489
-76.866
86.432
21.201
95.424
-36.309
58.979
22.391
83.210
32.77
-72.800
90.428
15.115
9.88
-73.983
53.172
69.682
10.504
85.539
-18.24
3.596
-29.38
69.253
45.262
70.787
-23.793
-85.162
78.524
-14.209
-12.779
35.534
62.963
-18.284
41.929
-53.451
-0.274
19.411
-20.841
-30.955
28.19
1.54
-23.269
32.387
-98.229
26.882
-94.34
55.153
30.625
-82.956
95.36
87.537
-14.761
-57.745
-32.743
-88.369
96.116
-31.71
-25.454
-12.788
55.283
70.422
39.37
29.146
-6.978
17.518
-9.867
36.650
67.575
-24.539
-89.147
90.417
-81.108
-84.489
33.947
28.64
-93.74
-74.10
-79.377
-37.154
-36.943
69.486
25.967
70.203
61.588
-82.217
74.810
84.485
45.664
-80.153
59.389
-33.359
28.484
31.507
-75.220
67.955
23.581
53.965
-93.110
62.943
-38.2
-5.788
-10.68
-34.952
9.927
25.646
-6.469
50.822
-30.67
-27.582
25.520
-64.177
-63.687
-98.73
92.482
54.208
-24.466
-74.68
-42.851
-73.478
46.103
26.467
-94.282
-83.680
-23.872
43.79
62.255
98.981
-8.224
-86.797
-46.995
26.174
35.120
31.255
-52.531
56.226
67.988
-49.286
-48.647
-49.785
29.932
63.310
-65.746
-50.629
19.682
60.738
33.357
-60.7
-21.107
-6.508
92.337
74.401
-29.518
-57.620
41.739
-55.100
-96.485
-78.445
-46.19
13.725
65.770
50.444
-97.625
94.83
-20.776
-29.883
-79.280
39.658
6.656
-80.569
-15.534
-39.484
64.433
-59.479
75.900
-83.81
90.112
35.352
77.158
38.991
-24.6
33.597
37.461
-15.172
-28.0
-69.683
-42.25
98.160
13.237
83.275
75.352
49.237
-11.374
59.742
-87.422
-14.192
75.286
-48.336
-73.649
-56.233
83.360
-15.509
97.572
39.632
6.871
-73.485
75.612
-3.12
-91.685
-68.494
21.77
78.792
24.589
-97.281
-63.39
0.865
-33.440
4.143
60.134
17.3
59.376
61.607
-24.931
-59.780
79.544
69.996
-97.330
-90.886
95.298
-85.567
22.926
-35.439
-41.263
-41.675
21.306
41.675
78.325
4.867
-77.314
-84.351
-95.473
34.109
-80.402
9.295
-19.717
73.410
-76.889
-60.945
-79.722
-1.706
38.253
53.739
-8.771
-79.633
-76.752
80.378
59.506
-67.466
42.498
31.899
23.237
-89.790
-64.351
94.830
19.958
-13.338
-69.349
15.316
-5.810
-22.793
-45.617
-73.106
-93.723
-85.517
9.488
-38.353
45.522
-10.237
-42.443
-71.917
0.662
17.987
-25.281
84.666
25.775
-77.714
67.211
-58.422
66.164
-37.287
1.987
-34.557
-73.82
-36.619
-67.996
39.173
-11.192
58.51
43.769
70.806
-67.659
-25.593
-23.67
-2.155
-47.374
-72.565
10.729
-12.387
-36.130
-28.753
-8.172
-27.49
3.725
-13.127
-43.627
21.999
-24.661
-72.474
-71.562
-92.91
67.51
-5.78
-85.81
84.494
90.289
-23.462
-21.539
-0.711
66.735
-15.27
69.746
95.551
23.389
75.325
-7.516
66.391
24.164
44.916
-89.682
49.298
0.219
2.267
34.842
47.317
-59.877
60.443
-75.720
30.16
-48.805
53.355
37.107
67.410
0.396
23.444
71.103
-87.15
46.290
69.820
60.20
-33.625
57.662
52.581
62.582
66.757
-39.728
90.67
-84.813
-50.834
-32.694
19.779
-66.36
20.740
84.102
-96.20
5.460
16.650
95.34
12.36
-1.968
63.987
51.505
1.925
84.361
-2.858
76.915
31.931
52.626
-87.290
7.744
22.7
-68.410
-2.263
77.148
7.702
57.978
-67.409
79.62
25.101
59.8
-9.182
-50.402
-97.705
70.182
4.289
48.46
59.265
1.244
-22.721
-86.380
-93.541
-60.192
90.541
-31.811
24.67
67.167
88.26
-71.280
68.202
66.140
-73.134
-62.246
5.888
54.971
-37.995
61.662
32.303
-73.326
-6.147
12.513
99.786
28.500
-48.58
-62.164
-88.1
-33.562
-45.247
36.672
55.378
-81.142
95.642
47.770
45.70
32.85
-43.625
-49.758
69.355
93.92
95.599
44.80
58.27
-59.574
13.672
24.856
-52.451
80.100
23.522
-65.667
79.214
23.958
10.468
38.828
-89.241
62.117
-20.621
3.402
96.77
-96.543
89.822
-81.646
-5.156
-57.346
88.635
-38.149
-49.621
-60.324
75.72
12.221
16.510
-34.891
-14.796
10.254
35.542
-4.332
-91.834
-52.146
-14.721
-54.785
89.301
47.187
2.401
66.411
-76.398
73.955
72.846
-93.750
90.365
-59.471
2.613
54.612
98.114
-90.332
-36.260
-28.886
52.710
11.3
15.793
45.505
7.359
-23.513
-25.563
-33.305
-52.641
73.169
-98.222
-21.985
94.252
-85.97
99.305
78.528
-17.305
74.390
-12.194
15.468
3.166
-2.487
5.181
-53.318
58.369
-22.947
-51.16
-44.691
-43.655
35.170
48.826
-36.628
8.285
-33.590
-8.48
-87.370
-47.422
64.118
-71.61
73.948
-43.597
79.933
54.293
-11.227
-90.887
-38.226
-86.773
51.889
58.261
-21.434
-59.878
70.109
-62.264
40.227
8.317
-76.255
-67.694
80.945
64.403
61.77
-6.136
-1.758
-80.221
53.513
-5.873
-44.349
-62.17
-53.649
85.365
-79.578
-7.885
-17.938
-84.318
-68.24
26.929
-6.626
-41.988
70.141
-96.326
77.805
88.364
-34.881
-91.818
-69.86
12.264
28.670
-46.911
-80.33
68.981
-22.159
6.699
-75.33
34.625
63.46
-17.459
0.87
61.633
-58.466
0.234
16.8
42.14
81.841
-5.75
-95.91
23.208
67.60
-82.921
9.131
73.831
-18.699
-75.542
30.75
-19.180
85.27
50.702
21.469
32.352
-29.613
-91.638
-40.56
-98.83
22.714
-39.685
-32.623
68.573
-60.994
-64.679
41.908
-97.851
-88.392
27.890
-59.64
67.755
-6.688
73.656
41.869
31.385
25.127
32.576
29.565
-35.144
-24.855
27.774
-15.433
-27.506
-11.47
-42.231
4.56
26.841
-0.870
65.257
73.381
-44.308
23.724
-42.251
18.462
14.57
-48.713
9.340
99.492
-5.857
8.30
-66.427
50.802
-20.845
43.915
-18.881
24.130
-39.491
-42.542
20.848
-4.608
69.974
94.776
44.96
44.792
-59.262
-83.739
21.278
50.720
-24.993
3.297
16.718
-57.212
-52.208
-44.253
-51.512
39.396
10.969
-24.571
80.695
37.550
1.167
92.676
-11.880
26.624
-86.175
8.766
21.176
12.952
23.285
-80.374
-33.475
-57.619
93.230
-89.757
-39.695
53.955
15.276
46.288
48.63
98.243
-47.829
66.186
62.879
37.820
37.559
-63.664
56.179
-78.777
-4.678
15.576
-0.375
-12.594
44.556
7.493
-30.30
-97.46
18.954
68.932
57.636
10.703
-59.803
-88.116
52.612
-46.171
13.902
40.499
31.269
5.489
-57.447
-87.909
46.120
-84.909
64.813
-52.711
-33.425
97.865
-59.48
76.505
25.663
-14.550
-7.448
4.732
68.348
-45.500
-46.386
96.35
98.495
-69.423
-81.400
-41.414
62.522
3.526
-6.246
73.944
-52.790
56.38
-77.188
-98.509
-25.491
-14.284
6.446
-99.801
-24.259
49.633
-75.337
-39.94
-91.823
-37.574
-7.499
28.965
-64.524
22.975
-58.699
-93.100
71.328
-92.767
51.158
-50.348
11.55
63.735
-51.100
-85.374
21.733
68.478
48.849
17.693
-81.344
20.47
-33.310
-45.274
26.925
32.711
-64.784
96.52
-28.852
-40.169
19.802
-9.222
-47.355
-92.52
25.279
5.911
12.627
-52.423
22.103
42.643
-55.163
-16.524
25.724
-44.168
89.593
-11.451
45.763
-14.616
88.838
-13.632
8.339
-58.656
78.981
-5.977
-85.566
-96.377
18.474
-20.641
93.929
21.894
-93.3
-80.113
92.391
-79.248
35.386
37.434
37.953
-53.625
-37.170
12.691
-71.537
17.517
24.861
-11.941
-28.628
62.165
-74.355
13.960
-44.598
-5.162
12.933
-22.602
-97.178
15.290
81.970
86.432
-25.759
69.424
-90.68
-29.325
-11.89
31.363
-20.260
-22.875
-18.809
-42.447
83.224
28.445
-85.735
-92.264
61.75
15.706
-71.378
6.953
-35.371
-82.965
66.548
-8.828
75.413
-62.957
26.918
32.933
-50.957
-32.815
89.151
8.285
73.651
-63.360
-97.187
67.849
52.727
13.560
-33.62
-83.494
86.435
12.343
3.17
42.32
62.129
48.748
39.801
52.66
51.899
-7.734
-79.820
-53.584
65.287
-29.182
4.744
67.92
78.183
21.288
24.339
89.647
-0.26
-47.331
37.497
96.526
-39.130
-59.849
32.828
-6.201
-47.826
-39.115
-17.268
16.15
-52.404
75.452
80.191
81.102
27.935
57.841
74.240
83.679
-39.949
-73.165
39.969
-53.944
46.624
21.458
-45.185
-50.342
-56.569
-88.204
87.896
-55.669
-89.560
-28.66
70.64
-56.685
-96.482
71.284
-39.940
-0.628
41.816
-30.123
-37.212
66.840
-39.163
88.371
48.919
41.390
-80.681
-37.682
-2.423
-11.205
-41.195
32.361
-41.352
14.792
24.140
69.933
46.514
-15.803
-65.5
83.16
-72.857
-78.442
-24.483
85.750
-17.926
-20.495
-65.93
91.661
-52.826
35.110
-76.634
-64.964
13.588
-66.373
-12.42
-98.514
69.179
-55.423
-43.575
-37.762
-98.191
17.55
-30.421
-79.287
29.799
-6.449
79.171
97.126
-76.469
81.558
-1.57
-55.526
25.409
-84.188
17.669
44.76
37.607
10.4
6.632
29.613
15.466
-43.473
-79.599
-84.783
-29.752
-73.196
18.334
35.344
-77.3
-41.532
-64.399
95.795
-53.774
-20.111
27.92
56.517
60.187
-24.922
-43.200
-95.193
12.757
95.653
-52.758
-60.779
-52.958
48.614
-40.527
-19.303
-94.946
24.793
-86.105
0.701
-9.405
-45.466
-43.370
-86.518
45.458
-92.229
14.175
35.299
2.486
-27.486
56.448
92.793
-11.688
-89.226
-81.572
-52.616
-74.282
46.770
60.272
-32.899
-56.656
-86.300
34.964
52.253
-40.134
87.486
15.612
70.810
73.523
-14.207
-94.563
-69.702
-42.736
3.741
-42.881
54.320
-34.287
48.958
81.983
-90.498
98.692
-15.13
84.607
-17.162
3.905
-23.111
-33.397
-7.45
-39.178
99.68
13.319
43.234
-75.818
-96.35
57.490
-4.965
-72.298
-27.805
44.296
44.295
47.361
41.704
-1.380
-69.476
99.85
86.90
-84.162
-31.941
-75.737
98.533
94.180
56.722
-5.875
-23.544
-29.595
24.581
-85.317
-43.200
11.276
75.426
38.720
-11.829
40.986
-1.9
38.990
-12.715
-29.852
-59.995
-83.358
-43.885
-89.224
-16.87
-16.827
44.528
-17.18
-85.30
34.711
53.223
25.506
24.1
-50.891
49.59
-76.227
-42.272
-69.89
86.274
-71.760
55.866
39.791
82.515
62.818
-66.67
57.795
75.637
73.306
-89.145
-87.516
97.271
-82.463
73.97
-18.59
-53.277
48.134
-70.809
-16.534
-51.623
12.810
-33.160
21.542
-3.168
1.38
17.691
0.891
-31.161
-99.829
25.280
-49.492
-36.578
-99.51
25.54
0.456
34.73
97.326
-94.657
-0.408
-92.885
-7.234
37.323
26.422
10.700
-62.900
-4.787
38.284
-63.879
-1.731
-69.24
70.83
-15.720
38.799
12.509
-92.372
-29.776
-91.766
31.529
-28.931
33.800
-75.122
4.37
-4.475
31.839
9.184
-36.965
-2.608
5.439
86.467
99.452
-36.279
61.184
-6.840
-50.23
55.433
33.321
-39.476
11.181
65.667
50.667
-88.555
-48.416
45.674
22.424
-39.232
39.765
5.856
-78.567
-43.485
-74.835
-10.123
77.471
80.269
-71.991
38.182
38.322
12.727
-9.357
-40.300
38.375
-55.737
79.666
72.346
40.969
-32.560
-8.550
49.262
98.172
-14.812
16.202
-5.657
-65.788
49.661
54.301
51.485
82.445
35.594
-15.844
-4.58
46.426
-15.431
21.197
45.898
-67.453
59.556
-62.38
16.573
-33.888
73.44
78.343
-84.158
-0.580
-4.977
-21.345
43.356
-98.570
-50.187
-48.172
-90.345
42.223
-21.8
-32.60
39.464
-97.937
60.780
27.830
84.532
14.832
84.222
99.816
-8.338
-76.922
-28.61
6.711
32.323
15.751
68.87
60.202
-76.686
37.937
-74.298
-71.926
-28.755
1.761
-11.993
-53.160
25.128
-29.140
17.16
27.806
-6.732
-74.804
-13.784
17.138
32.449
-22.555
-64.580
93.762
28.931
-49.959
-60.365
-69.839
57.304
47.173
-3.805
-4.228
65.544
-55.137
38.617
89.318
46.179
-35.200
81.957
-11.557
31.112
-0.616
-25.581
-34.489
-5.127
-7.568
-21.914
-51.601
-73.434
-0.197
0.28
-57.81
95.558
-76.392
95.49
34.108
40.529
-77.733
15.206
-10.606
14.458
82.216
14.811
79.787
34.634
-19.969
21.109
40.587
-61.954
-69.464
74.730
7.512
-74.778
46.109
63.643
-28.915
-2.436
-58.528
-46.442
93.611
-47.585
-59.744
39.818
82.717
12.480
-29.860
67.263
-67.273
-53.271
46.465
2.812
-41.123
-95.614
76.96
18.60
3.142
56.309
-96.728
65.282
76.980
50.582
9.875
-17.371
91.199
-34.117
57.472
40.828
39.325
62.842
-5.119
-17.469
41.831
-40.300
-53.991
-14.677
-36.134
-99.926
-24.317
-78.580
-13.337
-81.55
-31.896
8.337
9.342
-8.657
25.693
-14.944
-83.369
30.47
71.612
79.45
-60.928
25.137
37.98
-45.306
77.231
-96.345
93.181
55.63
50.834
-82.965
69.925
4.602
77.592
-96.237
-72.566
-41.714
-6.607
-93.915
26.865
-24.147
68.816
-92.472
53.101
-12.397
29.369
30.62
-77.69
-56.814
51.640
-27.217
-21.885
92.277
-17.882
-83.446
-37.627
-10.658
-98.587
45.595
59.746
-38.226
64.999
10.343
76.860
96.495
14.133
-53.395
-54.645
25.842
61.901
-90.39
-36.755
-67.865
79.194
73.490
-13.856
33.309
-10.264
-27.141
-39.754
49.745
38.681
-25.801
-56.380
-99.6
-37.771
-61.304
-32.615
-48.994
-7.333
20.434
-24.172
83.898
8.306
-79.905
89.894
59.407
-38.839
-34.188
22.647
65.119
-5.643
27.679
1.387
-8.667
21.8
-6.619
-47.457
-3.491
-53.566
-88.731
-5.437
-99.716
-39.369
-37.778
-92.651
-94.409
-3.356
51.459
-40.64
76.152
-31.510
82.309
12.449
30.938
18.683
15.577
30.380
55.931
24.771
-6.899
24.731
27.613
50.578
43.308
65.878
39.593
75.776
19.883
-22.407
90.266
11.190
93.970
-33.320
26.315
10.381
-24.872
-68.847
-43.366
50.889
-81.831
-11.642
-24.536
2.821
59.300
-75.910
-70.686
11.854
27.498
-79.900
91.481
68.844
-88.720
78.723
-41.134
-19.909
-30.280
-61.191
44.770
94.550
84.993
-58.13
75.802
79.32
-57.673
35.744
75.274
2.488
-35.584
-18.578
-1.415
18.573
32.400
-18.80
27.489
-22.225
26.252
-11.906
-86.393
32.211
32.965
-73.135
-80.919
-88.37
-81.916
-48.338
11.565
-0.876
-30.814
-44.447
88.379
-48.605
85.137
70.777
40.559
47.859
31.422
-19.874
14.704
-55.848
-7.237
-76.637
80.622
4.944
-18.684
-0.331
-20.814
58.386
-71.952
51.907
78.166
37.342
-52.923
5.179
-83.149
24.101
24.22
46.532
-94.803
-47.707
-1.985
-43.74
-23.579
24.284
22.319
-5.243
-71.267
51.165
70.459
-89.559
-19.960
64.603
-4.126
-18.503
64.325
12.630
-9.101
32.905
87.75
97.564
-15.983
18.500
99.456
8.774
-52.691
16.3
22.164
-48.548
38.335
-40.32
1.347
-22.617
-99.269
-2.177
8.681
39.397
-53.272
21.220
-41.110
89.403
-52.304
-99.479
-50.530
-5.232
-87.792
-11.183
-87.389
-30.510
-70.803
96.992
7.697
66.548
46.399
95.704
-21.943
-80.455
37.594
66.524
67.794
-79.443
93.150
-16.968
-18.514
-50.409
66.182
-74.163
18.100
98.619
-41.586
-39.465
-29.11
-17.527
-5.846
40.848
83.415
-18.41
60.559
44.710
5.3
12.242
-10.771
10.640
27.45
-63.737
-8.421
35.391
-26.752
-21.448
-35.653
35.865
5.527
-86.438
-47.917
5.480
64.888
38.324
-54.302
-81.923
-70.510
10.297
-44.103
-1.641
-99.440
43.698
-76.262
-82.901
27.7
-77.140
-75.10
78.972
-47.916
96.669
34.169
38.164
27.392
-52.274
-5.553
-60.630
-90.657
-30.936
67.35
-60.483
-94.718
-68.8
41.835
-28.87
16.144
-15.604
-2.94
-51.476
72.344
-61.856
19.950
51.770
-94.663
34.891
95.59
-62.174
12.376
-67.379
-10.451
40.564
-2.36
-82.387
23.133
47.667
-62.615
-70.177
35.41
46.160
81.822
65.63
-4.365
-94.800
6.23
-81.222
-48.484
27.307
-80.294
13.540
74.873
39.638
-20.395
37.389
-41.95
-78.528
35.877
55.256
-57.488
0.301
-51.76
-77.967
-18.187
73.476
-31.517
13.147
16.683
-8.90
-7.547
0.447
-85.951
96.880
97.299
93.924
-78.555
-10.568
70.537
-60.945
-57.453
-91.705
-78.891
-93.939
-27.136
-48.581
97.959
63.69
-28.791
-77.651
16.609
-2.152
88.582
77.327
-47.354
67.554
64.51
64.66
84.394
-42.71
-45.187
53.642
14.882
-71.860
-66.159
50.78
-14.542
-90.458
-34.395
22.537
-14.534
-66.487
-71.453
9.324
27.743
98.845
76.859
-4.801
-3.388
96.762
-12.576
-68.143
18.966
-51.627
43.454
-99.505
33.981
9.285
-96.540
-78.436
-49.749
54.369
-98.588
-96.639
70.734
-39.385
1.318
-26.780
53.228
68.707
46.808
52.363
1.913
68.209
62.631
-63.570
-17.223
4.450
29.755
94.824
95.122
98.874
-70.927
82.247
-85.461
74.25
-49.794
-95.751
20.180
-74.974
87.569
9.67
45.189
-95.171
-7.708
-2.183
-67.684
8.531
99.152
98.478
-72.866
-69.827
-39.372
-89.120
85.279
-95.481
82.648
64.357
96.408
61.558
99.631
59.452
-39.191
8.480
48.918
49.965
33.648
54.464
58.812
14.225
48.325
-49.736
-28.527
-80.535
4.636
59.185
-95.719
-80.625
73.83
-27.597
40.645
-35.446
-35.475
74.455
97.212
-39.23
46.19
5.551
-28.976
15.704
28.996
-66.483
-45.618
51.944
-92.942
22.881
-37.79
-71.184
-82.364
76.79
-19.908
-7.526
-94.23
-4.574
74.419
-55.841
-12.730
-88.101
67.635
-23.711
-82.982
-90.741
-29.436
-38.892
-92.566
-88.374
-17.986
-25.127
17.994
-25.917
-65.952
64.742
90.123
92.361
-68.106
15.946
-55.764
-25.989
96.159
-54.636
-75.501
-78.366
22.108
-55.400
-32.520
-75.887
45.342
1.967
84.215
13.721
-60.196
11.974
-4.149
-72.156
-2.888
89.615
-75.360
25.461
17.45
-71.459
10.971
-51.183
61.539
80.812
0.714
92.55
-23.431
-97.956
39.325
-0.697
-30.707
9.210
63.924
69.604
-80.4
82.348
-48.172
-79.169
-19.660
8.860
57.491
-77.452
32.367
-26.737
33.69
-5.251
-33.252
-92.431
8.602
53.810
95.867
-44.96
-8.328
-96.807
-89.992
-86.597
-35.31
-5.723
-48.983
51.136
15.231
74.328
34.988
13.785
-29.674
-66.12
-2.147
43.604
-62.904
36.356
-72.523
75.898
75.284
-8.697
-95.578
27.644
56.498
68.41
-55.56
26.792
-86.116
81.191
52.819
-63.327
-12.874
-34.453
69.309
3.529
41.485
-36.863
87.801
-62.882
86.434
95.150
52.462
-40.396
71.317
53.20
29.814
-8.250
32.38
23.52
6.838
60.33
93.38
-1.78
62.501
84.807
36.36
-73.244
74.928
76.204
12.262
83.923
-56.216
-43.369
-79.131
-32.868
-5.404
97.578
-39.604
-71.932
55.444
-29.280
37.588
-35.832
-11.111
41.743
-77.100
-50.349
-71.388
-72.959
26.466
-94.396
-37.133
-96.69
25.632
38.973
-18.251
55.853
70.376
89.748
92.526
-92.972
-71.9
91.206
43.283
-58.373
-68.344
79.599
-91.70
91.711
-3.104
-34.748
60.571
72.163
-5.58
71.17
-10.485
52.916
47.307
70.399
-89.854
39.788
10.949
42.821
-80.827
-5.598
4.460
47.312
42.711
-6.681
-34.322
66.162
98.524
2.66
-20.346
-97.351
43.456
-27.355
-27.297
86.56
45.990
-10.909
-63.207
66.161
-94.934
-49.583
54.479
-19.106
48.85
88.371
13.68
8.678
-70.342
-3.360
55.906
-52.455
53.309
62.280
-27.328
41.868
-63.581
-23.141
45.711
-26.167
68.222
-97.574
57.928
48.442
97.121
83.262
40.977
-66.201
-23.898
73.276
-84.144
-52.141
-76.850
-60.750
-25.299
17.582
82.323
27.941
-66.116
-69.190
86.226
-78.778
96.6
42.867
82.992
-92.61
-17.943
71.923
-26.789
83.958
64.597
41.927
64.875
-38.17
-62.499
-37.444
47.113
32.484
-59.462
-2.945
-87.561
-98.454
-91.119
39.757
6.471
65.208
-86.608
-2.640
-93.599
-73.953
64.892
-52.642
71.334
65.973
-28.780
-91.97
-49.635
-69.689
76.182
46.256
-60.220
-88.25
70.596
-71.514
-81.442
62.233
3.35
-53.256
-95.732
-36.278
35.191
-75.679
57.549
-73.272
14.253
-88.315
59.370
-65.323
13.518
-92.907
-78.794
-85.369
-17.626
-98.251
92.218
81.306
56.317
65.534
-31.648
-29.192
-57.422
77.208
75.277
-23.227
94.572
71.753
-14.61
-28.827
66.658
26.287
93.344
-54.21
-37.997
99.172
12.818
43.541
-32.656
-38.236
-30.902
-71.580
3.473
-10.80
25.769
70.168
42.880
86.123
-35.907
-46.845
84.528
-80.899
-15.502
95.465
48.290
50.312
76.54
72.792
-62.928
-8.226
43.811
32.43
49.859
-92.954
67.54
-12.156
-25.784
18.108
-39.671
-68.831
94.826
-48.558
-1.608
-8.152
81.920
96.32
-75.9
9.379
88.619
-46.339
-79.33
75.581
15.234
65.142
-70.475
-80.171
99.599
53.460
16.900
2.847
72.878
68.454
-70.321
85.986
52.108
-91.741
14.40
46.493
57.562
-40.916
61.388
68.156
-55.779
-29.216
-93.268
-84.911
-99.825
-13.723
-88.632
-15.172
89.386
93.306
52.513
31.242
-49.987
-28.872
-47.123
7.637
-12.577
-31.844
14.285
38.778
-71.130
82.662
-10.63
57.443
-16.191
99.698
-58.162
-49.793
64.859
-18.750
77.973
-50.955
66.617
-21.875
-0.991
2.142
42.700
58.1
-19.866
-16.384
92.861
99.812
-19.830
-55.903
87.255
-9.657
-82.99
16.158
96.29
-87.997
-28.490
-42.341
63.212
2.520
-16.707
73.316
73.398
73.467
26.963
46.450
-1.30
70.324
3.287
-18.242
-36.710
-9.684
-92.657
74.682
14.408
-87.406
-57.60
18.230
23.786
41.204
-79.741
-76.2
42.294
-58.68
41.834
39.621
-39.779
-21.149
75.72
-68.466
56.145
-2.522
84.616
-23.826
-96.267
77.958
-65.349
65.470
-48.997
16.865
-89.21
7.175
-28.659
43.834
-30.382
-4.360
-0.877
-74.995
-2.943
-2.859
20.301
-83.8
69.336
74.931
54.214
4.18
-13.318
-22.245
54.947
-82.201
76.473
-96.556
-91.325
45.452
-86.706
62.762
97.875
62.450
-74.956
-29.38
-96.267
63.663
-43.754
-8.551
-56.890
-70.152
-2.401
-53.516
-1.842
96.972
96.820
17.335
47.879
-54.787
61.695
78.465
-57.467
64.21
-21.74
-86.871
38.19
60.289
-94.236
-85.890
-28.703
13.381
-50.390
-93.255
51.128
-52.615
-25.105
-70.865
-99.911
58.349
-57.377
50.943
9.493
39.486
-90.790
-15.542
64.68
32.538
-41.289
-86.200
-21.57
-11.259
-34.568
-47.507
68.449
69.765
-33.381
-54.613
-92.806
-42.492
-41.913
-18.476
-89.562
-6.561
-10.81
-55.250
43.35
99.189
-46.634
34.576
-74.718
23.436
-79.377
56.684
93.546
-31.753
-82.497
66.548
15.446
-70.832
-17.906
29.429
17.661
71.169
34.462
31.45
-31.979
14.645
38.712
49.282
84.551
89.80
82.49
52.20
7.907
-11.790
17.921
72.335
76.926
78.975
-60.411
1.952
24.34
59.386
12.45
80.557
45.674
-37.599
27.175
-82.553
-71.565
-11.119
84.995
-7.854
2.219
-56.199
-0.544
66.233
20.913
-51.647
58.70
-79.381
-53.718
8.777
54.931
-94.87
90.387
-13.106
-35.226
84.377
38.887
10.519
-48.872
34.332
26.287
85.781
47.371
53.437
-44.224
-49.261
52.451
74.361
81.110
6.396
-8.722
93.659
-17.406
-28.211
-98.307
93.608
18.761
-83.187
-66.268
-22.74
-58.734
-33.827
89.496
-68.776
-37.774
-30.420
-36.90
-41.673
-60.40
-41.62
18.72
-69.357
79.698
47.818
-78.155
17.637
64.525
-24.919
-71.179
38.121
-79.491
-6.661
-60.640
-62.540
40.218
45.687
18.203
-34.879
-75.902
-8.540
-3.571
22.377
50.489
-76.403
-72.896
-24.741
66.360
-33.546
-19.973
36.681
27.436
-9.310
52.12
87.888
-15.460
-61.237
-46.503
-87.136
-56.407
79.143
94.522
81.331
46.583
-52.623
-61.990
-67.551
66.49
-25.337
-82.645
64.876
79.570
30.652
43.850
-68.302
33.115
10.482
-77.848
-94.925
-52.259
16.823
-28.2
11.584
-25.527
-26.547
-51.180
-65.943
-83.720
2.366
-58.370
-63.787
92.167
95.978
-51.903
-8.230
68.933
-95.298
4.933
14.535
-2.145
-49.408
-19.552
-44.148
-54.199
43.259
79.927
-96.22
-8.379
-92.845
-43.699
64.848
24.820
99.264
57.470
19.613
-62.593
39.941
-66.250
-26.294
22.737
-16.301
70.125
-76.377
31.34
36.353
-1.268
46.7
13.573
-63.251
58.874
-53.642
97.964
-12.40
44.723
99.860
-67.413
80.959
34.224
-91.587
94.246
-82.899
-24.748
44.613
-40.109
71.708
8.727
-64.407
-28.394
16.585
56.979
-22.313
82.890
-58.834
75.874
15.398
19.758
84.222
-13.502
15.171
8.479
47.654
37.336
28.547
32.622
-98.637
-72.156
25.592
-86.906
89.673
81.833
52.280
-89.969
-15.650
76.934
15.284
0.56
95.34
-64.920
36.462
-31.243
6.948
82.537
99.604
-11.632
-97.847
72.999
3.494
-31.611
-64.499
23.331
-14.937
38.971
83.771
-78.234
59.632
-25.304
-0.760
8.591
-37.55
-80.530
-67.145
-53.883
77.66
5.696
-17.355
-77.33
-37.433
-91.293
-8.183
76.563
-76.382
64.236
-24.365
7.22
25.839
-26.17
32.906
-50.297
59.857
76.733
-23.609
15.774
-42.550
87.710
-28.135
-76.513
-10.446
76.748
36.308
-31.884
90.359
-31.174
-12.268
6.355
74.835
-33.63
62.73
96.2
-28.790
-68.622
42.412
78.895
39.307
-3.365
-25.91
34.676
-9.138
29.735
-98.115
-27.783
-92.178
-16.908
-18.747
36.303
13.228
25.715
53.276
-6.5
-61.356
6.635
-26.80
57.48
84.67
69.403
-20.469
-13.746
83.299
-44.257
-39.918
2.777
-48.455
-24.12
-60.48
43.518
30.490
-97.55
-79.539
-89.135
4.874
-28.928
87.728
-26.804
13.64
20.608
30.738
9.35
-86.566
63.255
-50.811
7.239
41.526
-82.104
35.318
37.938
-61.720
-75.781
45.867
5.983
-1.33
-23.640
-25.933
-56.15
92.250
92.40
0.901
98.29
31.774
82.731
-40.332
-9.507
18.185
6.741
98.333
60.25
12.425
-36.975
-89.6
61.140
17.632
-57.942
-90.12
55.370
36.120
-19.932
42.96
70.332
-76.421
-7.583
-22.152
70.809
-77.899
-69.355
54.543
73.362
-18.556
92.26
89.802
-45.362
94.84
75.6
2.283
-41.804
51.311
-34.784
-49.954
12.246
56.636
74.833
-78.627
83.354
49.956
-14.798
39.601
54.135
-32.36
17.49
29.505
44.531
72.710
37.545
-9.494
16.160
79.899
2.254
13.938
-26.507
-90.637
90.833
-24.457
-37.947
4.308
80.824
54.355
30.157
-41.422
-40.49
-89.691
-95.282
32.358
-32.547
-28.203
19.284
74.290
-76.120
-37.613
-35.806
-93.395
40.590
20.922
10.806
-46.787
-91.358
-11.32
39.60
25.697
-33.585
94.230
-94.271
29.243
-73.605
65.952
60.295
-91.458
12.798
6.175
14.308
-27.302
-88.848
-38.229
15.803
47.468
69.428
-98.671
-10.135
-31.942
54.408
9.987
-47.75
-8.966
-13.581
-75.80
-89.602
-50.800
69.410
-39.494
83.748
-40.109
-98.809
5.117
94.982
85.657
-45.798
-84.348
47.470
45.609
-85.644
-85.884
-72.983
-87.140
-20.234
-35.420
-34.517
-35.601
36.400
99.345
-9.82
66.667
-33.792
61.179
59.500
-87.687
24.173
-60.208
-97.296
51.847
-19.356
31.923
27.8
59.422
83.281
93.568
24.644
-71.957
-72.854
74.157
73.476
-54.807
55.387
48.198
73.381
-49.874
-65.450
-53.922
-50.946
46.220
38.793
-87.748
-10.103
42.4
96.629
31.478
86.943
38.197
-94.799
9.45
81.784
-29.723
-37.433
32.276
-73.672
-99.256
52.242
3.980
-80.427
51.788
-95.869
85.498
-22.836
15.268
-12.994
90.393
-47.45
47.400
-48.380
48.284
45.331
31.316
87.339
-29.854
-99.219
94.709
-44.156
37.855
-15.3
-19.103
64.201
-25.432
37.519
85.601
54.952
-16.246
24.91
-30.80
88.195
-26.567
53.631
59.256
-81.646
-95.931
15.437
6.806
6.430
15.412
80.152
0.31
-23.684
-48.443
-56.976
36.623
-17.590
-3.96
35.555
58.770
-13.302
64.802
82.78
-31.978
41.934
-96.171
83.640
60.943
-42.678
7.288
-37.502
-19.866
80.949
77.732
-17.473
-85.170
-77.105
-8.717
-87.812
73.819
29.208
40.427
54.859
97.836
19.505
-75.843
6.120
-25.280
-92.67
-86.92
20.774
-56.414
-58.520
-10.818
-46.637
7.264
-39.870
-28.95
-86.588
-5.26
-47.698
-45.754
23.764
61.326
-87.524
-70.832
49.123
96.503
-75.689
-22.846
-14.793
-31.91
11.166
-64.527
34.66
-42.289
13.390
-7.786
-96.813
25.188
-84.354
89.85
-0.797
27.713
81.947
-60.489
22.955
8.862
-48.10
30.987
59.171
-33.260
98.712
29.939
40.973
22.633
92.807
-53.915
51.516
15.298
67.757
73.390
17.640
-9.970
-15.962
68.684
-10.129
60.982
23.85
-97.901
57.320
41.346
-36.63
-92.324
-91.139
63.159
68.522
-80.182
60.57
-8.454
55.64
59.57
5.693
-44.37
-53.380
77.343
89.911
78.244
-1.256
9.465
71.520
-5.531
-85.536
-80.233
-51.886
-62.515
33.804
-77.882
4.435
-40.845
82.68
-41.425
-56.262
-17.642
-16.945
47.608
21.493
-59.770
41.326
-80.218
83.901
11.142
-17.350
12.868
92.436
59.435
-41.856
79.316
52.57
9.337
-14.973
88.484
-86.753
-47.318
-1.410
1.269
-61.762
-14.694
-38.946
-40.307
60.622
-34.310
49.148
-67.47
-5.649
-79.602
-40.516
10.530
-95.120
90.612
75.225
-84.859
-78.360
-77.728
94.885
21.565
-22.257
-34.467
-91.215
-95.557
59.832
-96.69
-44.399
-40.576
-35.270
32.243
31.766
46.952
95.495
-65.343
48.802
-7.198
-26.194
-57.586
68.422
-12.54
74.437
-97.735
87.830
-93.196
-8.444
55.503
24.881
91.938
-35.106
0.271
-61.997
40.894
-71.781
-50.226
-71.434
47.942
-21.818
-41.109
-0.744
-81.697
-20.210
-44.51
55.874
97.176
82.948
-16.47
53.968
-71.961
-28.614
96.347
34.568
22.712
-3.220
18.217
-60.251
-88.767
-10.620
-98.44
47.624
93.820
36.607
-42.981
98.836
81.955
93.267
4.207
11.717
-89.967
29.66
-83.760
-37.448
58.990
-92.141
98.774
73.67
48.672
-42.635
-60.924
71.854
-6.389
65.878
80.537
79.781
63.832
-6.905
-16.253
85.347
-71.808
76.31
-48.937
79.754
-11.34
-34.166
97.929
87.336
-97.4
78.790
47.761
92.238
-91.286
83.17
-54.529
-62.163
4.412
29.52
-8.149
45.727
-29.126
-73.270
-48.13
12.97
82.751
87.866
-58.222
11.651
51.412
44.757
31.738
-28.163
66.63
91.375
85.557
60.997
98.155
48.666
-3.218
-6.814
-89.246
99.626
-31.192
76.935
-19.872
-65.532
77.430
11.331
-48.286
-98.92
4.534
1.385
-60.916
83.844
-32.563
91.880
47.957
-59.720
-89.469
-37.319
-3.323
64.924
-2.637
-85.820
4.552
-95.744
-18.743
-24.2
-13.243
-40.332
-60.436
13.800
-4.754
-62.140
-65.244
84.291
-31.109
39.186
68.851
-18.392
87.252
-80.317
49.621
-7.784
-33.1
63.485
42.116
-12.908
36.228
-56.547
-9.534
97.866
-38.467
85.974
-72.559
-7.775
81.717
16.481
90.69
15.726
-84.135
5.84
43.22
55.407
-3.731
-53.238
88.571
91.488
3.230
95.945
34.729
-59.186
3.929
-15.637
-53.92
-2.297
-79.385
72.529
-99.284
95.879
-17.213
-78.524
71.328
39.443
15.548
-26.202
-23.181
96.906
57.505
48.752
-36.21
5.799
60.170
97.510
-70.577
-88.103
-4.678
57.875
-87.884
53.233
-98.569
-8.975
-94.635
57.184
14.555
72.895
-32.799
-73.708
21.447
-77.300
86.850
15.310
-44.205
-47.214
60.780
-2.452
99.136
26.310
29.583
68.460
40.46
-33.362
-54.558
62.805
-2.317
-2.319
45.970
91.596
94.777
-97.397
-0.337
5.223
-73.29
-46.391
85.845
5.947
81.944
41.636
-64.82
-69.379
-87.531
4.389
-34.262
-23.61
-68.998
-31.855
12.436
-16.878
-16.842
-93.263
-20.603
85.907
24.593
-45.516
-4.185
-61.268
18.732
-19.548
-56.16
75.562
-26.582
9.119
-32.396
18.441
17.997
-15.911
-68.129
-9.948
-29.356
-42.83
-71.510
3.871
94.555
-27.474
80.743
-18.658
-76.778
14.540
5.469
-13.463
-82.435
86.690
58.785
-77.664
90.844
-48.862
17.338
67.4
17.762
75.275
-64.457
16.244
90.754
-20.383
76.573
-76.673
86.242
26.409
-59.178
60.905
-77.322
29.938
24.680
3.753
47.981
-86.757
-88.795
79.874
27.533
89.593
-74.871
69.152
59.128
56.232
-88.831
-93.417
-72.205
94.237
-77.516
42.806
-61.732
-54.753
85.465
49.621
-17.309
-67.102
-75.27
30.973
59.702
-21.744
-28.6
-7.512
42.498
-53.699
1.868
79.636
75.463
81.145
-23.204
-34.877
51.405
53.364
56.906
76.512
17.413
19.144
75.420
59.853
-67.328
-26.363
81.114
-94.667
19.775
43.551
69.320
-64.39
95.867
-41.126
-32.493
-27.671
51.404
-81.698
-75.418
27.413
-44.382
-73.899
-47.894
-45.536
44.320
24.748
66.399
-23.32
-52.307
8.187
-15.831
43.4
63.204
-49.849
-14.146
-24.70
-57.336
-95.412
32.316
-86.824
-6.839
-12.35
-65.98
64.599
0.665
-8.789
-16.699
-75.94
67.26
-67.265
5.223
-75.635
1.400
83.764
14.616
-44.276
-95.844
-35.720
87.287
7.206
-51.312
39.787
-9.340
-30.823
2.789
39.33
66.681
-44.716
-69.256
-20.263
88.267
-31.106
-9.167
-39.197
33.851
48.91
-40.409
-28.154
36.475
83.47
-89.135
-7.666
16.627
-65.66
-37.451
99.400
46.540
74.420
-70.56
23.439
91.481
-26.140
-67.557
27.774
-37.912
99.111
3.757
17.883
85.853
-80.628
22.119
51.945
98.564
72.144
-12.881
4.332
95.236
79.705
-34.191
46.223
-49.498
-33.149
-57.548
43.320
-3.885
-75.989
58.384
50.315
-77.202
-57.748
66.97
47.730
73.139
15.234
2.437
-22.12
-74.422
-67.424
13.901
2.59
66.877
-29.476
-41.801
53.417
-37.171
7.593
-17.719
12.138
75.851
-39.105
-52.772
-61.701
53.394
84.47
49.36
4.895
-72.613
62.277
-76.852
92.892
-71.144
28.57
-61.10
-47.494
-51.96
-77.252
97.624
-40.338
69.115
-2.559
-93.731
7.211
23.772
84.919
-93.422
-38.100
-30.897
-36.589
19.258
-6.813
34.358
9.665
42.140
-86.825
-24.118
62.56
0.238
15.574
69.693
89.800
-69.786
32.147
6.590
4.476
-74.652
66.214
58.766
99.582
-81.703
21.892
-27.414
90.646
71.153
45.57
91.631
8.297
-32.507
-95.158
-33.839
68.161
-3.288
76.930
-48.754
63.899
53.542
-48.802
56.87
31.282
92.667
4.935
13.590
35.418
-4.567
-26.330
58.535
-25.483
-89.740
-61.423
-44.116
-66.872
49.585
-24.373
-29.177
41.504
3.114
-60.639
20.728
-18.242
-99.986
-48.504
-84.605
-10.929
-55.110
-19.903
65.207
-95.619
60.591
65.210
45.109
42.957
63.393
69.304
1.811
10.483
-75.648
-54.195
-76.255
-26.272
-71.318
-53.860
-40.123
31.44
-52.645
-87.807
73.682
19.88
-36.664
92.843
-11.514
-39.719
-76.259
7.91
-94.495
-93.582
26.607
-8.426
-38.362
71.7
-80.218
8.809
95.385
10.45
69.739
-77.984
41.263
92.223
-79.61
34.384
81.465
45.973
29.120
-21.30
7.451
-37.381
0.274
-23.166
-73.497
37.932
-8.665
1.210
-3.992
-90.213
-27.20
3.909
15.462
-43.285
-42.510
-54.147
-99.555
13.656
-48.259
-56.102
46.581
-87.84
-62.651
-63.194
-30.288
-95.643
-92.994
58.808
35.408
3.564
-37.10
-95.550
10.564
-92.327
59.357
88.153
-65.997
50.556
-91.743
-95.198
2.487
-41.982
-17.945
44.837
-17.648
-79.888
36.354
88.304
-99.747
67.294
-52.48
-99.590
-96.59
-57.403
45.520
42.52
45.288
-45.928
53.428
4.195
-5.499
-94.350
-66.946
-82.203
88.800
41.743
-35.240
-35.585
39.390
42.46
-92.751
38.346
26.164
-73.446
23.734
97.28
-24.215
-39.3
34.342
58.37
-29.29
51.719
72.345
-92.318
15.41
90.738
9.462
-67.853
-11.840
96.850
28.79
63.730
44.155
-41.299
-84.366
66.156
-76.765
54.433
-34.96
-57.792
21.272
-14.935
78.831
-87.124
-14.909
34.975
45.352
-70.958
0.92
-71.450
91.123
-43.790
25.168
-66.308
-54.174
60.161
-22.358
50.228
11.328
20.851
74.943
-0.386
-13.263
-10.729
-80.435
62.395
20.469
82.720
54.283
67.256
81.430
-19.430
-99.895
-0.306
-8.138
43.300
87.473
41.7
75.862
-38.129
4.962
-13.782
-8.433
18.733
-57.342
-31.137
4.577
-94.18
9.746
-7.736
-13.840
49.705
67.365
-32.83
52.292
-13.723
75.827
-62.73
57.182
-65.141
3.206
-3.807
37.374
-56.507
57.511
-4.876
-89.552
-50.714
82.723
-60.89
26.292
-84.647
47.936
75.592
38.702
93.958
-23.147
32.550
-67.832
84.445
94.771
63.708
88.255
-91.483
1.121
-74.167
23.990
77.475
45.342
-88.126
69.672
-45.836
-69.776
28.867
-32.968
-90.942
-7.665
-71.394
37.139
35.328
31.49
50.946
77.315
-11.796
29.980
68.571
-74.230
22.401
-94.690
-59.577
-51.508
-67.310
19.339
-95.203
-90.32
-53.300
10.174
32.996
1.242
10.254
98.157
36.624
20.843
71.590
-19.380
99.885
2.695
-35.179
-21.381
45.143
98.441
12.29
-37.149
53.173
72.192
23.243
-74.897
3.32
80.105
-0.102
74.600
-57.165
64.402
-14.707
-6.579
78.402
-87.828
-91.383
-27.63
43.464
-7.190
-12.400
46.364
-82.631
91.437
-44.868
-92.455
-89.599
18.126
-52.121
40.728
29.740
34.539
42.921
8.765
54.261
5.6
-85.895
-99.314
77.366
-71.507
-8.688
-92.722
-45.364
29.25
-3.931
-44.836
93.273
41.273
-67.602
15.374
91.834
59.678
67.624
-48.653
46.908
-5.553
71.98
-32.792
7.111
-0.826
-53.17
-93.129
8.348
-88.948
92.694
80.551
-4.822
-1.754
72.13
97.966
-48.471
-85.216
-48.925
-36.313
-81.757
34.837
-41.741
-50.95
51.819
-15.516
-6.616
-15.601
-56.501
94.237
-31.870
15.605
2.698
-59.248
75.751
-57.966
-52.73
-23.440
-58.196
70.42
-95.926
29.893
-1.495
-19.906
-79.234
-11.491
10.995
-26.218
-94.728
-16.98
28.993
58.523
-97.876
82.147
19.79
-55.490
-9.600
89.378
8.425
28.241
91.769
83.879
-69.528
-1.710
-92.729
69.336
-37.498
-1.287
-87.847
49.728
-10.619
-17.502
-98.623
-56.125
-14.969
-50.39
-77.176
-56.729
-13.916
48.818
24.180
21.997
-50.848
-56.904
-76.370
-77.621
-15.498
-51.306
-26.71
1.219
3.695
77.269
53.819
-4.227
-33.203
-31.181
-68.496
-33.0
-80.978
-44.631
25.687
-39.764
-51.69
-62.225
78.358
-17.789
76.909
-86.895
53.475
-92.919
3.397
61.88
-36.639
-82.602
8.232
38.549
48.878
7.364
-18.17
60.910
-33.965
-45.526
21.214
-66.848
-88.657
21.195
44.643
28.203
-59.873
65.985
-91.170
18.115
-82.936
37.54
46.343
-39.216
-82.760
-55.940
92.299
47.17
-15.308
-49.979
8.413
82.250
56.148
-35.339
-61.374
-82.129
-59.322
9.321
-96.36
-2.137
-76.446
86.880
2.936
62.623
38.136
-26.118
-7.829
40.790
89.987
99.941
-88.417
90.55
-46.910
50.972
-94.162
63.240
62.500
83.240
77.181
8.633
28.221
94.64
-40.410
-22.113
79.159
-72.922
-35.885
-28.720
-12.750
34.10
98.638
-32.432
21.272
-72.446
-47.225
-32.449
9.884
-87.713
56.77
7.963
43.962
1.194
74.67
-62.491
11.438
-71.422
-54.683
73.722
-65.779
-7.738
59.882
1.135
-23.561
-69.924
13.687
82.659
52.465
-7.638
26.956
75.815
87.875
61.476
81.52
20.873
-50.739
-70.873
-64.726
41.885
93.711
24.338
-98.25
1.86
92.419
96.739
-24.889
-39.659
66.175
-9.417
43.810
-33.487
-39.185
71.138
32.482
-97.778
36.654
65.94
68.812
-97.273
-63.117
-41.650
-9.689
2.461
34.145
-86.443
-77.931
9.996
-53.217
21.614
9.130
8.123
46.932
21.286
-35.273
35.311
-13.140
46.649
-25.555
-68.976
85.737
18.946
-2.792
-28.166
-66.853
50.688
29.801
39.848
-98.625
25.594
-67.731
-91.449
38.104
-69.32
39.398
-81.349
-87.678
-80.670
-27.968
29.845
-7.213
75.256
88.395
46.264
-70.503
-47.737
-12.924
-31.556
97.284
-41.13
-31.73
-4.848
-75.988
1.935
-12.205
21.653
79.317
-19.648
30.198
-60.591
36.775
-77.479
-75.506
-19.960
80.872
-45.993
98.24
76.995
10.225
80.738
15.674
24.304
32.531
-29.102
13.283
51.280
-45.478
57.506
-70.568
-32.300
86.68
-67.592
80.776
-51.258
-82.971
85.474
33.420
57.829
24.351
69.184
4.622
14.442
79.474
76.225
27.359
61.396
-27.329
71.238
74.414
46.436
-18.40
10.254
-46.734
58.362
-81.241
-75.302
43.881
84.752
6.127
-79.925
41.95
73.705
51.51
-3.261
-32.242
68.317
-52.313
-17.649
-20.155
-37.886
43.27
-37.552
-37.255
-76.258
76.490
18.310
13.114
-90.583
-71.603
79.293
64.88
44.677
-81.666
69.142
70.819
-66.937
-32.150
10.692
-38.963
24.794
-97.110
-50.654
7.187
19.56
42.579
8.997
36.629
30.140
-8.530
-42.954
-68.652
-87.2
30.909
40.980
-93.475
-16.235
-77.571
-40.653
-95.362
-14.4
32.224
-8.111
-90.342
12.934
91.327
-0.44
7.373
-44.113
-72.308
79.275
-92.807
57.15
-76.257
-56.722
68.465
56.65
-78.873
24.869
-75.841
36.672
5.964
-98.73
55.1
54.9
-40.78
53.386
-62.464
44.940
39.115
-94.703
-25.60
-14.59
-71.866
85.473
73.813
26.566
-96.128
40.224
4.263
62.609
-93.186
-88.153
-8.524
30.909
-14.734
-75.112
-23.108
-39.300
43.557
-15.719
-43.812
31.152
-78.461
43.443
30.757
-81.833
99.408
-96.947
70.742
-6.910
52.153
89.236
-26.514
40.557
14.839
23.173
-43.124
24.172
6.542
-44.849
-6.53
81.342
-8.221
48.213
31.227
24.702
-50.46
84.422
17.428
-45.325
-82.831
25.112
3.672
-48.972
2.456
-95.880
14.431
-4.867
19.137
77.334
-35.16
95.393
2.997
-77.397
18.799
-38.746
60.60
81.217
72.36
-95.765
44.901
24.848
-20.950
89.780
31.550
28.488
-10.0
-23.781
-4.605
-25.253
29.697
1.473
18.693
33.383
96.866
-59.246
-68.757
-37.180
24.736
-99.562
-91.991
-85.744
79.214
-75.47
-52.344
-78.903
45.823
12.460
12.384
70.335
81.727
-89.164
-22.495
-49.670
58.822
-86.501
12.546
-43.310
-6.574
6.945
-68.378
-25.868
74.590
-90.239
-5.550
16.388
30.0
19.495
68.701
-54.60
-24.780
24.206
37.432
96.674
-26.331
-79.747
-84.529
-36.500
49.769
-89.423
-74.799
38.624
-21.413
47.661
-13.688
-32.19
-40.803
-47.291
-54.793
-62.882
30.209
82.447
-89.168
32.316
-97.481
-46.213
-43.605
21.305
-99.159
-47.221
70.903
44.985
95.26
58.458
-35.308
52.906
-88.1
80.474
-67.474
-47.473
-9.895
85.891
-55.86
-46.597
-5.732
-97.237
55.777
-18.509
86.76
13.623
-61.385
-64.570
-4.625
71.424
49.281
-34.679
78.886
24.804
44.90
-90.903
61.816
-27.380
-84.636
80.908
73.357
51.643
65.322
-9.98
63.94
41.136
-94.697
-33.24
-41.360
27.441
37.566
29.117
3.35
-12.744
-76.107
31.200
-40.647
66.480
-75.973
69.753
71.890
-82.371
-89.875
17.639
-44.467
-64.450
73.843
-26.461
-8.36
-98.206
-33.229
82.464
1.553
-55.170
6.414
-64.731
-26.904
36.982
25.990
92.640
-60.373
-23.108
5.609
-66.265
-66.171
85.787
-55.665
16.101
90.927
-1.171
-69.532
67.307
29.812
-44.330
-34.148
-38.733
-25.241
16.457
-41.900
57.253
-66.74
0.242
-90.571
41.968
10.602
1.240
-80.965
-76.33
-21.74
-46.784
94.450
-74.150
13.992
64.585
49.195
30.697
-48.229
56.105
25.426
94.824
68.470
-16.896
-59.409
73.525
-55.574
91.56
67.705
60.113
-86.738
86.184
-23.352
9.20
-50.431
-30.804
-48.811
14.54
-76.421
68.933
-64.271
-39.510
91.433
-13.194
-79.944
59.27
-65.27
-97.141
85.770
31.438
89.954
38.746
70.637
-59.450
68.81
-8.293
53.258
62.255
-77.692
-13.923
-83.765
77.603
-80.325
-17.284
-0.852
27.813
34.618
68.432
43.309
41.23
-76.506
18.735
-58.516
35.985
14.337
-27.164
-32.550
-96.818
-18.814
-81.955
20.383
23.54
-82.712
-18.348
90.114
-15.741
-5.226
-62.122
-3.740
53.774
-27.146
11.621
-78.155
-66.73
-38.364
48.231
-26.137
2.51
-49.406
-62.159
30.38
82.549
39.780
-57.246
-27.636
64.936
42.662
46.365
24.566
-94.81
39.511
81.945
45.85
65.994
10.374
-71.338
-15.980
-97.526
81.802
72.196
22.835
-14.217
56.314
-30.579
2.141
-11.364
-8.832
-67.329
92.962
-87.434
63.608
50.523
-83.431
53.762
-18.816
-56.879
85.887
-41.207
-28.851
-64.738
49.301
22.403
-11.287
-15.92
3.462
32.771
77.356
55.549
-61.877
-82.494
-38.595
-2.17
41.329
11.196
-44.199
-45.183
-77.161
-97.316
-24.977
-54.812
22.550
-91.504
16.845
79.356
35.152
6.49
-95.927
-45.376
92.901
68.407
91.930
-57.121
92.89
-57.769
18.604
-30.410
-26.958
35.603
-8.247
63.767
29.658
46.867
-18.60
-36.917
10.987
36.469
12.196
67.31
-99.292
-83.307
75.536
97.234
93.553
30.689
36.351
-46.987
-71.352
-54.371
-44.70
81.406
-86.81
-1.379
83.124
-78.54
-89.290
-40.788
-8.960
76.466
75.911
19.892
69.530
56.131
30.915
-56.293
24.534
94.274
-52.334
-62.910
96.738
0.757
-62.978
-57.587
32.817
-30.925
35.601
-81.196
16.48
-63.863
29.659
-5.211
-74.925
-26.882
-9.814
59.197
54.84
83.117
-87.86
-78.949
31.230
70.136
-70.262
96.788
62.197
96.108
-56.462
70.146
79.785
-89.715
-62.846
94.268
-41.738
61.235
68.49
89.997
-7.6
13.676
-84.907
-94.397
5.359
46.806
-76.947
-16.61
96.29
-26.18
17.577
70.790
-69.126
-57.672
-9.377
-60.176
31.852
88.668
33.116
78.395
73.612
74.582
55.803
92.60
29.422
26.734
-81.265
84.105
47.138
-92.469
-6.94
-98.21
31.276
-91.120
-76.950
38.476
-28.858
70.394
-32.793
62.85
-88.344
77.794
-1.225
79.469
70.845
83.435
30.63
94.285
-64.417
-24.279
-5.267
80.697
-77.150
50.429
95.300
-39.183
63.166
-97.160
73.976
94.400
53.957
56.38
53.367
28.869
71.664
60.55
-35.518
-26.615
-1.740
46.687
-70.540
-61.349
54.554
44.382
68.654
-92.566
52.553
29.31
19.285
34.731
53.1
29.714
96.568
-29.713
-84.281
51.926
25.830
-18.159
31.779
-84.665
-24.570
-56.451
38.347
74.329
-44.265
69.116
-63.993
-63.712
-95.943
11.427
-11.203
-59.459
-74.897
-58.423
-6.68
88.189
96.704
-86.168
-88.963
20.726
18.837
-37.649
-56.875
-27.733
-26.992
-43.932
-75.481
-1.467
91.107
-76.828
-88.646
55.483
-82.792
58.919
-9.897
-29.992
89.968
54.169
39.13
-87.89
-14.530
30.185
-95.219
35.529
61.539
31.668
-34.809
65.964
68.3
-27.243
-65.57
50.339
-70.34
-82.721
-65.135
-97.618
-74.752
-67.18
34.586
-13.565
82.431
-85.533
74.3
82.337
-23.454
-4.603
52.778
-62.945
-36.331
66.245
38.479
20.565
-40.39
47.473
75.396
90.700
-75.405
-61.967
-17.56
-12.674
24.712
67.932
-95.25
-78.672
50.299
-76.41
-53.516
13.478
18.647
-54.259
36.583
-49.402
27.249
-92.479
34.429
20.905
59.511
3.376
67.94
-38.348
32.736
-42.737
-84.564
4.608
95.342
38.163
21.474
25.978
7.697
37.335
78.919
54.161
85.346
-18.202
-30.697
23.187
-26.361
-40.86
-30.194
-66.331
3.461
28.815
-90.853
17.471
-5.501
35.76
80.103
-51.795
1.178
-99.696
-33.699
-39.979
-6.570
-19.739
-86.96
2.631
6.563
-71.15
23.668
-68.867
-97.653
-86.592
-43.198
-53.169
34.707
-16.509
-79.468
44.239
-5.262
-96.83
-84.32
23.570
41.866
82.419
62.54
38.622
98.201
22.246
12.903
71.352
-49.288
80.411
-3.404
28.486
22.748
-23.287
85.85
16.707
86.872
-22.543
-42.644
-45.124
71.279
-15.307
79.729
96.252
88.89
-82.5
-25.943
-72.166
71.108
-10.505
12.929
71.596
64.575
-57.624
38.12
56.646
33.772
83.644
27.968
16.30
-80.595
-72.66
-22.282
54.639
89.129
-14.837
-45.823
-71.958
-11.137
63.5
-20.686
11.458
-46.332
8.38
95.180
94.494
91.691
-13.362
-79.25
-13.788
81.861
93.172
-22.670
86.578
41.225
25.271
-51.715
0.328
-59.459
56.724
10.505
50.398
-0.173
-34.759
-7.852
12.877
-12.729
55.581
60.41
43.949
15.959
51.461
8.561
-38.295
-47.55
-82.667
-40.979
-13.34
-14.547
26.190
62.457
3.209
95.969
60.407
36.455
-16.689
74.29
60.542
-80.908
-41.586
-3.300
-24.203
-6.751
1.411
-92.0
-89.16
-2.690
-47.103
78.835
-56.929
-76.332
-6.709
45.815
57.269
-77.13
-55.102
-71.557
-67.4
58.182
8.990
-97.266
33.173
77.270
72.528
-31.57
41.312
-68.335
90.803
-66.313
26.773
67.770
93.956
-75.533
-77.958
48.289
32.230
-71.151
66.93
-18.159
51.538
27.157
-17.350
84.178
-69.455
-83.156
-5.940
-92.911
63.330
-40.848
-31.999
-47.126
33.495
-28.279
-56.101
46.136
73.441
34.386
99.601
56.241
25.972
32.919
49.205
68.433
-13.841
17.387
-30.712
31.398
-95.597
-90.106
84.731
-78.716
-51.217
71.585
-22.350
-75.319
-63.649
45.280
-65.828
-34.270
97.454
-84.85
42.936
6.559
-54.233
-44.708
-72.824
-13.21
52.687
92.773
87.522
-65.258
59.901
22.359
22.713
-72.157
41.430
12.595
16.699
47.691
-1.678
61.743
-54.954
87.528
-79.402
4.574
90.68
0.180
-84.248
-6.396
-54.949
25.10
-54.16
36.903
77.934
31.638
-43.781
-89.833
78.817
-18.476
-50.230
-60.955
-17.909
-77.697
70.974
65.806
-34.701
-24.443
94.273
-64.892
-31.694
-98.6
28.923
73.753
74.23
-60.840
-85.74
43.498
35.644
-96.409
33.892
52.690
27.870
-64.744
98.270
-58.30
-25.368
45.63
60.950
-48.198
-29.931
55.436
88.963
96.127
-57.625
-45.784
21.761
23.258
-76.718
-74.766
32.647
-83.55
76.995
-91.391
-99.700
80.945
-92.318
24.541
-20.170
-18.496
-62.928
-42.63
58.591
-38.383
-45.534
81.314
-50.459
-83.983
-23.303
84.721
-12.436
-40.730
22.689
0.627
-20.24
41.505
10.207
-98.891
79.166
-30.102
77.115
-4.555
47.477
82.877
51.498
55.391
25.853
6.851
18.982
38.712
32.889
-61.794
73.193
74.975
54.227
10.834
24.759
45.165
9.35
91.26
-23.858
-75.671
29.197
-65.771
-79.78
42.140
-49.464
-9.609
72.170
18.961
-77.437
-77.712
71.693
10.859
25.790
19.632
99.481
38.190
42.963
86.781
7.710
87.287
-90.658
42.721
65.98
19.370
13.369
-75.208
47.402
-90.340
-46.48
-39.87
-96.777
-46.19
-8.936
-59.255
-95.820
-65.96
-25.43
0.185
8.131
27.670
-86.866
-3.765
-93.873
81.684
40.832
20.797
-60.474
50.826
-33.634
64.314
34.800
81.103
-99.648
54.829
-16.721
98.693
-29.953
3.256
-62.589
-5.706
19.340
51.622
-48.273
70.527
28.695
-19.246
-58.275
-72.530
63.844
89.350
-81.421
-73.924
20.624
-63.746
-40.974
86.845
-77.804
-74.28
-75.991
18.33
18.114
-7.740
22.660
-59.876
75.216
-38.754
0.183
-36.458
-3.185
66.955
31.474
17.433
79.456
17.167
-49.94
-59.932
63.984
-23.821
-11.324
43.42
59.325
42.594
-65.125
-49.542
60.943
-88.302
21.466
-38.941
-65.53
30.848
-50.7
96.350
-23.967
11.816
13.477
-10.517
43.690
-8.829
-95.446
9.728
66.278
47.274
23.150
-75.361
-18.426
-55.736
-95.279
-53.40
-5.487
-9.296
62.862
-74.862
88.537
69.12
67.182
46.990
42.385
29.891
96.448
62.757
-9.19
34.945
-37.533
91.103
57.470
-50.169
-32.11
-45.392
-98.141
-90.703
-78.864
-81.550
46.388
-48.879
15.736
64.387
55.271
31.316
-51.266
-18.608
95.286
-44.220
-86.566
-13.567
-44.234
-97.750
19.105
-52.36
30.139
-49.510
-72.257
-11.401
-0.887
30.601
86.645
-31.194
-67.713
22.565
45.848
86.997
35.69
-71.632
78.885
52.215
93.853
20.537
97.4
-79.527
-2.124
64.711
36.246
65.369
-48.948
19.252
-94.498
15.918
29.968
-9.399
54.601
-99.65
41.301
-5.919
54.319
87.390
88.85
42.400
33.881
-28.890
55.696
54.795
-16.889
24.694
6.900
36.40
19.328
-51.970
54.855
73.635
-44.190
68.644
-57.60
-48.37
62.943
-44.432
-68.403
29.354
-42.909
84.34
-21.130
3.150
32.808
-50.756
-14.619
31.715
36.435
-21.216
28.458
90.394
40.916
80.71
16.303
-65.205
-51.471
-85.3
-98.839
67.13
-42.141
-26.432
96.872
-49.652
-53.768
64.634
-32.637
23.722
-29.673
-22.892
-31.734
98.812
-60.808
-89.910
38.563
93.927
-54.112
-86.735
-73.217
99.639
-91.571
24.469
41.81
30.971
23.561
-84.154
-84.308
-21.846
-32.419
-17.571
-45.962
-8.438
82.79
17.461
62.884
70.468
58.552
-9.125
-96.558
-52.875
-0.320
-70.628
-10.611
32.780
76.343
-82.213
-42.23
-62.533
29.181
16.186
-73.538
-45.808
6.819
47.3
48.331
-86.365
92.907
-2.322
86.751
80.319
1.245
43.490
-13.196
-98.443
63.44
-72.530
94.722
91.524
-74.63
-90.895
92.249
-32.92
-32.757
52.855
-78.518
36.90
-60.136
-95.680
-0.606
60.96
-92.688
-17.920
-84.952
-48.956
7.287
62.923
-99.935
58.230
-45.482
96.795
-94.487
-41.805
-80.941
28.389
-83.648
-8.762
76.613
-81.571
69.569
12.965
-2.359
-29.0
-79.980
-82.760
-94.195
-92.803
66.380
-76.413
-68.582
-42.846
64.949
73.930
39.709
-98.944
-47.590
97.934
-9.901
-86.777
87.145
-5.839
40.303
34.728
-28.919
-54.818
92.517
25.314
-62.675
-82.862
-16.501
84.107
50.699
-66.934
-11.514
-18.69
-69.413
-62.39
-90.453
-18.387
76.903
78.639
72.442
22.908
-0.319
-97.90
17.459
-2.74
-53.164
80.982
-73.658
16.689
17.913
-70.635
-5.287
-7.437
-29.254
-65.256
92.461
-24.194
92.667
67.735
33.505
-42.675
58.533
98.240
-76.921
-66.287
29.79
9.104
-71.748
-43.267
57.300
84.642
-98.553
-52.351
91.480
88.398
41.179
8.988
-68.511
-96.55
-12.12
-32.648
80.598
-61.151
-34.94
-29.683
-10.876
-75.784
-96.953
65.49
-53.513
42.498
77.678
-13.292
-4.226
24.107
-45.870
-94.945
84.142
85.559
93.465
-13.807
-33.284
-3.449
-73.653
-89.729
88.75
63.221
23.805
36.690
-51.283
31.948
-57.333
-65.37
14.562
93.651
27.339
-32.502
34.278
-30.266
-37.869
58.600
37.309
-53.675
69.341
-39.534
-91.713
-69.397
69.883
27.313
-75.951
-58.261
-42.698
-60.603
14.73
-83.464
2.507
-61.629
-74.50
-65.577
-22.604
-49.415
-29.957
-18.269
34.36
-91.819
34.621
42.782
48.156
90.21
45.996
-3.245
74.74
43.792
68.426
-18.669
-85.55
7.298
62.498
15.540
98.385
86.40
-88.414
0.910
-82.130
-51.149
-88.134
98.593
42.155
95.222
70.21
-92.859
60.447
-55.800
-94.834
-11.585
-98.225
-41.375
-85.818
-28.765
12.535
33.180
94.592
22.847
60.793
-81.505
-50.355
6.696
-6.882
-14.410
44.174
-47.207
9.902
70.24
84.837
-83.118
68.720
-31.778
-69.237
77.251
50.747
-11.746
-52.755
-86.277
71.113
49.97
33.165
24.248
11.17
33.994
17.945
75.756
-93.609
61.447
58.470
-39.119
-43.604
19.280
73.492
65.177
59.746
53.373
92.267
-39.328
-15.638
4.978
91.873
-95.692
-99.565
69.82
-86.494
-99.899
-69.43
-0.34
-30.149
-30.854
-2.597
30.544
38.943
39.165
20.203
96.2
-97.672
65.172
-65.303
-52.885
69.39
59.369
-45.508
97.299
-83.919
63.467
-94.316
-68.733
25.399
-36.951
0.721
14.932
-71.278
24.27
94.910
-67.125
95.219
94.587
-18.265
97.401
-14.201
18.967
43.539
29.915
65.262
21.429
-97.476
41.723
-66.341
-43.691
-23.305
24.575
-9.518
-25.699
-67.417
-72.238
-53.687
-54.728
-94.447
99.890
57.65
68.989
-99.298
-17.975
-55.343
2.367
83.820
41.274
21.20
-43.619
8.528
-78.949
-75.848
-91.118
58.25
-42.127
16.263
-30.204
73.25
62.421
46.729
-42.960
80.335
68.78
31.536
-90.830
-15.847
61.977
-34.302
27.565
43.711
-88.805
-34.837
-29.457
93.289
83.731
-52.446
36.608
24.194
-37.873
24.616
-92.305
72.239
87.620
-33.566
-68.749
33.353
-97.289
-90.465
38.554
51.978
27.522
-61.794
-84.834
12.367
-82.635
-34.468
33.417
40.460
-41.898
67.650
10.129
-9.790
0.174
-12.739
-41.773
20.7
55.593
80.433
21.427
-65.94
-92.404
41.366
84.866
-62.230
-59.672
91.644
44.499
-15.231
-45.305
-74.922
5.414
-18.655
-21.792
50.306
71.565
-64.908
17.805
63.320
-95.617
53.244
6.849
-68.619
-43.640
-37.143
-62.514
10.230
3.948
-47.963
-74.710
-7.264
62.422
31.590
8.486
77.623
-4.937
96.100
49.755
58.754
-36.680
-83.487
74.449
66.333
-78.793
83.271
-78.127
-40.576
32.525
-24.835
-31.123
49.358
-31.432
88.251
-35.81
-20.564
80.195
-78.487
-28.671
85.47
-96.578
88.328
67.911
99.399
-65.86
24.458
-6.139
67.417
53.98
15.583
65.980
87.320
19.739
-83.38
-3.255
4.831
21.389
86.57
37.762
-64.29
37.695
-89.234
-73.653
-69.88
-16.791
49.195
93.217
76.755
77.944
-27.808
13.746
-31.687
17.961
-46.182
-62.398
37.399
-91.645
-87.921
40.350
7.678
-52.543
43.575
-69.444
47.891
-66.305
-77.942
-35.985
62.473
-44.165
-18.473
-5.777
-86.772
-7.341
40.841
56.359
-21.688
38.23
-52.637
88.581
-26.152
42.157
53.696
40.103
-23.43
-97.51
-76.173
-97.863
3.416
35.104
84.630
-6.24
57.477
32.269
-49.844
-7.741
29.617
-87.414
-20.470
-43.257
48.941
4.347
-70.956
-32.188
-97.738
58.797
-70.726
55.565
-55.338
-72.681
-44.881
-99.386
-77.408
85.941
-15.438
-89.648
4.918
89.773
-89.781
-58.653
-37.549
56.748
-75.626
-49.11
-16.878
-21.367
-76.924
-57.813
55.802
-92.713
-62.802
-65.658
-55.333
53.135
-44.251
-25.773
3.849
-52.558
26.465
-81.909
41.923
50.389
8.44
-44.649
92.793
-18.618
63.774
85.178
68.604
-5.537
-60.630
64.80
79.341
-28.685
-11.829
50.299
-10.815
-23.300
94.568
-83.125
-81.685
-54.402
-17.581
-23.909
-31.873
-31.723
-2.586
99.309
22.156
1.239
-17.172
63.526
-42.43
-13.119
-70.50
57.333
-43.588
-96.587
-97.862
70.663
68.233
-4.848
42.590
-62.856
-43.626
-97.83
78.878
94.474
23.523
-56.593
80.162
28.266
2.661
-20.223
9.566
-48.915
25.345
89.739
-93.462
59.670
-41.602
-7.430
-70.385
-76.805
37.867
25.915
-49.340
3.82
-31.375
-83.787
33.628
44.835
-22.258
13.134
-79.23
-11.201
10.102
-55.605
-91.888
41.124
14.257
38.801
-96.376
-87.289
35.469
-3.832
-86.943
61.850
-71.293
-4.86
76.901
-28.339
67.535
-17.874
-0.161
-7.264
67.450
-29.764
-48.935
56.691
-39.819
-28.299
-18.318
-36.135
43.236
72.995
-85.615
41.196
-47.697
50.5
-87.244
78.672
-7.442
24.578
66.74
-70.398
91.383
14.324
-1.423
-75.973
40.412
-76.290
63.298
16.674
57.292
86.963
-63.6
54.520
-94.973
31.948
-73.840
60.468
23.131
76.147
-12.357
74.995
-34.58
77.865
96.259
-90.643
9.316
41.228
15.51
-87.580
-37.392
27.619
-33.953
44.131
-28.179
-36.522
-41.131
-37.124
-2.439
-49.78
-44.715
48.995
48.528
-58.24
85.4
-23.441
53.634
51.71
-29.925
-7.975
-17.719
-20.868
93.768
72.126
-82.863
72.886
-83.839
78.742
50.824
-61.431
-50.201
-59.173
-11.318
95.591
4.473
69.145
75.481
67.611
-30.661
71.422
87.325
-23.84
-30.48
-54.95
-7.899
72.168
23.695
17.762
-54.793
-15.64
60.904
-57.679
-76.609
-65.815
45.423
98.295
49.670
-33.387
81.542
-90.309
73.121
-34.179
-31.7
76.572
68.169
-12.919
25.321
33.206
55.187
71.277
3.603
-91.137
-6.20
82.948
-74.16
-41.181
-3.906
35.591
-7.646
72.569
47.424
-44.115
-19.673
-54.708
60.682
88.76
87.479
7.267
85.474
99.698
95.546
-41.842
29.61
-84.267
-40.680
12.468
-17.607
-28.66
82.51
-82.103
-4.498
-51.191
-65.320
52.905
-48.245
-78.709
-36.126
-21.754
74.888
4.822
-81.127
-56.930
-73.347
-4.51
-2.399
32.129
30.317
87.739
-10.365
36.669
-66.351
-93.659
-64.733
-56.689
-4.443
-98.675
-4.205
-85.992
-23.102
98.290
47.956
-75.950
-85.166
42.222
50.727
-10.277
52.581
-59.118
9.642
24.392
8.191
48.518
-95.303
79.245
-52.395
68.506
11.58
-59.369
51.530
-97.554
81.814
74.662
21.109
-83.888
19.392
-34.712
-26.523
-3.734
-99.985
-37.82
19.316
-44.642
87.364
33.999
76.418
-15.404
-63.882
70.785
-97.585
7.922
-70.894
-0.338
93.126
-95.911
-37.588
-72.903
-72.66
43.488
-52.186
95.745
-25.367
22.868
62.261
-18.8
25.997
50.622
31.594
42.789
91.941
-24.389
-32.566
86.788
79.51
49.421
31.899
1.901
-26.833
18.927
50.970
20.547
35.579
-17.666
-20.145
35.846
59.978
32.479
-79.606
-20.776
-2.126
-25.898
-90.133
-20.902
-39.74
61.910
-5.121
-99.705
-95.284
76.156
85.758
-16.735
-42.477
51.198
27.389
99.751
18.408
15.259
92.855
-78.83
89.520
29.136
16.830
-39.182
-65.209
-66.760
-28.979
-64.194
-4.238
81.717
-65.758
-60.487
-90.155
-49.895
7.960
54.778
-4.907
10.523
-27.627
-52.560
-60.478
-40.490
-9.332
9.481
-42.840
37.94
-44.698
-78.60
58.440
77.692
65.604
11.696
97.106
90.367
-30.661
-30.550
9.794
47.372
-60.831
-1.408
54.526
85.237
58.86
-63.228
-49.558
-28.389
2.850
-78.850
-14.910
43.11
63.65
-40.902
-13.660
-44.23
-42.825
-53.553
-63.7
-20.885
-1.952
-13.295
85.958
-36.898
24.163
50.507
-57.649
23.955
-81.918
-90.390
49.743
19.808
-52.994
-2.530
-7.6
21.156
-62.914
76.189
-95.370
-70.13
-35.262
99.733
59.85
-29.440
-97.699
-81.172
21.234
-14.710
-62.858
28.628
89.963
-94.815
7.774
-66.503
-7.252
54.834
57.107
-27.721
37.335
-70.515
-16.5
25.251
-67.710
46.376
-18.835
89.389
-32.546
-62.925
-3.363
1.933
-80.650
75.127
-84.394
-20.592
10.810
53.451
-82.336
-18.698
27.601
-71.903
31.935
47.310
15.547
-92.419
-98.429
38.535
68.569
-96.640
-1.467
-70.91
72.674
28.221
59.688
-36.81
-5.831
37.69
-21.889
-40.837
-10.839
-30.609
-4.433
14.961
-87.672
-58.960
-97.417
-69.855
24.428
52.120
-69.631
-5.913
-32.517
37.84
-63.571
-78.581
-26.478
-57.747
58.923
48.576
27.697
-98.402
-29.486
-94.623
71.386
-21.465
-82.643
-9.401
-95.159
9.159
-44.238
-9.236
-40.818
-40.712
-72.583
-79.456
67.939
-34.800
-53.248
-95.357
-65.601
-32.963
-1.355
8.295
-86.219
54.698
36.665
13.952
43.305
32.0
80.317
18.249
45.550
-90.58
-47.396
-92.950
93.538
85.803
-29.498
22.430
72.462
75.833
42.778
11.469
80.968
-15.860
1.953
52.890
-59.120
-71.242
-35.966
16.541
98.283
30.547
20.627
10.742
50.943
-33.247
-20.606
-5.29
72.164
-2.32
-65.530
59.912
21.884
-52.194
96.497
-93.330
32.850
92.907
93.580
-61.34
22.400
-66.511
-58.132
28.937
-89.433
-98.278
-54.10
16.102
-60.148
-69.409
14.483
-89.949
-29.59
2.88
-21.129
89.127
87.681
-88.750
-97.10
-37.331
-12.745
39.487
77.116
0.870
59.943
4.832
78.220
-15.660
-55.709
-94.299
43.111
26.603
-11.932
-8.584
-92.144
6.100
0.730
-27.46
-56.853
-95.947
-18.442
91.469
98.32
-26.840
25.333
-67.991
41.591
40.870
-99.226
67.374
87.644
70.135
56.686
-74.412
-77.537
28.4
-79.998
-13.738
92.589
-77.908
57.995
31.665
-27.521
55.848
-75.877
-29.106
26.985
66.950
77.695
-67.72
-82.381
-42.64
90.591
-75.346
73.522
9.803
-53.181
-43.247
-75.225
44.44
73.726
-50.621
93.511
9.138
25.212
66.973
-66.426
51.921
-38.196
21.192
75.465
-11.716
-11.961
54.370
44.847
8.213
-79.279
-79.382
-79.473
55.894
-76.69
75.380
95.243
78.898
99.394
85.255
-43.634
-80.66
89.445
43.52
-40.228
-55.755
86.550
-78.828
-44.80
5.165
-32.760
90.940
-82.682
-96.477
-55.517
-36.325
98.911
-3.942
-10.786
-11.644
20.376
-63.318
-24.500
-30.748
-88.956
-27.192
22.190
71.545
-48.507
-6.471
80.691
-15.506
-43.630
-4.860
-91.600
99.728
-80.702
76.73
-15.21
-92.979
-13.760
-62.827
81.122
-0.327
-20.270
-96.469
-65.601
76.577
-84.692
-0.436
87.749
17.63
53.344
19.445
49.817
80.714
38.679
3.607
40.691
-51.144
42.731
44.201
-74.354
79.526
10.575
-64.455
86.246
62.649
63.441
60.293
-94.535
-78.279
25.706
-68.585
9.947
67.63
-91.402
42.564
52.479
-5.191
-3.786
84.364
-66.341
54.709
69.970
-59.589
56.280
-0.74
44.578
82.836
61.639
-27.775
25.93
-28.947
-69.216
-9.827
-12.884
70.984
-91.480
-44.463
88.576
18.4
-12.729
47.809
43.478
62.387
-23.952
64.222
-31.113
77.809
-59.797
32.215
-32.427
-77.126
70.22
-31.436
-71.959
96.223
56.7
-97.184
-5.296
-90.628
30.13
-52.190
-83.812
-92.95
41.219
-42.715
17.271
-6.721
4.526
-99.968
-10.699
1.151
-18.134
57.478
-80.572
-67.366
78.84
95.190
-49.846
-99.145
30.8
25.861
-11.479
-62.236
60.568
77.436
-9.766
64.213
41.963
96.14
-71.996
-94.922
-71.685
31.99
-73.259
-35.88
15.597
80.114
86.7
-39.155
-89.526
99.172
-18.244
68.227
6.600
12.287
7.654
67.434
93.873
82.464
-38.705
42.604
-68.374
31.494
-42.200
17.764
-28.271
88.191
-63.384
96.519
-33.609
48.651
-35.271
19.802
-77.697
-88.214
-37.442
-89.330
-80.345
43.142
-23.227
7.127
-96.662
-10.133
71.63
-31.403
56.440
5.182
-44.62
20.657
-15.80
71.388
-78.184
56.546
-37.617
66.949
-58.657
-43.662
59.507
73.279
80.795
15.718
76.997
-52.253
62.642
34.509
10.67
78.462
-80.674
44.399
65.779
19.746
-9.723
-87.75
-12.937
6.724
1.486
53.16
68.496
-42.692
-96.909
-96.229
-15.38
-31.226
-53.690
-17.696
-38.897
-30.302
84.871
13.165
-92.761
-51.510
57.425
37.209
93.114
39.431
-60.21
-20.951
95.387
67.652
-82.145
7.348
13.305
-58.795
28.188
93.479
-1.392
-11.412
-71.907
-6.374
54.209
-68.968
-40.882
42.692
-52.272
29.665
-84.567
13.930
44.353
63.59
-87.565
-7.634
-76.126
51.468
-72.221
-82.850
24.786
57.51
3.948
-56.863
-35.450
76.910
-37.886
80.389
67.862
-26.196
-51.872
-95.930
-69.485
-96.741
34.128
38.856
-75.893
91.473
76.992
-85.19
45.570
-43.918
44.287
-42.384
-55.618
-70.908
-96.184
-8.627
61.355
-29.941
-45.938
85.781
-56.225
-63.219
12.626
93.897
78.293
-57.53
14.566
11.47
-79.44
69.430
-30.486
26.401
10.565
-12.458
-23.937
70.246
-97.860
-79.123
6.54
-19.576
65.606
-88.784
31.494
-53.706
71.682
35.604
3.101
90.232
-77.938
56.509
-69.374
68.815
-68.346
86.651
-63.275
76.862
-88.817
-61.60
9.637
11.593
38.414
-22.882
91.102
53.289
74.252
77.280
85.269
94.782
87.943
-71.454
65.244
-33.567
68.910
49.415
-34.790
-46.67
-20.204
12.598
63.538
-4.961
37.26
-37.811
-18.779
-2.981
27.67
-56.314
18.934
-48.746
-13.162
-20.466
34.955
-93.692
70.263
58.417
13.445
58.653
-22.971
-43.372
-63.285
72.5
-95.340
-45.885
-6.855
98.513
-24.978
-17.336
72.711
13.306
-53.721
55.494
-23.641
99.486
-19.544
2.595
-2.619
-0.36
-3.160
-77.925
76.79
-59.134
0.910
33.361
51.180
-25.334
64.536
33.288
-39.891
-56.669
-32.697
-29.556
72.309
56.942
-27.694
-95.771
5.687
87.420
-56.660
38.468
45.800
-83.81
-7.453
-94.262
41.289
-69.784
-82.342
-84.581
-23.889
-5.779
-56.824
-56.159
12.919
30.365
-42.506
-48.227
77.862
-93.946
29.121
78.926
43.734
-12.890
-63.655
-20.337
38.879
98.327
43.804
33.997
-5.678
18.156
-58.251
27.764
-8.479
7.499
24.790
47.288
97.483
10.717
21.922
53.692
12.102
58.330
-46.590
-89.97
-21.273
32.920
-22.618
68.580
63.401
-36.906
-18.319
0.429
49.775
78.364
59.237
-29.569
-88.743
-83.211
-94.26
-80.162
-57.833
-37.233
-99.534
51.513
-53.372
-28.253
75.742
-41.25
38.171
-89.751
94.809
-22.446
27.698
-11.449
59.854
44.482
-50.310
-99.603
-11.941
-1.430
-53.976
39.898
-61.977
-66.988
-36.999
30.543
-78.893
-19.144
38.507
76.8
17.162
68.153
17.566
16.233
64.721
67.404
5.182
52.853
-3.91
47.419
73.237
-76.57
30.326
-13.742
84.106
-7.274
22.79
34.831
-90.486
-6.985
-79.759
-17.487
-61.69
71.834
-14.771
30.878
-3.52
-57.538
65.129
-17.35
88.266
96.336
13.397
56.368
41.834
32.516
50.819
46.277
26.742
45.11
49.151
-64.399
-66.812
-42.420
53.261
-86.146
-98.996
-63.594
66.773
-50.370
21.19
11.183
37.701
-64.996
-7.901
-88.187
-34.86
99.649
-93.767
29.569
29.90
81.654
-84.891
99.256
-35.115
-85.656
-80.690
-24.389
14.734
29.763
14.545
18.526
-57.162
49.561
38.849
-27.934
4.666
19.42
35.8
-70.337
22.751
-17.621
-65.778
-57.628
57.166
25.645
-0.550
14.21
-68.357
-9.27
-13.602
-62.171
89.36
30.146
80.755
-84.332
21.533
-77.399
-76.319
-35.28
-31.641
-31.55
53.796
-5.26
-37.659
87.543
-82.964
28.294
47.222
23.757
-30.940
40.172
20.777
-89.534
56.71
79.258
-86.92
78.420
-69.967
-79.442
-70.873
-55.565
95.985
31.875
46.83
-68.662
-85.0
-19.630
46.599
-48.931
6.653
-5.408
28.955
-28.387
-14.433
23.754
42.891
-2.810
-86.509
-85.857
31.963
50.121
34.149
-56.530
-4.796
36.20
-83.514
-30.316
7.902
36.240
96.123
-62.74
-88.360
17.968
86.773
-40.561
-0.644
51.374
65.734
-40.970
-72.719
72.281
-92.769
-62.138
-62.776
11.116
-79.968
-62.520
-66.285
72.126
70.250
91.622
39.715
-99.29
27.392
29.303
-44.782
-55.697
-41.363
-13.387
56.9
-69.352
64.843
-79.842
-33.670
-16.99
15.395
-34.850
-74.544
51.209
-54.465
-59.87
91.651
38.982
-15.868
-83.84
-59.451
65.585
-72.359
94.410
3.216
-21.28
-91.819
-57.658
66.925
-44.660
74.519
-50.636
77.708
0.802
-33.305
83.578
20.622
8.279
30.745
-21.42
-95.268
-21.818
84.896
58.748
-43.881
45.816
26.936
-79.596
-90.427
78.648
-75.695
43.316
47.152
60.211
-28.254
53.851
56.30
-82.609
-39.952
-93.630
-90.657
6.552
-41.600
72.860
-4.840
-69.493
50.750
20.584
39.923
-84.568
30.210
-23.117
32.458
46.483
-71.939
-3.708
38.310
51.683
-77.422
56.306
-17.688
-87.263
-10.348
-33.94
21.418
97.573
70.411
42.314
49.891
-32.799
-83.316
-44.156
-23.166
-64.652
36.473
99.822
-70.192
-3.686
68.888
-6.720
-3.103
-89.599
38.622
-87.38
30.274
44.325
-82.195
32.899
-47.119
-54.277
-61.681
36.370
67.960
-16.447
-70.629
96.925
-45.908
38.692
-17.239
-37.794
76.507
-71.695
-65.514
-85.130
-92.252
-26.649
85.494
91.684
49.201
25.990
-31.67
-66.590
75.807
-92.692
-60.637
6.563
29.500
-12.643
35.892
49.70
10.101
77.668
40.843
16.588
-75.348
39.106
-99.787
-58.299
48.686
-92.836
-27.246
-80.423
-76.63
78.32
25.459
9.598
8.450
7.508
2.808
-89.201
-46.380
4.60
-83.536
9.967
-23.692
-37.702
-58.910
-71.170
-83.772
-33.961
-20.807
-4.763
12.498
88.207
-43.830
62.68
-80.378
-99.549
-27.584
67.170
56.790
77.394
-10.759
80.947
69.342
51.405
86.85
84.184
4.563
-44.382
-49.138
61.267
-89.478
-63.10
-96.480
-12.283
96.121
59.906
-71.510
71.707
-42.808
-2.270
9.559
27.174
44.322
-4.835
20.131
74.590
12.113
17.637
53.979
80.633
26.643
2.822
-88.119
55.523
-56.495
-31.769
12.881
-56.99
58.804
-21.136
-2.714
46.16
-12.405
-5.712
80.220
-91.404
-45.816
12.24
68.735
-55.756
23.711
-39.157
-77.622
86.427
-18.759
-45.103
94.48
-25.60
-6.480
44.935
-19.410
8.549
13.878
28.516
54.634
53.432
-8.678
28.903
-76.262
-7.206
98.577
49.385
61.351
-95.879
56.385
-80.91
56.399
-31.479
67.355
-34.114
-37.513
2.614
-68.575
13.370
27.778
-75.558
7.166
-17.298
83.717
-11.903
50.440
-14.794
15.163
-68.128
-51.855
-20.682
-80.689
92.259
83.942
29.706
94.756
-20.670
64.537
31.5
20.9
87.229
65.110
9.402
3.585
-14.366
28.861
35.933
37.550
53.581
-98.454
-99.593
-34.910
-58.219
94.522
-72.888
-8.517
0.552
-14.141
-65.95
-74.893
92.744
-40.978
-49.989
13.683
-61.707
80.767
60.267
-78.933
-93.598
42.325
-97.417
98.809
57.611
87.224
-92.937
-86.118
48.330
15.508
-24.554
-27.48
76.446
70.396
94.753
7.792
-55.37
-62.375
-36.323
-29.491
-7.315
35.242
89.519
-60.241
44.35
-40.242
59.249
-16.411
-95.199
-53.880
23.387
-95.374
67.463
86.775
52.120
-72.460
36.371
37.440
13.135
64.140
7.963
64.510
-16.478
87.664
-99.168
98.40
91.776
33.413
38.326
42.543
78.850
-1.914
-51.331
-64.970
52.370
13.620
37.612
-81.297
-65.88
89.830
-1.461
-28.14
66.865
34.181
18.386
-19.951
-12.688
33.970
68.587
-82.676
38.729
97.358
-70.776
26.463
-52.81
1.152
70.364
3.550
33.418
4.352
-5.543
-19.840
-47.862
-41.588
-69.340
-30.841
95.711
-48.914
71.100
81.4
20.161
-41.680
-67.927
74.121
92.90
44.572
48.519
-68.267
91.138
-32.72
77.744
66.885
-46.205
-89.479
-19.524
-42.420
59.320
87.940
-33.831
-80.115
82.793
-46.759
41.557
16.346
64.418
-2.760
65.271
47.310
96.144
-36.224
0.258
-9.704
-55.298
-6.966
88.183
99.685
29.102
-80.601
-75.450
1.786
-95.387
-82.348
80.203
-88.509
-42.449
14.900
-98.930
54.562
21.737
83.990
70.86
67.520
68.701
20.241
38.783
-91.97
-29.295
-22.2
17.823
-13.606
-96.928
-18.695
-40.316
65.736
99.626
-87.817
23.346
-41.669
21.738
-90.651
-49.900
47.870
17.911
-88.576
-0.728
95.815
-39.90
-30.131
-24.204
-92.46
-67.647
-23.446
-26.963
93.251
48.551
-81.998
-79.689
-27.272
-45.396
-0.940
59.160
-70.335
-52.161
96.306
17.506
-66.387
34.118
-40.45
-81.190
-26.643
-17.54
-8.325
45.29
97.725
49.343
-5.961
-11.396
-58.88
26.170
41.196
-49.566
17.926
-20.723
-36.920
58.122
-86.527
-53.190
-90.448
-73.926
-46.668
-14.669
36.387
-36.859
12.896
-66.154
-63.493
-74.298
-32.689
-79.62
-96.960
-62.26
45.962
55.798
39.563
96.981
-75.397
33.771
-33.555
-82.135
57.31
52.793
68.339
72.946
87.337
-98.786
-15.61
-26.747
-87.680
-85.662
49.971
73.923
-23.892
87.616
-50.603
-80.453
92.968
-48.346
80.533
67.218
-89.519
94.692
93.115
-35.103
71.805
-49.786
60.378
37.978
-61.710
66.777
85.18
75.465
-41.558
51.46
25.817
6.618
-88.179
-91.968
-92.30
-74.396
-27.433
-0.760
17.302
97.653
-33.431
-26.237
-53.878
-62.321
-49.913
-99.187
-27.67
-25.719
-88.836
61.885
-33.970
-22.896
-29.801
-16.415
23.365
12.416
97.995
15.120
45.960
30.74
-68.507
89.429
-99.458
88.126
-49.401
76.313
42.610
-75.77
-79.475
-19.105
48.973
48.862
49.361
99.701
-16.203
51.131
-2.673
-48.248
-67.927
47.898
-52.398
65.399
58.148
-10.447
-41.415
73.66
-70.520
-78.421
-16.888
-28.587
-46.592
-88.57
-93.467
-11.930
82.571
-9.144
-14.314
-45.45
-75.61
33.541
-40.239
-98.128
-3.773
-8.536
-12.118
-84.779
-22.946
-32.643
-64.118
-84.3
43.196
95.94
55.450
83.410
-93.775
22.959
-99.733
-91.617
-27.681
-77.517
68.713
-50.508
61.15
-44.351
-16.444
6.867
75.466
43.557
53.537
-34.114
-67.182
47.332
22.45
-47.390
-83.606
45.164
67.491
-73.534
-97.640
-55.574
-82.693
22.841
-74.463
89.11
-8.246
71.591
-1.358
-1.632
-59.381
-6.288
67.870
-10.544
-90.818
63.60
-30.268
3.239
40.192
20.593
-87.705
94.63
28.431
55.693
-75.183
-10.298
57.428
49.531
85.123
80.344
-58.783
-70.378
-71.758
94.265
13.740
-3.350
-53.459
-75.609
-36.94
-89.274
40.485
95.755
14.78
64.324
-60.390
-39.93
68.199
26.974
68.363
-85.852
46.444
-42.140
-17.706
49.223
47.735
88.74
80.594
-32.373
92.941
-99.126
-33.624
3.866
-29.583
86.533
-19.332
90.720
-6.753
22.185
-64.329
-21.929
-30.314
84.969
-82.651
87.437
-14.356
77.798
65.504
-0.378
8.394
57.915
84.146
-35.882
-53.265
-6.352
-44.366
14.395
8.513
-4.313
-36.522
98.431
89.816
-98.3
77.508
-54.914
-73.810
-99.824
-24.733
-5.289
64.325
-70.524
-92.165
11.916
-13.393
-32.599
3.972
41.924
-26.548
76.405
87.169
25.292
-42.336
27.447
-15.213
12.545
76.149
-2.742
0.720
36.596
-60.35
-62.560
-88.954
-32.681
-91.449
-96.413
-48.841
-76.543
77.696
29.32
-35.544
62.207
-33.247
40.479
46.523
18.419
-87.119
5.595
17.124
49.254
77.741
92.755
-68.940
99.632
-63.630
28.148
6.435
26.992
-42.209
53.158
-49.787
89.132
-88.752
-34.603
12.718
13.546
85.853
-28.479
67.673
-82.427
51.476
-13.717
82.357
91.291
-32.704
-3.469
75.655
-83.83
-35.350
44.284
-16.435
-76.600
-67.534
11.825
-59.809
77.413
41.488
-59.823
8.58
-30.755
32.71
-61.499
8.467
63.78
10.289
13.818
86.860
-13.619
28.279
94.161
-96.693
-33.407
-23.667
-0.830
-2.541
-13.206
-90.592
-7.58
-47.686
-98.532
56.528
-38.462
67.637
15.237
93.439
-13.405
4.547
-54.354
24.353
24.604
-86.860
-94.898
-8.217
-90.284
-54.530
-11.595
74.299
30.854
-96.230
-49.354
86.93
-51.787
-31.195
0.337
6.43
56.206
-59.681
-61.763
-17.160
-27.261
92.599
-18.702
95.33
41.285
71.344
-36.0
44.12
55.573
-73.391
20.170
74.162
21.581
-55.676
89.17
-12.240
78.876
-51.872
-57.880
27.753
60.73
55.548
-0.269
-96.377
-78.418
-97.730
-12.708
-27.912
-55.669
8.448
52.761
-18.516
-46.16
-56.965
-45.395
-52.944
-99.956
-26.135
26.790
6.550
39.454
50.672
8.719
-36.527
45.124
72.176
-81.627
51.354
-32.580
35.187
39.278
-3.928
-36.37
-37.225
-51.223
64.447
69.981
-82.532
30.716
-21.204
63.795
11.250
31.86
23.23
-93.26
88.490
-60.359
-59.293
64.724
49.497
-74.812
29.123
12.807
33.230
-31.623
4.112
-72.224
-74.883
59.499
-61.300
-71.826
-24.355
80.168
74.653
91.684
-87.540
-74.612
72.938
-63.50
-31.311
48.335
-25.859
78.191
90.65
-32.209
98.296
79.170
-33.542
-73.58
-13.441
-53.189
-71.466
-45.397
-39.787
-38.220
-21.670
44.249
-32.534
-10.408
-38.721
29.126
56.97
94.695
-75.86
-74.925
-82.246
87.943
14.275
-83.237
15.527
-87.456
1.64
33.210
-62.86
30.460
-71.543
-81.982
93.596
-40.631
-94.146
22.286
27.239
-78.824
-76.438
61.868
-22.391
30.973
81.566
-59.58
74.153
68.627
-19.254
-86.485
63.13
79.926
-55.149
26.279
-31.613
32.72
64.599
-95.367
-64.538
72.176
-4.492
74.571
-65.578
-47.704
-54.987
27.671
-11.35
48.283
64.347
39.172
46.876
-19.603
-19.220
-67.119
47.273
-40.952
58.864
-22.512
58.229
85.268
88.466
35.838
-53.957
-49.676
-53.276
92.16
54.674
-51.849
36.259
68.796
72.636
56.271
-44.976
-51.977
30.330
81.374
-85.428
5.232
-38.68
-51.636
85.460
37.416
27.460
74.164
-49.294
-1.475
21.13
67.418
-63.556
-22.360
25.97
65.234
29.961
69.587
-86.436
86.489
-61.762
16.930
-3.545
-58.867
-1.692
-56.10
27.739
59.208
7.746
49.685
67.398
97.314
-98.17
56.575
-25.328
44.736
96.863
10.875
62.934
-3.984
86.851
31.900
-6.551
-78.359
17.36
0.680
-94.877
78.939
71.453
-10.857
-86.695
60.26
0.484
-5.262
-89.931
1.831
-1.677
64.856
55.927
-80.989
41.727
5.187
-69.387
37.344
-63.633
-78.286
74.687
-98.51
-10.958
-27.990
-1.131
22.936
21.658
4.847
1.862
-29.741
-40.867
81.765
-30.727
-6.854
-71.355
15.629
-46.702
-68.706
-34.959
-33.40
70.133
-94.266
-22.297
60.503
-88.875
-48.842
49.241
-7.809
-13.244
-81.529
-94.952
22.846
-67.320
-40.980
-68.169
-3.369
-19.518
38.626
64.891
-1.824
-30.518
93.192
-22.259
48.152
77.372
34.627
85.546
77.185
-78.601
28.754
-7.684
38.877
-67.599
-69.147
52.377
55.811
76.996
-20.525
89.503
-2.231
38.590
-45.828
-43.848
-1.617
-63.821
45.277
-58.705
66.625
-62.367
-60.821
-11.811
-99.856
-17.500
-34.353
-2.217
-48.814
-4.773
61.991
-90.653
-27.65
-96.629
55.380
-94.197
34.383
91.86
21.34
-29.390
42.151
32.194
-90.21
20.217
-10.372
-9.19
59.653
-15.596
-88.669
28.798
40.392
-96.725
-57.867
83.287
39.798
75.959
-60.270
-29.86
-84.326
-77.454
-61.947
-96.795
-77.652
31.935
3.274
48.401
-15.162
84.291
-52.228
90.5
27.718
-8.166
14.895
-87.927
99.830
-62.330
31.446
23.182
-53.134
-10.325
21.904
79.912
-84.778
41.17
85.916
4.978
-77.162
11.737
89.143
95.353
-11.174
93.905
-93.341
-89.134
12.219
18.576
-54.253
36.116
52.458
-54.505
82.616
-17.509
13.55
-90.444
-33.957
-44.775
-85.581
-89.469
-34.621
-22.227
63.261
30.979
54.644
-71.34
22.167
92.663
-39.149
38.490
-58.424
36.798
-72.261
24.43
85.49
-54.620
67.242
89.134
38.873
68.64
67.174
91.311
-90.683
-3.907
95.844
31.550
2.469
-92.910
97.648
-52.616
96.635
17.678
87.269
-67.724
-93.320
17.51
60.305
50.249
74.547
23.699
89.547
-29.516
-32.404
-18.823
15.816
56.433
-0.646
66.696
90.422
14.697
55.586
36.967
-43.799
23.469
-75.236
0.945
-76.145
9.11
92.453
-74.768
55.275
88.611
-85.806
38.129
14.305
-58.5
36.633
12.142
-36.135
-34.509
-78.317
12.457
-61.742
14.632
37.598
-96.808
-0.697
-1.261
66.198
-85.632
-23.262
-37.674
-63.188
-47.602
8.739
79.187
54.187
-63.941
-66.107
-4.844
55.920
-24.609
49.172
-69.119
20.580
22.859
84.665
-91.280
11.846
-30.202
-33.858
-98.482
-90.883
18.452
53.525
27.699
88.783
89.826
31.737
-33.67
31.152
49.551
-28.641
-80.612
4.65
-59.444
-26.584
58.26
-70.709
-29.742
43.25
-66.774
-72.303
61.135
54.39
73.299
-90.125
91.183
69.753
-85.35
21.230
-9.196
-48.120
-80.181
-25.888
-38.61
-96.751
90.742
-10.564
39.249
-63.570
-13.679
-89.479
-20.260
86.337
44.775
1.723
83.413
-52.223
27.215
36.778
-28.643
-16.584
-76.904
-70.443
-52.887
47.889
-42.924
83.529
-36.456
90.92
67.20
-24.788
60.517
-8.739
45.344
57.391
93.985
-95.868
72.956
-16.147
90.66
8.690
11.202
22.862
76.7
-69.765
-4.210
-15.405
55.629
3.97
-95.588
-8.96
14.559
36.233
-98.209
56.431
6.435
41.202
-96.557
8.12
-19.307
-97.168
-17.382
-39.818
28.569
25.625
86.83
58.224
40.621
51.229
11.901
60.998
9.915
-17.206
-59.735
-15.860
1.698
-23.109
98.849
-83.252
-79.63
-83.575
-7.236
65.254
42.565
-39.380
-14.834
-73.657
-56.107
-12.390
-49.222
40.557
76.565
-80.682
90.376
-87.568
96.882
-3.755
20.763
37.527
7.629
-92.969
-52.897
1.977
-56.119
25.706
-78.654
13.958
-57.78
-60.567
6.974
74.66
0.771
42.324
-67.981
-21.658
-90.736
94.49
54.958
81.570
-35.629
19.3
23.955
25.50
-5.969
-4.90
-61.981
73.875
95.881
95.762
15.750
9.769
-69.492
-53.170
-61.75
-2.31
-1.392
84.518
-20.13
14.309
-30.324
-76.385
77.206
-33.559
-44.472
-72.926
-42.227
-94.463
-73.683
85.549
60.280
-85.856
31.633
-22.918
82.762
-18.486
84.829
95.475
24.300
15.185
-18.598
-46.583
-10.967
81.889
12.871
-67.989
-0.626
-61.821
38.446
98.513
-7.331
-49.929
98.692
33.473
86.185
5.4
11.857
98.970
12.808
26.406
-26.666
75.515
-60.865
12.998
-5.536
70.242
-76.305
-8.204
-13.116
-65.343
33.421
-33.948
-63.861
36.773
83.279
-16.601
57.377
-3.585
71.398
48.615
-84.749
-85.834
-2.97
36.286
68.169
-37.637
-0.694
-69.549
41.173
82.373
-70.557
-79.743
89.797
59.233
-55.753
30.191
-58.491
63.960
-5.154
-46.188
6.759
15.638
-10.127
-3.87
34.642
35.425
-25.35
61.851
47.456
-58.954
-95.960
-89.927
-78.338
-16.993
87.180
-63.67
-83.292
94.605
65.205
95.263
-13.210
-90.899
-57.129
-4.345
90.484
19.300
-76.983
17.377
-61.794
14.389
-69.702
-36.844
-83.102
-20.658
51.249
61.868
91.644
12.614
39.627
-23.141
-71.110
81.199
-90.334
81.855
-18.458
-39.619
-12.462
68.575
-1.266
-80.390
-49.913
73.694
41.336
-63.618
43.588
73.27
70.291
-16.659
76.212
-64.392
-93.942
36.267
-79.508
-8.823
-92.166
-86.139
99.962
-27.278
78.55
-48.271
-7.716
32.852
-50.583
-57.891
34.335
99.21
43.273
78.200
-24.731
30.131
-81.790
25.622
37.25
-8.982
3.817
-64.468
-68.612
35.242
-80.667
-84.449
-59.630
-50.208
45.745
-76.453
99.508
-57.724
-88.593
93.428
98.860
86.944
5.655
14.357
98.254
-55.931
47.630
7.687
-88.475
29.268
-65.618
-67.256
-19.961
54.228
-96.326
36.634
81.133
34.992
12.681
-83.162
-82.327
-93.547
48.566
-10.72
-29.569
3.857
7.38
42.972
-67.385
-16.868
86.203
26.896
-22.597
-32.607
-70.637
87.940
-37.799
-73.493
-1.61
62.977
33.215
-36.393
86.768
3.300
-44.923
-54.962
73.51
-30.324
59.477
74.839
9.925
47.61
-81.148
65.103
-56.999
84.405
56.178
75.708
40.967
-66.693
-22.402
93.649
-9.683
-46.100
83.156
-43.192
17.148
42.175
92.416
72.282
-39.456
-35.449
-92.711
98.657
10.940
70.835
86.952
81.46
-35.739
57.211
-25.302
-95.937
-66.529
-21.579
-27.190
90.712
-44.550
-47.531
-25.419
-71.828
-51.453
88.48
-27.967
28.188
87.867
89.457
-27.502
-16.501
4.278
-31.249
-21.752
13.893
94.120
57.200
99.439
-83.129
-79.456
-77.724
7.629
-8.612
-38.534
73.399
-56.794
-59.951
-49.450
-59.833
27.164
-96.641
19.501
67.809
-69.99
23.472
22.681
-41.340
-12.341
23.201
-63.728
11.424
36.143
-89.163
-55.84
-59.659
11.781
8.922
9.634
11.710
-47.573
-98.737
-43.573
-41.62
49.170
56.781
87.592
52.453
-4.962
50.273
97.572
72.23
-24.618
19.860
-29.261
-75.217
-28.256
14.60
-74.265
-68.267
-73.917
-3.589
22.413
-14.884
-20.165
-49.340
-59.420
-61.834
-69.208
90.529
37.154
-9.657
-3.831
68.545
-45.565
83.414
-90.873
-6.887
82.908
27.250
87.188
-17.349
-36.52
-20.973
41.618
-76.954
51.196
98.954
-32.288
-75.815
-50.155
-28.872
-14.260
32.732
-94.174
-74.750
21.153
-93.803
52.536
23.263
-92.513
54.441
-12.56
-75.540
63.734
-70.261
-30.534
39.427
-55.531
7.754
-26.698
53.904
51.17
10.144
53.260
22.630
41.912
-65.304
92.759
-56.918
34.596
78.949
-64.201
-5.963
39.968
11.390
92.683
-59.648
5.792
82.948
-65.435
-98.413
-36.677
91.635
95.826
6.337
0.781
6.692
16.849
-89.431
-28.248
15.998
-4.235
-94.678
99.473
20.232
83.232
29.738
-75.406
-62.995
-1.775
-75.342
-14.647
83.593
39.793
-21.565
-44.301
48.330
44.6
-41.120
-21.621
49.296
-28.262
-41.846
85.385
-3.59
52.203
86.952
57.348
39.890
15.711
-71.413
17.641
-14.334
4.820
40.275
93.579
47.965
-83.875
-26.66
-40.533
28.404
-11.21
-9.87
53.492
35.84
-75.77
-71.476
-71.259
20.137
-58.878
60.806
-75.569
83.79
-26.532
40.667
-82.895
-3.418
89.542
55.262
86.820
51.633
-21.760
-64.196
-94.922
-17.814
-75.796
-63.799
-26.141
-1.48
14.234
4.938
-53.859
-71.723
68.617
-49.386
98.114
46.229
13.207
21.309
92.375
-87.579
-15.432
-3.503
40.223
98.773
-23.523
45.370
18.83
84.204
98.348
-46.335
-85.150
82.906
-55.446
97.396
-25.220
-20.417
95.435
78.471
22.869
41.567
-92.152
27.187
-65.42
27.391
14.916
25.788
-5.236
-21.114
-93.789
-13.282
73.526
-84.953
-0.419
15.498
78.965
-9.990
9.647
-44.20
2.313
29.579
23.152
22.536
-60.637
-92.604
-15.482
55.843
35.104
3.700
85.102
-57.531
-63.906
-95.381
-81.493
-38.286
94.501
-66.408
-29.795
91.898
25.184
-21.793
-48.656
-28.651
-44.85
1.375
-62.21
57.988
47.969
-89.612
-83.937
79.611
-58.859
95.539
-14.835
26.736
-76.550
27.407
-39.206
-47.995
5.530
99.561
86.971
-81.667
-27.733
11.959
-22.335
2.714
23.154
-12.153
-18.610
-61.709
-15.947
80.628
-37.107
30.470
11.92
42.347
-85.870
-83.334
28.352
55.213
-44.880
57.861
36.750
1.32
76.443
-87.238
-64.175
-95.758
79.686
73.194
80.138
34.547
16.384
9.437
-25.665
34.52
89.368
-67.63
-79.642
-95.67
25.47
36.881
-11.549
37.511
96.236
-50.170
94.12
13.279
-91.10
60.205
-70.431
-23.919
72.530
56.368
30.464
69.966
64.760
-76.725
-4.269
-74.429
63.751
52.375
75.847
-47.255
-82.37
53.858
-47.123
-53.199
90.503
37.29
42.845
-77.349
32.424
17.323
-22.557
-43.11
82.910
-81.564
-57.306
3.796
29.238
-55.767
-60.599
60.616
-20.890
-65.885
-68.919
-47.752
73.110
6.965
69.394
29.502
-87.662
-73.75
-82.995
-1.460
31.680
20.427
-76.252
91.659
-2.380
3.910
-72.949
-40.274
-28.208
7.310
72.941
-8.13
48.442
-99.533
-14.436
-28.91
44.563
23.155
-80.484
81.791
45.315
-42.975
15.524
44.423
-32.989
52.618
-83.162
14.637
-20.118
86.951
10.596
79.439
-10.906
35.602
94.834
88.686
26.421
-28.636
37.308
30.294
66.256
18.135
98.298
49.833
76.627
-92.468
-26.446
-22.774
56.663
60.245
-63.312
-67.882
9.580
10.282
-64.58
-53.250
-28.828
76.250
-13.859
57.419
-96.235
94.902
28.563
-60.773
-30.190
-27.943
-92.71
-55.699
93.112
-47.970
46.918
-9.212
2.341
80.953
-88.883
-6.110
26.454
-74.362
-25.255
-86.854
67.52
-87.161
57.416
43.396
54.737
-3.143
-47.570
14.844
80.569
11.308
-12.775
83.263
67.672
91.567
73.721
-39.676
67.375
1.241
-46.974
-50.685
-8.50
-71.633
48.352
40.844
81.469
11.408
33.475
-76.477
64.775
-74.625
91.585
36.709
-96.509
81.401
-33.783
-58.446
-12.479
42.156
13.320
-58.246
92.538
25.26
95.975
17.408
36.893
-24.503
20.916
44.210
97.923
25.733
30.325
73.102
-24.49
37.167
99.3
-96.379
91.351
-66.396
-97.45
53.723
-3.53
95.678
-13.603
-7.40
60.391
-7.439
-9.630
75.797
-3.446
6.899
-42.754
3.549
19.663
-85.422
-69.234
-9.993
-27.202
97.129
-15.984
-79.690
-17.332
61.236
32.207
-9.944
79.966
87.275
87.602
69.300
48.115
-73.446
-50.16
82.877
-15.61
-11.171
-81.950
37.789
-87.128
92.949
26.697
-96.523
-5.325
99.859
28.674
69.137
-55.318
-6.508
-85.347
-66.39
-99.417
-99.114
-46.171
-61.570
-2.251
56.772
-33.727
-60.786
-28.871
77.289
-76.340
-72.139
43.486
39.747
-95.801
-78.709
46.642
36.254
-83.983
-29.12
66.588
21.760
94.755
-87.195
-54.642
24.420
66.18
36.755
-44.490
75.219
-47.37
-7.11
-59.605
48.344
37.150
28.274
-80.193
74.281
-75.326
-59.253
-56.1
-41.260
90.171
-43.220
95.209
90.237
-57.69
90.996
-31.271
61.231
-63.239
-2.180
4.222
11.418
15.313
70.255
51.312
25.503
80.286
62.447
-1.910
41.64
-41.568
-13.732
-57.547
11.517
-54.268
18.993
-79.326
63.888
78.341
84.982
-70.423
-30.837
9.146
-1.209
-0.263
-60.434
27.365
-28.328
-81.906
-44.42
71.564
-19.694
99.555
79.108
24.609
-41.721
4.949
-41.929
-70.110
40.754
-92.278
-68.897
-32.49
95.928
68.404
56.97
78.2
65.795
80.366
5.406
-72.899
-3.619
-28.51
-61.399
-3.167
5.323
77.653
50.818
5.850
-18.655
-89.979
-39.682
-38.810
-86.624
-14.879
-98.184
79.614
-15.116
-46.621
-43.591
50.133
57.172
34.310
-63.596
43.662
42.912
-64.91
91.906
-36.152
31.547
85.498
-18.607
81.141
59.857
-60.152
93.195
-10.11
-93.903
-92.39
-17.623
-82.660
-31.779
-53.12
36.171
-68.584
-61.777
-67.287
-16.432
71.976
31.894
-91.128
-48.811
-65.116
-75.353
94.821
-65.534
32.701
62.469
43.41
-67.624
-63.415
71.616
-6.481
57.208
-28.302
-87.619
71.651
-94.465
-49.260
-81.428
6.591
60.762
-77.720
-58.477
-45.558
4.545
98.217
46.563
-63.313
73.794
7.900
9.760
-75.537
-26.348
85.545
98.949
79.800
-15.446
16.61
-78.334
-68.593
1.903
96.230
63.409
8.294
-62.893
-14.824
-35.91
-68.807
-65.938
5.206
-97.908
1.156
95.320
37.580
-24.494
13.961
-1.196
88.116
-35.682
-21.39
-0.88
-82.589
46.785
20.374
-88.199
1.912
90.665
22.553
-61.341
91.362
27.562
-23.844
-27.142
-4.162
60.550
63.903
27.45
-40.419
-69.481
-32.224
-34.151
24.226
-3.605
72.609
15.170
-57.133
11.813
-82.405
-59.26
25.358
-5.144
-47.768
-85.523
18.195
61.510
58.19
-59.282
58.965
-76.324
27.702
54.107
-32.807
-88.292
1.410
-72.323
17.582
96.793
39.651
40.279
-66.158
-3.512
-83.196
-32.84
56.486
27.10
-9.180
63.128
99.19
-0.259
-29.578
-61.981
0.964
-98.296
88.204
41.532
70.493
80.756
36.307
96.407
83.789
-32.450
42.202
-1.500
44.340
-25.782
68.852
-92.484
-43.121
66.117
97.752
57.184
51.279
-57.880
-63.776
-74.101
17.921
-54.65
99.661
3.727
15.876
16.686
71.137
-28.546
37.209
-39.684
70.853
6.859
-78.810
71.14
33.229
-99.598
1.569
83.50
-44.187
34.378
-76.349
40.7
22.837
64.608
86.493
-85.244
69.45
43.528
14.925
95.659
12.887
83.180
65.954
-5.870
-12.657
0.542
-34.563
89.858
95.973
-40.468
-63.381
-36.916
-67.581
88.538
16.802
-90.602
7.536
-70.526
-14.621
82.713
62.476
-29.612
76.832
29.620
0.288
81.978
-55.638
45.960
94.826
-67.809
-9.623
84.452
-27.180
99.761
-62.713
27.694
94.302
50.747
84.593
39.813
59.874
-56.511
-65.638
10.838
75.352
-80.631
16.925
-38.828
-25.512
-86.304
8.563
-53.471
-2.288
-35.198
-77.525
84.206
86.922
-42.313
-98.338
99.824
-13.284
1.637
1.391
39.726
67.755
-99.839
10.378
-50.672
19.822
0.773
-37.986
89.688
-13.741
26.80
-89.247
77.946
72.808
41.110
-23.329
95.681
-91.470
23.260
92.225
4.303
-94.692
39.270
23.594
90.235
29.210
42.505
29.648
-55.571
-68.615
75.171
-61.965
47.104
78.779
-70.369
72.250
55.245
20.774
-56.529
3.550
-28.577
5.338
-78.137
-21.216
10.438
86.562
72.917
-63.890
2.246
16.301
-93.930
93.787
10.565
79.238
-31.400
-53.638
26.810
95.773
39.527
65.643
40.88
45.33
40.443
-72.774
-73.157
-63.611
-16.737
-38.132
2.572
12.937
-23.129
-17.726
-49.418
47.343
86.68
-26.31
-3.499
-43.389
7.591
-51.703
89.379
-16.196
27.997
34.996
-14.783
-4.461
-5.316
-95.159
-18.819
64.822
0.811
17.227
60.807
-74.641
-31.207
8.664
69.269
-77.465
-26.383
67.299
64.799
-87.716
59.777
80.103
45.687
98.595
-59.916
-89.445
79.572
-39.591
-74.855
-20.95
45.506
78.86
-3.183
84.581
81.93
-0.682
-83.861
-50.153
68.27
-37.647
71.944
-34.22
-53.226
58.762
59.296
-29.96
-44.979
83.681
-65.501
3.239
88.610
-79.97
8.450
-69.708
63.820
-2.701
-71.797
-54.32
-90.997
5.253
-67.893
26.425
-7.933
-66.954
-39.69
9.371
26.543
-71.149
50.992
82.97
-1.817
34.95
-13.602
93.620
-34.911
-95.772
-57.299
68.470
11.672
-4.406
-1.207
92.742
-60.107
62.752
70.387
-47.182
-96.840
-40.860
86.572
23.28
-10.129
-14.474
13.134
66.396
91.918
28.66
37.914
-97.655
-27.493
82.68
-92.479
13.893
28.759
-50.677
-76.269
-38.149
34.738
-70.335
-18.762
-39.45
-39.589
-21.954
25.234
16.536
-55.612
60.202
-84.136
-22.958
67.529
-57.68
-15.659
-53.433
84.158
-26.26
97.81
-38.594
79.278
-59.752
-25.319
-6.528
-32.743
-51.796
24.932
31.910
-74.408
82.46
-92.677
90.336
-99.414
-37.320
-95.805
-13.456
-15.933
76.764
16.191
-89.825
-4.869
49.811
46.611
-14.500
-62.196
-53.61
-41.176
-62.405
45.421
-36.362
73.766
-39.615
94.13
63.279
5.941
51.446
6.888
94.902
-99.47
-94.83
15.408
-56.699
-57.294
21.309
-38.714
50.18
-24.676
-26.623
81.622
-61.568
3.583
63.240
38.349
-78.523
-49.261
61.111
19.487
-18.213
18.46
-18.759
0.714
-43.677
-33.615
21.245
66.494
-30.7
12.879
-71.997
52.967
60.485
84.338
-43.581
95.266
96.687
-72.505
-9.436
9.848
49.419
3.124
55.936
-66.720
-44.115
-0.10
71.458
91.982
-6.491
-29.153
82.102
-33.257
3.664
-10.83
-8.227
86.127
-31.750
-14.342
-3.748
80.329
-6.612
51.297
-24.352
-33.614
-14.774
-58.61
-65.444
-83.258
-83.714
-26.894
-23.0
74.803
34.427
59.512
-67.426
-3.637
-18.154
35.789
43.172
-3.851
-92.274
94.248
96.382
51.342
-72.561
-67.916
76.886
-76.222
-87.617
12.820
84.512
-4.658
-79.555
34.906
-54.30
-0.349
-35.925
24.202
3.141
59.106
13.990
-42.146
22.377
-85.112
-90.918
-61.518
-96.605
17.629
-13.85
-73.144
-6.9
-51.603
54.526
65.511
81.254
80.315
28.611
-53.380
-81.493
50.919
25.477
-42.680
5.834
97.551
2.33
-24.365
17.545
-14.498
-93.779
9.881
69.206
91.800
16.457
-67.555
-81.557
50.733
33.250
-80.417
-59.862
-31.672
-75.693
-47.584
-48.652
-87.719
25.353
-1.103
41.636
27.268
63.27
-30.111
-79.438
35.485
43.285
60.672
-81.550
-10.951
73.592
-87.371
21.786
-18.969
39.448
-54.135
-57.830
60.991
87.172
-67.282
-50.408
22.95
-62.168
81.787
64.326
32.832
-38.889
-82.502
46.389
-64.609
-33.559
-94.581
31.295
55.729
47.993
-40.877
69.516
80.898
-82.696
-8.812
-68.845
-37.739
-52.571
-36.478
-7.725
-57.466
-91.187
14.367
92.349
59.657
87.277
-74.914
43.367
60.803
57.363
-96.372
-64.663
0.829
34.373
68.684
62.371
-1.346
-83.189
37.901
-68.859
77.407
4.423
-18.423
-51.9
33.877
-24.839
-45.92
-80.375
-82.964
-91.633
12.162
-56.19
64.389
-53.641
-67.826
-14.603
-85.248
-1.28
-59.662
71.953
-41.617
23.674
-27.490
55.895
43.262
61.277
17.14
18.115
46.475
-86.346
64.939
-4.662
15.290
15.597
-9.592
81.153
56.823
-79.693
82.139
-47.477
-17.341
57.597
-71.912
-75.380
-26.641
92.522
-34.978
91.609
63.91
62.790
7.659
43.317
42.788
83.916
21.594
-4.86
-40.21
-51.764
-55.79
-50.441
70.900
36.395
-48.238
-72.773
-28.895
25.899
-44.291
93.542
-51.49
-52.599
-43.21
93.658
-13.106
-21.630
-97.610
-19.335
-28.679
-62.324
8.175
-85.27
3.22
25.467
91.680
-46.153
27.802
3.222
-30.202
-96.765
56.25
-17.711
-77.966
-11.692
-54.635
-4.33
87.661
-29.116
-5.947
65.443
-96.852
-55.221
-92.799
-52.662
79.468
-38.324
51.212
19.741
60.598
-4.463
65.12
-52.67
1.359
21.911
-33.542
80.581
-13.884
6.255
68.916
29.772
-34.238
42.42
24.895
-5.117
0.750
-16.431
4.544
-56.102
49.223
44.852
3.138
74.933
-16.457
18.215
-31.515
90.531
31.587
-8.543
-92.844
45.89
-70.92
-33.219
90.535
42.753
-12.136
32.227
83.310
82.270
-31.362
8.559
37.929
-4.414
-57.56
67.399
-92.911
-84.343
60.478
24.860
-83.943
86.951
31.440
20.845
-28.154
-71.121
-72.665
-58.949
74.210
1.34
97.317
-8.255
-31.586
-35.106
-53.386
80.610
58.882
-47.692
-31.267
93.620
-67.317
-85.778
6.561
-67.596
-26.649
38.482
72.140
-70.888
70.771
-32.565
28.184
-93.221
-14.979
25.547
-42.473
-98.911
64.335
61.58
2.380
62.513
-42.841
-91.387
-71.53
-11.778
-48.372
38.871
58.587
-70.700
-71.254
95.516
-36.810
-61.454
-60.225
-39.388
-16.188
67.626
33.536
34.707
94.378
-86.25
-91.861
-37.774
-23.635
-13.774
-30.90
-23.409
87.642
38.477
-90.323
-49.209
24.0
-9.889
1.912
-69.826
26.408
24.31
-48.270
-60.8
-28.651
77.100
52.576
87.185
97.438
-94.208
17.586
83.410
-10.10
-79.571
-78.151
-51.128
82.880
-16.620
88.769
25.316
39.385
-14.68
71.478
99.610
87.940
-26.791
-69.725
-36.742
-40.730
-83.307
-86.299
28.465
-80.188
-42.739
28.126
64.704
29.573
-79.661
96.802
35.137
90.876
31.604
-92.436
-83.678
-85.606
26.371
-11.452
-22.731
-74.180
57.215
0.858
-93.789
52.133
-99.16
-85.401
-50.580
-72.991
67.713
75.488
38.397
38.749
-66.195
50.847
70.598
68.835
25.38
-5.910
-38.729
2.156
98.994
9.84
31.950
41.252
-37.722
-49.743
62.568
60.274
49.312
55.766
50.464
-94.325
39.856
80.550
-19.187
57.136
30.150
93.810
-66.811
20.867
30.169
-87.115
29.454
73.734
21.506
-92.663
-58.745
-93.438
-53.4
78.524
68.506
75.594
-59.223
99.48
-42.321
71.414
-89.124
57.317
87.971
-29.101
42.769
24.496
21.255
-25.255
-63.749
-59.220
-18.509
-22.766
-16.506
14.835
88.30
68.554
-95.228
-44.153
42.416
13.227
-98.545
59.467
38.783
-92.849
-95.837
-20.957
89.452
17.897
1.691
33.804
-38.2
5.113
90.752
-81.944
-59.792
-68.712
-31.553
-22.570
-18.371
-30.57
69.495
-5.252
-60.742
98.175
37.35
65.703
-50.86
-88.708
75.426
5.8
87.329
-75.934
25.346
-30.644
80.733
-74.98
80.48
91.389
-73.16
-78.622
-40.361
-97.237
11.362
-68.544
0.25
-19.299
93.432
5.623
25.796
71.26
29.666
-64.916
85.27
-52.95
15.647
-63.366
-57.11
3.316
-39.341
39.864
65.893
-0.109
73.94
59.898
-42.813
-50.276
-10.385
-53.541
-20.780
-84.471
-26.236
86.436
11.661
-15.273
-66.815
-13.18
-31.828
-60.381
-57.302
-48.738
-4.716
-57.902
67.565
-24.732
80.499
-49.864
98.547
85.207
-13.217
-21.565
-52.821
-19.878
-75.198
-92.522
-82.102
-39.103
-15.154
18.639
55.453
-46.726
-27.579
72.950
24.925
-41.869
90.703
-91.243
-56.210
68.80
40.588
-81.34
40.862
-20.786
-82.62
91.903
74.394
-59.385
48.93
43.361
26.454
65.587
-31.327
76.847
24.730
49.173
-43.347
41.58
-86.707
41.502
77.28
0.146
-58.877
-82.506
93.630
66.879
-94.474
-17.416
-24.354
-77.796
-43.173
-63.73
-70.532
5.466
40.959
56.777
46.472
-34.789
81.465
-87.242
96.185
-85.100
20.871
-84.176
55.216
7.73
91.271
97.805
23.87
-3.174
28.922
-77.7
-0.279
7.264
-81.171
-14.630
76.521
-59.670
34.493
-23.49
7.77
-28.806
-49.607
-42.66
63.947
-52.913
-67.390
-52.201
-43.135
-73.659
30.366
9.794
-95.43
-13.337
-95.500
0.453
-88.972
-97.624
-76.920
-53.593
-27.875
82.984
-92.280
12.745
99.941
34.93
-82.833
72.330
-63.959
-89.212
27.492
-30.874
80.518
25.31
-7.830
42.216
-82.750
-42.822
79.985
-87.727
37.354
-15.584
77.916
-71.41
10.1
91.295
69.378
28.572
-70.503
71.91
85.280
42.595
22.724
-73.595
6.306
70.149
51.218
-34.346
91.217
-34.788
-4.625
-80.868
-93.742
22.767
-44.974
20.544
91.47
92.233
-65.925
-42.459
-62.916
63.296
59.241
-31.963
47.560
-21.680
-96.323
37.515
-77.532
-85.175
34.589
9.352
3.763
40.195
-97.594
-27.268
-2.364
77.454
-37.883
22.868
-18.255
-31.316
92.919
-46.512
64.509
-42.236
-52.239
85.268
-85.557
18.31
77.149
-26.532
80.476
49.223
-65.439
-23.982
2.234
97.872
46.57
78.675
30.253
90.731
-13.463
8.212
-15.877
-83.53
36.7
-31.104
95.502
-67.380
-71.662
24.252
61.818
-27.278
-68.794
-97.577
11.865
60.249
-81.644
-12.663
70.634
81.410
-23.524
-29.451
-0.120
-0.969
-53.980
-13.93
-29.474
99.238
-49.708
-13.489
82.665
69.994
-87.746
-46.446
-87.499
46.912
1.493
53.744
20.45
-69.411
81.93
-17.615
57.902
-16.100
-97.140
-58.886
-64.939
-44.944
-67.564
-99.786
-20.667
58.437
-90.194
69.410
-47.407
-24.517
13.481
0.478
-32.745
9.344
97.116
30.726
-79.817
33.838
88.237
35.161
68.875
-45.575
-14.7
99.216
-71.965
-62.996
42.275
16.760
52.849
48.736
62.957
-9.802
-86.216
60.115
31.638
-71.452
-85.994
20.810
93.663
-4.311
77.625
-76.86
3.524
-90.37
-45.968
-65.491
-82.276
-25.548
-81.442
86.546
80.375
30.804
-83.759
51.249
39.546
66.912
97.46
22.871
10.205
13.191
28.271
-20.754
-50.737
5.140
97.80
10.898
14.47
46.169
79.132
-54.245
28.173
77.245
-82.548
-46.253
-12.751
-25.713
-49.279
-72.725
-66.657
65.811
-7.439
73.268
-93.102
-50.701
48.313
77.190
-57.892
-35.464
83.130
63.447
-41.254
92.528
-40.373
-89.824
-91.724
96.153
-14.362
-11.398
37.133
-69.997
16.938
2.482
57.874
67.663
-77.454
53.350
-20.416
-30.227
-57.917
13.438
17.954
79.256
69.614
-32.833
72.910
-35.864
-4.236
-36.918
-65.375
28.441
40.858
42.289
78.558
-37.742
11.314
87.702
-18.706
-14.394
41.460
33.740
63.233
99.875
91.854
50.43
41.754
-95.793
13.512
-19.678
96.519
-48.304
-41.119
-44.918
-36.661
38.611
-82.305
41.300
-54.166
-26.137
-92.133
-18.881
36.174
36.870
15.906
-48.896
-76.879
-58.872
-33.579
25.705
94.349
-35.619
-79.255
-43.843
-76.258
23.58
82.934
97.992
-65.378
-99.955
23.49
28.884
18.116
-35.159
71.987
17.911
59.245
-81.294
79.360
4.311
-38.934
-21.714
23.533
-32.620
-37.791
-1.360
-75.520
31.853
84.232
15.236
1.626
-37.47
61.822
-49.854
-0.44
38.945
88.320
34.103
-75.640
-28.955
-93.709
92.246
5.859
4.960
-75.60
37.498
60.538
55.425
-3.452
-31.333
99.26
93.170
34.775
-97.431
67.406
32.196
43.456
73.764
-11.267
89.551
-75.850
17.496
10.830
-61.380
73.647
96.379
-70.522
-83.748
-72.511
-66.453
-41.528
94.797
-69.507
-20.221
-2.194
-42.542
-79.413
24.696
85.520
-13.987
-93.428
-75.575
-5.596
13.916
-54.670
41.913
12.544
-6.20
99.105
4.770
14.863
52.290
88.195
-83.761
99.15
61.308
-65.21
83.379
-96.778
82.435
55.449
-61.702
-41.342
-18.525
-64.176
28.137
9.654
-34.437
-79.886
-81.520
5.328
93.89
-24.730
-2.849
41.713
47.993
61.602
-49.436
67.867
-12.0
96.605
78.251
-65.875
-95.729
1.870
84.17
-55.830
81.331
-97.899
-98.663
-20.60
-70.890
-61.855
31.2
53.504
89.888
17.995
0.129
-70.726
-8.376
97.897
92.319
-38.381
63.164
-65.869
-89.858
-82.476
-58.28
-17.598
75.406
48.804
-34.748
-61.787
44.850
-82.668
-23.109
-5.192
82.802
88.919
72.146
-84.794
-94.980
75.242
37.138
-67.320
14.644
20.349
-6.783
68.723
81.895
-52.731
79.425
54.0
-17.189
-34.156
-19.771
-13.243
-0.402
-92.570
4.403
-61.307
17.86
-2.193
32.62
49.896
-91.715
76.628
-63.180
-84.173
77.229
-68.790
-39.708
40.962
-41.794
-83.696
82.339
4.15
22.130
41.115
-83.692
-29.460
-86.152
-29.192
66.285
-64.268
-59.651
72.555
14.577
89.119
-36.454
65.635
84.321
-63.951
56.717
-43.681
31.92
5.17
47.731
72.120
59.709
-91.374
35.610
83.773
-75.529
0.24
-45.307
90.13
-94.212
75.684
28.896
35.539
-77.426
93.709
8.284
44.436
62.81
-76.223
55.417
-17.593
52.221
48.756
-18.185
-98.479
-51.939
37.284
48.898
66.226
-49.933
96.102
-80.207
12.955
-31.74
28.172
86.376
80.565
10.765
22.931
-9.132
-13.581
63.313
-33.226
12.209
76.338
-71.376
57.609
-28.119
48.693
-95.554
26.768
-8.631
-49.716
46.428
16.656
63.527
86.685
27.765
33.313
-22.260
96.187
51.547
20.197
-14.795
-70.63
-64.527
-87.265
18.844
-21.29
18.752
69.848
40.900
-94.572
-64.386
63.609
-71.873
-58.612
30.83
-19.404
-21.622
36.643
38.235
40.29
-38.446
84.561
93.32
-81.442
34.772
-84.491
64.265
-95.353
-79.592
15.584
-71.822
18.158
-73.303
54.784
48.219
-24.155
57.919
-13.967
-64.146
50.62
-18.285
32.555
60.129
-20.583
74.883
1.760
-24.617
-59.782
-0.546
85.497
-54.367
98.900
-0.360
-57.132
47.658
-60.360
-29.136
-65.195
20.948
-73.985
-41.540
94.490
-2.290
-92.947
-65.247
-73.407
94.936
-32.753
52.825
71.651
-87.292
23.386
58.488
6.432
85.97
-75.423
-25.169
-11.601
97.853
-30.825
-1.364
12.487
-65.798
8.304
51.841
40.717
-89.994
-27.458
-70.655
38.237
-58.839
21.703
23.969
13.629
-35.280
-7.873
-54.814
22.393
39.363
-14.254
-13.364
29.985
-33.208
-86.873
44.709
95.868
-63.775
77.597
-98.937
-25.703
42.16
-46.946
6.979
-86.265
-96.461
-39.56
-54.471
36.349
64.499
-3.576
48.819
5.65
-51.723
-6.410
-87.458
-76.797
-86.4
-71.892
-2.856
-73.259
-48.59
39.916
28.168
-96.726
-81.113
-80.742
88.128
-67.752
95.154
-74.679
29.327
-4.818
-96.746
-63.442
41.876
-77.508
10.396
0.363
82.110
72.784
22.314
-32.870
-10.518
56.981
-80.22
-70.451
-2.714
15.814
-79.348
-50.820
52.843
-81.827
81.337
-76.245
17.925
34.548
-11.150
33.565
-71.897
71.299
-3.451
-54.384
-74.566
-65.94
85.411
31.97
-29.308
89.442
-67.565
-41.788
40.543
-29.497
50.224
-7.889
62.826
94.57
-22.387
4.528
52.296
-97.389
-93.629
40.211
72.961
69.920
-13.982
15.776
67.850
-27.355
-81.559
-52.657
-11.2
-13.343
-13.767
89.136
54.601
-97.517
-98.36
-85.115
-5.548
-21.900
27.663
-66.676
16.142
-79.283
-62.638
-80.735
-79.633
28.71
84.928
-99.150
24.829
3.595
73.11
62.390
-39.4
-18.837
66.16
-2.744
53.80
4.231
55.207
69.10
-12.335
96.597
64.989
-22.759
-68.426
47.80
-1.486
-83.190
16.446
29.267
38.331
-61.428
-75.544
45.967
4.487
27.386
98.87
97.222
79.238
-69.668
-70.458
58.971
-43.598
70.695
56.99
20.178
-64.676
-95.673
-68.105
-87.826
-25.848
-95.506
45.102
-92.272
5.128
-6.448
44.664
70.559
-18.379
56.218
-15.344
-83.791
-23.989
-62.481
48.938
33.144
97.189
-90.511
-56.981
-79.189
-28.804
26.340
-83.63
-93.277
-24.677
-86.11
49.160
24.450
-62.906
-80.985
-17.866
1.692
77.27
-42.621
-92.97
81.935
-14.584
-88.60
-73.923
-91.255
46.924
10.626
-62.503
82.898
-79.642
53.323
91.437
-41.877
-41.802
0.193
-45.592
7.802
62.517
-97.799
-4.630
-61.983
53.926
29.619
18.161
82.161
-2.958
-98.66
20.880
-97.429
-73.686
-43.747
84.252
67.433
80.352
-43.986
-99.888
-0.686
-3.6
-23.704
-42.29
91.272
75.108
38.328
-73.808
68.351
-77.502
-45.502
-82.505
0.28
-48.222
-33.13
-66.441
-50.431
-20.956
-42.825
-3.902
-52.499
87.682
81.34
79.282
58.168
-9.734
69.936
56.857
4.551
-50.6
51.758
7.846
-68.627
61.159
25.469
55.479
-77.0
-83.8
46.312
-33.615
75.418
69.577
44.245
6.859
3.584
67.491
66.669
53.252
49.198
48.684
54.259
19.128
-81.325
-23.883
-24.438
47.806
48.424
2.229
-64.78
-90.578
84.33
96.552
85.685
-72.709
18.485
49.132
-23.833
66.235
13.51
59.593
41.477
-35.473
-57.159
-8.131
-90.250
63.451
-42.874
-97.540
-81.53
-47.965
40.958
-17.293
99.802
66.810
94.553
55.116
-1.11
32.660
98.294
-15.341
78.381
18.151
-79.850
4.868
8.562
-14.417
-71.271
-54.955
-77.354
5.221
-51.799
55.917
4.49
56.353
23.313
90.827
78.50
-77.504
89.433
-94.538
-41.489
-22.244
-5.449
-39.257
40.480
-56.23
-89.1
-45.131
8.72
-26.766
-65.260
-55.934
15.939
24.830
90.771
69.379
-27.720
-87.65
51.425
48.451
36.716
13.724
-38.39
-61.416
-45.206
-57.76
45.555
86.343
-58.294
54.195
-16.231
-91.596
-47.534
-95.847
26.792
27.202
8.747
-8.485
-78.195
-21.949
67.217
82.908
73.308
-4.355
-98.881
3.9
84.469
21.277
-52.555
78.728
51.248
55.182
7.256
46.860
-84.410
-66.114
51.398
-82.171
-3.424
-66.154
-31.206
13.161
-55.321
6.219
64.703
-55.269
8.120
77.355
76.458
-83.976
70.507
53.620
70.576
-96.34
29.350
-25.405
-87.913
48.343
-32.971
-92.706
6.276
27.281
61.904
68.400
-42.981
-71.59
21.746
-44.146
22.78
10.22
75.429
-47.208
91.169
-64.337
-70.931
27.654
-41.127
-20.472
43.394
89.57
-41.732
-70.631
33.374
99.538
18.509
-18.988
77.29
-34.249
86.344
-21.933
-78.75
64.397
58.830
-73.982
-77.252
-64.270
5.799
25.233
-18.72
57.745
-53.923
85.739
48.49
85.22
61.51
-98.715
-23.372
-29.797
-85.167
-37.524
22.629
-87.214
-97.262
-41.500
16.113
94.612
95.687
46.17
31.554
40.291
-46.865
-75.704
95.501
-64.495
-55.611
49.157
-62.404
47.151
30.982
-84.675
10.621
-70.449
45.544
-34.309
23.116
25.18
44.80
-50.28
73.10
-2.194
74.456
63.427
57.672
-5.806
-47.681
53.58
16.902
-35.252
6.477
-11.131
-43.857
-96.873
51.530
-98.387
58.587
-34.92
77.708
-4.895
-7.453
-24.716
83.359
-50.708
45.859
63.709
88.567
-93.901
57.730
76.134
-47.493
95.169
75.652
65.455
-27.652
-72.267
-5.755
-76.501
40.858
63.786
-82.833
7.829
48.904
-0.621
61.149
-80.721
61.78
8.455
9.647
93.10
-11.145
74.152
7.452
-45.52
89.13
38.546
54.7
25.667
50.77
-85.670
-6.933
9.7
-93.767
-34.864
96.105
-59.143
95.597
10.575
80.577
-97.814
77.720
1.482
30.575
-10.961
43.909
-42.920
38.716
42.726
13.759
-13.108
35.785
38.639
-0.469
30.79
-75.875
-26.869
-21.607
17.801
88.766
88.931
-50.966
-84.804
-1.805
-45.87
-2.514
69.193
57.266
60.683
42.371
83.611
85.161
-72.797
50.650
97.647
75.750
-81.219
3.976
-85.89
21.283
23.319
-4.304
-4.376
-61.526
-22.223
-23.250
-90.131
-2.87
-80.372
-41.845
25.568
-72.825
80.229
37.642
-97.165
5.940
14.482
-43.984
-1.64
-99.405
-81.82
82.354
-87.86
68.723
27.973
-13.778
-98.592
66.988
-73.941
52.540
-77.774
23.256
-41.644
93.664
-88.844
47.757
-99.655
80.373
98.646
31.551
-70.228
42.303
-21.897
33.590
73.378
34.778
25.377
-61.9
84.659
49.743
6.313
89.507
-28.328
-12.214
-12.887
-8.674
-9.351
-70.864
-5.849
-90.598
-74.356
90.545
10.125
75.389
-35.353
-73.861
41.23
38.493
-44.350
-62.240
-23.66
49.57
83.867
-97.395
-73.230
40.455
82.848
-75.786
84.982
43.97
51.520
-16.622
-29.205
-68.302
97.127
-79.567
22.1
89.76
-1.713
63.56
-18.407
40.475
18.157
-16.225
61.422
36.453
-70.476
0.217
-20.818
23.333
22.4
94.544
-88.362
39.31
92.592
24.981
-24.651
-25.804
6.576
49.599
-51.322
61.968
-99.457
93.696
65.341
-60.165
-60.89
36.466
-81.725
-44.226
-92.377
-97.939
-45.738
-56.283
-50.449
-89.361
60.121
-83.909
14.590
-70.686
77.530
6.127
55.373
14.981
-21.984
-69.325
-34.985
89.321
15.135
13.357
90.234
44.792
-37.0
72.314
-90.487
58.508
-38.542
40.384
2.499
7.964
-97.654
-18.298
-19.187
-92.59
99.550
90.460
58.798
-12.390
38.793
0.652
-72.949
30.568
28.339
79.283
43.383
99.325
10.84
16.348
58.86
-51.139
61.863
25.493
87.173
89.552
51.648
-66.947
90.309
64.926
80.236
-90.740
-51.401
62.578
93.865
-15.507
69.210
-9.876
-75.318
-25.334
-27.315
64.405
43.256
-34.819
-69.364
78.880
40.1
1.110
-62.886
-80.763
76.91
-12.307
37.550
-66.36
-74.906
99.36
-79.628
-21.682
-39.144
-76.324
48.852
34.964
26.753
-26.972
45.198
-80.297
-96.776
-16.549
-47.788
64.165
-49.13
72.999
-7.825
92.803
65.48
45.981
13.129
-9.845
-40.593
-62.609
61.658
-63.183
-82.490
-7.834
-51.899
46.296
89.61
9.823
-77.263
86.525
12.638
-51.454
42.288
10.895
-81.599
1.245
-54.186
36.495
64.425
-84.763
66.676
-7.879
30.21
-44.983
-95.865
46.418
46.273
-7.909
-43.525
42.10
-18.28
33.535
6.66
-16.462
73.557
-77.604
-30.250
-69.557
4.52
-16.294
-92.512
-47.698
30.304
87.620
79.245
36.722
-11.704
-12.674
-74.478
61.247
11.391
-89.938
54.769
86.608
31.439
-82.127
41.738
-50.602
68.276
38.990
-2.401
31.242
-57.696
88.534
92.866
-41.600
-64.342
-92.692
94.913
-27.351
-58.654
29.37
90.494
72.683
-62.927
43.120
51.336
-49.929
50.275
80.854
-51.913
72.194
-86.284
49.656
-95.270
-58.565
-22.668
80.317
31.820
94.452
-61.203
34.827
-92.566
97.115
-36.10
3.821
-89.795
12.276
68.659
-0.505
-86.519
89.353
86.46
-67.795
8.931
-19.734
-47.676
-43.388
56.209
94.709
-83.447
28.336
1.922
91.841
-97.749
66.268
-55.667
92.910
57.666
81.460
63.96
-63.424
69.625
-21.969
-68.866
-51.32
-16.640
-9.484
-42.842
85.75
-88.690
87.206
-73.975
82.397
-31.617
82.568
-52.336
-38.597
85.92
-51.29
30.117
52.156
51.130
-28.664
-73.895
-37.629
-86.782
26.372
99.309
-66.613
-61.743
-46.147
37.899
55.679
-23.104
-8.394
-65.580
-59.6
55.158
90.524
-59.237
-45.283
-39.220
-64.376
-52.499
88.559
-6.124
-5.236
-29.491
-62.333
8.144
-49.689
85.829
25.45
-91.649
14.890
-31.396
-80.653
36.34
-1.496
43.356
-23.357
-86.295
-69.420
81.411
91.78
13.109
59.790
-93.478
70.979
-32.875
-39.50
88.436
-17.957
-92.638
16.682
82.295
44.306
59.951
61.73
60.357
-67.597
-83.537
-43.654
74.698
-17.966
-38.348
-73.592
45.704
-48.365
-82.777
-43.296
54.280
1.375
5.649
-52.867
-81.457
-57.530
-91.228
76.28
86.262
54.157
-70.411
-24.812
36.669
94.622
71.703
49.913
-19.204
93.233
84.719
-5.373
75.496
-24.272
-1.708
-27.854
20.678
74.527
-59.346
24.839
-17.75
-76.833
40.760
-15.136
2.337
11.364
-41.436
27.11
26.322
-82.247
-70.516
-30.393
64.33
45.849
-99.3
12.166
28.960
-74.87
95.166
14.400
24.22
-62.753
32.669
-63.266
-30.817
86.30
-7.758
17.33
-89.380
-32.147
-74.523
85.585
-36.870
-73.433
11.115
53.253
13.213
33.430
-92.971
70.456
-99.482
51.567
8.104
34.829
-79.241
41.694
-85.59
-87.592
27.436
47.758
-66.958
60.761
40.570
-42.756
-29.235
-31.528
39.665
59.405
-10.132
84.579
14.597
26.357
-6.150
-42.844
8.874
66.57
71.296
-34.508
94.418
-38.54
-44.520
-9.946
87.253
35.247
91.407
-83.326
8.697
46.283
41.677
68.667
-26.12
-81.373
97.160
-64.647
-75.238
12.522
-6.82
-49.528
0.321
21.241
-48.867
95.500
-89.497
-87.361
-33.288
87.800
-66.307
-95.808
-59.109
0.682
9.231
34.978
80.167
90.755
-95.988
91.275
8.294
60.741
91.900
44.800
-37.462
50.896
-62.477
-24.419
52.315
16.106
-32.666
8.78
92.870
85.714
-64.203
-75.853
-64.868
72.744
36.196
88.864
-67.197
-93.205
7.49
74.486
41.550
22.825
-47.641
-54.814
28.450
21.890
68.57
85.950
29.310
-95.684
-75.577
-11.451
0.850
-57.604
-62.484
12.805
79.25
-42.811
63.592
32.888
-88.763
-46.774
-29.126
-54.335
93.498
86.162
-17.841
58.436
49.151
-2.683
-91.223
9.321
-78.451
-97.605
73.951
-34.937
0.807
-43.265
50.966
97.220
-84.63
86.72
15.402
-71.199
62.125
-3.959
6.859
3.554
-84.504
68.653
-88.537
-83.976
99.391
19.614
-92.628
68.931
33.390
6.493
-43.30
99.150
-26.890
-65.473
27.925
44.344
-60.688
-1.908
53.941
64.299
-81.895
-55.694
-31.620
-48.737
-41.117
25.161
-76.773
-56.726
67.979
-20.95
-18.628
47.84
-26.467
95.315
-42.956
-14.133
-82.110
38.866
-54.685
-64.957
-21.175
25.722
-75.100
-45.848
5.790
-82.205
72.787
-87.578
76.132
-96.96
11.769
55.46
-34.621
-81.819
94.376
16.411
71.435
36.223
-67.499
35.948
60.959
60.866
-35.753
63.86
86.180
-52.48
75.119
-86.855
74.474
47.661
-21.21
12.434
-53.269
16.332
-50.471
9.475
-82.551
-39.837
-19.263
3.963
-82.384
-73.648
83.801
-45.818
94.868
75.329
-4.964
-5.503
-14.875
49.578
-45.560
15.486
-19.869
45.814
55.408
88.535
96.540
-8.597
56.211
-20.912
-47.658
-58.525
69.245
82.142
-64.549
-67.289
-52.837
-52.745
4.554
-31.526
88.274
58.884
-13.654
38.88
-77.4
28.624
-63.628
90.980
15.185
55.468
55.409
-66.567
2.780
-35.918
-10.147
86.876
-3.639
5.682
5.249
-11.904
-44.559
-2.577
-45.131
-42.466
-79.428
21.566
86.169
80.427
-6.84
65.48
-44.844
33.746
-40.344
28.586
-35.618
-41.739
-23.277
-96.509
-52.415
56.532
17.977
-37.862
86.402
-67.731
-67.118
47.359
-45.34
13.430
12.934
44.443
27.860
3.449
-29.787
-47.655
3.574
30.973
95.418
-90.784
-95.496
-67.640
-19.968
53.323
48.452
-98.51
-31.706
-34.36
96.132
44.974
-23.369
88.788
48.60
68.513
-89.713
49.64
65.295
6.230
-21.578
54.23
-71.698
-84.186
-90.634
-16.254
65.495
-18.144
22.561
-85.320
-32.41
-15.847
72.818
-51.154
-19.497
46.165
-39.131
97.901
-67.176
84.661
84.745
-14.560
15.784
66.436
-55.655
-78.853
7.544
31.441
-51.608
33.45
-87.981
82.995
-24.462
36.728
-55.35
-22.313
-3.520
19.503
37.54
-82.440
41.979
44.362
-12.138
-12.127
-52.834
47.756
-95.412
88.931
75.920
-70.203
-62.496
-83.840
51.852
81.316
39.668
84.915
42.263
-72.903
-57.278
-96.700
28.862
39.97
64.48
-27.529
18.620
94.4
79.698
24.222
-5.79
-54.676
10.156
10.795
2.659
99.238
65.956
99.703
-0.882
-17.259
-37.764
-87.670
-38.180
4.790
-15.44
26.444
-19.361
-81.760
99.612
-15.181
54.18
25.106
71.144
26.348
27.815
-88.594
39.213
-98.646
-61.545
6.313
62.467
82.792
-24.316
46.842
-10.221
70.761
-27.700
92.51
-22.812
-64.570
-87.584
-29.618
29.342
-26.640
23.302
35.724
-42.351
-14.544
-84.118
0.982
81.669
-30.551
-23.732
32.710
35.833
-59.269
97.611
36.777
-25.413
-79.66
-54.47
-14.529
43.952
15.984
-78.171
-44.383
-34.380
27.568
-65.646
-72.425
10.531
69.197
31.41
77.756
-82.334
73.430
-32.416
-55.644
-6.361
71.333
-54.895
85.716
45.699
9.577
-10.59
83.684
38.17
78.372
-35.878
89.302
21.356
-84.793
-44.790
-98.300
7.362
-51.445
78.636
-21.314
60.401
60.543
-45.164
26.148
-24.44
-21.542
95.750
80.353
-2.431
-41.104
52.664
46.176
-41.622
45.248
43.772
-31.893
71.540
73.773
-73.275
-9.417
64.569
-20.667
19.309
-82.554
-97.197
-4.380
-6.51
-58.277
-64.502
1.12
94.528
4.748
91.567
47.501
-56.698
-86.554
-61.261
28.919
-69.883
33.936
18.183
72.287
94.130
-77.278
67.386
6.172
-25.585
-96.814
-96.335
99.720
65.738
60.310
2.457
64.134
26.953
87.759
-54.285
82.933
-81.982
64.581
36.798
42.458
36.13
-13.677
-67.303
-60.942
26.148
-77.830
46.964
-98.80
-22.116
-84.311
-56.247
-86.112
-54.480
23.792
-56.518
26.947
-30.893
15.43
34.765
-51.149
78.506
67.644
84.698
-57.973
-25.582
-89.808
-87.938
-50.306
41.492
-52.943
-75.821
-97.140
31.577
98.786
-57.711
-34.852
-11.40
-30.590
-44.583
-23.487
4.262
91.211
-74.743
7.41
66.250
54.536
-3.848
-43.430
-88.974
78.949
10.154
-16.797
-63.172
-86.31
48.997
22.4
48.507
-66.502
74.943
-69.321
-99.283
44.300
53.863
4.549
-49.850
43.772
-74.872
-5.838
-66.964
53.833
-42.932
84.229
76.934
40.438
-36.487
-29.331
-78.857
34.563
45.581
-99.887
-78.429
89.65
99.242
-25.834
-0.170
-77.951
-78.829
-99.16
10.13
37.413
-45.591
89.832
-15.732
74.857
-72.109
-10.986
30.964
8.915
-49.677
72.214
-33.711
24.100
32.667
-34.642
-70.814
29.376
40.307
-32.815
-40.817
13.189
-0.874
-82.950
44.482
-43.768
98.939
-63.220
-17.860
36.744
73.536
-36.250
-64.2
56.384
0.580
-59.323
-13.822
-33.537
-29.454
85.242
-56.816
44.204
73.620
-28.128
82.828
23.740
-80.153
80.938
-0.119
81.4
-59.760
-73.556
89.581
7.710
9.892
-43.315
-1.747
81.127
50.28
74.661
-44.772
30.545
-20.286
-34.293
-25.302
45.598
56.799
21.81
-75.683
-1.709
80.753
71.983
18.955
-99.290
38.467
-74.964
25.521
-75.994
-5.321
63.623
87.255
-31.626
72.996
-52.596
-26.134
-2.208
28.485
-53.361
12.18
54.134
-5.721
10.552
3.876
-99.629
-89.807
46.361
68.241
-15.894
56.458
-71.912
60.670
-5.132
-75.635
-94.486
-9.975
63.274
-25.994
-72.10
85.666
16.989
-29.250
-15.55
5.30
-23.877
71.838
77.401
-93.478
1.851
56.288
70.104
48.785
96.52
-28.457
-96.932
-3.403
-85.381
-93.226
-43.179
-56.136
-39.906
59.106
-30.54
55.882
15.931
52.686
-28.771
-57.164
-64.859
-75.867
25.206
28.866
-19.448
11.655
-63.871
-96.323
37.203
-6.560
6.577
33.104
48.429
-69.657
-48.629
-81.340
48.655
99.804
-83.541
43.247
66.853
1.538
-4.86
-65.107
-44.707
19.940
-1.689
55.588
-32.323
-64.18
-9.485
31.638
57.642
-13.759
-78.503
72.322
58.576
-99.431
-45.915
31.879
-17.941
-61.972
91.430
-59.743
-87.921
23.593
-47.451
64.502
-21.847
1.731
52.400
-40.61
-15.604
-36.764
16.351
0.74
-7.873
-93.789
59.410
43.764
7.516
-12.209
-90.424
49.212
-0.628
23.529
-92.588
11.381
33.692
55.436
-59.195
-16.208
-83.150
6.451
45.503
35.227
4.271
47.382
79.768
-25.275
84.634
-63.951
-51.286
63.244
39.589
-91.376
25.681
46.728
-1.659
-49.236
84.520
-63.435
54.486
-95.449
-88.888
84.432
59.609
-5.7
-33.361
82.10
5.94
63.810
76.364
-27.260
-22.948
-58.932
71.791
16.148
42.681
78.863
-51.969
-97.984
78.213
-97.940
-18.763
-28.973
21.244
76.313
90.555
13.333
-98.237
-29.434
-71.64
-77.613
95.532
-13.412
-63.685
56.961
-49.951
23.16
-61.814
-72.144
68.167
-28.896
81.943
97.256
-39.471
73.379
-72.128
-78.751
-17.465
46.237
-60.757
-39.238
83.619
-7.369
95.108
20.81
55.305
46.335
-53.152
26.50
-96.111
-84.102
-17.285
-44.544
-28.291
82.211
-68.619
81.465
-46.470
28.448
48.896
25.981
-92.950
78.394
-34.274
-97.357
-94.77
-47.210
36.157
-77.85
-20.585
27.710
-83.754
-77.633
62.67
-91.516
-31.710
-38.658
-14.694
12.323
58.595
-53.622
-29.858
7.235
-80.649
79.40
35.971
20.61
15.775
-20.287
62.46
37.299
27.381
72.888
-49.920
-94.399
-7.386
30.958
64.974
-43.646
-98.708
-48.97
-20.877
3.449
72.798
39.344
99.251
30.934
-22.698
-42.293
50.691
7.839
16.712
-6.167
-37.439
-88.531
42.130
83.560
-83.234
-60.577
84.579
-15.286
-96.55
54.561
-13.398
71.838
73.633
78.816
-18.51
7.312
-90.596
-17.963
-35.160
17.766
18.880
10.651
34.776
-39.154
5.72
-5.580
-34.970
-42.639
88.426
90.43
5.713
18.524
22.710
59.49
-65.454
-22.511
43.445
60.187
92.728
-37.770
-48.875
-91.145
37.420
59.331
-87.696
88.918
69.661
-73.873
-16.166
-37.755
-2.55
33.298
-39.135
4.46
70.185
-42.274
26.243
56.416
-73.784
70.422
-89.76
83.109
74.749
-38.705
-81.27
72.521
-82.348
54.304
-51.577
14.599
-32.140
57.723
-80.549
-90.687
98.820
39.293
7.375
70.81
49.932
65.446
3.730
70.839
-46.71
75.561
-9.411
22.103
4.910
87.132
-73.481
-89.447
-55.450
-62.272
-91.318
22.393
-93.554
-84.476
-20.33
83.572
28.45
-6.86
34.942
-92.104
-42.647
-64.122
-99.567
-97.803
-47.475
10.958
54.687
31.945
-55.179
33.823
-32.366
-2.582
69.33
-38.130
36.329
-67.540
-22.894
-23.577
62.684
95.17
-84.202
72.556
-83.825
-64.563
97.952
-56.319
26.294
-83.217
85.231
70.278
-27.462
53.486
-10.121
99.286
-71.783
73.791
14.918
-2.553
18.291
-19.661
89.840
-61.194
89.304
-42.555
62.79
-83.204
75.118
61.772
16.391
-54.362
-18.351
-96.912
-12.601
-50.595
-74.457
-33.492
36.667
56.980
82.648
-99.902
-78.372
97.520
62.833
-83.135
11.10
71.943
82.431
16.688
-71.970
-20.570
-32.500
42.249
17.11
-44.146
67.209
51.280
-75.915
71.231
48.354
25.675
56.259
8.401
33.70
-90.515
83.34
38.85
-89.512
71.984
-41.184
-33.761
-48.617
-62.126
-26.511
-4.901
-29.785
63.875
-29.764
63.235
-28.976
99.662
-46.510
3.724
62.202
44.307
-40.888
75.451
-94.332
26.447
-94.675
-98.75
15.673
50.376
-62.291
86.135
11.127
25.302
62.97
-16.375
-58.770
28.520
-60.36
54.638
24.100
97.638
-29.801
-1.726
24.641
32.309
-39.967
-21.647
-83.307
-17.161
80.286
-82.235
-23.317
-92.418
15.343
35.127
30.218
0.291
38.774
16.692
32.772
-48.307
-55.782
12.974
47.889
-23.976
-8.259
13.859
-14.649
26.665
47.897
-59.797
-6.653
70.617
-52.64
-82.339
-38.47
-13.213
-31.779
23.405
60.252
-69.663
-89.169
-39.791
-16.596
87.278
82.316
88.281
5.464
19.288
-50.148
30.169
-7.658
-38.749
33.418
-97.905
99.539
1.579
-16.884
10.455
9.957
13.639
80.946
-68.884
48.70
-76.567
-82.418
-5.320
13.188
85.99
-98.160
58.273
92.805
-83.574
24.74
35.903
51.985
6.342
92.255
62.893
-87.191
-73.1
46.493
-66.29
22.653
-48.489
93.440
-56.399
92.591
-16.254
91.193
78.367
-39.413
6.631
98.905
-17.305
-91.398
-99.955
-49.647
-6.15
9.806
-2.884
49.876
-42.882
63.532
90.902
-6.893
15.492
22.393
-69.852
74.761
21.15
-86.617
17.411
-80.74
52.317
-77.923
-53.390
84.413
-62.934
7.209
10.430
50.668
-65.986
15.718
-97.770
-33.447
14.501
40.885
60.600
-83.659
-20.222
72.172
-93.89
25.504
83.301
59.86
10.401
51.441
6.953
47.437
45.357
25.81
-73.874
-8.851
12.734
35.545
57.855
80.759
40.317
-53.464
-25.761
-19.286
-37.411
44.771
56.84
22.119
-74.28
27.960
21.800
21.205
-10.130
-56.501
-83.138
88.835
92.743
-35.165
-71.539
-14.266
-69.140
-92.113
80.624
-80.380
-67.816
-17.804
38.549
-96.784
-24.55
-81.921
49.790
-18.35
-93.415
50.395
60.262
-9.131
-45.422
25.570
-70.46
-6.879
-61.29
-56.647
17.292
49.94
-14.555
95.516
-81.462
-15.487
-86.109
-63.515
-62.29
52.437
28.854
-20.256
59.670
-60.266
-97.199
-4.666
-33.452
61.668
16.530
52.182
35.363
-63.135
86.894
-15.606
61.404
21.60
-68.146
24.59
96.975
0.979
-42.14
91.430
-95.616
22.183
15.297
-59.418
-70.739
-33.663
16.411
29.12
77.606
-88.697
-86.893
78.215
-29.283
-87.942
-54.212
-71.897
47.665
98.695
-80.872
77.561
-3.247
98.178
28.959
-7.346
4.753
-93.676
45.824
-56.874
-32.455
-66.932
97.87
22.537
-66.817
93.224
-14.881
0.526
-36.471
37.127
-85.211
53.329
-87.827
-20.301
31.967
1.812
-69.778
-91.431
-89.667
-11.856
-59.341
-63.346
50.785
-25.905
-90.236
-24.737
82.107
-22.98
-39.739
-28.150
-96.909
-27.472
-88.475
28.300
-17.542
-77.666
-97.249
48.523
29.14
30.842
86.838
36.918
-32.706
65.735
4.304
-80.382
-45.131
-69.331
43.61
-56.691
-19.429
-43.265
-92.249
-64.815
41.571
-60.51
97.48
36.317
-97.12
-73.168
44.639
53.983
-32.375
-69.292
-94.385
-23.845
34.394
-28.930
-6.328
93.953
75.297
87.902
-16.686
94.708
-92.702
61.325
-81.311
-2.791
-93.98
-96.643
19.119
82.658
-80.526
6.620
75.164
-30.25
81.607
27.661
-56.154
-64.802
-78.774
90.708
56.589
-60.847
-25.422
91.52
-35.934
-89.461
-87.269
-83.686
75.664
37.206
-58.214
-56.375
75.452
-59.443
20.378
40.920
-21.507
-9.943
-0.870
-16.407
-93.917
59.574
-72.349
-60.760
-0.832
-26.524
-13.146
-22.555
-17.907
-29.976
-47.469
-27.329
87.753
98.813
-53.265
-39.691
44.257
61.231
-69.949
-99.130
89.277
96.956
29.543
-11.194
58.647
-38.338
-42.835
-44.996
1.118
18.717
11.258
74.954
-17.435
14.347
-77.857
-5.95
76.289
-5.233
-65.187
-78.705
-69.469
41.243
17.412
-89.27
7.604
73.761
-77.837
-68.442
55.159
61.937
36.258
69.399
-61.669
-37.258
-11.418
95.91
75.968
96.236
-50.243
-44.404
-95.140
-67.62
-82.475
-61.112
-68.376
30.123
-54.98
-67.294
74.297
-41.293
98.340
-65.907
-31.941
-67.502
-65.970
-81.653
-36.959
-63.726
78.100
84.594
-47.792
-3.9
-72.940
-17.959
-27.676
64.157
73.845
33.708
39.686
94.23
-90.122
78.477
25.502
61.671
51.98
64.863
-78.88
3.873
6.864
10.358
-59.0
53.778
55.303
50.516
5.568
88.132
-76.863
-62.366
9.425
-42.435
-50.46
-32.699
-44.755
6.505
-92.262
-76.350
27.279
-66.541
-79.550
9.344
-49.946
37.831
56.475
79.734
-70.926
81.854
24.381
31.299
8.131
-10.740
47.541
30.478
65.35
-55.866
3.488
-13.469
-25.293
-17.176
-2.836
-89.346
21.493
4.324
65.889
-54.297
-77.700
-78.65
33.742
-21.11
-61.413
79.555
42.428
-93.332
27.98
96.904
83.782
58.360
-54.846
96.619
14.980
-20.60
73.654
20.247
42.727
6.423
-19.907
80.665
10.872
31.468
15.334
12.306
17.380
-98.752
-63.746
27.605
-47.624
-49.505
63.367
-24.898
4.165
-16.878
-89.295
-67.845
-93.860
-98.87
75.486
-62.135
63.99
40.223
85.479
-64.495
-2.684
19.52
-89.197
-57.496
-78.723
75.785
30.701
0.341
72.527
58.943
-26.545
-89.65
-49.606
-70.563
30.893
-76.868
58.698
39.750
-95.923
30.733
-9.60
76.901
95.751
-63.173
76.903
63.779
36.938
10.829
78.325
-72.255
62.116
98.592
-50.439
-57.503
78.631
-45.546
-28.683
-13.445
-49.175
-8.400
53.62
-57.412
15.163
76.272
-10.302
99.147
-20.675
78.641
18.90
-83.299
-56.704
45.661
78.129
-3.857
83.20
94.519
4.839
-48.270
38.288
56.924
25.80
-57.577
-54.655
13.811
-45.194
-79.789
-12.845
-21.693
71.484
-64.40
-55.465
-3.175
12.229
-2.142
1.187
-69.18
-8.431
38.804
-39.428
80.392
45.699
-90.54
64.766
93.20
-86.322
21.43
49.351
-22.141
88.980
39.860
81.57
-41.299
76.163
-40.9
47.295
-93.568
-57.617
57.991
61.679
-93.870
-69.604
-96.345
78.974
27.14
0.961
-95.354
-33.564
-26.373
-8.234
-75.927
-3.548
40.444
-24.23
76.402
37.602
45.649
-73.234
70.60
-6.268
26.896
64.99
10.639
49.815
-15.144
47.633
88.579
88.604
-4.975
-93.33
-16.459
-18.475
20.685
-15.787
84.754
-56.601
81.641
4.230
-12.986
81.580
-70.596
-55.667
91.987
-66.354
-8.439
47.347
67.328
18.384
-73.749
56.482
72.852
99.459
2.402
-43.320
70.28
-52.375
34.994
58.112
-64.38
-9.746
81.270
54.69
-94.324
-74.367
-60.337
-85.989
-9.924
-61.134
50.851
88.60
-60.693
-36.348
-71.394
8.468
17.628
55.665
72.574
-31.36
7.138
69.279
29.939
-59.676
-11.299
34.860
29.677
61.484
-82.8
-80.540
12.247
47.169
42.50
30.810
19.221
2.607
57.336
41.449
-43.232
-19.312
-35.176
-37.323
-71.165
-96.747
-97.66
-49.220
-10.30
-52.771
-78.166
-65.437
92.972
-19.262
14.233
12.529
-20.178
-1.127
-90.589
-67.241
45.272
-56.337
-78.330
29.201
54.767
-45.80
-83.300
-39.354
68.144
27.63
-10.208
-59.164
-97.595
60.676
33.730
-91.275
30.410
95.202
-92.222
26.502
-53.812
-5.23
46.572
69.433
-93.218
-84.810
-56.440
-80.288
-10.480
84.958
-73.963
70.120
36.766
-97.935
86.180
54.565
1.873
58.53
70.515
-56.699
92.724
-92.94
-67.383
-14.832
47.119
98.325
11.726
64.436
-10.658
35.614
-19.806
-18.750
-37.117
-75.832
49.31
55.229
-26.940
70.956
-19.566
83.602
50.373
89.843
74.132
95.8
48.757
-20.912
-17.390
-92.360
3.931
73.266
-58.416
1.105
42.131
-5.878
-0.826
-26.798
-81.767
-28.459
-84.663
58.36
-34.546
35.647
-31.442
59.47
48.648
93.274
3.508
-2.288
-62.924
4.982
13.416
-37.303
-67.486
-32.98
-23.146
-45.739
-66.142
6.97
5.611
-20.615
23.80
-72.718
69.985
60.717
-51.792
-89.390
-54.308
-79.314
-93.571
-31.391
-3.514
-92.487
-37.308
20.421
-49.872
76.13
42.768
3.347
-61.40
30.123
19.227
-36.471
-71.808
-43.780
-84.429
69.605
-93.48
-76.251
26.313
-47.195
11.514
-42.702
-12.773
-91.768
42.404
-66.474
-3.719
-60.447
-16.325
13.924
34.636
-81.30
52.243
-32.934
92.876
-33.294
32.497
79.309
30.726
-45.139
56.673
86.907
66.959
-71.991
45.135
-76.821
32.653
8.33
31.915
79.260
4.969
-17.555
9.721
47.592
-68.290
-69.218
-64.202
57.610
-12.241
92.773
64.129
10.947
-14.608
30.355
-38.475
-33.844
-49.461
22.118
29.182
50.27
-84.791
87.853
-97.120
-80.550
56.488
-25.773
13.874
55.797
7.926
-53.176
-72.513
-73.552
-72.850
-28.182
-91.438
-29.316
12.329
-8.736
75.443
24.397
-52.721
23.194
-48.467
-93.147
-41.238
29.567
-90.332
-78.992
63.19
-74.243
-14.747
-18.971
23.119
30.665
-72.158
-52.87
-48.929
77.208
90.71
98.446
-4.212
-31.530
-4.306
45.36
-84.960
-14.812
63.612
-44.689
69.779
-14.678
-55.782
-43.165
54.669
-36.114
84.351
-41.617
-38.480
64.624
-98.745
55.160
11.815
-30.458
80.764
-36.500
-81.684
-86.178
-55.716
-37.580
9.330
-60.37
-93.148
8.931
88.211
-37.0
53.333
-72.171
-60.326
76.764
20.525
10.685
59.978
76.538
2.826
-93.215
-84.821
11.345
17.406
90.482
-44.255
79.765
-52.876
-26.52
-30.807
98.200
-66.84
19.495
-43.964
94.855
-12.451
4.730
-32.435
-91.361
87.791
-62.642
-52.208
63.880
-71.123
34.969
31.182
35.286
4.670
-49.961
99.401
-8.815
-17.419
-10.34
-51.5
4.739
16.422
79.957
72.461
53.163
94.114
-31.123
58.740
46.51
-13.902
-4.258
65.326
-59.205
-40.977
-91.782
55.629
-25.660
9.519
13.765
-2.278
-97.183
-84.800
41.959
59.299
87.842
82.198
40.175
72.884
45.97
21.552
51.549
-91.533
-57.926
-28.686
-29.625
-12.908
-76.648
0.320
96.18
-8.439
99.543
25.234
-3.544
41.972
30.201
-61.365
-43.93
-99.46
40.94
-31.2
-73.754
65.531
95.135
-99.228
-93.110
12.623
-92.966
19.18
71.958
-41.941
-3.815
7.832
-98.527
33.178
93.471
6.736
84.528
8.847
30.71
46.512
-17.315
41.23
49.573
92.159
63.752
-96.258
53.394
28.255
21.885
24.84
-69.853
29.594
-26.896
2.188
56.404
34.300
48.205
-90.733
32.606
44.431
-69.500
-62.982
29.708
70.262
22.118
-26.453
-92.1
1.644
-16.876
-17.472
-54.594
-92.556
29.437
61.108
82.782
7.861
-85.953
-68.806
88.323
-63.92
21.847
-80.791
72.872
73.634
87.616
20.224
-6.461
94.181
-77.469
89.285
21.58
47.290
-33.963
-4.488
36.127
2.648
-29.854
-9.100
96.30
10.519
-17.392
-70.539
-19.924
41.928
44.364
68.718
16.147
-77.957
19.305
83.516
31.385
90.407
-40.727
-56.568
-61.564
93.333
77.801
15.431
-6.50
-79.833
23.417
-7.507
-34.99
33.156
13.517
-9.662
23.591
-37.806
-56.465
-85.596
29.720
59.579
96.714
60.399
-44.564
-44.925
30.201
17.538
35.247
-55.632
61.913
84.772
67.968
-49.580
39.176
-98.673
19.403
-31.520
53.807
89.314
-73.876
29.612
64.679
66.880
67.19
36.317
-79.436
-27.319
14.773
-47.614
17.439
48.320
3.484
79.702
-36.669
69.6
27.637
88.765
69.631
-9.778
63.247
46.247
41.551
15.182
70.18
97.939
93.266
25.754
-29.923
58.932
1.448
-87.994
-93.535
-84.750
29.873
95.922
68.215
-30.540
61.922
-71.780
11.434
51.321
-39.115
77.651
50.632
-42.727
73.295
-70.677
74.638
2.161
66.25
-26.476
32.115
-25.845
-68.495
37.789
-79.314
-89.337
39.611
-63.765
-67.731
54.309
14.493
-41.818
71.739
33.128
70.259
-7.348
74.639
-79.702
97.22
-41.976
-61.942
0.35
85.258
17.891
90.13
-26.921
-51.347
-40.226
94.423
-31.964
78.677
-71.678
82.163
84.332
14.622
-3.701
-93.904
-23.844
59.638
-65.722
99.700
79.123
94.105
-67.441
-31.907
8.411
59.356
-4.31
80.490
79.107
-42.858
-35.37
58.31
-44.98
14.129
-7.138
52.397
2.253
97.285
-82.564
89.759
48.194
31.253
20.449
54.764
-43.523
48.427
9.30
-53.879
88.261
83.250
-36.250
-78.682
4.354
29.708
-35.3
31.651
-76.712
26.866
62.954
63.437
74.525
-80.904
-43.660
56.189
-32.324
-36.907
-15.983
28.510
-68.772
21.687
76.662
-81.594
21.738
-62.894
-64.178
69.114
77.481
-50.309
-37.829
83.302
-66.978
26.812
-43.133
20.647
-86.711
-29.32
32.262
-18.112
-14.802
-86.285
-94.703
-16.229
33.472
-39.92
-88.631
-67.60
-60.992
87.410
-24.176
-42.63
-62.109
-13.978
-76.911
24.350
-20.190
-79.609
70.370
24.657
-90.133
-58.627
-63.90
71.203
-60.132
74.656
33.128
22.907
24.730
-71.154
-28.644
13.2
-14.217
-76.640
64.852
-15.327
68.212
64.786
70.111
97.882
-82.862
5.227
-3.393
91.469
34.433
-10.900
-94.221
-58.937
-30.307
-32.757
40.591
92.296
98.499
-73.642
-88.577
56.139
2.985
13.243
58.174
18.858
-60.451
-16.595
-99.646
-76.819
-75.460
-7.716
-39.970
93.83
-36.193
86.411
46.971
-97.439
44.339
-43.767
-33.842
3.349
-61.189
-7.934
45.170
9.908
-84.906
-61.755
34.752
-53.395
-44.680
94.184
61.397
50.304
-22.502
88.163
66.499
-67.961
7.495
-39.749
-38.245
-31.739
74.652
10.954
-80.377
20.465
-73.631
-84.550
-50.958
69.249
35.487
-33.570
-16.497
99.807
-87.788
-29.960
35.585
40.569
58.20
71.41
34.676
93.661
92.829
96.929
-54.616
-89.746
-89.833
25.673
12.931
-56.102
-2.288
34.734
-89.178
-41.274
1.328
48.69
56.259
2.936
-17.948
52.957
80.859
84.845
-1.487
-48.928
72.329
17.478
59.686
83.188
83.257
15.561
-1.141
-75.377
-36.931
75.279
40.704
86.821
2.80
76.315
39.199
-51.366
71.567
51.794
28.430
92.357
84.850
-58.236
-62.938
5.567
-36.706
-76.9
26.81
22.484
-43.712
-47.956
-30.792
-18.903
78.765
19.122
28.458
-87.735
61.513
53.935
-40.730
10.829
-37.160
66.130
-31.560
35.532
-58.360
88.299
79.660
55.66
63.606
35.416
15.205
87.471
-63.803
-8.138
-23.749
49.637
10.868
37.523
-99.438
-91.325
65.140
-51.379
67.594
44.902
4.778
77.327
49.990
81.279
-80.778
-37.921
62.187
41.438
44.158
-49.554
93.158
38.387
72.836
74.870
3.202
-70.439
62.701
-46.195
10.391
-20.740
32.86
75.824
45.297
9.723
0.627
21.149
63.912
-45.758
17.420
-95.140
-31.525
25.0
-7.597
-30.306
70.758
-65.379
-98.442
85.487
19.656
44.403
62.634
13.860
41.819
18.349
-19.672
50.637
-79.35
-72.273
-24.544
0.241
-16.103
58.568
51.462
42.80
90.851
-97.402
82.881
-62.906
82.882
6.582
85.498
-99.156
-25.908
-19.702
14.492
81.389
-85.772
-76.786
-93.568
-54.126
60.512
-17.63
-46.289
-86.360
58.626
81.407
59.44
-70.572
35.617
34.723
-67.483
98.352
-38.899
86.585
36.195
-31.228
-15.87
75.357
-69.944
32.730
-74.649
79.848
48.186
58.573
-80.61
-28.144
35.211
38.386
14.456
-7.340
75.814
-75.94
-80.594
-83.605
24.485
59.566
-75.901
79.240
-44.154
-1.613
-93.988
83.116
72.348
48.231
-49.55
-64.367
23.394
45.225
54.569
19.723
-29.416
-53.299
23.572
87.772
57.122
64.386
37.61
63.6
30.961
50.732
88.661
14.914
8.937
50.325
-75.34
8.550
-8.439
55.602
-27.632
-20.35
85.423
18.489
-50.997
-7.999
36.726
87.235
76.595
78.202
34.281
-4.402
-6.639
21.57
-99.307
-19.666
-63.202
-94.741
26.669
-98.47
24.234
82.838
-28.944
-0.565
10.617
20.36
30.851
-18.745
-41.324
59.322
-84.46
39.480
47.660
-95.361
-51.423
67.843
50.325
87.243
17.184
-17.96
-65.180
-98.71
-70.819
-37.766
-74.969
76.737
-18.439
-64.926
-55.643
-70.261
59.178
94.628
-61.450
-89.940
30.14
94.643
2.213
39.577
-67.832
84.654
-97.13
-91.307
8.721
-96.210
-50.193
25.387
-38.341
89.380
-19.748
92.332
-30.230
46.973
90.633
89.381
-76.983
-82.408
-30.98
-92.140
-32.459
-56.403
34.233
-78.479
82.121
6.963
-93.591
73.373
-41.304
-50.596
-91.180
-33.536
7.23
-15.653
-96.735
62.694
-9.387
-39.361
29.2
-18.4
47.747
87.980
82.739
-10.606
69.202
-2.216
49.325
-36.216
49.946
17.964
82.764
28.451
10.134
67.396
29.718
-27.572
19.921
-51.710
-43.311
38.28
40.811
42.191
-25.1
51.320
31.449
18.829
70.448
-51.751
-48.395
-92.85
-4.177
28.420
7.497
73.148
35.331
-67.250
-19.120
-44.323
-32.371
30.563
-9.567
-51.147
-84.107
-18.580
24.667
32.734
68.705
-5.149
94.481
77.364
-98.473
-44.325
-62.109
77.180
40.504
86.236
-83.557
51.562
43.356
-6.686
84.284
-82.328
28.590
32.919
-17.111
20.497
58.32
-52.484
96.879
-74.237
15.121
-82.804
-26.784
32.816
-69.185
11.206
42.316
29.868
-31.717
-90.991
-86.758
67.493
75.871
78.355
-47.125
80.36
62.30
-76.312
-27.443
56.485
75.124
-15.291
-59.666
-91.544
-87.844
21.676
-61.538
69.814
46.693
-91.350
-28.77
23.292
11.503
-22.494
-37.433
29.155
-58.568
-69.638
44.936
-62.827
70.7
-50.530
-73.593
15.716
-53.253
35.683
-93.393
-93.414
-7.410
15.824
25.495
64.897
43.323
-77.438
5.491
-19.326
87.971
-24.964
99.823
14.539
-57.516
7.481
39.76
-17.806
59.163
-7.582
89.570
-17.694
10.946
-14.260
-42.817
17.976
-89.268
-85.285
70.97
-99.604
53.545
83.314
-76.325
45.691
-53.533
-30.50
-87.491
73.828
17.851
-77.50
19.103
31.38
-89.115
46.860
15.814
-1.844
16.783
51.709
72.778
41.155
15.774
-86.557
-23.847
38.645
-91.860
82.661
-22.730
54.981
-67.405
30.747
-96.962
65.300
-72.75
-47.613
34.957
-35.639
-32.61
-64.68
6.487
-26.169
-53.165
-55.282
15.855
-25.54
29.740
-96.375
-25.859
-84.623
-77.81
-27.307
-72.513
83.120
-94.335
80.413
-32.294
-41.190
-89.116
-51.152
80.929
49.908
87.780
-42.563
-80.557
25.190
-24.722
15.464
81.53
58.904
11.437
45.138
38.177
-97.719
24.752
90.777
70.202
43.117
-7.899
87.109
20.20
-86.65
-60.256
15.753
86.29
-18.419
40.689
-84.133
-93.940
-59.580
-29.852
-89.38
-86.398
61.66
7.604
-53.922
-28.562
-58.246
5.791
3.250
10.880
-38.821
-36.507
-37.468
44.775
-79.180
86.461
35.819
-16.724
42.779
48.389
-6.280
-54.516
-1.705
65.249
34.881
24.667
-77.2
-28.371
22.65
15.314
92.672
90.827
96.880
-22.897
-23.131
57.856
-4.985
70.765
-12.987
85.255
-48.447
-42.90
-5.986
-73.308
-90.183
-93.441
-63.597
35.768
-83.732
-96.270
23.418
22.512
1.717
-11.90
-67.233
7.26
2.489
35.976
-84.859
21.907
13.730
5.705
-86.658
6.469
-33.37
-96.844
-0.98
-2.785
-23.22
-77.443
1.9
-47.814
54.652
30.510
96.344
48.40
-77.393
44.295
91.218
97.896
-11.949
-8.149
61.303
-73.185
-6.533
76.933
-42.411
-58.807
12.98
36.495
8.907
36.767
31.780
-30.605
87.711
-93.487
39.481
30.440
-16.852
-20.741
73.549
27.637
-30.468
88.750
-31.290
-59.783
-21.974
94.904
74.220
52.492
-26.265
-58.544
-10.774
-42.314
-79.997
-28.357
69.30
-39.725
1.599
67.752
27.678
35.988
-81.98
48.140
-65.72
-24.900
-66.521
-82.360
2.913
46.33
-30.460
-84.95
31.577
4.77
43.994
-32.618
-78.84
55.366
8.720
-61.718
-18.500
-53.685
-77.816
51.372
17.667
-4.700
-95.178
55.485
-28.346
-67.7
-38.278
-18.131
45.260
1.763
34.781
61.737
58.532
39.39
38.620
-9.539
-98.477
87.895
-14.592
-56.145
23.279
57.692
43.650
-7.941
-9.579
-57.340
-13.238
-98.478
15.392
-45.500
38.175
64.84
-27.927
-74.587
-12.196
71.454
20.719
95.917
-70.885
37.530
49.320
93.684
-30.711
69.637
49.149
-9.572
62.93
53.540
22.162
-87.199
-52.501
-93.994
19.76
-72.397
64.547
-52.456
-47.818
60.223
-91.797
-59.284
-57.537
27.82
-81.301
-98.825
4.241
60.394
-40.793
-65.453
82.645
10.956
-42.566
-74.793
-1.27
-57.977
-62.282
-62.794
22.86
-1.603
4.885
56.448
-44.842
70.216
-78.918
-39.727
78.689
-7.703
33.225
53.779
-26.235
48.743
74.587
-19.657
57.387
-74.79
-68.557
-97.416
71.402
84.955
51.233
-4.881
-57.207
-52.778
-64.35
45.61
6.130
55.579
-60.202
42.438
-55.242
51.498
-42.8
20.260
56.176
-32.674
86.480
50.987
31.547
-13.441
-51.96
73.747
-81.841
-44.262
-37.370
-18.202
61.541
-85.591
89.122
99.536
47.139
90.164
31.845
28.741
-89.631
-79.549
95.910
91.196
-75.337
58.536
-34.583
-55.425
28.856
42.236
18.826
-16.857
-17.653
-11.44
49.371
9.181
-9.916
48.23
-3.251
4.793
99.263
-24.680
-51.949
37.613
-22.262
-93.723
99.884
-41.532
61.535
-85.92
45.943
36.719
-32.971
-85.960
82.882
-3.75
6.427
76.520
-70.781
16.66
-7.964
13.300
52.284
40.921
93.903
-60.659
-2.665
28.893
86.664
31.932
69.491
-1.604
-53.656
76.948
-11.93
81.353
26.507
-98.735
42.273
-68.305
-61.626
-69.179
30.333
26.761
44.425
-65.206
97.532
-94.182
-36.676
43.445
-81.906
-11.727
-97.857
91.636
34.280
23.397
-65.294
66.340
55.428
18.871
-37.305
35.868
64.517
26.908
-1.343
-54.618
-12.383
3.201
79.457
80.127
-78.164
82.251
14.567
-7.445
-84.999
93.653
51.965
3.820
-47.400
-71.732
67.911
-20.545
93.11
83.518
-82.54
-75.547
39.450
-85.353
-33.652
38.424
22.891
-23.64
75.809
46.293
15.127
-83.654
-4.493
-95.379
54.512
65.703
-60.725
67.448
-71.475
-34.374
68.589
-57.825
-45.29
-83.576
-27.230
72.447
92.608
56.327
36.798
-26.384
60.253
22.162
-38.659
-47.194
36.122
-89.446
-45.238
-26.447
8.783
66.761
-97.322
70.944
68.282
-48.829
4.317
42.906
-28.3
-74.630
-99.290
22.756
82.106
-94.928
21.697
6.497
86.553
40.95
40.276
31.350
-68.702
-41.424
28.606
36.853
-89.974
-23.332
-39.771
73.411
-13.404
8.635
-34.903
-2.697
74.777
57.113
-16.2
76.726
33.465
-43.538
-52.203
86.464
74.598
-12.600
26.226
-99.935
-77.951
-29.27
-14.660
21.755
92.408
-67.246
77.972
-43.936
57.914
-97.866
-54.643
-61.573
-47.987
50.360
-43.753
-40.920
-1.850
-12.93
75.50
-65.499
42.553
-22.567
82.914
3.116
31.359
-19.200
57.101
15.14
9.241
69.658
96.200
-66.875
-9.357
91.12
-33.243
-33.514
-53.71
23.238
-86.599
-51.69
-64.217
-35.983
-20.292
72.835
-39.620
18.753
-97.506
30.729
28.515
-16.267
15.483
-66.718
92.891
27.563
-75.554
19.873
-77.422
10.952
30.181
-50.349
-90.116
0.34
92.978
-77.658
48.733
-40.504
38.133
90.44
-23.474
24.376
44.819
0.19
-74.311
-91.340
23.941
9.733
73.471
-7.13
97.737
21.213
-94.358
-35.358
-63.284
70.27
34.502
84.263
-91.536
31.743
15.893
25.814
-64.208
-74.895
-3.911
44.881
29.167
55.504
-14.395
97.326
-42.693
27.970
-26.535
-35.909
54.113
-9.809
-91.690
-75.345
23.859
-59.57
38.951
-63.630
1.309
-0.344
-46.151
3.660
93.252
50.427
-12.802
20.913
7.504
86.467
88.320
25.272
-24.218
-87.421
64.114
78.465
90.329
-61.101
41.108
24.747
37.635
60.13
-79.437
-49.76
79.740
14.471
76.261
92.322
22.415
8.139
61.828
-87.88
85.319
53.320
-43.752
0.866
21.442
76.634
-32.709
48.169
12.131
63.970
27.607
80.260
9.704
-31.404
24.177
-30.353
58.737
1.86
35.850
98.313
-49.840
23.220
66.881
-13.213
26.389
33.320
-75.30
-77.232
49.119
4.817
-81.118
-13.342
58.160
6.974
-59.352
-41.386
-28.413
-53.790
64.392
77.348
-3.630
73.843
63.953
35.960
-71.619
49.812
-47.540
28.894
92.310
-24.288
-26.843
-46.817
60.780
-82.967
-31.239
-84.40
-23.988
-23.168
17.460
-4.337
91.263
-8.61
-20.721
86.755
-64.138
-61.222
70.745
72.120
-67.490
73.894
-19.737
9.945
-67.417
-58.756
69.920
18.234
-60.156
90.228
40.696
51.221
-50.741
-13.802
40.221
37.132
-93.501
35.919
-52.132
15.422
98.15
23.18
42.768
50.233
-3.474
-77.563
8.256
59.691
96.444
-89.611
-11.609
-33.632
77.926
61.876
-0.131
8.108
-0.916
93.827
57.723
54.113
25.576
11.810
-15.387
39.48
-97.948
29.308
76.908
-79.953
-26.11
16.917
70.94
32.205
79.972
3.811
52.309
83.938
75.967
36.946
-72.272
-35.741
-12.611
65.195
-80.126
82.330
84.34
87.369
51.797
-23.233
-52.857
-93.392
50.304
2.169
10.501
-43.983
-35.720
-36.307
-79.758
38.333
-95.986
24.79
-47.881
80.135
61.398
-21.641
10.676
38.164
-35.395
-29.633
-8.880
44.57
72.904
-57.384
64.398
20.719
11.381
75.419
-46.906
75.287
-42.147
-47.991
-31.916
49.873
-54.737
-57.9
-1.673
-73.448
61.994
-92.421
-61.64
-63.963
-21.495
84.596
-35.50
-32.607
-52.908
53.333
-26.694
-6.738
-25.452
91.715
-1.936
27.372
27.407
16.791
14.243
86.497
57.323
-23.981
-62.758
17.802
-35.103
-1.283
-62.510
-26.578
-48.792
79.178
94.888
-56.563
4.625
-56.194
23.529
-30.182
58.45
46.223
77.971
99.902
23.349
70.5
-2.961
93.317
-86.492
35.422
66.833
-12.131
83.108
47.359
-94.382
-28.204
26.807
48.300
69.839
19.174
-51.292
81.704
85.988
9.287
88.133
-15.62
0.988
-93.888
56.957
62.428
-91.780
-5.113
-50.298
-3.660
16.100
-63.615
14.915
-25.961
-36.69
-38.731
14.75
-34.580
59.83
76.986
81.354
19.569
-19.836
-59.961
87.949
-25.287
92.853
-90.587
-2.899
64.775
-38.856
-12.275
-53.446
62.357
32.897
71.374
94.866
-91.209
-21.811
82.27
-34.517
-40.381
67.234
79.697
3.81
77.105
-41.499
7.42
12.964
-16.698
47.584
35.624
51.92
-65.823
-36.778
57.907
-4.849
-17.456
92.20
-77.88
-94.435
75.623
-90.574
-91.439
41.927
72.936
9.840
96.858
-78.550
-76.79
-73.473
-54.601
11.843
-13.786
-89.127
92.299
55.760
66.657
86.87
77.664
57.437
-24.343
14.6
30.519
37.761
-23.453
-94.560
-58.579
-31.317
-55.794
10.451
90.75
72.289
96.371
7.760
96.384
-37.530
87.688
45.420
-43.627
5.37
-56.827
2.599
55.548
79.755
64.403
54.441
5.980
-35.325
34.621
-28.178
-73.435
45.789
-7.896
93.275
39.39
69.994
-29.51
-30.439
-3.473
-51.301
-88.726
5.472
21.179
-85.924
-56.763
-82.784
50.814
49.596
74.200
-72.603
49.844
-12.749
17.270
67.955
-44.263
12.245
-75.695
41.945
94.671
24.144
-56.245
15.409
49.427
63.546
-2.42
56.306
-94.333
99.174
-52.620
5.145
-13.401
66.468
-67.818
39.981
69.235
11.343
50.90
84.641
16.593
19.850
-70.663
66.229
-71.297
-56.488
38.757
-15.720
98.270
14.807
5.923
-69.994
-25.164
87.30
66.353
14.561
96.552
14.719
27.17
82.483
-78.941
67.362
-58.187
12.227
-48.893
33.707
6.356
-37.370
-40.149
13.783
42.561
97.780
47.938
12.402
-60.51
61.236
75.743
42.32
79.472
34.685
-24.479
-7.129
-52.276
-36.140
-96.400
0.113
-64.489
84.783
-26.362
-69.948
-95.24
-34.883
-53.535
10.872
22.120
-36.172
-35.89
-81.225
7.952
-57.473
-45.221
12.107
-8.561
-32.223
-96.497
-61.434
40.621
59.803
-14.10
83.420
-0.365
-94.677
-24.837
-89.769
78.965
87.827
20.819
-43.78
-91.444
91.927
68.828
-67.874
-73.598
92.239
-86.317
26.656
-52.77
-0.372
-98.63
11.806
44.74
94.441
-21.366
-37.410
-22.797
-73.375
2.228
3.328
-82.478
-57.42
-8.86
91.33
49.854
9.444
56.866
-73.439
-99.694
53.97
80.431
21.788
17.449
39.592
-2.741
84.902
-77.259
18.184
83.335
-28.141
-53.973
-5.894
50.711
-82.850
99.105
-71.489
-38.118
-72.437
-46.172
17.553
86.906
37.711
-77.714
18.648
-52.548
79.971
8.361
49.234
-74.732
34.549
-88.135
14.625
-35.102
68.73
55.777
47.308
28.216
-80.817
-21.591
35.578
53.918
-78.232
15.768
-17.588
20.895
-71.442
-45.422
81.603
50.476
-52.863
-55.317
-93.95
9.262
27.532
-18.552
-38.224
-66.869
-62.850
76.753
86.957
-73.12
-79.757
69.466
-31.593
-81.563
26.153
-13.319
-74.334
91.662
-84.248
40.22
-18.253
-91.174
26.905
-98.386
-22.512
-22.77
91.503
-15.394
-44.578
-78.271
28.789
-36.580
10.258
-81.356
-16.130
-57.452
-17.896
63.311
-71.508
-32.386
-15.15
-51.503
13.613
32.346
-37.915
-58.472
56.689
-58.252
6.175
84.60
-34.575
24.679
-95.192
28.77
65.366
-85.925
-10.533
-78.991
10.749
-50.34
-29.820
74.544
23.491
-36.919
-96.537
23.474
-70.184
58.563
-50.625
-18.528
97.9
52.83
-86.958
65.895
20.943
94.667
-93.889
78.300
-54.150
31.320
95.518
78.22
58.809
82.126
25.346
-5.541
63.986
-54.864
-12.870
-96.402
-7.549
-28.779
84.990
98.672
-12.97
-17.154
-93.317
-10.124
76.136
44.684
-32.592
-91.572
-72.708
-66.958
34.570
0.839
60.432
58.943
68.671
-1.415
88.847
-76.838
-44.762
-53.428
-35.314
-65.767
-2.679
8.37
-38.57
-8.611
11.99
58.776
29.772
-8.725
-94.12
2.730
-49.32
-81.292
-8.282
-6.490
-19.602
-32.912
-35.642
-0.850
-98.496
-59.150
-90.652
49.433
-96.142
-53.800
-69.120
37.4
32.291
-52.743
97.142
-6.153
46.543
69.992
-85.241
82.994
22.216
16.653
23.137
71.441
74.938
-26.697
-28.743
82.812
-69.197
3.532
-85.306
91.123
-1.246
-2.669
-98.596
-85.522
76.950
-11.884
91.53
11.8
-78.493
61.684
-49.585
-27.839
-46.838
55.75
-62.703
-11.915
73.758
-37.769
-32.0
86.961
-63.363
-90.342
-87.988
-31.295
50.257
-18.969
23.594
33.331
99.416
63.802
-64.318
-50.560
27.847
43.831
-85.681
-31.699
-44.474
15.707
-8.759
52.122
-58.186
-27.888
-90.716
-93.211
-92.448
-0.132
-25.528
48.44
3.504
74.556
0.515
47.94
3.637
-59.130
45.574
13.874
-32.351
77.600
-78.303
-90.230
25.182
50.829
-63.733
45.444
-37.441
30.406
-7.38
-61.516
-62.546
-68.537
-82.314
-63.64
-90.27
55.272
-50.362
23.744
-19.552
-19.665
-70.127
77.795
14.929
-85.44
34.235
19.842
-1.644
-72.567
1.839
-69.810
5.80
-40.10
-11.124
-49.310
50.396
-83.467
89.968
-56.692
20.694
36.715
17.273
-78.913
-34.876
71.477
5.428
74.811
37.252
44.409
-19.81
-32.470
-56.887
-12.517
30.451
72.675
-77.880
-29.7
49.896
42.841
-27.760
-58.844
-4.200
-76.964
60.794
-73.167
12.744
-82.625
-16.575
51.969
-98.796
-27.806
26.10
65.738
-21.199
80.972
15.536
-82.319
8.835
-82.338
98.237
-25.964
97.343
22.908
63.529
46.9
-49.376
47.158
71.418
22.53
42.903
-10.80
-84.430
-69.152
-44.267
-18.513
-16.762
-51.462
-5.533
-99.256
79.598
0.61
-85.745
-66.14
54.310
-24.480
3.497
-10.600
-28.758
17.157
58.488
55.988
32.973
-39.139
-50.746
-28.970
-71.525
-77.435
-97.916
3.385
64.895
76.350
-49.534
68.525
-53.827
0.707
28.679
-53.208
31.758
66.861
-59.125
39.502
-8.403
2.871
-87.976
71.677
24.805
51.211
17.142
-51.708
18.67
-32.59
49.967
-1.821
-78.760
-34.531
98.456
41.59
93.128
-54.579
-29.149
-77.381
-31.331
-36.884
-65.862
-23.148
9.747
-1.688
-4.533
-53.40
-11.69
-88.98
-24.629
79.65
-7.983
-95.358
-67.867
-95.21
-34.325
53.331
51.42
98.230
79.306
-42.237
-90.196
-99.591
-9.659
-66.206
64.293
-95.46
-18.398
10.848
0.427
19.170
-55.960
-27.11
-8.473
57.739
-27.555
-27.102
-5.420
-78.930
80.82
93.153
42.561
-40.640
-29.748
29.458
87.437
-87.364
85.570
81.448
-77.580
-1.273
95.468
1.8
71.189
13.670
47.657
37.796
-29.133
-41.66
-88.444
18.45
1.41
97.94
33.217
17.883
12.830
44.967
-92.748
63.242
81.730
-32.0
9.501
5.850
10.983
3.1
67.65
-40.909
61.953
16.416
-38.98
-55.282
-18.243
22.449
25.259
-45.214
-0.633
85.173
-90.687
-44.955
-91.693
-69.401
-0.419
84.494
66.719
-84.16
-55.916
39.953
-36.744
-35.740
50.831
-15.453
-14.605
-9.789
53.207
8.844
78.699
-33.191
61.227
-29.114
-52.564
72.731
-42.898
83.307
66.761
72.869
-94.199
84.32
27.246
67.175
-46.479
61.851
29.45
54.128
-20.946
46.218
15.312
36.496
-48.724
92.443
-98.41
-20.703
74.584
-78.291
-90.611
62.457
4.25
-98.661
76.262
-48.54
47.504
77.824
-58.451
37.281
45.271
99.534
71.290
-56.740
90.916
47.416
-48.415
42.392
-39.903
72.992
45.437
81.536
-26.508
45.664
77.854
-23.154
-71.654
75.396
-55.787
-87.59
0.504
84.437
-55.964
-68.461
69.590
-39.613
26.936
-28.711
-74.818
76.5
70.905
-1.142
-21.249
49.517
94.38
93.378
-98.304
-5.232
-12.258
-54.934
7.956
17.58
65.831
80.81
5.175
71.320
-51.318
66.175
-45.287
-42.793
96.400
56.670
62.687
65.767
89.724
0.796
40.947
-85.465
-13.62
0.556
-74.953
-56.861
-96.424
-19.241
-24.183
7.583
-59.875
-80.660
77.874
-12.774
41.0
-70.156
21.4
59.376
-16.352
46.459
-24.18
49.51
44.380
-49.292
62.933
29.55
61.328
-17.439
-14.156
-47.202
-14.727
-5.28
9.924
38.773
-42.188
47.769
-12.730
-81.847
-27.713
76.160
-85.827
-65.884
47.345
-10.84
65.226
5.125
53.289
-82.371
50.450
-74.878
-0.116
-6.533
92.180
-2.790
86.655
-62.413
-55.118
-30.452
-4.502
-40.776
-40.829
67.35
-78.127
-35.29
28.868
-48.830
45.38
31.868
-41.873
0.765
-90.57
-96.576
35.854
55.942
17.922
34.22
69.719
22.303
79.144
-39.396
28.939
45.535
-50.71
81.726
-94.643
75.829
39.698
92.72
-14.52
61.843
-25.871
-98.669
47.919
-51.100
48.947
-20.622
-15.13
-29.806
46.572
7.834
-16.411
65.10
1.557
56.260
41.61
69.881
-78.448
-86.777
-67.523
-3.182
-31.151
-83.16
-55.369
-47.577
-43.718
34.787
51.965
82.304
-19.523
81.26
-28.658
-35.993
-56.348
-35.347
74.442
74.876
-7.680
-89.162
1.834
-36.915
53.295
22.331
-58.439
-64.474
46.48
-99.574
-90.934
-47.575
-60.276
-96.912
59.666
-83.40
-49.698
67.714
32.313
-40.212
77.902
-93.702
24.562
-89.711
21.822
-49.905
59.306
-9.373
-86.806
-11.46
14.323
-0.317
13.541
2.183
-4.804
-24.53
84.613
95.922
-72.808
62.671
-16.86
72.338
83.651
8.5
-96.610
54.186
-69.423
91.370
87.742
-88.204
-88.320
12.344
4.979
-38.139
7.535
-81.989
8.759
-0.502
-14.889
-89.78
88.818
24.730
99.835
76.25
11.485
-56.666
-40.326
46.726
23.140
93.82
68.870
14.294
5.45
28.774
-90.485
39.494
78.634
-28.32
33.355
-75.401
-99.21
-89.535
-14.993
74.373
-12.815
86.854
-27.185
93.213
38.146
23.873
42.472
31.114
66.880
-47.255
-54.319
-47.205
-33.932
6.178
11.316
-71.191
85.533
-71.564
41.282
-8.382
48.636
3.235
-65.969
11.527
-71.238
-82.161
-66.698
26.870
-1.563
56.772
18.220
99.724
-37.841
-60.52
-61.924
78.658
-38.776
-31.102
-40.103
-84.11
57.729
71.928
-69.518
87.430
-33.492
-68.722
-65.961
-61.444
-78.737
-7.121
-12.330
-38.2
-87.723
-30.110
-25.395
-96.464
77.181
34.894
45.473
-60.832
39.745
47.783
-35.22
-42.304
31.681
-12.429
15.206
-32.492
93.38
-43.298
-14.989
-19.136
-27.372
57.214
-98.797
87.909
91.624
-77.256
10.249
15.44
53.410
40.30
-58.257
3.814
-52.165
34.352
46.895
-17.273
-80.435
-81.150
84.956
25.596
-55.207
56.162
-24.414
88.700
-62.747
12.464
-18.696
26.129
-31.413
46.539
91.994
-45.150
65.926
-51.415
-88.229
-73.641
31.611
76.390
-24.21
27.619
79.510
-90.7
63.572
-2.723
94.164
80.437
-35.521
-85.497
-65.573
10.1
94.432
72.75
4.90
-63.245
37.239
92.171
88.506
-0.644
49.9
-24.719
65.665
-21.137
83.341
18.557
29.494
-55.87
19.327
-4.827
39.329
99.853
-60.370
5.743
-78.627
93.297
-53.478
-52.334
-74.5
55.310
80.801
66.52
-23.712
93.269
4.799
57.392
-18.997
-74.149
69.76
-44.283
98.64
81.130
-21.906
-31.999
85.956
18.765
-49.983
58.810
1.331
1.875
-12.973
27.306
43.727
22.959
23.96
-76.415
21.564
-15.22
59.475
83.576
-39.340
10.568
64.663
76.337
88.213
-55.89
-40.62
60.129
-90.89
3.72
-92.363
7.26
80.190
32.819
44.207
4.14
-31.6
-22.166
-39.8
-31.864
51.608
-12.567
45.47
-89.832
-23.176
17.232
-5.63
-54.937
33.876
53.59
-46.710
-6.875
-40.120
16.462
-64.885
18.954
-87.759
63.66
9.299
-15.253
-86.351
-65.957
11.97
-57.665
-35.129
41.48
-79.787
32.2
-74.211
-92.127
69.965
9.630
23.41
-10.599
-7.486
-93.528
-34.307
86.592
-4.966
21.659
-92.80
65.941
-48.765
-27.727
-24.587
-3.580
-29.14
95.0
-64.604
96.478
7.170
83.87
-89.835
88.215
39.539
-76.642
41.924
-65.819
-82.35
65.783
11.190
85.573
5.914
38.903
-3.842
-2.570
-82.911
29.876
-28.410
83.127
-17.38
-72.576
67.681
-98.472
43.675
-80.877
-60.12
-63.93
-90.121
-53.756
-51.125
-39.750
1.717
-30.215
-13.459
91.339
38.851
-97.567
-84.657
33.862
10.613
-78.453
-21.306
98.88
47.702
-23.45
77.983
94.132
5.368
-36.102
28.164
-94.594
61.616
-46.966
-47.414
-58.689
9.318
-64.313
85.470
-16.558
10.687
-17.333
77.894
43.441
-50.188
59.298
13.408
3.424
-25.561
-15.478
-60.388
69.905
-24.834
96.777
-86.880
-42.139
-87.305
-51.360
-80.85
79.552
37.512
33.833
-63.758
39.606
56.344
13.386
20.773
-36.177
-27.557
-80.737
-63.626
86.911
-66.574
-28.565
72.621
-43.986
-6.959
74.595
-54.374
-19.507
37.470
19.709
86.775
12.856
-95.728
-75.623
-92.330
-35.856
3.211
-81.182
-47.619
-92.90
-96.77
78.41
26.588
96.415
56.908
23.543
89.499
-29.332
-77.131
-47.523
26.771
-80.450
43.476
33.824
-99.480
-43.755
-48.244
63.26
61.903
31.50
-91.176
32.408
14.603
-84.489
70.688
-16.884
58.932
50.395
-23.457
-79.440
-58.83
-9.815
-62.29
92.313
98.436
36.304
-30.462
-21.113
37.588
9.19
30.929
-28.91
86.953
99.697
-2.795
93.784
-20.714
79.887
-85.977
-49.886
-4.16
43.896
-96.934
31.86
-79.488
-63.533
3.105
-6.784
22.21
30.922
-57.927
-14.822
61.70
-62.53
13.732
11.247
-93.551
41.809
-77.432
90.414
89.72
57.686
-73.347
-23.10
60.75
-84.986
-94.231
-8.172
-59.50
79.840
-73.782
-47.891
-94.64
12.587
-36.547
44.784
-99.478
58.438
78.97
30.828
-96.554
87.553
63.647
-39.612
-25.500
38.44
-89.843
-19.153
-26.431
-30.461
79.10
-10.149
32.564
70.604
96.981
21.420
-30.609
69.781
-46.107
21.989
25.621
82.431
45.16
-55.438
29.286
-3.107
-21.389
-34.258
-53.505
-4.226
-68.603
-42.486
17.483
56.538
-0.967
-25.622
-70.843
28.529
-68.483
14.839
-54.707
15.801
8.918
20.974
19.926
57.51
2.473
-88.802
-33.170
35.36
64.743
-48.558
70.618
75.939
-18.310
32.19
-16.173
-95.162
3.595
47.683
29.947
19.695
61.117
22.992
9.210
22.442
39.310
-30.657
-22.12
-37.211
88.741
-34.12
-38.473
61.747
-23.456
-48.231
-92.122
9.252
-41.775
68.212
30.952
-39.738
-95.776
68.390
33.165
60.765
81.209
-64.671
-4.312
-56.432
-20.362
77.753
98.948
93.768
87.501
-89.413
23.946
31.410
91.814
-27.170
-26.43
82.820
-23.219
-45.64
57.751
-35.792
30.715
-34.698
-10.290
97.617
-69.595
2.177
41.453
79.198
-34.508
93.195
14.25
84.559
13.821
59.419
76.488
-36.742
-21.935
76.15
96.101
-18.694
33.560
16.645
97.710
68.569
60.746
47.634
-64.407
86.284
-7.680
35.698
-11.132
-11.48
-23.497
-9.65
-61.777
6.876
45.893
-19.279
61.586
3.674
92.737
-42.448
-88.424
97.133
75.346
-99.904
-61.549
-79.569
-81.330
-67.285
0.130
68.72
-85.812
50.61
-81.36
-40.187
76.149
5.328
66.362
65.929
38.81
48.950
58.287
-93.237
12.218
-30.359
-53.887
-25.345
-18.11
93.176
5.514
96.114
-62.72
41.517
34.582
63.964
79.217
97.594
-95.664
-7.109
-48.215
71.463
-48.277
12.119
-14.753
38.568
-21.399
-43.748
59.943
-89.402
-96.351
-68.574
55.23
-66.335
-46.101
61.539
88.360
36.804
79.215
-39.604
-60.500
-96.769
47.876
-27.894
27.692
-31.853
-4.693
-28.430
0.361
-16.152
87.912
8.208
-4.207
23.835
-30.562
-38.845
33.901
-93.129
-5.630
84.698
68.737
-4.98
-61.2
-94.178
21.960
-40.98
65.483
-84.477
32.234
-46.619
-61.939
40.695
27.656
-74.50
-8.771
-56.863
-50.829
45.713
-21.297
80.296
-37.157
-83.497
28.876
-27.503
-56.563
97.620
-36.222
-58.919
10.840
96.672
-1.409
-49.845
-92.373
91.52
-92.60
64.357
51.393
20.651
53.313
-36.909
-15.762
-51.811
36.103
-50.294
66.786
46.702
98.906
24.578
-17.431
55.820
13.335
84.487
-49.123
38.825
-32.392
-33.90
-96.189
-51.613
-58.283
-31.38
-13.903
57.287
65.36
-77.227
35.559
-31.444
-82.240
-39.692
74.802
-45.885
-83.498
-57.108
-70.173
-7.502
21.389
-27.621
-23.955
61.947
-64.173
50.418
-26.502
57.759
75.30
-82.789
68.510
13.289
55.512
-89.425
-15.289
95.91
-61.517
78.526
50.702
-0.136
1.57
91.670
6.477
-24.366
-42.733
85.29
-94.842
-58.320
81.923
-86.823
32.876
88.767
33.173
90.50
25.344
-2.229
-70.475
-7.233
71.966
89.704
96.236
-59.424
-45.557
61.500
43.677
-58.379
-55.401
-46.909
57.132
-44.774
54.322
92.481
-98.979
-82.940
-15.435
93.493
3.200
-89.46
-61.56
-51.800
-45.806
-76.598
84.649
49.131
14.446
-8.291
82.247
58.788
46.501
67.352
62.398
-31.226
-82.910
-63.359
37.425
-45.434
51.116
-6.226
-11.25
72.292
-85.155
-4.286
73.520
44.484
45.173
-45.670
-37.822
27.180
6.791
-39.415
-24.500
-59.556
-20.181
-44.377
28.275
-89.320
-84.509
47.89
89.495
8.286
-68.110
86.69
-91.742
69.686
30.966
-69.7
-26.243
-9.791
-20.932
-74.693
95.13
68.399
49.843
-11.512
-3.594
-70.263
10.541
-11.250
-49.570
86.996
-58.943
-93.263
49.512
47.576
-35.831
90.554
-53.64
11.575
12.176
45.362
24.773
-63.518
6.667
92.666
90.201
35.592
-95.197
96.260
-48.572
-23.417
-98.841
16.857
98.863
-93.56
-15.298
-21.185
29.980
1.577
52.577
79.552
69.850
-83.767
64.565
-15.110
-33.978
-52.999
67.729
79.582
3.135
-47.266
60.635
67.719
31.35
-11.250
-50.383
-36.987
-60.654
-64.285
45.788
-55.735
-66.248
80.815
12.999
-58.662
-19.212
57.301
95.761
-66.925
68.722
56.377
63.444
6.476
-19.888
-20.599
-71.70
5.927
79.875
-8.641
22.161
76.570
18.133
-8.191
66.463
22.983
93.354
76.311
60.491
-5.899
27.173
23.749
44.420
-62.728
-7.546
41.169
-26.962
81.138
64.350
73.7
-24.386
-89.209
-71.853
-39.467
99.527
-73.568
-31.247
-42.928
-65.244
-31.718
-96.694
34.983
74.507
-85.398
-25.849
-12.323
19.154
41.696
0.614
-62.45
-30.594
85.728
-0.254
-69.240
10.765
25.729
-61.949
44.90
8.642
16.604
94.687
-66.924
-74.524
89.46
3.956
-66.133
4.795
96.539
36.999
-43.715
47.109
93.228
-19.702
52.392
-25.47
-16.165
-36.69
-9.265
-72.153
-77.996
91.543
-92.388
17.260
-19.764
18.790
-26.806
67.894
3.3
30.575
9.604
4.48
-60.240
-44.810
82.281
-65.51
-94.77
89.844
-4.499
85.582
-71.91
-5.95
35.55
-54.551
-84.286
-31.651
16.45
11.986
-0.191
-96.276
67.99
43.304
-18.140
86.346
-64.182
23.414
-86.182
26.646
-14.698
50.695
20.562
-34.257
-91.476
-7.162
75.479
-29.2
86.488
-89.366
30.481
14.683
-74.556
33.190
-0.33
-8.492
61.768
-49.497
3.36
92.77
74.607
7.873
-35.447
-78.132
-78.232
54.240
-44.854
-14.255
90.859
54.903
-85.329
-1.837
-1.824
-8.854
58.832
-92.586
-19.983
66.149
-11.439
43.693
1.631
69.732
11.385
-99.794
24.204
-81.648
78.620
-82.238
-93.1
63.945
36.498
90.267
82.478
-50.930
-24.754
79.535
73.865
1.599
27.992
43.255
5.643
-46.134
-72.268
-83.870
-40.794
1.226
14.399
-0.0
-72.179
97.375
-68.280
88.527
-76.551
-43.34
-43.474
98.427
39.893
98.493
57.817
60.515
18.235
72.123
12.800
20.95
-50.938
27.788
77.180
79.330
-33.487
18.699
79.518
-72.642
92.855
-15.127
24.330
7.257
17.134
72.65
21.698
88.269
21.448
90.572
-34.816
30.731
73.55
6.614
-28.131
-82.555
15.677
39.665
14.386
8.428
-44.562
39.644
61.769
14.876
-75.104
-71.987
85.854
49.545
-82.759
67.367
72.363
-93.602
97.564
8.930
-33.605
-41.429
4.466
45.767
-2.601
-46.768
-19.840
6.985
89.582
42.742
23.727
-61.668
-37.824
-68.521
95.424
-34.622
93.193
15.51
91.841
84.35
-6.511
34.724
95.661
-70.529
64.577
-11.563
-74.856
29.523
69.815
-43.351
-59.357
-54.144
17.139
9.162
70.978
7.190
-18.564
71.646
-28.67
77.411
62.122
10.929
-30.498
-64.7
-79.977
-71.536
-26.955
90.778
-78.706
-80.284
86.546
49.357
56.439
2.455
-11.934
-98.157
-75.984
20.326
-12.4
-71.537
41.923
37.872
-63.880
35.382
-66.245
27.743
73.770
-25.243
56.455
-94.826
-67.119
39.456
-20.471
-41.606
-69.925
-83.52
7.877
15.3
-2.911
93.605
-21.425
-72.916
-99.437
-6.778
-47.99
34.334
-17.642
-22.357
70.511
73.404
-54.925
54.349
10.548
-90.106
-29.54
-92.988
60.357
-6.579
-58.249
-70.174
40.828
86.682
49.545
49.887
-27.316
8.461
24.21
81.579
48.490
27.960
10.300
-22.639
-32.188
43.738
12.417
35.326
98.150
-19.531
-72.180
-22.959
-98.921
3.343
43.576
-27.871
-51.983
-92.670
45.920
20.92
-79.764
27.538
-36.588
98.744
-98.39
87.18
66.570
-15.714
89.559
14.832
-74.111
14.238
65.175
37.925
-52.423
-96.563
62.81
12.396
-35.186
-79.952
15.226
67.892
-61.557
92.494
-70.46
36.142
-20.5
-26.969
-46.704
25.484
-89.751
63.271
-80.932
72.676
-89.247
-82.683
-89.355
26.481
-64.479
87.204
-15.545
-68.261
66.941
20.114
69.55
-64.189
53.79
-0.157
15.821
87.609
-95.176
55.396
-37.162
-52.383
44.552
82.68
8.721
36.221
50.889
90.428
39.676
-34.383
-89.820
38.273
-53.769
-24.203
-88.611
-79.348
79.598
53.840
88.632
-47.166
55.407
77.298
-82.303
-43.479
20.367
70.46
94.378
7.183
49.72
-18.571
71.726
44.755
94.689
-61.432
-83.52
17.975
51.69
35.929
-60.630
-68.200
95.671
-81.567
-65.161
-4.574
-71.658
58.727
-43.779
6.466
52.926
23.847
65.42
85.975
61.240
-79.844
77.268
31.878
-13.721
64.527
-96.831
-58.706
20.371
-6.609
60.470
27.349
-20.678
-72.862
-3.875
-65.491
-93.287
48.245
-2.917
50.624
73.636
88.115
0.635
79.207
89.910
19.227
77.921
-70.269
-17.824
88.626
68.652
-71.492
75.992
-57.124
-54.413
77.932
-40.561
-41.131
40.701
-56.641
96.562
-76.933
-19.160
97.569
-35.375
36.453
-16.645
-65.886
35.478
82.634
-7.682
-84.258
5.477
19.327
57.14
-60.802
48.918
-97.635
-77.223
-63.857
38.164
75.500
49.357
83.377
86.386
-65.799
1.547
30.544
-98.273
96.788
-76.26
91.253
-17.402
20.985
2.924
98.241
-49.743
-23.73
80.823
-12.119
-1.596
-54.639
11.156
25.976
17.778
47.929
-28.230
-8.953
84.85
-33.497
-23.750
-40.656
10.67
34.693
44.262
30.809
6.189
76.597
-20.633
88.866
75.142
10.782
36.744
-19.78
31.475
-73.505
-44.763
-49.640
8.560
-53.348
-47.475
-91.185
44.822
-65.893
78.24
-54.697
-90.193
68.95
42.3
2.356
80.355
-48.399
2.143
-48.8
72.39
-24.793
-81.135
53.903
-14.398
39.252
12.332
-61.132
-48.434
8.334
62.206
41.582
-69.615
42.69
-59.935
-83.774
63.286
51.300
-38.648
73.208
-16.171
-50.912
-77.481
-43.423
-61.834
81.69
53.133
9.84
49.675
23.48
83.916
50.966
-51.695
-67.238
-5.852
25.285
72.791
5.700
90.850
-75.25
-16.561
33.311
-9.914
-71.633
-56.890
79.916
-20.540
-46.697
9.687
46.862
-84.430
-37.563
57.525
-75.796
84.504
45.835
44.156
81.654
-71.63
-15.762
33.446
63.383
-57.892
16.668
9.4
-93.50
96.794
88.27
-28.451
8.266
49.851
25.767
-65.324
-29.140
-94.202
62.47
18.943
-30.431
-49.912
-83.720
-79.421
-21.447
46.712
16.93
54.739
49.154
93.172
-84.655
-50.904
19.39
6.118
-93.939
99.237
-81.906
4.260
80.361
-4.907
71.691
-69.93
32.564
66.370
22.716
-77.15
-96.649
-9.405
-13.485
19.289
-1.112
-87.682
28.966
-61.332
-11.907
53.784
32.381
69.142
-18.455
29.826
-47.427
-8.266
10.895
-28.408
69.219
-73.972
97.256
-70.977
-96.396
-12.577
17.725
34.233
-86.196
55.176
57.545
14.371
-60.668
-86.439
7.87
82.99
36.468
-17.955
16.593
-11.348
-65.906
91.172
90.932
97.271
33.978
18.212
80.448
67.817
-39.234
60.297
-57.414
-99.806
13.796
99.345
-72.430
-84.448
-48.680
81.499
-68.139
1.851
82.108
-69.807
32.672
-76.371
-95.695
-92.732
-54.580
-64.413
-43.834
-57.435
-67.269
-44.890
-27.822
-58.351
34.746
-41.691
48.397
87.313
-74.256
4.813
-33.633
-22.777
19.757
40.15
-32.250
72.243
-92.443
97.530
-15.357
-67.61
-6.495
66.469
16.88
40.80
-16.113
-90.585
7.230
-21.627
-0.542
35.161
-36.567
70.85
34.253
54.893
94.61
-32.151
65.910
-93.383
0.883
15.371
-92.307
16.678
10.964
92.570
-6.865
34.449
99.567
-94.660
-16.260
32.428
9.520
5.737
86.547
-72.391
-51.997
92.183
37.534
92.928
30.696
4.380
49.141
2.898
84.384
83.908
52.660
86.52
-69.941
20.533
31.564
-54.620
58.370
82.824
95.660
-55.843
-58.295
-10.881
98.51
21.371
-72.854
71.760
3.518
-25.0
-97.295
-53.302
70.412
47.975
81.173
-4.246
-12.770
37.794
82.697
97.622
88.819
39.25
82.795
-25.495
97.528
-72.132
-70.896
-74.33
-86.867
-69.64
5.504
36.144
-69.178
-67.903
40.552
39.176
84.146
99.20
-9.559
68.280
49.185
-2.921
32.143
-58.910
82.903
-83.942
19.626
0.725
19.386
5.306
7.108
62.610
65.895
-95.53
-80.987
17.170
-31.790
44.742
-77.413
-73.318
-97.226
59.640
-43.706
69.953
-10.933
54.902
-40.334
-4.78
46.507
-26.180
-12.729
-7.989
-64.232
16.953
-73.416
17.170
-84.863
93.119
45.17
-14.943
-1.908
-67.315
-25.831
41.999
-10.872
16.141
72.626
-15.819
-35.816
63.382
-22.484
-11.403
41.428
-3.321
-19.683
-2.799
56.571
-73.686
-10.574
-16.37
65.311
-23.775
-99.416
-55.172
13.291
44.893
16.502
-66.275
87.37
-77.453
-98.819
6.394
-18.493
57.300
-18.814
-13.258
-8.126
-26.692
30.479
61.657
-28.607
-59.165
17.383
-44.41
-42.811
32.376
19.184
-56.510
20.393
22.54
78.234
4.246
-77.215
-43.559
61.154
94.586
-36.805
-57.313
-17.33
61.708
-62.438
22.394
48.971
-9.366
-11.528
24.974
-65.962
-91.619
32.989
-13.550
53.313
27.587
-99.187
86.496
-85.907
-38.583
29.901
-77.44
-38.876
-85.790
-91.895
36.74
-23.925
-85.663
-62.849
71.339
-54.721
-52.798
69.237
75.774
83.117
-5.353
66.876
-14.362
59.176
64.200
52.54
-93.758
26.227
88.154
-92.90
-91.995
-64.513
-14.127
28.39
-42.803
-96.707
-71.300
97.978
59.267
-48.11
-6.403
65.219
-53.34
-55.214
-86.256
16.853
1.76
97.373
20.333
-49.433
69.791
35.56
15.162
-26.469
-76.507
29.124
-41.77
1.774
-91.146
1.348
-22.117
-98.504
93.671
-23.97
-18.173
-22.54
79.95
-61.948
-20.592
12.645
89.119
57.417
-81.110
-72.585
-32.56
99.778
-91.958
12.671
59.291
53.503
-95.444
-6.201
-74.182
-65.606
-53.238
15.938
36.181
0.693
64.952
-21.106
22.853
-43.312
-80.338
80.603
-66.556
-59.724
-31.160
-13.960
66.424
-62.497
13.120
-8.763
56.843
-87.176
24.642
-99.1
17.385
63.398
-55.65
3.379
-57.845
-16.905
88.762
-97.949
10.425
-31.76
24.193
-29.957
46.764
87.567
78.824
-37.740
11.980
-81.178
-26.288
14.219
7.695
33.876
9.722
-51.9
24.588
-42.577
17.741
55.274
93.0
57.266
97.73
-30.158
73.568
-79.719
-5.343
-6.637
-48.154
-23.9
75.855
-16.412
79.109
-38.491
-72.164
-81.596
-99.1
57.259
-44.408
-73.483
-75.958
82.826
56.306
55.796
-12.468
90.101
-86.0
-78.457
-6.402
-93.927
90.954
41.837
-57.193
-81.800
97.112
30.402
-58.389
-88.119
-29.525
-30.171
-14.361
56.654
-77.463
4.545
79.94
-23.924
20.983
65.623
72.752
-33.834
21.648
64.504
-43.934
20.890
-44.170
33.945
-77.965
9.582
-13.607
42.440
-94.362
7.678
-74.873
57.493
-85.338
-60.223
59.200
-93.362
50.827
-11.769
58.63
1.422
0.796
-86.354
-62.991
-60.451
3.362
-11.355
-53.757
-55.320
-45.878
1.79
83.132
90.618
-91.780
82.492
97.995
-64.958
93.963
1.618
78.715
22.616
36.351
-98.442
19.85
-79.268
-94.917
20.881
54.874
-97.427
60.605
2.527
-76.615
81.665
57.384
-64.115
-64.310
-58.330
-63.236
-79.433
65.946
-15.948
-34.576
56.610
-20.667
21.583
-43.499
81.410
1.273
46.404
-19.69
48.337
57.823
-80.879
-21.651
-47.224
88.867
39.849
72.50
-42.696
50.567
51.916
53.325
84.57
72.779
-32.578
23.866
-17.657
70.929
47.624
81.174
-84.877
-76.683
39.167
85.291
82.723
-55.398
-96.816
86.738
78.437
71.318
79.154
55.930
8.821
70.706
-12.940
-31.748
-69.644
-63.183
39.413
39.384
65.663
-69.870
-55.330
-9.101
-54.313
-74.896
-41.365
28.81
-1.972
-64.664
-45.329
-32.198
98.954
38.763
-36.269
26.843
-65.237
0.265
-66.667
97.583
65.628
45.660
99.611
-83.301
21.789
71.15
-70.432
-35.332
32.250
54.600
88.765
4.762
70.461
-90.897
-73.818
-77.889
-76.712
-13.947
67.731
88.686
44.826
28.482
24.852
-32.242
-92.767
42.696
59.873
-8.238
-42.705
-27.645
-11.289
13.617
-30.993
8.325
83.970
28.12
-14.171
61.231
58.174
-87.601
54.464
48.530
76.560
-8.720
83.555
26.883
-65.297
-81.510
-83.821
42.608
-46.263
91.963
5.191
12.151
45.735
-48.61
15.178
5.959
27.994
70.636
19.234
-80.77
23.782
-26.46
-49.492
27.792
-40.960
-2.165
-75.992
21.615
-76.634
45.866
30.489
-57.415
84.364
-98.243
25.583
82.385
-98.513
60.434
-10.462
94.860
-7.942
54.899
-48.884
85.334
-15.960
-5.994
-13.693
-65.753
-84.516
37.510
8.870
68.376
95.76
-38.462
76.29
-97.35
3.700
75.17
-33.601
-53.438
-34.98
56.718
-30.713
40.503
-85.979
-41.76
92.531
88.858
90.491
55.245
35.979
85.987
-12.170
67.410
-84.395
-82.789
-16.881
1.422
-4.812
7.919
-1.607
-44.392
-54.356
-28.223
-58.159
18.842
55.10
-27.11
5.215
27.575
94.528
40.172
78.226
33.107
-51.965
-17.835
19.442
7.669
69.375
91.754
-37.349
-37.489
-82.867
-84.653
-13.904
1.73
-32.245
24.652
28.422
-0.365
98.402
77.492
76.26
5.10
-94.75
47.677
-36.9
68.785
-21.666
-1.218
-35.16
67.293
-92.221
36.379
34.873
-88.20
-15.9
-88.929
65.802
-16.3
-32.638
-55.57
70.101
12.638
68.672
-47.460
-4.75
21.763
-76.880
97.496
-84.681
92.836
93.159
-67.323
-73.691
-51.338
-50.294
-62.568
51.944
94.442
-40.278
77.470
-23.15
-18.783
56.856
13.107
35.910
80.272
-92.476
33.970
-23.463
93.240
-52.63
22.33
-15.789
51.355
78.190
99.722
-88.714
-73.400
-49.923
55.668
83.121
-75.495
2.411
37.262
-80.740
-84.491
13.731
-70.405
98.306
40.361
23.96
-68.472
51.326
24.164
-3.796
73.132
68.798
26.268
-88.218
21.759
-27.482
53.802
-75.754
-8.478
8.681
-48.906
31.875
94.653
-14.642
-40.115
-79.742
15.996
-22.723
-8.984
-10.392
60.40
43.123
-23.318
24.84
-44.25
22.204
-35.719
50.394
-19.554
70.717
-2.677
-93.920
11.596
35.620
-0.564
33.187
-61.674
-36.124
35.995
-18.765
-45.819
-12.65
-55.728
15.463
12.616
-34.301
-13.262
63.199
-7.834
57.153
-25.898
-70.463
-39.618
53.385
-39.850
-37.36
-27.501
90.964
78.523
-12.733
12.958
31.580
-67.871
-83.724
63.463
59.653
9.832
21.322
-84.952
81.365
-84.677
-37.60
5.579
43.962
-66.26
92.737
-54.46
-17.919
97.203
1.437
41.773
40.462
70.319
-72.962
51.128
93.372
-88.26
-67.944
-20.441
26.394
97.536
97.176
-9.598
-0.971
-6.722
37.315
58.755
-26.874
-65.994
-59.773
-43.222
47.372
-18.281
-55.234
55.840
35.477
-39.236
-70.514
45.231
-66.942
81.85
84.785
-15.503
44.558
-45.265
-19.752
61.392
9.914
-32.912
1.178
43.811
59.995
-48.610
70.254
26.251
-22.323
47.136
-61.445
-88.477
99.578
4.873
94.233
-22.733
-52.303
-93.529
-52.251
15.650
-70.611
91.0
73.751
84.455
-59.549
28.523
-8.176
-46.121
-35.625
48.440
48.662
94.854
-18.927
-24.763
51.822
-64.803
-9.611
-10.557
-39.892
-20.292
-3.893
49.787
-48.157
97.581
-2.933
60.149
-41.610
-99.620
-30.60
86.532
35.687
-47.136
-12.584
57.782
-17.536
51.748
89.589
37.940
95.570
-49.457
-95.744
35.391
62.956
-98.13
16.382
19.533
-71.622
34.612
69.59
64.208
43.703
-57.438
-11.552
2.203
-75.619
36.439
-97.810
-48.696
39.365
52.581
23.524
-38.233
-96.197
11.999
90.775
-52.763
99.713
-20.861
54.852
98.904
3.827
-11.717
61.966
-64.177
-70.419
-96.371
12.622
39.443
-15.149
-56.799
30.954
29.317
14.679
-95.943
-76.314
-84.762
56.374
92.666
-90.981
-39.389
45.471
-31.753
34.467
55.514
-53.191
22.975
-63.983
79.576
-89.966
1.5
12.303
29.334
-64.520
-78.475
88.728
63.402
-49.166
13.697
91.438
-2.539
54.151
-77.933
6.497
1.876
-11.716
-64.979
45.780
-57.493
-49.136
-55.690
-70.896
-89.874
41.80
-66.333
-13.445
-93.661
75.606
-23.263
20.264
-7.519
-82.90
-13.631
24.772
85.738
-22.4
27.297
-64.372
81.747
-43.119
42.926
32.61
70.674
-82.50
-26.336
3.110
78.738
14.254
-8.87
66.730
-89.673
83.957
19.127
86.409
77.587
-7.290
-93.20
-76.86
83.95
89.13
14.402
-70.837
-34.56
77.394
70.272
99.779
38.273
-68.401
51.537
-74.778
27.245
-5.215
-40.101
2.578
-77.48
87.199
39.438
-64.206
28.109
-38.883
-62.962
89.667
-57.307
81.361
-0.238
-43.877
-18.569
-17.685
18.665
56.604
-25.866
38.207
67.464
-97.46
57.698
66.694
27.812
25.29
-82.100
96.208
-97.133
-9.472
-93.791
32.488
-36.845
-31.264
4.943
-97.968
-76.250
-73.898
-73.796
92.257
-19.950
-62.534
-3.723
42.754
-28.210
77.660
56.788
35.261
75.387
48.679
-45.698
33.612
-9.115
34.610
-24.790
56.467
57.24
13.911
67.338
69.86
80.683
42.216
-91.877
14.512
92.736
85.492
37.102
-78.815
85.234
-26.803
-99.483
23.578
-11.269
-62.983
-28.828
-31.13
-54.550
1.581
-64.366
65.644
-52.96
-23.771
-63.282
-80.96
9.824
26.256
-35.562
-47.416
25.80
-38.245
53.997
4.373
33.236
83.168
17.977
30.103
9.390
-90.237
52.515
80.753
-4.458
-25.763
16.596
-42.932
-12.49
-6.831
9.292
26.982
7.186
-20.566
-78.823
-85.700
18.968
86.910
75.622
40.281
-61.142
-72.768
72.575
-40.347
-8.625
87.462
29.880
20.819
94.94
-18.34
-73.95
72.19
-6.44
-27.684
14.44
-76.232
90.713
72.85
65.280
-81.698
81.523
72.47
82.606
-68.33
52.599
-14.127
-38.317
94.841
18.907
87.840
43.921
-95.293
-18.76
37.196
-88.0
-35.466
67.704
60.651
42.421
5.108
17.804
-5.251
92.821
-85.558
-11.498
-88.333
-44.0
17.212
31.407
5.512
18.929
-5.886
-86.78
46.463
3.426
-12.566
87.10
-19.427
-54.11
-58.316
23.886
43.292
-15.530
-7.676
58.279
6.691
-92.731
-79.102
-30.457
88.567
58.542
-61.186
51.453
20.460
-56.118
-66.277
47.269
-39.448
-10.378
-92.818
42.576
-30.990
11.241
-73.113
-12.69
-83.888
-45.135
-90.174
-89.784
-46.328
22.122
40.53
45.116
54.489
-72.554
-61.237
-78.934
13.24
-1.665
-67.963
51.485
-64.126
67.423
64.477
74.102
-53.63
21.693
-76.559
57.460
75.127
22.378
-91.495
-65.114
55.478
-86.52
72.258
46.631
55.659
-39.516
-89.692
-3.866
-54.457
31.222
-83.277
-60.815
44.687
38.186
30.541
29.832
-88.22
26.425
-47.879
-10.862
-40.445
-49.457
62.1
33.492
35.622
96.952
-25.292
-99.771
-38.118
87.180
-57.721
5.570
20.484
22.17
-63.152
-96.900
14.777
-2.828
-67.919
-63.506
-21.163
-76.520
-37.40
51.115
57.930
85.378
-18.293
43.695
91.715
57.230
3.104
-23.780
-12.69
-38.620
-80.629
-75.367
21.137
-97.880
54.423
29.180
11.35
-8.358
-77.423
-35.361
12.541
67.468
-53.42
-79.391
-5.345
46.175
18.738
45.846
5.723
83.411
-85.375
16.843
67.896
2.827
22.333
64.479
-87.849
-97.547
69.352
13.687
21.172
-71.141
42.608
-6.710
-62.384
64.349
44.136
11.485
75.754
67.719
18.741
-97.64
-70.158
-40.65
-37.879
19.595
32.740
-95.403
-5.430
20.898
74.216
-0.465
68.136
95.828
-85.665
-60.36
83.68
95.964
-43.621
-98.393
-73.967
40.220
72.588
-15.735
-22.373
61.533
-44.268
-18.363
-96.359
-4.657
10.330
84.471
76.495
4.210
-12.385
85.898
-46.642
-28.413
73.261
44.617
-9.27
-41.763
45.940
-89.396
-68.609
-21.594
-58.93
-64.821
86.446
-66.591
56.0
77.993
-20.438
-59.627
-9.295
47.168
32.427
-64.43
-8.381
66.800
-40.956
-42.533
-59.354
-20.913
-25.774
-92.674
5.158
11.222
-38.983
63.349
80.289
-96.831
58.442
-9.62
88.440
14.832
60.537
86.648
-55.338
5.701
-56.33
-15.982
59.540
-58.849
74.889
64.955
-81.216
56.802
53.109
34.814
-63.422
-34.537
89.397
86.707
49.733
53.249
88.930
-13.286
37.892
0.26
-68.741
-17.328
-49.617
72.755
97.156
-12.909
-82.198
-20.263
-12.400
-13.652
-80.720
18.638
-98.739
-74.563
58.961
26.525
92.859
41.531
28.343
59.108
-16.288
-66.659
-97.757
-96.683
3.441
14.468
-86.12
57.5
90.85
-24.144
-63.912
-22.131
-71.128
-59.576
-10.879
75.545
16.132
17.189
0.979
-79.256
65.671
92.593
-30.364
-25.723
56.585
80.560
-72.229
76.746
38.698
86.77
-30.695
34.487
-22.818
37.795
-81.103
5.183
74.207
27.484
-69.74
42.712
-72.542
24.829
22.351
83.588
-20.470
42.227
-76.53
-40.80
1.201
-61.43
99.567
-83.444
7.266
-49.749
39.321
-84.863
64.992
-0.232
-24.33
-23.95
86.846
91.981
-78.989
63.390
89.981
-37.865
12.930
40.382
0.707
9.682
-66.668
38.911
-6.241
-40.657
-23.98
-80.388
-1.400
-13.893
10.593
40.55
17.321
92.311
-0.117
-98.709
-38.132
-7.765
46.766
-15.831
-67.841
29.533
-22.2
86.446
14.847
84.545
-10.635
87.42
-52.41
70.856
-28.575
32.905
-91.527
-71.165
-14.380
74.116
43.678
-97.166
-15.670
52.240
-72.121
33.553
-80.297
-30.320
26.935
-21.609
13.405
40.102
-61.169
24.21
43.193
37.879
89.259
-67.689
-63.967
39.940
-83.153
6.945
-46.7
57.731
-61.326
37.663
67.704
46.272
-46.587
32.679
80.662
-81.920
88.267
13.724
63.237
58.575
-33.642
67.441
-42.939
85.423
21.504
-62.585
-48.826
-42.339
18.554
21.312
-39.845
61.412
8.55
42.92
-7.465
86.327
-86.328
53.770
97.88
-78.609
34.700
-84.362
28.922
62.616
68.123
30.809
-78.948
-3.101
-20.698
-38.328
-73.862
2.999
47.179
-47.341
91.910
-1.92
-43.770
60.826
-0.246
-80.936
-69.210
-11.264
-15.511
-41.358
83.249
0.3
-27.946
-53.758
81.210
60.390
67.612
36.223
-57.939
-56.32
-97.416
52.268
48.47
66.701
62.34
4.394
34.461
-27.450
35.7
55.15
84.465
15.617
1.565
-85.783
28.745
-33.49
76.336
-36.463
-19.750
-41.5
47.642
-22.909
-65.811
55.348
-47.576
25.409
49.238
-87.26
75.645
-70.386
33.985
-60.507
-57.924
-20.580
-18.879
-61.856
-54.905
-35.193
31.168
-78.191
-82.276
28.888
35.646
-6.818
-25.836
-72.797
29.104
28.739
-1.223
71.601
-27.583
21.163
74.250
-51.656
-9.81
-45.454
90.535
-40.564
-35.917
50.889
9.568
-43.589
66.163
35.215
22.324
49.721
-74.263
2.503
-22.690
-65.993
-61.602
-40.497
34.864
79.699
-32.174
66.123
55.697
-31.352
19.474
-76.640
75.801
-90.894
46.80
-66.611
-53.143
16.110
-1.317
-1.948
-56.919
54.147
45.522
-90.612
33.359
39.277
-97.231
-81.247
89.400
-46.953
-55.410
-38.516
-14.562
-91.852
14.237
69.229
-84.526
95.8
67.797
57.943
-46.798
7.188
-63.402
-93.945
36.711
38.781
-70.117
-32.512
-94.132
-9.941
29.239
59.946
-5.209
66.903
-31.639
33.130
65.300
23.84
-41.731
-8.992
70.821
-82.980
-82.337
-85.455
86.538
98.472
43.837
-5.512
32.505
91.613
-43.835
-35.969
73.851
20.589
-75.775
-69.825
-45.520
-21.977
-85.710
81.553
-68.449
-77.284
-69.357
-99.877
-37.452
65.73
-65.518
2.791
-3.977
9.158
-28.326
-86.655
-61.125
-39.776
-7.65
1.530
73.347
64.649
-85.4
68.213
5.593
90.979
-60.692
86.232
94.539
55.92
41.365
45.582
-41.719
66.488
-49.793
11.83
80.995
-26.182
-0.928
-40.983
63.124
-33.870
4.363
80.230
-70.331
5.994
-67.874
74.152
-13.253
-43.593
18.408
-6.341
80.98
73.330
55.900
-29.105
87.925
-93.51
32.717
0.812
-52.430
-32.288
82.968
95.542
91.849
18.978
39.718
-87.63
88.195
-93.396
44.0
4.132
5.14
8.361
-89.52
75.122
67.862
35.849
7.589
96.983
-98.327
-30.31
2.788
-43.48
78.790
-62.265
-77.932
-57.420
53.427
44.24
83.374
22.556
-93.858
-82.954
-32.384
-87.647
65.424
-56.433
-97.386
-28.182
93.865
-38.787
67.432
36.814
-53.999
61.38
34.55
-91.912
21.161
-78.41
11.887
-18.25
-33.544
6.880
-86.434
-2.995
-13.181
52.924
-24.645
-35.123
29.734
-88.204
-86.737
69.896
67.634
-15.336
54.1
-97.53
-55.277
-23.765
37.994
-85.182
-11.820
-34.342
-37.209
-74.476
-58.831
-23.680
12.935
99.111
-10.248
-7.585
8.149
-47.483
-34.820
-55.946
-12.504
70.27
33.791
26.91
31.401
83.808
-68.868
-26.616
26.2
35.958
25.170
97.641
50.126
-90.552
-93.684
-96.219
-36.339
-26.866
98.492
-43.780
-33.205
-80.654
-53.104
-18.546
-74.91
83.339
-52.876
-90.202
95.152
-3.195
-69.981
58.13
-39.966
95.985
56.511
52.947
20.451
75.893
-48.241
-65.496
-63.618
-17.776
26.315
-40.363
-52.471
-55.323
-50.843
73.370
98.770
-28.888
5.151
-15.820
-86.847
-27.687
-54.591
-44.298
33.501
-73.74
7.925
34.205
6.110
47.325
17.863
2.690
50.496
21.440
15.173
5.147
-66.606
1.441
-24.499
-50.398
-44.915
38.69
70.519
94.440
16.156
-39.213
-88.279
63.532
-42.156
-84.6
-50.903
32.693
56.63
-28.957
-41.673
32.64
-69.853
-65.668
2.362
-90.46
-29.397
83.981
-58.489
53.417
-41.911
84.143
93.612
-34.630
7.932
-88.75
28.104
71.639
-59.397
11.603
72.344
6.480
-57.874
13.508
89.915
-28.955
61.284
-95.155
-62.967
-66.78
39.150
-76.208
-55.318
47.331
21.973
-28.901
61.514
-51.209
-31.23
9.389
42.780
19.756
77.812
60.911
52.333
-10.713
-76.774
74.677
-32.709
-4.970
-7.713
11.984
-24.561
55.374
70.226
-9.88
98.565
4.291
-20.423
-58.280
-38.587
98.550
-66.675
99.982
-95.452
76.114
70.812
-90.468
88.588
-47.547
-77.85
71.335
-50.53
43.404
-9.299
54.127
87.897
-37.88
-78.728
-95.528
40.105
-76.228
-15.179
28.574
24.83
-25.989
39.676
70.413
17.844
-52.39
-39.632
10.560
-17.375
77.104
93.80
9.405
-53.897
46.367
-27.636
88.940
78.179
24.790
-51.107
5.536
-37.129
-53.539
58.244
39.790
38.969
-81.509
-64.939
-30.716
57.67
-60.525
-18.662
-57.915
-54.273
47.765
60.155
8.937
49.853
70.183
80.193
-98.553
55.423
-90.181
16.935
-38.934
-2.194
35.55
-30.104
16.874
-66.507
35.757
30.512
-87.903
11.171
-61.562
76.864
-47.752
6.734
-71.750
19.868
60.803
6.433
75.772
-26.736
-63.597
35.826
-54.225
27.83
-57.254
-62.273
-25.685
-46.691
-31.419
-67.345
-78.460
-52.996
90.850
-84.77
-60.487
38.249
-84.926
-85.924
-20.755
-80.674
75.205
-20.557
43.299
-39.183
71.943
57.33
68.969
65.554
-54.575
-13.507
-70.734
-87.855
52.750
19.942
-63.513
47.422
79.590
42.56
-30.862
-25.427
46.97
-25.36
8.888
-43.207
-8.423
21.670
-66.901
-81.396
2.78
-98.55
53.1
42.178
39.87
38.730
27.290
-81.711
-57.730
75.611
-50.965
38.663
-54.268
68.162
70.553
12.191
62.370
87.251
-34.960
-87.736
-83.338
10.276
-39.331
-74.951
88.821
-88.885
71.0
96.587
-32.374
-51.261
80.996
27.306
-36.598
18.224
62.12
-11.401
4.824
68.220
83.4
-10.555
-74.188
-75.515
5.903
18.973
-30.535
67.199
90.803
-12.71
22.606
10.17
11.743
9.770
-13.728
67.946
-45.729
36.248
32.38
-0.451
92.425
-89.336
-93.147
85.856
92.121
6.188
-42.986
18.822
-40.507
-18.807
20.352
-80.441
9.686
81.571
-75.315
50.821
71.416
-21.634
71.674
-8.45
-0.817
66.949
19.458
-72.791
82.718
-65.968
-36.839
-46.412
-78.584
-69.744
19.345
-22.811
-65.182
-47.255
-99.237
19.602
-8.890
13.736
4.666
-69.835
32.755
-11.777
-40.694
78.193
-60.845
-60.964
-80.724
40.189
13.993
-21.514
22.446
20.310
81.350
-25.80
23.940
-59.352
0.933
-84.873
-5.938
92.360
-18.234
-0.555
-62.188
-19.613
-74.437
73.248
37.0
-76.585
57.90
30.534
18.104
-57.204
53.19
52.890
-31.364
54.638
78.27
87.255
-70.512
43.495
-76.13
43.922
-66.476
-81.728
-57.111
23.565
36.796
2.383
-53.905
94.948
-73.224
5.968
93.86
52.767
1.976
67.799
-71.188
2.790
-41.544
92.890
38.364
1.421
-35.266
-97.918
-39.971
40.439
59.310
73.613
23.954
79.198
83.488
-63.189
-64.577
2.126
60.566
-94.358
27.717
-1.143
17.666
-77.897
-27.80
46.496
-33.760
87.14
62.674
-57.68
-43.348
-40.701
-1.918
-69.247
-86.226
-40.572
87.706
-11.245
13.107
-82.617
-9.860
-5.500
-97.854
-7.875
62.761
2.353
38.840
34.503
-97.117
-86.599
43.308
49.665
-7.462
84.69
-59.384
9.838
-84.577
-16.711
-94.960
-31.646
-37.190
-3.291
70.298
-95.834
-95.794
57.755
72.291
79.108
90.154
-18.537
45.874
84.729
-37.900
-4.647
44.143
-69.500
84.424
-24.403
-79.646
95.564
-10.462
66.646
14.135
-60.391
-92.836
-19.205
53.41
30.865
16.796
-7.444
88.806
-94.72
30.886
66.898
2.591
-32.110
-63.563
-69.945
79.661
39.921
-12.909
50.555
-35.886
56.152
68.706
68.339
-25.254
23.523
-86.255
-49.94
57.958
70.309
-8.496
33.952
-8.772
74.440
-50.217
41.440
-77.678
27.728
-98.385
-30.807
18.716
-91.701
69.309
6.835
-81.685
15.478
72.455
84.335
94.685
-15.416
-45.434
24.977
55.847
-10.805
6.486
-20.553
-26.825
58.261
-23.956
72.923
29.769
-2.45
28.0
63.110
-85.169
-92.689
77.815
-70.225
-49.648
-14.821
-95.902
62.905
-7.233
-50.549
-51.334
-38.979
-30.256
48.678
76.580
63.294
-22.590
-54.252
79.259
-8.162
-48.765
8.203
58.85
-74.534
16.810
59.925
74.748
-92.454
-67.386
28.894
85.794
-29.903
4.261
36.35
46.804
-88.863
24.89
51.34
-82.953
72.81
-77.967
46.648
-71.753
-33.241
-77.87
35.927
-66.703
-50.654
36.88
60.913
-78.290
-43.688
-11.311
40.244
9.373
29.508
-17.575
94.377
-57.665
-73.825
71.455
36.999
54.710
-24.203
88.512
-38.793
68.910
1.656
-40.713
20.387
-61.758
-44.147
-68.553
-55.377
86.917
-91.908
-57.276
97.429
-15.21
49.494
9.55
76.52
42.172
22.727
6.313
1.657
42.914
-46.11
-54.678
79.228
92.837
15.313
37.7
-12.629
-16.87
-38.541
-68.135
-26.781
65.487
78.967
84.311
-98.926
64.15
2.427
67.243
98.382
33.102
35.681
0.898
91.128
-15.865
75.163
-49.428
33.830
47.450
1.248
-95.233
25.968
89.520
40.864
10.579
-91.854
50.355
24.89
25.36
21.637
0.785
-33.910
-99.851
-63.391
8.553
66.296
-40.546
93.670
77.447
-63.769
-97.721
17.406
-5.505
-13.620
86.529
-37.447
95.187
-9.233
11.62
-50.126
79.375
44.692
-20.397
0.363
-71.749
-47.838
20.134
92.343
-86.554
-27.157
-38.788
21.232
-59.105
-5.905
-72.376
68.775
-64.48
47.92
-63.578
93.305
50.395
34.217
62.528
-88.833
29.106
19.226
-0.290
-14.837
-72.452
-88.846
61.848
22.482
-15.144
-66.585
69.166
53.286
-12.486
-19.900
-18.224
47.12
-81.773
-63.295
14.163
-93.129
6.450
-28.503
-25.415
-17.586
-46.404
79.151
-59.485
38.800
52.315
10.908
5.766
-14.995
14.172
-99.589
89.787
4.867
31.378
-35.816
87.368
-2.178
-46.535
93.550
95.916
64.767
20.357
81.261
-45.844
-46.231
-99.719
68.821
45.20
40.413
31.560
46.876
-50.597
-42.830
-1.375
-90.773
-96.824
-22.492
-78.389
-70.930
64.813
-74.859
4.361
90.404
42.557
-37.848
16.796
-14.770
86.948
25.219
82.835
-98.10
-43.566
85.508
57.450
56.588
80.856
-29.271
70.357
52.134
65.16
-42.267
-31.762
81.748
87.757
-2.166
-66.746
77.27
59.797
89.150
-42.367
-30.261
29.692
-45.725
70.764
46.367
61.733
-85.10
-28.321
-80.910
-19.404
74.935
-48.216
-84.813
-21.236
15.934
-27.847
37.833
-23.513
-59.894
-96.813
-1.639
19.287
-77.871
65.492
18.259
37.338
42.476
-9.699
97.510
-48.707
4.360
46.379
-57.808
81.726
-41.544
-87.333
-80.827
7.36
99.986
-85.234
36.890
26.889
-55.446
-55.79
52.672
-9.159
4.91
-27.950
-1.249
86.234
-30.70
86.396
73.203
-69.659
-42.311
60.772
63.28
41.907
-60.109
-65.847
57.830
39.768
62.42
-31.163
-31.505
-51.965
34.228
60.122
-85.34
-12.600
-25.757
-8.748
-40.110
-76.641
22.124
-32.175
-67.361
-78.421
-96.659
76.971
55.648
64.56
41.649
61.925
-95.599
83.984
-41.851
-27.581
35.377
29.405
76.160
79.824
83.166
-48.579
-55.874
-85.910
95.651
-65.678
-57.465
-60.694
86.670
-60.502
43.937
74.85
-31.940
-91.978
-35.373
-82.838
-10.148
67.960
-82.247
-58.359
62.2
-32.177
-33.160
-8.551
-46.38
-34.472
-1.434
-32.653
-10.536
-11.946
-13.60
5.692
-30.477
-47.937
43.983
63.618
74.871
-33.855
53.266
-71.829
-1.342
-82.447
43.229
-13.277
-85.272
48.587
82.62
51.547
-73.652
-83.624
-91.877
7.711
-19.655
-8.868
-34.605
96.905
-76.888
79.691
90.264
66.199
-72.90
-72.349
-23.668
-52.876
-62.262
44.459
-66.435
-1.767
-84.957
20.975
79.947
68.271
69.395
76.899
-52.414
85.858
23.876
-54.178
-23.662
-9.982
93.114
68.934
-43.155
35.432
6.984
-88.121
-81.396
62.50
9.774
-18.535
50.180
-33.448
88.392
-90.679
-44.185
-11.526
-89.159
96.521
80.83
-27.801
-61.651
-56.284
-38.973
28.815
97.359
-55.723
-81.764
-56.360
-82.393
33.172
20.33
87.90
54.980
-18.508
60.458
88.165
-46.46
64.555
3.37
-25.322
0.242
-26.329
-36.736
-24.854
-27.714
-41.855
31.153
85.417
-51.872
-11.249
-43.349
8.175
68.364
56.888
-56.915
15.508
38.39
-12.976
89.328
-7.191
-96.34
-79.594
43.962
-96.470
-54.979
27.594
59.184
45.797
-0.338
-27.198
-56.346
35.377
89.972
-59.868
-17.623
-90.302
23.762
-96.859
-46.659
-75.738
-96.347
2.482
3.23
19.334
57.951
-74.141
-37.764
36.213
33.759
72.786
9.782
92.837
52.840
-84.811
37.220
13.46
-44.235
88.972
92.757
-54.929
59.38
-59.430
93.834
-2.518
-45.56
39.421
74.565
-78.306
42.798
-70.52
-84.864
-80.523
66.569
44.671
85.517
99.408
12.135
-8.813
-80.7
57.477
-67.361
15.794
-45.612
-9.8
-43.145
-34.597
-98.409
79.169
-67.849
0.206
90.873
-44.240
74.385
-20.494
-90.437
29.623
-77.473
-59.553
-55.520
-10.172
-94.915
92.611
84.785
-92.6
8.648
70.878
-80.455
0.866
-40.573
-30.935
77.430
-98.474
10.159
-8.151
51.812
84.582
93.114
-75.466
-62.807
-69.689
52.966
-51.216
61.679
8.739
-62.890
-16.627
48.572
-39.847
44.709
75.30
90.334
38.185
-61.898
-95.907
-81.921
30.589
-14.789
-12.328
-28.72
-52.948
16.890
-47.680
47.442
25.37
43.970
3.53
42.867
53.231
63.259
82.463
35.180
70.79
95.378
-19.756
-1.599
-57.854
1.148
35.701
96.64
-82.298
-16.433
-92.803
49.651
-47.522
35.323
-46.32
9.886
-92.673
5.369
-30.104
19.472
-39.365
91.814
-22.261
-8.449
94.995
-85.304
77.596
-69.454
-26.136
32.107
-72.547
15.590
-13.912
-81.621
-24.667
-52.904
18.481
-5.451
14.229
-78.761
-63.833
-65.600
-33.713
63.46
93.923
-19.375
1.994
-79.451
-64.765
-33.744
61.859
-37.477
-55.410
85.625
-89.571
7.242
-82.943
39.974
-98.438
87.471
-37.885
-72.522
-60.677
-62.614
-62.603
-33.663
-83.345
28.836
-76.235
-41.122
51.611
-72.183
-70.144
-30.558
16.120
-73.105
-24.888
-66.168
35.396
94.338
24.441
-40.213
-81.835
-48.365
81.134
-69.359
69.284
66.202
51.89
-72.383
-66.908
72.900
13.881
50.881
-93.514
60.384
32.505
-44.223
25.374
-55.546
-74.565
-35.337
-60.102
-21.652
99.897
-63.957
86.641
-46.485
8.11
-59.318
-94.392
89.27
-36.788
17.509
-31.260
59.175
24.613
45.859
-90.819
9.879
-74.125
57.115
-28.803
-2.72
-79.155
2.215
-85.691
-58.88
68.278
-89.987
28.114
-59.223
70.3
-69.205
77.185
-97.839
44.124
-5.34
-77.702
-16.491
-39.71
-35.483
50.753
-68.23
-11.152
10.402
23.946
-32.103
29.380
4.949
-71.688
-0.75
56.225
-64.645
29.57
-31.967
-72.942
-89.674
41.955
48.360
46.931
67.784
-72.140
30.356
-15.285
-52.816
44.140
-82.30
75.223
-49.71
-72.769
83.37
-21.709
-84.891
-45.958
10.710
95.254
22.888
75.716
-84.765
-5.338
-58.473
-98.895
-79.531
-17.676
-40.739
31.334
-63.108
-77.735
15.172
-24.777
-54.187
22.186
-98.617
70.134
-47.374
-87.858
34.373
21.951
-76.518
44.442
55.196
39.818
-70.369
-32.739
71.238
-1.578
-65.364
89.837
1.713
84.109
-97.364
98.655
36.525
44.858
35.681
4.383
83.0
-83.290
-39.691
-60.727
-28.825
-92.523
74.711
-78.656
-24.843
57.999
20.982
-99.165
-15.556
96.969
-87.197
94.789
-56.915
-96.945
-94.970
78.227
-92.0
59.651
16.19
-68.167
-96.854
0.148
28.57
-19.753
-66.800
-8.878
49.722
-72.982
-12.650
-9.419
-27.367
42.967
46.447
66.166
31.132
-18.892
32.741
-99.365
69.930
58.991
66.519
77.61
41.408
-61.826
87.909
-13.627
69.911
-48.762
60.831
23.841
57.608
10.337
-31.530
-99.244
33.583
4.997
68.418
-25.866
-47.379
0.902
-96.912
11.422
39.753
-76.704
-90.90
66.394
68.862
34.939
-15.287
-27.539
32.687
98.898
-53.937
38.565
-68.256
-33.974
95.994
-27.581
-78.496
-56.275
-41.759
85.557
4.62
77.101
-6.621
-25.854
-38.501
18.980
-86.159
92.767
-90.708
-74.894
-57.450
29.779
66.585
-12.662
83.53
97.971
-44.709
87.202
57.44
87.218
-74.327
-27.308
-30.727
-57.191
-39.674
25.524
40.968
66.208
-60.165
14.952
62.478
12.806
42.388
-58.845
88.736
-71.562
-25.654
-41.821
-59.533
-73.147
-58.261
-22.325
-94.768
-94.878
36.966
1.789
42.966
4.208
73.419
-8.645
-0.103
-70.825
46.119
62.65
27.502
29.103
45.98
-16.454
-59.27
-88.688
15.388
-4.958
70.556
4.570
-68.197
50.527
-21.472
-10.40
60.700
29.40
43.855
-12.759
-6.781
-19.337
-50.657
83.707
20.980
-58.443
-51.303
-23.684
-83.527
-83.639
-93.845
-59.616
-95.667
80.202
45.974
82.433
-59.736
41.559
-10.294
35.977
-72.622
42.81
-97.628
-62.108
35.753
40.387
-88.699
-91.740
-78.550
44.338
-49.862
-51.904
21.153
11.268
-51.955
17.195
69.135
4.78
3.708
43.904
13.305
-4.756
77.929
-77.140
-38.943
5.313
-59.682
60.138
53.241
48.637
-82.950
29.154
33.683
42.461
19.651
-99.8
78.567
44.379
88.184
-92.533
0.467
13.848
34.933
36.875
-79.294
18.145
-69.975
-55.919
-31.407
48.851
-55.451
11.216
22.902
-69.439
76.670
-87.188
-7.10
46.817
12.748
15.748
51.103
54.115
10.289
-47.310
-11.287
-22.926
-79.885
-11.731
14.196
25.111
88.363
-54.769
36.179
73.878
-49.742
48.416
35.47
-32.258
98.673
-12.50
74.538
-92.644
-25.233
-0.206
-85.708
61.56
63.791
-3.275
-75.325
46.337
77.763
75.356
-43.581
42.433
-71.870
-95.531
35.47
-22.950
20.677
-43.424
-17.653
-81.729
-89.124
-31.666
31.937
-39.32
-3.719
-10.342
-92.214
-51.658
-47.427
-58.708
-26.849
27.380
-61.563
-18.402
59.657
-46.767
84.711
0.462
-91.61
-88.920
-14.746
-64.473
-32.886
90.857
-32.916
41.462
97.799
-67.251
47.594
54.483
73.997
-89.614
38.998
51.440
-70.972
-94.666
38.863
-46.482
16.829
-47.35
3.808
-52.997
79.688
40.91
10.961
-48.307
48.546
-0.92
2.408
-51.907
-31.510
61.315
56.794
50.186
37.348
-44.196
-69.896
57.896
-79.151
-30.902
16.634
-62.47
57.755
-41.758
-67.495
7.291
2.460
-47.569
-32.748
-29.178
85.246
-52.408
-86.365
66.158
84.526
-50.485
-12.287
23.534
30.318
88.399
48.684
-47.37
92.475
45.794
8.178
-66.681
15.793
28.468
-58.898
-40.586
-0.787
6.134
20.378
-4.924
94.584
62.151
67.618
-59.447
-37.557
-85.698
32.398
-63.257
-84.329
32.333
74.779
98.193
-52.60
-3.19
-22.308
88.893
93.525
84.889
10.725
-66.157
-98.683
62.481
-82.585
-20.788
5.911
-99.851
44.196
-87.381
39.243
-20.161
35.59
-30.521
-18.755
18.675
38.432
-67.232
-41.828
92.267
-33.806
98.126
21.562
78.244
-17.662
42.932
-7.371
-83.990
62.683
38.975
-95.108
47.807
60.580
-32.110
78.528
31.122
-7.329
16.764
9.926
82.717
70.812
-16.512
-89.624
-27.209
-58.139
-54.170
83.977
83.346
-25.507
98.290
99.312
-60.381
-28.270
28.597
-86.607
77.314
89.297
31.281
88.606
72.957
25.308
-43.120
-72.848
-78.776
-93.14
-47.443
23.833
-29.864
32.4
43.829
-96.54
-14.197
-12.122
-33.100
-51.694
80.393
-72.17
-13.598
87.130
19.826
61.974
10.888
32.301
-1.186
-99.437
11.69
-18.341
-59.606
-15.145
-76.565
66.526
-63.688
-9.820
-25.122
-93.73
8.336
64.354
-89.665
16.781
-21.409
-57.28
15.691
13.300
13.977
-50.822
77.530
-73.846
10.787
-6.303
48.525
54.334
-39.649
12.62
5.227
73.330
-65.807
-42.432
25.842
25.701
-7.449
50.355
-21.594
-83.558
97.364
-40.189
-57.754
-5.748
0.173
-34.751
-19.910
-82.60
78.581
-76.516
-88.813
27.505
97.62
-77.720
-90.972
45.606
-53.925
-10.807
-74.938
33.966
-3.954
88.481
-63.230
44.8
73.598
28.195
-34.148
-2.258
-30.584
91.370
68.173
-10.413
-9.928
71.824
-52.498
-58.826
69.913
6.315
3.798
-89.589
-42.910
0.572
-88.82
-11.853
-89.957
-70.15
-93.337
17.495
-98.298
-16.740
-4.82
-17.982
44.923
51.134
-82.975
-12.45
20.891
93.308
-33.906
-20.975
-0.179
-90.397
52.393
-97.96
94.978
1.242
-24.714
-87.307
-94.41
-52.713
97.265
29.255
43.607
32.404
7.851
9.552
57.228
-96.216
-95.10
1.262
-81.712
45.441
-6.136
60.720
62.679
95.988
70.46
59.94
-8.90
50.291
57.24
-29.470
56.376
-91.489
-82.903
-24.950
-70.520
93.32
-84.792
86.843
2.952
-30.682
-51.638
-8.781
-89.515
97.691
45.862
92.607
-33.792
-64.778
38.180
-36.62
57.513
-54.373
92.362
-33.511
-77.808
42.300
90.785
31.1
67.239
-4.876
-74.733
35.539
-78.431
-88.16
-89.894
-53.288
76.230
-39.162
-84.629
-61.585
-0.712
52.647
77.877
64.565
-14.107
-72.660
-83.536
-32.527
-82.763
-71.776
-89.276
-91.128
-85.705
-9.721
50.335
85.59
60.195
-18.527
-37.761
86.432
-25.473
23.617
21.402
-97.611
42.614
-42.599
-54.912
54.430
81.19
23.606
-93.831
-87.406
-61.628
40.77
92.319
-31.813
-29.867
23.721
-95.254
-29.229
47.422
-38.461
47.122
9.814
35.258
75.789
-67.818
70.541
-8.189
13.170
28.917
-26.255
-30.154
15.664
-28.451
61.427
58.894
75.764
64.524
-8.489
-32.617
79.795
86.726
68.741
15.269
21.982
-63.693
76.620
-83.484
78.892
-44.425
26.504
-68.942
-13.862
-25.430
-37.551
28.14
-61.343
-63.726
89.56
-4.800
89.579
-70.647
76.512
-76.838
-45.427
-48.356
45.517
-61.732
14.173
60.978
30.819
9.789
82.318
17.146
83.543
99.843
-34.388
-60.502
-16.316
29.428
42.911
34.620
77.202
33.871
27.354
-49.906
-78.540
-25.953
57.869
62.698
97.592
51.778
47.256
-61.889
-25.517
-80.918
31.96
70.922
-15.831
-76.293
-66.342
19.93
-92.41
-71.502
-70.328
75.60
38.543
41.813
98.780
-76.57
56.775
77.495
-77.539
-84.111
81.81
47.508
31.946
-64.287
70.837
8.465
90.222
-15.699
-33.28
92.113
-5.546
-99.846
-5.577
54.893
69.364
65.172
-17.314
-97.429
72.962
-87.954
12.612
71.263
-89.968
-54.974
58.744
-99.409
6.378
-87.428
-68.700
-29.439
55.52
-27.675
-46.816
-94.70
87.428
97.728
78.786
-26.474
-52.194
92.975
-86.930
45.957
14.255
-56.49
-20.289
-80.986
-1.16
52.343
32.747
64.839
83.277
59.322
-9.589
76.45
-66.665
-84.897
-82.150
18.154
-29.986
85.402
17.138
30.597
49.806
76.583
4.701
-73.885
-28.919
-51.589
18.370
-31.808
36.525
18.507
-74.9
-20.285
10.441
70.414
-26.542
-33.193
-46.63
-97.547
-99.483
91.853
80.979
28.99
-58.962
-42.232
-62.510
-2.243
31.641
-82.339
-90.90
26.682
-18.414
-71.94
-61.305
92.747
37.361
76.363
61.46
61.429
8.671
38.649
-25.168
91.291
-9.953
41.945
5.35
32.763
-2.676
-13.837
-16.145
-9.435
-36.912
-29.204
17.465
-10.307
2.664
-8.696
77.998
44.564
-93.380
-12.241
33.477
-22.206
55.524
-92.86
-75.641
45.549
-79.878
-89.674
-88.367
33.332
66.865
11.840
-12.547
30.939
56.667
46.412
32.643
69.684
-70.373
-3.558
-25.324
-28.287
-38.299
71.882
-43.638
56.936
-18.768
62.190
-29.60
15.464
-85.641
-72.70
52.308
78.231
-44.575
-77.331
27.402
20.664
97.145
-0.212
-9.549
46.22
-19.174
-96.904
-54.449
51.178
-35.505
88.425
-83.975
39.175
-10.936
-75.582
-10.754
-5.750
-84.804
-37.907
-26.643
17.483
25.619
-78.758
95.420
10.896
51.958
-66.564
38.0
-6.137
-5.364
-62.433
-44.658
53.888
37.984
-9.846
63.498
24.816
-86.354
-53.913
-80.670
1.132
-58.76
-82.181
-16.918
75.279
-29.143
-42.319
-71.205
0.311
-67.543
-1.544
69.503
-48.37
15.906
18.881
67.210
-67.853
35.76
57.177
45.996
-3.897
93.19
-12.19
-13.434
84.304
86.123
32.742
-96.977
-18.887
3.384
31.787
-4.580
-31.545
-96.158
19.394
-23.180
90.364
61.913
57.383
82.87
-3.918
74.422
-15.806
76.754
70.526
-21.1
43.391
59.605
-5.662
38.797
-55.652
-11.478
0.294
-81.822
25.792
62.213
32.208
67.520
-14.125
97.264
67.319
-56.783
-19.883
40.516
15.841
-17.604
20.688
66.755
66.422
-32.71
47.439
14.795
-12.266
56.306
-22.21
81.938
-5.410
-37.477
42.95
-20.927
-14.826
-79.740
28.205
-11.161
-11.784
5.217
2.322
88.11
-82.453
49.125
88.291
66.623
91.903
-30.14
-79.178
-50.883
11.85
-82.826
-83.860
78.609
53.850
53.316
-46.508
-44.690
-56.170
-51.672
-64.135
-50.969
0.652
56.983
-37.536
-61.841
57.288
7.784
24.140
-19.492
-49.408
17.858
10.911
-64.667
31.604
-96.365
-29.574
-23.134
59.410
65.230
-95.531
-8.48
-42.311
-29.475
-51.558
61.354
-61.235
-52.710
28.469
93.34
53.429
-70.789
-49.84
-87.965
44.417
57.30
-87.591
-44.796
-35.724
-89.869
24.723
39.45
7.694
-85.933
39.77
2.786
20.425
-25.570
-92.57
-29.946
-53.523
6.614
-52.621
31.207
-27.198
-92.800
87.720
-26.897
-61.690
-21.271
-2.324
-6.630
55.683
-50.566
78.245
83.489
78.976
-46.3
37.716
-85.137
-31.191
1.897
85.4
-42.854
-7.732
21.67
84.645
-20.244
5.81
80.918
-78.349
-49.602
-55.939
43.982
-2.641
53.762
46.147
-15.219
-39.524
-79.456
9.934
-31.636
-50.191
-73.986
3.588
18.594
-52.492
-31.907
-59.898
-15.477
-42.839
70.470
-48.620
18.645
-70.49
-15.619
23.71
-29.754
-7.913
8.981
66.523
58.593
38.793
9.64
-18.34
68.402
-64.577
0.58
-47.65
40.474
15.740
-28.150
60.988
-15.797
16.267
-66.636
-87.200
-79.453
78.300
90.993
-83.360
-51.888
-12.400
-70.516
-41.232
98.951
57.290
45.322
-91.800
-3.990
89.225
19.676
47.288
15.558
32.551
-17.949
-37.858
-62.503
88.295
19.298
94.340
-78.159
2.259
26.626
19.59
-44.176
-72.965
-90.628
-31.968
-23.639
58.634
-17.664
-1.266
-76.544
10.663
48.207
35.831
-80.122
-29.753
-77.228
-72.186
10.204
-56.957
65.85
49.148
43.696
66.31
-6.363
-74.493
62.770
90.494
52.5
-30.813
-26.531
67.80
-23.575
-38.193
-85.899
54.25
-28.188
-83.378
-24.583
21.113
-27.292
-70.311
-62.186
-49.476
20.662
54.568
-33.949
-82.32
-30.708
83.181
2.760
-3.530
-33.992
-42.842
44.462
-98.216
-78.301
-97.783
-95.566
-76.949
-23.803
-61.307
-63.892
2.486
-66.282
-44.533
-43.263
-90.660
70.456
57.584
78.807
-6.121
-17.484
21.786
-18.505
-30.301
9.744
-90.135
-6.857
-88.266
-71.544
-58.451
56.220
46.493
74.464
-33.946
-28.155
-35.97
54.203
-81.743
-40.315
11.425
51.382
-27.428
-90.403
9.588
-30.516
-48.803
-0.757
10.538
-38.731
10.494
-34.246
30.173
71.415
77.477
76.307
35.707
-44.108
-56.70
-63.508
-86.670
34.656
-64.38
74.310
40.287
-45.915
-67.703
-45.747
80.955
-5.718
-66.56
-69.690
70.706
44.533
38.925
57.470
-88.38
74.783
20.463
-88.320
-64.86
10.607
65.777
59.474
-62.112
5.522
15.10
28.636
88.508
-55.696
92.412
86.622
-23.40
-66.999
42.513
-95.518
-66.985
28.913
-24.401
-36.108
68.753
-38.391
68.714
76.132
57.474
-55.369
-23.288
53.268
-71.92
-49.928
-23.448
61.739
-22.407
74.935
78.445
43.400
30.324
3.929
90.853
30.602
-30.578
84.839
81.713
44.240
-88.418
11.113
-55.843
-87.299
87.41
83.471
-8.753
-34.937
-98.470
-22.715
-82.803
86.266
-91.121
72.8
83.547
98.831
-16.491
16.625
-56.324
-61.346
58.980
-21.967
-97.58
-20.931
-43.866
-6.364
45.733
85.549
14.5
-14.518
-77.976
-48.149
37.798
95.119
-66.114
85.472
-38.17
-83.502
54.217
-0.631
-45.461
-71.861
-15.98
18.645
56.512
-8.949
77.787
78.871
29.177
38.677
17.775
-72.98
-29.613
-85.84
11.440
-52.901
-65.478
95.256
-80.786
-82.776
68.393
14.965
-74.347
31.632
-34.995
1.847
-17.12
73.508
99.188
-7.271
-92.739
52.405
-62.779
-37.311
-49.645
1.647
58.616
93.989
84.341
66.848
-23.540
-74.544
42.606
9.43
8.292
2.145
-96.503
-51.196
-65.833
-20.551
-46.774
-63.248
86.642
88.951
-53.511
15.614
-77.162
3.113
22.31
83.751
91.250
-92.913
-36.851
87.491
-85.144
-75.512
11.889
-55.244
95.566
68.901
-44.393
-94.637
93.473
39.212
-36.897
44.173
-19.536
-56.491
58.586
-44.6
81.950
20.545
72.390
-28.481
-76.417
-68.414
24.85
21.593
14.51
73.547
34.480
40.452
-83.377
0.105
81.481
59.1
-63.177
55.250
-90.464
-12.738
-93.972
-76.265
56.548
-26.648
30.481
-4.241
-91.156
-16.763
-81.553
50.818
19.211
-68.739
21.595
0.873
36.56
53.560
-24.503
25.619
-24.853
39.255
-45.726
23.394
18.768
-9.168
53.404
-27.309
-93.886
-68.311
57.187
-0.978
-61.423
33.198
-96.216
-6.378
-90.683
29.910
29.356
-36.176
62.133
-42.486
-77.347
90.633
98.81
26.288
22.478
74.59
-88.240
87.876
98.939
-47.281
27.510
-31.0
85.851
7.829
8.752
92.78
38.766
93.54
75.604
-91.603
45.31
95.14
-29.751
-45.458
-49.866
35.10
29.801
63.594
-25.269
75.313
-9.858
-54.605
51.187
51.684
80.386
14.121
26.950
56.465
-45.191
37.418
-33.427
64.81
9.84
5.935
60.816
81.830
64.408
49.316
79.961
79.299
-44.284
-20.949
53.658
-73.164
77.924
20.157
32.873
46.522
-78.754
-49.133
-90.30
-59.302
61.555
-99.680
21.9
-63.929
-35.913
-15.912
12.390
-22.540
83.482
28.941
-75.54
32.554
53.727
50.391
-56.726
-87.142
41.306
49.180
-43.415
-18.943
-96.770
32.202
97.755
-23.57
-78.265
-99.253
-32.246
-8.648
-23.591
73.161
-65.309
-11.942
11.91
38.414
-57.544
-54.44
-45.528
42.36
71.812
-63.985
-2.850
12.461
25.372
45.663
-74.20
69.226
-69.71
-16.213
-10.184
-48.399
47.801
-59.866
-62.443
7.640
-67.514
-23.36
71.105
-99.321
-16.684
45.432
60.431
-77.990
55.404
-58.412
-76.131
14.754
78.677
-13.428
-13.397
97.42
-80.702
-69.579
23.487
-21.445
-10.174
62.988
-2.467
-0.32
-19.546
74.895
-61.776
-31.397
-43.920
-8.493
89.404
-1.518
-71.873
-18.573
-94.644
-18.770
33.383
55.914
-4.409
92.218
-25.159
85.13
33.884
0.803
-99.549
49.167
42.53
-63.908
33.664
75.456
11.81
3.418
-14.751
49.251
-58.303
-14.452
-89.946
98.561
74.694
-59.969
14.881
-28.184
8.750
-72.100
43.510
11.976
-50.565
-43.716
-95.342
12.853
84.467
42.47
19.255
47.679
78.122
-65.485
55.936
-92.231
-89.926
-81.38
94.375
40.369
-22.88
-3.635
-88.966
83.31
-7.338
-96.130
-53.320
4.953
56.999
-27.339
97.213
-23.669
-81.157
61.893
-30.500
-36.248
-72.501
-35.305
41.513
21.592
71.589
-10.113
-88.194
-32.307
-59.937
24.725
-20.198
40.985
-13.126
85.348
0.19
77.581
-74.669
29.601
77.760
29.837
-77.257
78.750
36.563
-7.401
-22.601
-27.378
44.105
8.234
78.364
90.993
76.371
11.701
32.938
-80.297
-27.372
-46.399
-47.843
69.251
92.282
28.872
-49.100
32.812
64.344
60.176
9.656
60.802
41.901
-27.270
47.863
32.791
-62.893
-63.777
17.841
-62.354
4.715
18.175
-83.168
-91.95
3.543
49.227
-20.789
91.304
-74.121
1.883
-57.239
-69.209
36.192
56.384
-46.739
52.541
-1.661
43.552
14.26
-78.779
49.989
35.310
48.898
-82.654
60.553
32.457
84.158
24.253
-21.519
-91.797
-44.498
-89.985
-92.786
-39.68
22.280
-96.965
60.349
36.925
-17.646
-23.337
-61.234
-40.223
30.867
18.358
-12.432
-12.829
68.441
-83.929
2.846
-41.922
-29.583
15.524
-39.54
49.424
80.288
-39.200
-15.321
-40.456
-42.210
91.751
-30.932
2.548
-98.639
14.289
-88.269
-94.860
-30.27
58.119
-68.61
-73.205
51.887
13.989
51.440
-95.754
-63.994
-20.888
-29.970
-11.681
-49.949
-49.974
53.326
90.291
74.43
50.338
-67.602
5.474
55.803
-32.966
-28.67
-38.316
4.170
-6.560
1.386
-84.289
-25.908
60.866
83.21
-81.754
-8.534
89.72
92.629
73.387
45.688
61.972
67.49
27.209
-13.44
2.526
-57.686
31.475
-21.219
34.892
58.138
-21.351
73.518
86.297
-16.810
-16.564
-74.821
-15.704
32.825
78.59
-59.670
-80.691
-25.117
-71.855
-26.771
-77.240
7.14
75.629
-70.213
85.691
-93.802
-90.234
-39.311
-5.82
73.460
-98.138
-92.697
6.472
25.642
-69.428
-76.73
54.363
-75.2
13.860
58.233
-74.283
-31.575
2.282
-6.107
-72.228
-82.56
46.910
-44.185
-54.350
-51.908
56.335
-51.518
-95.120
-11.178
-21.851
-60.885
71.83
98.327
80.634
21.85
96.493
-6.996
-91.291
-11.202
-37.75
44.635
-7.659
32.509
95.189
9.911
83.259
44.165
71.908
22.419
-51.509
32.53
-49.812
-2.696
-82.892
96.101
99.936
43.380
-35.303
-18.825
-55.476
-19.460
67.310
-26.164
47.646
-57.94
30.593
-62.988
-63.275
20.393
-1.600
-39.619
-34.439
-41.717
97.964
-44.73
-45.603
33.517
-2.980
25.901
-74.402
99.994
36.728
36.770
99.167
-9.163
-16.508
17.194
57.248
21.973
-81.547
-42.798
74.187
97.23
37.174
94.935
-25.752
-59.569
10.726
94.499
-79.281
19.375
4.401
18.798
-54.987
9.934
-28.711
7.570
-80.732
-53.179
-99.458
45.29
-90.534
-73.404
-32.59
-65.720
33.848
54.7
-43.687
-63.192
-31.792
-83.737
-11.179
39.953
-18.137
36.202
88.787
3.941
-88.937
-57.500
6.483
13.167
1.278
-76.569
55.487
97.75
-7.915
-18.718
-89.406
47.416
-97.222
-40.987
-72.740
-83.368
48.275
-53.872
-61.232
56.202
-44.791
-70.38
-48.136
-9.228
-38.700
-48.83
-28.683
48.637
-95.850
-5.758
86.302
26.124
81.372
11.882
-79.172
88.872
66.201
-19.701
-96.96
-54.653
-66.740
69.818
-63.599
93.362
3.742
-13.830
59.996
88.515
58.964
78.870
-56.436
-88.157
-45.721
-27.966
-42.122
30.535
90.346
55.886
-69.144
83.322
98.178
6.367
-83.12
60.191
-0.434
33.616
-97.258
-58.913
86.634
-30.517
44.215
-94.173
-53.857
34.217
85.969
58.503
-66.0
-73.810
-15.448
53.878
13.322
-4.216
62.422
85.308
-99.193
-51.551
19.269
45.343
-84.658
-57.63
-99.528
-56.233
-39.895
-79.880
-89.731
20.234
-54.653
40.598
-37.982
-83.791
59.190
-9.747
28.986
-69.118
18.7
-60.327
5.933
-72.473
29.111
-49.646
31.957
42.718
-86.147
-78.16
-2.987
-9.547
99.305
-47.177
41.858
69.7
41.39
-4.481
-65.920
-65.898
83.0
60.309
64.61
-53.908
-16.801
-89.370
61.112
41.568
-40.133
-38.499
-53.782
-6.343
-59.859
17.913
4.329
50.570
55.283
-99.425
-28.417
-26.56
73.61
21.67
-82.327
-52.144
34.49
65.251
70.406
-40.257
77.285
48.763
-18.589
-71.762
-18.944
-77.196
49.130
50.547
74.169
81.461
65.639
-18.187
76.606
46.29
84.799
-1.777
63.226
-77.477
-43.803
-14.136
-47.253
-65.571
-46.499
69.746
53.730
82.132
-58.447
-65.724
-22.919
-49.734
-90.833
17.798
84.744
57.965
-59.519
-13.53
43.411
0.428
-86.651
-27.952
4.442
-34.112
-88.796
89.806
-88.817
-69.630
35.726
-47.626
36.865
97.244
-91.549
19.735
-96.23
18.264
58.204
-68.574
32.209
-7.908
-10.45
17.242
-76.585
-29.556
95.953
-9.223
81.981
-70.802
42.34
92.441
69.803
-10.420
48.948
-35.478
10.825
-8.786
70.519
-89.489
-82.384
36.928
99.397
-6.360
-60.708
-47.696
-42.706
43.114
15.536
-72.178
80.260
-21.49
-56.748
46.106
56.366
15.465
-52.960
-18.803
18.570
-89.242
-2.622
50.96
-27.104
-2.450
-36.906
31.422
70.826
67.945
-30.915
-30.257
59.811
49.313
40.341
-31.995
-29.931
-45.915
-26.937
-68.705
16.387
83.169
96.229
79.530
-63.123
-50.754
88.883
-84.228
54.607
2.627
-96.443
-9.978
79.474
-12.906
-58.369
98.319
-32.559
50.995
83.49
-54.604
-33.252
48.261
-85.592
-2.704
50.614
21.312
47.497
60.747
-53.331
2.537
-29.70
-52.671
2.156
30.810
12.461
15.582
-37.281
-23.441
-53.995
-84.549
-71.730
-10.983
-62.637
-6.167
-6.479
-72.646
3.635
79.359
7.812
13.748
61.419
79.781
-68.743
65.249
72.707
41.379
44.283
-76.914
-2.373
-75.639
-97.600
-50.679
-37.547
14.64
57.688
32.529
4.225
-60.2
27.356
-6.932
-33.981
-83.883
-62.621
-36.887
59.496
41.280
55.885
-3.945
66.173
-55.379
82.665
10.448
-68.511
-74.299
-47.359
-57.452
-49.607
66.811
-37.329
16.536
28.719
-21.829
-49.249
-99.175
-87.23
-72.480
38.781
88.799
36.888
-57.405
10.633
27.906
45.755
26.506
-7.694
98.518
42.556
-46.397
-12.633
8.143
93.953
96.432
81.678
63.904
-72.763
57.262
22.204
-68.550
-14.815
1.623
-92.216
69.665
3.446
93.161
-94.985
88.942
-1.864
71.533
89.99
-93.100
92.293
92.14
-29.817
91.163
62.557
97.45
93.147
-94.770
50.311
20.757
14.249
-29.94
56.723
82.814
-68.329
40.326
55.419
-34.166
-98.468
9.788
-25.455
-34.684
9.492
-2.974
9.995
74.835
-36.790
-45.76
-76.874
-18.636
-66.461
67.348
10.309
-76.163
-8.73
70.299
-9.535
-20.632
-97.8
-94.326
-80.344
-20.311
-97.321
-66.449
61.158
-4.480
30.741
98.362
95.211
15.406
22.438
-91.58
-60.7
39.425
81.639
96.643
62.625
-15.375
0.971
93.286
64.308
-32.852
12.912
-65.151
-67.732
32.80
-76.142
14.157
-66.109
82.302
-3.119
-63.551
33.263
62.280
-17.348
-63.32
52.108
66.375
8.841
68.775
-19.879
-78.294
-89.79
12.241
87.911
47.374
87.979
-21.997
65.805
19.726
-75.45
2.423
80.712
22.824
-97.264
-19.763
74.402
-41.323
83.741
-66.60
77.287
67.189
3.669
-66.344
75.141
-94.760
40.586
65.727
-88.910
68.329
74.406
-25.726
-99.229
-37.348
99.323
78.417
19.358
63.475
-82.63
42.983
14.257
-73.282
-69.481
-38.918
-0.770
-54.948
-69.567
-71.382
52.716
43.310
16.224
95.97
4.118
-90.309
-29.309
-90.315
-69.385
-10.808
-75.960
-55.103
-18.271
-39.518
95.922
-84.65
91.294
-21.284
50.806
-47.216
-79.991
-27.546
37.217
24.908
61.903
-68.387
84.631
9.52
53.654
-31.302
68.81
-66.60
19.549
43.774
86.887
4.655
34.739
-59.800
-20.153
39.536
-22.405
-49.423
75.342
17.137
-20.624
75.428
21.614
-98.125
-27.245
62.836
-0.59
-70.960
-53.735
33.305
91.225
-36.752
36.625
27.123
-66.650
10.565
91.465
-29.487
38.340
-93.925
34.16
50.204
-47.792
58.519
-94.185
-28.648
-99.739
80.921
-74.559
4.405
-90.539
54.289
71.436
65.946
82.241
2.621
-87.572
-89.505
79.379
9.635
-16.226
-92.80
-73.303
-46.520
38.855
-68.957
-98.745
68.386
-10.665
12.626
-71.843
69.387
-57.760
85.106
59.297
-27.517
-16.416
81.84
52.794
-54.459
91.482
-55.52
-3.161
-54.246
-78.605
57.184
94.252
-79.734
99.486
37.240
-53.631
64.238
-10.493
-69.700
87.378
1.88
-85.434
-33.513
17.713
-48.402
89.207
13.971
89.433
-26.355
-61.842
-2.895
-79.681
56.966
-20.484
21.84
63.873
88.39
3.928
-60.407
69.368
-9.122
36.501
-98.110
73.682
-13.703
59.118
-60.206
-84.910
-41.722
54.344
60.153
-14.589
1.439
55.512
-92.577
66.36
13.448
-51.432
-17.126
43.180
-89.492
57.607
79.260
63.715
-81.808
-3.326
43.439
41.242
-50.311
33.54
60.895
-92.253
-13.684
-26.300
52.781
7.184
-50.979
-94.21
71.923
73.56
8.468
-35.960
-21.825
-19.504
-33.508
-55.767
55.669
94.664
-27.535
-72.760
-23.168
-69.955
-21.728
-9.748
-45.81
-14.889
-68.144
-54.639
-60.318
-90.790
-27.165
-85.635
54.508
49.117
0.114
-59.928
37.449
-33.655
-92.215
91.757
98.337
-25.774
-8.28
72.630
83.82
-28.894
-62.831
-93.916
14.109
-54.0
-37.350
-85.975
20.536
-15.408
27.43
-5.172
-11.386
19.831
-81.498
11.352
99.241
75.626
78.198
-9.113
-70.192
17.549
-7.113
80.332
-21.565
72.677
-74.128
-79.255
-59.833
-27.594
55.464
-26.934
-74.841
8.73
73.194
-89.666
-9.193
-18.772
58.731
-97.310
49.565
-97.243
95.517
-6.477
1.251
-62.392
99.253
-69.371
94.782
4.979
9.780
31.377
-86.25
-83.483
4.85
-72.747
-7.498
86.819
-90.613
-24.418
-69.827
-82.658
-39.845
-66.580
-70.936
29.109
28.468
32.206
59.96
-21.221
9.242
30.724
28.616
-55.434
13.656
-9.885
-51.865
-96.849
-9.560
35.781
31.491
-6.173
-40.853
71.908
-34.821
82.30
42.634
-71.130
6.691
89.578
-46.209
44.468
71.660
-14.632
-91.666
-76.700
46.843
-81.914
-17.472
-14.261
-92.207
-13.904
-7.75
-6.690
13.533
41.910
52.56
-49.190
29.159
0.173
-49.717
8.930
87.689
-79.847
-2.960
92.554
35.658
72.908
24.489
99.389
-36.538
33.499
-33.738
-61.917
-31.20
-35.64
48.751
-70.276
-82.552
6.51
-3.388
-69.473
66.506
5.620
91.503
37.338
-90.387
1.57
-20.892
-80.50
81.705
72.574
-63.293
96.198
46.841
-69.830
-56.720
98.521
65.493
-83.125
5.806
-67.779
2.894
96.890
61.36
-30.705
-38.313
32.612
88.229
-88.364
38.70
93.789
27.644
-1.492
-78.953
-95.884
43.622
-16.906
10.147
49.235
-14.926
-86.571
-88.98
37.152
-75.930
2.625
-87.421
-37.37
-99.699
42.900
97.415
-27.753
-46.693
-61.130
68.658
28.960
-25.799
95.136
72.935
48.777
12.27
-1.754
10.452
70.413
-33.833
27.313
-46.738
90.786
71.10
-3.911
-35.723
-35.724
87.487
-33.109
10.742
-44.669
-91.867
-38.757
-21.80
-91.535
-91.23
18.958
-51.797
-88.531
90.641
-25.137
74.981
-13.971
-38.244
-25.735
-24.279
-97.197
-95.301
-32.689
-78.480
-67.505
-29.431
6.644
45.634
-65.412
72.888
50.785
90.533
75.617
44.796
53.515
4.444
36.802
-39.700
86.865
-21.889
-34.739
97.429
-61.756
-15.900
0.206
-91.810
66.47
-85.238
-90.925
8.898
13.84
8.682
-84.343
30.758
23.759
32.202
36.520
43.357
2.348
-78.608
-91.673
47.682
32.518
-26.800
-20.324
-72.308
86.844
48.440
0.794
29.773
-56.616
67.64
-13.248
-2.574
-1.294
12.318
77.105
-10.405
53.457
44.186
-95.194
-72.861
78.926
55.28
-33.982
86.546
48.923
-58.985
-8.739
52.235
22.83
-60.955
-14.885
-16.41
-45.926
-21.864
-15.164
66.22
-22.230
-87.935
90.909
-87.121
97.635
34.403
52.1
-3.722
-1.237
21.3
79.777
-76.664
61.554
80.641
55.138
15.325
68.877
-99.480
-94.681
-6.755
41.334
58.863
-62.576
75.908
-9.463
-30.830
6.698
84.49
35.396
-76.254
71.647
-44.805
32.719
75.594
-10.903
36.985
-39.892
-19.328
-32.15
30.543
-31.915
-70.259
73.943
3.818
-94.581
97.369
-34.509
69.580
54.64
-87.994
75.477
-62.848
54.673
66.528
77.323
-91.872
-90.6
-86.775
-9.582
0.821
-35.748
-84.10
-97.117
1.83
75.912
-83.803
-60.446
-46.732
-16.341
-99.994
81.529
40.565
47.362
-31.215
43.943
-79.126
90.838
-8.884
53.252
32.304
-84.385
-85.325
49.324
-77.55
93.398
-22.677
-54.820
32.128
-42.433
45.317
-95.601
73.739
-17.388
76.17
-2.711
-19.733
66.887
99.971
20.13
-93.410
19.157
-33.431
-21.500
-84.728
3.330
-68.601
14.667
-81.718
75.990
-55.384
-51.555
-49.888
-38.61
-15.46
-10.249
-67.69
10.183
-39.116
-92.292
9.847
-37.98
23.0
91.938
60.6
10.868
38.587
19.897
-20.389
92.33
-54.842
-52.580
5.755
-98.798
-53.859
-54.369
8.659
79.330
38.403
-13.947
80.953
-46.805
-62.762
31.360
38.14
3.120
88.929
-60.860
-30.98
41.111
-85.543
72.241
-42.656
-16.787
40.277
-75.132
-31.220
-46.480
-95.163
-96.304
47.290
-0.314
-9.956
-81.324
13.216
11.843
29.574
29.772
-37.768
-95.316
-17.363
-83.215
42.325
-57.806
-11.371
94.682
-57.563
92.592
-59.629
-38.477
25.246
-2.481
45.423
96.432
-72.295
69.289
57.898
-71.990
58.750
65.340
-40.65
-79.919
-85.864
16.560
-5.685
65.454
-59.63
16.734
-18.945
-50.462
-10.603
-17.434
-6.171
70.787
18.144
14.261
0.820
-84.88
62.659
-91.161
59.71
-97.341
53.99
26.121
59.191
29.606
-5.6
-44.642
-17.504
-36.47
-69.907
5.556
27.561
20.787
0.498
-76.379
13.884
22.428
-71.746
80.134
-97.703
-90.408
24.35
-9.755
-15.707
13.35
16.0
30.774
85.445
-45.25
5.675
-23.817
-50.442
38.703
-13.19
-39.932
45.400
35.430
-57.16
-26.13
28.470
-34.646
-99.96
-52.734
11.699
78.139
-83.136
-89.223
-68.180
-93.106
96.135
25.321
-72.72
61.424
6.188
69.366
65.401
-65.590
43.59
42.604
-2.252
36.678
-65.50
-41.164
52.370
14.39
15.456
4.21
64.517
56.959
-55.713
89.249
96.214
76.408
32.860
-76.326
-38.593
49.797
-55.161
68.569
38.425
-60.214
-12.963
-62.391
29.923
65.99
93.637
26.938
84.594
7.14
93.804
-40.216
-40.928
-55.343
-78.272
13.789
-74.583
28.461
31.445
-47.404
-81.297
91.189
-16.329
-56.285
-87.463
93.429
-98.803
-92.884
77.467
-55.715
52.196
54.39
72.108
70.716
-12.904
25.297
32.348
-22.340
73.917
21.25
-25.677
-78.383
-72.7
96.830
4.842
-80.19
-85.152
46.174
-90.900
54.773
-33.551
-60.529
27.954
1.450
44.654
91.87
-88.472
-32.318
69.861
24.215
-55.801
-64.461
9.588
61.642
95.338
71.230
-66.670
14.654
40.524
14.900
13.455
64.220
-44.281
-30.942
-66.89
-8.860
-38.626
40.892
-64.832
50.346
51.560
-5.24
-20.620
-28.302
26.168
67.576
37.614
-78.106
25.371
96.621
67.424
93.229
92.201
71.930
93.408
55.327
78.565
-79.143
20.68
-46.864
-71.783
55.576
16.520
-0.192
-35.885
-89.392
-20.222
70.1
-74.622
1.620
1.991
73.999
78.667
84.967
25.202
74.892
2.964
-44.386
80.560
37.913
57.714
-13.739
-45.217
49.54
94.179
-27.705
1.607
50.451
52.84
76.221
-72.430
60.495
47.992
53.442
-75.388
-51.715
23.169
7.971
30.123
-66.951
15.723
30.784
85.483
58.137
-84.64
-42.467
4.590
26.749
0.332
-9.250
92.417
57.547
-17.733
70.191
17.327
-4.969
-7.526
-78.604
-25.304
94.766
15.210
-59.67
-39.184
2.907
55.324
23.529
59.588
36.966
-15.43
26.238
-39.853
-17.612
-47.651
57.805
-63.212
96.288
-98.147
79.435
16.903
-57.529
17.621
-86.538
23.237
44.395
-24.610
80.506
18.404
91.535
-35.503
71.261
96.278
23.764
65.139
59.883
-10.959
-73.692
77.610
27.653
-65.789
58.412
-81.408
-24.983
58.749
82.708
-0.370
-29.243
15.320
58.100
-89.665
-71.624
-18.857
-43.633
84.492
65.726
82.26
10.707
-82.275
-64.133
-51.522
-28.945
68.663
-17.658
2.343
-35.560
29.842
92.204
-99.986
79.150
-58.702
55.782
-28.450
58.820
22.522
-29.657
-63.286
75.779
-94.730
89.461
69.720
-71.227
-71.256
35.366
57.488
74.818
51.433
23.8
0.602
15.843
28.512
-48.836
49.407
1.594
-73.351
-67.77
-71.981
13.256
34.108
-85.523
-50.4
35.252
-0.401
-72.903
11.928
-91.296
88.719
-71.132
13.666
58.403
-47.454
-0.241
41.641
-89.966
84.877
-31.920
55.209
-12.232
-25.645
-99.404
-45.703
-46.55
-0.296
55.537
-17.22
-55.453
-42.260
-47.72
-37.849
-92.701
3.446
-68.144
75.344
-75.151
-93.468
88.224
-4.66
-81.65
-42.2
49.895
11.498
-29.619
49.794
-70.721
28.14
8.902
93.659
90.492
-59.635
29.436
-53.299
22.928
-36.378
47.0
-9.628
39.988
46.181
70.523
-60.382
53.663
-92.716
-34.339
-43.27
-98.774
-74.435
-16.127
-61.425
-16.395
64.808
-47.961
-18.805
-37.840
-36.683
-65.834
94.308
-51.825
-48.638
26.54
-79.919
-14.218
64.37
-31.26
-89.114
75.31
-87.425
-86.628
13.276
64.254
-15.733
-22.447
-42.411
-20.343
89.284
-94.559
-33.998
81.685
5.450
-16.366
-85.182
-73.704
-79.599
-75.671
48.112
-36.607
54.340
-50.621
-25.979
-25.995
30.132
21.605
58.984
7.11
3.360
-32.848
-72.154
-62.704
38.182
15.807
-7.889
33.162
-16.721
97.328
54.32
-71.116
99.140
-67.102
9.392
-30.108
-98.967
-98.801
-55.369
97.566
50.120
67.143
80.242
99.462
-23.71
-81.754
-98.152
-5.103
26.210
-68.107
-90.509
97.776
-19.108
-82.308
99.783
60.717
-30.915
19.972
-61.698
-20.518
-49.761
-99.458
-45.77
85.111
87.662
-12.475
92.305
-76.176
15.537
12.109
21.458
88.410
83.107
38.792
-50.631
-49.695
13.739
44.915
-48.382
3.647
76.168
62.456
6.991
79.530
-64.732
-16.381
90.546
-22.142
81.791
78.246
83.322
47.836
-73.894
6.573
31.690
91.906
-47.48
-42.70
-4.852
-49.930
-41.765
-2.113
-71.86
31.793
74.376
-0.468
8.467
13.409
61.913
-52.363
-89.404
-48.206
95.577
-88.861
3.587
11.487
74.647
-37.613
-22.526
12.179
-31.520
68.169
18.16
7.605
40.860
2.471
-32.697
-81.586
39.561
-63.473
-1.956
-96.425
50.695
-33.854
77.695
-8.649
-78.482
-96.715
-27.55
-85.470
73.323
-34.372
64.822
63.955
66.984
34.792
25.570
-13.319
40.946
-28.683
-89.709
7.543
-1.708
-91.571
-88.89
79.123
72.848
-47.314
-38.754
35.83
-55.772
50.131
-17.233
-58.476
-54.716
-86.648
10.920
56.368
-22.58
86.45
-33.800
-38.702
38.771
-98.829
77.535
45.873
-41.283
86.392
-44.166
-57.552
53.585
74.975
-26.265
63.163
76.592
-58.290
88.731
-39.117
57.762
-86.771
60.525
86.851
-15.177
-68.440
-50.468
71.627
14.915
45.254
67.364
-8.950
-0.762
82.248
-40.464
15.884
-5.634
-88.657
61.772
-66.669
40.36
28.96
87.697
72.831
59.771
-24.838
80.844
-5.84
-9.146
81.464
-7.804
-97.984
89.71
95.295
49.155
-68.179
-22.511
11.269
-9.430
-31.911
-22.318
-49.15
25.656
50.651
-55.601
35.321
1.343
-16.6
-15.967
-12.998
73.120
-90.722
-91.899
15.350
-83.257
-58.392
64.593
-34.761
72.628
41.340
22.65
-73.255
-39.598
-14.814
93.549
-72.960
-25.224
-73.910
-27.583
-1.24
-74.146
71.971
90.811
-8.377
81.970
58.895
28.120
-43.693
-71.972
28.574
-26.848
-41.971
-11.961
32.421
-15.702
0.61
-44.889
-13.484
45.255
-11.184
50.962
40.655
49.518
73.151
-74.718
-46.418
65.563
4.728
-88.825
97.437
-79.939
62.479
-15.380
-30.453
-18.780
-8.626
-60.592
4.148
81.989
-65.86
-85.717
-67.379
-56.747
-11.77
70.847
47.55
94.467
-5.972
-48.53
16.670
74.7
23.674
51.382
-60.593
-27.515
73.162
46.9
-63.266
29.14
-35.782
-28.656
-38.631
79.483
20.295
-37.522
2.648
-74.594
-13.658
77.339
93.274
84.254
29.644
53.176
-6.596
57.333
-72.587
1.61
91.927
95.804
-65.449
-69.533
30.415
-23.768
50.326
-73.684
71.356
16.209
-56.252
6.399
-47.16
-63.885
85.16
3.391
-46.141
36.915
12.586
-76.802
-1.159
5.17
65.365
-26.180
21.717
31.620
9.418
66.707
-6.819
-55.695
-64.748
-78.905
-38.322
67.449
-81.170
63.254
-36.115
-50.81
80.540
95.847
-65.563
-94.941
93.732
-8.599
-56.132
-20.347
9.283
-17.433
31.713
65.61
-95.926
25.173
-60.818
-18.226
-25.282
55.55
38.164
-37.381
-70.413
42.78
-14.425
-97.850
-25.611
-86.29
-45.907
-41.62
31.100
-57.138
-68.608
44.50
34.664
-50.13
-91.391
98.177
83.674
3.15
26.899
66.608
87.928
69.572
-33.306
71.408
-12.699
-63.349
-48.233
88.688
-42.715
-97.533
-89.820
94.341
-49.174
-20.746
-57.258
-85.673
-42.22
-74.210
-73.5
-71.802
-29.443
63.537
73.486
-90.659
68.716
-45.754
-71.596
-83.622
-83.847
98.170
-98.199
18.214
-79.788
-66.930
-48.698
39.495
-4.967
-91.50
41.785
-47.183
56.833
8.203
-97.634
-77.300
-64.300
-20.540
29.44
35.188
68.829
-48.28
98.884
-0.192
17.842
-73.319
-12.284
-50.804
-35.633
-87.721
41.41
80.89
54.387
-61.840
75.957
23.582
23.295
-72.497
13.332
-51.471
24.612
79.244
62.198
81.11
41.886
95.161
69.784
78.409
-44.222
95.973
67.850
-32.329
86.143
27.824
61.918
-3.265
28.186
48.317
17.461
-70.956
94.875
82.907
14.493
-44.372
37.385
16.489
8.617
-33.418
-18.387
-78.210
-12.356
95.439
60.405
19.750
-55.187
9.956
33.864
43.49
70.920
10.698
6.710
-29.158
59.370
-34.489
-33.397
-66.306
92.891
88.634
-1.204
6.414
69.572
41.201
51.912
67.846
85.80
-43.998
-8.443
-38.31
-18.884
21.391
-71.760
-36.53
6.5
-51.724
33.962
64.905
53.213
-34.752
-50.922
22.643
-8.967
-19.603
32.61
-57.712
80.397
-84.513
38.367
-35.553
-63.3
27.977
-83.538
-51.257
72.689
51.98
-54.979
-71.763
93.153
80.888
72.351
37.130
-46.913
-26.516
-9.641
6.292
-67.898
-25.69
49.414
40.794
37.666
-37.304
-66.702
82.181
-7.990
-73.248
90.315
86.293
97.342
-61.535
13.424
20.661
-6.927
57.761
24.420
85.594
37.84
40.871
-63.420
1.182
-33.747
-35.468
42.474
3.383
97.359
81.44
-66.434
-19.74
-64.89
-4.190
31.523
-82.811
-46.653
-38.808
-43.457
-68.238
40.457
96.428
-75.444
-74.201
-56.232
37.667
38.813
-13.303
-23.898
92.19
58.259
58.55
84.630
-0.404
-58.912
39.549
-32.487
29.552
87.775
-1.868
-6.226
-68.285
10.821
97.573
84.731
56.523
47.55
4.36
-64.275
74.877
4.783
-92.804
-88.366
-61.563
43.300
-86.808
-82.108
-65.12
53.528
-17.554
-48.758
58.103
-5.291
74.304
-68.900
93.638
42.420
-97.437
41.891
61.260
-9.708
-93.519
-81.976
36.550
-6.870
-28.964
-58.58
-49.207
-99.801
-82.762
-67.23
-62.369
13.250
-54.738
-52.396
-2.524
-38.635
46.484
44.435
32.17
-33.784
42.199
74.12
30.866
89.771
71.273
-16.364
20.110
-35.654
99.239
77.772
-30.666
-1.792
26.422
-89.164
-1.535
-38.851
-61.523
69.758
-12.357
-24.786
73.717
-21.870
81.496
-60.37
-61.539
-36.229
75.742
77.211
85.775
84.100
55.673
-96.47
-77.528
-84.40
56.2
-62.38
-72.866
-58.243
54.880
-7.664
-99.71
8.767
39.896
66.880
83.588
90.851
27.575
58.285
-0.739
-18.999
36.850
32.659
74.350
-45.717
-9.500
-22.942
78.569
-0.179
17.280
-62.998
75.787
-59.671
-10.345
-9.691
-89.100
-9.574
80.505
30.405
14.223
90.837
16.913
-93.224
-29.835
-68.344
-23.985
31.994
-81.926
52.357
-55.923
38.365
20.682
-40.427
80.557
-17.125
97.200
-29.931
35.964
47.869
68.824
-60.463
41.135
-40.275
11.555
69.24
-71.373
11.702
98.290
-11.289
-33.457
30.369
-93.510
90.202
-15.613
-48.282
59.906
-70.469
64.967
23.678
51.663
-56.494
-75.887
-30.878
60.245
-45.193
59.904
47.874
-89.739
-73.814
-94.266
24.974
-23.401
-32.331
96.391
26.489
-38.0
-8.299
-99.440
-58.713
48.407
-1.683
-48.206
-34.191
51.839
12.765
-19.603
-31.963
-69.963
-46.273
37.221
99.822
34.922
23.409
44.512
8.476
-13.848
70.179
-75.48
73.546
-36.135
-6.434
60.121
-21.244
-24.488
19.948
-28.113
-92.984
-71.211
-14.236
-82.772
71.579
-87.339
-74.612
73.589
37.108
25.936
-13.380
32.52
51.618
-16.352
68.475
55.163
15.689
68.462
-61.699
54.876
61.841
-4.125
-7.776
-98.44
-61.65
4.272
-86.788
-32.856
68.669
64.175
-48.489
13.593
-82.700
-69.750
8.812
-23.816
0.102
19.986
-0.354
-32.370
-41.971
44.184
-72.767
28.336
33.245
51.320
-94.372
24.91
-63.291
-22.376
-57.517
-33.613
51.85
73.766
-93.699
-78.303
-78.849
81.125
22.340
-17.163
35.472
76.758
50.909
42.34
-23.179
-49.157
47.488
18.921
-32.443
89.112
23.300
-74.976
-90.678
-92.173
12.796
32.498
58.245
82.115
83.199
-24.141
81.964
62.890
49.180
49.273
83.285
96.269
19.528
-30.262
-14.597
41.521
-85.254
28.916
0.617
51.266
-26.249
98.746
68.617
88.648
-23.462
-9.856
-37.941
80.369
14.822
-28.625
-67.951
-91.302
-37.822
63.110
51.633
-36.295
95.532
-60.12
-41.626
-40.554
10.773
-29.865
46.154
80.818
-63.821
60.58
-65.105
-11.865
78.606
-68.299
-82.209
-0.938
-20.584
15.764
20.479
10.839
48.756
-65.467
-99.398
60.666
75.248
15.801
73.273
-37.488
19.260
74.223
88.671
58.488
-94.688
-88.248
-81.75
-35.942
-27.67
55.604
47.723
19.950
-35.638
-7.948
-46.394
-36.934
-91.515
-47.402
-56.829
-87.84
10.932
-93.203
-52.90
-81.997
-51.96
9.432
-19.375
4.823
-32.279
-79.18
30.880
57.774
34.626
1.459
-69.411
31.520
-79.92
43.496
-10.380
58.459
-90.42
-7.851
-27.838
89.991
97.260
53.743
-93.375
-9.318
-99.680
-69.290
-10.881
31.440
78.467
51.108
83.306
79.211
-47.257
55.818
-63.717
-0.587
-49.149
-91.580
-85.358
-17.461
-93.996
29.375
-8.822
-15.429
-40.693
97.345
45.494
74.238
95.723
35.493
84.186
38.415
-8.275
35.790
80.630
-95.180
96.25
99.752
-33.447
26.635
-31.719
-33.709
63.818
-67.5
-0.386
31.733
7.281
-77.532
38.66
-22.944
51.627
18.113
-0.776
57.495
-57.347
-40.378
2.285
90.915
-30.153
70.427
-96.230
-42.748
-97.100
-70.857
0.867
69.759
70.361
-53.52
21.582
-54.104
-84.901
-41.43
-11.240
-9.662
-2.962
94.231
65.202
74.507
-49.680
78.787
-33.123
-71.964
-8.775
46.36
41.538
-7.684
-80.150
66.276
53.625
-26.703
51.289
-30.612
51.420
-65.518
88.411
26.318
-48.998
71.165
-6.870
22.48
24.451
-2.981
95.385
-64.550
68.138
-15.817
94.465
75.988
84.895
18.217
60.93
39.647
-34.843
50.807
36.927
81.742
97.288
-64.715
-47.299
1.370
54.630
-59.722
98.608
-21.358
-47.546
-11.880
-44.677
-94.993
32.641
-66.194
-68.348
-16.908
60.558
98.979
96.426
-21.389
-92.685
-0.779
76.364
51.982
-0.850
-79.767
-33.379
-95.529
-67.25
86.498
-37.691
66.243
40.519
-3.522
-12.622
21.802
-39.135
14.230
21.149
-7.736
-82.925
42.691
86.731
-42.686
-32.750
25.272
-84.511
27.377
47.499
96.358
44.640
-87.734
-74.421
80.415
60.700
63.125
68.161
60.188
34.87
10.884
21.780
58.820
-39.894
3.874
-53.634
-54.798
27.518
-63.931
77.617
41.727
-12.349
26.759
75.298
-45.401
83.107
-20.461
-35.89
-11.852
-27.481
-31.123
-19.487
-92.213
-84.741
-71.786
83.821
-30.194
79.381
-47.192
45.871
-13.803
9.574
-57.966
65.503
24.726
84.509
3.192
83.571
5.518
-31.964
-38.229
69.690
-86.48
69.413
-45.437
8.873
-92.828
-74.764
37.121
-92.752
-70.490
52.811
-60.850
-34.171
64.517
-19.25
84.869
93.243
74.880
25.324
40.446
-84.50
-71.710
-58.97
59.361
-97.932
-12.969
-8.662
-68.288
49.13
-34.505
62.642
1.113
42.672
54.731
-84.80
-90.944
-18.153
88.821
39.423
-65.357
90.171
14.972
-0.314
83.369
-79.5
-59.247
57.965
-21.754
25.845
91.562
15.353
-80.267
-11.719
66.454
-52.833
70.492
-85.401
-52.574
93.300
-9.943
-35.10
80.143
1.454
37.321
-42.825
56.696
-66.581
-93.985
26.379
52.240
-92.575
-38.907
50.209
-82.146
19.441
-90.97
-5.363
-73.908
16.134
11.238
-2.783
51.121
-95.871
-45.105
-69.925
-18.867
63.424
-93.349
56.218
3.329
-38.331
-0.234
-18.181
49.627
-75.596
-93.266
9.629
89.674
-81.330
-55.385
-20.23
68.524
-89.794
34.44
-84.771
-11.64
5.726
75.767
-46.448
-84.903
3.76
57.396
94.986
65.772
-14.156
-12.767
75.472
68.399
-86.545
-87.481
22.536
-32.394
18.640
50.457
27.472
-74.336
-90.611
80.631
37.718
-94.905
55.579
-43.763
28.981
99.84
94.411
93.85
11.876
53.508
-46.398
37.992
9.899
17.195
72.923
-67.423
19.169
96.615
8.878
-32.432
-88.730
-13.967
96.328
59.646
-33.370
92.437
-36.656
-90.204
82.713
2.145
-83.485
-61.451
-32.947
7.906
76.91
69.836
37.224
-75.666
27.601
-58.903
25.138
71.0
88.184
33.591
77.120
90.989
93.679
-52.654
67.233
-96.944
-22.569
-85.192
-0.132
14.366
-86.243
-50.485
-54.178
-82.682
77.202
-72.450
23.572
-13.109
-2.809
76.323
-94.262
83.364
-62.819
-20.201
84.178
34.703
79.326
-94.539
-54.694
-46.622
4.268
-9.752
47.414
16.935
-68.671
-73.505
-29.437
-56.331
-45.85
96.183
70.639
58.48
10.896
82.64
-7.532
-14.558
73.887
10.795
86.41
9.489
-2.111
-15.169
-81.731
61.913
-28.972
66.87
62.312
-95.622
12.908
-14.217
-51.171
-28.39
-54.220
-27.833
65.813
-88.479
-68.394
-36.289
51.201
59.567
4.219
-12.499
41.753
-1.933
75.750
26.738
-63.159
65.547
88.698
-72.709
26.13
-3.777
19.170
7.571
-28.599
-14.225
-31.240
-43.957
96.998
2.270
28.48
-73.151
-18.970
-20.77
-55.657
-40.171
16.155
-3.298
37.946
21.948
-14.577
72.402
-7.220
-64.192
-45.547
72.740
-29.156
26.12
80.149
-85.323
-60.537
-35.510
-62.369
60.286
87.831
23.955
31.884
94.562
7.595
-66.980
-26.692
-62.427
-1.690
-65.802
-21.841
-24.464
68.196
72.542
88.450
-53.216
94.142
72.157
60.310
21.175
-17.296
-47.573
81.41
-4.265
89.553
69.406
29.500
-33.372
64.884
-38.406
13.575
82.222
-15.656
-44.112
67.801
-41.670
83.699
-19.284
-65.148
-21.38
4.404
-36.86
41.901
-39.397
2.116
70.157
45.792
-72.164
-71.429
7.602
-1.506
70.495
-14.436
65.428
29.382
-93.853
80.598
-65.822
35.193
5.653
-65.606
78.629
-28.295
-80.612
-80.341
-49.987
76.867
95.32
30.119
-94.276
60.542
84.672
56.400
-64.980
0.513
18.762
42.238
15.85
-11.115
-0.109
-46.21
-98.358
32.614
12.578
5.30
-92.0
65.342
58.710
-83.221
-31.421
56.19
-75.269
-18.801
10.966
86.671
75.315
78.181
-72.191
-52.674
-47.157
3.214
81.441
-69.160
19.122
51.308
13.583
76.413
33.686
0.838
-88.337
-1.292
81.374
-82.995
-85.67
-6.518
-51.84
63.60
-56.493
40.445
50.785
17.286
51.967
-26.801
61.239
70.245
87.548
-39.463
-56.819
60.511
-53.861
84.731
-7.982
-8.760
-52.873
-16.443
-98.482
-16.573
42.129
65.541
33.295
-38.79
-77.538
87.46
46.950
-97.318
93.668
-41.84
-53.978
85.843
80.828
-88.366
-28.95
-1.982
87.181
-45.578
-47.123
-34.364
-43.118
-85.555
68.835
47.523
56.703
-4.357
49.596
97.941
-64.540
99.875
-18.870
-68.655
62.475
-36.922
76.779
-64.935
-35.84
38.882
68.646
-72.397
41.867
80.36
-22.450
3.938
-8.514
-16.331
-85.18
-98.756
4.124
51.949
-73.242
-65.123
12.497
-87.201
36.109
16.277
31.62
82.412
-16.916
47.468
28.941
-76.207
12.271
-50.610
-74.498
16.66
-90.897
81.132
29.948
6.47
79.827
47.803
38.67
-79.717
-20.43
-71.912
-50.302
-92.935
-97.217
-19.623
61.454
45.602
-39.892
-5.823
86.244
65.967
10.917
-5.509
32.507
-59.178
34.640
-88.537
45.76
-22.234
17.620
-59.85
61.47
69.405
60.937
21.649
-4.883
-94.171
-86.668
-23.91
-35.860
91.19
-14.832
-6.601
8.613
69.86
-9.291
40.385
-57.324
54.999
33.234
-84.977
-72.843
-59.101
52.910
-82.831
61.692
-75.133
12.42
-65.496
-62.81
18.417
46.941
-5.700
-18.452
-44.486
8.99
64.526
-57.938
26.356
-94.870
-0.340
-31.786
-9.392
88.462
78.906
51.866
16.930
-15.539
-7.17
96.11
-65.811
-4.394
31.955
-63.244
-48.874
-19.325
41.993
-90.308
-30.16
25.964
-91.881
-97.185
-41.169
78.532
-28.432
37.3
12.345
17.687
14.969
29.195
-7.938
-48.187
36.728
80.658
-19.439
85.976
-75.488
11.257
-56.824
68.853
-45.412
-3.312
98.949
63.981
12.652
93.189
-78.565
-60.828
-82.936
25.905
-11.402
-39.605
2.755
45.670
47.882
-40.528
-61.258
70.771
89.105
31.230
-79.693
-90.432
62.634
35.731
41.679
0.971
48.233
13.655
6.144
-36.228
-23.759
12.149
-58.712
60.99
32.941
38.241
-25.189
18.702
-34.960
55.549
6.372
98.537
26.295
-88.107
-81.291
-6.82
2.7
35.677
71.511
-56.966
-69.272
41.122
-15.300
0.88
37.569
-15.775
-86.29
-98.564
64.388
-91.996
66.266
-66.659
55.326
40.627
-84.364
71.832
-41.270
-17.869
71.33
87.76
22.843
-80.761
-61.369
-93.609
-62.645
4.768
21.709
20.827
-36.150
39.837
-91.911
61.292
-43.805
99.398
-34.160
37.716
21.138
27.158
-54.694
-66.486
-3.177
87.91
85.534
-99.833
-27.319
99.708
-92.481
-95.908
-24.914
4.181
-25.136
-5.976
-82.461
11.312
-91.139
-32.291
-41.183
-88.230
-45.555
-97.11
-35.436
-3.93
13.627
58.139
-87.730
-36.914
-45.407
35.995
-86.541
52.738
-50.426
37.781
-0.894
24.652
-13.240
-41.328
12.625
18.612
-55.199
99.3
54.205
-97.943
-34.895
50.172
-57.85
-94.478
-50.642
-62.112
-21.768
-73.867
15.422
-84.219
33.705
-77.507
26.764
-66.911
-87.861
-32.375
90.448
99.621
-11.689
29.373
93.806
53.884
-33.962
-2.928
-49.815
38.248
-92.190
-13.490
54.853
-17.134
4.628
96.581
-47.167
-63.469
-42.319
35.709
55.401
-23.867
-13.621
44.439
-0.595
-11.91
-57.138
18.854
-7.148
-63.883
-68.490
-15.714
-4.879
-46.676
71.476
-76.87
-15.97
-20.115
95.774
-41.537
-49.357
-10.424
-38.580
87.327
-28.150
63.679
42.494
59.114
-82.362
53.555
8.756
6.366
-17.956
-8.444
27.324
-71.487
-54.81
-86.892
-85.774
10.580
-72.488
92.46
41.264
-18.724
-74.752
-80.175
-66.81
97.567
95.804
-55.214
-23.686
-99.931
-41.372
92.590
-87.616
6.896
-65.814
-5.512
-89.159
48.767
-87.242
67.341
-93.134
-35.227
-53.766
-76.373
73.590
-52.147
49.288
51.437
18.524
72.391
-9.436
18.571
-69.577
-36.205
0.278
30.230
72.980
77.331
-98.201
12.574
-20.435
62.454
-31.275
18.812
-31.312
-85.294
39.918
29.695
8.393
11.958
58.378
-42.140
97.823
-33.193
22.624
41.762
-91.401
-21.182
86.190
-53.301
-93.612
73.854
55.303
-65.536
86.758
-72.599
51.643
49.164
94.903
-32.356
-29.801
55.675
-70.782
-59.399
-94.986
-2.910
-75.113
98.514
-54.808
1.741
-1.622
13.477
-31.799
52.411
-9.505
-76.59
-94.835
56.585
-86.491
-67.392
-8.645
98.510
68.841
20.293
71.754
61.630
60.577
-73.885
53.71
-41.390
22.198
-25.648
-57.768
-89.988
-84.60
-37.321
49.681
-96.607
-32.612
-7.153
-79.675
-45.800
-73.357
-94.499
-9.283
-31.272
-83.821
64.469
30.801
19.661
-50.440
31.137
60.262
58.657
45.318
-43.649
15.984
68.900
80.930
-56.201
-33.103
-37.834
-41.395
6.553
-71.650
-19.746
-91.161
-85.281
-49.713
-66.69
44.854
-14.391
70.184
-93.590
72.813
-70.432
22.776
58.313
-94.514
65.180
38.676
-14.91
-76.913
86.406
-49.579
-66.101
30.975
54.833
64.280
-86.245
30.283
75.849
16.778
-40.464
-7.165
-88.531
-1.661
-94.68
-48.32
69.970
-23.600
5.128
78.944
64.584
-61.992
37.980
67.333
-72.179
-62.479
-33.101
-1.224
4.581
57.559
88.775
35.637
47.426
-43.893
0.717
77.380
86.865
17.66
-49.970
-61.780
-17.568
58.856
94.455
63.898
-64.550
97.127
-9.365
22.235
-59.336
29.798
10.915
14.625
-60.272
80.835
45.351
80.648
95.557
-27.179
-25.90
98.871
98.81
-71.848
0.808
-33.740
68.537
1.918
14.613
45.193
10.18
-12.468
-64.619
-32.390
-25.991
-42.876
-94.296
97.97
49.464
-63.761
56.223
91.188
-50.452
39.636
27.13
24.855
60.349
-86.847
-78.348
88.411
90.919
11.963
-53.413
13.704
-16.332
62.808
84.520
-54.7
-22.185
-5.725
2.116
22.79
-30.84
42.398
-43.466
-58.929
-28.365
-99.720
18.442
37.699
-19.901
-73.623
-90.405
73.700
8.143
-27.101
-6.429
53.829
-60.499
-4.788
73.459
11.785
-28.375
29.348
81.408
-99.887
50.593
14.399
51.311
81.515
63.440
47.851
-54.531
-18.861
-83.942
-91.593
52.743
-47.109
-71.412
94.446
-57.909
-32.56
91.862
26.381
14.16
-10.559
45.463
-74.511
54.882
45.77
3.586
54.870
56.362
41.140
-88.554
76.364
62.162
-42.836
-32.843
87.140
-87.596
-49.650
-20.858
5.399
71.487
-5.416
98.778
-54.20
74.605
-24.592
-3.131
20.133
-60.5
10.610
53.33
50.290
-63.940
-39.94
-3.968
62.444
-9.599
-5.372
50.632
-54.95
-9.548
99.250
58.213
94.304
-55.359
-69.221
75.383
65.88
-87.690
15.696
-52.505
-75.605
-87.115
40.109
-39.665
-58.386
74.514
38.179
25.866
97.581
64.286
-31.661
48.348
-31.640
-70.279
-68.290
88.764
-91.654
-86.332
-20.429
-2.394
-89.125
-82.226
-41.557
-10.479
-48.647
-73.636
11.179
29.366
17.238
86.140
-42.929
-10.563
79.805
37.467
-26.568
-5.141
0.52
50.833
32.350
-96.537
53.31
88.493
-1.273
71.10
72.688
69.245
53.797
-69.0
99.832
19.780
31.534
73.274
-82.228
96.951
29.924
31.145
-25.250
-24.420
-57.371
40.343
12.826
-15.751
63.33
85.829
-68.311
92.694
-12.471
-78.696
96.553
99.393
-82.105
-51.72
-46.435
70.820
97.941
48.485
-96.697
46.728
-17.224
-63.75
52.357
-19.308
86.907
-39.677
21.274
66.622
-5.570
-15.16
-74.85
85.500
-90.604
-51.224
-85.110
6.649
47.22
-82.540
1.545
70.213
19.239
-93.824
-42.66
0.70
-67.555
-93.661
48.560
77.842
-80.696
53.818
-95.938
74.631
53.973
-89.673
-97.393
68.38
-88.287
-34.764
69.445
-50.250
-47.197
-32.371
93.977
-72.618
70.816
26.384
44.324
74.658
-46.928
67.30
58.529
35.313
47.558
32.331
94.53
-98.279
-44.375
25.549
22.348
65.467
58.725
0.412
-66.159
-61.643
-75.537
4.587
70.831
-63.556
15.879
-47.596
-61.606
5.106
14.525
29.486
-80.961
-31.118
66.340
25.303
37.19
45.118
72.280
-24.737
88.451
-11.332
-29.712
-84.996
-79.462
-54.839
89.676
3.673
13.945
29.921
-3.309
3.972
-41.201
40.238
-58.317
15.623
28.712
60.167
-11.880
93.161
65.765
87.920
-94.761
-66.601
-85.911
-19.327
93.207
-95.868
70.131
-43.924
-38.689
42.229
18.523
-48.341
68.679
6.998
67.491
-44.538
-89.109
-15.204
54.42
-10.284
86.255
23.155
13.224
15.130
96.849
-85.93
-93.735
-33.302
49.308
-54.518
41.204
-3.479
58.592
-41.160
26.508
-2.845
69.39
45.924
78.73
53.879
-64.220
-83.675
57.234
-55.927
-87.105
-16.907
-42.577
-4.574
67.752
-91.505
80.470
-78.605
2.362
-71.669
-52.656
42.524
77.718
-55.974
5.594
-32.885
86.717
-13.295
68.98
8.421
28.426
0.268
-32.497
-93.152
29.509
17.641
10.779
-78.145
50.765
85.873
-40.453
52.554
91.138
97.784
-30.713
-56.30
-68.592
49.222
-73.173
0.158
-48.550
74.654
-68.346
-11.343
10.325
-18.534
-19.502
-99.651
77.276
-19.828
-87.376
-9.402
36.470
-2.133
4.543
19.913
-68.532
-58.532
22.409
11.280
-58.668
-7.729
11.665
61.320
-7.476
30.848
-35.816
-46.326
60.248
50.811
-69.821
-17.829
67.192
39.554
97.313
51.443
-70.830
69.976
1.236
45.886
-70.108
-15.277
-41.444
33.135
-96.485
36.388
76.758
81.479
64.380
-47.278
-42.100
11.516
8.957
-50.442
-98.939
59.627
63.4
49.885
11.301
9.500
46.295
42.506
16.666
85.969
42.319
36.679
70.194
-62.344
86.455
-90.117
-24.215
10.209
-13.25
-25.163
79.757
73.646
46.216
23.931
-85.917
52.259
67.235
-30.945
-46.258
33.835
-89.415
-65.640
19.786
20.561
17.498
22.250
43.669
-32.699
30.198
53.831
44.921
-92.786
-86.457
48.778
-42.147
52.669
-74.165
-82.497
-36.227
53.732
53.176
-20.20
-27.206
72.7
78.649
34.753
40.579
-15.362
-90.750
-63.3
-20.308
-97.728
-65.607
-38.379
93.309
95.543
19.683
-8.399
-94.389
59.205
-9.325
87.374
-33.139
90.429
2.22
15.418
-82.637
28.846
-36.892
98.4
-64.913
39.500
-94.785
-8.976
-2.430
-6.446
-53.128
-83.408
13.296
-36.894
12.559
-65.950
92.796
-59.704
8.407
27.213
68.18
46.801
71.666
-40.2
13.14
51.731
93.824
-68.135
24.743
10.22
-42.390
54.837
-26.560
42.452
-4.517
26.20
49.813
69.33
-41.657
24.467
20.261
-86.815
-53.241
-87.835
-76.492
-31.418
-17.619
28.188
-26.181
67.5
83.577
-42.915
89.469
97.608
8.336
37.667
37.37
99.917
46.443
-2.62
26.798
64.40
-17.681
-63.578
-45.239
-71.828
-15.365
31.16
-35.814
20.417
-15.995
-88.459
-28.976
37.140
-6.137
12.109
-38.824
52.607
32.942
6.715
95.930
-82.870
-61.98
-22.435
-13.842
43.6
53.244
76.297
-16.81
23.39
-46.235
-65.169
44.531
51.705
-98.270
34.465
-80.118
-2.946
31.615
-3.938
-42.684
12.202
56.598
-46.849
76.799
48.585
79.317
-6.819
82.51
-91.954
-87.949
-23.613
-76.169
-64.67
-57.744
-72.744
-52.75
2.981
98.815
10.306
59.846
-45.669
85.297
23.261
10.970
0.342
-76.546
-21.348
33.398
-49.608
71.268
42.765
26.951
-79.774
99.437
16.89
77.965
13.86
-83.272
-21.573
-65.944
-7.686
70.412
78.643
-99.742
-90.158
-75.987
-6.601
37.684
-66.757
-4.422
62.581
86.551
12.981
-13.132
51.974
79.201
76.7
59.796
-67.263
-95.719
20.434
82.172
-9.884
78.698
42.49
-17.380
79.8
42.668
-41.335
50.582
82.354
-47.689
-15.998
65.628
0.971
61.888
-71.367
41.361
60.554
41.705
-94.587
81.486
-40.601
-84.619
-77.671
72.732
-48.355
-84.197
-40.109
-31.650
56.245
-88.326
-9.67
-28.703
-28.580
98.805
9.405
-38.741
-29.481
-74.664
-24.872
65.461
40.822
-68.603
68.431
-38.981
93.142
-3.281
-62.462
30.536
48.912
-64.177
6.169
67.489
-31.757
27.348
81.993
-87.696
-87.710
67.440
-64.240
85.4
67.410
71.877
31.460
73.388
-97.521
68.208
19.247
33.767
34.431
48.816
-90.735
2.306
55.189
65.815
76.164
79.732
31.152
44.885
-98.819
92.219
-42.910
55.764
46.271
97.836
-40.512
52.644
24.575
-44.71
83.869
53.913
91.208
-64.163
96.361
69.558
-57.550
9.802
-94.227
31.423
-53.807
-47.512
12.4
87.720
78.968
-92.289
-42.146
-57.408
16.102
-2.734
60.539
87.338
-79.350
80.837
96.267
21.911
9.254
48.511
89.328
9.630
-52.490
-55.129
-22.109
-45.341
-88.637
-52.710
-6.120
58.768
-18.457
-32.766
-81.470
-21.377
-99.999
-80.44
-99.585
-37.237
-86.643
-42.653
-9.971
-4.756
81.389
1.762
99.861
9.94
9.593
-45.682
44.568
-63.210
50.119
-98.975
12.409
97.910
11.961
-24.671
-34.380
81.77
-14.122
-42.985
-23.788
-80.986
-41.51
-43.100
-55.511
-33.987
4.222
21.855
67.69
-34.563
64.639
65.619
93.261
31.304
79.512
88.97
21.801
-85.922
27.142
43.28
-97.144
-90.961
-22.455
-5.386
88.665
-82.605
-16.878
-23.864
86.343
-19.439
-67.488
54.278
12.501
-32.206
8.495
96.229
-33.397
-23.573
36.259
-43.230
-79.49
11.3
52.768
-1.900
87.408
-39.156
48.889
35.464
87.453
34.996
-20.827
46.738
50.691
-56.844
-20.231
-31.870
23.718
-13.654
-76.893
51.779
56.751
-62.297
-72.47
2.855
32.575
-70.758
-64.282
-51.895
3.524
-55.75
-8.131
-37.445
-56.670
-18.572
24.405
-61.927
-21.944
-52.695
-36.998
66.306
-74.614
-34.751
42.159
98.177
-10.353
49.215
98.688
-30.140
57.929
8.595
-86.621
-95.407
-1.602
-78.900
-27.862
33.63
-66.262
-44.92
69.801
-92.209
-74.95
-70.942
-69.843
-80.173
21.800
15.833
-24.552
25.548
-15.517
-86.161
-4.787
-44.9
-91.931
92.711
-93.232
9.847
-41.123
-34.749
-72.216
62.455
-62.59
-8.3
-49.46
-33.438
-42.784
52.945
48.338
-47.225
-95.697
-59.611
37.473
55.434
-82.83
40.968
9.910
-63.63
-17.963
-94.162
24.857
-70.269
72.206
-85.513
1.495
-64.435
70.397
-59.260
-46.577
24.823
-74.99
26.270
37.494
25.831
-48.932
5.549
79.119
-15.130
-66.529
-32.653
8.79
94.505
-49.542
63.720
90.768
-64.825
-26.804
-85.671
-5.489
-6.221
30.382
-6.828
-52.478
96.241
19.983
27.847
-83.326
11.111
-69.168
-8.426
0.357
71.115
48.620
20.716
63.236
75.463
12.298
57.509
74.930
81.90
-61.290
-75.314
-65.962
-86.834
99.298
-96.473
40.537
-62.294
-95.769
-49.802
-30.263
19.590
-24.907
1.45
-95.245
-76.193
73.385
-68.147
24.294
63.996
-93.678
65.697
3.522
3.123
-90.570
75.747
-37.820
36.88
-82.764
-96.780
17.873
-0.390
-74.293
7.896
-33.739
-57.414
-73.452
-75.740
-75.222
22.371
65.988
-86.688
-5.414
97.721
65.655
-56.164
-93.737
51.464
48.492
62.114
56.32
75.218
32.723
-86.773
-37.490
-26.798
-82.92
-42.543
95.943
-18.58
64.314
-98.290
20.374
9.861
-68.350
-33.876
63.911
-34.905
69.600
-97.570
91.834
17.84
13.305
-85.614
30.734
18.320
-4.535
82.469
-55.938
71.435
98.778
-39.647
70.613
79.398
-50.129
22.999
71.103
-35.237
-5.592
-27.815
71.613
50.652
-66.574
38.754
25.756
99.578
92.802
-21.337
-70.442
-6.69
-82.141
84.843
85.261
-0.700
-13.477
7.328
52.221
-0.394
37.316
-18.223
-14.957
76.241
-91.778
-80.830
-27.795
-30.802
-63.906
99.858
-24.247
43.665
-32.632
14.408
-92.999
-31.331
-22.158
42.940
-39.904
-61.555
-29.231
62.374
21.407
38.173
95.165
83.348
-54.422
-68.865
-88.4
15.118
1.247
86.61
-36.783
71.721
-66.468
60.804
86.910
23.878
52.918
-85.234
-77.387
-48.273
-93.261
98.984
-76.850
-19.211
-63.749
-30.272
-61.776
-49.813
7.290
13.438
-80.984
-34.982
9.958
4.429
-56.393
-17.975
-57.336
-67.538
63.345
94.358
2.990
-19.24
-73.885
-30.690
97.298
14.915
56.124
-74.843
-57.306
31.252
44.954
92.26
-23.451
11.81
-81.831
96.97
-38.153
17.479
-33.889
-47.320
-20.564
83.309
22.832
47.795
62.277
-27.725
56.116
-61.433
-9.918
-64.566
-24.86
38.469
-78.443
-69.191
94.753
50.781
-4.189
-63.102
-1.11
-81.928
-81.752
97.142
23.420
-80.389
-85.484
67.886
-27.990
-54.653
-63.707
42.40
39.621
70.718
-74.993
-21.574
-60.959
4.779
-29.406
95.660
-15.975
46.269
-58.108
-73.930
-31.556
8.78
-27.390
-82.894
-24.723
56.770
-93.785
90.131
-26.441
36.115
-64.998
-85.158
33.986
92.668
-30.92
26.600
82.846
-18.536
24.414
38.102
86.966
91.704
-26.889
-51.481
-70.963
64.389
28.771
-29.142
-62.66
88.4
81.942
72.86
-21.512
-9.964
-65.686
65.51
18.531
-65.561
-52.623
6.863
10.44
84.516
-11.789
78.498
-79.15
-42.433
-47.351
-23.969
-41.173
77.379
-17.689
51.774
72.337
5.267
54.398
-41.693
28.540
98.63
29.756
-83.685
-52.502
-17.205
50.177
72.634
93.540
-82.582
3.162
28.460
-22.389
-90.924
89.928
77.797
44.47
-47.819
-18.965
-40.147
54.502
9.31
-78.405
-56.95
66.536
83.714
5.458
-4.105
-42.276
21.16
85.722
-60.583
-98.662
26.418
29.536
-13.519
45.924
25.281
-24.575
-40.348
-3.534
-20.646
21.144
-75.122
-28.504
66.569
-22.114
36.539
8.15
55.155
-71.458
-61.131
34.852
-70.379
27.159
-21.26
-87.100
81.137
56.945
-6.800
5.423
90.184
-73.19
-1.941
3.720
9.542
-36.981
-29.962
-14.118
63.376
-19.382
-85.724
-83.698
-84.151
-65.854
-5.15
75.203
93.884
-1.599
-5.714
-10.33
-91.70
8.253
44.138
73.103
74.660
-18.835
94.80
-85.181
-93.139
30.49
-49.392
-45.0
-90.596
-87.121
37.296
55.366
-75.960
32.745
-88.191
58.321
-13.223
-39.620
70.210
-39.497
63.687
-47.442
-18.669
-69.254
54.442
-78.653
56.566
74.957
-96.79
-67.718
-60.681
-0.980
-7.98
26.820
90.326
-50.757
31.513
-87.339
-63.235
-1.855
-89.615
16.515
85.922
76.148
72.291
59.541
-51.924
62.311
30.674
-29.927
47.217
-99.285
-83.871
-17.699
-72.671
53.583
91.734
-94.396
-36.878
-65.908
50.555
49.206
-64.841
54.559
44.531
77.84
-51.327
1.773
10.409
-97.174
-11.924
-95.626
12.442
4.296
47.392
-61.21
59.372
-43.73
75.435
86.484
-5.796
32.291
17.255
43.911
29.958
-45.419
-98.230
29.773
-82.501
-95.587
-35.645
-52.229
-42.546
27.141
61.870
39.968
86.166
10.495
-8.729
93.277
-62.312
-80.816
88.711
52.438
-78.351
-63.490
-67.229
1.939
61.47
22.692
23.7
-20.787
95.27
19.631
85.510
74.973
-30.792
57.845
-79.907
82.181
-63.256
8.777
69.324
42.795
5.981
71.807
-28.889
62.746
-40.225
-13.408
-82.923
-7.731
-70.352
61.146
-36.903
-20.975
-30.203
-83.818
82.758
88.423
80.505
-28.12
-57.435
10.448
-6.684
88.5
-76.87
6.370
83.53
85.393
-99.573
36.553
-56.462
76.272
95.131
-18.19
67.447
-20.306
43.989
76.426
-32.25
46.413
-72.969
37.397
-98.845
-44.215
-47.482
37.555
98.898
-63.327
-22.559
7.805
-97.429
-49.866
74.565
-30.561
57.509
-32.198
64.648
86.912
33.734
58.41
-95.90
-2.640
-58.314
7.245
23.802
-21.786
75.503
79.589
-10.174
52.932
0.980
-30.934
-26.192
39.599
-13.722
1.395
-35.470
69.901
16.663
-49.316
75.368
92.898
49.124
-21.963
-37.329
8.730
-18.717
-78.586
80.954
-8.555
20.431
61.23
-87.973
-6.594
75.483
19.444
58.262
-19.792
-82.624
9.932
-3.353
-66.866
28.405
-14.163
-15.739
46.910
-58.368
-88.639
-56.922
78.231
-56.586
17.653
-54.681
-15.795
-71.662
-62.260
-97.671
-46.259
-87.667
53.145
52.954
55.523
-77.877
-4.693
94.916
-76.678
15.127
27.525
26.312
-99.466
-55.270
97.77
45.754
73.410
-49.505
-87.481
-89.248
11.175
-43.253
43.404
40.211
91.261
-17.206
73.431
22.380
39.419
86.809
12.220
63.615
27.958
8.450
60.693
41.211
76.584
22.859
73.950
57.537
-42.449
-2.565
67.492
37.752
71.264
-65.457
18.734
50.856
-14.330
-50.339
-95.781
-12.183
45.503
-36.440
29.263
68.529
18.147
-5.549
50.115
-98.266
-83.513
-70.726
-73.871
-69.259
69.340
85.809
-59.579
67.884
84.287
30.385
-68.421
40.491
95.216
5.385
55.806
21.744
-16.655
-62.275
5.459
-68.241
-96.962
-90.754
10.801
-5.606
59.313
54.187
-61.403
48.518
-20.375
-30.443
26.340
-43.282
-3.293
32.298
-46.910
66.116
35.77
-59.78
58.298
68.80
19.107
-37.502
-8.758
81.90
59.236
3.354
-86.189
-73.748
-77.306
-9.674
-33.446
-0.935
98.543
-93.424
-87.536
-42.191
62.578
63.451
42.680
19.642
-28.427
97.727
-68.178
97.71
-16.410
23.753
-84.567
-87.930
-39.624
-1.243
37.923
-72.420
-41.588
-6.185
-44.653
-69.228
86.265
81.952
79.743
-10.944
82.934
-82.806
-9.199
-14.306
94.902
-33.523
-29.10
40.643
-85.523
54.33
-66.815
54.297
-62.558
-58.424
-92.319
-32.4
0.234
33.926
-18.12
99.818
-29.237
40.191
10.453
31.963
-58.908
-39.940
91.640
-58.273
16.143
-49.995
-15.124
0.816
-83.526
77.509
-95.367
-84.58
-77.402
-57.760
63.776
-81.325
69.792
-95.992
-63.928
85.157
22.104
67.440
4.817
33.526
35.789
32.970
-77.592
45.539
30.2
94.787
-19.561
-11.528
-14.684
67.669
32.404
73.89
91.718
-53.63
-8.646
-90.992
-82.963
77.574
13.589
-18.408
49.793
22.518
66.262
53.815
-80.523
61.666
-77.48
59.477
-70.42
-17.560
-33.262
-54.936
-68.202
0.708
-48.288
93.649
-83.578
-35.990
62.60
-30.177
-59.10
28.317
68.537
70.390
88.290
81.235
40.218
47.554
83.168
62.651
2.410
55.590
97.711
90.681
94.21
87.902
-80.694
-52.741
66.577
92.539
43.541
-9.549
-91.146
-11.888
73.483
25.570
-13.150
71.155
-83.573
67.466
51.361
-96.270
-84.214
83.377
16.151
-70.528
-30.41
-85.964
-82.147
-55.167
20.618
-27.966
-34.803
88.486
83.754
8.924
8.307
-6.892
-11.774
-41.882
-86.754
-44.933
72.968
-67.708
87.691
-62.752
-13.460
58.318
-68.481
29.522
-5.260
51.56
-15.181
-83.848
-37.787
-97.149
82.814
26.825
63.145
26.274
-23.379
-26.782
-63.97
-20.480
-86.769
-95.367
-56.549
29.328
-72.891
96.69
-94.744
-53.670
-21.134
-69.454
-18.340
-53.187
-90.43
-93.424
-69.296
-42.492
-89.887
67.740
27.813
-84.583
74.601
-34.654
60.596
-88.889
96.710
-43.852
11.293
75.412
58.639
-78.424
53.950
69.636
-24.849
-74.489
-97.886
-69.281
33.745
-84.20
27.778
36.209
-28.62
-21.31
-73.7
21.34
58.183
-58.752
63.937
-61.921
-23.501
-73.137
-51.118
80.339
97.864
11.585
-66.96
8.106
31.469
47.182
-35.306
-54.831
-82.183
-25.15
-99.612
32.175
-0.193
-51.201
6.832
99.831
-66.219
85.125
94.760
-21.185
-40.784
-75.916
-95.968
-12.419
87.78
-31.177
-58.695
-91.133
8.627
7.1
-74.593
4.268
62.963
-61.775
13.162
-50.594
-67.604
54.796
-67.56
-88.215
-98.641
40.946
3.360
-82.373
84.186
-13.689
23.656
-28.362
-67.230
85.370
-4.969
-68.809
-48.864
-43.46
66.183
4.648
-87.971
-75.199
11.818
3.103
63.759
-64.27
63.527
-22.223
6.889
-76.745
-36.385
-3.60
-85.624
-45.779
76.742
75.858
36.721
-14.395
38.901
45.778
52.66
-30.421
-59.207
7.652
63.480
26.956
16.944
-86.958
79.748
-14.793
94.797
11.27
88.739
90.398
-71.461
-46.687
-32.456
40.294
43.74
99.740
-86.334
90.297
16.985
49.727
39.598
57.397
83.981
-57.721
-90.716
-24.868
-51.954
-75.96
31.13
-74.614
-68.553
-23.310
-65.545
-16.555
-61.945
-32.169
91.372
88.0
-82.431
13.406
-20.26
30.49
36.514
76.582
-86.843
64.75
10.18
-62.6
-10.40
-24.754
-52.226
33.56
29.345
-71.721
67.259
-13.323
29.485
17.699
5.710
76.586
-6.238
61.923
66.953
-37.224
-90.643
-87.157
12.286
55.755
56.860
50.88
-98.494
-73.808
56.374
84.411
-33.853
42.841
27.505
-49.160
70.868
-54.319
-23.617
31.342
-62.198
46.882
-6.116
61.510
74.37
-24.238
30.109
95.63
1.686
54.217
14.931
49.429
-46.935
49.149
93.523
94.47
7.477
89.25
-41.778
11.232
76.547
-39.448
-36.346
2.96
78.241
43.288
95.747
8.488
-36.830
-51.93
83.621
50.612
-95.301
-28.803
9.333
-66.576
70.772
51.732
10.169
47.120
-68.155
-89.205
9.53
76.281
-39.742
48.608
-92.278
36.582
-21.192
-83.591
-91.11
21.352
15.414
58.190
-56.482
87.882
46.974
78.563
46.784
-31.819
40.763
4.236
-77.851
52.261
11.269
-13.856
24.654
-65.84
88.230
-7.613
-17.353
90.309
-68.39
-12.891
47.554
67.68
-18.392
95.509
-87.649
15.356
14.925
77.15
75.36
77.48
39.947
-71.215
-10.85
56.180
35.119
48.686
-22.52
54.629
-96.357
-76.86
-0.77
78.248
76.511
-18.167
-69.654
-69.202
-77.777
10.731
10.727
99.156
-36.908
20.538
24.114
-12.732
-81.901
-72.622
50.899
80.361
43.23
64.922
70.458
6.931
-91.907
38.119
-53.452
-75.25
99.875
52.407
-36.250
-0.466
72.789
52.295
22.938
6.877
22.982
43.557
34.508
-28.260
83.249
-14.201
67.274
78.78
73.153
-26.259
-47.482
73.425
-23.712
-53.240
37.76
-76.890
82.957
-76.87
-66.212
47.239
56.638
48.511
98.587
-8.740
-78.729
50.806
71.140
70.816
47.835
78.782
20.238
96.539
49.537
15.797
73.875
7.77
83.548
16.618
-88.718
73.648
-97.20
-60.316
-86.665
-99.132
4.605
38.864
-31.799
-63.15
-64.656
-0.229
-18.327
-79.939
26.225
-63.476
48.432
-9.470
0.453
-39.169
48.785
-28.786
-3.304
-51.283
-14.262
95.777
-57.625
28.35
63.787
-98.726
-1.526
59.554
-47.810
-14.961
20.675
3.323
62.332
-53.660
-19.523
86.722
26.975
-99.234
11.434
79.900
