-222
173
-562
534
-760
670
140
-617
-313
-476
-345
-784
920
-980
-829
360
473
-568
-226
114
-217
782
-621
-956
606
304
772
-948
-337
-486
-900
-219
83
-408
-945
-648
11
871
-181
-271
261
-91
-15
430
319
-520
466
945
230
-211
-933
689
-994
281
-388
667
480
-387
-502
-849
790
-746
-460
158
101
569
932
-683
-170
454
869
264
232
846
-173
-261
-416
-923
-402
270
154
-890
-449
717
890
234
997
-813
502
-668
-58
-342
288
-702
699
547
163
-293
715
936
-886
68
21
464
893
551
414
778
160
746
-157
-65
434
637
-73
-106
448
-194
-57
-345
143
-254
-143
613
-866
866
356
48
994
-292
-963
-730
573
233
935
285
179
340
276
977
664
-518
480
-163
604
-246
205
-683
253
-465
199
970
-994
53
616
765
578
5
-201
533
-327
-78
107
16
30
252
584
959
-886
200
395
-487
600
-384
365
-312
48
578
-151
220
75
466
47
-941
-790
140
-459
-863
176
-566
516
-587
-268
-775
463
-657
-820
902
-901
505
985
-933
-328
-209
-395
-399
5
-531
-855
-396
-654
-208
-529
46
306
826
252
440
908
-789
-776
271
878
758
-462
-755
-912
-647
778
576
948
728
866
-836
-170
-783
-166
432
-209
482
697
-492
906
-755
184
769
790
-36
-17
783
-850
-486
-973
766
460
-206
-838
-120
837
-781
911
857
399
-357
-469
956
59
689
64
-567
-55
34
471
-990
734
33
-673
698
135
-841
900
-276
295
-344
772
587
-684
74
-128
-167
188
859
442
-638
-317
534
-980
529
-128
-338
137
-728
547
681
-571
594
401
324
715
773
145
-250
-470
752
-357
498
-368
-21
-85
647
-255
119
-48
-205
110
-796
-638
-733
-529
-58
-280
-86
-487
-916
513
581
157
130
-497
-969
-17
-215
-515
115
-139
283
-82
-420
-828
-494
603
-815
777
-966
-984
-585
404
9
-454
316
-650
364
673
-5
824
547
-928
541
-11
-683
-795
349
773
823
-834
-524
-442
920
-377
-673
778
982
-287
763
-382
-998
-418
-81
57
123
395
-432
-889
657
-982
820
902
818
29
192
731
293
889
694
-630
-893
-817
-567
-382
-325
258
-477
4
-54
581
-797
788
814
-817
-975
678
177
-546
-554
-672
644
728
795
769
118
799
-14
-710
-616
337
680
-163
-863
658
-341
0
-965
459
165
-313
-930
902
-699
774
-845
610
-831
86
-835
-815
-779
-514
247
856
202
-47
-281
430
915
-999
371
989
734
-600
524
-98
934
47
938
946
424
-978
-648
389
-316
27
-701
-594
-795
-709
-666
-622
123
486
924
-555
-131
405
293
-46
238
0
-441
79
-493
-908
-947
111
904
484
-735
-529
-924
-349
-785
-530
820
315
477
-201
534
-481
992
-255
-895
76
131
-848
-596
-977
944
756
743
729
169
895
-40
-888
321
928
-236
-550
-314
-479
947
-643
669
-359
175
-984
-19
-752
608
443
136
850
79
444
-151
-655
732
-694
50
165
-494
273
29
-924
-18
-271
794
231
521
-971
302
-475
-277
-788
-574
256
-456
933
-907
-827
-928
-783
571
948
41
-117
897
731
113
205
-825
756
695
-471
899
231
-748
902
-381
763
769
766
-176
-193
-369
977
-564
-532
126
565
-653
-205
514
-424
-309
-670
420
-96
-286
238
-392
-905
-652
-919
440
-508
-336
198
172
98
162
-911
556
-882
353
849
-687
-405
544
822
-160
430
-395
698
-955
-400
-916
51
-374
667
-406
-824
-976
-489
905
857
-345
913
973
11
-112
46
426
-206
735
-880
446
-940
638
295
445
313
144
-235
-543
-398
-10
388
-245
941
172
475
-231
-393
-548
-765
192
-136
-658
158
617
-208
-352
-768
-895
-579
-883
686
821
-336
119
715
532
352
926
95
-419
-875
605
370
704
920
-707
-702
37
601
-844
-171
-871
-271
-739
-45
22
634
-267
-832
657
911
358
596
-356
-255
866
-929
654
239
-566
-256
260
920
-599
851
-504
325
728
313
-119
-285
-347
428
766
-99
8
-626
-949
-148
-651
157
-113
722
755
-631
-956
-213
-483
8
-364
-934
814
993
459
664
844
617
-655
-855
727
-638
-755
690
548
191
158
-637
38
440
-475
-959
630
-332
-268
-401
-674
-382
-594
19
475
406
-689
-309
-377
577
559
-875
-465
-827
396
81
971
-204
-240
59
-786
-52
-861
555
816
795
-20
268
-231
-572
-28
-401
821
-565
181
-481
-443
147
-248
247
-538
143
-66
396
-211
-276
974
-240
-987
-561
-134
487
-929
234
-688
945
-876
137
203
-591
-206
-7
249
-679
-756
404
636
820
-230
-94
-240
497
-831
411
-519
153
-222
257
759
-707
-530
407
-706
-83
-634
-207
-920
-694
42
-489
460
991
155
153
-889
431
675
289
769
22
253
981
637
-276
781
-944
409
-275
536
831
-344
549
804
105
915
-329
-60
342
-987
-80
736
714
-312
62
-474
-977
-508
-190
717
-238
126
-152
-879
587
-465
-338
43
699
-746
555
358
742
-411
883
-931
112
-41
-947
111
138
-553
-482
-233
656
646
903
-97
-927
930
341
283
-623
-422
597
-457
-814
269
-312
181
-186
-532
536
87
842
273
936
-988
-585
130
-649
-975
-951
-464
450
-231
-825
-78
97
-824
239
-826
-709
-735
-930
-182
-157
-394
105
-723
-856
-544
423
42
843
-164
-667
610
-157
-23
-267
-18
-418
-237
-975
783
619
-512
653
-619
-124
-283
125
-520
-295
-74
805
691
210
-99
-240
17
561
958
-788
-414
64
408
296
177
527
506
696
-908
-477
-92
-241
633
342
720
873
-747
-536
-480
435
-776
260
647
-535
-567
914
433
-472
-661
-11
297
-219
174
-551
292
-311
-301
54
233
-855
953
-812
-276
-158
-803
22
757
497
349
586
739
62
526
-692
-410
-911
-668
-455
712
233
-134
-968
849
-175
219
192
-364
-351
428
1
-943
554
340
908
974
919
749
704
58
-500
-993
-587
-652
-951
334
270
-569
-240
-186
-313
642
973
824
-693
909
-511
590
-964
389
-674
572
-352
122
402
741
-525
-651
-478
-528
62
-69
44
25
-606
-275
490
-929
340
787
64
809
616
440
-289
322
110
277
755
514
69
993
341
105
678
-128
126
-684
751
-541
149
743
607
118
675
723
-127
-359
344
-206
62
-117
-273
282
981
-416
40
-743
-532
362
-846
-304
-858
146
481
225
687
83
847
-336
-893
311
264
-285
-268
-356
-436
792
-677
497
994
405
768
-346
-557
-148
139
736
218
552
-668
-304
-921
-752
738
-812
-676
-119
-57
-764
-852
66
75
747
176
131
-560
-653
236
-784
-655
-412
166
479
-700
190
-859
-249
-115
-580
0
487
852
745
-898
415
-830
-588
-414
-923
-663
-20
426
-810
617
832
-454
881
-165
-747
860
321
46
-390
977
575
780
-516
-568
-748
-420
507
-604
885
720
537
499
-975
-767
-5
-679
90
232
-18
988
-339
-402
-987
-587
480
-857
-592
-227
-253
-932
444
544
-775
-844
-929
615
-592
-467
377
-805
-66
227
-371
577
801
235
-825
483
908
-450
-511
-458
-436
-388
331
374
-855
759
-408
-851
198
-159
-570
328
674
-19
-197
-993
402
798
-574
187
126
-8
-283
799
2
209
305
-402
-668
516
-251
850
-243
443
173
952
578
889
876
-47
-999
-450
497
635
-977
735
661
-586
-938
-427
660
-114
-43
452
-44
797
-459
-51
-155
-474
-837
65
500
108
-681
-902
266
-284
724
-581
939
515
-682
-354
-252
322
-743
-292
391
33
287
-118
-656
919
490
852
-582
-179
285
-454
-66
-978
-868
404
23
-684
725
920
556
-465
-691
-179
-36
-242
244
-858
825
-824
460
-305
-18
850
496
477
-962
803
-612
984
-693
-970
-275
952
370
-497
356
17
-145
-471
991
398
-243
311
-537
-857
874
-872
8
-953
304
912
605
739
150
744
863
798
-696
666
-109
-168
-703
836
568
-146
592
-588
-340
-300
242
-335
-890
-564
-948
524
-458
745
84
928
723
580
-133
-216
-849
-668
264
197
-841
94
-47
-551
-663
-370
-581
-104
-373
-323
-205
684
408
146
59
-180
808
42
-244
713
-241
359
734
-831
-851
-318
-47
463
-58
128
656
-371
-934
672
359
-142
172
127
-668
-367
114
-281
392
968
706
-272
109
531
409
-927
292
-72
-923
723
159
463
-480
-138
841
-674
-907
-613
-294
413
699
175
761
-160
-800
-980
678
-288
-892
-382
-236
-984
707
-513
446
-57
-970
193
833
-120
-940
296
895
-480
-714
224
623
446
862
-684
-237
157
-679
291
55
849
-863
-318
433
-602
-13
-449
-739
-319
207
261
-449
-356
-121
-992
-410
524
-338
-88
994
270
-868
644
-968
560
-318
676
-592
248
32
241
-434
-420
-313
248
-550
666
-943
378
625
-790
112
-64
-852
769
553
679
481
465
312
-101
936
-634
430
494
-303
-351
-456
-824
-728
-544
309
973
676
584
208
-555
156
-728
-554
346
-211
-329
-465
327
-100
530
-448
-551
646
-816
-876
703
913
323
-5
-29
-718
-236
-864
-432
-788
725
-819
-64
-115
376
252
-376
-510
985
-72
-84
77
678
589
610
-777
-317
-316
766
261
127
-573
-384
906
950
-88
-472
-708
810
-965
26
460
-691
-76
-559
-303
-555
-893
-311
661
481
648
970
-456
5
553
516
78
-141
-720
196
-91
251
43
136
527
-157
-923
-236
259
505
977
177
-932
-266
723
379
566
150
-896
-665
-608
304
301
263
134
-373
142
872
-573
-431
-953
110
-793
480
251
-818
-319
742
662
-532
-775
-613
-160
-696
975
381
291
799
-455
478
-128
-917
-770
771
-18
934
561
-414
736
158
943
344
734
-670
127
600
-149
407
882
409
186
-45
594
-173
922
745
-575
-451
585
204
975
23
-674
100
-313
-808
-204
599
313
-832
-809
-453
-667
398
730
20
-407
534
826
342
-496
991
356
555
67
-608
-965
965
-670
589
318
458
-6
862
978
324
-707
-231
905
-84
-173
553
-458
-124
-234
-880
27
-981
682
218
400
839
-209
522
-856
-791
2
-521
215
-940
414
705
511
-827
-882
-559
291
93
173
-967
925
-763
-103
-740
985
472
853
-194
-216
263
771
436
924
-563
-496
831
288
701
583
415
-121
-968
-417
44
-536
-788
-481
-369
-106
855
-814
-728
632
-199
-870
136
853
-671
619
-609
-374
-166
-974
-612
820
-740
-857
-89
250
409
254
-816
-354
-731
-906
832
89
-839
-885
201
-975
44
-761
-27
126
-836
686
192
196
365
615
-439
-547
-825
434
-842
319
-947
723
-796
-114
934
340
-192
-402
-343
-458
426
-412
142
-981
-609
574
-85
-234
499
-217
-501
-911
-446
307
-683
-571
-827
65
-182
-657
699
51
-232
-369
986
-868
-847
884
93
434
-661
-238
-693
-809
-701
-19
401
888
356
-717
195
-181
-365
-688
961
-939
832
-814
-184
753
-441
638
194
-827
136
596
482
-79
-547
-10
946
834
-831
-656
-623
-254
-533
610
-123
-630
982
-648
356
-15
-550
-115
-680
628
301
879
-694
-692
-82
307
-740
-521
517
-890
-600
-481
283
-648
602
-827
-912
-532
-544
-186
-879
535
783
-397
578
-878
-544
682
659
143
310
221
381
181
-681
-903
564
235
-199
0
-271
309
-941
348
25
918
-166
-909
-244
824
-161
-838
-869
426
58
-551
9
850
555
255
393
267
-313
-458
619
836
713
-506
-452
356
63
-545
119
-374
945
606
-156
-250
753
-731
343
-505
-946
991
648
-613
606
-135
-553
-103
843
541
286
173
203
-764
-528
-955
-985
-576
998
344
-348
34
692
-456
-199
-887
-492
877
-669
594
-263
23
-552
233
141
-858
760
448
734
-989
-606
-122
-641
146
346
859
994
562
-185
-800
-77
-873
-903
642
-929
922
-212
-338
749
163
-929
408
960
174
-470
-176
-634
384
-74
-879
-362
243
550
427
-418
98
-316
-623
-181
-126
773
198
-56
-296
314
-838
-329
603
663
883
973
429
488
622
202
-673
-402
382
-807
941
910
-149
-213
823
-135
-310
687
453
-496
-550
-823
674
-95
-388
791
-727
461
-293
981
-903
-822
-928
9
390
-457
556
515
563
990
217
281
-188
174
120
-950
624
942
338
286
-457
-20
81
-595
499
-595
-71
-13
322
-445
695
-819
871
223
712
290
958
534
-199
683
771
118
859
806
671
624
-998
37
204
783
-475
-790
-89
-176
158
690
-841
476
292
234
885
-682
-654
808
333
479
370
945
299
451
-684
91
-653
-578
-849
262
22
969
-16
-239
73
861
692
-254
631
-153
-902
193
-811
206
583
746
-116
-634
196
834
295
-65
558
683
81
-857
80
892
173
-903
-918
66
420
519
-925
-239
754
-912
328
-206
432
-746
818
-756
88
452
-365
392
-570
755
-618
-420
354
388
-928
-797
11
578
533
-525
698
979
200
202
635
-970
-655
329
-75
44
-17
68
-736
-561
333
-594
769
447
-297
444
310
-242
-157
327
993
940
917
-390
7
275
391
-723
795
481
876
-728
-45
504
246
139
-555
-602
439
477
-296
138
-326
199
89
917
-663
-152
-320
-262
-840
157
-480
-219
752
-366
-153
-88
71
-304
24
125
-571
395
639
-809
-59
-227
726
-812
495
230
739
-832
310
-970
358
-374
78
-172
-779
548
300
-83
-574
-208
-129
-70
-109
-679
392
105
450
384
953
-949
594
-275
625
-624
-957
620
-974
956
298
-854
989
144
143
23
-789
181
822
-629
-815
-998
789
-211
661
-199
507
1
-717
-992
378
-309
-692
254
947
665
840
238
-633
393
-321
958
997
381
-810
-280
-92
-60
432
650
-550
-845
978
-372
237
-611
-61
-91
881
477
197
-232
347
426
-958
-510
-392
-251
790
687
-740
-939
219
563
855
144
798
-46
-20
-276
902
-191
-493
721
-417
16
-410
-662
689
-731
267
-301
-604
-915
524
955
-682
-425
-941
-163
259
220
-838
299
109
776
-610
-145
777
190
604
-432
-997
-813
-707
-649
-212
340
105
283
-374
-646
137
550
-204
919
238
798
-912
526
292
-290
-749
908
-622
772
-250
684
-914
357
-974
-630
980
-800
391
-865
206
-189
-138
-162
640
-460
409
334
378
793
320
917
851
546
748
278
270
-910
620
872
62
855
180
146
232
-615
-714
206
-306
512
-867
9
-314
250
47
547
511
285
295
954
-723
784
157
707
446
519
-714
-155
-152
-962
-231
661
615
-786
731
142
-13
-596
973
-634
-227
437
34
321
-701
-737
497
-27
-698
-727
257
587
852
-440
-192
-596
-580
-713
-329
-152
374
315
641
689
859
-824
-342
738
299
371
957
-615
705
208
66
417
955
665
-778
-639
-474
-457
-578
-362
429
-73
-405
-629
720
-496
-902
580
-997
-157
-303
-116
-963
-946
472
772
746
-993
238
965
-163
745
-727
-275
-274
204
-581
707
-598
439
665
676
760
-266
-643
957
-45
225
732
848
-285
584
-77
764
-296
449
766
-77
-499
-877
-927
654
888
96
83
-627
701
940
206
-157
611
-167
-788
607
-940
135
-318
-543
-372
827
-287
-528
369
470
-876
-781
-290
-568
-545
-366
-12
408
642
890
294
-822
876
274
-523
-525
76
-591
-607
797
-39
-694
369
-735
758
-378
694
987
254
520
-710
-881
-55
857
-335
872
-170
-779
-21
550
491
185
-832
108
-785
216
-729
-635
273
799
499
688
-590
-208
333
95
-391
713
-804
14
153
438
32
-19
-269
619
-842
-437
126
-747
460
-987
475
778
874
222
-376
614
437
418
-803
-827
-696
-133
966
985
-428
629
377
-535
552
-982
-121
-41
-581
-969
-849
-734
-764
-72
101
-508
-382
-784
-897
362
-781
-730
293
813
-582
963
930
-681
-918
129
810
-252
127
-655
-60
-826
714
-97
-31
937
45
397
-951
22
-183
240
-142
890
880
-998
915
-135
84
692
-494
-80
-882
-867
259
702
745
788
-786
213
-927
608
739
-527
-327
642
201
65
-552
269
525
958
266
-862
128
-71
-638
602
-126
904
53
-979
-621
41
-328
688
-634
-828
744
304
470
-984
759
-190
-419
-691
993
78
66
139
-782
-952
-826
668
175
-147
-53
107
69
-50
-744
313
-764
352
512
577
672
63
14
773
-408
187
404
-626
296
-315
770
-482
-372
-718
31
-531
-529
-905
-29
-436
-952
251
-622
-182
906
-15
-478
-915
684
87
-633
122
916
-409
-59
-735
469
-367
216
714
751
-151
579
-784
52
683
-193
-199
185
-758
453
255
-833
-71
-877
-172
-219
-562
-93
-413
-569
-182
902
575
-341
-684
-531
774
266
-414
982
-124
965
-351
-384
-556
861
419
-824
907
-31
664
882
927
987
996
983
875
-158
-7
992
-199
-5
-673
964
699
-523
-559
-506
-258
884
-167
-727
816
-270
-132
442
171
-302
-629
-776
263
395
409
364
-99
626
-468
309
-592
163
-545
-760
-404
-913
-682
417
-45
823
-66
-826
-140
432
158
596
25
179
68
639
706
-210
299
-37
-792
503
-752
376
485
852
254
746
911
-553
-921
-803
-450
720
993
-797
-970
996
333
966
-885
-815
-618
122
191
-860
221
443
29
476
273
-159
-278
-669
881
-782
-805
-610
-863
656
-408
-870
883
356
829
286
458
-697
-306
-51
-353
-657
-487
-285
0
108
161
94
644
957
-635
-927
-393
885
342
-590
-474
205
867
664
-135
332
-103
-340
-228
-924
-597
12
827
-394
186
-568
936
-974
967
-375
412
-750
-485
319
-444
281
447
384
-543
500
-466
-742
194
-559
355
968
-994
-987
-161
-897
-901
-999
825
327
865
-450
247
87
908
-307
-932
-735
-345
110
-732
-817
538
-334
-552
436
-192
-101
430
585
538
306
871
101
-468
428
571
-187
-413
177
-887
735
851
-223
377
323
-405
738
-24
198
755
-45
-575
788
106
-306
-578
128
229
414
-513
-874
71
899
-508
-292
779
-590
-922
47
695
-77
-746
-758
-557
934
614
693
-124
133
394
-897
114
-232
-922
-120
-984
-595
755
409
878
-439
855
529
76
965
439
348
-405
294
-211
-297
-316
629
597
88
-86
-23
11
273
-567
-262
-452
913
-542
-537
678
300
-78
418
-671
-855
-385
-51
-784
188
563
710
-412
-577
887
-707
-949
-560
-640
56
189
421
-494
675
-148
982
665
431
-20
-31
-123
472
449
-453
-716
-753
-124
-184
-350
249
-75
562
628
170
-1
907
-644
550
116
535
864
-442
-166
-959
-838
15
144
-7
922
-772
731
400
-763
822
657
-768
998
862
188
681
-734
-293
-977
3
-477
-174
-159
-937
229
-858
-468
-112
-188
-983
-500
107
64
465
700
940
949
91
41
-735
787
-214
-571
-74
653
-839
-73
-91
-699
-178
378
282
-936
139
-401
953
819
-147
845
205
-630
-3
696
-192
-4
147
192
-413
-154
459
-779
447
931
-693
-168
627
647
206
429
-739
-473
-519
-20
499
485
82
74
-214
-476
-485
-510
148
-799
-853
-457
366
182
-949
818
729
-110
271
692
-893
-449
-518
-195
-468
724
574
617
465
826
-354
-566
-3
-598
212
463
-812
187
223
348
376
365
958
243
-135
-541
417
-629
487
-46
518
508
422
-660
-78
690
-137
-110
-742
-871
-127
71
224
317
927
115
-873
128
-671
646
853
-261
743
86
-428
-715
-73
-452
-838
-713
-132
916
-155
-6
-889
281
340
733
-265
921
832
-249
-127
259
-822
436
-504
664
100
839
26
85
-662
-154
-342
-972
416
784
-626
214
-368
755
706
885
-146
-148
196
891
404
-489
-824
624
387
-841
453
-814
409
-46
-692
273
-359
363
-359
-117
3
-213
-420
-124
-247
-172
20
-225
-907
896
907
438
-296
174
-759
771
250
942
174
-181
384
825
-340
538
-675
200
956
201
792
-612
20
666
719
997
378
-667
884
519
-544
-825
843
-153
367
-756
83
-415
-103
77
-393
69
605
-534
-581
-66
-814
48
-620
809
909
-851
286
-447
699
-565
303
-864
-74
749
-507
-133
59
978
736
-372
-706
989
842
-734
16
634
-637
579
952
-720
-497
780
-387
940
898
120
-240
-949
249
-623
-687
-937
811
-388
198
-222
-314
603
465
-177
-560
-672
759
882
8
-978
-819
-372
785
746
-221
30
-27
-940
881
-560
767
594
-205
-238
-687
-261
-837
841
745
309
-261
205
-676
-133
615
704
277
-612
127
399
-772
377
-997
-583
-158
413
935
412
469
-873
942
-171
-228
405
-338
874
817
423
-469
-261
602
-103
-998
-853
-412
-903
656
925
210
591
-487
-363
-68
-822
145
870
-111
-989
-841
576
-920
312
-906
-164
-920
-368
-925
63
518
-884
321
-762
431
893
945
-230
-653
498
131
-379
123
-810
-479
42
-111
-364
384
-217
-582
440
-932
97
-564
-496
-963
-451
-974
486
-487
-154
-807
-383
997
360
-62
810
-823
-283
-856
787
-358
257
-853
490
624
-291
867
-328
978
-795
840
-739
866
755
154
245
485
549
-245
383
389
6
-52
473
374
-774
226
-230
240
-518
-879
610
-617
55
-552
-437
464
549
-129
250
643
-717
242
-666
284
-228
-300
-881
-351
-132
-79
548
-364
-764
472
-996
-743
-336
-365
468
891
-166
888
-812
39
-846
-218
366
843
428
-848
-782
843
578
825
-210
-447
-611
-479
278
-721
-989
222
-226
-837
-733
-432
-630
-339
-187
-958
585
-830
-445
972
-829
-552
337
-878
193
-570
-105
146
-981
-295
354
623
-12
487
-763
533
857
-467
-565
-462
412
740
-739
-605
76
593
507
-721
-22
328
-373
82
4
-481
-246
31
327
528
-10
139
-387
869
653
413
-856
812
307
-163
147
-232
939
756
-35
37
-770
-836
-613
-403
-1
-293
-262
-790
56
-233
302
-949
81
-212
-341
865
778
973
760
-9
545
322
-464
81
417
-75
-483
-665
-433
-384
-479
591
952
-1
645
177
369
-702
611
705
449
452
-861
-201
-346
-774
-188
-436
633
-556
-504
822
584
59
-660
-927
602
-746
496
110
238
21
-953
-270
-598
-218
-911
681
-916
42
-209
-390
701
-627
-788
-392
-974
-804
-574
866
252
-628
828
-658
-401
25
22
-126
904
920
843
-71
-430
-448
-654
-530
-455
70
819
381
781
-887
174
878
-119
122
815
-835
-773
603
-303
-685
995
-394
-188
-738
-886
-124
992
490
152
778
510
918
-249
414
710
15
-559
-871
-889
68
-939
187
898
-395
993
722
786
138
-217
292
-356
-632
-69
-14
-169
85
-978
392
-5
-278
-312
502
697
190
-897
842
-790
-520
-34
-169
320
-312
-582
-526
-195
-586
-509
-661
-432
474
-335
-934
-847
-337
44
-85
465
-14
-157
987
697
563
-13
-117
-77
127
612
241
-220
693
789
981
232
-653
536
742
-565
-495
-883
-376
908
428
916
-684
-600
-105
508
-347
433
483
993
-258
-235
-489
71
-782
720
204
-232
-477
617
925
-372
219
-624
479
-631
-880
-843
-689
586
246
-34
294
-42
802
-705
-137
-351
-235
-762
297
803
-613
-898
913
-126
142
313
-779
-560
367
-661
47
-213
45
-700
721
872
503
989
-311
-280
-628
-594
653
-694
125
-524
424
-511
-65
164
-67
-121
510
339
929
-979
916
670
-80
-589
-423
-82
555
669
156
407
221
794
342
-257
456
-181
162
942
919
800
-350
895
-827
-878
102
-207
165
759
-839
-130
-957
21
867
-714
-199
-186
748
159
-349
-910
674
127
824
-50
-607
663
-196
-36
-352
907
968
805
-526
-995
-705
-679
728
-922
44
271
504
-569
323
-469
-60
-931
821
-801
-404
-926
406
-192
-763
390
-438
460
949
347
338
-300
-896
131
-319
768
-80
-536
-300
-973
194
-872
378
926
-65
-951
-794
506
186
-112
-921
580
576
-840
-548
-292
882
-374
552
291
-279
725
550
116
-220
-594
462
-494
-995
-266
853
286
-779
699
17
653
-288
722
313
927
-771
378
399
271
-560
290
153
-852
292
616
597
958
-352
428
-871
-903
228
228
-507
726
-741
-832
-296
531
939
-250
-121
421
241
-492
556
-459
-29
-116
-538
955
210
-878
-823
-798
909
298
314
856
-273
372
800
670
-870
-718
-980
40
813
752
-680
103
656
324
825
877
585
-985
-432
-214
794
711
310
669
-374
463
-676
-700
320
654
-557
300
133
-527
-941
220
-730
861
387
515
656
520
249
369
-597
-418
-259
648
-356
-663
-973
736
519
95
-832
371
292
525
817
-462
621
921
304
978
801
662
228
-829
-348
-5
238
-373
973
-424
496
-556
119
-703
751
436
26
-678
848
-2
-135
-730
88
255
354
-851
918
-672
-237
-813
760
244
-51
393
-133
-448
106
-345
-634
256
-632
190
868
940
-590
-798
58
489
-317
360
629
-423
-339
-283
721
313
351
-904
71
-29
653
-364
573
-172
440
45
694
-510
588
359
684
664
-880
959
117
317
519
834
-239
-687
891
102
-552
971
757
451
706
-181
-35
594
481
627
945
798
-171
-216
570
0
282
263
5
185
829
-355
-859
-73
861
46
-865
694
-681
804
933
-374
-480
-959
-704
901
511
-102
206
-63
-580
577
-657
187
-534
942
-499
-36
306
-169
140
895
679
-725
-878
8
-602
-608
208
-951
490
211
562
-673
-594
878
-265
441
-123
-885
660
812
830
226
-568
-781
423
752
-943
-205
620
976
-208
-533
937
-37
-663
-563
622
884
671
-304
-362
-783
-835
-547
-423
693
294
-668
997
-532
907
-506
941
423
407
-411
-136
-427
183
-779
-850
591
-50
79
-316
60
-411
-456
308
317
-311
-837
-924
-771
-942
418
-374
-641
-972
176
-684
-216
-506
800
256
-881
-198
367
686
-934
40
126
-714
-894
-192
327
-10
-676
-921
-682
-298
-745
-986
323
-954
-6
313
112
-251
-418
-781
-25
993
308
882
92
258
-380
-653
-622
-664
-953
112
-709
-775
-511
-225
-348
-590
-133
350
-356
766
-558
792
730
-160
-138
452
-339
-327
136
91
-123
196
-857
-185
-859
302
-426
-301
-606
191
-437
-945
-574
332
825
-250
161
-908
-345
936
-748
-678
36
682
145
-387
220
63
-957
-209
875
434
-258
406
-787
863
-580
61
-873
-963
320
304
35
38
467
-478
763
730
606
-328
-479
632
85
-732
140
-680
398
-56
56
129
-46
-570
-871
182
-790
222
405
-33
603
-152
461
907
-873
644
409
157
-732
968
733
80
364
496
212
964
-648
-910
653
-673
-132
-160
795
-53
-749
131
524
357
570
363
736
-598
-796
-549
678
680
244
56
862
918
484
446
317
601
-9
-669
-996
-185
128
-946
-309
-320
-171
-296
839
-645
968
683
-598
-524
-953
-57
-165
-94
-330
803
371
897
501
-576
112
15
16
-70
-335
-575
141
942
-579
-304
429
-605
583
343
-399
776
197
297
-842
-533
-314
170
-444
818
-501
989
581
731
-448
-953
50
416
873
166
-432
-597
-159
-258
-584
-683
-550
16
619
-1
878
620
36
-880
101
-681
-97
-336
-750
-564
23
-420
272
-410
240
312
717
751
-672
720
-678
10
-32
-384
294
468
-547
243
30
-64
416
-93
-12
944
-475
161
-65
633
-222
-583
-317
538
-293
388
-139
297
-532
745
586
-932
353
-567
969
220
569
-412
-208
455
435
-528
-0
-834
920
-429
-621
568
807
-97
-40
23
826
-200
-89
-239
-555
-803
-296
-87
-921
-75
230
-516
-835
517
-284
190
328
848
-102
-646
-558
212
-791
775
520
254
197
491
-737
613
900
-835
897
-350
474
-8
150
590
576
-654
-919
-550
-680
854
-401
-494
974
586
716
-575
636
-574
-860
-729
-234
884
-292
326
827
445
351
-585
-620
901
-811
-878
-763
235
673
-411
-51
-764
-433
372
623
-192
-109
-4
301
-418
85
-913
805
-176
-816
-737
-587
563
297
-281
106
-599
-604
-297
-565
-370
69
204
-783
705
672
171
0
281
-22
570
740
-48
-477
-954
765
-46
-312
413
-334
751
-264
267
-8
-914
814
863
-654
603
961
-526
-586
265
174
49
-500
516
-722
-733
35
-466
-132
756
-945
622
-269
984
-73
809
-631
108
11
-600
-463
-169
-333
-700
-668
-308
168
519
783
-349
-809
-455
722
-276
244
-171
-914
206
-679
-769
-67
-961
-360
377
41
-351
238
-995
75
45
-852
-27
-261
-70
844
-289
917
499
435
-773
-955
-679
-636
857
298
-382
824
269
-348
-26
531
-808
270
-430
-887
-886
-33
-92
-591
732
205
41
876
466
-354
-121
-864
37
-940
-544
-376
374
-347
-430
-769
180
-276
707
-236
-81
722
179
-835
-73
-388
-307
751
525
852
-389
469
-299
-495
-603
236
-25
-591
-897
-476
906
-292
-981
950
-846
814
-128
-157
-734
138
-735
725
685
-20
95
-905
361
-270
-594
554
375
-28
356
-284
541
131
-149
-92
-173
768
960
325
224
-369
168
962
-643
751
231
-442
162
752
431
-849
-308
-929
-643
295
-202
389
587
617
694
934
-108
-50
303
-933
-351
394
752
633
-930
-615
592
-206
708
-465
-896
33
-129
-275
942
870
-695
658
-588
195
571
354
-166
398
-87
334
-615
-341
506
-176
-881
-95
-663
-24
748
-473
381
-538
91
-479
151
866
-884
-863
528
191
438
-338
743
704
934
-866
-708
568
-692
-330
-212
-315
-108
-838
-570
397
668
-814
451
-607
-400
53
-230
908
-20
471
139
-32
-316
235
-901
248
72
333
-933
613
119
-795
-992
-624
646
-301
-585
384
204
-141
-955
-379
-803
255
-709
-423
-239
178
625
947
602
760
-934
441
115
948
323
-451
-95
-216
-927
633
-561
749
-318
-162
649
811
67
-425
187
605
404
-990
115
-305
901
-560
102
-352
357
396
-437
-941
-812
-390
92
-215
-108
-349
467
617
-944
-182
-838
-170
-401
-554
126
-46
215
-994
-488
508
-470
-172
-863
657
-319
558
-78
706
999
21
-460
-768
-207
687
-676
-997
-405
-436
311
-428
637
-493
-68
898
-163
-545
-690
-3
-779
297
-942
602
-816
967
-835
-814
87
-891
-210
-926
-60
702
488
-352
-452
-723
296
-93
67
943
160
-727
-417
-106
760
-706
208
275
-817
-317
629
15
-70
-389
-873
392
-442
985
443
192
-828
-728
-10
-438
-335
-449
147
-889
-277
59
315
535
-275
321
964
-626
115
-533
-62
953
-78
714
-922
-795
-586
349
658
-363
-757
356
902
218
-40
143
-427
-205
-554
-83
-875
676
85
-67
-262
733
467
-93
-423
386
-767
-270
329
-51
747
-360
366
-788
413
-251
-286
48
-425
474
157
15
94
-470
465
307
8
-539
55
-530
-183
497
765
-927
38
742
-967
-471
99
837
-167
-129
-164
902
348
41
565
353
435
224
-387
-373
427
-767
-490
-444
-102
-536
-946
190
574
177
-121
173
-164
-734
715
-257
655
-22
-333
-506
-743
-758
537
-335
532
603
396
-914
526
463
459
737
448
-964
577
273
217
714
-980
-571
914
517
303
222
431
-424
109
709
272
396
495
-873
-701
-172
989
897
-269
918
-198
755
530
224
692
-901
-958
-517
-967
870
330
405
137
926
-68
-684
-689
600
-322
-210
-813
682
761
576
293
-452
193
-646
511
442
769
-550
917
29
30
957
56
966
-542
-250
-694
163
-912
-922
-734
707
-490
666
-112
-350
-640
-690
-650
-865
552
-84
-170
-837
56
209
124
-999
-879
-726
713
-838
88
49
538
-987
734
40
318
-690
-989
870
-521
-433
534
743
-292
953
815
176
-622
147
-587
-613
-768
984
-555
-576
-75
-828
872
562
-210
-250
-870
-82
589
-849
-120
786
-469
998
-329
453
935
718
-558
677
-796
-145
-353
-511
808
823
-526
816
-83
-724
741
-817
-164
-837
168
490
-793
-334
-214
-792
557
-950
-928
-783
285
-776
-389
-56
833
-275
111
-669
104
402
-849
692
-514
546
465
806
540
481
528
-835
486
714
-580
501
-739
355
450
50
394
-758
629
-314
852
-804
37
-446
102
121
248
368
-230
-927
475
-996
926
81
-671
-429
-543
608
873
455
-566
-10
903
-153
454
813
410
151
-915
-243
-684
814
-258
511
828
-459
-895
561
-200
-283
-147
-287
-609
245
-728
-816
514
992
757
256
-470
-332
-888
-868
313
446
600
-370
877
-87
-808
-369
237
447
217
932
-122
-757
214
-803
-778
340
687
940
-29
-225
634
-512
308
218
-14
917
-471
851
-300
-213
607
-161
-967
915
-833
538
-88
691
-714
626
116
921
-217
273
130
-300
743
89
267
762
497
919
-56
686
225
555
855
-281
601
-942
744
-174
-408
901
-267
-127
-668
-54
-10
199
-404
-280
-583
684
-467
-269
573
402
58
361
-671
-794
-888
416
293
-837
-425
-309
-31
546
972
-62
-962
-583
120
-49
786
482
-45
276
569
-388
-934
-356
-691
816
-773
265
-398
459
497
-13
-352
-661
-98
-440
-106
15
878
358
977
-289
108
-837
-107
-377
156
240
239
962
-895
357
935
746
95
-87
983
-174
635
303
659
699
-423
29
896
352
746
-497
434
846
-700
954
-663
-480
140
393
815
671
-735
253
44
-127
19
823
867
334
-307
-604
417
-973
-219
-412
-162
977
-136
232
540
-674
983
-364
871
123
-339
-501
-515
17
-192
472
-218
955
385
-239
-899
-837
467
437
604
220
-639
756
547
592
908
-797
-867
832
644
529
689
-777
-272
-846
-127
-876
-140
273
-759
-483
-283
145
737
-106
401
-924
706
950
268
-558
-214
-515
-420
-98
6
550
213
-143
24
-683
-237
-219
13
-273
317
381
970
-942
37
625
-973
-37
-870
841
-782
-24
-836
-314
117
-835
-770
-23
465
-187
358
249
988
-870
819
458
941
972
-430
-683
225
-687
-86
440
675
757
793
-717
293
-344
3
65
-989
-778
675
671
331
600
-420
321
-372
833
-437
651
842
-195
-502
494
2
614
-85
-930
-996
185
-275
-217
-289
517
-305
-161
-515
-344
-322
860
814
-354
113
-19
167
-230
767
-794
-202
487
-831
-654
-357
68
-541
4
-755
-311
995
682
-887
309
-712
-63
766
421
-551
-296
-777
588
644
378
302
-324
371
-165
271
-618
282
249
584
350
-449
-395
-362
249
-927
-462
668
-232
145
-2
-575
103
-654
610
374
77
-958
402
808
382
-630
-669
336
41
2
-602
16
-491
410
612
-413
-312
514
-747
69
761
679
701
-36
200
490
321
-212
529
266
462
183
107
-192
-371
688
312
-916
-734
460
-695
793
-161
-533
331
537
182
568
770
848
374
-978
-256
756
199
-981
871
-263
780
-75
299
906
685
-475
-939
-300
-211
57
-525
162
-382
323
270
-637
86
515
-677
218
599
-873
720
-909
157
-103
779
-111
761
766
372
434
469
195
-74
-213
-811
-269
612
-463
-144
-804
184
-437
-701
681
-959
-235
-769
927
195
869
-578
538
668
664
272
-88
-735
-458
-432
213
959
-820
-230
-571
-239
784
283
65
380
-468
550
-165
-785
426
-115
-610
-440
154
530
-448
223
-643
-611
-162
790
348
187
977
-489
543
-395
383
-935
-505
-616
-939
-891
697
643
846
491
125
59
355
-858
506
403
88
779
-508
-251
-938
734
-997
-200
514
37
-425
-93
997
383
-204
-97
830
-590
976
842
-336
-254
657
-176
849
-162
-13
-408
207
218
282
-408
544
-507
191
-138
-277
-564
903
457
657
-380
874
386
283
197
-272
-382
-955
-40
-238
378
-627
801
35
-284
229
-67
156
537
410
709
691
850
-333
145
420
-791
-817
-931
203
-601
583
-889
474
-882
-513
918
36
-203
10
-997
223
-182
734
949
-680
74
-570
706
742
280
-885
163
670
-994
66
463
133
-386
-111
-508
237
759
-898
-204
406
-951
387
-916
-185
90
255
-245
902
959
318
-157
-754
-363
733
-997
755
783
768
552
963
557
899
-310
786
-167
-440
-12
-592
-200
-646
-817
850
896
5
924
794
890
-988
199
-173
-584
394
-808
-676
-15
558
-76
138
731
-773
-167
192
-965
961
-660
234
747
192
-670
-268
-543
-871
-939
592
208
-29
-638
432
-754
472
879
-10
-39
886
-423
-395
-685
-938
-979
998
-600
-562
953
-546
-91
-474
76
-949
-391
-177
-342
133
543
356
306
-62
-86
-849
-323
-99
765
-737
113
-309
-225
-672
-410
-300
581
-828
-363
145
866
-841
93
308
-217
-52
435
188
551
580
17
267
889
-837
337
-54
-681
-449
-540
-633
154
-793
-750
601
545
615
62
865
329
556
-37
925
562
846
483
565
-869
578
43
625
-362
854
-474
-80
422
-173
950
-882
473
-968
-912
-946
595
-104
408
-930
321
899
-504
950
-319
89
-222
134
-52
355
-987
449
882
-924
635
-413
-991
104
-995
-125
178
935
538
151
524
-259
864
-798
-615
-389
633
911
-818
-823
-71
-479
515
-354
188
-348
716
-577
669
-679
154
-238
-222
764
518
557
-240
-190
-155
-161
754
-408
469
-51
-417
774
151
711
-515
-470
120
-974
768
116
-61
-971
-138
637
69
98
-124
409
-238
705
-653
-138
556
133
-628
952
230
-208
6
-681
-239
913
-4
-342
148
-699
576
-926
301
-808
13
675
-387
316
82
-821
481
-388
-762
432
130
63
-321
-190
400
608
-815
361
-520
-949
27
627
-209
-345
449
-233
261
-990
637
260
236
155
505
-606
-546
-331
-382
433
677
915
-260
410
149
159
-934
-528
640
-573
-904
874
439
-375
219
413
-643
375
180
-128
-538
-468
706
-994
-736
196
100
91
332
-713
979
-800
158
-877
313
-20
644
28
540
402
-294
918
-725
638
-180
610
829
838
-938
-29
425
806
593
-773
561
-763
-125
954
394
261
-647
791
-633
-167
697
-174
950
193
519
-677
493
640
473
-173
242
147
-657
-717
919
-862
-432
-92
74
-278
955
-26
-748
-770
964
793
-730
447
-230
31
400
-119
634
919
200
-654
-504
955
402
-178
-21
276
264
492
-239
348
768
-175
-382
-815
995
89
205
-456
-122
325
-958
599
324
68
-966
-906
-236
194
232
905
-183
-80
-391
-348
-523
361
627
703
756
219
892
-161
911
-452
717
-724
704
992
-692
313
-366
-696
339
648
-875
-169
-345
600
-38
104
-410
-359
984
562
-44
-244
254
755
44
40
271
391
-541
929
396
39
-862
-624
-102
-227
-767
557
765
-967
69
-785
569
-661
871
394
-623
425
-183
36
-589
433
-87
729
7
-718
-408
121
-383
440
724
-522
-619
-537
701
-440
188
-350
-920
832
-480
708
-405
-866
-611
-43
-844
-386
-568
969
848
912
-635
17
-695
835
-104
416
-724
650
-292
-374
-962
303
684
152
682
-273
-680
225
-844
902
-955
-809
-952
-366
-504
84
-853
-701
-12
773
270
-364
41
29
-354
537
954
-341
-158
855
-152
185
-679
-246
92
738
771
17
44
-402
-682
-61
-638
248
-814
164
-395
676
-940
118
295
-98
-311
-230
-866
458
276
889
626
-415
593
-463
633
767
415
-957
94
-480
-523
817
47
-993
499
589
-372
-269
-936
658
-225
-494
663
702
-859
867
244
475
312
-318
703
-288
-265
-393
642
123
-829
-211
421
602
447
14
154
-39
-309
-629
-266
-441
179
-84
590
-393
177
263
-870
-878
-336
65
733
-13
463
759
-264
612
91
-616
608
-804
-966
-735
-285
505
857
816
676
-688
823
-572
-352
882
584
-476
860
977
-700
14
-677
959
-795
-180
308
-314
669
-571
422
817
-304
-199
-278
-343
-593
315
582
-861
-105
200
262
-249
104
657
-625
884
119
-447
-316
727
-852
-883
-373
515
-138
-244
933
388
-665
-915
871
573
587
92
-866
164
566
-857
144
-771
792
-387
-509
-467
172
-817
-887
737
-114
82
353
-52
998
563
-986
129
702
-561
643
-89
-115
-562
649
181
-833
-449
-565
162
114
-411
764
936
-409
-381
525
572
729
995
786
-847
495
-862
149
977
-454
-420
-928
-684
-853
-742
887
-724
-800
-348
-600
-263
-843
-156
502
-311
-873
174
440
843
627
-377
603
131
-172
-695
26
-220
435
-917
-862
-245
-313
593
981
-47
726
475
877
-438
438
-174
-443
390
771
-520
-536
-424
-889
-603
807
183
-779
-567
-616
-58
-490
575
-627
-516
272
-735
505
10
882
-617
-320
574
162
107
499
-537
399
627
-429
-129
883
-214
-728
-135
542
651
256
-665
-720
-901
291
-913
254
772
388
736
118
13
-528
-809
253
637
686
632
-779
682
323
-464
-488
-260
-490
-853
-299
-807
-366
-602
-76
-833
-893
-873
998
-95
503
898
501
572
858
-952
643
-689
375
981
882
566
-279
153
-699
-950
512
898
-710
357
896
-431
-420
901
-116
598
-697
-126
-309
958
232
915
461
110
283
-797
480
423
52
47
-207
-519
-162
-938
629
-184
157
957
264
-495
-238
783
224
-970
-882
-797
15
-51
-313
-705
237
155
-692
718
-532
-207
209
193
548
-709
885
-225
174
-782
-265
-782
728
-249
51
-80
-884
-58
630
526
768
-313
446
906
166
461
527
286
-533
-379
207
-520
98
-185
182
963
651
-604
-167
71
-902
469
127
-740
994
-597
930
-645
48
461
245
533
-52
-347
351
-257
-302
-738
-185
-90
-949
-85
157
611
-264
140
-200
758
-514
-176
-227
-822
-863
311
-742
580
793
-274
747
-860
662
872
25
171
-440
-756
133
549
-842
397
966
-627
-642
62
-139
752
275
-719
960
544
591
772
-583
425
-886
362
800
964
-243
-536
301
-239
-266
-582
-202
-978
779
869
425
-141
470
-516
197
769
858
-527
595
-441
78
-87
501
-425
168
-996
293
-257
-344
738
605
-983
-165
327
981
325
-495
691
-182
-630
467
-944
467
876
326
-353
825
-98
551
-455
898
944
545
-743
-456
-78
55
35
927
685
-229
-888
-727
-750
116
-515
-338
-113
446
-963
285
529
767
-862
-180
-651
938
169
-230
-648
-476
65
-974
-51
386
-27
760
-363
-826
-926
-125
-768
-821
-433
208
749
-949
-204
345
-697
973
-107
337
965
-48
522
-524
941
-932
-748
160
529
17
386
340
-798
863
-399
729
-716
-959
655
-585
-181
-674
361
-132
649
-328
-863
-822
335
-920
-238
155
-778
-897
-302
733
703
766
-947
-660
-399
-335
9
-276
194
-783
-549
-92
404
-465
-824
543
-311
296
-911
-206
297
924
-50
3
-749
-381
76
331
815
-891
347
870
-95
-268
-827
-668
719
-431
146
-718
-924
-898
925
-832
378
731
-510
88
-472
-316
535
-424
282
-376
993
-27
-545
-269
859
562
-178
667
247
-998
-815
-371
4
-957
-3
-418
-131
-618
-75
-851
-342
876
59
912
-650
729
-930
168
-897
-924
162
953
491
674
-460
-854
290
674
-626
-359
-849
-446
-190
-65
-92
691
-35
-900
-217
446
-451
831
734
-443
443
341
244
-424
754
873
-183
-454
913
98
929
511
196
474
551
643
-425
-640
-123
-455
-610
77
-948
717
237
-696
-359
251
-254
-837
-347
505
168
-145
913
874
280
670
834
-795
554
590
-51
172
-270
816
546
94
818
358
192
959
-535
-406
-368
793
692
539
-576
106
-425
816
947
37
-503
-200
-332
872
-141
-589
831
136
-765
-972
739
540
-704
-839
971
-120
-625
874
-832
-177
-377
-188
501
436
-352
312
190
960
-913
249
-29
-63
-42
-315
387
-552
964
677
-417
84
-874
-565
953
-311
-678
455
-282
-417
807
550
577
311
195
-359
453
-734
-544
-744
177
-68
-319
266
393
-277
768
-747
-283
591
-750
91
97
-531
124
-492
34
861
436
307
515
382
-764
333
-891
526
226
-844
146
-317
354
276
74
-446
618
-43
-41
-121
-610
205
730
494
-52
983
-770
821
-814
-217
587
102
-768
-43
627
968
-970
91
609
-360
981
564
996
-228
834
-51
813
-331
4
-744
242
573
589
-264
-955
-212
-320
-39
-513
127
-418
-825
685
-165
235
376
-325
42
-967
-817
635
210
-509
-272
221
74
-282
-223
-408
-712
2
-474
-39
-946
-175
632
145
766
-443
381
-494
-656
-707
-448
-620
111
249
-301
454
-350
-364
440
176
-868
301
989
-57
-924
877
232
-532
-119
633
126
-20
-420
-459
598
-772
-960
-68
-221
-946
-890
869
672
522
887
-916
-946
-843
-25
931
-642
441
481
903
988
551
377
705
525
-193
-86
-131
398
102
628
398
89
225
53
624
683
-272
947
-110
-908
-590
-765
730
-47
938
-218
-650
-232
-878
-709
-679
30
804
984
-155
923
-590
170
556
-504
-244
535
-31
-475
404
-116
-280
-738
181
703
-966
-785
-19
-228
-524
-773
-808
367
779
452
-378
971
-420
95
136
289
-129
-363
381
779
-29
25
-565
380
-587
232
-105
-976
-970
830
-574
-913
-545
-555
-573
-535
590
791
-306
204
707
-211
-344
42
-315
-125
-344
296
19
872
889
-546
969
-635
-212
520
980
437
-976
343
56
533
210
-347
33
-526
627
402
-114
575
-581
-951
532
238
571
151
753
85
-866
897
-3
173
849
-931
670
-642
307
165
333
-51
-688
589
239
460
-810
-356
134
148
-809
298
-291
83
-886
-789
355
829
-42
-540
444
90
358
-419
328
-179
-0
969
123
889
4
-581
-870
106
180
-898
646
-878
-787
-201
-866
956
-563
-509
-681
-399
-428
396
-95
562
-148
900
-801
152
-781
-55
-438
217
289
-391
476
360
124
-554
-611
-847
281
258
231
22
468
-363
-440
260
658
404
794
-390
872
-842
-764
-947
-789
-127
320
-88
-578
46
-735
-452
662
-879
-972
431
-917
384
314
727
-889
-180
708
-349
-72
-658
-406
553
319
580
406
840
284
-6
-260
-407
-292
-62
856
640
-159
89
-112
337
75
-75
281
-158
-844
516
-601
606
-511
-599
-432
648
241
-860
732
-137
-819
641
831
-17
-315
133
-809
-515
760
392
705
136
-482
-3
898
373
-704
-169
-166
-564
73
-103
140
-907
84
-446
43
791
-283
443
287
-251
184
879
960
-536
844
267
-609
886
-825
186
-618
-98
124
436
359
-754
-812
-597
781
805
-477
963
-599
484
-885
294
-352
109
-286
-239
-937
-540
332
-874
-624
443
456
-892
-959
-481
-400
-404
871
933
-411
155
870
-153
186
-372
763
-615
-926
-627
-237
786
-939
93
703
-321
-551
-518
876
328
403
928
-867
-738
-404
-383
178
-982
-711
-280
806
233
-782
130
-127
73
862
49
249
-227
-857
998
-483
504
760
-961
-90
-275
649
-235
-920
12
13
864
905
268
406
-149
599
436
790
-629
943
-457
-14
426
704
68
-203
981
-729
222
-868
729
25
-883
-915
400
-769
156
-254
421
372
29
-775
388
963
991
334
356
887
-878
104
13
-193
361
-103
110
-625
107
853
-904
-457
-353
616
854
-300
10
-716
983
897
-60
831
180
-14
-856
486
389
8
87
-155
832
-378
564
217
-355
244
-467
-291
-884
-638
525
853
-419
360
-189
-152
675
567
-977
-787
603
452
810
-773
-753
139
239
897
-557
-869
-477
824
256
391
-880
269
-265
258
-169
474
147
553
-957
398
-411
-965
-993
-392
-532
-834
-18
-953
529
64
-947
-973
-504
-482
328
680
851
-980
786
-445
861
435
-87
-515
-952
-19
470
346
-871
139
412
-644
-816
460
349
-273
889
442
-449
-297
889
-4
661
37
235
-85
348
-616
705
-119
-686
969
-452
904
73
358
870
25
418
64
-942
5
230
807
-402
-695
-670
664
428
728
474
-167
801
228
-958
225
146
895
-556
664
-980
46
376
124
-336
9
939
-507
72
-312
731
-634
-823
-606
-583
689
334
-565
503
218
-894
-1
-107
278
-947
561
-183
-908
-77
-738
489
-224
-867
589
831
-561
-738
263
-775
376
835
-754
-484
25
529
-574
894
897
291
-836
-645
-553
-313
-580
-710
-163
-245
-564
932
995
56
-183
719
416
270
837
-3
2
-207
756
-890
814
-837
-920
-671
-582
-836
-382
-901
270
403
-790
-850
74
-78
678
103
807
223
-414
995
-974
818
-91
858
595
821
-372
882
-80
630
-281
-602
729
-520
720
-844
700
402
733
153
-874
-66
-997
-46
-260
-539
465
334
967
338
-370
733
196
-214
-99
-610
45
-573
328
-175
-999
482
855
-658
22
-861
-882
-167
-785
360
-452
859
-998
595
-755
266
484
-570
916
866
929
36
378
-242
289
49
924
591
44
-600
309
-257
-319
-837
-407
-878
-136
500
822
30
696
-852
691
-894
-334
-238
-64
-140
674
-971
34
-122
764
388
-68
-49
-850
736
401
629
-476
82
67
276
200
-528
-97
460
977
-151
-268
514
453
12
-233
293
214
-954
598
727
478
-89
-610
-140
-398
984
-843
-489
-101
855
-847
747
876
47
285
-977
-382
-43
615
-931
-179
-736
118
-375
-79
905
-84
692
706
787
217
459
182
295
-389
-515
-846
295
829
535
-253
539
-796
298
-322
-198
201
-843
863
-532
717
-173
652
-527
491
742
206
82
864
209
-169
429
769
753
-763
-238
37
395
-584
523
-336
-819
546
248
337
-300
-570
-228
-354
324
-971
949
-30
50
618
689
-838
552
-466
498
610
662
231
520
-224
-54
-463
-907
51
-107
530
-327
-360
-456
-32
-982
456
823
-886
-625
891
9
-387
-199
-226
-812
-806
477
-371
345
240
-46
-971
737
916
672
-394
866
303
-925
-76
-638
229
-401
402
-356
426
43
975
960
847
403
18
-79
686
203
742
997
309
924
497
58
387
674
-586
-958
-970
730
-982
662
814
-135
-59
232
-883
-432
493
8
295
948
20
-370
972
980
911
975
-860
986
-595
639
430
563
265
157
958
-146
363
-321
-970
642
648
-310
-432
-779
-218
-210
842
-925
-49
372
-539
689
740
590
16
943
201
-172
-254
14
722
-825
702
23
184
-110
619
978
-162
-421
152
-195
-321
-691
-671
-752
634
-309
-32
-439
-433
292
52
115
-838
-98
252
47
-13
-853
-148
-430
534
118
-777
-135
810
-318
697
430
-969
-229
821
-498
-367
872
-956
650
746
761
-30
-789
27
-704
-540
-963
14
434
-173
-374
636
-760
-253
788
884
579
150
-107
-828
606
649
-934
-466
-203
653
-883
528
-587
759
-484
628
909
784
-660
532
-684
187
-197
-339
996
682
338
228
-695
-652
982
947
115
260
-47
745
975
702
290
629
-89
871
-225
-353
438
-803
343
663
-481
586
717
612
968
-920
-411
-898
564
-928
220
413
-344
-430
-967
497
17
-681
119
-130
-663
346
952
-575
-365
658
-489
595
641
-520
119
113
-805
-575
792
-12
-108
530
307
-930
961
962
364
-636
-935
-318
-878
894
578
960
527
827
-35
-48
167
-718
919
282
-942
993
-131
635
-94
45
-703
-396
330
-217
-636
-763
596
635
-866
-503
-540
-37
511
33
-906
-982
-436
191
-657
188
26
97
-786
842
3
-813
-897
567
227
718
382
742
-783
-290
45
86
782
-399
269
925
643
519
644
-653
390
4
775
-944
383
-703
-416
-853
325
823
-197
922
542
733
-232
-58
-461
100
-161
-499
-982
326
343
301
-135
-967
577
877
684
307
-700
-595
780
-749
443
-191
-450
-176
-400
-815
-306
219
24
-356
410
681
380
-623
324
159
-621
545
219
570
902
-858
-871
-445
-878
308
-816
-751
-618
413
99
61
922
-497
679
-464
508
495
-752
627
93
-270
277
161
-100
-189
-147
272
209
267
892
175
758
132
962
844
-399
-20
-840
276
108
-140
-69
30
238
-223
733
-531
420
-354
126
-141
-666
555
-695
799
649
411
55
701
91
-776
27
-316
-674
182
222
-678
189
-98
417
-687
-540
-489
-892
593
818
-808
-380
-645
499
-207
854
-665
-823
-279
365
-10
-418
558
393
294
873
761
282
-660
937
-207
104
539
-989
871
-490
964
-733
570
-378
-395
670
-856
267
-87
87
700
519
471
-763
-567
577
513
758
493
-300
-739
397
-627
816
-220
713
447
513
93
-966
881
-543
557
477
789
-291
804
828
56
-850
-251
550
-147
322
691
900
535
318
97
-847
-629
119
531
-568
-943
-217
-333
-246
182
73
-560
149
-770
-891
-966
458
-934
-380
-877
-405
367
720
93
-886
-886
-852
-285
245
-820
-627
-579
-734
15
-331
416
-66
-415
-188
-104
-136
386
-140
342
-431
873
653
-495
670
207
108
442
110
-312
-365
-725
462
842
839
-339
50
680
-721
-148
390
-393
682
-24
44
-91
808
-615
984
-872
345
445
-480
-156
5
593
-363
-598
-526
837
663
37
802
94
-814
-962
-882
-259
533
-915
71
637
200
-479
-210
-353
-950
48
747
890
461
72
-260
409
-747
-35
-537
253
-260
-168
754
399
616
-456
294
-276
-551
-802
680
308
239
599
-719
218
-289
-153
612
747
704
-943
-254
-105
-919
-968
822
-380
971
542
535
22
-499
-220
432
-43
-875
-134
-557
286
-850
-429
882
-85
-140
-248
-389
204
149
-704
745
-717
86
102
-794
824
347
668
414
-787
-734
-934
-9
-715
-915
740
519
-281
-365
-952
-475
-156
382
-756
-282
-55
-282
-843
480
449
-682
56
351
-510
-776
227
592
-778
912
-123
781
-563
-520
-706
669
-100
49
-905
549
-468
-231
-280
783
-149
-296
-889
-156
844
-563
381
58
584
-341
859
258
-215
726
-16
-906
-204
142
-632
-250
-679
379
46
-245
248
-824
-476
138
275
538
374
-809
-351
376
602
-811
792
45
331
525
-876
-38
136
-395
393
-55
-82
49
167
-768
405
-106
-474
740
-441
-737
-966
-373
656
-866
54
520
-137
-921
995
-778
620
950
-388
252
307
851
468
376
-345
877
515
-591
319
308
553
-67
-323
-972
59
-892
-917
-991
-672
-862
-313
120
841
832
575
826
579
-5
614
-965
-905
743
305
-560
-806
346
217
-652
-881
-218
-978
-288
-642
164
-975
634
691
-55
-817
-326
-741
-447
-843
369
-289
-533
-337
528
-468
588
526
324
-953
566
699
-745
270
-104
997
190
-413
905
546
-82
830
457
-893
925
-218
968
-89
-62
-611
-824
-992
-246
-739
508
-288
651
-612
826
-594
56
948
-434
-443
-748
15
662
-587
116
-763
-963
918
-522
427
389
804
-538
822
141
-820
319
-814
546
593
432
-639
-760
-714
89
334
866
275
-595
-728
-715
-330
-736
-720
602
-946
-374
-133
-847
-472
-692
-118
650
667
-844
-686
-297
-946
-217
-668
-685
-205
256
250
890
744
-881
846
608
-481
613
-716
888
648
-33
-277
-987
130
526
698
-454
703
-657
-571
-767
422
572
-995
152
-918
-15
-256
31
-245
-470
-325
-738
-613
-930
-13
-941
-430
277
-677
-124
-967
-496
142
-314
-788
-35
62
-494
-521
-563
-474
-25
-369
385
-84
-347
649
979
722
234
79
975
396
520
-247
-508
292
-682
188
-412
929
27
954
-73
-301
-538
929
-225
-688
-299
-884
-712
-44
542
814
-208
418
-673
243
-401
-405
628
-509
716
-302
-484
-526
-715
943
-155
-915
-500
952
58
-271
91
-454
68
276
-513
-504
116
899
953
440
952
-177
393
-978
676
966
-982
190
737
-539
396
600
73
48
-694
840
-548
-802
498
745
-734
997
-485
-471
357
824
-405
-969
628
-209
858
24
-770
-52
959
-498
-862
-114
-34
-273
299
-848
226
534
-539
233
-497
-508
-437
888
-710
-442
234
-623
-845
-364
698
-200
-735
835
-830
376
-31
596
-796
-864
-575
-431
566
-431
7
-259
-360
-334
-194
-74
-942
704
686
441
489
-989
316
226
532
-998
-805
-597
-717
965
804
-640
-841
-720
-349
9
820
254
-476
371
490
251
-980
165
-483
313
-521
-35
1
-889
269
892
953
-930
332
141
375
-822
-945
-405
-469
69
375
-352
-563
431
-195
-978
-174
-930
-914
33
-169
-997
546
895
-824
-357
772
-279
-654
873
-738
350
112
123
-57
-667
-67
44
66
980
608
-793
398
69
487
253
-145
-194
-589
-635
-177
-928
319
209
-264
-980
526
606
199
-328
-321
616
-537
780
-479
-476
-422
252
729
480
650
218
-586
452
-203
472
-713
-695
898
-81
-594
-385
-314
-759
450
-389
51
-980
-784
423
-564
-216
-687
232
-90
666
224
701
-40
934
403
-294
-282
-445
-410
-758
-468
-956
-589
-93
502
715
-515
-617
-581
398
-578
792
671
-631
457
760
-67
-433
-904
-39
-989
-837
875
-60
-709
146
-206
-852
-527
311
576
910
-139
3
-221
506
500
715
-150
-537
289
-851
-325
77
538
836
163
-461
793
49
858
-577
900
439
123
-614
363
-611
-521
-540
428
-526
827
-245
804
-987
-851
-726
560
-505
-845
799
290
248
451
223
220
527
-90
372
419
909
627
-77
-152
574
-407
-909
-487
-860
1
-874
538
973
-525
-522
-56
919
-419
-574
932
273
577
-740
-396
707
-388
972
-334
-906
643
-509
213
-87
777
908
514
752
421
860
-445
-567
853
112
-189
-752
799
235
41
349
688
-232
495
-645
-477
-86
426
-108
-897
819
-590
270
184
-754
-532
749
713
774
-966
477
-629
718
-568
-687
-750
-255
782
-83
-735
-544
-293
839
-627
566
384
389
606
421
-990
-344
967
786
-477
-67
58
183
257
709
635
-830
319
386
-383
-805
-268
-819
-101
-688
474
-495
719
-236
-701
-565
-221
-61
319
-819
958
-780
-477
-165
-204
862
961
-915
388
361
800
-483
26
915
-695
-400
62
232
-132
-470
-955
719
-42
-300
841
224
941
-663
-603
665
-368
-304
949
-322
637
122
829
508
179
-5
823
13
-641
-435
-959
247
-869
110
439
604
-281
-21
271
333
691
-174
-272
-334
217
863
-574
208
-14
966
-455
234
-1
-198
-138
427
222
399
494
760
854
-591
-438
576
471
609
-817
-367
804
-796
97
-475
529
517
607
86
605
-242
830
-847
712
-579
5
-701
-864
-103
424
-984
452
329
131
-872
-446
-132
-284
929
-789
879
-159
307
781
336
-988
159
821
-203
-257
-42
246
-331
506
231
-120
145
-394
302
-862
-733
310
994
733
-437
329
397
-357
-457
-988
-215
-151
740
-813
73
-33
-230
51
-828
-478
-479
-800
-734
-957
725
-233
406
654
-282
-894
-847
-514
623
-7
54
-420
-645
113
-82
923
-368
-100
-893
977
-926
883
151
203
667
930
400
606
-275
128
-494
516
560
-693
-723
333
-542
-775
318
819
-893
-59
804
-42
-90
788
574
799
-273
940
-514
350
-842
-101
456
498
374
-346
-576
-609
-558
-602
54
620
-597
676
186
-520
504
892
247
13
301
-152
-747
895
-159
-791
955
892
971
-16
-948
-889
863
117
525
83
-490
-55
-997
895
-503
-721
-97
-363
534
-930
268
639
306
-593
886
-9
-912
966
718
769
900
680
-808
770
774
529
577
526
628
66
501
-595
491
27
-126
-430
-991
376
-505
-845
199
27
-246
11
377
-741
-504
-644
-249
908
-819
402
153
961
276
-643
-533
956
575
-654
-397
-183
83
-601
850
60
553
832
-944
69
953
400
-86
-618
677
-319
-372
32
-682
-492
848
554
718
-459
533
235
-945
-324
696
46
-568
-504
219
-100
522
434
145
-123
-727
-878
816
-98
805
-497
70
-579
612
-282
971
733
-328
-568
-860
41
-979
200
-737
612
425
748
-5
-837
-114
450
-855
-283
407
360
-600
854
674
-78
57
658
152
-682
-733
128
-343
636
465
85
476
-491
-848
-7
456
-285
479
700
349
142
253
633
-200
499
-542
-242
31
-446
-783
-753
594
-105
334
-57
-539
-822
-821
-94
77
391
178
-341
70
-440
-944
-798
-936
-964
413
657
573
-449
287
-768
841
-688
144
-933
-169
-772
271
4
-178
829
693
-895
-966
-661
944
-969
-940
-509
39
2
-519
-673
49
-349
-349
-522
665
309
467
588
103
-549
567
-479
-852
166
961
162
221
590
42
965
-882
-42
301
465
-539
-800
-424
416
-818
999
-126
789
-377
269
-844
-478
-566
780
-854
-624
963
-204
-761
367
-907
-358
232
-732
231
380
-940
505
-434
-726
-586
33
-479
-640
210
-171
-726
-502
29
-271
939
39
565
-90
-886
-639
519
374
262
591
374
293
644
-762
-733
-637
740
-608
-924
-8
867
-635
-319
-89
375
757
-146
201
549
-167
52
11
184
-801
670
-623
-456
-628
-619
-61
-101
96
-573
390
317
-109
714
866
-740
-360
829
300
-594
766
998
-560
350
-700
659
399
-0
-698
-981
-966
233
-483
13
-700
-417
-173
-998
219
742
-976
362
-378
236
-429
-993
-290
-73
-641
-613
46
512
-150
305
-562
-641
-801
-266
-717
607
-71
894
531
191
111
218
-187
729
-296
410
433
749
758
-765
-222
327
-678
711
-245
734
-59
514
-738
-287
629
-244
101
-649
-66
687
-139
-286
-940
-379
-252
542
769
-261
-3
-893
246
-398
-187
-558
166
-894
-964
475
530
442
-319
-798
744
299
-960
435
-33
-905
585
-178
414
760
-957
-635
-441
-974
413
-552
-537
608
-747
704
580
706
-777
620
661
922
-968
-457
986
874
-261
-260
-982
-295
263
215
313
361
157
986
-362
788
169
-93
-734
-906
-450
-793
-386
867
-792
844
-355
-251
539
-683
849
584
-69
-173
701
150
597
288
736
-984
-237
-337
386
-457
-178
179
-963
-398
-145
188
-355
-349
634
288
145
250
-453
-679
880
-117
-628
-437
764
-329
111
-459
-208
122
-150
917
-387
-383
459
384
-551
749
854
-475
374
-231
-26
655
555
-781
-892
-353
-219
-824
-503
18
-766
-289
306
-591
273
-870
-217
-886
8
-830
366
-180
-976
-616
-916
-237
105
-656
643
-797
-774
-568
897
116
-122
-158
834
-778
46
641
732
-997
-756
601
253
-669
-418
-371
-692
-925
-786
6
773
134
-530
-781
5
452
784
162
-804
417
420
-241
276
-982
-249
-387
125
841
-297
-622
-106
417
480
-280
114
-858
837
-351
266
881
-674
-242
142
160
410
447
-561
111
795
677
-792
-795
-986
-95
832
-472
-597
10
-149
531
305
-780
-194
259
-986
-250
-823
-760
-544
-414
-184
-587
600
-520
120
13
-734
643
-37
270
190
154
-567
174
122
-192
-826
-439
-376
880
-715
273
39
-731
-522
453
522
-429
-522
553
-544
-302
876
149
404
101
275
-922
-995
743
-654
-934
-156
618
319
26
620
587
-773
-453
-470
-297
-632
763
-224
-849
407
-408
850
-593
902
-386
651
-371
413
602
730
980
823
694
-603
-630
382
-926
417
-754
491
193
817
-919
740
466
124
-889
-191
699
-830
-508
720
796
-306
160
-747
-643
-622
500
435
-889
413
-859
-713
-454
-240
459
749
-153
-510
-556
-370
175
114
-411
641
462
-78
363
232
-38
133
-136
104
-290
-306
-225
-750
373
-427
767
436
-179
-902
9
713
-958
-896
-80
87
967
273
422
296
-240
-931
-848
-588
-585
922
977
-993
-185
734
-241
340
567
105
-989
136
-829
-589
-786
-705
372
-317
615
990
903
418
-898
58
-76
-807
-269
647
-363
-776
117
225
109
-192
-557
876
258
-310
-758
327
-235
604
-78
956
839
296
-214
150
-416
751
-228
-139
-626
348
-521
-923
-809
-965
130
34
654
981
203
895
826
-298
-977
-894
-590
692
917
-571
-846
-318
-810
1
-386
388
115
914
633
700
353
567
188
758
-579
536
-570
-106
911
-901
-442
239
-925
203
-717
-522
850
-365
52
848
805
-761
-294
-460
-678
855
4
382
-600
-840
-193
740
-803
-785
-581
-839
-73
465
-171
-925
992
675
-227
-277
-995
496
-832
-935
-342
844
-58
-13
988
851
108
-713
909
-800
-798
-315
548
333
48
-720
340
-17
952
234
213
-155
214
-774
257
612
-4
-200
740
-637
505
-883
-978
948
283
574
-620
-169
-950
-662
870
-967
-555
131
-405
787
181
461
-275
441
-296
-406
-449
-806
-223
-959
-96
-671
447
2
274
-819
-164
967
-394
-349
128
-662
-34
-977
-289
-702
-215
92
528
571
-236
963
23
839
-43
-811
295
749
293
-939
-367
24
367
-301
-211
755
-262
199
-352
54
-930
-920
-42
259
-100
-623
-191
-753
764
511
-278
-127
336
-530
717
-436
154
-577
-730
-885
386
-1
507
-841
513
952
970
-36
-406
-698
-152
-476
-195
-855
-242
459
600
910
-271
732
807
927
-763
787
531
-350
-325
-693
583
150
-993
-158
774
-54
-524
-181
470
461
-776
107
-438
-694
635
284
-993
-396
-395
580
975
-918
-772
-182
912
-180
-596
-348
97
798
486
951
-220
466
-254
-841
-385
-80
-211
104
610
163
-923
593
906
753
529
-224
108
420
440
944
-373
-687
-992
411
427
161
86
-723
201
-736
884
183
-2
-708
-569
972
381
-230
802
976
567
-932
595
-997
-835
-230
398
-416
720
548
129
935
532
-236
-510
268
-53
83
-559
148
871
-465
-143
22
-358
209
-443
-702
-366
-13
-502
306
-185
555
-175
490
-81
-667
-542
143
964
92
-849
86
-732
443
-85
141
844
-719
-399
417
870
760
126
664
256
-850
-550
-24
389
-220
569
97
-409
-136
379
992
-990
13
-8
-559
-786
425
-699
-971
268
914
-257
603
-181
827
645
513
-276
-104
-555
-604
777
-30
-478
268
-896
-936
251
172
984
-696
-522
617
439
138
-440
688
-771
398
423
-700
906
-825
-880
-941
700
-846
550
-725
-240
687
606
-250
-797
-331
20
244
-371
435
770
-468
717
-44
-481
-960
633
-754
375
672
5
745
-738
303
762
362
818
354
-849
-506
520
-756
-114
448
866
13
476
249
803
-324
-347
-449
-221
-405
906
104
-730
283
-722
37
-851
813
-865
894
-319
-586
-609
-185
543
252
854
-579
-569
133
945
584
-278
-476
812
164
941
150
491
-732
-278
188
692
-421
982
-257
-430
428
591
-555
627
886
823
-822
-76
52
-538
543
360
196
223
-973
-647
65
-659
993
-693
911
-620
534
-288
-107
-179
113
-615
585
115
-196
312
704
882
-314
-929
-795
310
-950
916
-129
-708
986
-904
866
481
838
675
469
240
837
360
423
314
-621
783
29
697
-871
938
-677
151
-566
-59
-737
819
173
-559
-202
673
-456
-278
-653
-853
633
614
212
-178
-944
-813
241
608
-516
-66
-393
-246
900
-40
204
430
-685
-852
-161
379
-620
-491
529
979
-971
-468
-136
918
-591
-942
-204
337
120
-491
572
92
767
405
-35
46
-781
74
-581
306
303
672
-325
101
-551
432
166
667
459
583
-808
204
-848
-859
-272
-953
-470
-787
-988
-594
832
-15
902
284
107
-560
-553
857
43
-830
-585
595
-761
204
-622
641
-528
-156
42
495
-12
-417
-172
318
-342
235
-636
335
-916
147
-41
344
148
703
645
44
958
927
87
-346
-98
708
763
484
-287
569
-123
-602
117
-165
-209
-125
-22
298
-2
-890
929
-539
995
75
6
-963
-261
-752
224
-845
-479
304
727
963
950
534
805
-275
449
82
-698
-937
612
42
-960
-325
562
-645
-584
-370
815
-118
683
420
448
292
-900
458
624
52
-91
-727
359
942
334
-829
274
-473
-693
-793
99
-991
20
-864
-301
-932
350
398
-736
4
358
-923
485
-941
993
-23
524
-445
-816
244
282
-215
540
342
-306
-51
885
-296
75
-253
-676
-513
643
-801
620
-282
574
-535
462
742
-929
-433
472
536
-671
967
-418
252
439
225
-98
-314
356
-138
-79
940
378
526
807
-749
-556
-530
-198
740
-187
-401
-825
-662
916
704
-386
708
18
-967
-650
-656
-785
-885
-321
-325
-942
-147
-441
653
-962
-705
2
-817
1
549
852
-561
-97
-973
423
631
-376
837
-292
527
200
307
350
278
260
-706
737
102
-418
-957
78
560
-71
-976
240
969
440
-346
400
846
803
125
524
-431
7
785
-681
-245
446
115
-77
478
-713
659
-800
-478
410
849
-534
229
373
-332
415
-158
502
548
-709
-448
203
240
-317
-312
-673
366
-793
-101
-666
-572
714
943
-355
148
-223
-839
-409
-134
-149
-158
959
-382
823
271
-621
571
-926
-904
710
347
-2
-64
970
841
-349
-942
-227
413
159
-892
881
-468
-682
441
777
-30
679
-894
-996
-768
-439
6
-738
-70
456
30
-130
849
223
908
431
-484
384
111
818
430
646
-277
856
-986
661
-354
867
-955
845
795
-154
738
-713
624
433
494
-491
815
-822
363
-171
-979
624
-185
150
98
-963
-196
-742
912
-226
-606
-881
768
-576
891
-553
489
-508
0
6
668
991
-350
388
909
-21
-36
642
-958
640
669
423
-724
185
294
526
217
-178
-252
-181
885
381
457
-429
-945
968
264
125
674
416
205
283
460
341
84
578
-725
594
39
301
94
-951
660
-402
-738
-8
-760
718
809
637
934
-215
879
546
-834
-254
117
-342
633
169
562
-19
172
-895
500
228
-100
799
253
-249
-897
-719
-61
849
-805
-770
-899
-42
878
-405
822
-518
429
-254
366
-474
712
-631
-959
172
850
-484
-84
-172
-815
46
-915
-913
-585
-731
375
-215
-102
-565
30
-178
384
629
-892
136
-84
697
-450
48
-482
-338
-688
297
104
204
-951
15
-748
-509
151
-699
-179
-586
711
16
765
403
260
596
-914
852
-534
-905
568
274
-59
306
74
-571
-231
-331
-646
-154
-786
975
902
-918
-399
422
-238
-687
-22
-592
-590
586
455
-523
356
-359
780
-195
514
823
289
-881
-942
528
-265
764
-988
734
621
-896
-286
-472
-942
-101
-133
722
169
-301
875
131
654
-53
599
-437
396
-549
293
101
-690
396
478
-598
-74
-463
433
795
842
434
987
13
909
417
937
-790
-72
-154
657
550
4
386
-959
229
733
-947
240
455
-228
704
-391
144
-680
-366
-403
-774
-281
196
45
-746
442
202
359
-183
-881
-752
733
-440
-546
-456
-74
708
-390
-947
-683
917
-740
-511
-128
-38
-286
634
-38
137
-232
238
-823
-661
-203
352
-6
363
-740
-549
-273
-230
-377
930
-290
-704
661
180
-240
402
153
-330
728
-258
272
-41
-395
456
-487
-892
-807
-651
-890
305
24
927
167
-690
-7
68
460
177
-381
-333
-373
-998
526
352
-833
-251
-718
740
-140
484
-434
779
-663
-455
-295
-265
717
552
266
12
-914
-309
146
-221
-183
-785
-611
-513
226
-670
108
-893
-904
-421
701
-621
-400
952
-332
-184
-584
134
-239
-469
-319
690
-779
956
-380
-205
514
-401
-110
813
880
-662
672
-11
499
80
-323
949
-705
-490
-987
-518
227
769
-626
835
-932
-674
646
-867
-517
-316
717
-999
876
859
890
717
-2
-510
421
-838
-843
662
549
-340
-829
-258
-626
-321
100
718
614
-163
-274
948
-18
-104
2
-56
648
-969
-756
375
190
-237
581
-984
-743
-516
-172
416
955
756
-639
861
-912
764
-762
52
540
946
597
20
781
-61
353
-496
-349
617
417
627
-13
350
-587
80
-396
-600
-309
37
509
-396
927
522
-496
-969
-322
-947
-44
-462
52
110
-921
793
682
672
280
405
-664
-835
419
-778
105
-428
-23
132
-785
875
-304
-640
-850
530
85
-337
-863
262
681
727
-118
-639
45
920
365
-240
-815
7
-545
-147
473
-83
-713
-674
91
884
-556
703
646
-488
771
-680
-961
-956
-577
-840
292
-442
-973
-751
517
-274
-510
-378
-304
-167
-947
-718
-238
-118
-481
569
-585
482
-127
975
220
-421
930
886
-18
-366
-604
-225
-462
-362
5
69
943
854
137
-419
-431
440
641
-300
84
-329
455
236
-602
-862
-530
550
-835
249
234
-683
-861
378
802
-866
-50
-280
-101
-423
466
-311
-569
527
-970
-729
-796
221
-240
512
982
-633
925
538
-781
730
599
949
959
-276
-604
-485
122
-410
9
-757
5
376
656
-310
-580
389
-138
699
-518
-378
333
227
-273
-170
264
-978
670
-553
-973
-467
607
-732
-251
194
111
244
-435
252
461
-695
-702
699
380
50
-819
259
-79
876
479
452
643
-387
872
491
766
-763
212
193
67
-650
-466
17
-958
579
-965
380
433
-743
-110
-991
-125
698
-568
634
-191
-226
-250
906
-489
-998
222
-767
-497
312
-449
-836
-761
-616
482
669
591
-683
491
-402
427
787
-130
656
-416
586
-328
145
661
772
364
817
-337
148
-89
808
-950
-870
501
-59
200
-488
-421
970
746
226
536
417
895
-53
-468
205
161
-851
307
284
-909
739
405
412
804
966
385
565
302
-617
184
893
-602
-359
360
120
-768
951
-922
-30
-706
-419
732
724
-955
509
867
188
851
-83
543
-832
768
-190
851
120
-216
352
228
-687
-121
-26
303
163
-113
-70
-506
321
-38
668
83
150
32
952
931
147
892
-393
-739
-702
507
214
-26
-992
-398
657
153
-484
-14
-150
-133
-349
-823
573
-3
-120
751
228
-221
546
232
-804
-715
924
781
-26
-724
-292
470
-167
-844
-688
-973
-724
488
517
826
459
313
-974
-161
713
-79
-490
574
-728
-296
-13
-37
-815
-8
598
-5
-431
144
-117
-461
544
540
795
-43
533
-643
-960
637
-558
-107
-184
918
-782
725
720
-435
79
-650
442
-749
-384
227
-425
471
861
-492
-42
365
-472
429
980
809
543
286
-209
-666
-781
642
-109
190
44
720
-444
-264
-231
-813
261
-623
787
790
-650
-942
701
-989
51
485
-565
-534
-346
630
-195
492
-418
-261
-730
906
212
811
-137
428
-684
-636
-822
611
321
449
-36
325
-409
-364
-341
871
823
171
187
-501
216
-120
659
910
324
201
652
-520
816
905
-507
-63
811
290
185
221
632
791
777
976
764
-167
-407
-182
-923
-733
217
-112
382
-731
-898
320
646
175
868
878
33
-400
84
-368
-375
790
601
972
-657
-254
-8
-791
-389
-782
-469
241
409
999
-280
-205
-172
-599
-601
460
979
519
-640
346
628
990
-493
304
576
-100
-374
-864
-4
23
-388
216
-549
-707
397
274
-533
475
-847
633
-786
-984
742
-410
-313
703
268
420
-7
-710
-532
134
-600
-796
-92
574
-866
-390
408
706
585
126
-34
-374
26
-150
-772
-328
246
-171
-258
-569
-305
437
-464
-138
258
607
162
37
-770
-99
-825
-619
904
114
-889
-992
348
611
277
918
-717
-179
-212
-420
757
-229
298
-357
-992
70
860
427
195
-724
-491
-712
-873
87
-461
-419
730
504
-202
936
37
-427
-772
809
-244
-144
-881
-295
101
839
594
484
963
705
-905
711
351
192
344
795
888
-27
-148
875
57
515
676
327
43
-157
-378
892
711
-853
-790
348
292
-799
50
394
-740
-110
-613
409
-175
-605
139
-635
638
-259
-841
-459
687
926
-637
197
-581
146
-802
-203
-826
882
-362
-816
359
-780
387
686
202
164
636
920
-374
-116
-678
-505
831
-822
257
-545
-418
-169
-269
-231
171
-366
-110
-376
58
12
-163
-241
-904
892
53
482
468
980
-210
913
960
892
270
906
-113
-65
-435
-976
73
205
-10
-302
-691
568
846
987
-816
228
-853
-415
-756
947
842
-235
-496
746
-832
337
34
-130
442
-391
-701
345
458
873
-945
758
-800
-55
-138
154
553
846
452
-173
798
153
-536
-54
-611
-210
-451
697
666
899
-258
-126
601
-103
653
-948
545
303
304
-76
-988
-176
311
-395
-330
-133
404
103
-288
-412
539
745
166
-166
757
89
-585
-889
-491
-225
282
113
-673
-45
480
-256
-521
456
-402
509
568
609
-217
753
838
586
40
-159
-620
-28
365
-472
-637
-926
902
-903
739
976
-714
720
412
-24
358
-870
-444
431
886
49
-831
-267
115
555
-386
514
965
-4
-893
181
917
582
654
523
268
769
252
-536
-911
926
-327
750
27
21
487
524
-310
-470
-471
-210
-270
542
719
-593
522
-280
-312
493
-136
-612
772
-380
595
400
-196
510
-293
692
483
-347
-157
-206
-657
-160
-917
-769
614
125
352
-332
191
718
-248
200
48
-737
-526
26
-995
-681
15
306
-304
543
-12
-909
718
39
-742
50
491
-699
-82
-553
-616
694
37
613
784
-350
-383
352
592
420
335
829
-609
-845
958
-473
-985
-909
520
715
30
-452
30
868
548
660
463
-62
370
-820
-658
254
-813
369
38
-637
854
834
-246
210
-47
30
712
638
352
-410
105
-5
-532
-252
162
990
-683
-957
583
-428
391
844
-903
538
-942
969
-669
-317
52
-123
-163
-935
-994
480
-413
-912
-719
-611
592
581
-154
285
876
24
524
-847
-964
885
-27
-889
627
948
-910
25
413
-388
-509
742
-276
-18
617
-839
999
-893
-794
171
583
824
384
-348
-807
-717
-410
758
-930
-190
-993
-481
458
723
156
-378
367
938
755
-900
375
-583
-781
176
469
-610
100
158
-818
163
-481
771
-799
951
699
468
-173
565
744
17
-812
-379
423
823
476
-921
-231
805
105
-936
-959
-231
808
-438
-242
-822
787
319
444
156
481
-877
473
95
142
87
437
938
-819
-502
184
-467
879
-885
-282
595
823
828
-210
-579
308
-157
-337
-694
-824
-921
226
683
-879
484
314
629
-255
-787
-733
-169
385
-490
774
-582
-86
-310
595
473
-265
-988
388
-70
-427
-460
279
906
659
-90
285
383
879
387
-38
302
-169
588
-260
-552
-219
551
-697
-515
-206
-142
630
-215
-923
336
167
-970
-281
-246
568
580
-515
637
941
921
-462
-990
646
-953
-512
883
280
367
411
-454
-116
-118
870
-547
612
662
237
518
-914
804
-466
-809
-893
-660
-494
-636
853
-593
-215
238
-313
606
608
-785
652
652
-982
217
-990
-532
-695
446
-628
975
-883
726
-817
99
-513
-652
-179
-636
118
388
-434
944
-794
30
485
-321
-571
-918
84
-518
-606
762
-828
-298
-603
-55
-312
519
-446
232
906
-652
-304
570
-588
337
611
332
-850
386
-373
195
-496
495
615
-874
336
-703
449
-381
-66
-583
-171
-469
602
-179
-0
-365
-441
791
-644
-283
895
-621
316
733
74
-763
-936
970
791
218
229
-992
147
-431
152
-772
-757
-392
-100
-159
794
771
507
325
244
146
830
-847
-273
-121
-697
-824
991
-879
694
-618
313
-923
131
-822
-144
-552
-458
305
679
-860
-24
-183
-605
458
-805
-140
-466
-290
-16
677
433
-840
981
-327
275
-389
-576
666
338
-833
553
613
741
321
-368
622
931
396
311
925
-615
-238
942
-725
734
-776
-884
363
-293
-735
386
-166
-524
934
-286
774
878
-445
974
454
729
699
972
591
-98
-631
-36
-858
361
747
-4
253
239
704
220
625
740
268
-739
-683
-538
378
464
-486
-28
-529
459
268
184
615
-834
58
-917
-991
-186
197
-341
-650
-811
-335
425
577
-998
-287
169
290
495
-281
27
420
-299
-641
545
798
-131
-901
-701
-146
675
585
-688
-551
576
596
105
-169
-987
397
454
-241
-32
199
972
-784
-778
195
-597
-651
931
-129
-616
-145
462
488
-90
-558
-224
-560
-102
-548
418
700
-842
541
-302
513
321
-226
202
52
796
119
720
216
729
-407
-860
-867
162
-179
-430
440
351
-535
-85
-902
902
901
405
-148
-586
-986
-15
852
261
699
427
795
509
36
622
-475
-312
-850
-846
556
907
582
395
-156
-169
-51
-346
-727
-882
802
-54
-733
-6
-140
286
-988
-590
172
-356
-345
-536
-474
595
442
-317
-686
875
794
58
86
-630
-242
997
-557
-95
583
651
-217
-610
428
905
-4
237
-13
-85
992
-878
-288
-353
-932
452
-783
-924
405
-661
167
-651
50
-673
536
-515
-826
-467
972
311
621
-772
-570
-758
-935
-161
337
977
-53
802
-409
-470
-414
-701
-110
-643
480
-841
815
-27
18
557
-353
-446
-538
348
-270
-535
-108
-775
-601
654
537
-485
446
807
-404
-523
604
869
922
-89
388
-932
-213
-66
-829
600
-568
-423
-653
831
299
-520
-28
397
310
-198
-815
546
190
-899
686
738
-289
973
448
-352
-864
355
317
899
-591
-678
-228
-139
-542
-791
890
538
747
825
-317
646
106
777
754
-404
-126
456
11
-125
-338
-837
502
-111
-888
-796
-819
90
-444
-349
248
-599
540
-80
708
-809
-826
-979
-22
929
731
-819
520
-828
-129
-218
-635
-103
-577
78
-741
-684
-886
896
105
-523
-903
739
252
-739
97
-462
127
-259
100
-342
577
-762
-41
75
-188
-335
941
-867
-346
-630
268
527
-9
-452
476
655
-172
-220
780
-711
-246
-412
-178
436
943
-320
510
-959
338
332
557
219
109
-646
-438
-210
108
575
-958
515
429
-113
-386
162
835
-890
187
-825
-900
538
-180
375
-426
927
-666
638
-629
387
-527
92
749
106
-444
936
-754
-36
-278
576
-66
-90
650
181
-184
999
822
74
779
211
816
-920
974
-857
720
310
-289
871
-832
570
-973
728
-366
719
-686
720
430
777
-949
10
420
808
424
-352
-84
273
-196
204
155
59
206
48
-421
-393
811
-744
427
644
583
-108
-975
76
734
86
556
-434
277
399
659
125
548
-406
-773
179
-751
-728
-20
250
-437
-347
185
756
-616
-217
-300
98
563
-879
-908
-397
697
-90
-281
175
-28
713
-656
-732
977
899
-644
-181
-855
896
-471
-126
-770
-238
908
-123
-288
-854
-657
-568
-888
-615
-817
-445
561
139
339
-200
834
865
-556
-383
-824
-492
176
820
-231
-301
-936
-425
-440
-529
-183
240
-224
-464
94
328
789
105
-232
-382
713
-865
782
499
207
1
815
112
-699
-172
-128
769
-673
235
-151
-721
-5
-219
-229
361
-451
179
-307
10
-571
505
34
322
-500
-613
879
-220
-625
-23
862
-642
450
284
-816
116
476
144
895
-570
-727
751
-221
194
-763
-52
-305
-290
-220
513
-868
-481
-603
-559
443
-598
664
-481
-672
-84
-245
-412
535
658
-629
497
504
-898
-955
-310
290
272
-961
544
781
421
-468
280
888
112
813
-72
-939
777
780
-644
699
-729
22
294
-253
-533
252
-77
456
-363
-150
-939
-757
-983
-860
-960
248
-220
314
-777
-933
640
-827
31
611
-905
181
-203
-617
-828
-518
38
-829
740
-829
-62
531
652
-476
994
-429
202
800
-253
-296
247
-221
-637
600
-897
-247
543
-717
-490
-879
634
88
-623
-945
-657
309
-113
894
636
480
-275
-548
-859
-15
-812
-185
-907
338
513
-111
581
780
-7
-149
873
-881
-709
967
-696
917
581
10
-728
-723
983
-765
-960
-963
-275
315
-742
-649
627
-372
-303
887
744
-724
-597
-67
635
849
-433
618
-925
209
-131
823
178
-785
836
365
273
758
890
-154
-713
824
-817
206
728
-114
-977
-321
-484
-637
482
-605
-445
-977
-892
212
-136
-103
-182
751
77
-122
-506
211
902
15
-555
492
40
687
954
890
991
747
303
437
68
-788
-3
269
-551
-995
-608
-459
-309
-933
102
57
168
620
7
-557
-968
-1
48
582
-258
-58
-416
219
-369
693
327
917
-907
-672
298
341
-278
591
-965
277
-102
-795
-206
596
-519
750
-41
46
261
215
651
-827
-251
607
-943
-145
-573
915
306
410
-154
376
-532
847
-845
706
-971
-426
655
791
270
-347
580
974
-126
64
897
531
567
279
145
-908
-870
-43
-72
-827
475
538
-789
294
-601
900
503
631
514
834
248
-832
781
-700
62
-548
-54
-944
950
111
302
753
-146
-932
0
-25
-861
-71
-85
848
-300
-36
-834
550
-923
40
-24
735
531
-535
785
131
-770
994
-327
2
-943
685
-722
-266
-248
-223
453
147
329
867
-595
-466
-553
220
654
859
-964
-79
-132
-684
4
357
-570
793
539
719
11
-499
997
797
645
-305
553
999
-729
419
-296
-543
-633
-470
349
658
78
-629
-228
-431
-434
-186
-472
-26
573
-639
-925
88
872
82
452
286
249
-958
-341
54
-829
115
130
854
-642
925
-29
-478
275
826
-5
610
-27
436
-13
496
787
495
-809
325
547
19
-967
181
115
-674
120
79
556
-220
-711
-115
-32
768
663
644
695
-843
218
-608
385
805
-918
-357
753
-395
646
962
472
871
-527
-403
884
-588
623
-435
831
218
477
-576
857
46
834
534
-443
-499
626
545
852
-316
-35
188
-695
-616
-686
755
517
399
515
714
-44
281
819
-884
665
500
655
-918
799
-875
-80
380
-137
4
66
-314
284
-484
127
-776
920
-196
-316
277
-1
952
488
-382
-817
-333
-106
-697
595
846
901
866
250
748
-529
-34
530
-964
376
-699
-85
780
680
-286
-10
350
107
-436
-983
-276
913
42
-2
-518
-57
-923
250
-390
884
-558
-512
861
-828
-977
185
675
-916
246
428
-0
-983
-332
330
516
-750
-812
38
-234
-322
30
-816
-958
-775
707
-969
-393
983
-538
-799
-232
184
-164
422
440
-961
956
-880
566
-471
563
334
-97
-34
-983
745
-735
-965
503
-1
-836
470
796
59
357
988
323
230
992
-759
-450
247
-785
141
304
935
809
-285
-459
-320
-227
442
335
674
-640
358
937
-333
170
362
-969
967
-407
736
-949
-388
-69
431
-206
-787
-539
-641
-455
-551
-801
804
916
901
376
-542
-46
206
-112
-575
96
869
-860
816
-189
-645
634
112
573
225
4
979
402
-870
-527
-537
160
-611
269
-39
-147
-800
135
35
278
362
733
685
-878
-354
-352
381
650
588
124
-729
665
109
794
212
757
707
915
978
-947
904
224
-868
-334
-498
84
785
461
253
-39
-32
-40
-639
-131
-806
949
433
-51
105
-758
547
183
296
-227
-604
-15
-767
-727
-68
375
-992
-288
-554
727
-77
-615
32
-957
-147
-229
155
-92
357
32
-382
-651
-436
153
982
354
70
-388
767
-782
-234
19
960
16
-635
-94
808
-97
-388
291
482
-782
614
358
868
0
856
196
-835
486
614
840
678
-723
-539
789
659
278
94
-358
481
-769
-730
-506
-530
388
-276
271
-870
725
-360
783
-86
644
51
847
713
-870
-934
-361
424
961
682
359
930
313
598
-309
-159
-922
659
-742
738
169
44
488
-336
521
385
274
-316
-957
-684
-303
923
-405
-347
-660
-464
109
-415
-977
751
121
-82
-156
-983
665
-732
863
-898
294
-120
34
-135
-446
444
654
-626
-36
-875
107
657
230
444
-101
65
-291
-702
-123
-820
-740
-344
-812
875
679
744
-313
262
495
-340
-753
-344
943
-370
-235
635
-159
75
302
524
404
-823
-23
-964
496
819
-710
645
561
-72
-910
-124
-39
393
205
379
539
383
640
-136
-652
-737
470
720
750
828
851
730
208
-289
-745
-727
-871
902
811
-0
346
-530
-121
848
394
-884
-685
-840
441
-10
-150
-527
201
237
821
-179
-328
-984
311
24
-861
303
-226
-791
977
559
-892
-852
-868
809
-328
857
-50
809
26
771
94
-138
921
692
84
729
-42
773
672
952
274
360
-354
390
354
973
587
473
393
-463
-473
157
-126
129
-216
502
594
519
-735
-34
422
-242
470
-222
-937
-397
229
-277
-837
-506
-840
249
-575
-87
30
753
480
-166
415
519
777
-114
-823
714
501
67
934
-480
-436
-820
-41
-271
273
-472
-177
392
612
-960
-953
-448
600
-500
-183
395
899
-438
493
-462
-146
-806
982
277
408
29
969
-168
345
-807
0
853
-474
192
353
-86
644
-175
-795
220
-746
917
-728
-988
-105
-306
-54
-709
-803
848
-259
-359
532
-530
-43
883
-352
209
590
-858
-697
505
676
631
467
339
-767
-982
585
330
-614
-769
-719
-399
880
-61
-774
-680
485
281
791
31
670
561
-877
587
810
-811
39
894
-172
-496
-227
-748
840
17
353
246
-766
-983
403
488
631
94
565
590
-297
-35
-967
588
-516
-143
359
-597
-900
473
854
869
-964
-509
657
619
890
-182
790
369
-80
880
253
-269
761
810
-56
-806
995
-254
118
958
529
571
263
330
-805
487
-40
-564
850
770
-54
-279
-947
54
-759
778
153
-312
-642
463
-853
505
-58
48
-796
167
450
-604
-684
-814
670
436
-942
-295
742
-31
-61
-194
311
381
-764
662
51
-611
-924
-882
-370
-122
66
-249
528
109
874
62
-897
-996
47
-227
-276
537
967
499
-738
3
-742
318
237
-213
730
-648
-422
-640
655
-272
57
-484
-229
714
-956
-125
-970
970
-870
-671
162
931
-668
757
790
-608
-839
575
76
388
359
-83
660
-241
940
834
935
-38
40
-280
177
-733
-980
789
-303
-441
395
-696
-282
-290
553
677
242
-444
863
-817
964
113
-211
705
784
-529
375
-938
-514
-231
-705
-907
-976
581
132
-584
-301
-394
952
-27
-950
-619
-133
982
-490
-66
-474
-494
29
-641
178
-611
-628
-992
808
21
-927
83
254
-59
-983
-940
-802
-259
215
698
830
-873
18
-743
-236
-585
-460
279
-790
-460
167
582
-539
153
445
148
-864
438
238
709
-649
-693
18
177
-662
-581
-741
-798
708
387
507
-782
908
606
-106
-324
-313
-569
341
-492
735
-832
-941
462
639
-156
-737
-870
-862
-144
-496
-76
838
-846
-392
-183
-116
-660
-702
60
972
-840
506
706
-243
689
671
-902
-410
40
790
-986
-295
-317
-769
-691
945
154
297
523
415
633
-977
-947
987
-246
-915
684
231
559
730
797
-485
830
-515
676
918
-368
-196
-988
7
-312
171
-484
350
-106
998
108
558
970
997
-356
-307
-163
-96
390
738
377
52
663
608
187
-24
-442
939
7
-763
-851
144
-278
518
695
-75
869
-637
234
-5
556
421
-315
114
648
-390
948
867
-126
-950
346
-245
-505
452
480
-865
-191
-386
-999
181
-378
499
-458
-608
-456
-406
936
721
886
-885
-983
754
389
32
-993
35
138
-753
-957
533
919
919
-296
2
166
-253
990
-27
-852
119
-626
-920
745
360
34
-116
-538
-513
381
-368
-755
401
-629
476
192
-30
-453
934
-975
-902
-893
666
758
265
-47
39
255
251
-924
-69
-26
-287
401
31
-221
-737
7
897
-935
609
-147
489
792
342
-820
186
-862
-31
-399
991
699
-734
-484
528
145
-458
-138
399
393
352
-505
764
715
-335
-209
-735
759
319
-805
-367
337
-948
-477
-111
793
-788
-705
371
700
-887
-89
-522
-797
444
40
257
693
-558
257
745
836
701
437
665
-483
399
528
773
-114
631
-733
236
-798
-301
-167
-106
283
-248
232
210
-467
639
-882
376
-983
-206
-600
-199
-941
806
250
816
424
-605
-979
-75
-776
-145
831
710
-880
-587
712
-584
638
466
-655
421
-348
-439
-194
125
580
333
143
930
-312
-208
303
30
535
-181
779
621
-333
806
-926
201
-553
-622
-930
424
70
619
777
667
497
854
-507
-756
239
719
-846
23
159
-800
199
36
-209
-995
-656
-2
-216
-134
-35
916
-158
-791
260
-756
164
-213
-133
-985
256
32
347
-122
-594
-343
499
-607
-598
14
269
983
679
-149
798
-507
-818
23
-278
-785
-753
-558
-739
-614
620
-253
-751
-675
784
595
310
693
995
-350
-213
-202
-968
923
631
-102
518
-493
943
-52
-992
-14
102
-486
-775
-75
29
-658
-390
761
472
625
218
-612
286
-241
15
-636
-666
567
663
133
272
394
725
-684
-371
540
-779
103
-520
-399
-655
-5
861
114
-567
-921
-742
-502
823
-17
199
-135
61
99
286
-469
885
-614
-751
623
-679
-510
212
594
-254
581
-521
-135
307
868
-84
-887
-867
716
-934
290
-236
740
-165
-836
649
577
487
809
-299
-92
718
705
-186
556
112
-438
647
502
568
935
-460
92
-577
446
-930
611
574
-938
89
585
341
-255
906
-856
447
44
656
-559
742
-461
-896
25
741
-935
810
384
895
843
100
-980
842
-160
-865
-83
-725
-633
321
795
326
596
-602
991
324
3
-885
-677
-712
-578
-556
537
262
958
-533
-349
-188
-347
278
-345
-524
-732
36
-840
-598
677
-784
-140
-89
333
908
833
-979
592
870
-917
-637
-507
410
773
-470
514
-18
-4
-809
-82
-723
-166
448
665
399
769
-583
-414
328
-1
-991
-405
-874
468
451
752
-818
-582
-381
-936
181
-522
334
-109
124
813
-329
476
-685
-238
-199
15
-262
-283
-196
128
-629
493
939
978
-64
883
-714
301
-8
888
-235
-225
-853
196
-433
-779
327
378
-227
-34
851
-389
-628
669
-287
-549
165
-723
339
419
596
-187
-823
-894
625
-45
-845
-746
-830
-167
-677
-991
546
-564
-337
10
-534
-562
-114
-111
737
-920
944
-760
-786
-243
-347
-10
-4
-132
911
627
-692
507
-350
250
-127
21
540
549
-413
143
82
-359
-80
780
985
-141
-301
-836
618
-738
-608
-873
-893
827
-919
772
828
440
974
252
-332
989
393
-636
911
-461
-837
-19
110
-742
169
735
-997
-258
100
634
607
417
448
-715
131
-230
-864
52
-449
707
-660
-968
-323
-332
-440
-560
-590
-751
735
-102
-995
187
286
-889
-385
-706
-744
406
-252
-546
57
-91
-436
37
660
389
-528
-219
168
-902
410
-951
282
925
448
578
-930
-504
-863
241
737
179
-559
80
212
634
942
-128
-999
-462
-228
305
61
228
56
447
-156
-411
-730
147
825
916
-71
-695
801
-870
-549
-892
690
534
-294
243
312
517
497
-688
798
-793
352
644
-997
887
-394
-508
251
534
-376
347
-136
-83
-882
660
80
-254
646
-290
-764
-246
-308
-595
797
809
-612
-214
-373
-734
-772
-640
905
989
144
-251
-160
-67
253
-731
497
928
-401
209
495
-734
-43
472
620
203
92
-672
305
424
-107
-312
400
65
438
927
570
553
-35
-617
-838
419
628
238
536
843
-169
-599
748
-722
-290
472
663
-530
402
-706
321
-226
-274
234
478
-157
-584
-921
124
-871
-997
-979
720
712
10
418
600
632
460
-36
-295
937
-653
-564
-854
-896
482
-512
89
-28
347
-134
-442
-174
984
840
-108
-159
988
539
862
-45
14
898
486
-555
-724
485
-808
420
573
72
741
443
658
923
121
864
-231
591
-392
-255
-189
986
-103
-790
-722
-358
-798
897
-487
977
494
95
-660
-794
186
873
-493
76
-322
-273
-434
213
136
41
-635
935
-565
206
-421
630
-106
686
716
548
-982
435
-156
-0
111
971
-413
-228
641
-555
491
-374
-42
550
175
-148
-272
-277
584
-425
-672
-794
-655
767
-160
710
212
602
-497
716
250
-534
153
655
-793
137
-828
254
-657
483
-48
173
630
-219
-927
-504
856
404
-553
-451
-843
164
575
859
144
753
889
-157
-54
-999
15
864
893
-233
-680
-145
976
547
433
-487
-102
122
872
-510
-359
-260
12
598
-393
704
-220
948
-863
-804
-255
578
-237
700
-331
35
72
-416
-772
-694
-551
-942
951
24
-91
-815
-121
407
-445
-819
-669
818
502
-178
-954
144
-622
-980
330
-740
834
-471
-653
-17
-985
-227
-42
-748
-985
-524
502
-148
107
-49
-133
562
-50
626
911
154
-831
255
484
-771
633
-112
-963
611
388
212
154
-193
808
260
167
-320
-852
-225
-282
-157
-643
-402
-529
-381
378
496
369
89
-565
601
467
84
201
-8
657
-751
787
-258
-223
939
586
-486
-828
-836
276
479
-64
767
-224
-101
942
533
711
750
783
-536
828
28
-949
-403
-7
672
797
688
568
606
995
-943
-634
640
-735
-491
902
221
737
-780
858
167
-245
-28
997
-27
477
698
664
881
571
316
893
-677
865
-726
263
730
748
25
-96
738
22
-684
-832
-791
939
-229
348
-166
717
288
785
-192
480
-631
-269
149
511
-682
-751
-98
284
-578
587
845
636
-636
855
-659
-45
911
-12
309
-598
570
521
96
-349
-438
-771
-592
-121
533
-408
664
-834
-823
-340
426
828
-344
370
508
818
-359
-934
701
-883
737
778
448
681
163
107
664
-939
990
152
-732
796
560
746
491
-847
-272
-981
942
695
-37
47
442
-414
647
-282
537
-174
162
711
901
881
888
597
877
288
447
-968
-674
674
300
-405
-35
288
-852
202
262
279
298
-685
-873
794
661
561
-848
-360
-544
-338
49
-481
330
6
119
-447
-866
-296
-810
411
204
158
912
553
-988
739
-518
938
256
-144
-286
496
429
243
-235
-63
683
196
-444
-755
640
-470
419
710
-58
-402
-151
-201
42
-819
-803
421
-456
-785
718
685
738
-573
-917
832
-842
-23
836
573
373
-860
-979
14
-602
40
43
-383
233
-939
591
829
62
779
-429
481
450
330
-327
-569
847
-306
686
-24
997
-70
438
375
105
-103
-211
41
278
443
-420
240
-621
-510
-588
-579
-201
526
254
844
760
-597
531
985
714
-768
-440
105
906
-72
-853
432
6
398
916
323
-189
351
263
-882
-764
815
-362
321
240
-467
-750
852
-914
368
492
858
315
105
898
259
694
-923
-699
30
990
-88
101
848
-190
-197
963
-419
-968
-209
-217
233
599
-320
-752
941
-200
835
970
-20
956
-899
976
-551
196
163
933
-676
256
-183
-347
-103
-507
904
-679
694
-493
259
913
118
923
874
-381
93
-899
-997
-106
498
96
-794
-31
-114
-83
698
-536
-809
-449
-20
585
171
-742
-436
-974
-813
41
-549
97
950
389
-880
-817
-737
-724
-449
223
498
-141
-166
-573
-889
939
-687
-454
-568
990
-121
-489
-73
-968
579
847
-509
-716
-456
-6
-255
-136
-334
284
-785
703
-433
-118
-462
-733
630
471
-921
-166
-180
426
-822
730
-504
-764
993
-549
-364
-286
-105
220
-952
226
-582
306
269
550
647
952
999
-497
-536
-124
65
79
781
610
-343
-662
-581
-40
53
646
575
555
-667
271
-451
-807
-157
-744
539
728
191
512
-711
-327
847
-816
276
701
777
850
720
-801
-896
-872
-900
22
344
568
-791
-172
-221
-413
-712
144
439
422
652
92
121
-688
918
464
596
21
281
379
534
704
-259
-440
843
913
-437
-747
322
-931
497
-854
-133
-186
-773
-620
-61
906
525
-722
912
-567
993
-612
-102
-556
643
397
-990
894
-500
-423
191
234
-731
-788
296
-697
-22
-605
-556
427
627
-328
760
86
90
175
895
350
-70
-622
-846
-8
-980
-696
-830
88
300
-780
344
-674
79
-67
610
-953
260
-752
-246
326
-430
114
497
70
-972
211
-420
-102
86
-826
-291
-81
706
-9
298
-530
709
-340
-200
4
317
-192
-452
590
815
-939
-548
9
-558
-911
-353
936
438
-269
743
-514
193
-151
-352
888
-509
-626
-199
-16
-654
-965
720
422
234
501
-21
-742
-74
915
-986
-947
-982
-257
561
-643
-904
928
-214
488
98
-130
-357
37
118
211
-108
304
435
328
-891
917
-933
-773
-899
300
-250
468
654
-392
810
-581
817
-712
151
953
365
191
419
-149
577
668
-583
-139
346
66
-190
-426
-885
612
-532
-783
-140
899
290
582
-554
751
-92
79
-126
-947
-145
-676
216
-771
557
-349
-881
961
1
743
-146
396
736
-381
326
-531
53
-206
847
-722
235
454
-24
-992
-310
-284
-933
47
-509
-884
-108
-658
974
-136
897
929
-634
-953
150
-740
736
-270
-58
-691
-450
-754
-694
72
-333
193
771
67
-858
768
670
-173
-886
780
113
863
398
-473
733
-112
-458
-649
-780
-987
-89
-350
968
223
-967
150
475
347
-982
670
-719
134
-792
-759
204
-562
557
757
-436
732
-336
-540
600
-740
-61
3
897
-309
273
613
-518
-122
-791
306
564
336
625
-63
-116
513
-566
-661
-653
856
-743
107
348
42
166
72
90
-983
-636
-294
-554
-634
323
-288
-619
-959
966
-680
-352
159
-422
601
-991
581
-334
-84
386
714
367
741
-499
52
-471
837
807
-342
931
447
879
253
-959
-806
-409
758
-875
818
-904
896
-955
198
-433
49
187
-286
-580
984
-230
588
663
-119
549
-968
159
-828
-950
-934
271
748
-831
-877
927
302
-4
500
-588
-909
-908
-943
-742
886
-502
429
-155
-585
-564
749
324
0
645
699
823
-75
837
151
493
-977
-562
-474
-583
-56
873
-343
-209
229
548
-440
888
-103
-237
-10
348
-430
393
-627
-667
-828
841
90
868
608
-600
788
267
919
-202
-939
916
812
978
341
-827
538
694
422
653
682
-783
798
67
-259
646
-524
920
-575
128
-247
-439
-328
-471
399
-486
433
904
24
949
297
-834
862
-157
708
-59
-298
-446
-983
-81
393
-167
-541
410
-747
201
660
-865
846
-664
-365
863
573
-641
-578
994
642
149
-586
453
272
-730
394
-158
322
796
-898
54
320
-84
-771
-221
241
949
-634
512
-408
542
-542
748
-524
-256
907
598
-358
477
-762
895
-124
534
-598
-17
-993
865
-261
751
-861
-263
-670
347
897
-510
578
-718
601
814
650
261
743
-530
-92
493
993
-722
-971
396
-950
-231
-663
-232
201
-815
229
-199
555
-329
363
-954
-932
-372
-802
475
378
-282
7
305
-912
763
253
466
-692
-160
-323
764
-495
-862
-609
-50
-43
29
198
-610
511
956
688
925
570
-787
552
500
-393
344
699
-342
79
144
763
-92
-832
-743
823
-252
105
287
-295
-56
-502
395
148
-296
-813
209
-899
907
54
251
-670
-271
-246
785
49
582
946
-753
-419
-26
841
-513
593
823
-70
-525
281
-219
-58
-422
-550
-659
-686
943
-813
689
-908
99
974
502
-349
-488
176
511
416
-342
-993
463
-118
-784
727
-291
-380
841
-665
103
-723
350
-4
485
498
739
534
523
960
-936
-485
-26
-970
573
-563
-2
-972
537
-565
-101
-555
907
394
445
441
393
-961
793
343
-919
-746
897
626
-751
162
959
-44
-510
-0
-792
689
-368
661
286
583
-911
479
753
-596
648
709
-179
177
-192
-996
-619
-874
-41
-205
-539
-533
470
964
469
80
-22
77
894
-242
-784
775
-628
-446
-536
349
-440
230
598
486
-458
-888
59
-385
924
-392
-570
-815
-168
220
913
-131
-155
967
908
172
-723
199
730
-88
564
714
351
-685
-142
-575
-826
-760
68
-86
-533
696
-374
-391
184
-110
-663
-235
57
885
529
255
-519
-688
-448
-268
88
590
212
919
-813
497
-558
-843
-357
816
-893
594
143
-704
113
573
289
-17
497
-249
670
-492
832
-549
768
-428
140
778
-658
227
807
325
-668
949
-983
-180
-297
938
360
-23
556
494
-826
-685
459
608
-65
66
-628
-602
566
320
-807
-49
-98
0
-875
56
471
538
653
-901
432
-155
335
-727
893
-821
10
220
-294
116
-66
223
-265
821
-612
341
-394
-808
606
-335
-287
-200
-378
758
992
-194
-398
-596
883
-934
-844
-244
-123
-320
292
-581
-164
229
553
-567
-214
604
531
980
-674
614
-541
-108
-264
-98
-437
488
813
-848
-56
-616
529
235
477
-179
481
669
652
-742
-558
825
-873
-301
-382
-109
-917
-61
-2
-211
-863
630
-536
422
-781
457
357
39
299
973
193
823
512
910
-532
346
-864
-795
980
-940
734
-157
383
-378
240
419
137
544
479
-869
280
-111
544
-544
-476
-342
586
-6
47
-708
-439
-73
-370
-282
776
214
-719
-552
-584
-844
932
-271
38
-192
-365
725
-27
-85
768
-952
-871
-952
195
557
952
841
-941
107
-94
417
551
-968
293
-32
124
-309
-854
289
117
-830
601
658
487
-225
768
-97
490
-601
822
-197
-322
-646
-472
-579
134
363
-784
981
490
-909
202
-281
423
827
-572
-895
-235
424
-829
0
116
51
88
875
591
540
-142
189
-760
-514
745
227
655
391
6
800
107
726
-587
478
90
-676
544
-150
587
-637
427
-17
220
919
-504
-53
274
512
85
744
-361
761
-991
562
-928
-262
-768
438
-392
-918
-428
212
455
-267
419
420
785
38
-445
58
152
81
304
260
-580
944
-854
-414
585
554
693
-137
860
-958
-128
-382
689
553
334
-41
697
-274
846
-565
722
-140
-797
-598
-157
-314
-277
-918
-512
311
-342
113
-41
294
428
-376
330
-918
-146
-785
-128
940
-501
75
-35
-564
-442
-768
-770
76
-922
701
320
732
-191
473
-674
-77
-977
540
243
-741
-487
-521
-923
-807
-753
-802
-831
244
756
46
836
957
-627
529
307
908
131
51
83
-252
-719
614
940
277
-633
479
798
-986
-639
-0
-137
92
-393
-322
-705
17
-980
679
194
-970
-983
0
590
-910
-853
879
874
258
818
448
507
-300
-801
761
-639
175
884
-107
-514
-408
-632
-358
-259
-127
549
-954
-745
-897
-290
893
93
256
-948
156
733
-829
-205
-225
-508
246
-631
466
-159
-274
725
-82
940
-500
-702
-350
-925
153
71
-299
-82
-989
450
-442
523
-762
237
771
-183
418
-983
24
4
-743
-908
7
940
-57
156
-351
-568
631
-957
687
729
-729
577
974
932
-658
112
-183
366
442
92
-905
258
-818
-291
-60
962
-85
-895
121
-481
372
-501
-997
-148
93
936
-252
-886
113
-927
902
315
-781
103
390
738
529
-669
-810
-21
409
-253
855
-84
669
494
605
262
-723
-993
-301
579
674
-412
418
739
-742
842
-483
-918
290
427
-277
986
407
466
-414
-891
-646
924
-89
245
7
-781
365
-995
-815
-256
465
445
926
933
308
-781
-833
-372
721
-754
408
-571
587
-133
-46
199
336
735
907
954
-198
-523
793
-953
216
594
948
-749
-789
642
-624
698
486
-574
-806
-962
264
-387
-84
275
753
924
740
588
908
68
-73
-197
-903
305
653
-66
-808
-679
499
192
176
-305
-494
149
124
-287
-335
-109
-609
-301
738
-883
-525
439
517
628
-452
314
-827
700
33
149
-177
959
-376
752
980
-661
-198
882
-435
464
-444
-537
594
222
-282
699
-333
-949
271
176
688
-109
-641
305
-501
668
-900
-568
-148
825
866
-241
536
614
-243
411
980
170
863
-50
949
662
629
48
-373
-559
751
144
-694
-798
-900
-572
81
206
274
-661
679
-425
-905
-437
52
-223
-500
-794
-477
835
-154
-610
-854
-180
-424
352
-868
-764
-955
756
-902
514
-50
301
-253
-257
-897
-642
35
232
-719
-267
-417
713
-938
84
505
-595
-611
-435
386
623
-911
-738
-144
757
258
-451
-409
-401
-338
-539
-436
-750
-384
-264
581
-757
858
-790
170
866
-277
104
-186
-385
-343
71
763
531
-63
-621
-36
489
930
896
532
-528
-785
-847
842
200
-860
669
149
123
348
-858
827
-278
-979
-857
642
-672
-723
750
-455
455
-926
-292
-676
-640
-512
-409
198
801
-567
393
-749
-988
289
-93
-393
-764
-24
-98
824
-430
-237
-380
-231
317
-545
359
-127
-470
-438
-865
464
502
390
893
-339
254
-515
-716
-521
-249
-95
-64
-308
-343
-801
929
-542
458
383
850
-27
-356
443
992
-810
734
-202
-832
36
-608
-88
-455
672
266
-617
-482
925
538
615
37
-124
34
-274
-188
747
-500
-685
-522
-869
-116
-609
482
141
254
-255
885
119
57
491
-55
393
-777
512
-491
440
-572
-910
-935
131
512
-185
469
22
-49
475
-103
364
2
-532
962
100
-725
292
767
201
-513
-29
394
212
916
-252
259
-604
845
-754
-812
-45
-570
-549
-113
968
-489
961
753
679
213
393
899
-86
837
903
-399
538
-638
-658
190
-81
977
266
568
-104
228
-957
847
224
-236
686
-780
-957
16
-225
-594
-589
701
-6
-153
754
312
214
107
197
-622
683
-812
525
-607
387
410
-125
537
733
946
-128
199
770
-485
-354
-555
-862
-29
548
-843
-191
617
-716
-504
-548
937
-412
-723
-147
-854
668
891
129
974
-910
-317
70
-121
-792
-588
427
-722
718
-375
-6
71
343
-908
588
853
-700
951
809
614
50
647
-432
-669
166
-719
330
198
-106
-849
-342
544
577
-517
-271
341
686
-503
357
620
273
48
834
-980
705
338
-235
442
-81
552
795
26
881
-951
406
113
-614
634
-760
741
-795
865
314
-547
-618
-101
344
-246
-9
-815
-472
446
-146
240
-46
724
765
-575
248
828
-574
-632
-408
496
-780
536
297
691
414
702
617
-5
719
814
-56
185
923
-253
400
453
766
784
324
-858
111
255
-338
111
-194
-376
920
936
83
527
-292
15
-675
473
-628
442
-892
-820
311
992
-208
-459
634
-676
-585
-553
-888
287
721
915
444
-440
-407
270
-895
575
983
936
-782
687
-168
949
-162
-324
-349
-936
948
-481
-341
426
-718
692
388
670
593
-890
951
-874
-427
-52
-437
273
-68
-445
210
350
-226
981
375
137
-361
-434
218
-129
-858
478
-873
385
858
55
-702
-996
-152
-895
-980
848
411
-358
295
978
373
-801
-560
-541
-17
-838
58
352
163
-89
-631
189
277
-375
740
-78
514
712
66
-844
-906
507
868
-526
458
-878
257
-835
-968
459
-619
-173
769
-559
-843
-271
437
65
-341
40
911
592
-691
-407
693
-719
755
798
-482
713
-465
-779
-819
-912
140
-312
576
-572
-388
-630
197
746
945
-181
255
-810
935
327
138
266
897
682
187
-92
-937
8
-423
-143
652
-500
-923
979
604
-316
899
373
-513
-621
366
979
787
-790
446
282
-610
-357
-149
-447
996
848
-345
43
981
262
-729
4
-933
430
-80
830
551
-279
876
-454
489
119
-228
397
-178
909
-605
-775
412
-269
622
-886
-639
-226
-891
740
687
566
-726
-477
327
-164
4
822
-849
612
895
-348
663
-401
-960
286
-705
915
872
687
-834
483
495
-958
452
167
-420
-233
-442
-341
480
-402
-536
-968
-765
-607
-211
790
-99
402
671
899
789
879
471
338
200
137
-761
-144
-466
477
-545
-736
-720
-547
60
-186
283
-784
-638
58
214
-926
-6
853
877
501
302
-770
376
-117
-468
989
721
-209
-248
-901
168
-790
-953
-350
678
604
441
-355
-396
309
777
967
775
-562
796
838
-643
-842
-623
779
748
-635
-462
710
-463
-722
669
795
-217
-820
-172
682
-638
-764
773
-915
630
62
893
302
-143
301
65
-961
-805
353
-143
-145
616
-746
804
911
-564
-879
-450
166
-558
-110
-915
962
908
-697
55
536
455
-413
-649
-398
3
-23
-162
751
360
48
-637
347
-30
-653
-591
108
-177
658
-551
-391
-685
-711
-307
920
-677
646
-682
564
742
-501
760
731
-836
763
-797
645
273
-34
819
-600
-978
-163
592
-77
-297
-19
-892
346
-844
467
968
180
821
173
872
489
724
862
-83
-354
870
-790
827
-843
950
17
-127
-511
-763
-940
-810
-837
433
202
-991
-250
281
327
881
484
185
102
402
612
-651
504
334
996
-745
636
-107
-301
279
-201
151
-696
-891
-648
765
163
-516
-229
713
-970
-128
-546
-197
-327
-180
-340
919
-19
188
-456
631
721
-640
350
880
164
-278
595
-614
303
803
477
33
-885
515
526
-665
-645
-901
-11
315
-141
-941
-773
-659
-349
425
-185
-674
679
115
-687
804
-438
-680
839
-328
294
717
-177
-848
-190
57
-731
149
273
-967
46
998
-181
638
378
-352
940
444
-149
997
918
771
138
764
538
429
-207
-772
-809
112
81
564
238
139
-5
-783
543
-924
828
-797
-772
-302
357
71
-837
707
999
291
-984
329
-623
264
-667
-552
-229
-213
928
-36
-942
-804
290
753
-135
-879
-531
460
-672
673
264
-539
575
-198
-972
492
-341
-749
160
625
-899
-766
416
-585
-302
-132
-484
412
129
618
197
368
760
-874
620
568
707
301
913
-564
-498
-134
72
-98
158
-303
-179
598
-140
-860
676
-983
-114
-211
-876
-947
176
60
-980
-450
-227
198
-776
-346
-973
-381
338
738
1
184
-429
251
-564
853
-822
35
408
808
-382
-805
-64
-709
550
-206
101
429
873
487
49
687
996
625
308
-293
291
-749
-284
461
-610
-738
410
945
-905
777
125
529
187
229
-939
889
620
289
-801
443
770
827
53
-167
557
-616
761
-507
652
-147
611
-526
731
-840
918
296
-817
-572
601
885
389
897
999
-451
845
596
-691
41
938
306
-165
897
431
556
914
894
295
453
548
-946
207
850
-17
672
-125
-164
933
328
236
-748
30
805
-434
971
867
728
-164
676
174
-489
326
645
419
976
-209
-509
-368
916
925
-489
158
-570
499
-856
-594
-28
350
532
646
-129
-586
-447
-305
-460
604
374
222
140
542
-99
-693
-409
-801
870
802
-8
-990
-46
-523
-230
-160
-945
-901
-457
434
-932
-36
876
635
-990
-97
530
509
-440
-435
864
-627
683
248
677
400
-162
-303
627
-488
-727
-671
-730
186
917
840
921
296
701
96
578
-691
286
483
-284
586
910
-973
141
-810
-133
193
822
659
-385
-605
-956
-56
643
211
-864
-644
758
-766
777
-311
930
316
-345
-332
787
-397
587
-690
698
510
403
40
124
-413
86
-515
-580
473
-511
-711
-96
393
-619
617
-689
-583
634
-957
-781
11
-799
-587
62
9
219
871
-534
702
-700
-174
799
-833
84
544
-513
-436
-786
397
-436
-773
-831
674
-261
-222
48
-54
-857
-633
381
-510
-438
-912
322
-425
67
-118
-195
616
-521
121
-939
-416
-118
90
-580
98
899
594
671
684
-570
990
-594
-925
-149
-36
-925
-238
207
-894
-929
509
3
-754
-827
-766
-240
-866
-66
654
-541
657
-848
-861
-575
-194
-748
-38
510
131
-583
-438
357
362
447
-343
-412
806
247
-667
-423
32
268
627
-214
-468
-359
-973
-563
-492
56
-703
-188
-80
-529
-610
312
827
64
-711
917
428
-789
993
89
-67
-673
966
631
-648
498
464
605
743
451
-653
-689
645
-187
-535
-476
125
-724
362
-490
868
-622
150
-328
-249
-51
148
688
-923
-136
-503
412
114
-72
-843
840
254
748
393
-650
-560
249
146
-205
-164
879
-307
0
779
602
338
38
608
-348
566
-349
-404
-186
888
971
86
72
-493
518
496
246
-619
-778
774
-934
477
819
881
-783
-102
-174
-660
-933
670
777
-628
-704
-12
828
-960
831
-45
22
-361
-400
263
3
172
-428
91
-360
933
-968
-250
-787
910
-352
-974
-937
-884
-150
-263
775
-441
629
113
604
-757
695
-72
922
805
-641
-352
114
-268
-88
769
671
418
447
994
929
680
815
459
-439
715
396
363
8
479
-868
311
-163
192
613
-365
995
-519
502
548
947
-373
35
-205
-73
-844
637
-832
590
-466
-916
98
581
721
300
376
-589
-942
-838
372
888
-204
-77
-29
-766
-574
31
-945
995
-47
-992
247
172
557
393
626
851
159
572
299
388
-724
-602
-31
-39
-597
501
612
-737
741
452
-765
902
935
-465
516
811
273
261
-363
87
684
156
-319
171
377
779
278
66
860
799
-90
321
376
-372
588
52
753
-273
455
484
419
326
-649
262
628
591
24
786
199
-844
-970
-764
-458
-147
834
97
247
-303
-519
-758
979
-570
-614
-107
-867
305
-201
-265
-458
572
748
546
-796
243
-766
167
-703
452
-446
835
-216
855
-209
428
-884
312
725
979
411
-188
-577
-627
798
302
-343
-262
629
-32
589
209
-164
458
83
-762
-364
376
363
926
786
109
69
393
840
-240
-238
255
-675
-996
-854
957
766
864
-688
642
74
956
123
193
480
-745
587
825
417
372
637
-194
662
884
905
-177
277
-475
187
-716
-806
738
813
-655
441
-205
-709
833
163
-426
-595
-48
441
625
545
648
506
-745
5
901
-132
-877
859
918
780
-90
-652
249
-367
-425
920
-615
-163
98
-817
968
-810
-143
908
395
-110
-417
329
-559
-244
-312
-762
-295
-344
446
96
-462
-612
-632
371
-561
866
-947
-996
-595
195
-109
-538
586
149
-395
-151
-209
816
636
-221
-725
-528
986
-883
821
-192
387
687
-317
-710
787
923
-977
-189
630
163
-850
380
-271
474
693
-376
102
-757
604
-484
682
-91
-498
625
44
188
-183
-787
-831
251
-281
-308
-395
-506
534
95
-750
-227
819
82
-992
462
-191
-334
863
-251
-917
-231
625
-367
81
79
1
-136
511
-36
-841
383
99
-406
-359
-811
-569
292
-133
-410
-474
101
-500
-295
808
220
-533
-33
-377
300
-801
364
506
-621
19
909
224
320
-601
-793
-651
-411
-320
170
-236
785
933
112
509
135
116
-726
408
-770
-15
-770
-280
203
626
2
195
-604
641
-273
154
383
805
316
-509
-574
-353
-894
878
-937
823
-71
-79
-500
744
-574
-237
522
772
608
980
-509
232
318
853
-967
-547
-48
-65
698
377
413
934
-9
-477
339
-505
-142
-604
551
-67
486
260
592
-786
840
267
778
540
-260
-757
826
152
-55
-428
-565
-181
814
290
-472
-401
592
917
573
-510
-826
-137
586
-620
397
952
599
-718
280
-172
438
-768
945
-401
-494
704
234
676
834
-814
400
-545
-604
765
-625
-340
214
-93
145
-29
461
-663
-630
-516
987
695
-153
739
-209
346
145
-249
-147
870
541
284
689
-50
-639
-136
-601
366
776
-864
-961
171
-248
817
-115
-40
-290
10
623
3
980
-241
674
-40
416
-788
-818
483
-380
814
-339
503
530
665
-575
-120
-159
840
672
284
-488
-817
-385
725
-304
613
-97
-976
-630
484
-661
-464
669
-6
241
133
67
388
954
-922
-708
-253
-3
136
575
543
-929
761
-369
-644
762
692
432
986
-898
-645
-795
764
-185
784
874
-53
-688
-106
-286
19
881
582
145
52
180
2
-301
-773
-372
950
-238
-753
-523
687
-963
-210
418
509
416
959
-964
923
-784
-455
-958
-106
-113
826
-72
446
-220
-231
504
906
654
-868
530
587
-839
175
800
698
-494
-902
-38
601
708
953
924
-484
76
901
-495
-977
-883
836
-787
-301
412
847
255
413
-632
-879
-577
839
-67
315
582
600
-798
-501
-676
866
-709
-242
865
-279
-725
-757
873
-659
42
-854
-620
793
-243
-355
800
359
-638
825
609
704
-614
989
-762
427
-328
132
-88
-718
572
955
-646
-586
620
139
868
269
656
-970
611
927
-383
239
338
-507
382
339
480
-16
338
-683
-350
41
-562
482
114
-113
-173
-321
662
-126
-642
-129
743
-575
5
-992
-562
67
-397
651
662
361
-469
699
862
-233
995
978
-860
524
-812
-574
-901
852
894
514
-619
-744
909
277
621
627
-576
-707
-160
7
451
403
278
-707
110
432
801
-875
973
186
366
563
420
83
557
608
-375
712
619
177
994
164
-139
858
895
-58
211
555
947
-267
81
-512
-239
-462
349
293
954
-490
200
205
-98
-356
-589
644
-254
41
-138
-145
834
-941
951
-526
-395
-350
-70
-42
-523
829
13
-648
88
956
-299
308
764
317
-187
973
564
-233
583
-154
-377
-218
160
-363
612
-827
124
-45
89
308
-557
915
310
-108
776
-352
950
896
141
-63
-930
17
-730
647
776
-151
-941
-160
567
497
-235
-200
-771
-1
-708
-371
11
397
155
-264
704
-969
-186
249
-454
-800
-947
579
449
687
-349
-501
799
-453
-647
-589
836
348
392
-127
-695
-240
280
-65
-752
239
163
813
991
-620
-335
-341
120
546
-991
-63
-953
33
-475
314
-202
328
-294
31
-759
275
-213
-321
-658
-902
-893
-687
-973
783
-522
-675
-3
-794
848
-287
-181
757
-531
-784
298
-542
356
93
654
-130
-678
-254
513
35
578
25
886
-210
-566
311
-33
760
435
-71
434
619
712
497
-273
291
856
-668
156
-863
225
290
28
351
-608
-905
329
154
749
618
-536
579
283
-486
-477
513
228
664
-854
-424
791
-856
206
865
-365
-682
97
294
212
171
835
744
488
-672
777
-508
129
392
-726
-643
444
-993
291
626
773
545
834
23
403
-368
495
-452
-592
312
805
-762
-985
-495
-747
131
624
-832
-319
-485
607
254
434
-80
-902
49
-52
308
-270
665
278
-242
473
-64
635
-218
755
697
-178
-215
522
-139
-427
-963
604
420
776
488
441
746
-102
-671
-437
-398
-498
-48
582
298
340
411
-593
530
-198
971
274
-68
-35
937
459
-440
-301
329
-381
-596
592
369
-543
-555
621
-85
-596
-624
596
456
-249
-365
89
-137
674
895
-93
804
-515
82
-589
-384
-24
-521
921
-28
226
-72
-791
-842
-943
-436
-354
377
951
710
331
430
-454
328
-929
-546
-453
-527
-828
-62
458
-863
90
738
53
-934
542
92
-668
723
-481
-457
-240
-532
705
895
-445
-680
-999
-281
218
-141
931
-460
358
550
805
-127
-696
-817
605
269
823
290
720
579
138
403
657
373
-48
208
283
-251
698
84
485
58
-656
482
-623
19
485
534
-287
-863
-831
892
-110
-149
-916
463
588
61
-573
324
-309
309
-119
641
-104
-445
-631
-754
185
-253
489
-854
-942
-25
-810
64
-398
618
-570
275
468
961
409
-545
323
-47
867
594
168
-678
321
802
-468
588
32
64
935
-303
-445
643
351
285
944
-732
-850
148
505
595
-723
716
-399
311
-510
736
-167
-428
-422
88
-944
536
-583
319
-986
766
-450
168
614
-889
-446
-785
356
483
-927
850
744
-18
-70
-768
-956
118
-368
-608
-118
-812
826
-177
810
314
-583
313
550
8
373
-380
663
87
137
-718
-249
171
-479
611
712
-731
-441
-975
80
-667
-464
-486
-898
-214
-325
994
-815
-3
-217
289
-243
576
-769
379
591
-6
-797
886
-769
434
-386
22
297
-200
-991
-147
862
-270
980
184
751
979
-386
-596
-318
954
-163
-610
705
679
-4
-634
-254
201
257
-158
-927
-557
354
172
-535
-433
-807
-863
-558
913
720
-132
-804
561
70
-422
-208
662
-836
-292
665
-422
-121
-690
179
945
151
-579
-762
722
212
181
828
-39
-381
740
-57
224
800
561
869
-936
935
-681
-7
233
899
-344
-313
96
-67
-445
351
6
287
-836
-425
530
639
113
-966
-218
-464
297
-649
175
-229
192
346
-85
117
791
45
958
588
682
-769
123
-166
66
-165
532
-567
-328
275
-547
-38
639
715
-119
21
209
406
-728
457
-740
389
-370
-702
221
-815
74
163
-288
-664
-534
-912
-828
-133
-891
704
565
-608
-753
337
640
95
-357
132
-490
-404
-834
-824
635
-571
-548
-862
-72
753
-781
152
243
-191
210
598
472
781
-23
-321
-563
889
872
928
-574
474
-124
-480
-577
671
347
544
976
-478
-931
10
-396
661
3
268
-975
284
-720
-818
788
-142
-111
-307
-12
-438
-937
141
-53
305
-95
-986
668
521
739
-743
-181
-366
571
-435
164
-878
26
139
877
-840
722
-395
800
-484
608
-770
464
-137
-867
971
798
484
-573
-608
772
-127
-626
589
-792
-670
4
246
-633
-504
308
-531
-676
-986
343
404
-394
962
406
799
329
303
613
802
-636
-747
-133
754
999
115
687
-810
402
454
27
-711
-426
-394
267
-639
-206
-552
369
-852
-752
-63
-838
-873
349
754
-285
-789
832
104
731
707
-833
628
271
923
-152
-166
563
935
720
-993
-155
69
-317
-790
620
337
462
-657
501
108
-919
348
666
99
-973
96
578
-819
-43
295
811
469
653
-358
-411
-512
93
516
143
-850
-59
-948
-463
-884
-729
-522
515
166
470
27
343
-915
-751
547
47
-363
-695
96
-431
17
512
-52
-883
-900
-95
-938
-170
874
636
167
-523
494
-546
729
-922
-489
-638
166
112
-578
-697
-997
-73
788
996
-745
190
90
-533
713
-918
594
-447
430
-530
-118
-877
-94
690
13
-542
910
702
468
-524
395
87
351
454
446
-143
-212
384
-675
893
-465
-151
-167
-728
-792
520
47
-234
-142
-532
25
-856
48
249
667
764
578
-860
-472
85
-545
-508
565
695
-783
-999
-255
-398
800
-378
-142
303
761
521
-105
-202
564
947
-453
188
-221
-44
-746
-131
-794
365
-356
-712
833
55
192
-292
-968
-885
233
-9
-964
-931
552
609
-925
-339
996
103
638
-471
416
-587
-707
509
602
395
-628
-629
742
-231
-566
300
623
-743
915
-443
681
420
-207
329
-504
727
403
-664
-948
-516
-467
-428
925
55
89
-875
881
-159
929
249
564
-917
37
169
-829
-851
-855
90
154
-972
348
-14
495
-21
365
209
950
-953
59
677
-809
537
512
796
-829
262
-967
-758
153
590
-105
-800
-277
748
-876
-578
-306
-53
-447
-838
-969
806
-729
-103
48
-753
845
-562
-658
164
-87
924
561
565
-179
-638
207
142
-361
-523
643
-268
533
316
492
430
-926
-325
-37
496
-349
-421
-283
197
161
758
700
-645
208
777
145
-632
266
-559
-904
-576
246
-162
-561
525
432
878
-662
-718
189
-571
-407
-758
-217
-33
77
-374
-606
-204
-249
-593
365
518
-52
-899
788
928
-730
-573
-708
-420
-567
-812
-683
-45
98
670
-166
-843
-129
460
-269
465
-131
298
348
-681
-864
441
214
-184
828
-480
-747
-565
-770
-146
-470
390
354
-793
406
-970
321
522
-953
-200
265
129
707
-241
-424
-868
703
495
-298
113
-468
-679
551
676
612
-638
260
-242
166
-149
575
484
-980
688
-972
335
589
-933
920
644
190
762
754
-475
544
510
-346
-398
-678
-958
592
-443
12
-673
690
-816
304
-36
-288
979
487
952
188
513
-140
869
468
265
40
764
960
964
160
323
215
-632
497
-888
-990
552
576
567
-85
-525
-475
560
-871
-52
580
-535
-382
-850
456
917
-844
281
594
465
386
860
985
1
-649
-943
132
-377
-997
-98
318
-252
188
-934
86
165
95
-686
151
-288
444
382
-61
795
-339
-512
-613
-171
1
-640
858
-912
-536
737
-341
-839
-608
714
-686
79
-107
387
59
-579
16
-853
-377
-883
-68
304
997
-547
-422
626
-826
-837
-649
359
135
474
509
-730
-444
504
234
626
657
-189
-490
-539
-225
-602
-601
288
-603
239
89
704
-287
102
721
-104
-605
-457
-813
-411
-725
265
-327
766
667
-396
-679
994
-12
-839
-176
464
589
228
622
-792
-5
377
-315
-968
853
-91
168
-850
885
-618
632
-194
61
327
-414
735
-234
456
-960
884
140
-697
117
-193
236
64
598
794
-385
695
-945
571
-598
-81
452
-723
997
605
-319
118
-313
480
145
-923
99
682
-104
576
281
-613
327
-29
-461
791
136
392
796
714
498
-176
312
-347
-112
119
-285
-830
774
640
-846
72
693
-433
41
-135
488
490
522
-217
-112
-380
-125
713
423
839
-138
252
80
-25
184
14
-175
-177
-45
-685
-435
-259
980
164
326
673
-618
-0
963
-525
-241
-876
-747
114
800
301
-569
500
885
305
19
380
-607
40
461
-774
456
118
704
-347
-736
-444
-561
559
-960
362
-546
969
-826
428
-927
341
204
-587
-44
118
935
790
-859
-647
-565
151
455
969
833
-272
951
496
-73
-416
-721
954
-449
-210
798
-831
-571
179
-806
-12
897
104
898
708
739
144
11
-822
548
472
-241
62
638
543
742
-788
191
192
197
764
-377
750
712
552
604
606
-679
-362
-263
-114
-812
997
-147
797
-794
634
174
263
-956
-498
191
-109
126
188
-80
746
909
-952
-638
-753
662
-308
-123
427
739
-695
735
-153
980
954
348
9
-796
666
-710
-571
-511
914
802
418
971
824
-270
-271
23
-16
926
-629
987
-213
-67
-774
-367
564
734
415
-448
116
-920
-321
965
-316
363
-317
945
399
18
-942
-566
-907
193
710
265
-359
-565
129
370
-773
95
435
325
-404
713
-81
556
284
-14
742
-172
465
-487
268
-392
943
-484
879
917
-506
333
-966
-280
991
596
574
-187
505
337
884
-167
-568
909
-165
-434
161
-963
-9
729
537
-85
93
-854
651
724
-273
714
247
993
803
788
-547
796
-346
-260
-203
-699
-323
-599
449
510
919
-917
-552
283
-42
376
526
202
49
459
809
901
416
458
-176
940
-897
-614
472
-509
-320
-160
-409
70
-826
63
-392
471
464
26
602
-89
-528
-652
305
570
-398
176
-446
-970
128
963
997
-33
67
806
-730
-520
655
962
686
937
-967
596
712
-389
599
65
-138
-762
-510
875
168
-202
-921
-135
-401
44
-890
134
559
146
876
811
-663
924
-846
118
-900
541
189
-428
452
-310
818
296
-968
-240
-359
914
977
-899
-991
-541
42
64
110
821
-669
257
-928
-217
-701
-444
213
-434
549
718
703
135
-694
328
-748
72
-984
257
939
-160
987
404
315
-744
-524
461
-74
-676
-500
278
-505
17
-735
-402
-452
19
519
993
-614
-754
-551
-69
-164
-747
-101
-264
-79
448
612
841
116
208
-637
173
290
-94
495
820
-261
-675
944
969
-277
-189
-971
305
-596
75
-67
188
-880
552
-446
387
-643
-421
-706
314
-511
-224
238
922
-396
-771
301
173
594
-910
449
-451
64
31
615
-458
-553
-961
917
-330
936
128
-413
772
27
752
-683
921
-429
-223
2
523
-716
-699
-424
-298
482
-951
-81
608
-757
289
916
540
-868
742
797
-130
-454
-851
-858
592
280
940
618
822
-613
519
674
579
527
117
-938
-542
-76
-976
-246
-330
-463
240
171
160
174
-666
443
-95
918
647
-811
953
-286
-877
-497
-412
478
745
419
-786
-937
145
401
703
-804
528
-244
206
763
416
291
925
-536
771
-576
900
-66
-245
-638
-139
-652
-762
-853
-779
-52
-580
-79
-817
-528
571
-850
321
-222
-737
867
-7
248
120
91
-717
-799
-191
-155
-846
948
491
594
420
-730
-28
-737
-469
-806
-86
-841
-744
805
-222
943
-995
839
-747
-650
-953
380
330
-369
455
-93
776
-49
278
-456
518
922
348
351
-898
966
733
-184
815
216
433
-164
596
-731
-771
-727
-643
154
114
-438
858
215
102
7
-658
-188
237
653
-269
411
276
681
-492
-263
-692
971
458
-494
291
830
429
-392
-723
-851
-782
737
-105
-330
-606
205
294
-553
715
-17
-253
-659
218
700
450
639
517
-643
147
221
918
-757
954
669
710
-380
-885
349
444
398
656
-478
765
148
798
-19
-147
-281
438
476
988
-815
-896
-329
269
-586
-116
-451
890
-147
-321
-405
-294
-922
340
233
607
906
-917
-548
-315
-816
903
-17
-218
835
-682
360
-631
709
385
4
694
199
497
-502
586
948
937
-987
-130
47
767
-141
41
73
-848
-770
987
858
-421
1
-382
-201
-267
-826
-363
913
632
232
-608
-804
-735
-351
249
-911
921
382
-214
974
771
230
-378
968
550
388
858
967
-120
-19
-879
743
548
-455
708
244
286
-318
322
-26
-839
-736
-960
-994
374
-801
-1
758
-670
-311
-347
-562
-86
1
-168
-985
-146
57
-777
186
121
-108
884
-671
432
-284
594
-468
728
-441
-200
-607
-500
453
-420
484
331
664
-811
-121
-22
-78
-605
-297
719
933
-517
266
-557
998
-416
870
-426
-315
-574
-536
-194
-565
-864
484
305
-855
310
543
-545
196
375
-61
953
-743
-164
475
-598
510
-256
-750
764
-736
-79
-293
173
-586
-908
-702
375
-740
-430
-250
608
547
-108
-778
255
651
793
959
-786
-867
-896
259
719
162
918
234
-174
95
431
858
-739
-373
-454
203
581
638
-344
-452
-248
-269
-380
397
-636
-540
70
-459
908
47
869
306
25
-632
-193
136
51
-663
260
337
-258
-669
-628
490
-16
-602
-492
40
-556
238
460
246
780
-295
322
-289
214
261
142
82
-641
396
296
-2
812
305
614
785
-813
787
-417
-68
739
-826
432
-392
-945
910
929
446
152
15
-655
865
-936
956
433
338
705
-757
-777
915
-643
-317
90
-666
219
65
-537
695
287
828
27
-596
386
-574
208
-239
666
-775
-23
703
827
-470
-51
-839
-169
-411
-537
633
66
-439
-48
-829
-938
175
398
-557
-998
-591
896
741
-801
614
-864
-613
806
908
-83
-272
46
-336
677
-22
-624
-430
747
938
-675
238
503
174
905
-867
524
362
291
367
295
348
707
-144
-301
355
-986
869
-797
-502
182
-395
-212
-629
160
-176
-90
-79
-7
955
-305
637
608
-484
-254
-460
-707
-495
-316
-775
-177
284
-179
768
-586
-495
738
886
-991
104
-708
385
-771
334
-710
-916
-412
859
915
-778
55
-448
-110
492
56
-402
-512
-531
-20
-75
327
970
543
683
160
663
-791
362
149
-706
-155
-673
-896
7
-421
351
-777
840
854
-482
41
-230
960
86
-151
666
-253
-29
543
-770
470
65
-794
-919
484
14
-898
-359
541
-319
590
-54
-676
697
472
-888
-940
-542
562
86
-215
924
-698
-28
433
988
-37
571
-478
-989
88
-598
-182
115
-306
143
303
-692
55
296
-420
863
679
-876
-56
-812
95
173
-903
-374
-491
-83
-288
-499
848
-831
-432
-78
834
-972
172
-386
-547
896
201
12
491
-190
223
-123
836
-691
354
83
428
-782
841
-219
728
-191
738
-973
2
-362
-204
-648
144
13
814
-742
153
195
-693
86
882
-55
536
555
-896
-116
754
-845
809
-453
308
-865
720
159
827
-187
579
386
-974
654
858
323
-240
-568
379
24
-569
852
654
55
961
246
188
7
574
385
-489
-102
-229
482
43
-0
-99
607
568
938
609
-773
-170
312
498
-881
-758
-68
-357
652
408
718
-208
-613
-987
9
-89
746
-267
355
-460
-105
924
-910
76
35
-918
344
-78
255
-214
-366
399
914
-874
432
-562
-906
-414
-121
83
-679
261
-480
685
-460
353
-906
290
771
-794
-204
-444
195
-630
-701
-824
419
-459
128
-339
-748
767
-149
827
927
827
330
593
-481
-194
641
-266
808
-663
-223
229
399
-626
-759
820
-427
-169
-270
635
41
286
551
-446
-631
648
-465
-177
226
-765
-962
-23
585
851
-10
-959
19
-438
503
-930
-347
692
159
380
-729
-723
731
-785
-643
-523
-826
-410
-433
-767
-85
-422
979
-948
-687
-877
-826
812
-699
-577
-585
701
288
608
311
-9
-425
533
-249
896
-515
57
373
251
-819
-120
-281
520
-636
290
-857
-696
82
391
416
-972
60
-272
-251
-563
704
-180
-208
555
533
-143
849
377
422
-967
-56
-769
-320
606
269
-347
204
-310
931
-608
-767
559
-944
-899
-57
-204
-157
-933
718
106
-61
312
-684
-30
-192
-784
-743
927
-632
-405
-397
154
-286
89
332
-344
0
-659
335
3
-33
-839
-132
-815
650
806
-181
306
-400
-823
942
-478
880
-978
-531
95
770
-692
758
-370
-79
-807
489
-79
213
-326
-126
450
-293
-926
-411
741
660
139
293
178
38
-985
-804
-120
-24
-525
602
-861
-405
-425
-160
-53
952
295
-53
-619
164
674
21
-689
-945
-548
-191
796
-548
468
739
585
65
290
59
266
217
895
87
988
799
-933
649
642
-654
610
-983
-789
780
223
-692
-414
781
-853
894
606
-730
-388
-620
929
-493
371
-438
581
944
410
-645
-899
-486
999
945
-778
-144
-55
-900
-94
227
-574
-331
-588
-311
-264
-528
-86
-619
-99
-691
-592
-747
-656
-335
393
569
-580
826
-527
-519
797
-659
414
-969
196
94
-553
788
-840
312
-686
904
-133
434
571
805
-353
252
-743
632
-938
-80
919
-701
991
-49
-599
-295
388
745
36
328
-367
509
858
754
-220
640
702
955
706
-723
-311
-390
100
-11
-390
878
-976
-571
-880
-983
511
944
-316
-611
256
32
-352
971
261
941
26
-112
558
-189
-713
891
-499
-142
-439
542
-87
615
348
-597
920
-965
-710
-302
-113
59
-368
404
-490
-35
-4
-977
855
235
530
516
723
397
911
-701
543
203
416
-130
-858
-540
446
-305
461
856
77
441
206
-233
-890
-142
-48
-696
-657
-74
-696
81
-131
-796
631
583
378
-861
216
-702
-382
-244
893
598
471
769
639
15
589
715
168
633
-27
-483
942
-54
-733
-458
-942
-529
-80
-286
-149
842
816
-662
-207
-883
-791
-830
903
-409
-886
-263
-627
595
-442
131
886
33
882
-391
344
-28
-641
220
-447
533
200
-515
-292
238
-343
30
46
-635
-464
-722
-654
295
-313
-544
496
-799
-226
579
424
-958
-891
700
-756
-218
714
380
-394
-16
-190
173
-990
438
-286
-440
539
-181
738
719
-568
-419
-229
355
475
684
-636
-408
-829
-195
-568
-529
-385
889
-591
323
898
498
542
456
577
740
349
192
699
-997
727
-79
236
588
-282
42
654
12
-395
-270
960
538
-511
839
821
-534
-714
13
287
833
865
-453
769
-771
286
840
-52
-908
-460
478
288
182
-978
-9
-149
186
719
237
810
-356
-402
-47
-927
-722
-760
21
565
-755
-751
-161
960
-266
43
-871
216
-654
-423
425
713
-90
700
874
-19
513
98
375
725
441
849
326
-891
36
-34
17
-313
-573
275
-631
132
769
170
-993
-491
-369
451
-110
28
-10
311
-513
-191
-991
-589
112
471
657
379
593
437
914
362
584
522
-804
-677
-163
-108
334
-480
-771
681
-297
431
282
205
-461
-573
-309
-695
-633
134
-593
302
-644
727
-86
-196
820
-626
199
2
750
-410
-375
-524
-831
157
605
704
946
368
839
-768
-895
113
-225
-460
-43
386
-680
779
273
-288
99
831
-776
79
-468
-627
-594
162
856
499
197
-670
-148
-741
737
3
-725
883
385
469
-513
-921
-836
-279
-410
-297
-15
-836
-769
-288
-310
695
-477
889
-244
-420
-454
217
129
-688
-626
-498
304
509
-264
-284
-441
-314
-910
134
-914
-616
-600
12
-682
620
-37
-303
804
119
314
347
-734
27
-217
503
419
-853
305
-100
-917
297
-190
351
-116
415
225
539
776
-308
-431
829
283
222
899
928
-747
-474
-529
-932
-0
-781
-462
890
590
936
714
-223
-800
-289
-472
868
147
508
-872
379
-141
803
184
-546
947
147
951
362
520
451
574
-915
13
102
-216
815
-993
313
-15
-303
45
328
-173
748
46
-389
870
694
-79
-825
-630
653
610
-801
-529
292
907
571
14
-477
870
-33
170
-327
-876
897
-145
481
-221
733
739
-325
-349
-430
919
-777
773
233
-890
896
-418
976
697
-319
92
-21
782
-533
299
200
-222
-360
-139
-642
859
-851
-684
-840
989
4
269
-616
76
887
-464
-595
-416
-33
-253
-937
565
741
320
983
-798
-742
-365
470
211
169
-797
-65
424
122
-477
494
552
-645
873
534
968
-90
-339
126
623
-282
764
-338
-150
570
-872
-671
-355
-649
648
604
-813
-653
960
759
780
707
-742
-85
858
-520
423
859
563
711
396
-532
-363
-66
-670
-610
219
-698
363
-206
494
-304
-974
-400
-376
101
779
334
172
169
577
348
-449
-462
886
-386
99
650
558
610
865
707
-698
491
793
768
144
-871
866
110
354
-837
891
-526
241
-736
-553
-103
188
-825
960
-56
-413
-402
613
88
-360
-421
764
-54
-789
463
290
-945
-218
164
-419
986
851
-815
-900
433
828
-865
506
949
-413
-637
36
534
408
784
-622
659
511
-938
82
24
930
-855
-160
-84
-274
981
8
-916
-565
244
-174
-13
-434
449
-675
428
-715
-745
-144
-505
903
-432
2
679
104
-459
-531
316
-776
-482
591
760
-250
-237
687
517
230
-853
2
504
-808
-737
788
8
-171
719
105
-772
-337
102
753
-966
920
-919
703
381
92
554
524
149
-406
-810
700
219
-593
413
-292
-681
550
839
376
469
42
53
-938
615
70
-208
360
-159
-100
3
655
308
-637
-811
-719
538
655
681
-145
-642
-425
690
-629
-91
-126
-473
131
339
281
838
782
-467
-319
735
148
-31
-580
711
923
-291
-602
-830
-899
-206
671
-885
-772
595
852
555
412
-278
660
203
848
-632
611
536
984
395
-490
813
985
705
-442
542
-550
200
865
-145
601
-164
-944
427
146
639
-455
250
212
-629
-271
214
47
-736
521
627
363
39
-844
-939
641
-979
-383
888
-889
955
745
334
287
706
305
-986
828
-680
197
-367
-550
-639
279
-882
749
-33
-62
-640
-142
-861
-383
-468
225
-236
119
613
301
956
131
453
731
-728
205
494
-418
-147
554
-12
467
-202
-851
-609
419
-437
459
136
376
-335
936
633
536
155
748
-222
-768
-155
944
-476
-33
971
803
-386
675
816
254
317
231
584
343
-547
936
435
170
948
-176
-751
378
-214
562
16
-480
310
157
-395
54
964
701
-222
662
779
-794
169
20
578
766
-751
-280
662
-956
-291
55
-352
-7
-980
-98
-860
289
-417
-765
-244
943
-129
56
661
-552
727
-560
716
-7
-588
-455
-349
-830
-406
-115
830
-997
-281
103
-771
-599
967
282
782
-380
746
-171
-285
215
300
694
388
442
97
-668
904
71
483
-908
-347
-989
476
541
866
-805
-438
-649
-542
552
340
860
-192
820
-989
-942
-369
781
-443
-311
-783
-476
967
-104
920
-501
229
856
997
-97
-757
674
-322
-676
-483
-75
-455
192
380
-987
953
-912
203
308
150
-891
-797
-738
725
-237
-105
-827
568
-686
316
953
514
-508
-339
-974
-222
-100
782
-842
604
68
-97
-621
-267
-318
-685
557
490
-621
-234
-318
-812
179
-609
806
-158
-627
-474
624
612
29
-567
-200
-356
238
768
-399
678
879
-305
-205
-264
70
136
-184
-989
-397
-504
-317
771
-155
463
-824
838
781
-741
-310
-522
448
778
-759
550
-28
-107
-619
-253
770
-681
-211
650
366
683
-101
-408
568
-238
659
189
-547
-385
-526
645
-708
-596
550
-615
-342
945
-208
-696
-244
-808
428
-943
-645
-846
319
525
-873
650
719
-692
268
-208
-342
-957
-544
-842
115
-651
466
-636
-692
517
-634
-341
-489
471
-22
586
-937
656
661
-157
-636
-888
658
-239
390
-620
-628
435
-995
-227
-586
735
-709
60
241
-498
-26
-331
-968
738
-679
-87
-321
129
-429
-38
-522
-595
868
-306
873
-339
896
639
594
-574
88
285
536
430
-122
37
-946
933
-639
-628
396
115
991
860
-484
-210
449
-686
-261
-303
-288
733
-324
-753
257
828
-53
-650
-402
981
-298
162
-391
-732
-668
-741
-727
895
492
367
-734
-755
-194
-536
-269
-186
-413
666
-901
-162
138
879
-729
621
127
674
887
352
540
-382
758
80
621
-680
-496
445
97
852
-450
-751
-165
-142
208
-837
383
261
492
17
-439
-340
-244
-570
813
872
599
-193
-753
-520
183
-413
-281
412
-367
942
-830
-742
772
120
-790
202
671
-857
-435
-738
86
889
-530
196
-82
-56
774
691
-814
484
-507
-697
-786
-603
635
544
198
793
-86
978
129
-784
-185
-153
638
-660
-676
-676
616
-388
325
326
-717
-956
461
323
321
-197
-935
211
-341
71
-581
-536
-378
450
-856
-931
247
-728
-174
651
-510
-354
-552
-723
-789
-966
245
920
426
31
498
-559
-554
-807
690
-928
659
350
200
808
219
-63
629
440
-706
394
-138
-303
945
773
-920
189
336
495
-965
-229
-783
1
980
524
-264
596
577
448
713
510
275
565
943
499
717
796
724
-616
-942
744
-412
314
943
215
-335
-641
129
-221
620
684
-800
541
-982
-934
-650
484
722
-755
-912
673
-49
-858
225
-307
-152
886
176
-181
-585
-436
-497
2
-70
-236
432
-229
576
-364
167
999
14
-975
665
-702
976
-189
410
693
653
462
-543
271
131
-625
10
-321
213
-567
-157
480
759
608
-565
1
287
8
507
-302
618
-640
-903
652
-961
347
-545
253
-202
826
-218
-690
-643
-337
329
-492
-919
575
445
-643
-503
878
-523
706
-696
196
-64
-772
-936
210
-453
-564
187
898
-423
744
-885
327
457
-485
-270
771
920
394
-357
-826
660
534
-234
536
-975
935
958
-972
-0
-920
842
957
940
323
-308
-108
891
872
-427
134
393
966
37
119
-451
12
435
760
-672
673
232
653
127
-601
-638
-661
158
86
-622
-936
949
-720
-269
112
564
-979
-622
272
-862
-8
962
235
2
19
879
-698
-256
-916
-899
-171
-517
963
-135
-241
-462
-849
-271
248
405
-250
574
-464
719
708
761
-785
30
-770
-336
514
613
278
-447
-862
497
841
412
-254
390
453
194
783
-339
-93
-269
-178
322
-470
335
677
796
-256
-176
44
-177
-422
88
-299
-463
159
703
-670
-497
850
177
-369
46
-534
840
-845
429
-93
-825
649
489
724
849
922
-886
883
301
389
-581
626
854
792
738
-153
-982
555
314
17
-25
-213
712
-679
-52
65
344
408
-514
834
789
-168
141
-596
-707
322
904
-700
-688
334
800
726
-794
-47
390
265
868
-304
860
168
-865
4
729
90
-84
-510
-528
-85
-427
335
-365
349
-737
-298
-257
-517
308
596
226
-159
463
251
962
-19
-821
-558
-659
476
-617
-994
-593
701
385
-644
688
-626
529
-847
214
-232
-573
927
402
-980
530
-247
191
730
-950
540
-881
-141
395
-253
855
-350
980
-364
736
-754
-672
743
-302
791
199
242
553
843
-372
-263
934
-712
946
-296
774
949
-756
13
869
-14
-192
-501
-992
46
-792
648
-626
640
142
-255
-692
-66
953
211
939
-891
834
581
-88
-894
641
-959
-608
192
240
-18
355
85
867
-483
-873
-642
-470
-237
554
142
-379
167
-53
-737
-158
-282
-191
-526
-15
568
87
300
-137
-819
21
591
415
-387
469
-465
-231
-845
466
832
84
426
315
-80
-967
-849
-212
741
-903
447
309
-352
364
-315
920
16
253
527
-872
-373
858
181
367
698
107
-994
-114
-958
895
-14
-125
171
-177
299
-657
241
-599
586
-697
-940
485
-221
633
431
157
-48
179
-13
-270
758
-688
-147
-774
309
721
627
-888
-158
380
753
-738
524
373
-978
-553
-274
88
233
506
685
-144
786
513
-257
-238
135
-812
950
-900
-532
17
-47
-580
671
-174
-666
21
54
-100
132
-322
19
-631
-23
250
-337
713
-77
-368
732
-809
-565
202
69
283
993
-525
795
-685
41
-77
908
467
-788
-438
82
-622
782
-972
831
-109
917
540
791
-883
513
915
807
759
-921
-820
-797
-708
971
135
639
978
-879
-269
96
559
-168
-383
-560
924
691
-541
891
-773
-281
-17
505
-477
-218
-110
954
-276
495
-451
-153
-241
-823
37
-384
282
-71
586
-999
-664
-514
884
-444
592
-171
-699
-122
873
-74
364
-73
-476
650
72
478
-571
-510
-814
-968
-598
153
-168
-589
572
304
-474
-287
521
-364
-291
-681
540
670
-850
-816
483
-97
596
-45
701
-809
-78
-477
386
896
-389
-892
-472
635
553
474
-772
40
961
-592
786
542
-203
167
214
971
-992
884
-777
491
674
-71
-241
870
900
217
-920
902
132
65
-836
-653
-251
-645
112
-63
-805
-288
-950
-953
324
537
-634
720
-565
-168
525
582
-62
-509
-67
664
-59
623
462
-861
-803
384
-894
-908
594
-214
-250
-600
376
-191
33
-20
512
-455
924
-465
-770
-517
-306
-477
853
723
-839
120
-432
11
-870
911
27
-709
386
31
-376
525
677
638
397
986
-37
-804
121
-287
199
78
-620
-530
-666
867
814
428
99
-375
-779
85
-172
990
-57
-989
-180
835
911
-511
-983
-971
-122
642
169
-718
82
-469
45
900
-441
711
13
-773
-968
502
14
-101
-929
-710
464
104
-936
-801
737
788
-647
799
750
585
-561
-670
-266
64
-219
-998
555
230
28
825
-789
943
-465
97
-18
286
122
-507
-432
936
698
686
-37
-97
-653
182
888
-879
-219
-273
-10
521
220
873
303
7
448
-312
-315
-254
36
-114
913
-981
673
-425
167
-169
-678
744
908
40
-149
193
113
-784
-235
-425
244
-984
-662
-954
708
-920
-221
424
-768
485
-816
382
829
-431
-417
-916
616
284
14
811
65
812
-748
-768
-701
433
636
-152
-38
-234
-144
821
107
-742
47
-843
989
-751
-244
-605
-124
816
910
930
-255
-755
18
-512
-386
-598
-864
250
-801
294
-872
343
-642
461
831
852
-259
-839
240
107
-662
-413
-499
-732
369
-698
630
942
553
-528
499
823
692
741
718
-911
554
-259
-692
58
371
-6
798
-626
57
-87
-239
19
277
567
-961
-80
-507
-273
331
964
440
408
-272
-941
-892
589
644
-414
721
621
813
902
392
-224
-859
-130
159
890
276
112
-565
652
663
-834
-401
-771
-860
-590
552
329
3
64
702
298
-138
499
-816
968
-571
-568
314
242
-716
780
-647
-32
272
-868
403
-305
929
301
-308
-577
-424
-203
-540
-266
-630
-876
-507
631
-709
-106
666
6
-567
-44
-928
107
118
444
-460
266
460
-719
-108
98
-202
930
-967
-167
-947
115
-185
580
-237
-666
438
140
-779
217
-914
-57
-872
-336
275
79
67
449
768
907
-406
56
-858
-95
-760
877
-981
791
273
45
983
-474
670
302
953
797
135
-909
105
983
-669
893
146
-856
-516
671
730
-902
68
-543
119
734
897
600
-999
221
-795
-671
854
-64
133
-575
880
-967
-738
322
-555
-464
-51
-160
999
72
-199
-439
-623
128
-238
-971
-885
-418
801
833
-149
-162
65
308
-55
562
-827
11
856
910
547
564
172
760
75
682
-594
130
518
779
-522
531
-694
-152
387
996
-296
71
-894
793
776
-899
672
733
171
116
205
394
895
-153
961
920
-413
77
-822
981
346
672
613
-562
269
829
-30
77
-770
911
83
340
-175
-156
288
-300
-370
709
730
120
654
-826
173
-314
-838
-379
409
418
-489
-287
-64
-468
-560
-121
801
643
-543
-491
-77
-364
-383
-838
168
-729
-535
-139
604
-737
-784
-159
-452
392
-624
-63
393
969
-876
-569
768
-53
315
254
151
139
-553
-225
-453
704
-206
483
-900
376
-964
-524
595
-387
474
885
-688
-913
676
-951
461
-911
-775
-266
-550
155
-291
598
-961
-853
-330
-60
116
-964
817
-273
-570
-945
-282
725
-910
51
264
792
-691
-660
385
744
751
-645
-623
-846
-807
244
58
-626
-202
522
-384
44
-312
-449
-130
550
254
-801
-818
-424
-142
66
989
-873
427
-363
61
-886
-464
-423
-234
-179
-225
718
979
668
514
-378
-132
752
-998
-722
874
137
648
989
591
-75
-501
-212
640
658
-319
-714
639
-714
-933
-753
-397
851
-155
984
-9
-267
204
-344
-63
55
-391
-538
588
-372
41
-681
367
540
-725
325
583
597
-423
336
-648
574
512
773
69
-974
622
-253
540
-217
-669
351
487
96
594
101
527
-985
-492
-492
256
-24
-825
-221
-775
982
-684
-401
987
-786
633
-528
267
552
624
672
862
-760
-327
757
123
-899
-777
683
502
50
-412
-296
443
-142
-244
-949
-512
498
-746
-293
-346
380
846
240
-884
484
-220
328
333
732
638
388
446
-341
493
413
179
668
-857
-726
551
742
695
787
246
-311
904
34
290
-894
713
-327
453
-918
904
-107
-559
578
-273
-987
-237
-755
350
196
868
775
102
474
-98
-921
741
-161
231
259
-810
-727
-897
893
-623
591
885
-424
-173
247
996
-330
-197
94
936
636
-951
849
845
-151
-537
311
813
-761
-339
-962
-177
128
-137
507
-575
523
-507
79
467
525
-677
-778
924
829
-252
302
-436
508
-5
-350
510
-812
-950
74
-826
-126
787
-994
148
-31
319
182
-117
385
57
-55
-313
-289
111
32
-314
793
767
870
-315
20
-587
446
245
179
918
-223
806
846
-580
558
741
700
492
128
-824
-146
703
468
-775
-604
-585
-629
43
-660
58
870
923
12
-845
574
641
784
-16
997
603
837
132
-284
-293
-503
868
-856
648
-558
-361
866
909
50
-607
-69
1
-103
-724
-14
-37
-73
-595
-48
-150
-440
442
-217
660
-277
-19
-830
604
-859
25
49
742
967
-404
-284
973
-769
-734
-119
-958
-14
-446
-350
834
-82
-434
274
-607
218
961
-918
-931
-406
-378
-765
-626
665
-680
-827
577
725
394
893
945
716
-318
-896
26
268
829
-740
-516
-232
-773
62
322
715
-491
-421
-71
-398
476
-992
598
258
-997
-586
-107
414
583
-936
-320
973
611
-952
235
776
998
-565
-732
375
-173
947
484
514
-893
972
453
-378
-395
450
385
-694
347
331
83
-161
-20
-538
821
572
-854
-281
-546
723
45
-572
104
-166
879
-884
556
-219
-506
-81
-513
746
-549
-674
-38
-389
627
867
580
-535
235
-774
465
-368
455
-2
-454
-688
128
451
-464
603
154
174
-559
898
-481
587
-369
-621
757
145
373
567
547
372
211
-454
-149
-804
691
856
726
-471
-102
272
68
-775
602
647
-65
-513
-347
-346
-948
261
556
-516
264
-82
-783
930
123
-997
-752
-226
-16
-798
-59
-915
-999
-351
-646
-542
558
630
330
545
970
530
539
-891
-200
974
-187
971
-419
94
-893
-680
613
144
575
749
-585
619
-741
384
552
553
-952
278
550
141
713
246
-836
623
432
308
-356
-494
-789
391
940
-81
172
968
436
517
-635
-476
505
234
824
659
821
630
735
952
-21
-921
97
-915
351
683
-899
809
-963
46
-937
-671
-211
368
-378
975
-59
-592
-137
-42
995
-178
940
-3
-382
746
459
429
775
970
823
-905
193
742
61
-523
-213
303
393
-761
-60
-799
-278
190
730
559
-809
-491
667
37
-370
137
-965
442
99
838
-711
-679
569
747
86
-909
-475
602
987
-223
-903
645
153
-931
-643
764
-462
-48
369
-387
-805
-702
50
423
-295
-98
-359
-419
183
117
-175
885
-29
20
432
-557
-57
518
-268
848
292
-114
42
-516
-587
756
867
751
-926
351
-532
-948
873
-400
112
-705
-546
760
57
-519
-910
-759
-269
730
-635
258
-343
-460
-24
357
-460
-246
-587
-947
-635
-993
-446
-26
-968
-614
-191
474
78
-750
-146
-944
-874
964
900
810
-730
432
-260
595
-568
183
434
-645
295
-320
206
751
158
-246
-980
-946
564
591
541
-53
748
-572
598
-48
-964
-39
984
308
858
904
315
253
-933
-703
734
-936
697
-18
-78
-892
138
269
426
-968
-484
827
-75
678
276
834
194
845
983
-890
633
807
418
-597
-6
-832
142
-289
-91
-929
-53
730
-238
-490
143
986
-866
252
-222
-184
-767
-719
-28
478
680
-839
-874
684
849
-685
258
472
-817
465
-926
620
-19
306
-53
-519
895
819
-632
882
30
-177
591
117
726
-799
937
697
-464
-355
-491
-250
-938
508
925
756
-661
-947
935
-364
352
-666
-288
-597
71
269
-883
301
293
-96
-551
525
489
169
-241
439
-50
-586
-525
-90
-840
512
-582
-249
-327
-445
901
795
147
-167
499
-686
-768
239
160
242
392
-427
-272
-554
725
-181
-322
-369
942
-913
847
-342
-576
260
-262
88
-609
-684
896
-536
238
-600
695
-85
-857
-782
-950
23
-57
262
139
29
921
334
-952
791
940
454
-712
-976
537
-978
-234
365
285
-314
-681
877
57
772
-433
-551
-10
-713
896
996
-800
625
-327
678
-970
741
336
-606
181
754
-998
-693
-662
-435
800
48
757
636
-15
50
-659
989
-762
-741
678
-262
-801
-390
-66
-78
-257
-819
151
-99
-122
152
293
129
-441
350
367
500
272
688
-68
-557
-893
-691
-184
564
-644
-791
-562
696
792
-474
12
-31
-569
975
-839
314
612
-481
-501
-806
-466
-787
-519
383
882
-174
-888
-883
-629
95
-446
553
-768
-207
-784
766
611
-630
741
145
-574
222
229
-921
-667
-679
-130
523
-970
519
744
-4
-543
-190
351
-260
-359
741
291
150
382
-775
413
763
-381
490
-921
-184
833
-101
-414
463
547
65
570
-500
45
-817
277
546
-216
-487
-588
953
750
958
119
289
-329
856
-922
-204
-335
129
306
-623
769
11
-135
-482
-371
50
566
509
-46
-147
74
639
77
375
500
-906
-109
-978
234
482
-254
449
575
-420
324
-293
623
513
53
-84
238
175
-259
-944
-966
-452
310
745
-859
-859
-85
287
-437
761
392
-396
539
330
428
-997
-53
-319
702
602
582
449
-966
-80
592
246
39
615
-917
-730
-572
-93
-528
342
829
495
757
-134
-385
-480
-57
-962
-721
-27
875
-336
-836
-425
194
-946
-63
138
739
249
839
-454
-807
-697
698
871
-834
-725
989
387
-270
-910
-127
858
-672
-695
188
-112
-918
-228
-886
894
11
-94
122
887
519
-77
-549
-217
395
437
413
932
711
653
-612
-21
519
-327
301
385
363
171
102
485
-4
-434
-825
-101
-878
838
654
817
-679
166
358
505
717
-337
120
-318
450
894
-470
-515
102
-543
-917
633
-857
281
-702
-641
-519
591
505
-116
-13
582
-358
888
155
920
495
21
704
272
-793
529
243
953
382
56
-784
935
441
954
-606
-669
779
806
-344
-945
-343
-451
-299
-40
529
-782
87
-455
-893
125
987
-953
-188
305
190
22
429
-473
-933
762
609
-776
-966
577
345
62
-552
-803
480
-625
711
-204
825
-869
542
573
880
553
-286
57
537
668
839
182
933
-694
-510
-489
-280
-798
693
326
73
-419
362
-695
300
692
187
-163
737
-821
-459
935
-20
562
105
-287
768
-242
887
-381
-652
-30
652
-664
-754
-637
147
-305
-658
-881
-756
-646
-226
6
-529
-4
516
-725
-284
910
579
-957
-824
894
130
-950
-295
-114
188
339
-211
-955
-83
248
-774
110
409
-433
-330
-421
455
50
320
976
636
-930
-364
-926
-917
518
36
-398
-696
384
-510
-838
-528
420
-404
-709
416
239
228
-931
-692
541
-79
527
-474
154
-68
302
-585
445
-823
-382
-849
372
-139
926
753
-913
111
960
-703
-571
810
-719
-300
-89
374
714
92
-652
742
-416
-399
-680
121
448
-458
299
597
-368
-887
-724
928
-485
877
-604
420
818
701
34
842
998
206
-921
-668
404
-98
-168
-918
-750
-495
-470
-79
-439
139
-955
659
-634
-955
-20
-548
882
-904
24
-408
-674
834
-523
786
46
-787
259
-660
-312
-505
943
461
-52
-580
-244
-556
-244
416
-655
81
479
-704
667
-689
683
15
-600
-156
546
-434
725
709
732
-89
-31
441
391
-954
213
-741
-189
-875
937
795
120
626
-923
-519
-165
746
-484
-59
-685
-638
-360
148
192
44
407
965
-772
76
-279
-406
-261
992
-692
324
121
981
46
-736
-504
720
323
-142
-629
494
519
56
756
877
-157
531
-516
112
993
-504
-980
-465
-263
-102
530
-505
200
181
-314
758
964
-102
801
746
-415
995
-827
403
420
-687
806
704
-457
-963
648
595
362
-444
-264
661
792
-778
821
766
39
896
-349
203
-837
-283
-592
97
-280
822
83
927
-845
-200
-239
-260
772
-827
108
280
-901
431
-794
-153
-422
-322
-811
-733
-954
675
900
-175
795
145
385
-848
-693
-484
-160
-265
613
-439
-836
-433
458
336
747
734
866
797
10
-242
277
-543
-716
723
748
457
-39
79
702
-560
632
-695
879
454
490
-296
-774
908
352
523
497
388
-575
-739
236
783
-298
-718
-323
770
220
-932
-258
189
175
-62
-398
914
271
955
-304
-727
-218
-484
970
-59
674
889
536
895
848
-88
-112
571
-7
-242
266
-619
-767
-729
-62
279
-484
21
304
-83
929
750
878
129
-848
254
-45
-302
680
901
524
479
-54
380
120
-214
692
444
285
-160
-649
952
-639
-859
343
415
-294
-228
451
762
776
-973
940
-391
-695
415
-318
-743
-327
981
716
-889
347
-62
-78
721
-152
-27
816
21
25
-912
157
-5
610
-506
-439
-40
-513
936
278
-501
704
874
2
-736
-685
723
656
-678
-419
297
-579
-644
144
739
589
205
-473
-519
-327
-856
608
-558
-660
-586
-772
-937
925
500
-865
843
185
-452
-480
486
-283
524
922
859
671
-13
-33
499
-883
27
-592
554
-271
-787
682
-910
-968
-208
869
-176
217
-687
491
-560
891
-122
-161
-964
388
535
377
-388
-584
-292
-368
697
-362
-187
276
-580
-38
-2
-84
-632
69
-894
-965
497
231
707
962
-888
-494
-531
174
937
166
763
257
-74
-915
125
603
134
-116
137
951
-107
-804
567
-454
-894
147
-575
-53
82
322
553
-534
-816
233
-785
683
981
-235
-818
404
13
371
659
-942
97
-654
246
-41
543
-369
-459
572
892
-989
200
-776
-649
-506
-275
-403
417
-374
597
-726
43
-820
852
295
904
-807
-383
23
82
-693
-330
-82
-505
-762
577
-595
288
-122
161
237
-407
522
980
-174
427
772
-668
-856
16
-277
107
213
-640
-888
457
-219
522
6
639
268
-753
175
600
947
-649
-561
-801
857
813
-595
223
487
-907
-303
-379
964
316
-257
-522
-236
133
-633
923
376
-939
360
137
-963
397
-943
-838
-612
-399
775
427
445
809
-847
920
173
546
-726
85
79
956
611
-282
653
445
602
791
-137
478
389
559
963
-448
-140
-731
367
-594
186
-906
909
971
928
-911
-419
401
-141
371
417
145
-56
-480
917
-106
654
647
715
-75
85
-60
-80
665
421
-677
207
-99
-404
39
358
-776
509
576
394
220
694
336
742
348
-390
-706
552
-565
-737
-629
-453
-461
181
-539
-393
759
-391
-861
-449
-1
587
-494
864
-448
368
-402
835
136
-252
-944
-490
-84
503
-719
859
496
-131
290
-402
-653
167
-591
918
-20
458
-520
-372
-182
-255
179
325
-913
-370
155
941
-542
-216
-111
-917
10
-152
28
487
751
815
857
310
948
325
-453
-617
-726
834
320
25
479
-213
-701
70
795
-735
378
-774
-78
487
69
880
-289
-337
169
644
540
-861
910
398
-521
-709
883
-931
638
845
-226
-854
-143
477
555
314
-331
-393
458
650
629
232
898
-826
-285
243
101
-378
290
-909
-682
-996
-102
959
534
-893
321
-676
992
108
-877
492
-801
575
430
-640
412
-830
379
427
750
428
149
995
310
-122
-806
-166
189
403
-930
-436
385
-560
-407
-381
-12
-285
266
7
-87
764
-448
205
-728
609
-357
-704
663
-562
605
931
-104
-483
200
299
-325
-885
-50
115
-403
789
121
558
759
558
767
333
410
-594
660
-602
-661
-110
281
-490
-301
501
126
910
-884
-249
310
876
751
34
68
-396
827
-792
436
-850
-267
864
115
-278
243
-356
-813
977
-758
328
-0
-259
-936
641
39
462
-194
-51
102
366
-912
603
-658
994
-944
947
-400
-125
-610
-60
-609
-659
-554
169
-743
-705
-609
85
-593
-388
-754
-834
-541
-194
77
-505
-482
-194
-227
44
899
330
114
-480
-847
-244
555
-108
-390
952
909
-858
975
131
768
-525
-981
-231
-623
802
931
-424
-829
287
538
40
401
543
-655
-579
-554
794
-312
-630
-89
758
183
211
418
936
-441
-109
579
219
31
361
-607
-473
-884
-855
240
-698
-148
-140
-759
-228
757
-395
-693
-922
-117
663
790
-644
944
0
-817
-312
-959
237
233
-622
154
-678
-985
572
235
-827
-76
403
674
-557
805
162
26
-186
-216
-601
179
-217
-231
618
-81
-195
-972
882
-706
491
13
628
404
-651
624
342
-532
-671
-53
-934
-439
644
81
-410
-318
3
258
723
447
-634
980
-578
888
-980
890
-76
45
445
-247
-969
-109
249
-605
382
699
-179
-345
-544
710
174
439
634
-324
-314
934
-489
-609
-115
-710
-322
865
441
610
-795
862
272
573
-138
-337
172
440
19
751
967
631
-576
-142
-59
355
-776
-177
-870
307
351
-517
269
-537
-711
-775
102
-320
-255
48
-919
-874
-972
96
505
907
-401
731
733
-662
-909
-827
196
-42
313
822
197
-928
99
-715
-780
164
398
-907
868
280
-359
-141
-310
-711
977
208
230
-47
865
638
-737
883
-402
971
712
400
63
979
-76
350
-224
931
-399
-487
93
-613
632
-669
-287
9
-597
423
951
738
445
785
-351
-827
695
-718
144
322
-828
515
-337
466
934
298
-645
-970
829
-464
824
986
958
12
-36
-583
-31
331
-975
-654
391
851
-341
831
929
-407
938
625
-98
704
-677
-702
-738
-76
-535
678
-34
19
-351
251
849
-386
-404
388
-705
341
732
442
781
-887
-600
-947
-447
-715
-168
-431
-976
-156
885
-588
341
-973
325
-247
-286
-775
-404
225
40
2
258
-929
-955
-320
335
783
-189
-102
-523
974
188
400
176
-795
-270
-481
-936
467
848
-436
-399
-564
327
-808
719
364
-587
-851
-93
-684
797
-244
927
328
-203
15
983
895
949
-865
541
280
-697
244
483
858
797
717
-517
-557
810
27
-504
160
-682
-178
958
-352
-943
-149
-229
-410
-461
-808
524
-403
-289
184
-57
951
-721
-962
940
-38
-616
-13
-899
-576
254
43
-749
-817
229
536
-345
-377
-321
449
7
-849
27
820
-990
-990
133
-375
-833
626
546
53
354
310
-122
288
599
-104
-352
-256
26
-938
-985
-394
211
584
-535
-1
-420
916
776
376
-342
58
109
-388
-265
-295
344
-772
-62
-17
-698
-838
-34
13
958
-890
221
-698
614
-818
117
834
155
-721
-668
-518
-108
-189
462
305
943
-777
-495
-199
914
-694
483
844
191
-911
655
-930
-137
-259
673
76
-112
484
-680
-421
-406
-329
-700
-232
443
103
925
567
504
-366
-94
497
-999
518
-369
-626
-759
-17
-833
350
-96
80
838
-788
177
-871
300
830
-54
330
991
-551
264
-209
-169
726
-365
-639
-805
-250
933
606
-194
-884
-488
672
-523
-582
-143
588
703
-281
-473
625
51
-613
-701
921
-711
-144
-372
-31
-743
386
-756
254
641
-881
-160
-746
85
548
-635
683
-627
-898
700
598
246
34
311
-814
176
-419
-553
-901
-581
-778
-271
914
-992
250
445
488
185
694
-162
801
-556
28
90
-452
378
239
43
253
-966
80
56
-455
442
90
-361
296
-464
731
253
225
414
985
-969
-845
-94
-51
846
-744
-7
-246
78
990
218
96
256
806
489
832
-734
-746
-307
-331
-655
-795
262
383
935
235
446
976
357
725
-278
-306
938
193
-554
-752
-304
-872
-292
-611
-332
-84
-531
480
-194
-87
-114
-838
150
651
-260
265
-302
-834
-96
-525
645
-558
-21
416
-948
-392
-601
468
966
-159
-874
-494
-914
474
126
143
960
651
445
-900
924
-808
-227
-981
-99
123
917
-853
650
-899
-30
252
448
675
323
-639
-573
-477
428
698
-302
853
143
-756
386
-921
-49
-111
429
-743
66
704
-534
792
991
841
-663
-217
-105
951
980
-611
750
232
213
-636
-62
919
-225
910
-905
213
-798
727
404
746
-255
-471
-784
-889
-382
-276
-569
-744
610
362
-758
-436
-7
-811
545
-852
970
159
730
751
-278
261
-927
-994
12
-757
284
-678
60
407
-102
759
287
827
-22
482
311
-500
454
832
-202
941
-135
-130
-813
-506
-501
-340
887
157
-451
562
440
704
908
-64
479
-949
-625
866
673
57
989
-666
-918
138
168
835
-466
854
-780
-188
-924
578
274
691
-169
474
-498
387
-316
-841
929
-92
-920
-473
217
312
503
394
-38
-725
-537
-366
-339
-156
-982
492
378
-10
-235
351
496
-945
257
-777
-776
503
405
702
-326
105
912
-923
886
-941
120
926
-659
968
-915
-916
304
-358
992
807
-622
330
-861
-178
-890
870
116
-330
-372
396
-101
332
-83
115
-102
745
-186
-963
-32
796
965
-284
166
-208
-617
-179
-268
124
553
778
-866
83
950
-100
892
-256
-266
642
859
324
-159
547
-366
131
-614
574
785
-533
-408
-70
234
-862
571
-285
708
-611
-464
-647
181
-749
-689
-276
685
562
-146
-98
16
585
-818
722
-184
97
-843
-831
524
171
-608
-391
-960
-90
-291
191
-854
-598
351
902
-5
535
96
-224
299
-537
-547
904
-587
-967
887
889
639
-117
160
-877
-723
718
131
144
42
689
314
450
291
-483
-631
272
212
964
761
889
606
-656
-902
519
537
886
505
-457
-457
975
-665
-711
-990
-601
869
588
-450
916
748
-649
-995
-841
576
649
-944
826
224
-191
566
318
-635
-615
-502
790
319
239
-31
519
-84
-344
144
341
413
287
-677
-118
511
750
-617
615
-36
-306
-288
-378
345
-104
598
-563
682
342
-808
23
546
37
-19
155
-211
475
-639
575
280
-178
-477
241
-296
870
396
127
667
809
-169
94
425
-232
774
-401
-839
-285
-673
-827
-462
-425
-590
152
717
648
-925
970
663
767
362
197
452
869
-361
-446
-745
34
-775
-649
500
-82
-392
129
-607
-846
-769
-170
229
698
87
-767
367
872
692
987
171
619
474
972
700
403
565
-42
317
737
-588
-941
-362
-802
39
599
562
478
-670
471
972
-192
-152
-684
31
227
982
279
686
750
-222
639
-920
-526
920
-314
-223
-134
-797
198
-944
-801
-297
622
-866
764
722
577
-874
938
-452
391
-462
-756
696
-441
83
270
26
420
617
333
940
686
14
313
-228
494
582
303
-908
623
986
428
138
-257
-32
799
852
-139
-814
685
157
85
486
-370
132
-90
592
-835
366
190
682
75
178
-753
19
387
-673
620
-861
906
688
-464
514
363
743
982
-894
-663
625
-417
558
173
276
743
-135
-483
-645
-456
950
-743
372
-470
-136
-43
902
405
616
396
75
382
789
-739
-164
-650
-367
159
-472
710
-466
721
213
-885
-409
73
-421
-399
672
-702
-334
654
98
-792
498
178
-607
389
730
1
556
-327
-234
-892
-865
447
299
604
-619
-968
603
-787
750
-383
451
-323
-164
336
-377
-657
-175
-146
911
224
852
352
-42
18
20
976
491
-830
-950
-405
-99
-922
-872
101
-524
-17
-869
535
565
56
-308
408
-332
-806
109
962
-978
-483
9
-985
262
-613
429
-396
55
932
-189
866
931
156
235
248
-59
416
-373
954
-461
-471
68
-236
-24
190
861
-87
432
-536
418
-586
-572
546
-108
933
-419
-811
-976
-963
568
-917
266
-277
-601
71
950
-849
11
-820
599
41
-861
858
-253
189
680
-955
-464
997
-46
-788
-725
-222
-736
561
-147
354
-807
846
738
-234
-847
-717
773
-80
135
519
210
653
-136
282
169
-293
-552
389
879
61
-812
-741
-197
109
394
-896
722
550
-116
143
-172
-614
-279
-16
978
-589
560
79
-856
-441
169
-854
239
-102
-941
-993
385
-191
-314
-176
988
-786
-800
-305
-406
-259
-436
-171
-223
31
-871
-982
-336
273
732
295
919
621
-652
-728
25
338
806
-137
782
897
-897
614
-405
-589
41
-563
670
-31
815
85
452
654
932
991
-664
72
472
-499
277
-720
-677
-278
-171
22
-774
-180
-882
540
978
232
123
-555
-694
-178
495
290
237
872
-583
-747
-705
-639
-114
-753
62
-86
-642
485
-400
660
-265
772
224
-263
-242
220
-290
-886
-390
-200
977
-341
631
-659
842
632
623
962
-401
-6
-588
-295
789
338
-173
335
528
-473
855
895
804
-510
-284
626
-402
32
562
-572
861
882
-152
-888
246
191
197
-503
966
-133
542
639
96
286
703
362
-472
-654
166
304
607
-866
-286
511
87
855
-404
-925
871
864
773
-843
-175
-869
392
-754
-724
156
694
-264
664
-762
966
-273
-250
-412
716
-620
104
585
-366
848
16
-101
376
-843
189
-460
-644
-993
-223
-269
716
535
82
669
-516
-891
225
595
414
-345
396
-110
244
-639
-564
111
502
-101
-822
385
-991
-224
-325
-522
-610
-694
-25
752
-260
89
356
105
550
-148
32
-415
866
-591
811
-282
685
-132
132
-332
332
569
-973
-899
-936
-599
-285
-991
6
694
-400
-943
-656
-147
664
-885
-252
-36
-832
-804
-687
736
771
-475
-365
947
-201
554
-669
350
-533
-33
-41
67
-358
345
-276
370
-512
-176
-71
-347
69
482
955
776
419
979
232
-389
918
339
-167
945
259
260
949
-954
861
-462
-972
-657
400
-555
387
926
-30
-556
-679
580
975
972
-152
-0
67
182
52
135
-532
789
-987
-928
-686
567
-338
656
-45
-294
-259
563
-756
-71
-288
-614
897
-91
-823
255
856
227
-674
-212
-215
-269
-801
154
-281
-718
-783
742
440
-270
557
-477
-51
312
-939
797
-383
-981
602
-93
64
805
-496
-881
-84
552
380
-760
85
861
-301
-882
77
-220
703
915
-477
968
-619
262
704
-698
547
867
586
-360
-740
923
-811
-201
161
-634
189
316
-803
865
-97
943
-725
629
244
903
585
-505
-674
-262
-176
-825
-851
174
-425
-866
954
871
677
695
195
-905
776
528
469
989
-39
-363
309
-250
-929
-960
-630
619
-685
228
264
-12
248
195
-682
67
351
317
319
-98
35
836
-243
-325
121
-160
-743
481
64
-413
-565
172
-910
-281
-56
182
142
462
-177
-17
397
-739
53
484
-249
-568
-377
434
-230
-221
-151
82
-773
-383
36
952
-282
926
-263
157
660
-30
817
-29
-884
38
-5
681
369
-432
-168
-542
779
-490
232
-259
76
634
107
-293
618
379
155
106
476
633
-627
-799
-997
802
992
177
-703
313
828
-154
-641
774
-945
673
772
-769
-187
158
913
117
-374
325
-458
240
-301
-437
631
92
-92
-349
-776
968
391
-499
791
-562
-263
-946
582
-712
284
-827
-712
843
-388
373
-663
480
-172
62
948
-832
216
637
669
34
-202
573
484
-423
-961
-94
-842
734
906
-329
-773
122
644
-491
-460
-322
91
-929
-664
505
-501
-305
525
-710
187
991
553
653
-225
-214
-375
-700
-784
746
685
129
-202
883
-825
512
985
325
968
-440
828
-231
544
21
264
481
-723
488
-749
6
317
-939
373
-545
596
-887
345
627
-753
921
-120
670
717
122
-234
392
998
206
597
416
441
617
-773
-27
-596
-599
-55
265
781
-590
-867
919
-315
-292
580
-809
364
-160
-374
-720
489
-391
589
-669
395
-90
594
-183
838
-525
536
144
112
-93
-845
513
133
230
913
797
511
-627
-248
719
-990
856
-931
130
-658
234
37
-189
3
244
-23
281
-280
-343
-70
966
659
-290
528
985
-996
393
-670
907
-705
294
545
-966
-835
58
-724
670
-551
325
85
969
234
818
-296
-283
229
-434
-505
655
415
302
90
-227
638
425
567
-157
109
-411
-405
463
623
-112
651
-173
-833
-909
152
-916
41
866
88
114
-350
-658
-219
741
-372
-675
325
441
-28
433
839
-323
691
-192
564
-32
-832
374
164
-599
-673
-911
179
860
-55
739
-642
478
-251
816
-977
434
891
-566
-275
-944
-495
-650
560
881
-803
213
-35
483
-361
806
852
853
-48
503
288
-624
-6
-810
-137
533
16
-739
789
43
874
842
-794
-822
466
-870
-124
-241
122
49
-447
-552
33
219
866
974
816
-467
215
156
967
-491
874
927
-488
-959
-263
750
-155
472
936
-762
966
66
223
-214
602
-987
-789
-176
-594
-564
999
-859
-989
176
-129
382
-224
-628
-23
342
-899
157
947
670
821
-456
605
-975
-998
224
-146
-574
406
170
748
111
-194
-39
954
387
-648
-948
-862
552
779
-339
-734
-648
819
-626
-683
-566
-359
-370
-19
441
-305
273
-16
-380
-305
74
-689
883
893
780
-600
-453
657
-976
-637
-696
510
463
-498
-675
619
-194
-823
-170
-939
292
1
-554
-625
687
652
-205
-56
42
568
-709
-818
-496
684
-710
-673
867
452
685
-305
691
-459
-824
-621
-421
-287
377
-737
-451
596
397
-867
-295
391
100
-56
709
-393
382
104
-204
637
201
-158
500
-517
-375
-866
56
-355
-9
653
-631
-253
-60
-873
101
197
-589
-659
-814
-339
562
-565
167
479
-36
247
-530
386
562
-855
122
318
761
801
-507
117
-50
391
-307
745
707
-363
-197
-829
-361
-775
89
-195
775
-130
841
-703
634
-812
670
-636
-255
967
101
-212
833
-946
432
829
-194
842
-910
-279
-993
837
-354
-392
-826
61
-508
-390
612
-968
-181
-957
-460
764
697
-619
839
-57
634
802
514
-740
841
68
-170
-555
537
431
-663
-71
943
107
499
-680
-319
298
-50
911
872
-50
719
-449
-469
605
780
-197
-719
-210
174
56
-724
-30
-96
371
273
66
378
-601
-748
-683
-235
604
-890
-525
56
909
639
260
-232
407
-404
850
341
333
-9
-970
-249
-200
-445
-555
363
987
755
-442
582
-197
-675
-472
-850
-457
173
-457
707
-914
86
6
286
-156
296
-86
-447
216
683
-490
-845
-97
-728
794
-563
939
882
-803
995
-267
557
170
-636
-831
779
557
-622
996
561
489
202
126
-430
958
-593
-70
578
860
-331
238
717
-88
801
745
226
-839
367
-217
-599
-927
752
-696
942
-897
-951
-736
634
-64
-612
502
748
971
-10
617
716
-155
246
151
-111
813
239
787
430
12
366
585
207
-934
-97
180
-799
-985
-538
-585
240
-415
-653
-704
759
-478
-231
591
-972
-9
428
-938
-524
-625
764
767
-962
836
-89
50
-610
325
945
-632
-442
43
182
451
-257
-472
287
83
-126
-216
-812
-416
500
616
-10
66
-594
-28
-443
-835
907
-778
-251
148
-133
-944
-984
720
454
-281
288
-269
161
-659
128
-8
-505
-583
-648
485
448
79
142
-268
-487
61
-601
658
980
-718
-515
-144
513
-481
811
-647
748
-396
877
839
918
492
583
985
-171
-23
-133
762
-599
513
562
374
239
905
-786
-833
-997
-927
827
847
319
740
743
452
746
-809
829
322
-657
537
677
852
-47
311
-396
-576
-733
-872
-818
-171
-993
928
-515
595
183
967
854
238
303
479
412
-118
-723
622
19
-162
-477
540
694
-868
-620
-441
-359
80
933
-65
-967
-490
878
288
961
967
-894
-134
-346
169
-190
145
993
-915
-784
975
867
-146
-282
348
-885
-34
-174
-719
523
-191
-850
-966
561
474
-565
449
-268
-883
29
498
-250
-398
-406
-648
-6
-347
-175
-405
-899
-786
-329
-953
-182
-204
771
182
939
149
-699
-627
-989
266
-639
605
903
59
978
534
201
-428
792
346
191
-429
293
-300
382
-800
942
-616
-797
-781
-688
-640
-405
-213
678
-634
55
112
120
983
683
-228
-541
-822
872
817
271
-153
-877
-930
-278
778
628
386
7
954
857
-667
732
-440
444
-869
-419
96
-389
-204
591
705
225
23
813
-274
864
772
-782
553
-173
294
796
241
-120
-206
780
634
-355
-941
-987
-190
508
152
878
-868
479
348
-608
813
-738
792
635
-227
436
510
-735
331
-366
885
-540
-351
972
998
344
310
535
305
881
-864
405
-797
778
-88
-611
-444
432
-874
847
985
37
-627
102
447
-169
5
-390
-420
283
-17
-834
750
-609
-375
-202
353
-360
163
616
797
-626
-65
-662
-888
-345
-544
71
-150
976
-841
-590
417
526
116
-247
-633
-772
-593
183
732
-91
-60
275
194
440
-429
582
-684
483
956
66
-307
-287
273
733
-702
633
338
326
864
-921
-501
-196
-316
-986
761
213
242
320
-26
-224
-582
492
471
806
-640
-333
934
327
209
227
717
743
997
-531
174
-753
-965
-29
-119
-476
-618
-901
-339
-508
893
-576
232
273
87
606
560
-722
-956
18
-643
186
655
-166
-315
-600
-466
-170
-199
280
-600
-252
597
742
-78
332
606
-334
606
608
879
834
-736
-748
-801
-575
267
-266
-154
-122
120
-657
-325
339
844
910
860
421
-101
237
902
8
-343
-737
-986
-433
-666
184
82
979
-823
-2
986
-633
-297
342
-34
720
-328
-227
-669
772
-751
-31
-831
111
-252
691
-242
-677
-898
91
73
661
269
419
-253
626
851
-189
372
690
-118
566
57
252
-615
239
154
794
-845
-67
-109
-454
407
-643
-647
-107
-66
478
-916
782
73
276
626
708
987
-569
-820
-409
-370
358
-90
-487
-138
-984
-48
-290
140
-406
-340
589
-889
776
885
-641
-590
-976
817
540
-782
-714
643
-8
-923
605
880
-944
-56
183
258
252
823
232
44
948
-649
713
19
131
-488
-911
-634
-490
927
335
-849
-385
519
-17
-742
-446
979
-739
233
998
310
441
468
986
-308
933
-612
182
640
-399
516
-829
-5
198
142
-663
809
-748
-92
25
407
558
980
502
291
58
-748
-655
-159
-48
754
457
-872
-193
-291
366
-880
-69
369
537
178
-820
-187
-735
-32
352
-847
-54
-367
-36
-169
709
383
613
406
764
98
862
-763
-983
-733
-286
849
652
-643
226
795
-565
770
-282
-681
-761
-335
-416
-925
246
-87
591
-225
-504
636
33
722
-313
130
-669
697
943
109
-131
-111
-46
910
-839
-233
-709
779
356
45
346
-968
-691
-501
698
345
997
-558
360
681
661
-247
487
-816
-232
216
741
-297
201
-418
760
-784
-925
801
-516
836
-100
-899
-166
-134
-281
680
-238
-159
127
43
-46
-646
523
-608
-634
-568
-232
-378
-534
149
-215
895
159
-245
-688
527
821
705
324
-735
462
397
122
-445
-639
-528
-777
-660
-182
-575
898
957
627
767
680
262
157
188
-138
640
-581
-336
944
-998
-606
348
-676
-928
320
-256
550
494
-234
339
668
-502
499
-311
187
921
-884
354
927
216
-329
951
695
-291
480
653
-961
-750
699
256
-723
-384
-151
-872
372
-30
913
637
131
-241
910
-112
106
35
-627
396
173
662
870
755
975
-999
-824
-200
-564
567
-39
-49
-893
-303
728
-575
831
-578
124
-647
-175
-339
-283
955
684
26
-905
-574
513
-22
281
-847
188
-518
462
-764
164
989
995
-352
-522
107
-806
929
911
617
254
656
593
106
-692
397
-326
-360
35
352
-795
337
493
-625
923
948
-410
-971
483
-58
-948
-88
195
-947
513
140
463
613
-801
713
184
253
971
597
-653
-334
816
227
222
-945
-178
-747
268
950
-303
-145
-30
82
326
159
-40
-933
-267
571
39
-929
-306
-210
-742
347
-881
533
594
-616
0
-252
973
-600
49
434
-391
657
745
976
-733
-532
-520
-877
-386
-387
-972
130
-528
538
-605
18
-688
-398
896
-272
403
-947
-575
-390
21
699
473
291
263
-932
153
920
626
627
398
855
57
428
330
593
653
49
-825
480
521
660
363
868
603
-568
748
506
-930
-789
458
668
378
-589
-409
995
834
-956
-939
-243
673
896
586
-578
-394
-481
101
-315
866
-386
-678
557
740
414
-690
-574
468
136
-930
-571
433
528
-201
-69
-451
-46
188
347
117
312
-419
-875
-61
942
78
-667
270
-102
390
243
979
676
-245
800
136
874
-350
-795
112
-107
955
-406
-322
402
-31
-611
639
-530
-662
599
-794
-706
574
908
-590
-229
-143
-828
-847
882
579
-241
484
456
-453
-297
-585
-744
-856
198
-372
48
-119
-685
-458
-198
765
961
-915
-748
176
-320
752
273
68
758
955
-308
-35
394
265
884
735
-631
966
-723
128
256
459
-192
-704
320
462
735
-326
-343
73
-973
-776
-811
336
-237
-281
-697
726
619
545
90
-273
-856
-306
191
-483
540
121
706
-589
-275
140
962
-214
297
-873
-118
-917
-98
879
-955
805
-326
-550
737
328
713
-984
-687
256
662
76
980
460
-216
719
405
-370
804
117
763
-553
-266
-503
-792
290
-594
-588
711
653
91
803
-249
-580
-798
-946
847
390
-93
771
-6
692
780
878
32
124
-256
-972
-805
263
954
518
765
-266
-154
95
452
464
772
780
-226
632
184
-692
-861
-593
-868
320
-372
-843
-328
391
431
-69
-902
-712
-754
-315
653
-279
-18
33
-336
-872
-996
-587
711
-809
185
-49
-79
569
-459
-475
596
-331
980
853
-422
-25
-498
742
-942
703
-781
567
866
-398
-725
142
629
639
-189
277
923
29
618
630
27
392
85
726
800
981
-998
-550
-948
-940
-34
101
-224
378
959
755
-693
-499
459
-787
702
-488
244
384
931
34
-894
-275
971
-314
718
-268
569
895
-697
639
802
-804
-869
-943
864
-470
465
-582
-104
-718
317
-586
-811
266
-867
-260
88
-68
-604
462
341
931
-30
947
761
-309
4
-669
-81
-676
897
-970
-704
295
754
-480
-690
606
277
207
218
-174
-115
-742
-483
849
410
719
-562
126
-124
-116
-723
886
275
-743
-313
-773
465
-329
-638
33
54
867
-119
-637
304
761
-828
-732
-445
-302
745
-891
294
510
455
37
-648
478
-249
-714
-221
-285
475
-506
845
30
587
152
199
870
910
-516
-811
30
461
-318
220
-733
-973
-615
-399
-760
-624
571
279
829
-700
-100
691
276
228
-188
-902
144
-512
46
461
-601
-71
260
318
892
-139
234
827
688
-808
-504
149
291
463
-924
-496
-362
49
-622
-769
-90
211
443
-186
94
-359
761
-950
521
94
-690
970
-862
732
-91
351
761
857
-953
40
-742
349
612
908
416
579
-944
864
-274
-644
-97
-899
614
-119
-152
318
264
-749
-670
-10
-659
897
-492
115
-709
483
-458
369
843
991
-0
-241
680
493
648
141
-445
-967
-152
407
193
372
977
428
933
167
81
-550
399
464
-547
-410
348
-634
812
713
-284
-362
178
434
210
398
10
758
344
512
532
587
653
732
-615
-175
-235
-513
328
877
254
-886
-576
378
219
867
165
335
28
-988
-216
894
701
217
412
623
-722
282
154
922
-255
-180
595
-943
-934
970
94
-954
-977
528
-266
407
662
-990
-54
246
-53
-81
-294
-624
-307
731
811
-901
209
529
-934
-167
-978
-468
773
-693
-845
-827
-503
719
397
916
841
-701
952
230
-519
-186
-611
-881
425
-211
53
-409
-841
-70
931
-151
157
527
-436
-347
-210
-157
243
206
-317
-938
807
-630
-828
238
-687
884
595
305
872
690
889
-904
590
801
-231
629
-439
38
-311
-27
-370
195
-26
52
505
332
-942
-528
50
791
421
671
383
128
-690
-398
122
-730
-798
750
877
51
23
408
-612
59
324
247
144
-459
-235
-599
-802
858
815
-257
-43
569
-591
-845
529
-589
-691
-618
-916
-374
934
860
-6
41
679
219
310
845
117
457
-299
-205
587
178
-900
6
-878
-274
-289
-59
966
746
-770
882
-634
886
90
276
-266
-236
-711
352
812
-827
295
-773
220
242
464
-229
-168
-384
911
991
818
-696
821
472
380
87
-241
640
85
-803
-712
647
852
843
-395
646
62
96
447
869
-571
-854
522
-625
-434
-508
-812
-378
-891
133
-408
852
177
705
-572
-804
236
307
858
69
712
-142
-84
542
-446
-966
158
676
-471
312
660
-539
-128
-358
-483
-334
-356
-72
348
120
-641
-352
257
839
114
123
-972
727
213
-142
-865
-243
304
-14
930
-151
573
427
884
-910
474
-829
-400
-251
993
661
-222
-432
-221
-531
933
779
-187
-689
177
774
338
450
-511
704
446
-715
-622
-547
-945
-51
761
90
389
-724
-731
-922
101
160
777
-468
933
244
-682
103
-222
211
-985
636
-80
997
858
585
644
-275
313
998
-279
155
738
-941
413
647
453
476
-643
-50
746
-164
85
-516
535
997
461
127
-763
-511
-221
-278
-442
-913
-932
-291
-302
-773
-247
-138
156
-948
-992
-168
-144
283
-541
97
-667
773
325
982
-871
-719
-397
-900
-696
874
276
147
777
842
-695
-654
-949
-667
-843
-606
-757
-185
886
-59
638
-975
679
38
-257
126
820
19
559
-748
336
-173
383
-599
-147
204
-295
51
-5
134
323
567
-393
-617
625
-411
424
758
-294
-429
719
-579
516
692
776
-488
-790
-595
346
840
930
636
-187
515
103
-626
282
-188
892
24
-58
120
-272
-384
-631
941
179
-621
-675
-551
-784
-600
-87
-569
-20
999
458
631
538
-53
591
-436
276
-488
545
82
920
100
-823
-338
-614
626
-161
-508
976
574
-260
689
-67
-841
920
645
958
-200
766
682
581
510
270
-794
-931
-166
378
-433
-89
113
-549
202
208
-346
-646
-412
-688
321
-292
-557
-836
119
-282
716
178
381
293
-292
690
-532
-666
915
866
-665
57
86
297
-812
-110
951
63
72
-971
561
2
702
38
-727
-207
767
966
-509
763
194
-555
-865
-181
326
654
-167
-333
-381
839
-333
-852
14
-658
433
198
998
-477
-723
-505
164
640
873
-904
50
363
142
-187
-386
-33
618
151
-688
184
640
-516
-553
-839
-482
681
839
-619
963
-843
4
-225
-163
-943
357
-966
-169
857
342
-501
-144
61
282
317
-840
299
740
819
252
-458
242
-311
610
486
569
-482
873
697
-576
-752
-231
965
279
-579
251
-494
814
-609
678
-729
786
313
107
518
-81
156
26
635
-257
190
-604
-355
-193
-194
764
824
487
-562
-852
982
703
-245
611
740
-799
729
318
-821
753
-87
-291
419
753
77
-414
538
-901
-903
367
-733
-277
921
-603
459
-110
-225
514
-884
-330
224
-725
917
-249
139
-816
487
-39
41
503
350
-103
-718
-923
884
917
-349
222
-621
440
143
-985
54
743
-18
-652
-563
-295
372
-588
-472
-68
500
793
817
234
193
943
948
-48
-636
335
808
185
202
141
-631
-552
852
-604
930
982
-763
-76
316
678
-176
-856
-349
869
167
281
-571
281
-531
-797
780
938
409
-255
-842
-383
-3
707
633
-607
938
-950
-75
637
-820
420
917
496
-76
405
-389
289
731
-449
-924
-868
297
75
753
683
-498
879
-166
-95
831
865
344
-316
-854
-144
822
344
535
-196
-484
-566
334
-750
173
-447
49
576
818
821
10
-802
329
-303
917
505
730
736
-869
-917
36
750
-676
-183
-922
518
321
764
170
867
623
841
147
-771
-120
-114
-53
945
894
-928
-484
-749
-471
-808
638
-433
751
-615
556
-971
-427
-536
302
913
-314
13
-992
-956
-981
808
791
232
869
145
-938
-806
-201
549
-528
-52
8
-994
532
167
-715
-836
-570
-401
269
-568
-14
277
-69
-423
-641
-144
244
-354
-89
642
-202
14
900
-915
665
432
210
-951
536
580
-553
-883
-863
926
464
460
-752
-142
594
-525
892
-643
667
733
-320
436
39
23
910
-911
-870
744
550
-626
-647
109
-461
642
51
-387
41
-597
495
39
-569
835
673
414
-169
425
-544
708
-990
189
429
-765
752
255
-686
-709
-948
47
828
550
-207
-166
861
461
576
597
-579
180
428
-634
434
721
240
357
-935
-417
586
-597
-809
2
-61
-447
313
-675
415
-207
5
-585
-402
665
-905
183
18
290
-191
269
244
-596
-343
651
284
-961
139
-238
192
230
-338
940
-194
887
-874
-341
224
-380
264
383
241
542
594
274
-36
-883
918
82
405
-201
830
454
-183
678
-217
348
-405
191
-22
-137
-323
784
547
-58
188
-936
-154
424
-576
137
516
-251
79
273
261
512
135
-177
515
-987
-847
-73
17
-42
304
386
368
-95
-433
253
-483
-630
413
-6
395
-335
621
595
-610
-232
-521
439
-960
689
607
791
59
765
581
457
-117
570
553
-80
-506
781
-635
269
-459
-341
-252
861
906
-839
-398
-815
-89
-957
254
-509
54
788
-215
-284
-367
-93
110
634
-581
-855
122
198
759
-557
896
-773
412
991
-322
-655
-605
12
-407
-435
-824
671
-664
861
-80
-140
-836
-279
179
228
250
-543
-688
-275
-906
435
705
-380
327
849
-659
735
-256
-448
-989
-641
616
-799
445
-751
490
-786
-292
-621
408
730
-461
-619
-536
-856
-799
-468
-35
71
399
183
-8
-788
488
975
-233
-667
-875
-115
705
640
-821
272
-80
-688
-518
720
-193
883
271
-929
-916
-902
235
-554
340
-150
7
370
-470
-271
283
572
-852
-862
-666
331
92
-726
602
973
-531
-809
-249
-978
590
413
-592
-54
-792
-624
-763
-394
-893
888
-457
143
-336
879
-131
-9
810
299
-759
-552
325
-363
-836
-297
581
-578
46
380
673
23
-821
230
807
386
-587
471
819
2
-943
737
-836
-267
388
-968
611
570
376
63
386
103
444
239
-408
623
244
579
28
-314
-198
830
-977
241
256
-890
459
969
-919
-871
-801
382
-206
477
512
3
777
-520
289
460
-771
540
695
-485
69
-645
202
-619
-341
-995
591
-564
-535
-475
199
-722
638
552
124
-300
98
-768
325
-61
-836
-223
-407
500
-577
-471
-910
-450
-160
234
743
-829
183
-846
-337
-878
-668
304
-242
-723
131
-299
92
942
455
-888
414
-96
-667
106
-553
-881
439
-650
694
-204
-271
-219
956
615
42
-313
-573
-55
703
948
-850
831
-70
674
558
-942
85
545
27
804
368
879
879
-237
799
-192
718
291
208
-257
-844
-299
64
675
709
866
-302
-74
383
116
200
184
-683
-410
442
-9
-218
-920
505
-79
-780
-995
42
615
-84
959
744
554
620
-23
632
-52
46
-486
273
-470
510
-487
239
33
538
960
488
415
479
874
175
-315
604
125
-366
-282
-764
-484
-223
-31
861
749
505
162
-954
-449
20
-55
917
853
-479
-215
608
599
920
297
621
-835
-562
464
-91
-351
381
-87
291
637
131
14
-607
-274
-948
12
970
401
550
-754
482
-456
-215
-217
-539
-277
410
761
-609
-896
-959
-480
108
463
98
-355
674
147
58
-748
-922
-619
668
701
-768
-188
-857
-657
-901
328
-41
-283
-199
309
-146
-207
434
-752
559
-732
-754
759
940
-281
241
544
998
-54
-609
455
-772
-175
-842
-660
84
-785
17
802
-312
-503
45
-540
-875
593
-309
592
415
991
-399
715
-748
378
-44
76
-968
-262
-627
761
-396
340
-754
490
404
131
-132
-344
698
999
255
-99
-6
940
515
841
407
320
817
36
291
-730
-718
-8
-500
-159
-434
682
323
427
-676
-101
153
598
231
544
153
-649
404
640
-369
-12
-409
-597
670
-922
-996
430
-796
-471
-14
-253
994
743
-264
656
534
790
-67
-379
-467
436
676
-612
599
203
-451
-485
-711
549
-316
-313
225
-498
546
-382
531
476
389
384
876
-305
-44
477
-724
-787
583
243
-556
454
972
-468
-7
-415
-737
88
-740
-996
888
244
852
5
-131
-597
-342
494
-239
522
-258
-698
-441
-664
884
318
487
737
945
479
-342
-468
-831
351
628
-373
-515
586
-562
138
-263
-571
370
-794
-50
-743
406
429
-877
12
-358
-96
810
182
636
819
480
354
50
869
478
844
528
-473
-759
-615
-224
343
-745
-758
549
-985
-671
231
192
525
416
258
-996
54
-570
224
-84
-884
444
914
924
22
-944
-21
-409
-511
-620
-122
-853
-75
-901
921
-219
-166
800
657
-685
375
-989
-469
-647
225
-102
-236
-228
731
611
467
162
-847
770
390
-888
-436
-866
-277
238
132
553
-648
32
615
-735
178
-771
-211
882
349
71
-648
-44
-802
131
-327
-655
-170
-706
-34
571
43
-590
-237
912
-243
76
272
169
-107
712
337
-761
-110
-645
-612
-710
-912
614
773
-439
-861
-259
-340
-263
-81
-585
-47
-926
-517
654
141
489
-665
-906
-333
-806
917
-31
846
409
-622
-697
-45
-178
900
397
549
-798
342
-4
-753
222
580
-633
-900
57
741
-543
-82
54
258
727
-337
-374
581
59
-893
710
-886
603
-737
12
-119
-970
981
536
475
-399
141
-196
857
-409
888
-928
-814
265
544
-383
-537
568
-377
-461
72
720
339
-287
-523
-650
168
-890
462
-887
-136
373
-623
895
750
-556
570
-35
-545
457
371
-536
38
-875
285
562
384
-799
-580
359
403
-152
543
-234
862
213
-151
-477
527
745
818
-289
946
-209
-135
209
187
864
253
-523
-142
-52
837
186
234
880
590
255
-610
-414
-737
988
-337
8
302
409
972
89
343
-526
-558
-983
-928
684
-407
-988
-74
-422
180
705
665
927
-928
-151
996
-849
-787
703
-775
-959
839
-679
-924
29
235
939
201
-594
-588
-400
126
139
-786
-686
935
-448
592
-39
-933
325
507
125
-483
189
169
8
-543
-266
694
947
-597
-755
875
-762
567
-32
351
134
-582
610
265
751
470
-194
321
146
537
812
48
276
-13
394
-171
-903
-204
-208
-836
630
-329
823
318
-273
-222
-972
11
591
-262
-93
-866
-890
214
540
762
709
699
447
-853
225
-158
699
151
250
-979
902
-43
269
-594
661
-36
153
-607
104
672
240
880
-56
933
-500
1
111
546
654
893
-849
-390
16
-602
161
-803
161
-693
-770
-875
892
-672
-273
-87
-710
947
614
-562
38
-103
496
-953
-293
-875
626
333
979
-577
575
-235
-348
198
223
297
981
165
-659
135
469
368
-464
317
-411
751
-910
-976
521
-925
-991
62
975
-450
-50
-290
-651
967
-64
911
-179
165
1
52
-372
-324
552
-688
-966
-513
-427
-239
-166
-545
843
-57
823
-815
-421
51
198
-509
114
-630
687
-800
-651
-544
-598
400
250
167
737
249
-554
303
380
207
361
-926
684
-866
-470
858
204
-213
420
527
-714
-667
781
725
487
8
473
-601
717
198
-582
-607
-666
240
-552
-596
-600
-240
939
-895
-602
-979
-543
937
753
-800
-247
-474
932
-705
186
103
-917
-871
-365
-987
-375
-746
251
882
-523
692
794
-37
-232
210
395
-908
-713
225
-899
397
-883
896
-180
-843
-813
-178
-53
-685
-309
-408
-913
-722
-800
-57
512
-677
-951
-881
704
186
-611
-828
-932
654
760
651
-82
5
-672
286
221
931
241
655
-889
166
911
-869
-211
789
289
350
165
-959
-121
-22
561
867
119
-100
69
-213
965
-527
-958
-501
-109
972
-558
113
-528
-22
793
245
117
-625
-316
870
625
-163
-66
536
-867
451
-143
-104
755
-465
-73
813
112
728
-333
-414
-347
-246
593
590
994
237
-661
513
-173
-965
-393
788
-273
-285
-818
917
-629
579
298
35
914
134
-967
-992
625
-90
-792
875
-98
24
-861
433
105
-417
-886
399
78
728
-532
889
382
880
561
-592
917
-279
558
972
-429
770
-195
469
407
-670
622
802
242
530
438
814
-92
-837
509
18
552
959
-14
372
329
714
305
-307
-198
-350
-313
-696
-313
759
344
-465
-270
-995
556
-58
-761
541
-992
-965
687
-532
183
109
-114
-22
646
58
-616
-904
-124
-115
-439
-303
505
-327
935
896
791
-318
-874
68
181
-140
-884
-26
-711
246
798
287
170
-200
-529
-928
454
-930
-940
552
830
622
-440
-427
142
-7
928
-596
964
-908
892
-165
-788
-26
447
553
-974
-695
-528
-271
501
-611
276
-231
355
85
33
298
50
-901
-607
-478
333
-349
1
885
250
-987
-408
-470
62
-363
-509
268
691
761
-327
232
118
227
553
325
-312
33
882
-484
-762
-744
213
536
-534
-907
241
-227
-73
830
-918
-486
171
-951
-727
-703
-338
-465
812
160
-3
-913
207
604
946
-962
-294
-446
-320
-871
-536
-536
-726
779
-707
-589
359
659
-346
-550
401
860
-313
-513
56
-680
-15
-172
922
279
242
-44
723
871
318
714
286
-119
-234
584
73
587
-832
-829
-62
89
-329
610
-189
827
-255
931
820
844
-35
-49
692
-548
-100
-984
838
171
-206
276
-616
607
349
-765
-941
-576
-390
-789
965
-311
-67
-580
-368
777
-885
26
509
725
-524
27
-451
-146
932
-276
-978
-315
-883
-303
647
882
485
-386
542
852
-953
236
539
598
374
722
813
-750
-285
-4
837
-816
795
669
313
108
-457
-23
-783
821
-847
-862
284
61
369
-205
-951
880
-576
141
775
508
298
581
856
590
1
68
-416
-559
-546
-695
-787
-948
-829
957
43
-189
701
126
877
-965
521
868
-162
-427
545
910
402
399
652
-836
-527
-388
500
-490
-582
-311
-489
745
960
64
-998
-541
537
633
-649
236
-551
-757
842
-132
-55
-232
-975
-901
-853
-144
644
-956
978
722
-763
-156
-286
-69
-864
256
996
-169
169
963
387
-578
793
-564
828
-751
596
-609
524
-362
231
-12
-459
903
-603
-355
327
726
172
596
281
-295
-958
464
934
-926
-798
-744
-120
590
219
-67
-231
-370
788
-755
665
300
-306
161
943
-405
27
703
-854
-575
-591
323
140
578
12
350
-736
5
767
-283
606
804
895
-485
-504
526
-407
-623
-894
179
-887
288
884
-667
163
714
343
755
-81
339
-5
-33
66
-15
210
571
-428
-73
-856
668
43
142
-604
-977
-490
-623
-182
-611
665
-913
-172
-676
696
266
490
-573
-21
-624
-964
311
269
-301
294
404
-890
-538
802
-16
-965
404
-920
-45
44
-919
622
815
868
-695
85
-474
-768
390
579
-422
744
-704
-155
-310
770
-911
811
-635
899
194
781
311
384
825
812
-860
-425
-574
17
483
-466
-531
-177
-661
-201
-412
-227
237
777
927
661
-499
-704
-18
661
861
-951
757
-264
-556
-977
-800
44
-167
451
-115
235
-550
-743
13
-773
-532
-620
205
411
349
-82
944
-891
300
-559
-807
734
85
-630
-234
-326
-833
-760
-182
152
912
-385
-713
-673
-324
133
378
-193
-48
266
580
402
-890
155
686
-956
895
160
322
326
-417
482
-30
-962
-851
713
173
-548
-630
488
-12
-619
-490
219
316
-163
708
-232
24
-521
-128
659
350
-69
912
0
-58
887
103
-65
356
505
577
507
637
-829
-262
-770
49
944
102
-941
269
-61
286
-496
58
59
-444
-940
594
198
-611
-173
160
-677
766
-775
-798
-112
666
-431
962
63
-408
191
125
-914
-710
-452
205
-485
747
359
-448
982
431
190
255
-504
-960
-721
-437
-526
-723
-370
108
-603
-819
105
-785
-85
-852
-963
-232
-826
515
-630
535
-452
-488
538
-381
156
808
819
53
810
-531
-717
593
308
-443
-413
-95
-236
-688
-884
972
622
6
373
50
-318
661
-49
-931
-67
-296
353
346
679
-420
-809
307
172
-577
-726
-786
-562
-431
406
-969
442
-953
-360
89
39
306
-254
-631
-632
-677
-189
754
262
-714
-604
141
-300
-842
99
404
-145
338
677
-179
-530
-19
671
-822
14
-954
-572
-665
-894
-238
143
131
705
-40
791
-43
427
745
187
-736
808
173
489
-310
50
-377
542
185
-682
-630
797
499
-88
-27
-867
-830
-157
-761
-193
31
971
788
621
761
552
129
-770
278
-928
-486
-773
-824
375
-930
-360
164
73
-196
-631
703
-54
236
-165
-386
173
889
-893
-581
-2
190
824
-45
363
649
552
881
-536
-134
633
147
-745
-456
454
612
-901
523
-860
680
-162
-922
-681
24
-922
271
-31
65
-158
471
263
125
-237
-595
568
-26
956
-149
-752
-206
36
-581
-599
-900
872
74
-455
652
551
-494
874
555
173
-819
-582
-952
207
-390
-236
621
-14
-595
599
-865
847
622
936
-256
-586
-35
-158
-491
-576
876
876
-920
545
-711
116
-646
-993
-741
-798
39
130
-905
-117
-5
630
506
-731
-749
-646
124
742
782
-40
16
873
-575
481
643
-228
-644
883
70
-280
595
-984
-745
-490
-165
403
73
-589
984
832
-21
276
-623
167
-478
217
431
144
-632
-56
-869
-331
87
942
344
51
-187
-735
191
208
-54
-94
-978
-14
225
464
-233
-389
420
96
458
-834
-178
-808
-823
-390
-793
-715
427
438
855
99
-49
-761
173
-938
356
981
341
256
-509
-747
835
129
896
-266
821
-192
207
45
162
715
108
-756
837
318
-363
-0
-880
812
-49
-879
796
446
376
735
178
112
-499
-440
-585
-35
-824
-498
-870
184
389
-846
-839
541
-487
-458
-431
304
791
972
-855
-677
99
-87
486
593
-38
-413
-84
93
582
941
473
-297
-342
346
-980
580
551
-401
290
-617
138
558
336
497
-906
-285
37
349
907
-633
-422
319
233
364
-771
556
-364
-483
118
971
-772
-109
894
244
209
-41
443
957
-433
551
-655
466
-927
71
-635
-774
-3
-920
-45
-51
394
238
-453
-865
-517
-795
228
895
-916
-905
713
-310
-915
967
98
919
463
-681
-352
-858
667
745
-268
755
959
87
691
-741
-979
623
-431
922
51
-514
854
625
378
472
-363
-182
239
-346
18
593
-500
-427
110
-177
656
565
64
735
264
441
-787
-5
-597
14
-144
-965
176
576
-741
-800
-797
-612
259
-655
-259
-207
-72
130
-916
636
103
57
-993
-918
-90
-836
-435
100
499
-921
204
-510
-693
297
136
374
-535
519
-768
-967
507
450
603
988
-658
-566
390
-491
-420
-396
-723
795
905
-491
455
-236
262
-904
-588
25
-154
462
371
979
94
-699
-850
-780
-865
781
82
-635
-55
-915
784
890
-235
834
-658
101
892
274
998
-202
29
-184
704
-809
-710
754
16
-784
701
-561
783
816
-814
122
848
28
-11
341
-383
826
-226
292
578
-197
-47
-991
772
-858
-601
399
657
-30
-343
736
-874
523
496
-695
596
-705
3
-825
-207
-714
369
-961
-244
399
-716
-665
51
-43
-708
-973
984
-947
-727
-467
-161
447
647
612
104
831
500
-763
38
-802
-897
-51
157
573
-827
523
574
222
82
-818
-199
-359
-498
954
-281
-635
-235
-412
740
-629
377
260
474
878
-670
-95
697
-272
-929
-436
334
741
-813
961
490
474
-94
-523
921
829
801
812
-731
-399
662
-223
-611
917
469
330
173
-531
-243
-188
160
-108
294
812
-709
38
399
72
930
-786
572
-63
-625
14
1
385
924
-474
-117
-595
-850
-902
600
-611
315
634
-219
-634
644
65
-554
510
-647
-48
-624
647
630
76
227
-464
141
782
149
-557
120
791
-776
505
-638
243
550
89
791
-466
-908
913
733
-410
168
-28
-941
315
-824
844
727
-77
-330
-161
683
-844
909
-994
157
877
-724
-317
-428
439
806
-68
-75
-866
-312
-880
-6
291
-186
-910
-42
372
-397
-487
-674
-431
562
-69
-996
-395
962
-360
-704
236
641
-585
638
-153
-998
566
-919
-857
200
-822
-862
857
-197
-497
220
143
584
-896
37
962
-394
-413
-229
850
-549
626
594
-941
404
-45
524
-838
-269
-682
-488
-695
525
899
-730
-536
773
44
349
-512
775
-730
-98
759
-6
27
-439
80
-534
775
-432
248
-826
926
-629
281
-51
56
931
-870
-610
-136
323
-69
-548
-473
157
539
718
-511
-959
105
804
512
-329
378
-983
340
-83
515
607
317
415
-99
377
833
-756
698
804
0
297
425
245
-939
879
-664
-796
602
541
696
-665
606
820
-685
572
-110
-768
-502
-4
46
249
722
-44
-608
-379
856
-186
521
-823
-983
-596
-617
-332
-82
-913
-925
191
-559
-324
-524
-176
803
547
721
883
-766
502
548
-854
876
463
634
-448
-593
-65
-532
850
-956
-12
-120
-734
-431
-621
424
-314
947
101
136
832
378
-200
843
247
-152
476
859
510
800
973
-310
228
770
-544
-582
-988
625
872
-295
619
-82
-719
11
-935
712
739
901
-632
296
-929
256
191
810
-702
-886
904
122
-966
556
944
515
-643
-2
-439
508
-880
-638
350
839
-258
-79
-751
842
-334
-323
19
-665
606
-994
-669
766
-970
325
557
-78
-595
-683
-710
-415
276
-26
-929
14
-710
933
-214
-280
-104
-210
475
-181
797
-768
-94
903
274
-722
972
-740
449
-413
-725
-553
3
194
403
-252
944
59
-556
113
243
-386
-924
-249
504
390
-411
762
-58
-597
684
365
222
-19
-90
961
320
-900
178
618
867
-263
-303
-397
333
-878
-197
999
19
902
-855
794
-562
771
547
774
102
-45
-766
471
789
470
-945
-110
-191
778
-227
277
619
-234
-791
933
-102
-3
-773
-968
529
-253
259
-143
727
201
-495
-447
-880
633
394
-268
-897
716
451
-585
123
806
905
186
224
-290
-570
-537
475
825
-442
-717
-70
-362
470
-853
489
329
961
-730
-606
608
-461
-979
-669
-157
603
-450
12
546
815
-428
410
-50
624
613
152
112
368
902
-600
148
286
228
115
133
525
587
-23
-364
-122
-582
-199
-592
-490
-956
907
294
55
196
649
804
594
462
-733
-617
-804
833
-598
-275
-921
178
-688
373
-347
617
-602
522
-869
-166
163
161
-687
27
-772
373
-533
225
728
668
-872
-775
-411
-24
634
586
326
-469
93
-298
-150
263
-926
-609
-440
-433
915
-139
-858
310
354
-994
995
-45
-664
307
-366
203
411
651
90
-868
-645
-36
-523
-699
-595
-909
214
-32
649
397
-613
11
-413
580
-451
-213
-456
303
-301
208
-752
-839
-775
549
-914
-143
899
-257
873
-519
638
-124
-687
-777
485
-236
-158
-908
3
-61
108
-150
-62
-23
-948
611
-979
-384
-514
358
850
-590
-727
-293
308
0
-910
775
-261
-612
692
-148
663
-394
-398
530
52
609
-322
-861
609
398
364
-549
-675
188
89
-744
573
283
595
-925
-989
-778
141
294
854
327
-570
-844
-741
965
73
936
-552
322
-88
-147
-838
-388
-917
434
79
342
341
-246
923
266
-977
346
-125
29
-620
-642
-805
790
-417
-198
-690
849
79
-466
11
702
-286
-870
421
328
779
852
-705
364
571
322
455
996
-618
240
547
971
-694
949
-93
510
952
161
-709
-131
792
-245
-976
485
-704
-577
371
-790
-741
-533
721
411
758
683
-802
-99
324
841
585
-248
755
-246
-725
-543
-127
-653
-472
875
988
401
429
736
548
-407
-607
-128
832
-488
-762
727
813
442
-148
-220
-580
631
826
115
649
860
-529
619
66
622
196
422
-786
646
-534
-128
-192
827
-831
744
817
-90
-945
412
873
-544
-441
-430
-535
-866
-647
-535
-458
209
657
474
-559
526
-626
-572
-677
-921
-787
698
780
-743
-263
-267
993
-714
783
181
105
-902
350
-935
-944
-146
559
406
760
-768
-780
-448
-216
-127
-56
45
720
-949
775
-98
-444
-802
-792
695
710
-280
555
-615
595
123
755
869
-468
250
406
314
296
-557
-29
-993
-772
581
-353
-451
643
-304
446
-578
-695
-510
881
-655
-294
-266
522
415
884
-974
193
-891
-351
-938
-73
-64
-698
-222
-752
-109
-146
-721
339
-315
-133
-166
-66
-866
-604
566
-673
798
558
655
601
708
492
-120
918
-760
76
-81
983
-263
-751
617
-813
-500
787
-33
624
840
-522
652
100
843
-690
23
871
-965
-469
104
701
-357
-464
580
-835
556
-734
-150
973
363
270
-689
378
468
-588
833
-881
129
-284
433
-483
828
-550
-755
324
540
210
-439
884
-139
832
114
514
410
305
-621
-537
709
-780
-315
-288
-402
-85
790
-101
-793
-901
-999
-503
269
-957
949
-691
-286
475
631
809
-613
227
215
332
966
-620
-352
-80
283
-215
236
-243
82
-827
-834
-451
-882
-203
-711
-162
-121
995
-257
-151
817
-477
273
927
-142
-774
-743
-776
-256
-427
-866
-996
-723
165
771
-224
34
345
477
368
731
300
71
-451
-759
646
-171
965
987
226
150
51
-208
-197
-21
-10
411
578
91
162
612
-828
803
-30
980
-253
411
20
52
-10
486
177
-386
-379
-137
32
-702
884
-710
648
523
878
-557
610
819
35
-696
202
968
264
-827
-558
-861
34
709
318
287
-222
446
806
-805
274
757
-937
-762
534
-850
118
887
986
-539
-532
-853
-23
939
269
-374
-951
724
-209
-441
-427
540
-706
-402
375
350
-119
365
855
-323
-754
-373
-533
-945
936
-189
-30
-613
-508
-781
660
494
687
274
869
-19
-999
32
842
-978
67
-845
-897
538
-177
-641
-803
-321
699
-384
-896
-895
-500
-131
256
-824
-277
125
-480
283
335
-199
-764
980
-467
384
-472
963
559
-19
-556
843
-866
63
-984
-708
-975
809
132
-907
506
668
-274
303
-430
705
-167
876
-221
83
-991
229
-756
-410
-828
-840
664
-313
-844
-476
291
965
-433
195
-486
565
-775
147
185
-771
578
700
472
-533
-982
295
894
84
-454
686
262
121
-750
-272
-178
301
-8
703
367
-501
301
-327
-408
227
-394
-507
-221
-46
898
258
-715
889
-914
907
533
335
-556
734
-425
532
-579
-828
20
-123
-898
699
-293
-40
-533
-841
-60
-606
-838
285
-302
-786
209
-33
-194
-500
889
409
-139
-94
-748
-444
463
129
390
-620
936
-277
-374
78
170
-364
481
299
222
998
681
483
-844
150
-730
983
-529
515
-627
175
-524
-561
-664
979
-606
-561
-123
135
-8
-257
760
109
-205
545
218
333
612
-101
-107
515
-761
-704
-472
555
829
274
-757
231
8
-498
-200
673
78
793
-206
603
-88
555
204
744
627
-975
754
-50
686
692
-83
-403
844
-700
856
-370
667
-856
740
257
-322
103
-142
-542
405
-418
-305
651
-369
552
-710
-873
-553
601
-33
-13
-442
-136
-974
-116
-266
-220
708
424
926
-359
-604
719
-666
802
531
-760
636
-910
927
-341
-265
468
785
756
222
-405
-348
335
-796
-67
-657
-653
-75
-607
293
548
-214
-885
614
768
-108
14
-649
176
-190
477
-774
844
-397
204
456
-953
474
374
-183
276
667
101
-991
-466
872
-733
-777
-495
-85
568
157
915
64
719
784
-892
989
472
270
513
585
-140
528
-240
-39
858
-35
827
63
-51
597
-356
-288
918
471
756
-382
-123
884
227
-524
-472
859
715
902
-826
-414
438
363
-317
-140
594
970
-137
-433
-481
-802
-573
957
-288
406
-710
649
227
857
902
-969
-872
-918
497
375
-12
-284
-543
225
804
649
-156
-367
-14
631
-574
117
-892
-456
90
721
713
-392
-951
-439
-953
-974
739
549
-270
374
134
291
-878
-768
-283
422
-199
604
784
961
-483
-551
982
680
634
97
-897
146
-487
-95
108
-118
-684
513
-117
-557
763
527
-562
-349
-613
-316
538
637
-729
500
602
201
-45
-458
-894
-468
-476
-106
555
-938
606
383
-717
226
-457
-340
402
49
-961
-314
-874
864
482
93
-129
261
-638
584
-17
506
241
-237
92
-443
-145
-612
-244
-74
-150
467
904
-367
725
898
466
-568
-954
-703
-443
-804
607
-311
245
-929
-258
-676
829
-704
699
648
-710
-576
-77
416
129
812
-989
940
-861
983
-322
281
406
-57
-940
-974
977
20
182
-926
8
-753
-214
-233
-619
-899
579
93
-518
443
912
-814
968
-296
622
519
313
980
-669
-307
-133
-231
738
-50
-531
420
262
-686
124
86
-557
-80
229
102
-626
539
319
176
-799
-667
719
-774
377
565
795
599
960
-575
-92
-439
-439
-183
-101
-169
586
-583
-979
-991
-170
-209
-911
-669
839
-764
275
-3
-535
-177
-545
-241
886
141
-533
573
393
20
-942
880
287
714
200
-628
-255
-428
504
-636
493
-608
-613
82
-316
663
-144
393
539
-345
176
-179
484
-583
276
-435
348
-500
930
968
-740
209
-526
20
-709
-158
-44
-668
945
572
823
-695
404
-486
833
-284
790
810
-96
86
-549
395
-582
-825
-20
-452
405
-719
398
-495
364
157
-274
-526
150
880
-857
-996
44
670
-219
-611
-974
138
888
-956
117
462
433
-466
954
-635
326
955
453
-138
452
352
-81
152
476
926
574
-337
-729
-942
853
-847
561
254
-131
742
-495
67
-585
249
31
-358
-916
-964
-202
-681
-836
940
-34
115
-939
-805
952
714
-443
654
-491
432
-412
-757
-656
374
670
594
861
-573
919
-587
251
112
-617
-874
482
-220
-55
-213
119
-260
606
197
-915
971
150
57
564
800
991
642
333
-72
-896
-804
-577
-509
270
-2
-478
372
-236
381
655
981
-208
-824
543
-282
-534
-807
854
-646
-24
13
326
-482
871
-362
-749
-876
-23
499
-598
358
571
-948
-482
901
-947
-712
652
187
-410
-753
596
469
331
538
454
-765
-62
-803
-12
-755
-972
-584
-14
852
-672
-287
235
-240
-430
-551
675
-262
-734
-986
-771
705
560
-719
-412
702
-529
57
99
-35
-428
-765
-255
-545
446
736
-976
312
-435
815
-307
284
-860
952
-991
-840
-926
-875
985
171
8
0
-54
226
-48
337
-263
895
315
-434
-187
-78
-232
-646
-430
-353
-430
776
18
973
-395
125
-637
782
219
-963
-195
223
-50
701
40
272
407
-306
-50
-195
-294
456
692
588
160
374
-296
-487
-820
531
594
34
851
131
971
-699
-351
-549
-746
-659
-392
-966
984
-91
-697
720
426
-644
-798
-531
-806
387
-89
-552
-778
446
950
915
-921
-794
-629
-261
-972
-684
385
-891
149
-52
-920
-779
521
-573
342
-461
-847
-586
-473
-883
-457
-567
-135
-738
-89
228
-100
-60
232
-796
-474
-894
864
150
-679
134
-602
684
-511
726
917
610
-961
990
-8
-824
395
-508
550
-300
693
-71
-839
-736
881
-952
-121
816
-289
-981
-945
-483
228
304
651
-712
-743
-343
242
934
598
-275
504
155
250
-442
-997
-889
-918
356
150
617
556
829
743
274
353
62
-993
-355
-409
-791
-75
632
-226
266
-760
-974
-547
819
918
-633
347
-833
968
-287
-337
783
-463
-110
107
-770
964
-888
900
-155
-505
-442
187
-896
-463
884
614
-917
787
-471
-757
466
690
-585
766
760
880
827
-477
926
907
445
182
655
742
-567
424
-925
445
408
603
-187
-723
607
90
845
-48
222
357
903
-709
303
560
-600
-90
-921
-177
233
826
806
-725
265
646
355
-422
806
433
-616
-689
-703
225
-177
788
7
250
-883
-169
101
-692
-522
419
597
790
550
-430
611
-581
114
-903
335
639
-482
71
327
392
230
881
-16
41
-855
171
-831
311
-473
-771
-369
379
922
138
918
802
-47
-327
-411
334
-545
-788
-610
26
315
-244
-911
-239
778
-434
-964
-844
975
427
-245
356
618
-870
-245
-664
45
948
-236
-141
-268
-63
515
596
784
-229
-136
-171
-731
687
-290
888
-964
-996
375
-567
-417
228
891
-423
-552
56
591
-148
620
-650
539
-598
726
-703
435
96
254
-785
-854
524
-565
799
-807
-478
-783
690
18
825
-586
197
503
-874
-675
-606
-571
287
-62
-293
386
1
-956
843
-331
-423
-901
938
-619
866
823
175
-307
884
-253
-591
5
161
635
-289
-25
235
-685
-683
690
950
-725
-612
292
-402
-378
-185
289
-345
704
242
-699
-656
354
41
592
262
-469
-54
75
-306
153
188
543
366
-520
-976
-437
956
27
-188
988
641
-28
-570
-503
-260
-73
-450
-335
-863
-128
427
-528
-60
-732
879
402
882
919
238
681
-782
300
370
-752
-842
129
797
-356
-916
810
-513
19
-995
-847
-712
-437
-283
-430
-724
591
-766
540
81
-125
-689
-145
147
-597
-455
433
325
366
607
-967
683
249
983
365
390
414
-425
633
77
420
26
52
75
-313
920
717
542
-53
-460
-942
261
-281
-268
612
-496
230
237
226
405
346
-523
929
-381
295
753
-395
-298
-54
-294
-616
50
-17
-832
303
-487
-563
64
780
-827
-343
17
299
-119
-234
-723
908
-400
-764
520
-822
-420
-722
-582
634
282
-46
419
-967
403
656
-107
-604
-841
444
140
-73
356
-397
-1
52
712
-936
796
-374
809
677
-298
776
354
204
190
-406
-424
838
-538
62
341
86
-605
688
-194
-35
351
983
-383
-551
-817
-472
113
371
553
-606
135
383
504
859
-140
-542
409
-900
64
70
113
827
-205
581
336
-4
231
-916
-162
-137
374
-498
556
-928
554
-206
-893
-597
-936
208
70
447
303
741
-844
471
-910
-354
-720
-439
633
-293
-31
976
-420
-591
452
496
-755
-924
467
-521
-717
-548
-511
-63
-985
-727
-598
336
592
213
-671
-856
-298
729
-528
199
-478
-35
735
-190
807
-89
-972
-129
-58
313
-756
-859
-301
-524
190
780
471
-362
-618
631
-821
536
498
-710
-711
-637
-896
-226
-436
732
-826
0
31
560
619
76
912
586
981
-319
24
-512
157
471
192
-924
419
-373
343
100
125
-106
-492
151
694
518
-131
343
-472
233
-721
-387
786
943
-46
443
924
912
-595
890
-886
359
-142
305
869
630
48
83
-130
-316
-422
699
-662
762
-27
898
-764
-634
-312
872
181
-477
577
417
-291
-236
197
-411
251
-820
882
-895
-680
257
172
878
336
-935
620
973
790
976
-200
-551
264
433
-90
145
561
466
883
-439
404
485
-79
639
723
-560
354
727
-483
117
-193
47
-664
192
-210
120
-6
-343
-768
10
950
767
-34
-628
-360
-794
-8
364
58
-220
188
588
-298
335
-266
-909
-268
-226
876
523
-951
-493
-862
-632
767
541
-545
-854
-413
-613
887
600
-551
-809
-32
367
1
295
423
-135
484
-497
158
576
893
955
415
-287
-86
-98
132
-806
-31
700
381
-644
-864
598
845
-298
-67
-870
-513
-154
-957
69
-70
-574
330
907
109
281
-45
349
758
-980
-605
364
-359
-69
-771
757
718
647
-957
464
-458
-744
976
-745
-445
-616
279
520
-499
306
431
815
746
902
17
-121
-111
-330
311
-526
-856
158
-827
125
-323
300
-846
-609
930
295
-878
-126
986
-133
587
758
506
-578
299
11
486
730
779
276
202
712
691
126
-350
-328
-271
-380
-707
463
-13
-334
138
-535
-107
682
734
94
-936
455
-183
-223
-574
-585
265
992
875
-833
-742
-635
179
863
64
-691
881
-991
634
-871
522
-193
857
-770
864
802
-324
-160
108
769
684
229
-311
982
-788
857
662
802
-940
-955
-529
-116
548
-709
-4
-884
-643
606
687
-251
-793
137
-863
326
-217
312
-392
951
409
300
-844
453
-650
-442
-999
-164
858
600
946
-228
913
261
-673
597
929
-199
785
261
-64
-125
-452
561
296
735
440
-109
209
10
638
-669
-208
-341
873
782
-361
-706
-901
-828
-428
143
880
574
974
-675
896
533
-565
99
-181
728
140
60
701
-591
453
-703
-339
-126
566
279
498
920
-38
853
-604
114
-368
-490
415
256
-169
905
-292
174
185
26
-617
-450
-317
-227
589
369
220
732
-942
856
651
971
145
-154
951
717
-478
-577
-174
420
498
74
-650
-705
498
407
675
-444
228
502
483
-101
738
-461
482
380
672
-402
964
-266
21
315
-403
516
415
-164
-589
-212
-295
944
-556
-462
483
902
-324
-614
-193
42
-745
580
929
-411
361
-550
-649
-786
-523
-137
-464
805
-911
135
-405
-405
440
-311
434
593
-697
-156
-342
608
-894
-223
-841
499
504
209
-516
-59
-304
30
444
589
119
-545
391
-30
-603
-996
-337
-550
482
102
-78
306
884
-824
312
-527
863
596
577
-892
935
330
87
466
343
-271
83
-507
-267
0
-449
-363
951
-918
-290
414
-402
850
976
-411
238
445
613
992
340
-459
224
805
-134
57
-886
1
-567
130
-169
566
-929
432
668
774
-769
149
408
522
29
-670
-402
556
-875
-216
-932
155
794
-755
364
-822
-115
831
-277
769
-284
-574
-462
7
-520
734
-358
18
181
-318
-7
31
463
349
568
-398
909
891
454
62
-826
-132
390
688
628
-469
-498
110
67
53
-930
839
776
916
685
-557
126
-47
-192
-441
445
808
-115
608
83
817
464
-557
443
823
-451
639
422
-151
-125
138
206
-569
570
-503
190
18
-681
-599
401
252
154
135
-633
-246
230
-32
-36
758
-130
611
934
678
-909
-443
403
-516
290
838
289
-385
-174
-307
722
-168
679
-524
-112
284
184
-685
-774
497
204
-339
-125
-716
845
861
-441
-419
160
-789
849
998
-152
-973
-588
342
862
989
-109
-638
81
873
232
346
939
-17
560
-526
403
990
25
136
-717
-227
-183
-484
421
-138
1
46
971
-432
783
299
-513
-529
-325
-779
791
-572
-576
-590
-413
-4
-212
58
-818
770
801
-139
-710
557
-686
-429
-695
155
409
-973
473
-940
-380
-924
-840
-151
115
660
-662
-212
906
529
346
-928
-781
281
-231
995
571
161
317
757
658
-609
986
373
814
-845
291
267
28
-31
121
-575
650
-808
-753
-752
982
436
535
213
417
214
-536
133
382
-528
-896
900
-191
514
625
-708
-981
-280
-658
218
-255
-136
619
708
138
-209
339
581
522
-827
66
-459
-384
-916
232
-822
-271
632
931
596
929
-456
619
-503
837
994
570
303
-545
-53
-705
-617
-185
219
-294
-538
973
-195
384
-438
382
477
590
611
-999
264
-891
33
-835
-896
420
-56
782
690
-303
-92
-265
-341
-701
342
320
-108
192
639
99
-213
-323
265
-874
-975
-435
-214
340
-259
860
445
912
744
-48
-188
-623
18
-24
-107
-590
-427
-854
430
-548
588
-995
293
-588
-68
-476
-487
10
-750
-493
284
645
813
-704
46
286
-13
669
-893
-695
949
217
-624
293
-318
-936
-574
18
-433
631
-976
-466
903
-648
-96
-757
-219
-833
258
-922
-617
532
144
579
-273
760
184
-943
-714
235
638
208
-670
53
-521
-506
538
34
940
-963
-527
167
302
502
-757
-828
-81
-958
430
681
339
-794
-929
-263
145
-787
301
-88
121
621
-328
627
-189
-513
948
-923
-85
-868
-249
940
709
-419
386
-615
-449
-387
-389
891
-951
198
-951
539
-895
-755
-891
-891
774
963
521
-21
166
-452
-774
134
-748
976
510
-439
-275
-903
-593
118
457
233
12
653
662
-86
-801
865
609
952
-709
525
290
-854
-575
956
758
-714
443
-302
-474
597
-665
529
655
393
577
700
-51
104
-879
10
-601
-760
445
501
507
-898
912
-798
-261
284
-814
-58
-243
196
574
-111
-636
571
990
352
-874
21
-382
-706
-363
185
-326
99
-758
-43
-855
-212
83
924
-208
-275
582
-221
820
-959
-269
-416
-741
-869
-812
-184
-772
-862
-533
-632
118
-176
908
-17
677
-615
-473
895
-547
66
29
730
351
712
-82
-330
956
-253
-608
296
-598
233
295
990
596
-906
-363
-483
-581
-303
-893
-568
843
418
795
-90
-330
169
-155
171
272
-81
-66
-54
-761
-366
-694
207
-107
-693
396
648
-458
-703
33
-717
-304
-645
715
-721
-760
-482
-374
696
371
736
-525
-493
257
-597
127
-949
816
505
646
-8
-665
565
237
225
-354
376
-49
863
-122
949
-478
-32
-845
-178
115
-249
734
-524
779
-579
-62
-365
881
769
392
-604
969
-221
525
-657
938
-124
425
-995
-749
-43
234
-626
-341
-470
-467
660
-62
251
-280
579
519
243
-352
-502
166
-617
305
868
-992
732
-117
247
-625
119
-111
-828
402
575
-663
-561
974
-285
774
-278
-196
577
106
-844
675
989
-662
-769
-241
523
-774
-437
-967
-380
580
-860
-21
-441
-614
-211
249
428
18
-680
-894
516
-640
-768
-380
-700
160
89
350
661
817
606
-425
-682
936
703
917
-850
-876
868
-472
570
833
-517
190
500
-756
-778
197
625
174
316
899
-353
-842
384
142
298
-966
-511
-346
516
174
-636
458
505
941
75
693
-319
-2
-201
362
472
-18
-837
-51
171
-999
-597
-420
441
628
-905
297
-560
-633
795
-964
28
956
-700
-218
233
-31
378
636
-165
-687
642
-647
-635
20
332
-403
672
-225
718
-947
716
-837
430
265
-443
17
-641
-344
-649
-411
702
-693
877
98
-65
-251
24
-579
-915
-753
-501
147
139
474
-857
-122
-404
-285
438
878
-780
341
-570
314
-117
-195
542
816
835
822
529
-955
465
567
-975
-111
-279
264
-726
-687
-998
166
577
221
625
808
-341
792
-355
-413
157
-438
-330
285
-632
603
207
-170
104
549
788
-940
825
639
91
863
-929
36
707
667
-646
970
-392
342
-884
282
952
505
-954
310
-549
-998
-178
90
-708
-576
-732
-912
-39
-325
-849
-300
533
-931
-654
237
118
-681
-269
885
233
37
-8
794
-908
27
-431
-911
-836
-804
788
45
-628
-907
850
-580
-607
-753
-270
-367
371
288
425
120
746
-104
-670
-498
-228
-900
550
866
-801
477
871
954
590
397
-146
-628
146
483
-234
466
739
-893
551
151
-83
-129
-824
-549
-30
-133
-168
124
846
-482
589
-894
-667
-322
252
276
-101
-994
-840
-43
193
-750
289
-27
-835
-567
-810
457
-602
-400
252
-893
-81
-334
134
-496
905
-393
826
682
282
-141
63
-274
-729
-871
703
-390
-356
410
101
-171
-210
-905
-689
-753
188
120
845
-621
773
260
-962
964
-375
-809
-338
187
-601
936
31
966
-935
-823
833
-707
-290
-434
969
-922
478
525
-416
364
-156
660
-693
-758
65
113
-731
857
139
977
43
-805
983
337
394
121
705
89
760
-730
-133
-76
-367
-589
-930
-319
-818
846
806
-905
940
-454
-160
-747
94
-98
25
-796
812
-603
656
419
-398
-332
-152
-108
616
89
-457
-49
18
-483
-378
139
370
637
-16
-205
26
-970
-126
623
344
872
253
57
125
370
172
-397
604
-273
795
-387
367
-999
-140
940
-39
990
438
-619
939
-418
850
-6
554
427
-109
-170
-875
674
-496
-556
-779
-883
-593
132
491
996
69
-148
986
-972
-93
276
664
40
269
-751
142
969
-136
619
-355
-672
-323
400
-99
757
867
-217
688
-747
-205
-61
-484
786
835
-303
725
-319
-500
-358
443
-496
853
897
322
-203
-846
-226
647
654
-769
-377
-285
-895
-415
-736
73
225
-649
-172
471
-850
345
-0
88
-179
-964
-705
253
738
206
-232
411
-557
284
384
-458
-778
-311
499
137
-962
236
-55
619
862
-621
-808
256
-797
448
0
-121
413
261
536
-943
-204
517
373
-406
-314
-682
763
841
182
-447
-899
-665
352
-928
677
739
755
-493
-746
-716
278
183
40
-659
17
-461
-26
-932
757
323
-437
20
672
673
765
830
491
-789
742
-809
906
28
102
15
-526
-998
753
-507
-531
547
-273
692
-448
999
282
302
784
825
-996
97
882
-837
-113
765
-877
-293
395
-619
-171
737
-131
345
-75
801
714
-945
-346
937
478
457
-719
210
-440
661
151
-768
791
-198
-988
641
603
-3
-720
761
995
258
-673
533
-1
-428
297
-787
-365
-306
-690
-760
-237
-594
-408
-860
-278
-821
290
-768
253
-795
448
-991
273
-519
-949
960
-99
-496
-614
-262
826
-196
-142
-759
-865
-297
841
-480
-290
781
-983
777
0
-941
333
-859
990
-627
725
-879
645
-608
-817
-953
-440
-50
-180
209
805
146
409
-2
-766
884
720
-785
-644
-204
834
-273
-595
-401
-856
307
464
504
-812
-625
-841
773
328
631
656
-139
696
117
88
419
833
-958
180
875
673
274
65
-428
958
719
598
-457
270
-585
150
-7
-83
-985
-132
960
-65
672
634
877
863
-910
806
-755
-647
139
-49
-484
168
99
683
810
998
935
934
576
-760
-610
-206
-347
-409
-354
337
-294
-661
510
-157
148
-802
787
-248
-237
202
-279
268
-966
465
840
863
-12
233
220
843
-546
-805
86
401
-414
227
715
-672
526
-706
-292
205
-446
-179
-181
-739
-373
412
950
487
768
-410
563
869
572
-511
849
-873
-859
665
779
-767
301
964
345
968
-222
-302
-461
578
99
250
-511
595
528
411
-17
812
-62
-922
283
226
-621
-643
699
468
16
450
-546
-897
-658
734
-191
-346
26
365
511
167
471
567
737
-673
-458
984
-521
783
-894
-207
-767
690
-174
-159
-999
-522
841
-994
829
-35
-495
996
-605
548
-1
-936
661
-266
-386
-225
-104
-561
-189
-228
-926
-658
987
791
786
-443
-95
909
-709
-943
-305
-538
269
-58
-6
-477
254
-58
141
-185
541
-68
-359
-96
208
868
912
-626
857
-992
675
-148
-956
-522
-760
-729
687
-641
-478
-467
-480
-904
446
926
-568
-519
739
-525
-577
-497
-107
-342
728
193
-72
597
699
298
-385
153
-143
900
395
-930
825
-14
357
-78
-340
996
635
-317
-447
-184
192
-489
-713
569
-167
433
630
-628
-155
-425
-682
612
-367
-357
-897
703
583
128
-934
-109
901
446
693
-871
-838
-696
70
-190
-589
-308
-441
631
-555
-24
809
944
27
593
169
-273
-466
-232
-629
30
-674
-409
-701
843
-152
-450
353
23
137
-805
-137
-18
399
844
-376
598
564
-517
-752
225
580
-865
-422
17
560
570
-604
653
894
-383
723
321
-45
256
-551
701
510
-768
510
-844
312
-121
-58
272
624
-222
-341
-987
-86
536
-77
472
-508
224
-377
-442
-186
958
-689
900
-589
13
370
22
-595
-797
-148
964
-213
-380
608
632
-737
742
-524
444
117
-396
-161
-647
-329
-133
-417
486
638
-572
-40
-97
-498
260
834
488
513
142
655
782
937
-813
718
336
-870
-307
465
-392
-597
690
708
87
767
247
723
758
650
367
-223
428
964
-357
493
-98
754
225
671
36
598
-212
17
685
-893
739
-108
-211
256
-854
669
895
-445
238
-137
-258
-613
760
144
-2
-850
154
-614
-30
285
-323
-189
-730
690
102
-298
618
534
-247
-176
68
-695
984
940
531
-251
-532
776
-427
-287
998
-594
-202
-347
-159
402
-549
450
-111
252
-967
201
296
819
-149
-606
-44
468
-681
-399
691
420
252
478
-612
710
938
136
594
-310
61
-242
-821
408
879
-47
610
-515
338
-281
428
587
-608
953
30
-649
884
901
-306
263
-470
460
779
-646
-25
-124
-271
172
786
-785
-93
612
-678
-738
527
522
-312
429
13
-913
-707
-845
101
-914
-199
-408
486
973
885
500
-64
762
-60
172
323
-465
827
713
31
-871
678
-874
651
-680
-262
654
-259
-408
312
394
-722
-18
-521
181
62
135
684
609
-561
224
-175
854
647
754
547
947
-711
-170
401
137
-755
909
-337
-775
-160
74
-582
-770
543
-892
377
711
-510
673
584
79
-786
779
859
-374
-609
707
728
-124
353
-65
913
-171
-9
38
6
933
162
619
970
393
-793
123
929
-497
968
-69
691
8
436
-294
221
-290
643
-757
903
193
-954
-274
-915
221
-39
469
530
-783
-877
464
-361
481
-664
618
-92
967
-831
633
-366
-335
-145
839
-282
-346
757
609
-565
123
33
500
-257
524
-414
-188
365
889
327
-538
55
-473
400
-931
-878
899
148
741
-571
-847
-776
-469
910
-3
-439
903
131
-659
812
200
996
305
-203
-255
-665
464
841
286
644
-44
183
-929
-677
-549
530
235
-553
376
-939
235
437
-749
984
-85
-677
-63
429
879
-933
-299
-530
695
427
192
-406
-323
-478
825
108
443
-743
-997
852
-983
-657
601
-169
-623
-719
-315
-947
-672
-710
-241
111
307
-191
-380
533
-181
998
378
783
468
521
332
-773
895
854
-6
-172
524
-619
-759
972
695
427
-842
778
416
446
769
105
-56
856
628
-376
-96
-761
-852
500
-56
-972
841
913
-402
358
932
-891
-478
-402
-128
964
478
-432
459
229
-212
117
304
664
-743
582
-190
15
-221
-479
-900
925
169
-413
291
199
-548
-909
699
263
948
-469
670
510
254
944
433
885
580
286
294
-726
154
-399
561
648
859
-351
602
477
-852
362
-643
592
251
446
-716
-91
865
75
-504
640
193
597
-205
3
-495
-695
669
-66
869
-521
-742
159
-455
-385
310
-675
369
650
346
-632
75
-37
-670
369
-320
477
855
-669
223
-623
-432
-741
571
376
-749
463
-391
273
956
952
-532
-339
-418
51
415
231
-972
1
-717
-165
-89
995
833
-893
262
-769
-627
886
-173
-391
-611
788
-947
183
-519
187
-681
441
-802
-359
533
210
293
-910
-386
406
275
-638
-985
943
-522
465
-664
-773
-946
882
964
-695
-894
-75
258
982
-677
813
442
-870
-887
-871
299
-370
-128
428
697
-54
81
-224
611
-577
179
654
499
-289
-565
289
508
-461
-264
784
716
-257
-968
489
39
-572
161
-543
103
398
-48
-884
-51
-248
-938
628
-871
-804
718
-123
64
-680
-273
-589
-112
-397
378
421
-979
96
-703
-573
-962
-470
375
143
640
-720
103
-642
-648
729
-674
160
-820
-923
-685
-154
930
33
-569
-448
-55
-474
-477
-375
-861
207
-254
-892
-976
-302
368
-13
-432
-955
926
562
571
-493
858
-229
324
-958
156
357
722
498
820
93
910
606
-804
-522
-910
-480
883
191
-499
490
-55
-140
211
-573
501
-989
419
-952
116
304
-490
-146
-846
-285
-542
-1
-326
80
131
274
23
396
858
-19
-822
-353
811
38
-541
-355
450
-34
-201
18
119
317
907
937
-61
-445
631
548
2
-453
-613
-332
-869
-543
832
755
558
445
-785
936
-691
81
883
118
-919
134
731
-947
184
23
-405
-671
850
-781
-203
-185
-802
-570
-248
276
-611
52
580
-647
-842
836
-800
-563
327
989
414
778
-792
606
740
560
996
397
-963
44
-66
405
-739
-868
-665
-950
31
999
-780
-568
192
-575
-92
117
-369
214
-394
-302
-588
553
-380
-36
935
-939
-345
-939
988
431
838
-489
-414
995
674
-647
819
219
-55
-315
995
409
114
-582
862
536
914
-260
-80
-489
904
-369
-688
-627
-196
437
196
-235
194
766
-183
109
-327
778
-328
-865
108
307
-175
244
228
618
-528
-440
375
-483
508
360
-665
298
110
577
750
-718
-523
352
644
880
175
598
526
462
-377
925
665
739
-387
-697
-905
-766
378
-883
88
250
-84
518
634
701
507
-406
850
-651
-166
-78
115
-203
314
-219
850
-722
-670
602
573
667
930
-604
923
-74
-603
-512
-701
-564
-153
-474
605
-643
-437
-283
548
442
728
-316
301
444
-247
-326
-375
669
-378
884
-340
-314
-124
-139
-251
208
-627
334
266
888
438
-815
-809
694
-979
226
-810
448
-489
-311
168
-72
-395
-779
889
-528
-586
-845
-531
286
821
182
404
918
-570
985
453
-238
816
-214
-389
736
-789
74
824
183
-576
-629
347
-225
-833
8
-972
-486
967
197
-147
-35
-219
-609
821
41
-509
729
-274
-126
-221
-745
84
333
637
464
-167
73
-961
-782
-179
-884
550
-250
-624
-284
-215
390
-318
55
-957
443
-372
-863
904
-820
-173
-476
-23
-900
-807
-845
919
-673
-311
544
-601
-745
208
658
958
-900
536
-559
807
910
-348
-340
-343
208
94
274
-444
372
981
469
862
-127
97
-661
-201
222
679
521
928
676
186
774
322
-635
-529
299
825
-493
816
-531
-430
-271
-20
131
-875
-674
109
-44
595
439
-487
-220
516
-938
572
54
279
-111
-470
599
-753
759
74
-998
186
497
-528
-689
-783
-433
-801
-709
165
731
-766
333
-955
733
-599
50
-874
-162
617
503
182
-107
-776
-767
340
-929
-180
977
-354
165
-499
-442
764
479
159
134
920
29
-114
-990
295
265
-533
963
-657
-544
-345
-881
942
194
344
794
-626
664
620
-898
-277
94
406
-401
-187
-924
283
-697
-166
326
924
478
296
-994
-853
183
56
-645
688
-581
-344
-111
-311
-205
-51
692
-357
229
369
-570
468
-706
-735
42
750
650
-481
75
569
973
164
-300
540
527
-105
-484
-554
153
894
-65
-523
-91
829
-148
151
724
-491
541
906
-644
517
641
23
-65
-694
266
-551
-573
228
483
-547
-46
584
-125
7
-558
-250
300
-699
-543
848
-963
-871
-132
-962
-830
-527
-251
816
-305
497
-700
416
726
-717
860
-783
669
712
753
-121
887
-811
-111
-866
-155
984
-815
559
867
-515
546
-255
-304
-721
-345
344
490
-722
487
-722
304
-849
-459
-13
-36
-758
-178
855
333
-243
419
-263
742
-215
-926
-223
995
350
480
-485
-595
156
609
607
-587
326
-437
620
927
-113
-124
-436
-409
-926
853
462
-6
-573
-981
263
734
279
882
407
438
368
208
34
-295
563
-723
-949
996
49
-759
250
605
17
-133
-2
648
486
-526
178
832
970
-118
989
145
796
55
-750
928
-500
895
634
872
751
-993
-572
-22
85
165
-607
816
567
450
-884
788
792
-887
-578
251
862
611
-421
-329
-127
-932
-158
490
-972
747
-22
-241
-923
945
591
-535
-792
-241
485
72
417
-50
-458
5
184
991
-991
726
-64
120
-572
-813
154
-930
-329
-603
-64
26
546
656
839
-642
583
449
-743
-7
-224
32
579
370
317
-358
980
-607
-119
961
-263
-141
-675
846
511
438
-378
818
-433
569
867
-836
-368
77
-59
-798
-346
874
233
145
-926
535
54
965
-895
-293
165
313
277
373
-781
363
-814
-502
-310
-847
-934
892
-88
-179
-743
-449
306
146
505
-272
-394
-766
225
311
-619
-123
892
-894
576
-668
251
283
-232
-845
-300
-376
456
254
763
-920
75
288
762
-653
-961
361
143
-473
-74
-817
-139
421
-688
-629
945
537
945
-693
-713
-398
-371
590
-405
595
734
558
958
821
-360
801
-353
-678
-868
358
421
-607
-869
-12
-965
-457
-371
-924
-700
-679
549
717
171
-552
-471
973
20
38
-482
867
-9
-498
44
62
-872
156
574
-675
-974
-136
-491
-690
42
752
482
-323
295
576
947
788
83
-593
-523
-754
-849
294
0
-203
769
-918
926
447
414
913
13
182
-999
-106
748
723
-752
-289
58
147
-799
-432
-659
-299
-255
787
-618
717
-449
-843
-37
-147
288
-245
-633
526
162
862
542
598
-77
-417
-59
-665
-663
-58
427
-193
-993
-414
-183
763
-603
-870
-138
-942
-206
911
-198
-126
438
913
-389
-285
-897
-65
991
-129
-805
-91
-467
-511
97
292
-703
-509
603
711
233
-431
47
-914
677
-337
394
-778
814
239
768
558
302
-317
-194
-601
-376
-261
882
-165
922
394
-283
-233
-166
360
356
758
-690
-915
-455
-15
254
-606
-507
399
274
-449
-671
6
-859
-476
-988
-226
661
618
-363
299
-613
-457
676
-901
706
859
-89
-919
-935
-164
-333
658
237
-462
262
569
-666
-348
938
645
-304
-374
-74
694
-392
637
-953
-719
573
790
-646
63
441
7
14
25
212
768
-397
648
-672
-515
-933
-168
-120
-694
-22
-431
521
844
-146
910
-972
-997
-492
-159
282
-142
-612
74
622
-203
-230
-460
128
-991
229
984
283
923
-978
291
812
477
-97
509
672
67
698
-5
-536
-452
-953
-672
-122
-363
382
-362
441
971
94
961
-545
-372
-908
774
-430
-563
720
-972
182
-943
-695
-463
-200
-378
-619
-765
-719
-113
-868
-425
-818
34
-575
-381
-47
-378
686
230
-979
-181
-299
-116
437
-998
-468
-307
-115
529
701
152
-939
842
-75
511
-32
-5
344
53
702
790
179
-162
-791
337
306
944
-75
-222
210
-909
482
-277
-388
311
87
965
-551
-265
523
-539
-796
-426
622
726
437
-779
254
-98
91
436
215
149
-233
813
-369
937
-539
-94
715
698
-808
-425
885
-408
-989
859
-598
-323
775
-940
-544
366
945
949
633
-870
476
-207
522
-691
811
69
911
946
-233
-534
-468
213
-713
131
-162
491
-648
-353
665
386
-594
-591
-200
-543
127
562
-331
-714
-291
-95
550
-444
637
-72
841
-483
-266
-645
-315
251
971
391
590
-50
6
-686
-436
106
-280
79
341
-614
-341
74
-152
-452
-492
481
652
667
-381
-214
-188
242
202
295
941
-152
872
-643
-256
-852
290
886
218
600
-611
-769
838
972
389
-937
528
-965
19
778
-56
728
-316
-641
872
486
760
-635
970
-991
227
-690
-369
-508
968
-369
-269
-74
-416
-472
-661
-124
565
-723
-719
-895
-347
-53
-945
458
-200
-641
628
-407
-135
-38
-189
273
922
-289
416
-291
475
832
258
38
821
632
99
199
-622
-735
399
917
710
-18
-96
-241
6
695
-716
427
-117
340
-155
803
128
293
-252
905
770
792
-233
141
-459
-855
-274
-66
399
-607
649
684
-6
-8
-541
924
837
-881
749
13
-562
737
-855
227
561
-161
950
-691
-527
-566
-965
731
558
576
-338
-868
809
-737
-112
-623
-152
587
334
-410
330
-930
-818
449
-978
-35
-966
-569
-213
-144
-976
-703
-904
934
-921
100
24
898
395
-570
-76
-394
213
-522
-974
-457
786
430
803
929
-60
-680
411
278
-982
-884
158
805
946
-502
346
223
824
823
-18
-408
134
515
-372
-57
-346
117
276
-227
954
494
393
-785
-371
549
65
-171
398
-450
184
-181
504
-386
925
2
695
-532
214
-658
-630
-678
-517
599
-592
742
-260
658
-573
-897
-10
379
-749
498
-933
-253
-420
962
-837
557
963
558
-574
-693
-965
998
-842
-385
993
-259
-96
193
-147
-806
-69
-767
366
-961
894
440
244
-539
-520
-30
512
-791
153
477
491
-990
351
-946
82
-362
-913
541
-945
948
-357
-978
620
181
457
427
-647
-861
526
-772
66
-289
641
841
-263
51
472
545
502
-219
89
-260
-767
439
-633
605
698
-383
429
-926
717
368
711
635
-640
-877
-204
-818
315
-968
-172
999
172
563
310
998
171
-922
-280
-153
115
354
872
994
-133
135
-887
-880
221
14
637
263
731
-747
446
284
283
584
-514
694
-244
305
667
-896
981
124
274
-130
-277
370
-130
-341
997
-920
208
511
795
-288
705
55
-94
-8
919
727
-721
-623
103
617
242
-964
152
-606
-995
-762
79
-91
-349
-247
942
-168
775
867
460
683
373
-856
-826
825
358
-225
-109
-667
-768
-79
592
-726
-744
950
429
-259
984
-680
930
-335
444
782
877
-365
-716
707
44
380
-378
345
-667
-962
423
165
499
346
-60
-201
-578
-286
-363
306
-779
-900
720
-669
-201
742
977
-330
-407
-124
157
-109
-596
-733
-94
70
430
735
215
-890
-388
393
-892
-194
104
120
348
349
681
-255
-827
-1
-648
-760
141
632
988
-248
804
532
-465
523
-586
461
-659
-395
-393
-448
132
257
-563
860
970
784
254
-683
673
-588
-783
-878
117
-633
21
904
-641
484
-754
460
804
-851
265
482
-445
549
-472
-22
-405
-452
-440
-284
222
991
-464
53
752
31
-791
659
-935
816
-339
-349
-198
875
-510
72
984
-62
219
-421
372
692
-317
751
911
-364
109
699
-514
-946
-789
462
786
-574
-343
-680
-799
582
-75
-72
-604
-588
501
-373
-917
-745
-690
-832
-83
-833
-753
-846
237
372
818
-650
585
488
-230
455
-533
206
-759
-51
797
-972
101
-807
951
354
-681
543
-947
705
-598
676
360
-59
-274
313
699
-326
456
-195
-18
-528
906
317
160
382
-535
241
-645
367
-115
695
-319
318
-507
-239
-767
-928
543
-878
-973
165
-670
-756
-411
-587
-509
692
656
307
228
-393
-666
20
623
-617
-158
457
541
-849
41
-831
71
82
-239
594
-288
-815
-13
-220
-86
-585
-323
777
-311
-170
-415
607
-877
917
-432
936
851
731
-938
204
492
621
-535
32
-729
904
556
334
553
550
-466
-410
-589
237
-444
904
-583
-103
627
-670
-338
-852
-789
-680
-493
32
420
333
935
240
-13
-667
-373
419
907
61
-367
-844
-156
-204
810
-962
31
-591
-218
698
680
-180
488
758
-393
697
438
621
121
-596
766
161
-558
763
-287
360
-531
373
843
119
-303
-701
413
688
852
465
-195
-415
-82
881
344
41
-837
-246
249
-269
-237
998
645
-184
-323
467
979
327
764
-487
-154
-335
294
24
651
800
-968
-539
-837
-814
77
734
-515
822
270
-740
-189
-767
-10
731
438
550
-330
372
-518
-32
-172
-356
-828
671
192
226
840
217
138
-863
-832
-686
208
682
-949
-377
482
-160
617
113
-596
-543
-685
990
-413
-103
-971
760
552
609
509
-974
425
-6
671
-203
-810
-407
-212
-671
-602
-871
-269
457
425
-27
-758
630
840
-577
107
130
-879
-414
286
-69
-916
167
-275
359
395
-339
91
688
958
-795
-46
-336
-815
721
891
343
-434
993
486
113
794
-387
-775
-170
-341
-503
-595
369
293
217
-232
345
-774
-79
395
846
-349
427
-310
-914
267
-95
961
977
-554
-143
-458
-156
179
-197
483
115
629
309
492
-295
345
326
-206
-264
554
-250
896
-949
-697
-353
893
-365
364
-814
-602
320
-203
-605
653
873
-278
-924
-585
-954
723
-815
-128
491
207
-701
471
757
-371
788
-233
936
489
741
-437
-357
355
128
705
328
630
722
754
480
-547
-853
283
995
353
-847
784
-654
-81
-974
-107
51
-35
-542
957
-618
644
636
-965
51
720
813
160
-995
603
-380
624
503
908
-153
-420
74
-595
695
46
-584
-702
-622
217
-455
939
-234
-970
-278
135
449
-555
676
586
63
-822
-103
397
-386
695
787
-381
253
463
583
-963
857
259
21
-257
-183
-436
-956
364
799
536
-398
960
622
184
-373
-941
370
116
750
179
452
-572
-800
-103
348
538
-261
751
-625
-144
-138
-581
990
-603
422
-26
-102
-987
-886
207
-433
-334
-948
-634
76
-924
568
-75
-906
651
-517
-554
275
227
983
748
-531
168
-223
405
-933
-514
186
412
323
772
740
-813
-220
881
826
324
-768
189
295
291
275
-82
98
-257
910
-614
355
-370
-819
131
-937
-355
-300
-696
-490
-175
-144
930
457
-368
-216
370
114
851
-696
283
141
338
886
-740
-374
-845
878
-465
-962
-54
-872
-453
-518
-623
-342
-552
-896
629
277
862
638
-875
-482
555
230
-974
34
440
436
-823
-674
-967
617
-57
-966
-251
-627
-824
170
-258
989
854
-364
-632
62
-284
-182
658
-847
-46
-987
-122
-479
-427
678
-402
-622
-395
-607
-491
-834
-757
-378
-167
-483
744
215
-140
-165
697
-957
215
-412
918
989
41
-537
-543
-567
493
277
-577
456
-539
637
-521
-40
-526
699
-824
558
-216
-17
714
-471
338
-149
-592
-985
283
720
569
541
-917
244
282
959
601
-962
-264
-228
885
-870
-687
-962
830
126
147
-199
-261
509
-950
97
149
572
845
369
881
561
799
-242
909
732
-389
824
728
-897
-507
-582
-406
-774
658
-687
87
164
-475
-219
480
145
235
-223
7
994
-818
-875
-435
533
-497
689
820
174
-965
31
-696
-18
498
247
-417
724
-522
-164
-952
-754
-269
385
-650
-736
-952
412
296
933
-375
4
774
-731
-679
-605
945
81
-155
-656
-378
-772
865
-683
318
-660
-501
837
-744
275
817
54
943
-681
-954
256
435
366
917
165
-18
-281
-193
146
-744
360
5
-27
-902
-400
-751
-892
-389
-190
-661
-895
-237
-551
351
-720
-823
8
-199
-129
97
-14
538
-386
-166
-586
-635
210
362
655
163
-161
-159
-166
-557
-165
-177
-206
-438
347
-224
135
767
-84
459
-546
466
-960
-229
-337
-127
145
-33
76
0
780
708
-436
-262
308
260
-696
-914
-705
487
634
248
623
834
-457
-474
-411
154
-362
-368
841
229
-60
546
-639
511
0
-404
744
-674
777
440
-34
-388
-66
-771
-89
797
144
-618
728
-409
240
55
-405
-187
581
-723
-277
364
219
-602
488
-162
94
768
-262
-255
992
840
-744
-931
-358
-294
-117
-330
-146
350
684
618
293
-657
-917
-411
928
10
982
998
300
327
-303
-458
293
-435
-321
-460
-144
-874
382
-674
240
-335
330
-914
978
751
954
434
-370
225
626
-362
155
-184
-226
552
-247
-41
-924
-911
253
-887
-577
455
-894
695
70
-644
-645
819
391
42
962
-920
-94
141
-551
-555
702
779
-395
-469
-883
-395
646
104
-937
-380
-285
786
189
-727
659
572
997
310
530
210
597
-646
172
984
601
-9
-370
-619
-426
-651
-981
151
-926
722
-593
222
891
785
323
-173
-486
-516
-682
-119
833
899
-993
144
864
-80
-152
351
-875
-458
-257
827
-519
304
830
-14
546
-182
668
-164
898
-693
899
-797
532
-324
591
589
847
-664
22
46
-648
-812
-907
-200
-925
-207
-641
302
-612
-18
130
-666
854
360
-712
-796
634
28
289
699
825
-390
-263
343
-671
783
322
-483
-131
756
249
556
-865
-778
-517
-369
736
513
156
-579
-922
333
163
-124
12
490
785
-849
334
-805
809
-898
-991
249
-971
-327
543
490
-828
-353
495
454
593
-283
-635
131
319
341
144
810
-124
-10
-501
726
-467
522
-627
-299
983
501
-375
414
-366
-709
51
-626
-360
-194
841
542
705
-327
744
-905
-561
-346
-391
335
-221
-267
915
-799
-234
-840
-618
440
-151
-360
-746
-623
376
300
-435
-876
-383
-280
741
-277
-424
-107
-852
-70
667
898
-400
777
-196
-895
65
639
-618
-451
350
-40
846
-521
-695
701
726
479
-474
-606
335
5
624
553
-563
-307
86
-39
494
983
505
255
636
-62
344
-836
522
135
-485
445
46
665
99
-416
-970
-839
-436
-410
534
239
493
-613
-269
-217
141
507
-415
23
-581
813
191
378
-451
-756
-261
-567
-422
825
281
150
58
-962
181
-340
-777
-666
-510
-948
834
-299
-51
-906
-399
221
126
102
28
658
402
677
-208
-500
740
383
-857
726
253
439
715
332
32
-378
203
-326
-91
-784
-51
-721
438
70
-491
-556
132
-396
-8
41
866
804
-160
674
486
550
-448
33
-80
-533
603
315
-141
934
-143
-541
748
-431
-181
-160
-620
909
686
658
-397
689
338
-87
-419
629
997
275
-220
-6
516
-421
-580
557
-624
-736
111
-725
-781
929
833
466
784
632
-152
-758
-508
-157
861
59
-281
-210
573
-194
-747
-907
737
-468
820
527
91
-993
-817
40
216
868
-248
-242
14
-528
912
-46
514
524
-615
10
-40
-657
-857
-240
150
-923
538
-923
954
666
-240
869
-579
792
-148
604
-510
398
-959
793
450
-563
-233
-893
-939
407
975
-637
-21
452
-287
-709
-318
-517
-97
443
-378
-888
845
151
-44
-667
186
-278
-789
728
-139
-226
-897
-790
-757
-246
-592
-451
-619
574
161
387
-602
-907
747
-820
-777
-399
-494
374
775
91
-459
509
145
-446
-380
5
498
726
-252
-836
-945
-56
777
396
-403
-624
30
-996
-920
537
275
635
-159
75
260
792
-498
-701
-279
-533
585
-600
-995
-846
-391
920
-277
-144
-269
199
834
791
-193
313
590
-859
-707
846
760
322
427
171
150
-493
239
653
36
758
937
406
-621
-406
428
735
-944
-693
4
427
531
926
317
196
-24
287
730
840
662
-384
850
631
881
517
-540
-40
569
-194
-898
944
-697
588
-276
-130
-27
-380
-987
24
-40
106
543
-5
816
703
-942
-342
582
770
-711
148
-119
969
-244
327
-887
218
931
-247
-126
166
-949
-411
439
741
786
241
-121
364
-556
355
-828
-578
500
-210
-775
-47
-237
607
-344
531
293
35
-335
484
146
38
116
-85
-441
-595
-377
644
804
995
-655
-278
-650
-715
-769
-580
-743
890
587
-180
-328
-949
-121
671
-197
-426
192
-153
-74
-884
-420
-112
788
374
-34
-108
33
-67
-652
-784
757
406
970
497
-428
241
-550
-363
-59
-66
644
456
584
-536
-967
790
234
-26
-108
602
-257
-89
-900
498
543
-405
-442
921
-90
-615
-130
-781
-306
-274
683
-655
423
-100
-550
986
-218
336
958
-39
68
-457
412
267
-750
485
-121
78
237
219
-480
-936
950
711
883
660
109
-501
411
592
14
-300
-922
-32
261
3
162
-144
564
-724
-309
750
-853
293
-725
-130
667
579
161
452
568
-515
747
194
218
-463
654
-299
-169
475
-181
-338
-388
-789
-233
971
401
-531
-202
-812
347
-301
192
212
248
-960
-646
630
920
584
365
-307
-98
-267
268
74
-58
-969
31
317
-221
-708
-280
254
462
705
-449
946
555
-553
349
-438
-706
-363
-941
16
309
-382
-767
-141
-530
-408
-915
-231
625
293
411
734
-843
-206
129
299
-651
380
-373
999
425
-234
466
-163
250
-66
892
483
-250
872
-264
170
-556
685
777
-184
796
246
589
-58
218
-205
628
198
-731
258
-946
263
-683
136
337
718
444
-99
-726
-576
633
407
823
-140
-380
253
-883
-182
-521
731
-343
-343
-414
524
600
437
-235
-847
506
316
-442
565
-142
-892
770
873
-424
-957
-10
332
934
548
-670
-931
-87
-414
521
207
-431
-678
74
19
119
-690
-809
444
847
265
-91
-45
148
413
792
36
72
129
-617
349
-476
218
-117
733
-358
-834
-548
332
-692
-70
-366
-411
173
288
40
-879
-381
-506
-463
-816
590
974
882
-891
-52
762
67
912
714
735
-191
-975
415
423
73
-403
-242
-858
36
-403
710
-211
-691
-74
-677
-865
775
144
322
-124
-159
-114
256
878
73
734
-798
-265
773
-600
500
-374
-305
-169
-439
726
820
352
-165
73
-215
-374
-809
207
682
-89
272
809
-982
-557
271
-724
829
-224
362
-585
-809
942
-303
552
-957
168
457
160
308
-565
57
375
-421
-881
249
-360
-778
676
156
68
574
-48
918
822
-981
-511
-380
-925
838
-936
-977
-145
-303
189
-105
-925
198
62
-885
-399
-328
906
-149
862
-342
-426
-447
426
96
-562
225
-585
-813
-596
-236
-565
-906
626
-7
394
-991
668
743
-893
-62
-392
295
-767
329
510
-359
-834
-899
24
-653
-607
238
-435
74
172
-136
-128
246
-243
-259
844
182
-939
491
692
733
-141
927
-656
961
841
-449
233
-218
-974
-583
-152
-849
550
55
837
-894
464
611
526
301
-670
689
-149
-85
89
-941
785
332
-484
-282
880
-4
701
-464
-187
-298
219
-466
-247
491
-571
-929
-928
395
353
-437
-557
929
-56
-189
-215
-806
-828
155
-175
-116
-136
-806
-11
180
-583
-302
411
751
-330
415
-780
332
-845
-388
487
-470
253
-391
-830
982
-540
-905
868
-771
301
-96
760
-42
-268
682
-286
730
781
508
44
728
-479
888
-994
898
-550
-728
126
619
-552
502
806
-82
-58
550
785
-392
263
963
-644
904
559
856
-755
-433
-481
-850
-520
226
875
-386
758
-276
58
-983
453
-600
520
-50
-636
936
-419
-108
71
222
-462
-310
386
-593
-825
-203
816
643
-612
-316
-529
69
391
-591
511
-112
-126
897
-360
662
-771
-816
-21
628
856
234
-549
37
481
754
-499
-670
-640
-490
763
537
722
-474
516
377
-398
814
-916
239
-185
94
211
-309
685
851
-656
-982
-446
-474
262
40
815
960
58
481
545
-279
-692
-960
-741
177
-553
128
-320
314
805
-596
913
-704
108
-567
465
-763
-787
239
887
-630
280
-144
712
-888
-517
842
392
-753
436
507
871
763
345
891
-770
377
631
356
-332
564
80
-983
306
-325
113
996
806
-346
113
-441
-758
-638
692
436
-238
577
112
495
648
864
357
97
-971
19
-33
672
631
885
-305
51
-379
566
892
613
585
-654
690
458
899
-802
642
77
784
948
988
689
-331
-210
20
115
-653
900
-577
-708
-539
761
336
-806
153
266
457
-509
914
715
895
892
-304
243
502
710
166
575
310
327
-488
956
-901
-438
-889
102
-336
36
138
874
934
386
56
307
-694
533
580
480
11
-650
71
388
-99
401
-407
-582
860
146
-633
338
-439
510
416
206
-908
-679
960
-91
195
1
120
-296
607
600
599
567
-513
-762
-419
-709
-176
363
-160
900
-947
310
-188
-751
-752
35
993
-741
-32
787
824
-483
237
-490
-653
456
644
-371
76
980
825
-883
-322
-676
-481
-511
-312
-658
545
650
-243
-150
-577
71
643
186
123
-990
-46
-504
-833
-537
-66
-46
48
-161
507
530
832
89
-709
-999
697
-629
-7
-975
205
986
411
234
785
-454
706
-376
642
-69
93
-535
57
237
2
905
-76
831
-979
-299
461
-56
442
762
250
787
-900
837
839
374
287
401
874
-203
651
-618
313
-336
-811
-192
931
-108
654
-493
-20
-38
-499
22
-377
-580
-785
844
-929
205
280
-506
729
-746
-560
580
460
-591
410
-389
-544
167
224
779
193
246
-734
740
720
-550
78
565
100
-554
122
650
-265
-699
-830
-994
-815
552
-698
364
-130
50
396
-803
-124
-359
-653
617
180
-111
499
-89
50
215
-285
166
-197
-328
536
441
841
611
-515
468
-248
-57
-37
-413
-139
-836
-911
543
-923
53
356
-824
-0
-396
-367
210
-796
-715
117
-272
-109
384
815
-481
799
-902
-382
-705
866
249
317
850
-430
-298
-46
155
-383
-529
-818
641
-897
125
622
365
635
-75
-777
-770
-194
106
344
101
-504
278
344
-293
814
-225
-953
630
-261
-893
-334
-598
-437
-121
22
508
-556
-202
57
-847
617
661
719
159
348
372
420
562
-379
-990
610
281
-989
-772
-34
271
395
222
-927
448
-489
661
790
471
611
924
665
-445
-744
-405
-540
-781
-312
-402
-88
866
670
-192
455
-335
-829
992
520
-501
6
-394
-935
-834
-883
-487
439
-253
585
-274
813
458
924
137
240
60
-896
-145
334
-79
-568
-540
-623
-468
943
-952
-408
399
-214
-481
878
53
-700
-958
-178
-955
-659
-105
642
-195
-373
-694
910
-818
-333
283
194
-689
-887
-633
-388
-164
-436
682
548
-368
728
54
-859
-467
525
107
-439
-965
-796
-744
539
584
-883
-406
847
704
-188
566
-335
591
136
-931
-846
-254
847
179
-611
714
381
277
-246
803
-796
185
756
-344
826
-172
876
-315
-480
814
609
938
352
-570
901
736
-95
181
49
-448
-504
900
102
-161
61
-674
208
-12
533
863
307
-132
-873
-958
542
-150
-82
131
617
767
-620
700
758
92
646
-78
555
708
227
-702
-129
167
902
396
-295
-549
-661
-95
313
-415
495
265
55
-182
696
-403
-89
38
573
-215
-654
-136
-718
438
124
695
346
374
638
-387
793
512
-713
931
-41
-859
-615
-362
284
718
654
731
726
-458
14
-50
-636
394
465
-339
-824
553
-899
-125
716
295
257
-426
132
699
-730
-657
-664
419
729
988
661
345
457
447
-666
599
121
-258
-910
-103
58
358
-164
-205
-592
-151
87
-518
-319
-774
-60
260
400
-138
179
303
-353
664
-143
-764
-415
-340
764
103
528
-68
252
-473
198
666
-852
318
-335
75
204
917
459
-826
172
-658
159
-992
406
-767
-428
-685
107
189
338
-976
808
-514
-855
842
-974
79
226
897
888
-292
-802
-300
685
-704
106
566
-278
534
477
-864
877
289
-718
-792
-202
-626
-766
-267
768
475
-356
493
-178
-120
-757
-811
-280
794
-638
-957
24
198
862
-594
140
-857
-814
132
730
1
-589
178
265
869
911
-96
-762
-430
-463
959
445
-453
-871
-604
189
-145
122
1
-295
642
-752
-494
-737
844
300
805
-324
-357
-195
148
-271
219
-616
132
794
-471
-217
-414
-242
156
765
640
-923
-284
310
-558
430
-678
-350
663
-641
-44
-803
813
-772
940
-634
627
-929
379
48
-877
-716
-230
-70
563
379
-569
121
-580
56
783
804
952
-25
28
974
-905
813
-108
-28
298
-335
-941
-954
54
745
-406
-599
634
-746
51
920
-762
443
320
247
-582
838
-95
749
507
-339
-396
328
916
45
-795
-627
-51
132
893
-342
-666
54
677
-263
-2
154
894
132
556
481
848
-613
530
-975
-477
602
-202
-256
164
768
-475
916
-404
883
930
368
-824
30
78
-481
-27
402
443
461
-531
125
-503
727
-442
924
326
503
977
-856
-890
-315
-772
-500
-80
823
895
-969
342
-10
-10
-860
-930
-838
-600
666
383
113
-403
723
926
-447
198
-924
169
-28
-572
516
956
113
-401
400
465
-292
478
-703
-265
930
271
-356
492
971
625
-270
194
-491
-218
83
-108
-255
-742
694
-813
-823
-182
-228
563
90
687
475
447
-180
-209
-53
-343
-607
-620
797
-630
222
799
191
-650
256
346
923
-49
-163
72
-279
-878
-853
891
635
623
-38
-660
-490
214
-352
181
-58
84
192
-790
275
709
870
484
-826
-715
-234
-797
-686
174
-572
-18
937
203
-962
-952
366
423
-966
-95
718
360
-186
-381
168
-614
263
74
87
-34
976
-344
352
-931
-378
-814
-837
753
-683
-599
43
-296
-550
563
-353
-392
-937
-671
-503
-960
981
329
-949
545
570
-188
-62
-623
560
-602
137
594
730
-363
-572
-818
450
724
935
735
-118
-470
113
-145
-984
-290
446
547
-501
114
938
980
784
491
-326
-224
-855
-977
844
345
574
-654
871
548
168
798
-947
-199
835
451
974
-958
426
-501
410
-802
-185
-356
-714
-780
919
-693
-357
-950
288
706
132
795
952
-532
-198
-51
-495
791
-17
92
-502
-507
382
-404
562
636
-479
957
783
498
528
68
662
585
135
-319
-167
-849
-635
-572
-68
948
-344
-331
-98
813
-83
3
-445
-480
618
569
-978
-686
377
-515
-171
345
-720
-346
-209
-446
-393
-94
37
-770
-727
792
-462
-671
-89
-285
650
127
658
190
-985
-864
789
272
-886
186
-86
670
-809
388
529
511
655
254
-817
-884
784
237
412
-752
904
-615
620
-890
979
-33
303
-392
887
-975
795
211
-313
-505
-957
-727
547
555
-979
-949
724
171
231
-690
-914
-175
-230
-640
-834
-324
754
357
97
173
-358
739
-809
815
178
-158
227
-505
-71
-704
-643
49
783
-403
670
-309
-403
-816
311
604
840
638
-800
877
642
129
-666
387
936
330
-71
987
-392
390
786
-897
-461
-399
32
-836
-562
-663
495
31
546
742
-705
-148
-885
152
237
650
290
-663
30
348
817
173
766
-448
270
986
-271
424
-24
-180
330
663
584
-294
530
558
-358
363
-640
141
705
-589
-613
-485
-294
-603
848
-597
297
46
-886
-230
-40
72
109
943
692
-143
-250
-295
646
-521
-868
630
-713
-696
-985
-195
-872
-706
833
795
-887
-183
-920
-34
-728
-765
-729
-114
424
42
-89
-434
209
294
847
921
381
-223
287
-571
-868
-964
-84
392
-594
917
-375
349
-196
980
85
129
-709
-471
-666
364
-731
836
-463
-323
-14
445
648
-327
789
-240
-264
693
778
-322
-560
-684
70
459
101
943
-79
209
-886
-923
-547
-903
589
-489
-113
516
-201
669
425
-157
-614
345
193
-772
795
-460
-563
858
311
-520
-510
-802
941
335
-951
596
-945
963
200
-923
-784
-43
-450
500
953
890
-760
879
516
-419
-410
-386
-661
-199
437
209
209
569
-858
-772
441
978
708
-255
423
-44
394
542
-484
268
215
-143
-82
435
133
-455
-574
831
291
-507
-465
901
-686
-266
536
443
12
-231
-2
-739
-577
-765
981
-786
35
-339
549
711
-387
-109
-864
730
-843
675
-331
-37
314
765
-399
919
-197
639
-555
685
-680
-922
50
-773
318
-443
567
263
282
-528
579
173
-411
226
-163
613
-409
-740
541
-57
-314
861
980
115
-504
-1
-795
564
-986
525
406
698
-26
980
-656
-779
890
555
117
837
18
409
-364
724
469
557
-91
-395
-397
-37
-117
-727
-161
-229
-657
-603
-609
193
987
-29
-870
-683
193
431
158
996
-989
-634
710
780
283
747
397
218
-913
-544
185
-97
10
321
701
-148
744
841
-999
527
6
-526
-919
-491
48
-968
-966
-316
-297
-850
10
-42
-133
-914
209
766
-419
-322
94
-875
552
80
-612
-848
738
612
-48
-856
242
18
563
-19
782
25
-859
722
95
282
-552
968
532
39
939
-819
17
-337
974
-267
-401
984
192
-376
-862
346
-493
-56
-599
-662
343
424
319
645
821
402
-556
-187
797
-387
926
-777
752
500
634
594
-644
42
-484
961
-304
233
101
961
-688
262
138
737
226
-946
400
189
-263
64
-624
-406
-388
141
763
-93
508
-769
-395
-889
96
-833
-727
-245
959
91
687
-511
-192
-270
-460
759
-718
-966
-387
-439
42
-331
0
-465
-591
-542
-109
-706
410
-256
691
-190
248
-580
-364
470
-996
233
-82
307
958
304
-959
368
-691
-592
696
848
643
-283
800
119
-906
497
754
-14
710
131
-33
-390
-827
810
469
-819
439
824
-207
740
-999
-807
393
817
844
-124
-799
-305
-201
-502
126
487
-128
157
-607
-154
-486
712
486
-687
478
911
-679
-608
684
255
137
80
-405
953
839
-971
-772
558
-564
-941
409
-24
421
673
-743
620
374
498
-290
496
263
-808
-502
-646
-315
813
-145
-869
-469
376
-174
-797
-48
-680
451
-173
-995
453
-51
267
-40
147
-269
-455
-911
656
-179
986
-453
-919
-194
322
425
-742
-227
898
-794
-804
415
155
-443
764
616
851
121
677
-566
209
479
523
-666
326
819
876
94
913
-194
-513
132
-584
838
922
-613
99
139
151
-43
-618
-959
449
-878
944
392
-587
525
130
-786
823
888
844
-896
-185
824
-506
-1
-541
670
-656
646
-587
767
-590
122
305
687
741
200
-875
785
511
-689
-18
242
-422
622
116
431
-647
-824
267
805
447
-991
381
-408
915
-649
809
312
485
297
28
-12
-633
-979
701
-613
493
175
732
470
-32
934
364
-130
533
-154
156
-236
356
-394
-351
-909
315
70
-19
695
12
950
-228
281
507
-674
-307
157
477
424
-262
24
-770
624
986
897
653
-79
279
994
-149
154
-930
471
-566
-587
580
757
57
844
-406
747
941
-645
243
359
12
-200
529
702
-270
628
605
-905
472
410
195
-993
-40
-60
982
28
-638
-640
-604
967
336
-429
686
-955
788
-740
-227
175
-724
-903
-8
404
-863
165
-739
-694
-433
720
162
-981
745
638
-158
-296
402
292
834
-408
-93
-517
410
963
-687
666
62
-504
72
-837
661
817
685
177
510
-921
510
-139
2
468
785
-243
134
-360
-594
-494
-330
670
-125
-591
-432
591
-303
568
-833
-51
523
-171
-746
569
80
596
726
-482
466
840
585
545
514
-899
854
671
-597
387
77
-35
-371
271
250
654
-178
318
-277
-357
681
-492
-558
-617
-709
-850
-665
-647
-869
838
-24
187
986
-318
-74
-408
-283
995
767
349
-320
318
-438
-374
-587
779
57
-166
-176
-11
864
-710
-23
-693
21
-970
947
-679
-605
396
617
-156
-198
422
511
-977
-557
-578
96
371
-19
458
-982
-407
-542
-780
683
-538
963
607
98
-553
-975
587
756
-188
-4
-797
-136
925
359
-543
347
275
746
-785
-171
203
-822
218
101
-57
-758
443
-410
-277
426
164
606
84
27
900
263
-697
-597
-368
379
-155
-984
735
-319
517
-185
223
825
-495
880
-755
-554
581
72
202
80
940
-660
-811
41
429
-714
370
-663
-744
317
-38
303
375
-626
531
-992
474
852
-336
318
-471
121
924
763
-679
519
-655
393
902
665
-429
-610
13
542
707
818
245
76
-427
189
-623
-880
882
-365
-997
923
-39
330
347
754
437
-936
568
203
-203
806
-452
-809
664
823
557
-87
-631
1
-994
-384
385
465
685
301
-412
67
498
-551
755
175
473
-612
385
435
74
867
-844
764
705
-771
-230
334
419
-595
611
838
-385
541
416
-206
851
301
-757
-578
836
-932
-891
-146
855
484
-864
255
125
-76
476
384
-707
-375
-103
-631
6
-709
-533
-208
-301
-558
-719
119
961
-738
-829
117
-159
56
150
-906
-602
-54
-824
-227
-660
-643
-599
576
309
350
436
-378
-16
210
-474
-674
-733
564
-696
34
-929
-87
-791
442
329
590
-964
713
107
-498
744
9
-605
-386
69
361
-802
527
816
-694
-114
-263
-957
-410
604
645
-784
-178
580
-395
-689
-0
910
-86
-849
224
769
-393
-816
143
415
121
-796
-293
-215
-730
-150
749
609
-490
-319
-421
555
-520
321
496
-804
-288
268
33
270
-740
197
184
-28
-617
742
493
-557
372
-28
967
-837
-137
-836
941
-637
231
-875
-345
-795
307
-704
538
165
492
483
379
66
-130
743
713
104
-919
713
939
-578
-397
399
-896
549
110
551
-705
-710
-871
258
-185
882
-46
-720
-807
-583
-933
843
-899
921
-777
851
441
21
718
-601
345
360
782
728
-83
145
-998
197
-85
-611
942
696
727
-399
-996
52
484
85
-197
-208
181
-648
46
-781
315
345
-558
992
-758
434
-392
-800
-251
-848
-754
-80
-114
820
277
996
698
553
-383
-894
289
-952
167
614
-693
219
-871
88
-732
-850
861
-954
-189
-168
405
418
-742
432
827
-681
861
321
904
-69
-669
999
767
442
-813
232
376
969
374
732
800
-426
18
-393
508
911
-734
60
216
161
816
952
397
14
27
-28
-512
-488
202
157
696
-240
979
988
-506
-576
895
218
507
119
332
-362
-603
79
-84
-220
656
914
-113
182
756
646
344
-648
802
-385
267
-682
950
28
701
166
-61
345
-687
-499
991
-446
-714
186
-214
2
23
-704
798
359
684
-210
-309
-625
-435
-791
-325
761
684
-260
223
84
-300
923
224
950
159
358
68
-169
163
282
-902
881
-695
189
-756
-868
-765
507
425
-602
-322
756
648
-597
590
-300
275
431
675
240
598
-840
-251
-57
-860
-964
972
276
350
783
105
-784
969
-350
-189
780
-698
855
23
-977
276
66
366
572
-920
-8
-144
406
360
-462
347
393
-566
699
865
-824
322
94
-937
-404
-727
883
557
336
-399
-171
-392
-496
516
-251
225
-876
-670
588
-341
817
-109
939
-342
-287
426
840
726
-833
884
-977
865
-361
-879
-143
645
641
12
772
-209
448
-574
510
977
896
781
-675
-782
-181
337
-882
988
89
457
60
-625
-5
149
-853
-212
691
326
-991
106
121
-553
130
880
-246
-432
-707
167
962
-932
-146
268
-489
-260
406
-709
-162
883
155
-863
804
-60
57
-928
-895
186
709
583
400
383
-209
38
706
367
389
615
878
-57
-903
-955
901
192
948
-161
322
859
988
-607
-170
-259
-557
-105
-903
723
-851
309
523
715
333
-524
-772
540
632
-158
826
-714
-644
-523
-333
-410
-628
640
277
-975
231
-619
-234
467
-10
-21
-747
-925
906
995
399
-127
-828
-531
-475
-421
-710
414
-903
163
-211
-454
623
53
532
-472
805
310
-71
444
-53
-604
257
-60
604
-777
-112
477
-963
321
-931
-778
-97
-722
-283
-714
-383
-99
689
504
88
460
866
-640
820
29
460
-839
-248
78
432
219
-463
512
-183
-798
651
823
-900
-50
130
175
591
-499
281
-75
-722
233
-965
-42
115
123
-804
-635
-115
-129
-469
539
671
-603
968
-18
973
227
701
791
-463
-934
-565
675
959
629
109
-192
559
-85
-826
-569
58
-793
418
-280
203
-852
-136
-801
-332
227
599
-926
-567
37
-466
-896
-106
-340
-626
110
-836
949
843
772
-181
-321
771
-290
610
-787
-637
304
724
-620
618
883
46
130
-583
416
254
-896
-984
-419
-569
-374
-241
302
-28
20
-5
452
88
292
837
-788
798
-820
-927
81
-149
-55
487
-59
-632
-161
-335
-41
-899
-447
-394
-179
-977
680
294
401
217
-185
166
-219
-28
788
49
-491
-866
-685
878
-158
-920
-760
-599
10
-322
-873
-145
287
177
-889
-608
528
-670
-88
782
-756
-84
-270
734
500
-532
-897
-819
-203
-964
927
176
-48
-373
-99
-382
-210
-428
501
817
571
-80
-27
357
951
378
-895
-38
-104
431
-919
-116
-983
314
59
190
480
802
-521
793
-834
56
429
376
-506
-442
-324
906
-806
495
-703
-199
-308
747
514
7
-416
781
-157
-84
-316
-440
436
-3
271
-812
-536
863
-365
27
855
-931
449
470
-869
974
-432
-881
465
814
-735
-64
990
-468
-889
-939
-585
721
-583
345
97
694
789
-453
-812
-344
-246
-522
-687
943
-542
25
-753
-514
-289
-492
-882
-619
466
279
692
529
31
526
746
998
-56
769
122
849
495
502
-232
401
546
680
655
-880
-964
-108
580
-352
-483
149
-756
-369
43
981
-346
677
415
-835
918
-109
474
-946
-676
394
-123
117
-541
-483
710
-212
-550
-301
-599
-740
-203
400
-770
-83
-348
-958
372
-55
914
-850
354
33
-655
574
822
124
-515
55
-575
84
-320
-99
822
958
-44
713
574
-6
784
836
-246
983
836
399
881
-39
230
-597
644
-141
-715
-438
304
223
-377
-46
-371
89
-420
-323
675
206
-852
311
-711
184
-659
420
-770
404
-54
475
-832
337
-404
258
-374
-985
-973
-722
-101
-463
584
-427
879
854
986
-711
-245
-423
-60
80
203
-12
-714
212
-344
-279
-616
-283
-242
-781
-170
399
-893
416
-208
-92
914
-939
191
148
-884
816
191
347
-292
-366
974
-229
-291
-525
494
263
-75
-741
-411
506
-374
499
-126
-702
-975
-881
185
521
-108
-329
368
715
499
-62
698
909
243
-341
255
141
112
236
837
-127
-155
-252
752
-319
776
866
-654
-251
-536
971
636
78
487
751
423
622
-390
-454
194
-746
211
-797
-93
467
992
125
255
-434
869
-770
767
-222
-972
-651
-155
841
-715
-584
390
141
545
-715
821
-246
686
-686
-762
-314
-938
-604
-68
-811
435
-295
-502
-912
-703
-848
-129
-271
-464
-973
-218
-664
-957
-601
-66
-160
864
-679
-892
415
-570
-175
-62
-219
-404
104
183
131
741
166
-201
-660
-782
785
-282
973
-519
-256
595
-460
19
-326
37
-344
-245
937
-189
865
641
350
-554
481
825
-7
565
-476
-385
139
963
-905
-698
7
-792
563
-226
62
590
558
-984
-539
-385
-486
169
-897
813
693
996
102
277
-927
932
-988
884
-993
-463
770
-900
-971
-585
202
374
-965
947
-512
86
80
780
-596
-966
-236
-121
-630
614
443
174
-302
-244
-272
688
-768
927
496
-620
427
-681
367
670
528
-304
188
-320
379
111
459
787
-925
-779
125
-865
337
-568
-404
-407
226
607
-893
-258
195
276
-872
-234
-834
-922
765
-216
-37
864
374
78
686
-16
669
556
347
519
-601
-368
-472
747
-429
-44
-100
611
-883
428
431
-853
422
-964
-594
-988
-942
-983
646
3
-398
245
660
-678
-898
-817
-902
429
-432
-445
-581
222
141
-289
-639
214
-45
241
-667
-953
-25
598
-145
-955
-125
604
-185
-582
-735
465
-516
116
842
-971
276
-779
399
-284
-109
474
-343
644
608
-558
-802
-774
-758
584
248
-814
-183
530
-674
-832
758
-369
737
-334
-944
745
-620
-417
-409
331
-908
-238
90
-378
286
548
869
-498
-635
7
428
678
-271
-779
448
394
-255
152
-752
461
-93
435
631
272
-117
-550
-32
946
-28
-40
-187
-537
771
-491
572
-915
-666
979
-636
268
-882
3
103
922
379
961
-101
65
540
-749
214
481
718
530
63
812
-320
-212
821
908
448
472
71
-775
798
427
540
597
-72
-965
-629
-433
296
-77
-483
-671
558
185
384
945
484
-899
-985
-635
-327
545
-729
610
-679
-143
377
798
-309
269
944
-229
292
157
-329
687
-744
317
915
-850
-318
-109
-512
-335
891
-868
-171
-967
-281
445
268
619
717
-837
215
228
-386
-285
597
424
-576
675
93
267
-119
337
-845
-752
244
547
333
-49
817
322
306
-902
391
-686
571
211
666
430
857
778
827
-265
805
-232
0
388
-301
541
219
-528
181
185
993
-63
501
8
-519
-841
-292
298
980
-951
328
677
-72
-393
-650
-157
-545
549
-766
-727
-536
313
-994
473
-1
-960
269
-580
196
-651
-904
-545
381
200
4
-137
200
369
766
521
-619
801
472
934
-708
-218
746
766
-857
-331
598
-754
-624
345
318
-510
-52
530
46
-544
-402
422
525
332
-860
949
484
609
179
-851
-876
786
-377
-805
-134
233
-816
-741
549
-429
440
-571
-81
737
838
461
-6
996
269
511
-207
995
752
-718
513
-414
877
-231
518
923
-261
776
-984
2
277
8
-610
861
92
-368
-78
912
-768
-265
-815
-348
-573
47
-248
163
-915
362
-879
240
154
-930
390
187
337
150
993
-933
-622
476
382
99
-514
175
37
-718
375
-776
-490
629
-769
-35
277
-681
301
-473
500
333
-738
-760
-276
-672
478
-770
764
851
-882
-648
-207
762
-190
-544
159
-56
386
-26
999
667
498
-150
-892
500
889
933
-181
-957
634
413
-730
395
-343
484
823
172
292
-289
677
-958
-290
366
290
195
-176
-421
-782
-728
-590
820
-715
440
-19
543
-870
966
96
336
-8
14
-843
-444
-604
751
-736
313
916
-162
-186
-984
-910
921
-635
-96
492
181
-249
-313
-149
-753
-988
-40
-875
544
611
821
182
879
703
-166
-141
-235
324
-596
965
710
-119
562
-656
-407
-690
-788
-323
-395
-698
278
-260
581
414
409
-231
685
573
49
-410
-496
390
-326
7
444
-986
896
-236
-182
359
382
414
-646
-371
-568
504
-235
404
960
338
-468
479
-570
-545
70
-695
848
-576
448
-541
-81
-784
-292
-933
599
361
-595
135
-612
973
-937
839
-481
-631
-715
297
-571
817
-621
172
374
-991
429
-191
511
77
-185
-586
-36
-948
742
-251
-679
233
523
-225
-642
-570
47
465
-278
358
-515
481
866
654
27
-626
-678
710
968
-802
856
385
838
813
-449
283
-468
-219
898
-294
-483
335
483
-714
37
-117
240
-148
-58
546
-132
-176
946
-286
621
473
205
-617
-557
844
847
839
-817
-518
-948
438
894
385
10
388
605
439
21
-851
387
-525
-10
25
-704
-758
960
-85
-163
750
-847
-508
351
-614
355
-302
866
-680
-896
-759
953
-604
-65
823
865
-105
415
-516
-264
490
-300
713
-324
394
803
-172
-374
-373
170
-372
-473
-99
-795
-6
98
-679
288
917
138
536
169
-49
837
335
-322
-747
-538
-35
814
745
537
-14
-170
142
-947
-602
-739
11
-426
-288
-55
-896
-233
278
-325
15
801
392
665
-631
566
80
-237
586
791
-411
-613
-143
-591
598
-149
-482
347
-625
-762
-329
842
689
206
-94
-853
-899
-165
17
-167
-376
-932
-971
86
-349
206
232
792
832
549
-51
784
573
344
762
909
181
702
825
-749
-340
-557
708
845
404
-170
-501
-406
-609
368
614
-862
-822
-300
704
526
-709
968
-137
-13
912
996
-490
191
-857
823
540
-267
954
-363
320
-407
325
-150
893
355
-699
923
-458
-289
-378
786
-501
-634
-324
-818
-238
-378
-656
-729
44
60
-788
-285
-802
-561
390
-804
457
-403
787
778
-150
-293
-38
60
459
530
-456
-845
93
-495
-809
-78
-737
48
54
-902
-687
-363
-569
864
-896
-627
913
666
-934
193
461
10
105
75
-941
-716
524
410
-206
474
372
158
-630
-643
-339
-309
459
703
434
76
-812
707
-575
-135
743
588
-415
-752
-275
-963
935
119
-295
311
305
-808
-531
-807
-633
240
-255
-844
926
-421
696
168
8
-379
-814
89
-78
-589
413
-68
-42
128
-840
321
-921
320
-478
602
-480
845
671
766
832
-63
-456
996
143
-148
801
101
915
692
-615
583
-627
94
-715
752
-919
-497
-650
-578
-322
-480
252
197
-708
913
-888
-474
-629
-167
-132
-596
87
-131
-291
587
-140
-440
705
-911
231
-440
377
-636
-835
55
-722
372
97
-603
917
705
-961
-153
-487
432
-593
-838
140
328
-629
295
388
-217
-875
578
362
-201
-133
695
770
-338
-704
-685
-355
-524
-102
689
191
-327
-79
-210
893
821
-117
-998
-348
-955
569
601
-710
-262
648
302
561
257
239
-786
582
-214
-828
291
-253
-580
590
99
10
113
-664
-850
-102
218
279
178
964
913
309
-320
154
88
-786
-398
-901
807
-983
144
-822
131
719
-315
-405
179
137
628
455
-389
257
-390
-354
-76
-911
775
935
-187
-567
393
435
687
775
-865
385
-824
745
-152
-467
789
-153
-112
471
446
506
364
115
866
71
473
-689
-802
215
-886
888
-61
592
-482
-529
807
-472
329
-278
-182
279
-510
-304
-755
-972
553
20
-605
493
-29
72
-410
-711
-835
-934
-691
-672
534
-219
199
634
107
720
619
504
587
-188
-824
88
-593
677
940
190
-30
-467
304
334
460
-476
-971
80
-260
908
872
-743
-372
101
474
139
-53
-437
412
121
530
-655
633
-413
708
977
670
397
845
-707
142
-527
-156
-258
441
496
681
177
-239
560
-264
-231
-314
-681
479
183
290
521
-380
-719
511
-496
719
210
-616
258
12
871
-470
838
644
275
85
-732
-576
638
-371
-983
512
401
316
713
502
358
488
-626
923
770
49
177
-658
-416
653
-824
-945
-999
589
645
649
-768
-904
974
-647
539
-599
-26
235
343
546
-759
745
-456
822
778
808
-665
292
244
87
-691
-204
-649
864
681
512
253
-550
-943
162
548
971
-35
-556
258
768
34
19
764
380
-645
237
-853
-959
-864
222
796
-329
513
-815
232
73
-908
-302
680
118
-926
-576
-847
-928
361
179
-399
-693
97
-36
-92
596
906
24
-933
265
202
991
729
-464
773
-600
855
-437
154
281
-287
950
481
132
-469
-626
591
-776
889
763
-587
-540
361
-394
-803
-465
609
-635
742
-209
517
-938
-157
781
-306
-414
964
335
-283
-545
-108
528
-130
-160
636
139
909
-262
-791
-465
-291
-342
-185
-286
758
259
-546
937
-656
-605
171
-445
822
-146
-806
63
843
-58
435
-202
-879
765
-953
159
-151
253
509
754
462
650
-865
-719
823
-793
825
-157
-161
186
624
-724
-462
-802
380
-7
809
-112
-723
439
-312
509
-580
-897
588
855
133
692
-261
919
402
-484
936
-238
-131
-557
910
-284
85
583
618
238
722
699
-128
-976
896
743
409
491
11
336
820
115
-155
579
-840
876
804
-249
545
-464
391
-274
540
-45
871
824
707
-948
989
339
50
-96
495
-787
628
834
-810
523
931
902
7
-845
-666
280
-673
190
-890
-282
-336
130
673
335
-777
186
484
214
168
557
-205
-546
512
-658
375
140
713
28
-586
574
-926
776
553
901
402
260
-999
-542
895
266
492
-981
-28
944
-725
682
982
-414
-450
-609
478
-164
-28
-693
258
193
69
-659
-888
-415
-825
968
-909
344
402
267
175
61
489
-478
-417
553
-549
287
-168
-754
-505
-154
-809
477
155
-795
528
-885
-963
821
386
219
-587
-725
-914
454
-907
185
-162
632
-110
-648
636
-712
249
685
-259
923
-115
307
-833
448
425
-512
-999
904
924
452
142
512
49
-730
-454
508
-7
-951
280
-284
-737
-644
-293
198
-805
129
-167
690
-543
526
-778
919
-201
977
973
538
410
447
-434
-624
0
890
-99
385
705
992
297
621
485
-683
-564
169
107
-381
318
-485
-758
-838
-308
-853
-838
-200
-109
689
420
405
945
-310
247
298
-48
-236
-510
16
2
-887
67
-680
-909
-122
94
17
807
-796
370
-972
581
-929
634
-614
-167
829
-941
762
582
-884
-116
68
-581
-682
662
74
214
686
-301
837
-506
-54
-879
-2
756
-490
-789
500
126
674
836
-383
752
251
426
-873
106
-83
-799
-150
-973
781
254
132
816
-872
908
-407
29
-418
-98
739
923
893
908
630
388
643
397
-375
-287
-569
-855
-559
986
-691
269
640
252
-266
281
-394
-12
-311
-166
-974
-286
-352
224
377
889
-999
498
54
877
615
-921
827
48
695
-529
371
-918
-308
986
-705
-457
-89
-697
-410
-168
-85
35
375
755
1
-93
804
799
-153
-502
717
268
-267
-302
-243
55
-264
593
526
-62
-985
-604
518
255
893
-587
69
-770
-172
718
-247
96
864
854
741
-269
-776
869
-629
-671
585
-485
-113
-696
-680
-756
-540
790
245
146
-913
-66
641
-337
411
-496
-266
355
589
720
-170
-548
681
818
-335
265
83
642
266
-698
-339
-730
-529
-40
-841
388
589
-425
979
900
-559
-266
497
719
-592
-497
964
-241
17
612
-394
573
992
957
945
-637
24
-498
869
-341
339
-745
418
-149
-269
645
817
-999
-568
-781
814
369
26
64
-789
-709
-596
784
-441
802
398
726
-370
-24
33
-156
-928
-390
746
-202
-564
16
717
879
-85
221
834
-50
24
495
232
258
530
466
-807
-515
931
883
-35
160
797
307
33
-187
-432
-819
687
-176
-430
197
-311
960
948
-595
-958
-808
-841
-90
-473
635
-665
-273
236
-273
-91
607
886
-349
-115
-522
-404
885
-797
-823
957
879
617
678
953
872
-125
151
751
550
-149
644
-754
-502
856
-526
487
-788
-910
-311
-122
-613
-719
612
969
689
-587
375
214
-245
906
237
-530
-202
196
-360
-753
567
90
943
-45
529
318
326
-133
956
47
-488
-922
722
-908
790
408
-134
-240
-557
-62
-270
342
-618
-871
-570
-471
-848
-101
864
5
-671
363
-263
-235
241
-610
382
459
483
926
249
-463
-143
-20
-927
-366
-790
756
-37
577
640
-493
843
23
-282
379
51
334
760
-906
-84
637
-57
632
-384
76
-749
-400
521
-271
-77
392
-845
-675
-432
644
-557
95
-27
-61
640
141
59
686
668
-441
-959
-227
-911
114
-836
916
-745
712
90
-536
616
-824
-922
312
467
-337
-290
-583
818
601
-161
-104
-880
-30
294
-404
948
-290
738
462
-412
984
67
-608
-321
-596
78
740
-868
280
690
425
265
-861
374
-561
-826
-488
-168
-835
657
324
-483
-45
188
-866
362
220
-711
982
-109
-223
-144
885
-512
507
151
257
248
338
-980
370
848
673
377
-997
-903
126
637
65
-84
671
-755
574
-584
144
-469
-611
-810
-229
-644
-377
152
300
-868
-290
937
892
243
-400
-83
-447
764
-870
47
-113
678
591
346
971
-608
871
-576
-942
934
350
-591
-922
-208
281
-244
-298
589
105
-133
-854
338
-639
544
437
628
-201
-937
575
-916
-104
955
434
-644
-183
-968
-872
-818
573
797
194
-150
-644
-870
288
-780
298
-794
983
-624
-569
908
603
-304
-89
890
-878
382
-831
446
-39
-511
665
-775
-449
167
344
-811
-801
-827
921
-878
-758
674
514
61
-51
947
-934
717
474
753
311
-469
384
-356
-13
456
847
417
308
-971
-754
-428
-641
-424
-382
637
798
-807
754
191
-749
595
-483
662
842
502
-552
637
-429
12
944
505
459
277
-827
-36
-468
878
643
446
-526
434
-232
975
485
-472
-340
-524
-642
716
621
751
384
745
-521
217
-845
829
-426
90
143
45
244
-634
-722
61
455
786
793
922
-75
418
494
-349
52
-537
-354
383
-152
-837
-72
-570
-62
-70
-888
226
-836
236
891
-955
-377
843
427
-33
595
157
-769
-546
436
-391
665
-992
261
535
-517
800
687
329
-221
397
-586
-836
-987
-891
55
100
252
925
672
371
-656
436
167
-810
480
-557
-466
-774
833
-877
300
-313
69
-419
51
282
-313
403
188
573
-124
87
228
396
878
654
-602
-84
557
116
-645
668
821
143
-636
-30
198
-704
-330
192
726
-739
-165
-352
30
684
-571
986
-776
-106
845
-525
-605
-174
-330
-848
-213
-736
115
454
-261
-173
842
929
-992
-383
-524
-584
138
-769
126
-876
909
422
405
-521
-366
850
-557
179
-168
738
471
174
82
781
913
-251
621
198
-902
44
-766
-830
27
873
-924
239
-287
-708
710
-633
-498
150
910
-850
420
434
-141
-863
977
-419
52
-0
425
764
-901
-814
-634
223
665
709
-319
624
111
-685
928
-694
116
-376
459
732
890
-760
-863
-420
-760
613
625
245
-429
530
-739
42
-623
100
262
444
731
-380
892
474
635
-84
29
349
-964
-168
456
911
332
514
-196
803
-219
873
689
-467
786
584
-585
-627
517
-957
-710
-757
231
341
-286
-706
-681
-968
926
-694
-691
881
-268
-530
-655
-111
-707
112
844
70
950
-987
356
-705
-742
-700
382
63
441
788
-433
166
472
-135
-83
-150
-983
-369
-444
-326
-826
-973
959
-563
333
553
-251
-963
-349
-744
304
-170
-384
979
967
-720
-684
-58
433
748
-972
237
-20
652
298
-505
995
-242
568
913
-231
384
-30
910
415
-581
-311
-964
18
-404
-716
624
938
-796
-792
-745
-694
642
276
187
563
79
291
-558
-363
978
224
496
821
372
-1
-340
-951
771
-886
-918
430
28
97
-383
900
245
-316
991
-385
454
-833
-785
480
-363
-218
520
-984
-370
486
894
-466
567
584
-975
923
411
-927
-893
-456
-126
-242
-675
-898
-12
-150
-474
-750
103
-953
-360
-860
336
-24
899
190
-859
375
11
-931
361
281
-49
581
70
-935
114
-905
286
-384
-762
-914
711
507
266
-449
-871
167
466
777
-987
670
211
-256
-209
739
919
-944
647
56
-241
-597
588
736
-216
294
929
-657
595
-694
258
127
438
864
-874
55
-778
579
-768
-124
181
540
438
-955
814
-190
-434
-307
-389
662
-444
-83
-721
-293
-683
474
892
-679
915
-717
-636
-506
225
-648
-337
935
380
-708
385
591
-772
-285
135
347
951
131
324
363
155
220
673
-626
174
-507
-688
-980
867
-829
229
-404
593
-473
-877
-170
847
525
898
926
542
336
883
-395
581
456
752
695
-99
-966
-4
-10
232
-76
743
555
-139
867
207
476
838
302
496
640
-518
-924
-448
78
174
-162
-860
-202
960
-373
-684
11
485
-465
16
-929
713
409
140
545
698
-231
777
-262
-854
-609
-189
413
-638
-360
984
-541
-495
562
-142
-949
167
104
965
-33
706
62
-319
-275
-705
-612
277
91
807
-759
465
495
592
576
-669
80
-308
976
-321
585
-590
-421
-54
343
870
163
-162
-968
961
-663
859
-359
-942
-147
-290
995
633
-452
-280
-900
250
839
74
-871
-56
-19
-334
787
-417
893
-18
643
656
-42
-243
791
-358
961
-142
173
-71
818
-274
-386
891
454
871
-264
-545
-168
952
337
646
-448
-483
338
-517
-15
113
834
33
265
-737
136
891
774
968
507
762
-754
-280
855
-953
588
-624
423
414
267
274
138
-60
361
-728
-994
527
439
-544
-956
-868
-268
670
855
-83
292
-525
875
-46
-965
457
-616
59
-144
-53
805
997
767
-116
456
96
-909
530
559
-21
703
836
814
-79
203
411
-758
434
-779
499
-103
-687
569
-797
-498
652
0
-872
-736
477
-788
300
-0
-424
638
-71
223
-753
680
272
-424
379
-765
295
259
144
-364
-297
-532
199
349
263
381
-716
623
-239
-264
824
-925
-234
-595
-935
-176
27
-306
-230
-849
-579
565
-643
-283
236
204
929
883
-18
-895
789
186
-131
-394
500
-558
825
727
664
54
263
664
92
-60
729
-415
378
38
151
574
28
83
-608
26
878
524
43
37
-791
949
757
742
-670
349
564
825
408
150
-775
-992
960
-146
-408
842
986
423
508
-231
-945
352
209
-806
-141
-338
-836
922
-551
504
957
-863
490
-686
-804
529
-555
963
762
85
-78
-524
-458
-768
-220
320
-971
120
822
-812
-780
727
-574
451
-461
-944
-664
-158
267
-131
-551
664
987
336
295
787
-842
-763
-558
-105
-455
-910
870
594
-347
-625
-530
773
-778
31
962
500
-37
-574
-534
-966
81
-813
650
-440
-486
-248
-411
237
-482
614
-143
-602
434
-128
-207
-661
675
-943
-235
-27
505
-89
-648
-457
651
927
-890
326
409
-644
-253
-609
780
-310
-993
-88
-964
-767
560
94
648
709
-255
-862
-194
-986
-811
-431
204
311
-430
48
-633
-710
39
-108
-179
-577
-205
803
297
-902
89
757
427
491
-172
-308
-354
-351
-823
785
629
141
-154
289
86
616
-877
820
-794
217
-202
-476
-896
6
992
426
505
-808
215
-167
641
828
509
526
-312
-973
-621
775
-982
940
924
-947
285
-145
557
506
-448
-68
-336
-612
41
-219
739
-883
480
47
-542
-539
102
33
-349
-209
-226
-754
575
-267
-655
-335
-833
-820
395
-71
-215
821
-646
-681
-98
792
872
-591
-616
-768
696
-371
675
844
59
-63
-877
-648
-91
-223
-571
-866
-266
-595
667
-858
171
-245
-773
972
708
-811
-921
-813
140
-906
403
859
581
608
521
-315
-48
243
354
-5
604
-352
-627
-241
-553
-831
-271
682
496
156
-109
414
-385
-330
226
-154
504
-707
24
-603
448
-591
-828
276
-916
45
-256
534
470
85
-551
878
-98
-243
-237
-757
-984
-757
973
488
465
-618
345
67
-368
863
744
679
30
21
-120
-305
478
268
447
-45
994
987
-168
-507
-559
809
-168
-201
-411
818
353
-988
538
-988
-717
251
49
402
-996
-107
-984
-914
404
-702
-691
51
349
-228
-647
-225
602
-75
770
573
-91
378
-596
227
761
168
155
-848
610
-743
-997
974
501
307
232
391
561
399
-414
-510
-612
-979
-250
623
961
-471
-40
-262
847
-165
-449
-755
30
-520
-484
324
-61
-216
835
525
-559
-107
-793
-492
290
424
918
-454
685
97
356
971
428
-434
-379
412
-659
889
592
149
744
974
105
-667
754
-665
889
-232
-527
-285
-329
-197
921
-145
173
396
-220
635
-502
469
-770
-71
-826
-681
674
-612
-16
696
-601
452
839
-395
923
738
-685
-682
-45
-467
760
-576
466
-790
351
-421
31
-78
425
930
-855
774
579
-348
913
-847
667
-460
317
968
-88
620
966
341
523
740
644
-623
674
200
-490
965
-176
-642
27
513
-704
-938
535
-415
255
-140
374
476
86
-692
-428
-437
-82
801
-395
928
-151
-122
-497
-448
397
-5
704
523
861
-71
224
598
-293
767
-66
-139
-561
256
503
-516
646
375
706
493
-818
-209
778
349
912
-111
164
900
-568
-841
214
-324
230
562
-951
-855
-325
-164
577
-526
335
-171
943
281
581
936
-831
7
664
-349
-977
-89
622
757
119
-392
976
-658
339
-136
62
67
36
-307
996
-20
213
-628
-363
-738
373
289
-750
-621
-886
-362
533
546
208
623
509
177
-753
-262
-543
950
-187
-265
-538
-27
-348
77
522
804
476
-934
-422
413
-621
-995
-380
-432
-537
505
-641
853
-625
223
554
-230
806
-720
981
-108
513
471
-402
-165
657
367
-907
288
-855
385
891
-143
-484
-630
-53
-772
-195
-164
-850
-888
-704
-806
532
-849
-662
-148
553
602
860
207
324
832
-926
-468
-29
-637
316
-698
594
-588
-837
-161
381
-132
348
858
671
543
390
79
720
-154
-863
589
-103
417
619
-34
46
-945
859
771
846
832
-678
656
979
138
-366
356
610
-113
-704
-581
667
-497
-329
408
-934
764
856
714
-935
-735
285
475
-217
124
88
-376
-583
-633
845
792
987
-96
328
31
-368
-269
210
-900
-36
53
-81
232
7
-928
-612
337
980
-146
-948
-276
-296
-321
-641
638
-597
155
-825
-694
-957
742
47
-872
-216
-689
-549
-185
-511
-56
80
-534
-441
708
-781
804
378
-364
-329
-453
-607
62
-108
-706
107
827
-160
569
755
-220
-681
-331
274
-836
283
501
784
-399
515
-215
219
514
757
685
713
-753
-986
-157
131
-216
636
-657
984
-665
514
474
-275
817
776
601
-112
-236
-142
-710
91
-39
-347
-852
106
-184
749
-706
-351
113
-730
-616
772
940
302
539
281
825
-628
-313
546
-706
-507
24
289
337
-556
862
-510
595
509
-558
418
772
-60
-484
-934
253
603
4
120
264
-647
-709
632
-322
144
285
615
-312
-494
-633
338
-925
869
538
975
369
632
-484
-736
-111
391
-146
-805
386
958
783
-611
-294
342
-173
-339
643
973
-941
639
293
152
741
-601
-960
852
-560
155
-295
-391
166
362
55
-290
-749
752
-663
186
-213
885
-51
-972
552
-170
-625
19
644
953
-421
-399
876
918
407
-297
596
849
623
963
-949
-726
-399
-421
478
-95
322
775
-998
-91
-501
-378
274
-450
-401
-72
603
-628
895
-749
776
977
-691
650
149
446
481
-453
-756
-4
-372
-859
-578
-681
888
198
-627
-468
280
-711
211
-785
686
151
845
-951
-583
249
649
986
713
259
712
-363
845
-775
-585
452
502
66
-110
-268
180
-206
800
423
-376
558
409
786
-997
366
825
-205
-773
26
-641
-928
516
-354
-678
-533
-460
848
14
828
547
-945
365
51
774
-726
-75
-940
845
259
424
283
-237
459
117
-614
186
-388
61
-747
-868
-954
832
535
541
-554
-291
-202
-320
779
-653
453
304
95
-984
905
668
147
106
882
-181
-965
977
-1
-533
86
-878
729
84
-252
-19
272
-722
244
454
-180
-267
-460
-16
894
-945
87
576
-710
994
81
-824
405
-125
79
479
919
-460
-343
-544
-378
273
-665
-634
-862
690
346
648
765
-104
-58
159
-682
-709
-95
318
-743
643
793
-488
-610
950
-397
59
76
358
98
-464
136
157
426
-761
419
635
33
867
-654
-951
119
565
-877
682
-792
-756
671
215
-741
-972
380
-372
-730
761
-760
-139
779
428
-627
633
961
51
7
-82
-243
261
-661
-94
577
-480
272
570
324
61
812
-75
787
-758
-746
248
-895
-317
-495
300
-619
115
753
-295
-387
-733
754
677
640
-41
-275
727
150
-79
-808
-775
-512
23
-927
-695
-379
217
941
27
681
319
-61
-479
796
-914
-290
-736
931
-420
429
-876
-247
-942
692
122
94
682
-193
423
72
-297
378
869
792
871
460
-382
-545
-248
-350
962
869
-303
159
-755
416
298
-438
-160
160
156
131
679
-567
265
-355
-713
873
-638
96
-615
149
-11
-784
522
556
916
-921
-716
228
758
561
159
841
-818
-542
-801
51
-631
-689
-132
-535
284
-349
2
-686
512
-936
34
-820
66
990
757
737
230
-245
23
763
-294
364
-41
408
649
-576
474
-888
110
-465
-272
608
980
217
-339
366
797
929
132
-96
386
817
69
-106
-936
399
-125
-63
-214
812
964
538
261
-304
-508
527
-72
-108
402
-25
-489
547
-784
423
-242
-551
-469
320
260
828
-24
-16
-52
-294
-42
-145
95
849
6
878
211
159
223
-763
455
605
650
631
-97
-862
596
-374
756
924
847
715
936
442
705
-348
500
343
926
-206
-252
866
131
892
-815
-2
971
-72
-943
-123
-424
160
776
-427
533
-77
-405
-338
-535
424
399
-364
495
-981
-655
-438
-928
355
-805
759
768
-828
-484
-63
397
-74
-618
870
-931
904
-660
17
645
-998
508
-493
-298
154
488
-507
-409
385
-76
-196
-811
946
147
-764
41
594
-872
-529
410
305
-253
136
98
745
129
182
394
-115
445
685
-994
387
-368
-389
-952
28
-859
572
-686
-483
-612
-459
-147
-900
158
-782
-865
723
-789
715
511
300
908
679
-542
113
532
513
-851
975
350
-866
-630
153
406
-866
-965
-639
742
820
-185
-791
-562
749
-69
126
834
-340
-287
-940
-66
-315
676
257
977
-408
714
879
-856
-393
-705
49
217
59
-939
901
-510
-741
-875
-310
427
14
621
-122
-226
-107
739
-174
-602
164
585
-250
-986
635
341
-713
15
-614
-325
-818
307
-834
-785
-707
-241
632
-642
-923
-578
842
855
-392
987
-210
446
-567
305
153
761
534
84
-533
-754
-707
718
956
-808
-147
-707
163
-90
260
-483
-543
-977
-951
596
-492
645
387
452
-289
44
-408
498
610
654
689
339
86
-309
-82
-226
-960
478
-586
395
-544
16
895
-228
-807
727
-725
-728
735
905
-648
96
354
-660
858
-520
846
-706
754
-599
170
-58
-97
-410
881
-354
-798
489
377
-797
-556
-989
-557
-497
983
-873
-479
752
-775
113
-478
-185
-622
-133
528
939
951
839
328
-171
489
-816
-681
-897
-83
464
182
541
-27
-860
-308
-992
431
471
224
-423
392
33
-160
881
-646
-508
698
689
-428
-633
-700
-700
160
891
-519
-449
259
-336
118
-367
-618
-648
-277
-41
-886
-795
-3
-718
-723
252
628
505
-241
659
114
-179
253
-400
165
589
820
-990
-935
44
-21
-253
54
241
-304
6
278
-855
365
-767
50
-285
444
-750
-687
390
795
63
-755
497
557
-182
-393
71
-998
640
898
-622
905
-74
871
653
-108
-868
-725
-627
220
821
551
-723
-435
-949
993
676
-1
490
567
-891
-564
-243
-124
923
-383
-310
-342
188
-749
463
414
992
-594
639
330
541
-641
-536
-710
166
-909
-732
861
732
411
-408
-40
296
-235
-500
-170
812
881
-633
513
-36
627
729
394
155
-361
686
964
740
269
116
985
955
-982
-809
-387
-269
-670
-206
811
221
277
-926
241
-144
258
654
893
-461
-549
370
-820
654
341
907
-926
678
740
-796
975
196
553
477
-812
674
913
-2
388
-575
222
586
-315
-704
-573
740
-793
-133
-492
496
-253
722
-919
-251
-86
-740
-13
-808
-943
735
-365
-768
468
208
216
-969
-579
987
-768
-157
769
-514
576
462
187
-92
376
766
-115
157
383
-505
170
812
-83
145
570
-634
-334
-371
645
778
676
-570
871
-827
-206
920
-176
19
-405
111
-823
-475
-193
-384
661
564
59
833
214
889
696
149
894
-132
684
-628
-693
18
-301
429
916
4
-480
-963
202
467
-14
-124
137
-561
204
682
644
489
-806
-611
264
-402
-806
-790
-570
-259
-227
-197
-344
890
651
150
-976
944
910
-209
-524
622
681
42
22
539
37
-670
551
634
-485
-554
128
948
-759
-916
472
-317
654
-756
-661
-630
89
784
213
195
907
215
-953
-425
24
347
-231
2
-23
914
-111
-440
549
840
347
-812
490
-289
543
-507
407
769
518
227
586
930
-391
249
947
703
830
-900
247
467
607
63
-828
356
-307
-591
-429
943
596
-761
-635
-541
-35
841
982
-778
282
307
377
-512
-951
282
329
-553
-123
-525
834
-279
-860
504
-428
136
827
-524
-811
-593
491
-199
805
803
770
-390
-395
-177
-141
803
-668
983
-439
-404
895
-717
-577
-264
372
-663
395
-450
427
103
-14
-138
549
882
-981
-944
-988
319
-930
948
2
149
720
-245
-579
-716
-606
-332
-679
-848
205
241
806
759
-496
-742
-22
600
491
-242
193
-720
164
11
-618
-208
-4
-370
362
-250
541
60
-884
658
-506
501
211
203
-977
-924
-778
124
934
-944
-327
858
-538
-784
579
501
-47
-490
280
-339
-612
-206
99
524
528
-33
-662
76
810
327
-654
-827
535
-665
-715
-426
-971
69
18
808
-413
753
-733
-979
-41
-636
-487
102
485
-190
123
-231
-952
868
245
-220
-870
85
-155
-850
-723
-245
302
-233
-466
-340
744
387
-224
-723
988
832
-917
813
-687
-622
501
-621
918
-944
981
325
-208
478
-23
607
144
221
61
-839
401
511
-384
59
690
-38
991
101
779
-337
132
-166
-87
-42
774
601
-398
782
596
84
-548
310
837
444
-694
123
-429
454
-28
-369
434
34
435
-615
10
22
526
154
-447
-684
731
-319
448
-29
-975
-335
721
-594
-186
893
-614
-810
952
-856
-915
541
-52
159
986
-682
939
-75
739
521
-583
-177
-34
-690
-304
-385
791
-219
491
-697
-919
143
100
574
-591
-468
-214
-724
-985
-234
17
213
250
356
163
-571
136
-996
-636
428
-18
-106
894
481
949
-873
-40
-479
519
-32
241
-468
-21
318
-386
-236
-996
638
526
474
-539
-146
-433
-222
460
-690
561
-783
974
591
200
-118
-874
-791
931
-580
964
-402
-703
406
230
-217
607
725
453
-646
848
-202
224
475
-610
-979
-133
28
-6
351
-530
732
-272
-423
-478
-732
-186
-400
632
-918
634
-521
-631
-307
-983
577
-931
355
-471
-634
-199
-627
-4
-148
-959
-231
-668
65
653
640
-735
-853
-583
575
690
355
279
627
-713
-624
546
-970
-959
-217
759
-600
-130
-866
366
767
-354
298
-808
-620
53
898
451
-517
255
-726
-295
-862
-484
491
521
610
-85
212
-187
120
429
-896
887
995
852
509
-400
277
-803
-438
-380
903
-661
-63
300
793
-554
-313
454
-935
-382
-158
872
-722
-204
704
-912
-754
75
-126
-353
456
-312
700
-430
-425
136
298
-371
37
-884
864
-701
723
-139
-504
121
751
83
552
791
30
-265
936
-53
-564
-67
-734
398
-249
-659
-382
67
-917
289
367
152
-359
-78
-54
621
68
398
-513
-964
37
-220
-107
-905
-141
847
-626
906
-768
633
467
-144
-999
43
690
-627
335
-499
839
-171
302
841
721
-266
84
-664
858
440
-703
722
-842
826
-901
-324
786
-72
-218
369
-14
-781
-238
-2
-959
955
277
-112
731
1
968
-724
-173
-546
62
-682
-254
-175
614
-942
-324
-939
278
425
-694
-641
456
-120
-514
-724
-582
-653
-575
34
61
-466
-225
-339
161
-865
-895
-870
576
333
10
-18
817
133
555
-933
-143
354
860
224
162
582
-299
761
-147
-965
-505
-102
359
-66
-755
884
-102
-971
284
-688
-988
855
-427
-163
64
84
816
-243
-773
795
-12
-779
-269
780
297
351
-443
-572
528
-797
568
865
-419
264
121
-73
738
951
954
913
552
-536
-528
218
-548
-352
-600
-852
381
-916
528
987
-193
-979
-21
750
-213
-274
98
149
-564
114
774
-888
-788
9
-145
-287
638
-189
863
-586
-577
170
-56
674
525
-137
107
-807
-181
-564
-165
368
822
-815
-848
465
-965
-804
659
-642
619
-835
-156
974
-163
663
-445
483
-292
304
404
269
757
392
-904
-952
-518
602
134
-12
-170
-329
-411
235
-816
548
13
-942
243
-891
73
375
336
-265
609
-472
657
99
966
-475
929
355
193
-418
-984
-640
-505
-0
697
-16
-247
438
-641
-676
575
742
-527
-800
747
-860
879
492
-869
930
-461
-225
138
316
553
92
496
986
-636
-447
356
-818
-160
972
154
-948
-553
28
189
-824
-689
-576
-102
264
-700
473
-370
643
953
-264
-223
427
-738
-468
-503
22
560
433
864
-401
408
-972
518
-366
584
283
-195
583
869
212
-48
-269
-537
-624
752
-318
604
996
907
947
992
650
-645
-824
-989
-591
624
351
268
-267
352
-885
-229
432
-595
331
665
479
918
177
341
650
-333
182
976
326
388
989
-797
457
856
-332
121
832
-468
299
482
-830
-302
121
814
-311
362
523
-426
552
120
-156
400
633
-54
29
-234
-704
-872
-167
-976
945
-482
498
153
895
-638
219
-744
907
-784
-335
148
907
920
-411
-256
-235
528
351
135
-659
-649
-164
82
545
-713
589
624
-234
-274
-793
705
-324
-113
-619
273
725
-860
669
18
512
446
944
301
319
-527
809
492
522
-161
557
-475
62
-876
629
297
977
-595
870
-804
824
5
-620
-119
454
987
420
997
149
565
-120
272
661
-724
763
424
-916
-573
-278
383
29
95
185
635
-319
817
766
-241
308
-663
550
-11
-517
-355
-333
-880
462
-516
-421
686
704
883
945
-602
794
-678
-354
163
978
19
961
377
-228
775
45
93
669
-923
-805
-221
144
648
-292
73
34
285
-345
-123
908
-926
-63
-406
699
348
-208
809
172
-202
621
-439
-720
354
-739
-638
727
305
935
876
-394
-492
497
306
-110
485
135
90
-1
-273
626
92
-828
849
-814
-103
653
-514
248
171
-32
-794
-285
-727
-33
730
913
-70
925
561
348
651
611
-503
-689
-570
386
240
600
-309
-969
350
215
679
43
583
905
-744
-455
-728
977
865
14
-387
-777
-953
-736
684
75
795
-957
861
668
-83
908
267
-814
952
294
-148
388
522
-108
-780
922
-653
-10
-94
175
-154
-693
672
-610
689
-316
-679
642
180
760
285
592
562
156
-632
537
-118
912
443
766
130
673
-138
-363
417
335
805
-344
-529
79
535
-652
552
-795
-142
479
996
434
-171
-509
-920
-994
-772
797
542
-520
-197
82
-441
-744
790
-208
-79
625
791
190
979
492
874
110
-870
197
-154
-817
-508
883
-841
437
85
523
-549
643
250
-336
-777
-245
-76
66
74
530
149
233
856
262
437
-521
-499
-219
652
-577
2
428
969
-13
730
977
309
573
-586
-811
621
-10
201
-573
784
634
-677
569
-261
41
478
-926
581
-658
-334
-191
-154
779
-134
561
207
-409
-314
882
-264
270
-293
-235
-695
-394
714
-689
842
-929
-173
599
390
968
-690
984
-125
-401
-803
-646
585
585
330
873
743
501
-644
1
-460
444
172
160
-387
69
902
-394
-459
-140
605
666
-167
-970
619
550
941
-285
-127
-764
359
-57
252
454
134
557
959
441
-94
289
-382
496
-186
142
578
-180
443
-904
-41
-462
-304
-267
594
-741
-119
753
870
530
-734
74
-930
955
-844
772
-921
-764
-606
840
92
889
611
66
244
-243
620
-995
276
627
513
709
-337
11
-857
496
784
-866
-379
582
-232
-306
846
106
956
-594
836
608
-129
-821
-823
-288
-406
-355
-790
-113
466
874
424
435
417
554
685
131
133
153
-973
268
-300
-516
265
113
752
-44
-672
909
-566
695
977
-418
130
771
716
-834
-367
459
684
363
-263
965
-944
-377
690
113
250
483
454
187
646
539
723
997
-274
196
-472
177
-388
630
978
451
627
-664
540
605
-224
-551
847
-59
261
-11
-769
-854
-95
940
-228
358
-29
290
226
-460
743
455
912
-64
474
-259
616
104
949
-842
140
738
927
-796
275
-309
-620
961
630
-706
452
-699
430
-837
553
262
-583
567
380
17
-972
-377
442
-125
715
529
501
293
736
16
-513
335
-982
607
970
-721
302
-886
437
169
548
-24
-630
-333
-799
656
331
761
-598
379
697
862
-551
96
112
-844
667
62
-538
-664
449
354
368
-798
-836
-238
982
884
553
873
-597
-30
938
562
-191
-871
603
-125
341
-290
-804
-62
-981
-671
279
552
-614
845
26
-733
-337
210
182
-265
-962
-404
-84
-257
-764
952
-825
-624
-790
-343
-228
-738
-385
210
-987
-794
31
-771
-16
885
661
528
-46
277
-973
357
401
-823
-747
58
509
387
403
-7
539
-553
435
390
938
-22
992
169
-179
884
-25
-661
148
426
560
323
679
-4
-662
299
414
215
-54
-503
728
-512
35
-640
927
-86
-853
938
638
350
41
-252
-323
213
-556
-963
-456
-391
353
26
802
767
-875
-891
704
166
-243
552
-590
-648
-834
136
790
-486
262
424
-977
72
954
-718
-909
404
6
-423
-74
448
34
902
-815
-320
-253
-846
993
-435
-587
605
-37
1
670
992
-847
708
376
409
703
621
-531
-538
738
471
-126
-174
-142
-911
951
-612
-48
383
634
968
-226
645
-760
633
509
-528
-237
503
-229
895
670
-682
-179
-494
210
503
-107
-898
684
71
340
182
-6
-956
-452
472
710
544
-572
54
205
-922
58
884
56
-936
-259
973
-508
556
484
-786
-535
787
-720
593
-751
-942
-688
-551
134
492
-310
-362
98
130
299
-480
-598
-293
108
-948
753
20
69
889
764
300
-198
597
-284
-230
-348
121
-977
-969
-4
-1
160
903
-946
-784
878
840
-98
-725
869
-670
-18
219
-558
-138
-459
-25
513
201
-425
-873
-422
85
503
255
470
-645
70
-189
-406
-895
-170
188
201
495
-79
-634
435
-373
-882
-15
907
545
-877
-957
765
500
-125
972
-782
-657
540
714
-715
-266
-69
653
-293
-953
637
454
-115
-43
348
-271
538
-696
-924
406
-498
940
-305
895
-144
122
463
-537
235
523
-651
-770
-427
-268
876
-342
-51
646
-876
308
446
154
-358
192
-327
-881
-214
168
469
-345
-815
-425
-322
576
-669
923
-666
-377
-473
674
341
-131
-911
-901
87
-79
287
-122
-631
-160
582
769
512
-328
-420
490
911
668
272
555
-169
614
-842
-417
434
-127
-12
-320
-394
-214
4
-927
-677
-441
166
-13
-983
-495
-716
300
194
-871
-675
435
544
588
-58
-815
-111
-389
-606
668
-382
415
-428
-952
846
-180
719
-295
970
164
-398
468
940
-843
-612
488
675
444
323
-77
-924
-43
226
-259
-221
224
754
833
-903
-241
-541
214
-985
-24
407
829
711
327
-562
-133
-361
107
-755
811
-321
525
486
783
750
-483
-260
193
889
909
811
587
105
-641
338
518
208
-874
-487
-221
-816
-450
-721
-401
221
413
57
557
398
-22
-2
749
640
-961
-985
420
239
582
570
-274
998
-176
-40
570
-284
528
-189
-201
-252
660
-346
743
-302
-602
-13
-16
916
122
-278
748
989
-200
-553
7
-565
-747
99
552
519
978
383
-599
-891
608
-766
-83
-632
-933
-390
695
-311
570
636
868
-629
-392
545
311
-713
958
628
587
30
798
165
-79
-639
-591
-123
783
10
-116
-518
344
700
-416
-49
941
876
203
289
223
283
-908
-978
511
-570
-247
-759
673
599
-492
444
431
877
-67
-620
448
-456
-13
-400
-126
856
411
-318
-779
-877
917
704
347
38
749
56
-265
905
-651
-507
-980
503
330
532
-90
-380
-435
-411
371
-196
811
21
-469
-707
936
-249
-281
-363
278
-73
-657
-80
594
227
-293
-437
-380
-533
-737
321
-158
645
-27
403
-608
-27
-633
-61
951
-545
-64
702
793
-645
180
-259
-888
130
-265
222
-361
842
60
574
544
609
807
756
250
835
367
473
-351
523
-136
-841
-698
-843
-938
123
242
794
747
353
-951
132
635
-926
-560
-954
-899
-545
-182
-708
510
307
915
505
4
364
-751
-626
-805
724
-705
765
177
554
50
184
94
17
296
376
86
608
-292
576
-490
166
-683
152
241
-924
968
556
303
128
97
-252
-948
372
446
41
-953
-483
-490
-848
693
726
232
428
-857
-839
-764
841
655
-304
218
-389
904
159
-860
-829
132
-567
-543
-956
256
-58
590
85
-168
698
-439
-909
-311
-794
428
-77
884
-628
-696
179
-83
-678
192
-270
209
747
759
-49
77
-594
-171
417
-372
-834
334
-77
-306
-91
-223
211
386
137
-318
-216
-734
900
-538
-313
67
-683
865
818
868
374
327
-227
895
-858
255
-609
-942
895
883
-743
707
-703
186
448
-487
849
759
-879
794
-867
-868
-39
42
-643
-494
-227
164
478
155
-109
452
-808
387
-865
129
935
-265
-160
-612
232
-541
11
-93
407
-471
-891
827
134
91
100
788
-569
361
-712
-532
-783
107
-130
988
-448
-406
735
-743
152
-925
406
287
-118
57
325
478
-15
-606
-137
35
-406
981
379
-714
262
-783
352
347
422
4
-346
207
771
210
760
-198
-392
11
607
-655
-365
-889
213
-892
-993
-87
-83
52
-460
115
212
-91
196
376
829
24
-173
-616
-854
374
-110
538
107
400
556
-493
-533
-373
391
885
484
767
-527
-44
596
228
-231
-252
-708
611
-520
386
392
-784
861
356
-283
-355
211
192
-522
866
891
-445
122
-569
512
-49
66
688
-206
-625
520
301
84
-243
-970
-361
579
-166
214
-696
-42
-982
-930
388
-420
-979
697
376
125
-389
-728
310
-260
-712
-915
904
-858
-769
261
-630
874
-974
889
706
-321
-814
-549
-60
304
339
533
232
833
533
-511
480
-772
-662
508
379
-167
-230
-22
581
-415
250
-515
692
-837
-147
92
-790
-786
229
-524
476
859
-463
701
912
-964
769
-998
180
-391
-239
955
700
834
389
242
-106
276
335
614
-798
-762
-410
381
651
918
255
-273
-319
-589
170
278
-285
-199
588
-219
-96
658
-446
-97
-163
-989
945
78
721
-325
851
-873
-213
460
589
541
-365
-545
591
262
-362
877
-217
-923
-327
534
-907
-18
535
275
-862
-515
-367
391
406
417
256
-779
954
764
655
812
-762
36
-13
774
-831
-455
701
-861
-852
228
276
-286
63
513
52
-985
-508
464
36
749
-880
418
403
393
-261
419
-982
-120
-459
819
311
-30
-530
-693
-437
786
-999
-602
187
-361
970
338
190
-53
444
866
-29
-278
743
479
767
-201
-822
-873
151
162
719
777
662
560
-55
-213
674
996
-816
-301
-445
701
-10
980
161
987
994
-790
-299
115
480
790
-525
-628
966
276
136
-30
-256
12
-505
1
819
509
-198
824
-305
-538
458
-523
-448
540
-481
435
-285
-858
150
-643
355
88
776
-233
584
264
289
-818
939
-27
633
861
-262
709
283
382
-856
192
-440
-67
900
66
471
-632
595
-535
473
-498
-820
148
264
94
705
-106
-416
-521
-560
-562
824
795
205
351
431
766
761
-355
-149
499
-440
-704
-482
-876
165
-426
985
464
256
-574
-368
939
607
-156
-800
-314
964
96
-948
192
764
454
-544
292
85
-840
-559
935
-130
626
450
171
-15
564
945
-76
-80
810
152
777
-321
-394
452
750
125
-866
-21
-46
-9
351
72
-15
13
-776
-281
-106
874
835
-886
-262
666
-644
-517
427
-653
-833
-557
877
27
-439
-911
-910
-749
-817
-35
352
911
-740
38
-659
297
-417
-46
-128
301
-381
464
54
-93
553
-302
-181
253
994
792
336
-850
295
-400
969
342
970
-698
371
896
-271
534
764
-725
432
-115
958
-225
-862
-28
31
238
528
-378
79
528
176
154
203
402
-100
107
836
15
310
-586
117
-695
-465
249
-699
-599
-192
-168
-689
382
793
-552
822
-383
315
826
147
430
947
861
-161
875
567
-749
-318
398
621
444
-223
-279
-150
-323
-980
613
-137
-926
-288
652
-549
463
-532
683
-517
-652
659
278
-390
810
708
649
-251
-496
-81
-746
901
-202
775
-291
68
-384
-227
-889
-969
691
-476
226
-269
618
222
685
925
-909
476
345
-847
976
-97
-396
-270
-95
-429
825
396
752
159
-94
28
785
-555
753
213
829
299
-728
-314
667
-848
497
287
-567
-391
531
-664
-628
151
973
814
-26
733
35
-929
494
-547
374
-592
281
-602
755
-833
189
-116
-701
670
-396
834
802
135
-541
991
-869
-857
271
667
-430
113
189
-487
511
-321
-264
-340
-271
-66
861
-80
696
-234
-750
697
106
504
-39
889
852
811
-718
534
-330
801
713
274
172
-729
762
-158
-237
515
-6
532
-614
-327
550
673
518
-775
709
994
910
859
502
-892
32
-73
-163
-250
652
-814
143
-786
315
894
-963
961
963
898
-189
910
254
-965
-292
-900
-144
850
-202
-302
-197
-245
788
-387
26
-921
-132
142
-518
-805
674
-106
-771
-458
944
843
660
-655
-647
552
31
594
657
-551
-195
-986
-765
39
-753
862
-962
-191
499
-71
-592
-172
-449
-492
-854
-633
-103
-918
416
756
-160
218
29
97
-312
26
-496
-233
-965
-403
472
-221
-8
147
-802
297
226
-788
-630
-135
111
551
-713
-257
-213
850
-401
612
916
-538
-15
-32
704
849
-410
-980
850
481
20
-594
102
-919
220
266
-643
854
-640
-900
-411
382
437
695
247
-555
-266
853
-298
-224
-9
7
295
663
-452
-984
-16
-388
-81
797
963
300
-854
950
630
-375
-17
644
595
-303
-574
-966
358
-747
-790
-472
898
335
277
-609
-516
899
366
-549
554
65
-492
70
738
641
715
987
-237
69
-664
-775
662
-713
274
46
466
661
-494
160
-901
818
-267
-933
-831
724
-33
675
-229
780
354
-684
289
-483
-428
73
798
650
-48
-626
-291
375
553
372
143
-638
-683
22
19
-461
-150
482
777
717
-420
704
46
36
834
735
-617
826
48
-274
-707
-867
-973
-509
834
-927
922
966
415
921
-466
-578
381
385
-605
849
98
-521
66
173
609
154
435
852
826
-451
133
-377
-786
296
125
-56
862
-646
608
532
-623
-100
511
613
-430
-334
798
431
177
-327
577
525
313
71
46
490
641
432
895
-194
-813
-242
592
-547
-104
-72
610
-472
825
-196
498
-893
629
-996
-74
202
-423
-203
-821
136
-329
959
862
567
-679
910
802
374
832
660
-265
498
11
55
507
110
-456
481
-206
-357
-164
-767
-423
750
-216
514
625
521
-417
-820
-823
465
705
-949
347
-500
926
478
113
956
-991
162
-834
-604
315
-880
60
-122
-644
28
82
502
500
61
-266
647
-840
578
-549
630
-959
708
-208
136
254
195
-397
-49
-734
215
833
610
-25
-52
722
-791
897
-405
-682
661
-58
-977
-258
-705
842
345
-135
-700
495
-439
-140
603
-434
-199
-551
756
421
417
-113
23
-746
982
27
98
139
-92
-472
-21
-704
726
-432
921
568
-884
164
340
980
496
709
-882
-836
-480
374
918
721
38
127
-7
-649
81
-503
427
-448
-196
-223
-5
757
-72
986
561
-635
565
262
161
167
428
368
-507
-836
973
-133
470
816
373
885
-566
238
986
55
-116
446
-245
105
982
159
-0
-637
887
-717
312
548
-474
-361
639
-311
-990
-653
-923
-44
-51
212
849
225
-655
349
-896
-197
36
-534
-326
-135
-955
609
-898
136
209
-704
-551
147
-224
-878
746
-195
986
513
928
333
141
114
596
341
-952
-216
328
-61
563
-729
367
-147
-7
17
-662
170
645
-195
240
-399
287
-47
-682
-223
-400
259
-230
-824
-419
876
896
-237
35
135
-25
-819
205
-983
-327
-837
-512
-198
854
331
-215
-59
957
-358
433
-620
732
475
-10
529
-17
-416
166
-975
988
-998
-865
-20
58
-168
223
654
-284
597
-291
-984
548
542
71
-438
176
-616
847
-569
-366
-749
229
-249
-236
-513
-28
-540
-602
-642
953
86
869
875
-42
-326
885
-701
-182
981
500
-649
-343
104
-977
-324
179
115
-816
469
-787
-618
-222
140
-974
526
319
-355
421
664
910
32
-102
489
491
-128
105
-655
-770
-83
972
570
841
-10
89
-13
-367
-88
897
-92
888
371
-671
-673
878
-889
422
-846
737
-525
-882
825
-288
-423
-546
-278
-87
132
-379
-903
-265
460
-604
-302
514
-519
-70
-998
-313
896
-936
646
-175
-134
-935
-516
182
-240
-634
479
-74
896
-398
855
667
922
-277
331
50
-63
-854
-890
-907
174
376
-41
355
-948
-184
168
907
159
363
341
-307
103
983
550
827
-135
82
-7
-817
-895
110
-205
-858
554
206
-340
299
-26
141
-228
-5
524
-891
228
-190
-62
891
-318
335
675
767
-54
-163
404
361
624
-995
-157
-32
-947
-213
-876
-628
557
419
856
-600
957
694
419
-346
125
193
932
-20
504
592
689
927
-535
-831
884
5
547
259
-459
-11
650
-867
485
-813
824
-722
-977
-463
347
-607
79
777
-16
-945
-993
-59
864
-578
517
44
149
-558
-768
695
-669
-699
-619
-726
-217
462
980
207
-504
-251
529
-67
413
-862
0
-297
-212
-769
825
-171
519
-606
860
-49
-302
90
947
-215
136
-542
-986
157
187
-735
-773
-760
-244
-497
883
-173
-198
369
-773
-857
-365
749
942
-255
536
199
248
-307
677
949
702
97
386
-749
107
-773
-62
529
-781
190
-774
-979
700
-867
-442
-641
939
-748
-910
-541
-160
194
836
930
-507
287
862
-8
905
-292
-692
844
25
13
-442
304
868
-528
-574
-26
931
715
932
-357
-951
-184
-583
-979
973
895
-547
721
-403
-825
-707
411
517
-137
554
638
-495
501
555
391
-825
-295
-543
-493
-617
275
-873
-667
166
543
650
578
-708
281
-263
143
-663
166
-158
-504
-329
451
819
297
-275
57
-374
-776
66
-49
433
771
-334
-655
948
619
-644
831
893
-800
321
-799
-845
-833
336
945
-778
-218
357
-308
-738
-286
701
-197
-598
-116
206
-318
194
19
737
-3
-385
683
800
752
622
-624
508
271
-170
-730
-6
132
256
434
467
-861
363
-299
-888
757
441
187
554
-113
197
-453
948
-107
-736
199
-682
760
-309
-913
462
413
-404
909
-58
35
-570
-162
-425
-723
162
717
-39
-594
-888
250
883
309
-263
-598
593
280
-474
34
63
-61
-736
774
-959
-475
-228
-901
389
103
-782
678
-335
243
105
-62
90
98
-606
953
-241
117
859
-285
-581
-605
441
-443
-947
-291
667
925
-828
936
896
352
-22
-663
839
-482
688
-136
-75
-610
617
779
254
-394
432
869
571
170
-394
827
133
7
101
-655
-75
-199
167
329
738
208
405
-204
-3
-922
-912
984
-763
571
486
-41
843
958
274
-136
362
535
-774
-95
818
528
472
127
-855
-452
276
-959
789
-482
556
427
667
37
54
923
854
954
-315
266
132
568
915
-233
-444
-119
38
-622
-861
850
-495
492
577
-380
-881
-119
68
-126
-214
-391
-427
10
-761
874
995
594
850
-545
886
-25
-924
132
832
-680
-618
57
-286
-566
-404
373
517
-594
-55
147
417
60
669
37
451
-251
141
171
-80
-474
-530
-939
-167
767
377
-867
-791
-839
472
-17
-946
-49
-929
866
311
549
892
-889
374
-986
274
898
-133
229
-319
-232
-867
57
-855
-509
-968
7
250
-623
-256
-81
815
948
421
-257
424
710
475
-791
394
848
62
-926
808
290
-511
948
-702
-978
-74
-568
429
846
-749
-587
-290
-210
995
-18
39
-221
31
-581
-65
561
851
695
464
888
531
-710
615
175
409
-766
853
-703
-508
673
-547
-770
-69
-30
710
-99
746
64
434
324
-136
348
430
929
687
216
189
-985
155
-144
-286
-460
757
-394
467
-90
-161
-648
489
-233
-531
115
140
331
-467
-866
423
-787
202
427
604
-328
-956
-60
-905
-326
-447
157
893
588
668
466
780
975
139
355
272
860
-11
377
-917
-352
-848
305
703
-454
699
167
-526
813
-249
760
555
101
-244
-482
534
-230
48
-828
780
475
906
310
488
-801
-347
610
885
820
190
995
-841
-162
113
345
-976
77
166
-19
-567
744
-734
169
418
-805
-996
36
-730
-430
541
-440
-299
-752
-961
472
945
-146
274
-3
657
652
-313
842
239
238
400
1
-252
-517
230
445
-261
558
-259
228
-427
273
273
-136
92
348
757
-895
807
223
-105
-268
-613
-254
445
493
66
-964
-586
203
475
874
253
594
886
154
839
710
953
28
-798
622
-992
-556
-687
960
15
99
-307
32
863
-537
961
-210
-563
-17
112
-929
226
-34
-949
780
180
-584
-925
-33
155
195
-521
-734
-996
149
-743
565
-268
235
-946
-885
-599
-967
-438
17
923
413
321
-233
-603
779
-165
-667
-648
-707
-623
722
62
-451
41
445
384
761
-710
375
-728
-11
-555
384
285
798
684
187
-913
-951
-458
-271
959
251
-378
-334
-485
-57
728
596
-884
978
-619
-20
155
839
-720
159
847
701
-389
-389
-437
-267
-239
883
610
44
-378
113
36
-498
-768
-436
-419
545
-878
36
-732
833
519
-95
-281
-358
-204
544
128
348
-403
-864
979
-983
-696
-524
-675
-752
425
-323
-338
717
856
486
-655
-233
-324
-233
-211
-512
-236
-687
746
-457
638
230
-813
-871
561
358
-897
979
393
228
-780
215
-128
631
-694
-750
868
662
631
-407
595
-113
61
417
-8
-763
-89
-157
234
-796
-229
-613
-878
-483
865
54
7
-657
963
-228
424
112
-674
435
761
541
778
440
-134
519
-165
-811
797
945
599
436
869
240
-521
-156
908
-625
-203
-47
-692
-688
-844
381
672
-753
852
998
441
-969
915
-597
-822
213
-343
715
-531
892
-255
-720
952
-903
-367
878
-141
-123
-324
583
-998
-524
761
-376
-642
724
598
-530
271
-707
39
-799
137
940
995
-608
24
687
-723
-782
-36
-968
-304
537
-635
-917
-534
-559
344
486
375
-685
931
-889
141
372
-882
516
-542
817
1
-557
-156
-912
968
191
-196
-799
-954
-134
-64
-624
-551
837
545
975
-741
787
-1
749
801
369
-874
-829
-209
-275
173
572
-744
-522
63
-540
-382
-406
-730
-56
801
-233
-299
855
-729
134
733
-331
-467
-471
702
39
-43
-171
954
9
-358
782
-656
-165
-471
-991
-357
386
879
-707
572
-370
-192
741
-122
253
344
-489
376
-737
-306
108
-755
-840
-55
-920
-293
595
-185
-336
-790
139
329
486
-986
257
655
-660
211
397
-399
-598
960
-882
-233
-804
161
-509
275
-548
570
-906
-875
-988
-418
-57
-406
-862
-552
-216
-315
512
-668
671
-16
558
-729
-812
-383
396
889
-971
-813
-366
-281
207
-956
-777
-741
272
-372
696
999
762
12
-887
316
-548
395
-198
-850
-626
-477
-134
556
-679
589
-85
-587
-322
6
204
420
-155
-372
-493
463
380
578
862
273
766
621
451
700
864
-336
733
-526
-572
-946
-472
888
702
-718
-305
163
207
-276
49
-136
386
335
-229
360
111
-571
68
787
630
-392
-201
-360
-691
-419
964
-7
380
822
555
114
-840
-953
201
736
597
471
-35
559
-467
171
238
134
224
-931
490
-149
787
943
842
523
511
-943
-826
329
-185
429
-31
745
-519
-387
-777
-692
991
-904
-371
977
775
133
127
951
962
439
-296
-953
-564
529
228
258
913
757
294
-518
711
727
-113
-854
-411
125
829
-228
-418
-86
-683
-570
-211
-232
-766
927
-754
667
-684
999
-166
-508
-555
-92
-197
325
227
-180
-279
295
-867
874
580
544
-766
713
21
631
-309
-902
-605
-91
179
622
-388
855
-844
228
-974
42
668
-376
328
-618
-434
847
452
576
914
441
820
-909
-377
-442
613
795
591
675
882
-612
-870
-59
102
-657
-186
-22
-394
23
772
-474
-653
371
-144
-867
-396
-694
-291
292
389
-113
-47
-285
418
564
478
927
11
80
-402
-533
-779
-417
333
-815
11
-1
415
-204
299
375
511
262
306
30
-642
858
143
-492
-689
902
940
110
-893
-189
787
-323
220
-524
-631
-586
-822
-48
-424
793
904
-165
-950
-201
294
388
307
83
-0
-405
866
258
-492
-653
-550
-381
-493
-652
-173
990
-595
-252
90
-782
647
75
235
-201
-343
-995
-356
-52
274
996
-909
-267
-365
408
-207
251
82
-719
-363
397
-478
303
769
-387
-412
844
722
179
-335
-247
-481
-749
-176
586
-93
245
376
758
-609
-894
881
695
905
43
813
136
-789
-563
-58
-505
132
76
355
711
332
-338
-399
-169
612
545
-503
72
271
-961
136
-833
-921
-482
-96
593
150
346
-668
-205
80
58
-784
579
-118
89
359
875
536
-613
902
-764
841
305
-331
142
614
51
682
158
875
-759
-873
-219
-696
393
-390
3
325
93
-171
-771
-787
536
157
-326
645
-619
423
280
375
-70
-887
-349
85
572
-381
746
518
694
-680
60
-809
-548
222
56
-205
-716
-255
-9
212
301
-278
-466
-682
176
-884
-392
619
629
120
-440
-515
-475
925
815
-418
-435
-516
197
413
-618
-313
694
951
774
361
-101
-74
-703
413
-841
986
-232
-529
406
506
-943
-386
-751
-961
-465
444
-254
847
-223
475
795
693
-669
160
-517
-803
837
450
231
819
-789
-966
-838
353
425
830
994
952
-745
-442
131
-427
139
-262
992
770
400
-528
902
4
-414
900
709
-776
-670
421
520
474
429
-733
873
-906
943
-217
-668
173
408
-547
-630
-276
245
-806
-898
128
721
805
68
868
499
-857
-659
306
-808
888
-528
-91
-215
-243
-529
145
585
197
15
-665
-855
737
-905
285
248
-504
-42
-254
-196
-723
-220
680
-523
-811
-646
-404
351
367
-537
674
-882
-914
477
534
-17
-455
-829
-395
716
-891
35
-864
-142
347
940
169
552
-746
956
407
-889
916
-701
72
-870
-780
-963
-995
-579
-489
-717
341
798
355
-72
-433
329
-33
12
-448
420
-491
-224
-193
-182
675
45
-224
161
950
47
547
-84
407
-37
-683
436
-546
14
169
-126
151
565
-366
-307
-960
52
-83
-440
938
-698
639
-148
-500
629
-62
-865
278
941
509
313
307
-681
559
232
-302
470
770
-479
133
939
-215
-761
-939
842
-655
-270
225
704
424
-633
-219
373
-75
611
665
108
59
78
-276
799
427
245
-373
-141
238
-229
-231
151
-806
866
665
-704
-549
426
-54
-461
296
-838
8
171
-107
407
-2
-644
321
632
-541
-766
822
620
-770
710
-139
-440
-880
97
-12
-325
-63
527
536
74
-552
872
-385
603
-925
-574
566
916
-625
786
-518
708
785
-318
451
-750
585
731
466
-478
352
808
-66
716
89
385
-966
-542
32
424
957
-488
-149
865
-257
-359
-747
-879
-595
-561
802
-644
-743
-519
-751
-259
-822
-603
22
290
516
241
-520
781
-421
152
992
-992
-335
511
-159
146
574
656
-923
-876
948
-407
591
288
883
235
-588
-963
-443
713
949
935
962
471
-889
-28
-818
-10
977
-773
90
440
940
658
230
337
-583
54
-567
-782
-226
646
-951
-157
-306
492
-642
-130
41
-317
512
803
-630
-641
-735
-358
290
-709
364
-521
148
770
651
373
393
315
-697
0
680
229
-121
-81
943
653
-657
-681
-540
948
56
587
-717
706
-725
-446
-52
-525
615
-936
748
570
-468
915
55
-904
889
264
-746
725
29
229
551
254
-712
430
484
570
604
-312
53
-827
60
605
-62
630
205
524
-966
-980
673
844
-114
-461
-604
83
-342
303
354
-560
-590
860
-403
-257
-515
-400
-999
-697
363
-184
-284
-976
-530
732
892
653
835
-982
251
960
-828
659
-309
-645
515
991
801
-129
950
567
505
677
791
283
603
-512
660
963
880
345
-141
-898
655
-625
-240
-152
-470
790
192
-655
-373
-931
-691
-706
206
318
-739
-994
-947
704
-516
-284
-741
-951
-205
-433
126
-316
-962
92
426
219
-330
-912
-537
-816
-528
744
-879
-906
654
367
407
653
-57
-241
-859
353
-378
-818
-585
321
-86
-86
-464
754
684
954
156
-813
352
-401
219
104
371
865
-908
-773
-307
-665
852
-594
-541
-979
-508
615
551
-776
771
72
-155
803
180
-763
-436
-964
199
528
459
142
4
-533
-774
-30
-190
745
-744
-762
-477
-765
305
-906
639
-597
295
771
848
-559
-965
225
-395
206
518
-65
-845
262
911
-654
955
705
694
-254
-484
-870
458
-310
417
-993
-836
635
592
-831
770
-758
-793
328
-292
734
-451
-930
-403
114
108
-460
518
-625
697
-966
-998
-192
540
982
158
-312
25
870
835
-953
445
-240
-213
-778
26
-729
-821
519
146
249
-571
618
-157
729
825
-288
800
938
99
-275
-813
854
-278
52
-227
432
864
99
891
-717
-215
-43
-239
381
-49
-167
13
202
747
419
556
125
254
-145
-404
-918
573
988
942
-854
378
206
395
35
15
-468
659
696
-169
763
-760
898
-642
-849
-607
-279
-77
-82
598
-966
-276
889
-380
-553
482
-179
349
-928
667
631
-185
965
100
-438
516
-16
-191
-432
546
-176
653
-624
785
49
-386
432
295
-538
-148
-446
-85
-161
-424
551
579
352
-436
-939
584
-378
21
895
-911
-64
466
428
29
-532
535
-425
-516
-52
457
877
332
-364
-122
374
-397
-797
-301
-767
167
136
736
169
690
908
-565
-893
-745
-955
-869
254
-120
833
629
456
-605
850
154
297
-593
-48
990
760
-198
-956
-397
389
-613
291
528
-390
340
826
-613
-394
-680
69
383
-110
896
-353
628
-812
318
-484
-203
-331
-468
-93
984
-639
-282
-38
-889
-303
-567
-80
-104
438
699
972
501
-149
-516
402
82
868
-454
-733
407
-482
-46
171
158
924
-587
-464
-903
-410
-208
-271
911
-710
-397
61
-832
780
809
732
-616
-177
256
644
606
-282
-572
160
44
200
666
599
-157
81
-386
286
822
557
456
942
-609
933
130
16
-316
-320
830
833
2
307
79
-94
761
684
-854
-632
-202
-996
12
211
-580
663
155
-751
-410
250
-707
743
-996
-686
757
17
-588
-996
729
-633
90
-425
-792
-755
290
-395
-701
466
269
604
-174
338
-691
67
893
435
996
581
388
-46
-45
675
-284
500
645
-932
79
287
308
895
407
537
-190
-896
158
960
736
-653
481
927
-259
-651
834
812
644
-344
390
159
351
-863
349
-64
-164
-459
-223
-124
949
-524
417
-278
397
817
-855
-72
-735
-771
-112
-875
-256
-625
424
962
229
-509
-528
-413
-761
416
-559
-878
-425
-83
-836
-869
996
572
596
-146
-78
-825
-146
-883
-820
-227
788
-378
-106
806
772
-386
-522
541
-198
-296
-398
234
711
-451
768
-263
-135
826
455
-183
-12
347
232
5
631
58
-775
573
-113
-722
406
-143
331
-782
-954
-717
-239
-853
657
-606
-512
-318
-661
477
620
8
-890
568
473
360
-372
-98
494
787
162
-793
-761
665
707
-549
-47
-707
-709
-158
330
313
-948
370
716
-298
254
257
-907
790
769
-294
-897
105
-629
-492
486
-366
-921
-581
-246
868
675
-517
751
-548
999
689
-844
-206
-763
-137
-207
388
-592
766
-552
-692
-815
513
-220
88
-257
-467
276
279
-723
-289
271
-60
-998
-407
517
-482
660
-899
761
-804
469
824
-945
-785
223
-951
455
710
-542
-707
568
743
241
813
334
-373
240
-901
-4
-558
-464
73
-225
-724
-605
178
677
754
-268
-920
888
-758
-194
-18
697
-777
438
80
339
-782
940
118
-585
-887
496
-809
-805
-866
-227
550
813
-86
882
-266
675
518
-712
-584
-213
855
630
95
-232
787
197
-735
720
613
692
176
-983
686
-683
697
-445
958
-569
-215
718
964
-43
630
-225
718
-827
-340
293
-858
-0
-225
-812
872
941
-534
-793
927
-901
304
-506
747
621
-496
-465
-243
-614
-910
-4
-807
-926
956
543
-908
-146
923
587
337
-462
475
-541
-393
-187
-934
143
840
-139
-789
33
479
262
-183
130
410
706
-520
-604
-107
274
687
-838
-838
-677
12
382
593
950
-198
0
-25
-845
-658
515
-298
-510
-558
-217
-678
81
308
886
459
-381
-621
617
-441
-895
-969
217
-200
-604
780
860
-68
501
-756
-630
-280
577
746
899
-361
990
205
-597
-639
869
-728
230
-374
525
823
-401
-520
-356
-525
-157
-402
-569
-59
-717
-72
-117
19
-949
-432
579
-982
63
311
824
-379
75
833
-92
162
590
-100
-387
759
-217
163
-503
-482
-704
-41
334
214
905
-757
939
512
858
292
-84
934
947
-803
947
-368
782
883
-534
-877
496
-142
-258
668
-618
362
-365
-61
746
-115
-853
-48
-597
104
29
924
-320
-313
-72
694
647
-449
58
676
726
850
331
919
-182
412
356
-90
-106
-606
-441
573
-62
452
885
276
976
-895
-729
236
189
475
-689
-926
-673
326
185
-555
-273
-719
-840
-122
-474
-124
535
467
-713
973
860
-549
-784
-351
774
-921
266
910
-988
627
753
18
816
-716
-780
283
941
877
-60
399
-487
587
-664
-915
882
468
-647
-628
324
345
-34
448
-813
-405
-905
413
476
201
497
-146
12
719
452
-474
-43
584
152
758
-709
543
-968
-63
-308
-289
-86
-889
-401
109
307
-334
107
-133
303
928
-54
332
132
-523
12
599
-600
548
801
-207
297
163
813
-367
-539
-481
471
-320
913
-45
-8
-376
836
-961
-638
-450
-711
-691
-262
-344
705
-747
-343
781
-615
-534
-174
935
538
-352
-418
111
119
357
212
887
-879
-95
758
-831
-54
-701
-627
-942
-238
694
-800
-489
312
-5
-899
443
-231
-354
-766
-67
551
-400
-110
696
-989
356
-253
-61
-43
-442
311
-73
775
-236
613
713
-424
-46
160
-234
-190
290
787
360
771
125
688
329
978
-5
868
811
536
-179
-952
845
356
-937
840
-326
101
397
-706
-605
291
979
34
157
999
-619
750
798
-304
-603
34
107
-437
-628
583
179
-549
-739
-300
-857
-584
-603
-293
794
-490
-94
-30
363
-58
962
577
221
-651
413
208
603
747
-831
960
-990
374
326
-637
-224
-33
-42
680
441
575
635
-477
-631
-797
969
-88
-560
-43
-572
280
-81
687
627
-738
-52
-275
-152
278
681
-246
184
-962
502
-983
-391
574
928
947
-982
-976
702
73
355
637
-426
-392
923
707
-712
203
-657
-927
-391
493
911
759
72
467
-184
-520
693
574
-267
745
676
-787
77
-623
-941
-194
289
818
787
-492
446
934
277
459
494
-228
856
-207
433
755
298
-931
-255
-300
738
-718
-510
676
-865
-332
44
233
279
835
623
87
891
-509
-119
893
-306
394
-968
956
559
-896
552
-504
921
-543
281
818
-352
-376
840
-681
-233
-667
498
386
-263
661
-763
-646
-209
933
524
719
-430
-700
365
473
809
151
-116
-717
171
547
-247
322
-736
-651
358
489
-466
763
923
-133
729
-392
-525
578
-191
-686
-671
-247
-616
-372
268
763
403
-917
-466
411
-38
394
-264
315
-449
246
10
-880
-95
600
-466
-450
-945
-196
474
-312
763
-780
-30
-835
-97
600
-630
437
-437
-441
457
125
314
518
-281
653
-536
-425
-232
398
-398
140
-535
-106
671
-228
-494
234
-675
949
-583
353
739
742
743
653
195
-873
427
-55
-878
578
637
533
565
325
788
-973
-161
-202
-560
-749
-705
485
954
230
177
-557
620
831
-276
-687
-186
647
-79
-955
-409
394
679
246
773
-817
284
-116
-520
-794
-455
564
845
693
-413
-268
705
936
895
369
10
-322
-265
-902
-738
-934
-530
539
-62
357
-234
-649
-288
-324
-119
-907
-232
-775
20
-988
727
7
-125
-337
-484
367
-672
-657
954
848
379
-555
689
813
361
523
428
49
429
-93
785
983
-478
770
326
210
-77
-21
-449
-179
340
602
-233
321
742
-280
228
337
-904
-842
77
288
-819
-625
848
-782
-859
-308
739
-811
396
714
-354
34
511
-194
282
447
144
-73
934
-532
943
590
469
868
-492
194
-338
-809
-458
789
486
-545
366
-974
825
-445
698
-154
-788
-89
309
831
-865
848
-644
767
931
464
-282
949
-648
-579
-134
-865
812
-907
591
-473
-378
483
664
504
-914
-244
-758
655
-291
-104
-671
700
277
-958
345
28
-105
98
-465
364
923
-927
153
792
-520
-222
218
27
-881
-419
-769
-654
662
644
-58
210
969
-367
423
-271
-407
487
-768
825
852
-580
396
847
-338
890
-852
730
942
-999
-608
13
-117
994
-367
239
768
544
-54
928
-883
-142
-271
260
970
284
882
-946
150
589
-816
-440
648
453
-727
800
200
49
166
37
-273
419
-971
-859
10
-990
-276
762
-118
-684
-949
-808
-130
-973
-871
489
36
651
-977
480
-958
517
-252
216
200
567
-88
-299
-585
218
-338
-600
967
733
-114
-636
387
-363
138
713
-183
487
656
-841
762
49
119
827
-605
736
478
847
-878
209
-494
706
-204
949
332
806
-555
-548
209
-113
992
-237
574
41
647
173
173
-172
-425
942
-616
-205
955
-198
184
330
-513
-352
-4
891
995
-497
-648
-898
495
831
940
-987
-493
-764
-848
-207
14
-800
304
374
-460
468
-893
-534
911
-203
106
804
727
-981
-15
-289
99
752
134
-55
-702
-407
-594
335
-658
414
433
-716
138
-440
-238
240
-524
445
823
956
-375
472
304
-180
-401
-79
516
-347
-197
-864
-573
828
-801
107
-773
-853
779
-823
-836
-103
-301
424
-682
175
262
370
-144
-285
-824
273
-161
-450
155
-728
980
581
366
-450
128
-983
666
930
903
-812
-961
-29
564
-414
-105
-63
-326
719
1
796
499
-223
-132
-32
-722
115
-281
-157
-976
917
66
222
-328
141
-815
-162
-717
-184
243
-590
-60
-352
554
-539
433
-667
140
-948
-183
797
380
16
-48
3
768
-609
-355
522
-823
143
-869
812
-403
477
-202
-288
937
-736
-209
629
-37
-158
553
5
-93
-337
662
-323
-261
4
130
750
-301
-757
930
-841
-977
-63
680
-611
568
88
801
647
916
878
-648
-818
819
-812
665
-420
-5
-229
-255
810
492
405
14
708
56
-32
-567
358
-129
488
-528
142
448
922
916
527
-335
-54
690
335
-348
-155
-570
655
35
-198
-108
800
-416
261
807
92
777
-195
-260
566
-249
229
586
-223
731
537
466
-749
412
566
-502
-713
805
99
-142
-26
738
-563
491
-298
-911
-767
-524
-611
-230
-507
836
716
480
-410
833
-366
396
896
771
-815
381
412
-154
-546
905
820
274
-86
-353
-81
-637
-110
432
-274
905
238
-727
897
377
617
849
-375
326
583
662
-570
-816
333
39
-156
-752
936
396
-64
-980
408
471
-306
-597
-181
-905
910
431
-26
907
120
576
-491
593
-449
941
-403
345
-914
950
-905
-846
-281
-411
-452
-841
331
-332
93
-82
851
104
-788
-668
743
-149
-826
-816
977
-119
250
706
730
108
668
719
566
477
-273
-761
-116
369
610
-754
-116
369
-835
-948
-817
-741
-599
356
-636
-576
-683
-629
-953
742
887
-151
722
371
-299
827
-432
-954
381
900
-848
-926
167
-683
258
-35
-626
-501
-58
258
-248
-826
5
63
-794
-403
-792
879
941
783
340
-48
-357
666
-126
-125
713
406
-435
-457
785
929
-894
-593
-722
-386
195
-732
337
-321
675
-190
102
-812
-418
-471
-482
484
-560
-916
-806
-49
442
906
181
-946
-378
-949
85
721
-31
-410
-297
594
-324
493
518
483
676
443
-321
-418
878
-235
481
-818
854
729
826
-361
539
-632
-101
-721
-210
339
905
-935
476
746
-479
-821
-496
189
-579
825
109
-879
926
691
-116
19
787
-157
-829
-573
172
-346
298
-695
-437
699
-683
-460
530
97
-182
-371
127
-938
-784
616
-258
680
-849
-137
-953
-537
-414
-597
-502
-646
-866
358
898
-949
512
-694
232
-383
455
425
-357
396
312
772
391
-851
-140
251
562
425
-822
900
-199
841
804
-414
228
988
155
707
-531
155
824
-62
-311
164
664
540
348
869
999
369
-445
-473
470
498
443
24
-412
-5
-631
-208
-233
158
482
-789
662
-62
-868
-411
-67
-691
914
-129
-506
-401
-655
432
-63
174
-969
731
122
-442
32
680
114
666
-87
-707
-282
83
423
-179
-458
-735
-669
-115
316
-486
-763
-153
-538
-610
-967
-923
779
-892
873
744
128
463
-650
-294
-487
668
947
832
-992
463
112
-914
392
-149
-229
949
-725
859
-694
694
934
136
887
367
115
192
-569
-823
264
932
-866
554
998
318
919
-226
79
-87
-387
-551
989
82
201
-225
-229
-662
-742
-390
334
785
426
459
-78
-176
-705
-320
-822
957
-11
192
43
-40
-775
878
844
715
27
-479
-425
-275
87
-177
54
637
-21
11
388
850
834
-625
744
300
219
933
-140
127
-860
841
-791
-333
661
228
-99
565
-160
316
-586
-380
-101
-803
225
172
-939
1
493
-894
382
555
905
767
-14
674
53
-111
71
-747
-548
734
-285
-569
-773
-284
-290
989
-664
-613
192
-984
-693
-751
-361
764
122
-749
-586
538
486
219
-366
-971
317
62
871
-459
-493
384
-413
-467
-648
-646
-887
298
-711
-501
-78
460
-409
257
272
-549
-278
-323
434
930
359
-21
-465
323
-541
254
649
367
-589
-690
44
979
-877
70
797
98
-282
107
-142
924
607
-656
-244
-18
-352
-47
-652
-423
384
545
847
-691
466
-228
581
996
-682
149
-28
-464
877
832
593
-763
-102
512
655
782
1
433
867
124
434
180
441
-898
860
552
339
-784
679
-94
-499
-159
942
83
-726
-711
833
679
240
-945
661
-907
868
793
-339
-233
-819
690
40
923
-333
-632
-229
793
241
275
291
254
-225
-706
638
402
-387
571
-218
-546
832
-422
842
-587
-9
338
44
459
-344
-185
160
-792
-32
-327
561
506
-404
510
-848
-33
960
510
-668
978
191
346
103
-603
-205
738
-156
-863
877
-158
-824
288
-915
845
-824
-947
-340
72
-784
-931
-606
108
617
674
-49
925
-375
-714
715
-577
735
-908
-522
223
-7
-647
-527
-79
-431
343
937
706
-185
307
331
-145
-113
-846
-737
-645
-575
-414
752
951
-599
-16
-267
553
846
57
-450
596
-311
903
-512
497
-897
542
756
-537
-492
-596
-979
-563
-362
355
879
728
394
591
-235
-347
351
487
-87
815
-282
690
913
-791
-930
-792
97
1
855
399
33
-575
339
844
-439
357
775
-686
5
-20
-623
97
684
565
395
981
62
-516
323
180
725
-187
289
245
-703
-933
-77
400
185
-4
281
-360
-246
-448
590
-36
-870
519
-450
157
381
832
-825
923
549
-943
265
-525
885
785
-954
494
-398
-335
482
705
287
674
474
-475
525
854
427
5
58
491
965
-189
-54
-915
-721
400
862
-824
-23
361
-423
-690
299
-866
-839
-722
46
871
491
-989
110
924
-167
-662
401
-91
-294
378
-181
-655
305
-528
992
-155
-537
400
-237
-325
426
-947
-714
355
523
-658
-33
429
395
-393
357
576
-397
-247
301
39
-911
-906
-728
337
698
-660
14
773
-400
-149
-419
-356
-702
802
-175
435
-179
415
-307
-511
-453
89
-613
228
-381
-475
455
968
-787
865
964
105
-993
755
977
-658
141
-249
-961
472
208
-846
131
-173
289
936
-42
452
-914
-688
177
-674
-445
-426
-105
453
-198
681
818
-303
-596
-64
-633
-25
-76
142
-59
-276
-796
615
305
919
-71
536
158
-700
430
-744
-985
-314
835
-18
977
-103
701
-27
-490
-213
250
-155
-940
-514
676
138
379
-74
-966
813
91
-69
-986
-503
-98
-389
-818
-108
-456
834
232
145
481
530
-15
743
-611
604
-612
-425
176
410
-63
106
-492
3
-616
391
-71
545
-616
-897
-452
176
-313
478
-768
836
110
54
586
-382
909
301
47
-770
-487
-595
873
708
-77
-380
-779
-380
511
-548
-195
652
-704
436
152
-120
579
-282
191
991
-881
818
939
605
337
252
-436
341
210
596
689
-57
-136
-72
-34
-948
-786
-279
-670
-232
-742
244
-741
-670
68
-17
-687
377
765
-503
-865
66
570
-433
934
-600
-150
-206
134
-546
847
311
-989
710
-842
906
-17
414
-670
-532
-514
632
-680
-612
-67
-369
722
801
425
818
-77
-326
-50
386
941
29
-754
175
-204
-953
946
-889
60
435
-555
105
331
79
876
-805
-87
-976
552
331
-291
-379
-312
-961
311
-209
-3
-851
-450
419
-99
-496
-763
731
-976
423
-699
209
422
87
-568
-304
315
-609
-789
-444
604
778
-412
386
-924
-9
-963
-339
-741
-824
-779
-584
-636
564
-221
-666
-948
249
306
-454
445
-557
-33
-147
-27
436
-451
605
-566
865
178
670
-327
-192
-555
-919
813
-762
-77
325
-584
615
-135
827
390
193
575
400
783
240
294
-43
-988
-305
-418
874
745
-742
710
285
965
373
46
-146
69
-872
250
-822
73
8
463
198
-372
792
213
-887
612
422
-738
840
-659
523
980
-851
177
896
95
200
-386
254
-774
481
-753
397
824
-651
-302
-96
575
-687
-511
745
-678
-426
-642
368
-821
507
-753
-770
-494
764
-651
783
-512
331
-407
-982
-79
-854
88
842
73
187
-957
-108
82
953
437
-312
559
-676
-424
404
418
-577
-481
119
472
-733
-968
233
417
-136
-627
859
-796
-153
898
-428
-167
-175
-776
-555
954
29
833
-325
153
457
614
-967
205
335
381
772
-120
549
-947
-848
745
-527
844
182
19
482
660
748
-273
321
-198
-907
-745
-918
913
-945
347
942
678
-894
-467
-34
-178
345
865
-810
-464
-85
525
254
121
802
-376
-365
-572
455
-339
519
-624
-673
235
-257
-904
613
346
-572
770
-641
-822
-257
-617
-786
-555
-826
874
373
686
161
974
723
993
-492
-374
615
-139
295
-289
65
-443
728
-94
427
732
74
-715
-83
-797
-177
61
73
368
661
-506
-854
-673
266
-36
-899
-987
179
122
763
189
444
436
-803
-941
463
-894
-748
-252
-686
-413
-408
910
-806
201
304
214
-641
969
-456
612
358
-940
-425
474
184
-48
-991
884
-343
-71
-829
-100
289
-619
-980
368
-90
798
-205
979
863
-686
-690
355
-9
-384
-65
12
906
451
-215
-577
-479
-524
-351
-778
-235
772
-387
-14
-907
586
587
-326
582
-379
-948
-806
-36
168
-538
-306
-114
754
911
-250
-519
-790
-788
-951
597
872
-991
676
-713
-768
494
81
-857
-111
-604
586
-550
-933
548
-413
-919
-394
19
290
-619
689
837
75
958
-463
251
390
130
-844
264
-176
246
446
-345
-703
-499
431
-866
-382
-44
-740
-247
801
-158
-759
255
-958
210
-824
-845
-520
-623
384
-809
-666
-964
-853
889
292
-652
174
-43
-114
241
-160
-817
486
336
281
-989
703
706
-516
-563
699
-563
-475
-710
-211
879
94
-405
488
803
239
422
745
851
428
773
-982
-704
-647
-399
-423
-583
-327
-802
-81
-289
398
616
-192
-109
586
-803
-924
-377
626
-782
407
-623
705
-901
-31
812
254
-278
-247
-770
974
753
-433
822
259
-165
-674
-752
-213
870
-197
379
110
-250
396
895
594
-621
-132
-790
752
-410
-743
157
-168
-554
-62
-817
942
-235
439
765
131
-412
534
7
-510
-416
931
-563
306
-817
-754
893
-53
-90
-611
-878
595
358
198
-120
-486
-314
-814
-869
346
-489
673
148
-863
572
447
568
797
-875
-995
-56
884
251
-600
171
-807
399
394
-560
-490
435
-638
-683
-634
-135
906
463
266
841
-187
164
-24
-827
815
-380
-223
-947
523
2
-541
-140
-681
-590
-22
813
-147
-555
893
-294
826
-69
193
-616
-351
-227
755
-692
-26
-383
-418
-609
-878
-441
604
-183
465
832
-621
-728
418
-216
378
610
896
-805
-894
936
283
-895
-817
318
35
294
-951
980
-33
-895
809
-815
-204
76
387
575
742
558
253
-843
-730
-944
863
-403
-176
307
-508
395
447
867
484
856
-912
138
-994
805
-822
758
-377
933
164
892
419
-89
-111
-52
-750
-173
675
532
-997
-746
439
-857
-18
74
87
-559
-606
724
-308
-664
37
-424
501
-85
646
671
-337
253
-375
-242
646
321
153
-321
174
-223
527
-627
956
231
897
39
487
941
972
-677
336
-575
45
-654
586
-135
-877
846
827
-787
684
-310
470
385
-139
766
-62
669
-942
-382
553
-346
632
967
974
888
-932
181
-154
-550
981
-122
-361
854
467
-185
458
507
428
-254
581
60
44
269
-159
845
839
-536
110
856
332
655
277
233
-989
-107
333
-437
-112
-928
229
764
-92
620
748
-485
222
574
-302
-204
998
215
534
413
-710
622
467
-711
-391
114
160
-923
91
-882
-657
-390
-454
-339
-609
987
-446
-962
-700
176
4
935
-242
900
708
80
-925
726
427
-721
-170
707
-22
-233
342
-165
-52
567
-663
-981
954
441
235
-963
585
-50
-97
-75
-778
-193
69
522
163
121
-909
549
-867
799
510
116
-151
-202
-275
-719
-937
877
-974
833
-841
-315
760
-670
-560
-433
584
166
-419
983
-998
451
-318
646
431
782
-137
-728
-18
-228
-220
1
562
-539
239
379
-928
525
-214
242
-355
-623
178
742
-101
775
632
-477
-295
-880
890
124
146
120
524
358
-739
372
-684
466
-84
459
-369
-967
-305
-902
-810
-718
-379
-669
554
-135
-361
-915
-973
535
974
-830
-284
-63
-996
-137
-344
-467
-399
-979
868
-598
974
-978
246
62
861
619
-690
734
-648
197
432
-419
153
784
218
602
952
844
447
-123
151
805
777
231
-115
-121
-94
730
-643
-621
953
758
-508
455
-861
967
25
205
16
-579
865
735
944
-911
684
153
-107
894
-866
923
-632
739
-15
811
732
219
442
613
-419
30
-408
-444
-799
-836
-40
744
354
-33
779
105
586
-814
630
-470
304
857
37
284
-992
854
584
-408
434
12
-989
781
-498
-307
-375
-883
-279
95
-394
856
-852
123
-661
79
-325
364
-265
-242
-93
245
-680
-499
-220
-979
-327
-706
898
-320
713
710
546
706
572
280
-202
-838
5
193
-637
896
360
495
784
-521
-918
888
-657
-981
599
600
138
684
-480
-72
-402
81
923
-724
-96
-557
-828
-832
-96
419
-426
848
162
59
762
112
-804
-630
474
139
951
-938
-198
968
287
341
111
-277
-74
-972
-523
352
-629
760
-688
-379
-300
-770
-791
-792
-478
-143
26
919
460
288
327
663
-326
765
675
5
-813
-473
866
-34
-102
-990
-949
581
-505
-744
214
142
183
-907
-403
833
-392
-172
275
-306
-735
-210
-911
797
-12
601
-301
-119
-354
-47
-642
677
891
644
-759
248
-952
882
-953
983
-925
-544
-32
415
-41
200
-696
-70
-431
-458
370
-389
221
241
-655
493
513
-159
-53
-637
-389
-482
-67
-729
-972
-42
950
720
407
347
-537
347
229
-949
785
-81
127
-964
-820
-46
584
838
-223
59
871
-750
-950
-460
-956
-814
347
-267
162
21
980
-479
-859
452
-580
770
621
213
969
102
-434
-370
515
959
-925
13
-752
471
162
-399
490
-547
41
34
433
-640
-757
352
0
654
-996
-832
-512
-713
282
769
633
-235
-428
388
109
-432
-39
-843
800
-669
-517
897
-508
55
426
-914
845
437
122
-487
206
802
-408
-989
495
357
864
-745
569
867
-977
759
-283
-449
-726
-989
560
530
-789
529
-882
-0
-197
-470
-898
-113
-471
402
-773
863
-140
784
997
-21
-538
127
493
-870
577
808
-30
702
498
-959
660
123
28
-853
-926
-515
-129
941
474
313
505
878
-748
93
-389
870
227
-202
-604
-984
634
700
-846
90
453
723
230
550
-534
-224
-399
-325
-791
234
-287
279
423
389
972
-294
-235
-440
-323
795
-337
484
-818
364
42
358
873
-955
-320
-270
527
422
285
580
-205
-817
748
280
-464
-528
-298
-187
579
820
190
896
-6
-833
181
-900
-141
-634
372
-808
-262
-342
279
436
-376
-110
-699
-636
-324
350
-587
949
672
322
849
880
522
375
456
660
773
102
128
530
264
662
835
284
-194
-552
440
506
359
116
-398
-703
898
-995
-600
-182
-110
-68
-808
805
-662
-750
493
-769
195
-723
13
-116
936
641
-989
753
20
397
878
536
911
-347
-247
-313
353
-387
-815
-629
319
640
446
-760
-271
647
712
-395
-174
85
211
-568
787
-283
515
706
535
-494
796
-799
-117
-569
334
-157
411
986
993
-890
565
735
438
914
-492
658
-368
-708
-608
-666
-946
-507
-770
-683
751
544
-99
749
-73
-214
-777
558
-385
-982
-896
-641
176
903
-346
-62
-511
-766
590
-499
884
933
289
158
-758
21
-140
200
-514
-264
393
-310
-285
-515
-296
-890
80
193
316
749
-491
785
136
-949
793
-863
-243
-443
953
107
678
-134
174
832
31
620
-703
-859
743
194
-725
-426
934
201
-533
-193
658
321
360
-378
439
-618
-756
-686
637
739
641
-35
-740
-519
248
836
-744
-795
367
848
-525
-302
296
133
-925
0
-390
-846
327
-755
-429
834
-453
630
156
979
649
962
-974
-582
-672
817
673
-897
732
928
948
40
744
925
853
-933
538
-151
695
-115
-372
-782
-300
-398
-35
-899
440
-736
-961
789
-919
-20
-323
26
961
738
-778
82
903
816
-158
-274
6
488
-376
-486
-704
-809
-382
-750
-328
380
-64
242
-295
257
-477
756
246
-154
226
622
499
14
266
-928
-956
757
122
691
-761
575
184
425
928
404
-220
-788
809
656
-270
726
-596
-950
-187
488
-942
891
-395
-908
-896
181
-43
540
476
-984
-133
325
545
-801
269
33
705
41
240
479
-965
958
333
-917
-47
556
611
615
-508
-593
-409
-692
902
918
34
-983
409
712
792
552
882
76
45
354
-459
-35
-925
-335
-813
-673
-3
-552
-302
-508
598
638
225
326
406
528
-627
438
644
731
-380
657
-413
-852
-826
162
477
904
867
676
-262
-842
769
793
-407
-222
-281
226
-441
-114
-791
-43
-133
674
882
977
-556
738
-805
442
760
-703
248
-792
8
-309
239
-772
5
-725
-798
736
875
-383
711
-244
841
-217
876
132
-619
389
-146
584
960
-743
364
816
658
-623
24
-545
-166
308
475
632
-233
305
886
-587
-551
309
-514
-859
677
598
350
-272
-961
911
-724
-882
-268
393
-781
58
663
-952
-845
406
-293
-929
-851
864
133
-600
-23
518
374
502
-245
192
280
790
-955
-352
-256
596
-834
623
-588
528
409
-606
-311
-644
-21
-816
333
-131
858
-241
-469
-925
-298
-975
-123
-201
254
-21
-269
-825
853
296
-304
-179
262
629
258
-739
-455
147
921
-816
-157
-445
-854
420
-265
-598
-143
-84
-549
-841
-973
69
646
-711
-565
-96
716
852
164
630
-341
-351
-357
-595
-853
-66
-721
-311
-352
287
-254
-992
629
-541
469
575
751
-648
713
-366
-383
-449
272
824
135
894
-199
-711
-434
621
-127
-67
-474
-690
662
-459
-194
-854
-21
443
-493
-897
927
-872
213
-969
394
-571
-455
761
-670
219
480
331
103
9
-463
-993
515
-455
63
-420
813
31
605
442
-12
140
734
698
-949
-138
966
506
700
913
386
-574
29
-173
749
-909
629
957
-576
-905
-715
-641
878
-866
-109
694
-816
399
-577
479
-892
439
494
-588
756
300
240
856
-89
49
853
398
716
-867
722
-620
-440
839
-160
-709
-273
740
304
-984
671
944
-128
547
491
-490
-465
883
-873
544
-150
-303
967
-288
992
17
305
541
-7
982
558
416
286
-281
374
-898
783
299
948
-22
860
309
-704
655
642
-561
462
-576
-981
261
-387
-231
64
625
469
-305
390
-551
168
-157
196
715
-400
760
853
88
532
115
-553
960
739
-56
-584
-575
165
915
155
373
-626
-640
-858
-72
751
-690
280
678
620
501
-341
-310
-161
-573
-560
-223
-783
-665
943
735
278
-350
-427
-930
-763
605
-213
-316
-492
-395
187
590
186
-963
698
-176
-475
-238
907
-950
953
-480
-822
-244
-37
-71
-610
898
-974
277
911
-0
-684
640
759
966
498
-934
594
-692
818
-911
-129
-576
-22
-127
-11
-23
-422
991
607
-598
-404
482
63
334
290
-662
407
227
797
-419
-538
208
458
-493
-156
227
328
-615
884
625
-898
-649
-231
-439
-287
188
-4
-137
-595
232
778
-368
-521
849
-284
-283
115
840
-513
726
841
977
-311
-13
-800
-362
-57
36
-66
-335
713
238
254
878
-62
-919
-870
-453
714
-792
-64
-445
589
51
-720
-63
-60
317
731
-434
-503
401
-602
-259
-673
535
-557
562
-815
-507
-703
24
223
429
-240
452
569
-468
763
-543
-130
-877
412
-891
-404
466
-672
574
-535
-553
-571
-870
562
-15
-418
466
342
292
-135
685
933
351
-345
-852
634
-7
-115
-50
215
-708
-328
238
518
776
66
546
668
-309
527
245
271
71
-129
769
-538
-34
-651
889
507
-528
831
-276
27
-865
-451
420
715
813
-964
894
59
722
905
937
981
-985
-243
17
199
177
697
76
-793
962
-472
-613
488
-947
650
805
701
149
756
-566
-752
309
46
-215
-627
-597
737
336
-897
-619
871
-532
919
868
-551
-982
882
105
-732
768
201
-164
-280
516
-487
-77
-911
282
346
857
-288
553
186
-99
-331
-631
937
-175
-999
746
-826
-196
-489
272
-332
85
25
-143
297
-130
166
216
260
320
-82
-97
595
350
475
272
-455
-132
996
-44
-222
-977
-640
844
585
-512
-936
-280
255
967
956
890
598
244
649
-592
167
-965
-763
-59
326
369
181
-497
-632
-166
-57
-352
-430
-953
589
-304
-115
-563
430
-931
-546
723
-654
515
-38
226
-90
454
880
-601
-953
-578
878
650
-468
769
-234
94
418
526
-292
-255
36
-255
-468
-89
817
-193
-161
-356
130
-996
-970
957
-701
-196
-940
79
-512
-948
895
-106
57
408
848
552
-242
-694
991
601
839
-389
-601
-460
156
-446
446
116
-205
-426
993
383
-231
-800
433
267
550
-403
477
617
-624
389
616
-278
86
-578
387
667
-391
-193
-220
800
820
274
419
987
307
-465
-586
-449
153
-104
989
511
943
-908
-868
-639
263
-42
157
77
-406
-91
991
17
920
36
949
-993
955
761
-313
568
-665
963
640
990
-287
743
974
774
586
507
-62
780
-105
545
293
699
724
485
406
-763
-262
-676
-971
835
-966
797
-195
-398
471
423
-57
427
840
498
-93
644
-120
295
124
353
177
470
80
-376
813
-19
625
-4
-712
416
-115
864
-733
32
-994
-651
888
895
-343
223
-423
82
41
-218
-292
-262
-46
-348
990
341
-765
-859
-819
-973
729
-22
143
257
-895
-642
-813
-595
-87
343
-675
-117
382
-798
434
715
-672
-20
-545
-352
456
-628
-954
-480
871
822
-861
-339
267
444
614
569
-600
102
-922
-938
-152
-647
-493
-500
-303
615
-614
759
796
287
66
-697
-149
516
957
-801
724
919
-279
638
-446
451
559
293
-766
766
788
851
-966
-712
525
736
-313
-171
-779
-880
-62
989
894
-329
567
-198
-911
-997
-121
153
-575
248
250
538
-580
-959
101
-967
-583
-713
745
211
-312
-238
622
80
634
-143
99
265
451
-377
525
-252
345
-315
876
-803
-87
974
-785
259
-734
655
-83
568
849
-439
-994
539
9
486
-381
-778
-682
177
-159
-239
-191
-783
-168
513
-1
96
-348
-39
-841
-946
518
-42
182
20
361
939
155
-883
-779
-44
701
128
479
-110
748
-895
-838
818
862
-65
-99
-831
-432
-281
464
-343
-522
919
342
674
142
708
212
-352
-366
-1
-775
71
-899
122
-733
-233
-289
609
885
-426
909
360
13
899
-483
196
437
-169
-675
756
-108
-16
-845
-733
613
110
997
348
888
-742
852
333
910
681
-497
-995
-778
355
341
706
303
-828
991
-663
776
-954
49
-973
-493
897
444
948
608
846
-95
903
72
402
612
-647
176
72
-241
-536
-51
77
-678
-718
-680
-235
-820
877
926
308
-698
-630
-910
451
99
-590
773
-998
45
-738
-984
-205
-168
-400
67
-984
-17
343
-668
782
-133
270
-393
-359
336
-516
127
828
-509
-390
-289
-693
-341
-937
182
129
-445
-574
19
-980
-87
-379
275
-862
788
-712
-332
-88
793
-35
-449
-994
-916
-788
-206
-643
970
860
-582
29
679
152
850
685
969
322
237
-17
237
-442
927
-89
-108
494
376
-413
-968
-419
-509
813
176
-602
-451
-272
-777
485
-799
953
876
-951
674
-659
986
-460
-534
678
760
829
252
253
815
-438
-664
226
543
-496
-598
-212
586
431
298
536
-742
-622
-818
-728
-317
-951
261
874
59
374
-231
-241
-610
-290
-487
-319
-895
576
-521
-402
-174
-172
-236
-240
-122
-305
552
-522
923
-423
343
640
387
-656
224
451
-117
-185
374
-0
-743
-201
-204
458
-889
890
327
175
802
327
-595
776
105
417
91
-328
75
130
606
110
-173
79
586
-566
-791
766
-375
450
208
-961
-284
485
-171
-990
-907
624
805
-580
663
-132
-744
544
145
601
-861
356
-555
857
-809
-208
-652
-149
241
554
-581
-414
-289
-797
-952
844
664
310
395
-651
719
273
396
533
-857
-597
-478
115
-969
-906
15
86
304
-604
268
-255
-818
63
-656
-556
388
303
-165
-689
-683
-760
51
-731
-596
-758
-294
-556
246
-31
567
767
-94
877
841
-98
-515
-927
-58
625
-49
222
748
160
-749
601
-131
-328
-791
-189
125
-861
498
910
-503
-914
270
-248
267
-717
-599
-390
40
-660
276
-168
489
745
-873
-896
-894
281
-651
-887
937
640
-275
971
-100
851
-185
482
104
14
-587
706
776
-702
-868
-699
-546
45
73
-841
353
902
-767
-565
965
200
545
-90
597
749
-734
974
491
454
741
-90
-691
336
-729
329
184
951
-140
51
-186
907
953
553
-605
-713
-654
792
-795
803
-382
571
-366
648
-268
947
-204
727
-88
657
640
392
-173
992
-665
-846
280
-319
-644
-856
19
718
-658
-436
-431
792
816
718
-720
310
-859
-138
-926
-490
776
-834
-150
722
702
259
-604
557
587
-761
-338
46
-580
-689
-697
-780
877
-973
-871
-541
-558
411
204
934
947
-451
-471
-483
737
262
703
260
361
313
928
510
-6
0
241
-706
-686
-474
-359
561
-186
883
219
175
376
-165
-342
-495
596
-263
-486
-377
830
329
-866
638
67
646
-16
218
309
48
58
-704
-743
-547
-640
-401
481
660
-677
103
523
382
-923
931
336
588
-227
105
611
551
930
74
738
462
-736
-160
-667
-150
848
176
764
931
409
-665
42
-976
872
735
136
-379
114
483
786
725
66
171
17
878
-843
-151
-816
-857
-529
651
-141
889
-274
742
357
-47
-72
309
24
-572
435
105
202
-291
259
-396
677
-361
9
-364
-274
493
-333
491
-990
929
-138
-28
54
71
-966
-418
456
947
-586
535
426
-910
831
173
817
302
-193
648
-1
913
891
964
815
517
927
-966
-433
-169
-334
141
148
460
125
941
-532
799
-890
-476
-378
-810
-750
-715
-709
-504
930
-547
-89
-772
-820
694
920
480
960
-867
-654
348
-158
292
-299
-911
795
-11
-170
803
850
-694
342
-933
483
993
-182
894
756
-560
-687
988
634
-71
135
794
-724
-108
-15
73
-545
-636
-759
421
-773
274
157
647
261
947
-296
734
581
143
-235
-448
986
509
-319
964
615
-904
500
267
973
862
307
-994
791
-190
-705
-808
74
-140
303
485
-342
395
645
660
877
945
-471
-777
-429
-642
-309
530
823
129
-127
-396
-709
16
-454
-29
902
571
-266
341
-20
-533
137
-66
86
-438
514
-34
-978
282
430
819
638
59
91
951
735
146
252
536
111
-255
-512
-553
44
-978
499
-159
-540
-41
970
447
-828
-281
509
-122
495
-951
667
554
692
537
682
-328
267
558
-65
-647
-303
-678
450
137
-178
10
-945
260
-449
-180
846
58
581
-704
-326
243
632
145
-74
-733
75
801
307
361
-210
241
-401
-523
268
-332
-282
-927
-849
350
59
-527
-178
-859
-741
946
114
-713
-191
-850
167
757
-759
-716
460
-884
853
359
444
573
-143
-489
-411
774
790
-765
-159
759
910
-583
246
-242
582
187
-524
212
-631
925
256
996
-28
708
-635
-810
-646
268
212
48
-464
-173
347
-7
790
725
-336
797
187
-904
324
-720
811
567
202
-521
-202
358
-783
-879
-651
-324
-30
704
-330
-391
26
977
-155
-212
-511
376
780
-614
453
-489
-802
-443
639
-401
459
976
-608
-322
-201
473
620
129
937
963
589
198
971
575
493
-932
120
438
566
196
999
-184
-871
19
409
254
-139
741
798
-73
292
-595
-266
-845
-850
657
-415
820
-507
-799
-525
267
-858
-775
-325
-651
206
-735
984
9
-326
-35
860
-379
-46
636
936
588
-913
-154
564
-560
403
-947
-580
-925
-327
999
-167
258
-613
-489
151
-47
-145
6
358
-832
566
853
-440
-404
-91
-306
-486
176
811
-352
446
730
304
-654
656
-127
970
721
759
-529
233
-812
103
-522
-5
-229
977
396
49
647
-240
631
107
972
-830
420
-40
486
573
411
586
734
-304
900
532
-410
673
335
746
-350
-513
695
355
50
-893
858
805
-98
75
-815
897
-85
972
55
432
-351
-528
-852
-580
515
67
-657
671
-686
-106
410
432
-926
620
474
740
-350
224
856
456
629
-449
-100
394
-923
992
503
181
180
764
-205
184
-124
-110
212
-56
442
-480
682
-33
-726
-290
450
12
976
-637
280
442
-582
89
-471
-341
-354
160
-400
-993
-571
708
459
355
-848
674
-167
-885
20
-248
823
-462
-763
566
-520
641
195
464
-422
-795
164
-751
937
-785
-314
505
-975
-315
942
605
144
-553
948
-699
188
-994
-315
-388
734
-913
-911
-186
-386
328
438
142
531
-626
416
-555
-523
14
-646
794
280
-781
127
-429
-524
-898
42
896
-440
109
-200
-165
917
-914
-934
-648
769
-757
-100
-113
647
586
404
318
358
-52
-796
-634
749
-630
610
249
-60
-627
896
137
456
-936
910
-56
-35
-179
678
897
362
-815
510
-351
423
82
423
215
-647
739
-759
-178
-255
-977
-170
-418
-106
209
-298
538
243
746
-544
897
817
-453
-135
426
340
-381
983
-747
-32
-706
222
757
-217
836
168
657
-722
618
-741
-952
801
296
132
-873
-704
848
-528
-96
-460
211
665
-318
-979
-949
982
858
-235
919
-550
884
428
533
-689
-53
561
-482
-486
670
-89
-242
520
558
-607
-827
-974
764
148
-710
-278
-43
-732
-769
677
-740
-410
542
435
390
282
-552
-985
-362
-613
674
892
-82
594
547
643
-95
621
-337
-442
-452
-1
685
-321
471
-824
-178
-567
693
816
489
879
866
574
-261
-634
-93
-422
973
-531
-381
-294
424
524
-726
61
-152
152
144
-925
-95
175
899
-671
692
669
-910
-337
528
803
-906
175
156
-781
406
-410
618
-41
-535
743
267
6
-80
-863
261
-919
-882
577
774
-395
417
-33
-95
-257
491
563
-117
288
-616
509
-522
-396
-875
499
684
533
52
-193
-345
130
-155
947
614
-821
92
812
111
-371
-535
692
117
-25
-144
-669
-20
678
-845
-447
213
746
-303
-272
-120
-105
-218
226
-376
505
821
-714
678
369
-369
-38
-789
-592
696
-211
-212
-823
818
766
-5
419
-150
20
877
55
-263
533
231
-849
-694
95
-80
41
671
-797
-783
-855
-53
-466
969
529
320
989
892
-182
-602
-549
899
285
750
-247
3
171
-329
339
864
235
-635
439
-414
170
-602
51
662
-71
123
-298
-420
-536
811
-753
-448
-563
-213
666
-327
-996
-909
-782
735
336
-172
338
-455
-399
-453
646
140
688
-916
-685
-544
877
-80
728
-514
26
-50
335
-942
125
-238
1
-685
436
749
550
154
-450
439
-402
-243
-696
145
151
-118
-835
-752
-87
-879
39
997
273
721
-738
253
818
-921
494
-897
-505
-274
724
-530
815
687
-741
-148
-541
-441
-382
-772
895
66
-759
-386
683
957
-38
-922
600
61
999
59
783
171
-899
717
636
-535
-450
12
934
892
161
-530
777
455
-505
-668
-719
-805
-783
764
9
519
-572
945
-204
-183
-356
479
657
-261
152
802
121
-841
-481
-379
608
301
133
-391
788
-759
992
-630
-876
515
-877
-252
628
-606
755
-303
588
-249
555
115
-919
-191
465
912
417
-723
96
-644
125
537
291
597
-796
-305
838
398
-295
372
763
-455
415
178
857
587
776
864
-316
299
659
816
-25
-311
157
785
320
805
-770
599
158
-963
15
-354
344
796
610
-204
-180
-660
-551
-961
38
-310
102
140
800
-546
-986
850
907
-333
-964
153
-757
-185
-610
-531
265
161
-455
627
-757
-774
426
-426
976
851
1
-436
-521
419
119
484
-497
-103
298
560
-608
-151
-663
-720
-688
579
279
-153
988
635
-875
844
116
677
-734
-822
275
-81
254
930
-76
337
-229
859
-414
-678
318
14
-174
553
632
-955
-405
-199
189
307
-343
972
486
143
30
542
695
-838
600
483
824
-493
-827
241
-525
-634
544
-146
494
-283
-110
-928
-734
-379
-862
920
-653
268
457
848
410
555
-145
689
-342
515
501
962
-561
923
-908
-814
960
393
-296
103
-780
12
-64
916
-377
563
-578
-115
-571
267
-937
392
-516
-18
730
870
484
-139
288
-660
-838
-545
-453
908
-754
-855
609
-940
-736
290
-783
681
396
521
-228
702
-108
-187
611
-289
-974
-408
-95
62
362
2
-217
766
-855
-2
-524
854
656
898
-840
-985
-36
-102
798
-315
221
-658
-352
-756
-767
-347
814
276
946
-90
-65
-304
524
-585
275
187
-921
-639
-974
-536
153
385
-436
790
539
520
-659
-410
936
-858
951
-60
242
-849
-94
-662
-269
-918
-412
-440
940
611
-489
783
-720
637
38
-895
100
-849
-482
145
910
160
124
977
913
-16
962
-828
792
-706
866
462
-50
512
526
-987
-424
-462
100
-317
380
415
484
24
-412
458
-36
596
-288
322
469
603
-808
-146
857
273
-148
-579
284
-260
-38
327
-343
864
384
-797
-199
804
-170
620
-766
968
934
-547
854
-620
230
-22
-223
-908
776
-166
-810
335
272
-63
200
657
-930
-58
-715
-733
-977
-870
994
-161
836
-450
-1
-682
-444
-16
-128
483
229
546
-571
242
-387
102
243
207
294
-781
-794
920
-560
-235
961
-450
612
-839
980
84
-897
-804
801
923
-669
742
519
-54
303
-471
-359
511
622
507
135
321
482
-525
-136
-83
-505
-973
-192
-808
-668
817
-553
-351
-31
777
-505
199
-927
-975
526
-573
587
-408
573
-980
849
-621
125
930
-534
-675
510
-731
-303
-853
116
-565
325
835
-542
-492
964
794
437
-302
135
-715
-556
-435
152
-745
67
675
635
644
-678
-921
-602
-789
143
715
-421
924
-228
540
352
-704
-947
-164
890
113
297
268
102
-642
-500
-876
491
250
864
803
-780
-988
887
15
-313
-402
514
565
-431
-214
917
853
595
-832
951
-28
495
-811
521
-215
-306
500
992
-789
-272
-708
798
654
-369
-205
473
-404
602
-406
-746
661
944
225
-226
-64
722
392
38
-618
-884
-432
113
-30
-755
-543
411
-258
-718
995
-202
148
-888
149
-291
-38
-647
885
362
-828
-57
323
-281
527
-416
296
-286
896
-337
-453
869
507
-17
628
-13
-849
885
538
-753
-165
291
140
-258
-105
-786
279
-106
-523
180
855
-664
615
-876
-67
922
502
47
-791
-383
-957
-159
-176
-23
-740
-555
-100
-651
-121
-220
-860
773
-708
710
-830
100
-615
375
228
-843
306
-268
-969
-474
799
-631
-541
726
-577
-101
-882
898
-164
992
24
-64
585
442
-252
-997
315
414
-737
458
929
425
464
12
948
-724
192
-656
-473
-685
-366
480
15
-243
36
418
-965
481
518
762
-850
-791
-627
-173
249
178
-244
-2
-554
-363
650
907
-976
749
-586
313
-701
-183
256
-782
-918
825
971
-774
-424
-819
-271
-394
819
-446
-358
194
920
-93
-438
-385
-539
519
390
-740
-136
242
-639
-359
-132
-216
621
606
491
-421
-278
-286
-18
-681
803
927
333
-51
158
783
920
836
113
787
494
-534
368
591
-329
498
-397
-776
947
-407
-590
99
893
-756
-731
-963
-105
-350
669
211
-269
835
-487
102
-439
-892
52
244
-632
952
-248
-292
-764
-530
-640
135
155
929
583
429
540
756
18
538
704
69
-109
10
-708
10
-634
-259
-116
784
571
426
887
56
-886
-259
140
-247
42
-826
151
-451
-333
927
602
205
276
637
-517
773
991
698
361
-732
555
154
-98
-844
20
937
186
796
774
330
478
399
-137
-600
-395
254
594
-9
365
-827
-328
-360
-908
-680
589
678
-467
-888
-527
-806
524
873
820
514
-439
275
-458
-985
-791
-105
28
-151
-565
-803
879
15
-22
225
826
-381
-433
-384
644
314
-387
-520
-554
967
415
565
-84
402
-525
-950
367
617
691
395
-75
-123
480
-933
-18
859
-375
432
-356
566
461
-585
551
332
-907
282
789
-500
752
-9
38
-908
644
873
526
-586
-660
520
725
158
933
671
198
696
957
-426
-925
-761
-379
-274
-426
245
-31
-649
-971
-92
-601
330
-287
-102
-436
944
567
-283
-44
-203
769
908
567
908
70
498
468
822
-559
-352
-157
-710
-706
-22
255
-573
379
177
-744
-540
-790
-189
-218
366
-640
-126
-719
-874
-885
-176
827
517
-584
856
131
-846
786
-533
398
-782
-970
189
-800
-466
-664
178
745
-753
-389
361
709
-147
-594
500
931
735
247
-294
-692
85
-404
552
-311
-830
267
926
-750
824
-105
392
-310
642
-756
-605
-697
157
306
954
-718
671
-327
-666
-22
477
-166
515
-350
-386
-446
259
-33
-949
829
662
-40
885
-282
149
-393
-135
-848
387
-160
657
-764
-453
684
194
-658
-412
-189
-769
552
-831
-897
-856
-968
296
-17
438
221
284
-646
-122
334
-354
-888
50
394
738
847
37
-838
296
-638
-990
978
-468
-456
281
180
-369
-112
-861
-652
-150
193
-18
224
-592
753
425
912
-60
-187
862
-682
788
-2
-4
-248
857
45
-529
-894
131
-407
-82
-153
-687
541
-412
-132
721
849
-140
-584
-594
-577
899
597
822
-291
-676
103
-489
617
219
101
236
722
-751
-78
-287
-821
-830
921
128
909
8
872
-9
750
-592
873
-153
-557
-253
-954
995
-79
-898
830
-564
183
456
-774
-897
45
-728
670
865
-138
567
363
-219
93
794
-848
367
634
439
640
-637
-530
-956
246
779
-644
-180
-966
801
-222
-334
657
454
876
404
-933
554
406
663
35
-93
846
38
25
223
-138
-318
-963
87
-17
708
236
766
476
-998
576
543
717
234
125
-342
367
59
136
-521
341
455
-195
571
3
535
-365
354
363
176
-398
-104
-530
-799
-13
171
-254
-635
200
-825
-831
487
-142
630
-133
-346
325
0
-317
226
824
388
-729
-231
285
-837
-768
-665
869
-768
102
886
916
-340
-390
-267
668
-644
-382
-679
-284
-135
544
315
-448
-767
549
-682
-244
402
-941
-200
-676
-7
423
-429
-906
-112
69
-567
-214
-771
-692
932
-828
-274
-707
379
22
-145
-128
-505
-842
-188
748
-132
793
429
-710
773
-751
-308
-873
-841
-129
-693
-264
-643
-167
722
-290
-581
-462
273
427
-711
-798
636
762
-271
167
500
514
-241
678
300
170
755
595
-157
427
552
-591
248
721
-596
-835
-671
943
734
228
941
619
-734
-77
940
-463
81
736
759
-553
-697
-803
90
-985
719
211
315
61
749
645
-346
-886
-515
460
-80
-334
-754
-498
-236
-372
-400
-320
-118
468
-871
908
-574
348
769
67
526
978
891
-828
-15
786
-488
-130
-839
-473
64
279
880
-431
-140
850
-604
650
-361
-678
-30
-792
-923
124
225
-825
35
-632
-436
-564
-267
-946
946
-423
-426
36
-566
-327
102
605
-105
970
887
55
-18
604
-737
213
-499
-695
-737
735
-911
498
-218
-694
-885
-816
-618
801
-195
-626
-660
673
827
-438
-452
-573
939
729
878
-186
-791
592
578
103
-503
763
273
-675
156
-17
990
324
717
-792
-533
63
36
-438
-401
445
623
-419
-996
-348
912
-465
-12
537
546
677
-11
756
-748
-366
440
757
371
-311
-975
224
-729
-143
830
472
-713
160
-594
-475
814
547
653
669
-832
96
-344
48
361
815
575
-272
-141
364
-52
-781
-33
-473
-984
416
-827
976
185
-596
-919
90
-403
134
-498
983
42
-768
-796
466
88
949
-99
-438
6
182
-798
124
338
450
-461
-738
-902
-282
452
183
687
807
-762
-422
-984
-45
229
-688
-780
-756
925
-800
-354
230
-887
699
-898
-361
808
780
389
-926
699
-890
-106
-424
494
-914
11
-358
-263
-473
620
-526
-971
-572
188
682
-817
719
-220
10
-720
-266
774
-334
-738
-902
-994
-138
-439
677
-912
515
933
-357
-731
-571
645
-239
517
160
-380
965
-843
44
165
261
434
-512
-716
-576
-589
-602
-688
357
-766
-813
-932
226
-234
761
344
181
503
201
-915
-18
276
443
-166
874
22
-784
-169
433
-632
-859
-920
811
86
995
142
857
-339
87
-453
790
-704
-133
-288
-981
112
602
585
-808
130
376
170
44
886
718
-797
166
787
-727
-217
349
253
65
68
-213
-382
-824
175
-765
351
104
-344
2
921
560
142
523
-564
-290
166
183
-445
-452
227
-385
-701
-79
-111
881
515
874
-54
-109
-338
603
256
-405
146
-26
-75
656
-253
-525
-521
-101
-552
-398
-77
-225
-259
-271
-967
-921
-886
-190
62
-89
-935
-736
-725
-197
-516
-885
454
360
291
581
12
75
-505
-211
-816
587
619
-912
864
-622
704
-326
-322
-224
-23
-575
-364
934
971
-790
-798
-891
-405
-113
-264
-2
299
-831
368
-586
565
426
867
800
-210
979
319
129
-378
346
34
-315
29
-307
-553
-788
-759
-401
-631
818
495
-553
-371
243
981
-96
-289
701
-909
68
607
-933
-776
697
-239
-601
16
901
-541
489
85
-889
348
45
-952
720
323
-629
692
-858
194
666
318
-951
-63
733
-730
874
-565
336
-386
-780
413
512
-441
37
-534
-550
622
711
-646
185
-418
-454
331
853
-550
-130
-748
773
-365
176
-217
-103
580
228
-610
954
-825
-12
-903
-578
556
-122
703
-845
58
671
-100
819
940
-259
165
930
975
-498
-513
-684
-137
-725
54
612
943
91
57
77
-662
-899
-550
-169
-476
-756
448
410
-599
-129
57
469
376
397
-823
134
-810
-664
214
-590
556
-384
139
-293
-634
743
867
397
-124
380
-268
784
899
495
-337
-509
784
250
392
13
-670
-71
-672
-133
-614
-96
732
16
385
450
598
617
556
-10
-115
-328
-484
-324
-219
-305
-675
419
987
-744
947
-447
-209
-632
-636
66
369
537
145
362
-375
-901
773
162
108
-485
-452
305
349
-779
-283
-88
944
-858
191
158
-591
969
-84
125
390
951
895
-208
897
-581
888
-537
647
-626
-319
-757
547
-275
210
175
715
-146
735
-854
-45
-869
457
-118
505
295
232
87
131
763
819
645
-418
145
-850
842
-139
534
-470
405
-749
152
753
113
-306
-578
-168
12
-368
795
-214
818
702
654
357
-852
-759
-439
-948
-102
-782
84
256
-592
958
-195
377
-878
718
308
-943
533
869
919
229
128
54
665
13
-287
349
496
-199
510
-258
344
682
-255
202
-426
196
147
119
913
774
455
386
201
-677
855
-585
-136
-429
524
919
766
-856
70
-430
811
535
-679
922
858
296
535
265
501
768
-677
-679
-154
-61
215
559
-47
-350
-719
958
-224
-643
840
-136
954
-71
295
779
-990
26
-683
-937
384
-808
-911
-33
-725
-600
-937
-610
344
227
-136
-440
-902
-684
-756
19
612
-947
-298
364
-362
292
52
895
-936
-387
185
-550
-646
-377
560
-246
-576
-401
-878
-601
81
244
796
-233
966
508
799
-944
-645
551
-70
-83
-47
-225
-601
-518
72
519
253
304
372
76
223
321
-341
778
726
411
697
-50
167
-36
682
-460
-307
-508
929
-907
956
-373
-804
413
365
655
813
-65
274
572
-9
-245
-502
700
689
-288
-187
646
516
874
236
-296
235
734
166
-819
-43
-196
-169
-681
207
-559
982
-737
617
84
845
255
445
294
0
-491
881
-589
287
964
591
888
-81
-775
-293
-552
-591
922
-501
-704
34
-897
-234
-670
108
-15
510
-976
584
642
-963
719
-706
647
211
413
-898
513
148
-5
-875
659
-979
-681
-91
145
-517
664
-858
136
-662
-667
212
44
420
673
-125
33
-672
372
-37
-873
-85
-482
849
365
872
424
-565
148
-222
281
-858
-156
732
-349
749
379
759
130
-184
-824
-528
-492
-420
431
166
694
-82
610
730
-935
-181
665
528
-901
-644
-121
325
-970
-311
740
-817
-206
-636
-713
-128
549
-666
-602
-715
-612
-933
-235
403
-357
958
-544
-588
674
-270
-295
91
-60
-763
657
-870
-189
-354
-767
-982
-824
277
716
-174
442
-482
-547
285
-684
974
231
-610
352
-198
-426
595
473
323
90
637
647
-973
45
154
-12
422
676
16
-701
-148
-451
82
969
-818
-608
-944
-927
-801
528
-54
787
-136
213
493
423
745
737
150
-938
-470
-776
153
-331
-380
614
-104
614
865
-449
93
352
-746
371
-852
-217
207
-736
753
-370
983
919
-738
-32
713
314
-353
-350
811
700
382
-985
967
5
845
-854
-712
-916
12
53
-782
-236
-89
-939
659
-916
261
334
-327
-949
715
1
-282
-877
570
723
-354
193
250
696
124
655
-219
613
-329
71
-719
175
45
647
-687
673
682
-188
-998
-547
850
507
-192
967
36
270
-814
-108
850
-180
-477
282
719
797
-708
544
-898
979
876
-317
689
-371
-737
67
586
-829
-100
928
287
-241
-773
-905
188
-466
-534
-681
75
79
884
-104
394
-591
-102
18
-948
736
748
744
-229
705
698
-987
-792
-290
-564
851
32
509
665
-875
-490
38
-956
-526
-698
653
-971
522
-410
143
558
-637
141
-77
-25
-772
-268
105
-298
466
-567
-744
111
-5
430
848
848
-284
-983
148
-18
875
-436
568
315
82
-154
-125
-445
491
-984
568
528
173
918
223
-299
-927
-430
-173
-882
-332
-81
5
-293
-754
-539
461
-527
282
-660
-85
-955
46
-860
-187
826
482
681
-138
336
603
-919
999
-51
595
491
23
-45
536
-993
-352
-947
-431
-323
955
814
-591
975
531
-225
-441
-159
515
238
814
479
-402
-2
759
-756
688
624
8
223
-329
18
868
-587
-85
-492
408
67
102
-997
746
927
-27
418
-503
575
145
-955
-826
-102
720
163
269
644
3
584
746
888
415
-809
-4
-454
-33
515
-657
-474
-563
-210
-572
556
-495
677
356
-367
928
-41
616
-81
-258
-860
-918
644
324
-19
-709
-825
-420
502
-772
548
749
632
-438
-366
-14
-611
913
-767
-462
-134
713
-433
-814
-263
-509
990
105
328
39
591
-273
691
-810
-775
596
500
221
-147
-573
325
278
-692
289
279
67
87
73
-878
-588
211
-915
549
-349
-876
811
356
-221
825
773
544
974
532
-113
986
64
589
-614
-468
187
-238
-251
-440
347
-335
721
313
-214
-447
-256
-380
336
-4
108
265
-521
-646
802
-949
408
-622
868
-530
134
-114
115
415
816
753
595
571
-578
945
361
234
-531
-251
144
185
-111
21
-146
-30
559
-238
506
975
-731
169
815
214
-260
-801
-599
-35
990
-288
-196
-450
-806
909
202
-101
-158
730
-674
-376
113
-43
516
774
-838
347
733
-789
-190
204
287
-678
-576
123
56
889
-28
882
-362
-756
71
586
-253
-696
778
188
-910
-215
-978
441
541
204
263
-818
-446
-178
-382
-675
-844
783
976
392
-190
-76
1
-555
849
815
901
-442
-912
866
-90
634
-616
-261
741
182
964
-805
-777
211
-176
-442
-12
-425
-562
923
536
-290
-327
449
-556
352
891
-189
222
350
-427
475
381
420
896
299
253
938
141
-1
371
922
863
986
-864
-835
481
435
563
-510
551
-245
-399
-89
274
943
-796
-964
329
448
639
837
945
687
-832
-321
358
-540
-101
651
-72
-725
-163
231
-993
-391
962
-457
205
121
-693
420
360
809
295
188
-110
588
956
-471
-499
933
442
73
-886
684
-988
-631
-770
161
-957
432
-616
693
840
-225
378
504
253
468
-476
-71
-962
165
846
-797
-29
-575
-602
921
137
-485
-8
688
623
-753
14
917
-230
708
-113
-584
438
491
131
834
-262
136
365
236
-685
-440
165
-27
-144
-824
-944
104
271
-775
712
23
-633
-301
335
-339
879
-424
-841
792
-891
-946
-80
923
350
-106
12
740
-992
348
-932
-700
819
-208
281
997
673
-712
-698
-809
-38
-462
748
48
596
-420
436
44
-949
619
309
-755
264
-441
807
362
-518
895
-378
-359
-45
207
603
441
208
783
-29
852
710
607
-896
-714
793
384
257
-850
226
488
13
-735
989
-739
-761
311
237
340
-239
899
15
-556
-731
-279
-168
-139
696
403
-745
56
-438
329
-990
-512
75
614
750
67
281
-791
-114
631
509
-201
-881
-464
977
-50
-166
550
677
683
-687
261
-450
417
39
-79
-436
154
-538
341
-115
835
306
-874
-550
-115
-660
-557
133
675
375
72
35
-833
-548
440
917
-944
-13
263
-728
-504
-107
499
388
-765
632
-927
-416
944
-638
-980
-365
-483
447
-646
-476
916
916
-529
293
419
-484
-297
810
570
-330
356
-827
778
-937
-802
278
-349
485
-850
525
408
968
-614
298
931
-87
-676
830
541
-582
-533
766
407
465
-734
880
703
199
-331
854
-479
254
-208
-962
204
797
-757
324
-168
775
483
-397
-207
-856
798
506
-4
137
197
-666
995
491
-27
-622
-956
-802
-756
978
-499
206
897
279
177
-466
867
776
-948
320
-787
875
-43
-887
-228
-114
-700
377
-737
-851
-425
-641
802
-860
389
78
-474
273
-982
668
26
289
-807
-27
-28
-163
549
-98
926
-454
-490
844
-837
-185
-630
-381
-340
438
-689
-396
-344
523
68
245
-932
14
935
739
680
-943
482
-22
346
321
-925
105
982
-515
602
749
163
-308
-325
-222
-676
-19
-193
332
501
-928
-75
-401
-366
-164
-29
854
28
291
-914
-63
383
100
-476
468
-789
-108
-486
-626
426
172
-55
-999
-892
141
-156
-100
638
819
-336
-796
-388
343
766
78
112
351
-980
955
-993
-735
4
-392
388
461
-851
-203
513
-466
867
-175
499
-203
229
-57
958
723
980
-308
678
-798
378
122
899
875
-837
450
-281
521
163
84
74
-787
-274
-128
-217
-187
-279
191
-601
-296
174
-480
-103
318
-283
91
-210
-116
-326
-141
874
-490
989
331
101
734
-78
-82
919
152
155
263
-474
553
680
-695
-375
-708
-220
660
372
-948
312
336
135
137
437
7
836
64
-959
72
-649
756
-876
-542
514
403
-225
761
932
2
-2
633
273
-708
-160
272
616
-31
796
93
416
-488
940
353
851
-946
716
-44
980
927
588
654
-931
-50
-612
389
-344
-22
-830
-860
83
-886
737
493
-739
914
-675
-885
-606
-685
-430
-599
7
410
-348
870
781
-935
392
940
553
-459
775
-539
631
304
3
188
524
-200
574
656
-531
578
723
407
-77
-209
563
-938
-324
608
-145
-690
748
245
312
381
196
767
831
548
-393
-113
-857
206
293
-861
316
811
-441
-90
-662
950
431
-482
596
523
492
-1
687
-884
374
-474
297
-106
45
-548
-20
-270
920
418
-135
209
-929
330
-769
-300
-311
186
411
-403
-193
516
-802
-369
538
-590
-80
654
713
-329
902
978
-755
-878
-514
326
-584
625
-628
-460
-485
545
-553
278
-887
-453
588
706
-300
565
217
874
734
540
197
585
403
951
-33
-927
188
413
-164
823
408
631
-631
-780
-60
784
-321
-291
-852
386
-823
510
694
-139
747
26
-54
-134
-866
755
-234
-535
-260
-985
420
350
-36
606
487
-292
-763
-743
-328
-559
-791
825
-205
285
-539
930
993
907
844
-816
315
-918
-780
600
538
-359
825
-59
898
-848
-319
101
762
-46
-227
-289
324
-973
-221
268
85
-793
813
293
901
500
623
884
-315
343
498
84
193
-982
984
526
-878
980
876
754
-767
-349
913
-128
-221
770
-457
245
912
-416
-477
-318
-967
-751
924
-325
465
787
-612
-958
91
-904
-582
-550
-728
-95
-262
266
64
-776
875
384
128
422
791
926
108
783
684
242
652
-970
-103
-199
-606
-211
77
-526
-471
-650
681
-849
-110
184
317
-559
116
940
470
442
-116
909
-601
-103
-88
39
-681
-910
872
-938
873
-864
378
912
296
-276
360
-310
677
386
-518
-886
18
-694
596
433
-833
-811
805
-764
782
866
283
-807
941
-726
324
714
113
-585
-745
-531
-667
495
-769
-927
4
397
-322
-248
-103
-427
-290
121
-902
-465
-77
-579
-690
922
333
715
-994
-977
-22
-284
-903
256
204
-950
-788
-107
-764
-315
760
-618
-790
135
151
805
-690
-2
152
140
-339
815
-209
346
960
780
250
-870
84
-176
-822
112
-422
-459
76
283
-393
896
725
928
-903
110
-810
897
-689
482
407
-729
-413
404
491
-906
489
838
396
-252
178
508
-46
-236
-830
303
-17
67
924
921
-214
-651
333
918
960
732
-236
480
645
-721
-138
-65
-409
939
659
101
391
-576
-947
-157
-368
-398
-481
590
-298
305
-689
297
854
-136
448
-386
343
-267
513
549
665
190
-530
624
797
-970
-300
-288
-503
-372
663
494
-425
0
-537
-525
849
-348
848
913
-605
483
-502
764
-197
-660
598
-570
619
315
-471
358
907
-757
-734
753
-905
-597
-361
116
201
-122
-634
823
966
409
-682
-814
177
346
593
-602
-688
-609
-912
-959
-853
265
-477
92
-931
937
324
555
675
764
-705
-119
918
-795
454
648
-188
499
-354
165
-797
602
205
-975
411
149
-810
862
-348
-264
763
814
178
673
256
521
-644
879
-633
-82
-297
865
203
-541
88
-706
69
507
-833
131
722
199
-776
-568
-636
806
-585
745
-751
-691
443
-44
917
112
436
896
-896
-877
525
-786
447
798
616
172
182
-912
-613
-491
859
-337
-199
806
-680
472
-480
-718
-203
-663
-412
-891
-402
925
-111
-250
723
-970
172
-371
811
-409
454
-570
-347
-828
772
59
-875
894
-752
662
-83
398
-761
459
317
864
51
-132
-372
511
-32
23
-554
247
-414
-133
541
457
5
-227
489
149
229
292
242
802
725
-534
447
289
690
64
658
238
-790
-42
908
173
473
-795
-620
-342
-775
-680
10
-788
743
636
78
-770
692
852
4
-443
-194
-545
-188
-863
116
537
-864
-178
882
-714
42
181
648
-335
763
483
-369
124
-620
-872
-235
566
439
411
911
-634
313
-688
201
-967
-506
273
-182
-136
441
-242
-769
-479
-905
883
-720
-122
685
348
-537
-554
469
-622
929
-806
766
-398
-209
-449
120
282
849
227
-566
-124
594
-499
858
714
-880
861
-273
-887
488
-948
668
154
-339
756
-660
361
911
317
-335
908
-256
-566
-380
363
789
181
-245
-31
420
-842
371
334
416
51
35
671
80
-524
691
-33
902
-994
-254
-84
516
-755
-481
522
-93
-1
237
475
-262
-482
-238
-137
433
639
-860
714
-1
-968
262
733
-415
-187
111
674
-13
-30
375
-743
-3
-496
-458
944
31
647
-754
353
170
526
555
358
-708
-172
908
-243
2
478
653
977
-686
682
708
-962
-927
512
40
403
611
-535
-194
-782
-870
362
-387
-912
315
866
981
-901
-668
-743
988
-512
-425
-470
177
520
-216
275
925
-29
133
-615
75
-22
-634
-507
263
-925
418
-12
-351
995
471
875
-809
341
151
-408
-177
673
548
138
551
204
-811
-565
804
83
-534
24
215
-637
-673
-945
827
15
-151
-243
569
-24
719
896
205
151
-641
-434
-892
927
-468
768
-194
-727
-641
752
121
-943
69
-715
170
-365
393
372
-222
-555
523
-41
-811
767
442
-14
-647
107
-501
-694
393
-188
-210
128
212
-178
-711
157
692
-678
-444
402
354
512
-37
-880
266
-273
-980
965
437
632
716
-374
-714
895
97
-955
160
-307
-26
-331
959
-474
7
-836
-935
297
962
412
-76
-539
957
-976
-314
-666
175
-985
-603
779
603
-110
-788
-542
783
-778
-613
-384
516
40
348
-523
57
11
24
974
-109
-517
-196
-999
-365
190
800
-606
-638
-499
-705
511
586
126
368
589
-537
-79
-518
416
560
-567
884
677
171
-509
-902
343
-598
99
-922
796
147
-896
-657
902
-270
-578
-994
-29
-135
746
-615
878
560
-532
369
646
-259
535
-559
-134
258
-688
24
-121
959
-549
-958
-140
108
704
-56
347
-597
231
-671
-689
135
-885
-446
-671
-874
684
0
-54
-552
939
-165
-275
168
-270
929
472
689
-223
-715
-246
468
478
-459
-929
996
972
506
-276
-458
-217
-210
803
750
-92
-274
-112
972
562
475
795
64
-985
718
597
-863
-268
-208
678
451
129
-460
467
183
-216
-873
482
-130
-861
-784
-377
-977
-74
-70
849
226
598
-571
-470
-446
-765
49
962
419
732
-633
204
459
-149
734
754
680
998
769
709
-859
-240
427
144
-377
-754
337
-973
-588
30
176
-634
-841
811
157
531
-700
628
-677
677
-0
768
-742
487
920
-357
-6
305
-680
-811
-990
205
817
169
-958
-252
-630
649
466
-408
-357
-836
461
564
610
-331
421
-642
-371
84
-10
-640
60
-365
-777
266
-891
203
595
-198
-494
158
-67
505
316
471
-629
319
-753
-568
162
370
-936
109
340
90
-542
101
-753
-751
899
748
-686
-569
808
-323
972
727
266
-145
-848
-144
835
-351
907
363
-677
334
883
-155
393
-365
-523
979
280
-451
711
-223
-544
-191
381
609
-18
-774
551
-296
760
14
-105
777
-469
570
528
783
73
876
529
-513
-133
-152
568
-980
813
-316
340
-7
25
694
76
-978
-804
-603
-43
-584
-755
-212
-536
-356
-892
619
469
-394
-260
48
-270
-485
-584
463
-909
-156
-135
-693
266
-724
-74
-390
674
-390
-578
623
169
979
901
382
842
828
-259
353
-570
-683
-773
-540
-563
85
73
-45
521
997
819
233
621
990
582
110
-773
-501
-572
345
-676
332
843
-344
106
786
-424
586
-433
-983
-624
873
-239
-943
472
2
422
-601
-416
-981
639
-447
-140
-166
665
-941
-594
-686
-893
701
-621
217
-742
-13
-764
-32
-115
524
-568
180
191
875
-992
323
-895
-954
-81
265
990
334
-977
-214
198
-699
-780
352
706
-461
142
-936
-513
906
414
770
154
862
822
-928
167
-491
211
623
-71
-320
-925
-603
-850
-385
385
-668
-611
374
960
806
-930
-427
140
763
839
129
-691
555
594
806
447
-870
-709
-491
899
-149
946
-674
-331
-3
872
639
569
457
-486
-846
793
-343
-664
-876
836
-744
954
222
-208
-808
413
-996
994
849
420
-118
467
421
649
-47
-675
268
-915
266
-771
-908
-227
-519
710
406
768
-49
-987
720
-767
-473
615
423
288
358
469
-245
-523
-269
-837
-69
-553
-546
588
-880
-89
150
-799
-939
-967
-500
-268
-484
213
-81
782
713
-972
227
581
-620
812
727
47
-404
-668
803
-1
-432
-394
321
-16
215
-645
901
-253
249
-643
-733
347
-57
-41
304
501
-961
-602
775
-669
958
-488
893
732
862
-822
-770
733
-538
-392
873
283
-140
-821
-855
609
156
-25
542
-895
-189
1
592
-490
565
-28
-128
625
548
-888
288
569
-299
-198
407
-599
-516
259
38
294
-337
395
-986
86
171
-290
-177
-256
-805
-670
901
161
-573
229
522
-920
-549
-677
-39
-422
442
670
-571
-448
-381
292
92
-403
-226
629
859
-960
216
-296
-104
-466
-782
-518
-415
-433
-141
-783
883
-250
523
562
781
495
215
606
-862
218
-913
-350
407
-180
566
133
502
-263
-968
-111
403
-451
-751
-937
186
-610
-597
131
-449
257
-627
816
478
858
-960
-900
928
981
-113
293
-131
398
216
436
-544
-384
788
4
-984
417
-536
-660
668
144
617
-80
-44
828
63
-630
662
-483
568
420
54
-849
154
759
-856
308
44
573
-923
701
-369
947
699
185
-622
-171
-795
323
235
829
985
-916
-878
-470
242
493
855
347
574
821
-490
-578
-718
940
-984
-748
258
703
-505
643
-344
-62
928
-754
294
-51
-625
774
-235
-0
-187
892
-764
-287
768
720
-418
17
-544
200
-403
974
-937
-723
167
-743
-175
-505
-583
912
74
169
767
-190
661
149
-346
-93
576
-808
244
451
188
-711
748
475
608
-666
-534
-390
-950
613
-367
-933
227
687
293
892
446
-957
-931
720
781
-619
-946
863
-901
-194
-183
-212
220
234
-742
-51
434
-439
-441
-257
898
-889
887
93
-229
-409
118
527
224
557
-240
-211
969
391
809
-984
-526
-256
978
-553
-989
324
-287
798
613
-182
-668
-231
-395
399
-271
-616
-960
562
574
-851
782
-22
27
934
880
-549
566
537
402
-518
-23
-175
-711
-627
-558
-200
653
762
396
-376
-869
-529
-705
-396
707
-486
402
770
-751
-751
-227
2
526
617
165
903
919
469
-202
-85
484
344
-584
-704
-216
-349
758
28
-820
-911
-640
19
-598
536
57
414
896
132
577
-521
643
588
926
-391
-263
731
-821
814
942
924
676
245
801
406
918
-875
501
20
-433
525
-417
-303
-710
-362
172
-708
-329
-422
35
-213
-107
-220
905
740
-3
-386
874
-11
158
941
11
-532
954
-824
134
-648
478
-553
460
721
911
-235
-796
-721
-323
990
-311
28
-180
960
-241
-259
828
455
-810
-751
636
-858
-937
-92
242
947
-308
-523
-179
-154
443
-493
281
-911
477
164
353
899
954
902
-777
453
-177
-277
-164
130
548
-583
-923
-273
509
-515
812
856
-109
314
-313
-675
448
551
-735
277
8
464
707
-685
-527
783
318
457
-103
665
-242
962
292
-8
-251
-662
145
-896
-216
774
133
-434
901
230
-366
-476
-587
651
-9
-906
944
872
46
-999
701
-357
-34
989
-738
-996
466
-65
616
-284
-728
237
462
818
-230
-123
942
118
-328
617
-31
171
-438
-903
-305
-31
730
57
-731
-406
693
245
-714
317
176
462
-899
-57
-574
744
-501
-264
749
128
549
-145
-768
583
107
877
186
490
-677
423
213
482
0
-649
419
285
16
916
821
619
751
-563
-540
-374
-306
172
-22
585
752
-475
716
844
-542
869
963
996
-41
355
318
502
-232
847
680
628
18
-659
-567
172
-616
825
586
998
-734
-560
436
28
88
-274
659
256
-709
-116
-419
737
-34
-320
737
247
376
-875
221
-184
482
133
64
-522
-304
753
631
464
-758
-637
-806
670
-395
-699
-504
629
-46
831
151
-588
-48
884
537
-697
-484
-494
923
-177
-765
-287
113
-959
-31
622
-199
343
-905
-280
927
-441
16
-405
803
-259
164
-541
-815
140
-994
734
326
-441
8
25
-403
-50
-753
-359
-742
828
-869
-887
221
-883
-143
-408
398
404
-275
45
-599
-98
551
-612
-780
904
-513
685
171
301
890
-135
263
-751
-320
-217
-892
-975
-477
-441
-731
-610
488
-330
568
974
-693
452
-353
847
352
-945
-84
40
860
522
530
540
-780
679
-854
-159
-467
856
519
-847
472
116
-417
-470
342
-574
-477
-244
-337
-310
280
-443
433
273
707
175
-968
88
-153
368
-256
72
-760
-695
-943
-642
-826
-28
89
915
-125
327
735
-831
679
-87
-493
372
-180
-56
-424
404
487
214
-437
372
925
7
468
-900
-390
-434
-851
-842
226
-860
300
-605
-48
364
-6
-399
140
-943
597
-459
534
576
-52
122
-668
280
950
-107
762
187
264
-51
-696
-717
-541
-986
-422
165
332
-752
973
24
-974
625
-307
208
102
679
957
-797
-925
-926
-49
821
435
-85
309
-36
-592
724
178
-174
896
135
602
704
-419
226
-426
-201
972
-621
747
-270
23
-295
631
537
28
734
957
510
-773
-845
-136
-412
685
-94
-747
-829
415
-675
-298
278
-237
309
-155
924
-907
-479
-168
856
-628
343
-19
849
-0
832
89
329
-827
-225
161
-910
-919
816
-984
997
-327
692
-216
484
-418
-572
-131
890
-892
-941
265
474
-945
975
315
-599
17
340
-185
155
-493
-167
980
-935
173
-926
-433
326
43
364
978
353
-607
-582
222
-100
-168
692
-677
-373
208
992
403
-724
-972
510
404
-298
613
507
-673
903
580
-342
-927
-164
-718
-129
827
-272
645
453
350
764
-336
151
584
-203
-354
-477
612
417
150
-804
-103
-480
563
502
-37
-580
-242
88
-491
694
-541
127
-813
188
-442
644
-772
-997
-762
-600
-470
877
265
-891
-961
-953
757
7
976
-590
891
-19
63
-999
-868
977
-485
-51
524
210
-879
339
-596
-264
246
695
-793
153
-83
-34
809
290
218
396
635
-579
-769
-856
-616
642
678
-704
755
-329
-714
791
727
817
-127
391
171
981
888
-10
-661
71
693
-164
-984
288
-208
574
-864
232
957
458
-945
422
-981
42
789
-686
240
283
695
275
-354
191
594
-266
751
32
-516
-234
-591
-195
93
566
-84
910
773
-388
739
403
707
-885
746
-860
76
-463
-75
751
244
-206
-519
-461
-5
477
-132
78
901
-3
-937
-613
13
-384
439
-961
156
-12
-635
-321
26
-737
30
-703
835
-931
625
137
-973
79
8
95
-559
841
-637
538
-664
-527
-148
329
-288
108
-509
-903
119
598
-726
-292
-505
-183
-351
511
-54
-413
620
-537
707
-525
-595
402
467
841
-46
-183
323
-398
-144
-394
-299
-752
-903
531
639
-179
-837
300
934
849
332
883
-455
682
-543
-150
-237
466
896
-102
-54
474
567
-899
621
833
485
-960
702
244
-72
441
-648
-801
-257
-785
241
-907
34
-13
-908
-960
-914
390
-916
215
-380
-297
267
277
-705
189
-322
-106
-255
-716
-317
-261
949
201
-637
-853
-128
397
-952
-272
-89
956
910
824
-182
33
920
-436
649
-735
-757
655
-795
632
783
-758
718
-988
129
850
56
516
-881
847
293
520
227
-287
931
475
-176
-940
-651
579
445
-797
664
-830
-969
-779
964
-664
826
918
574
177
978
-350
749
-763
-359
400
-225
273
-908
808
352
767
-127
-640
79
-804
-286
-40
-436
934
-715
522
565
-838
-200
-49
470
-82
-854
2
-892
-696
-665
-567
891
600
-188
-898
622
-930
734
726
-499
-857
-884
-344
-18
307
128
137
728
-329
-565
-21
-667
362
282
661
601
-839
-377
614
-575
432
148
74
-11
144
-982
-116
-468
754
270
-235
933
-357
610
411
-245
-241
116
-621
-71
-56
-282
407
354
204
-577
497
218
-526
-882
-367
-484
-520
276
432
258
-106
13
-994
-379
993
-341
820
400
-741
987
761
68
775
-774
-397
49
-276
72
430
524
-761
-969
130
631
4
-683
-793
751
-800
-128
-262
-404
592
-513
281
-150
256
975
-193
-609
576
668
-747
-289
-297
-449
947
-803
-35
-914
-706
-358
887
-700
643
983
305
292
422
953
351
984
608
-542
455
-311
224
476
706
-545
838
272
-883
549
-498
81
-256
-852
-204
-212
851
526
-897
540
-531
-657
669
218
494
-561
973
194
60
-798
-441
981
-239
-73
-861
-92
402
467
32
-327
-156
-871
883
-62
-463
265
-576
-902
-105
-303
-940
-63
850
117
567
760
-684
556
400
216
184
121
431
279
-350
854
34
336
800
-118
601
795
-214
205
-675
479
-606
323
-327
925
-888
319
402
-159
164
-274
-509
402
-126
690
733
364
473
-729
641
-829
-139
804
507
95
594
788
-496
530
503
127
-94
928
178
72
-17
700
-754
-49
821
637
-218
-222
969
688
325
-60
306
692
-703
-7
370
-228
-565
-91
-773
-505
506
-58
-479
-651
-562
929
405
57
441
-180
477
-289
685
780
460
-802
-364
146
960
352
214
95
958
-431
274
564
371
-793
-937
-218
-562
420
-586
-121
-69
-772
811
606
77
-522
0
-102
643
-483
524
33
-426
364
373
-262
15
-77
-607
-597
72
35
909
-499
736
836
35
-698
675
178
-251
842
-828
446
-306
-471
866
-506
-995
-679
987
-343
-88
837
455
-164
-160
-677
-630
-775
-222
-371
-104
-215
-235
-182
465
-598
918
-318
506
784
-193
655
-289
465
29
-952
-66
-585
118
877
997
-137
-966
-993
642
-139
-591
-715
930
95
369
-797
-567
-89
-207
-268
145
-472
917
-936
595
-99
-574
770
-347
-168
-913
-207
52
-869
967
816
-600
928
-458
429
-292
-944
-694
-75
933
-461
-264
-383
-318
280
-94
-102
441
212
247
657
521
110
-669
-609
484
152
-91
-769
140
399
850
929
884
895
134
375
-506
-222
-374
481
-254
-959
-521
811
482
248
415
-976
22
136
-776
163
349
-162
569
-934
-981
-224
-325
-868
949
-493
-997
369
45
-231
368
-807
-484
441
317
-580
-972
505
-192
809
842
858
828
-915
84
-398
893
-522
-527
782
-42
846
519
16
726
-204
480
-464
-994
533
-231
884
488
-854
-722
-211
703
-131
762
-637
-972
760
608
-464
309
-34
928
16
-676
784
563
-515
-758
-840
145
-360
-22
274
49
-586
-736
250
-242
-785
841
21
622
-22
886
604
43
852
-788
-49
-865
-548
607
321
-418
-119
733
16
-380
439
-605
1
-359
66
-980
-337
-102
-502
-37
-910
-635
770
874
-427
-529
-225
261
-782
81
119
668
-963
695
-832
641
-243
-477
700
152
-310
345
-815
-763
-578
-150
609
-507
942
390
638
221
364
-894
402
-544
79
600
848
-844
-911
-828
517
-797
-593
-586
923
-464
-858
-55
757
-676
-841
-83
344
-171
-626
481
391
955
-170
216
52
84
392
-226
91
-338
884
325
701
-188
-200
823
652
577
375
-267
-178
42
490
-72
523
865
-536
340
-391
917
902
535
574
376
-962
-729
346
63
-743
-770
-249
-378
-530
376
951
-216
-90
759
-920
-318
482
-375
522
-368
-925
-236
-478
-664
-37
281
390
-545
953
-200
-495
-108
-917
-509
273
-409
368
-429
-612
206
838
-990
-689
-412
544
220
483
369
516
544
461
692
-950
28
567
-213
-426
-337
-443
-813
-713
-380
-67
949
-684
429
-798
327
-947
-663
941
-623
-784
186
-709
567
738
-971
-401
92
-765
231
348
664
-617
-162
556
-630
746
-919
-520
-582
-786
415
-826
977
734
507
470
729
-499
997
-29
-747
-148
-934
505
-279
423
-183
-258
841
72
-426
872
-981
751
-130
310
-907
-896
831
63
397
-508
87
-797
111
630
412
398
578
725
-634
-938
846
-87
-939
139
-988
-974
-118
357
993
-120
-193
152
723
-832
-616
251
308
-843
-841
288
-334
905
738
34
953
-137
-376
270
222
809
-576
5
751
-484
183
421
-739
-322
-293
-208
-863
-746
691
-43
-471
-457
-265
284
-311
-608
-892
716
61
-812
-747
953
423
-905
68
380
506
-290
652
140
694
162
-834
-922
-269
-954
-460
-330
959
-349
-889
270
-271
518
487
239
111
120
-280
-545
482
-918
758
177
-189
-448
-960
-473
631
155
354
-651
-148
114
519
682
510
647
554
-690
-702
-173
-209
-247
693
662
-501
-216
790
133
46
-366
-121
530
-189
122
711
-258
645
-465
-964
738
-146
-818
-341
949
-767
-297
680
-267
399
-816
36
-384
284
372
681
65
-768
-467
187
-202
-83
-547
-678
688
-556
-892
932
-626
-830
-169
812
-691
174
-394
927
-19
447
-830
-733
-907
-375
-233
-428
-228
-209
-121
687
954
323
-574
297
316
512
-574
-17
886
280
52
331
318
381
562
604
-634
-217
-233
154
610
-48
616
-17
810
975
710
-494
-199
-821
999
-630
409
-842
713
-544
-15
-860
362
487
880
34
472
971
459
138
-922
-92
968
-973
635
357
815
986
-800
-350
991
-622
-617
840
-738
-887
98
991
-618
-100
187
-608
379
179
-772
211
618
-579
-780
-15
-749
531
-883
914
191
107
-824
-732
13
735
-145
-549
484
-702
900
-135
-621
-497
-892
709
130
-462
-235
-510
-459
-386
895
-720
416
996
-492
317
501
-969
931
830
199
720
-839
388
179
607
62
-806
-453
-146
-638
59
982
238
764
-327
712
-102
981
554
617
586
-840
509
900
-592
822
382
-384
718
-40
-464
-796
-9
-57
289
-77
-705
-621
-563
573
-411
-159
-200
-118
44
20
616
-426
-298
-540
-861
-816
-887
-484
958
-958
-805
-515
-364
-628
849
620
-170
-794
586
760
304
-718
13
-345
964
693
772
479
-898
-249
-460
564
973
-803
-45
-711
492
244
-337
-181
245
-775
-786
858
-713
784
-34
508
-411
918
-579
509
764
-280
695
106
687
661
-839
863
-684
-431
-700
77
307
-272
-329
309
239
-546
403
-578
590
268
112
335
-483
-866
-761
999
-290
954
758
-65
-557
284
969
50
-454
-341
-802
-66
-146
821
227
328
796
842
250
-552
-871
-767
50
104
-841
-423
-826
281
774
584
978
224
-548
-681
-677
-606
773
-93
-895
-681
-347
-84
650
-497
-523
131
347
-628
-125
693
895
703
377
-197
50
361
-38
-922
-514
114
-854
-538
304
-448
-829
583
793
-97
788
794
524
-588
304
252
634
-207
315
-393
-265
400
983
170
-974
-650
914
-305
-656
-354
107
-483
676
582
788
-962
-817
851
49
632
642
138
-783
347
-688
751
-659
-890
-629
678
-800
823
58
474
-48
-132
93
303
-66
667
-704
254
-357
-403
-321
756
426
795
957
944
-81
-752
-51
-755
-58
575
545
477
-30
593
314
-177
632
928
946
300
-301
906
108
173
-787
280
-635
-940
-342
-369
-587
-100
-870
809
-253
-196
-514
611
819
-140
-238
644
529
-890
821
-879
-805
628
-712
-845
-251
224
-200
-739
-325
330
-3
788
262
756
-290
-844
-671
475
966
700
-66
-686
-817
-989
8
57
646
-895
-227
345
-343
317
718
397
-465
-605
78
501
-420
37
162
-791
-995
-70
-42
-444
-660
399
-906
-766
597
254
-366
-923
-949
918
759
921
-100
682
110
-879
240
-501
-778
-869
-991
-755
-934
-848
992
-995
180
-210
259
774
723
492
-283
813
612
788
-861
-665
-575
678
-631
22
942
-443
181
-275
870
-571
464
566
-770
-32
603
-426
562
-449
-131
709
-408
979
722
-846
726
-98
154
-268
-724
908
-702
-209
144
-162
-833
52
729
184
639
396
-152
-908
-864
-584
181
619
-531
-499
-838
654
238
-265
-91
418
184
-799
-14
995
-940
170
776
-708
-969
687
-574
830
400
-131
897
573
68
122
785
-312
-49
199
-623
-188
819
-751
569
557
-382
-813
-942
-65
111
-445
-304
-974
-944
-234
-784
864
298
-349
-901
-541
947
915
-740
252
519
-100
-158
-233
951
-374
-890
-692
557
112
-300
94
-7
489
693
304
790
-388
-183
403
-440
-574
719
-224
-660
-88
342
560
-544
801
-143
-802
-214
587
-515
235
-472
638
428
468
903
-753
-91
-946
-67
-224
205
-849
-920
-816
-778
743
214
794
948
83
523
-96
-853
953
142
-484
-908
-767
-473
-264
340
-206
740
548
966
891
819
-807
382
946
290
872
-467
378
928
895
-353
174
453
486
706
-613
-717
550
-885
-976
-278
725
-192
37
98
740
386
898
989
964
-762
-572
702
283
-619
-115
-460
995
297
-125
-318
-199
-484
-896
834
168
-142
780
863
784
-675
85
-93
492
465
-137
-186
-192
786
495
653
921
-756
639
469
-158
-676
984
-324
-511
149
-277
-337
710
-261
-448
221
61
-775
301
-829
-93
-703
626
-610
-520
785
-448
-970
-951
364
498
-473
915
613
-196
380
299
424
-814
414
146
836
26
-105
-390
-81
407
153
-506
-595
912
-696
410
840
507
911
-157
-600
905
-865
-526
-241
-852
313
-864
-413
-236
-691
-934
223
137
798
233
-830
-455
-138
642
-620
-773
-205
-545
-765
80
-428
339
807
-137
-123
356
860
1
497
730
-491
-754
-493
667
81
-419
761
-864
235
877
-723
664
-397
-287
-661
-716
225
201
-122
-682
967
417
860
0
-635
-806
463
999
488
-458
-7
654
997
-304
-427
-675
87
474
727
-748
55
-425
-729
-82
-414
718
67
655
-931
-536
297
104
656
36
108
98
691
-34
652
-341
-10
840
-136
-846
-158
482
-945
-192
869
-337
-365
-493
-663
-180
-997
85
-284
-436
125
192
368
91
-612
-620
864
-163
449
-989
536
-131
42
-892
-846
451
315
960
-669
702
687
819
335
836
342
-248
-346
764
300
-418
-42
-822
-864
745
-186
-871
-473
480
24
-945
-493
-597
-277
931
-75
-780
-571
826
-89
673
-723
852
-586
710
352
-680
-553
36
344
-112
668
888
199
-379
-990
915
-948
-615
-803
-848
-684
-352
158
773
59
-625
-482
-23
284
321
-806
-692
-355
-992
-688
665
720
-315
-109
-85
325
599
-928
192
376
839
749
640
543
614
176
-956
-0
128
-711
981
-276
548
-907
769
254
-170
-492
460
-147
-970
-58
-925
-550
520
618
651
-435
-100
292
-978
-830
255
664
-61
846
839
-310
-316
169
-123
-338
35
-325
-820
708
869
-651
-564
-895
-831
361
999
139
-884
-151
-448
133
-967
322
-133
290
921
830
-609
-463
819
-814
-200
133
614
-444
479
-250
-740
938
-603
579
-873
-363
839
-626
-355
829
-394
639
951
-775
365
-581
-597
683
803
430
-24
863
971
-873
-282
233
-369
-389
660
455
-189
-835
-611
-692
132
442
-915
-371
-147
-917
651
810
375
45
-364
765
-240
45
470
-969
563
759
421
68
728
-701
488
752
-64
-603
-1
686
673
796
172
-747
-880
-917
341
-573
675
-153
139
-731
406
983
-407
704
105
225
969
717
182
-855
-325
-297
55
516
-59
-101
-933
-928
459
422
484
-546
323
655
-603
733
-290
280
-185
-244
-43
-414
-783
-670
327
158
795
-969
321
-327
838
204
-444
179
281
578
-121
-5
40
-498
-823
-883
714
440
-181
-311
181
-149
-999
958
103
-661
-882
-481
398
993
989
-544
-434
442
-104
635
-620
-614
816
-604
462
-497
-635
322
662
-607
896
58
135
298
605
229
-422
-197
121
862
-770
631
-42
439
620
-708
-549
-199
-619
-628
135
-802
-54
499
-504
462
73
-31
-398
172
868
239
-350
806
-640
546
-644
-684
51
577
-546
-181
484
439
35
957
-547
-25
-339
867
265
107
113
312
976
71
633
845
816
-56
951
459
-562
396
667
-233
380
546
-133
361
805
687
-36
260
521
-760
682
-675
-55
498
38
358
424
-615
-468
-722
-760
-415
-294
-704
-345
991
-35
-976
441
-516
909
-601
-132
-947
896
577
-431
508
-20
-244
-381
-745
-254
211
-899
-879
955
846
-401
-391
-168
-658
-312
-677
732
698
-509
-234
-868
-164
-526
280
876
-272
-624
928
983
-392
-105
980
-342
-655
826
-320
-687
166
879
-398
-277
386
685
-46
604
668
211
-603
679
757
-852
-905
-913
105
222
549
-526
-752
953
-232
-940
971
900
-57
185
438
-244
929
-766
-950
-889
839
-138
979
742
353
815
834
-251
647
-58
-178
780
-811
-845
239
-965
-854
-23
-899
-748
448
-929
-983
878
321
-420
294
959
-803
-572
892
-122
-697
-284
-262
201
300
698
-15
-617
-569
-836
942
-321
-953
-788
-487
295
759
781
316
-85
-817
-955
415
521
314
-848
-857
353
119
359
-756
-790
-938
890
-259
-926
-814
613
-806
214
843
376
935
863
-223
-12
582
200
727
479
-121
-766
-639
164
-865
917
144
-762
726
-838
552
634
654
-7
628
-71
595
-36
921
31
-283
-199
-593
211
291
622
253
-330
-794
-992
527
-875
604
709
-815
16
41
-878
-881
658
491
15
888
-3
34
-160
762
-388
-650
-948
-893
620
-884
273
-292
937
564
880
2
-839
-583
-654
-739
416
843
-559
-681
375
-382
-682
579
458
-276
300
925
-370
-490
206
770
323
339
702
766
-938
-77
823
-592
504
323
850
295
109
-949
-367
290
685
-276
-2
816
192
-562
-254
649
-375
562
-925
-150
-994
54
172
-755
-678
597
75
621
-659
-634
-42
-23
-960
-346
-146
-624
949
-206
375
330
697
-86
693
-743
595
-969
-365
406
-281
915
-601
271
570
-375
-143
-703
633
-317
-849
30
790
433
-695
-833
-943
755
-992
-799
208
-564
233
-544
-409
545
-273
-54
631
-220
-678
-303
858
519
789
116
-845
701
-301
-297
810
969
-473
-500
215
431
-477
-219
-848
537
-761
988
-687
37
-991
-698
232
-589
-747
514
513
-559
735
-678
869
-573
222
941
955
249
-368
-451
671
9
-834
-380
-172
-691
-70
491
289
274
978
-124
-897
-583
-25
-217
-779
-466
806
-314
-137
-238
-78
852
-146
-231
-694
-113
433
-209
-82
-506
709
180
-170
495
851
-220
-167
649
-550
141
589
188
302
-833
527
598
-16
105
-624
198
-37
109
842
-869
-639
989
-968
-603
278
-7
-127
-747
88
34
156
892
355
750
-759
294
334
-331
165
925
370
954
-241
993
905
-746
612
-606
-991
-868
680
853
-799
-20
119
-760
581
340
-767
-856
65
437
-592
-996
104
686
-379
-854
-76
-495
-172
-38
-322
281
-415
-466
92
509
299
-620
74
-892
197
-632
-622
-822
-734
604
-942
-850
-23
-542
-219
151
-261
275
-429
-140
-266
605
603
-387
991
98
-229
994
616
-71
-292
59
-346
592
-853
106
857
712
842
-502
443
118
253
628
353
-762
-273
550
507
99
227
-184
-621
-248
348
297
56
-167
880
-235
846
-231
170
91
-276
742
-100
-291
527
184
-643
371
601
-712
686
419
297
5
785
-849
991
269
574
164
804
-329
-534
850
-944
-968
215
-515
391
684
-321
-941
181
755
-475
-209
-619
79
943
-640
-844
-222
349
-276
610
620
550
243
124
839
269
-230
291
-394
-591
826
-995
-199
-137
-788
-139
30
322
-774
-975
749
-14
837
-641
243
969
371
-821
13
-749
58
914
931
-66
-738
670
-990
819
-341
762
-748
358
-401
394
-491
920
-736
-990
-127
-76
-155
-705
-783
-677
-40
414
-875
260
-304
43
-149
-697
-854
-905
800
200
-81
-453
486
341
-273
-315
-232
-777
-581
684
488
320
124
-676
-560
-232
486
-857
519
850
10
-294
444
131
-244
-460
900
74
358
301
331
263
-571
141
376
236
-509
629
601
331
-279
929
924
907
459
-905
95
-960
-993
109
-797
-756
-875
-965
-849
-26
792
-11
-312
-702
479
-913
-128
-945
679
491
-400
-839
-336
456
-805
-17
-791
-665
298
-226
327
-56
-365
928
-408
-576
370
-139
-572
-595
-783
326
992
29
711
-773
746
197
535
-211
-897
-455
-204
974
-542
506
-534
251
-176
169
-239
981
-828
-801
303
658
801
-468
-411
485
-715
631
528
-128
867
-295
-296
-445
454
-839
-611
-662
314
473
-276
-383
654
-945
602
-238
426
-280
161
-198
-676
-429
-886
404
573
-278
-188
544
-380
377
618
-156
-853
-119
-866
334
707
885
206
146
-871
-980
790
-606
718
-505
-304
734
-449
-876
-875
913
678
-529
-440
-664
804
-723
874
764
17
929
634
-535
221
103
-326
-383
-168
242
-940
-272
-255
-690
-28
-722
-780
423
371
-498
370
392
-323
-53
40
-451
906
428
422
643
629
-201
-720
823
583
35
980
1
908
-794
-54
-633
321
474
236
-546
-186
-626
-372
702
-827
-260
-869
110
-20
-726
-502
387
-124
918
682
-929
-564
-479
-709
891
-270
344
117
-917
-63
-916
-706
-92
869
247
179
-124
84
32
784
-330
-779
547
-480
738
-812
812
662
-405
619
788
830
894
-868
-60
555
411
-416
935
-127
496
-679
-809
565
-226
-220
-686
630
20
212
207
-822
-805
281
191
-765
-347
-995
-787
427
-448
-731
-401
68
564
854
751
-741
-619
297
430
497
-859
-638
-757
-363
-65
-693
-160
592
-745
-847
-828
-52
-963
610
116
-523
-304
326
930
-972
-488
-518
-130
76
-261
371
863
241
-477
572
662
-920
-960
-733
288
-590
-74
-776
570
79
127
625
225
-169
69
647
836
51
-166
38
-841
934
-88
471
914
195
352
384
-39
984
-646
840
903
982
27
228
-353
487
225
-452
860
-533
820
-142
822
-319
-109
302
-403
-787
9
-651
530
-155
-97
248
959
522
403
-342
-494
398
-174
321
-689
-360
-827
412
-151
-466
527
-910
-551
-970
801
884
-327
252
334
-782
-385
73
155
-922
-405
610
806
123
658
664
759
107
-182
291
-636
244
568
586
507
-733
249
-901
-569
117
-470
38
-34
-667
-209
438
-384
571
704
-28
18
180
-809
26
458
957
-630
-158
846
-233
-840
957
-58
880
38
30
-374
675
-644
266
550
-383
923
196
70
881
157
838
-71
-682
979
870
275
-241
952
-726
434
-34
2
831
-716
687
255
-89
-245
140
-836
930
909
87
382
67
-275
526
-387
55
126
978
620
-60
-543
794
563
-546
951
37
800
-501
-909
-705
-90
401
-855
950
-150
397
-562
776
-619
950
309
-255
-444
-184
-136
355
-2
-795
-839
-37
107
387
-977
-795
-190
-518
-438
-608
881
-940
-35
-596
-403
599
488
-584
-422
265
-838
699
-510
-528
342
-535
-634
-945
475
410
-285
-473
997
-369
-84
-170
399
-303
438
562
673
-708
-276
680
547
982
-452
-959
568
221
667
574
-613
-679
62
184
-690
394
-249
-70
-868
334
211
-474
-325
-431
438
-410
588
455
683
737
-235
693
909
-985
-520
-450
964
511
971
986
-652
-813
191
-242
-611
952
-814
-682
-113
-205
339
-364
283
-298
522
15
-33
119
-800
803
45
-257
753
639
-960
851
-203
-955
-795
92
-538
-547
640
-500
380
852
-410
340
753
381
-527
365
800
568
-926
616
-120
739
182
200
246
691
-514
172
-715
685
138
325
-722
237
554
816
-369
-786
851
-465
-391
-107
-891
876
-537
553
-963
966
-123
38
-409
-55
-115
329
-180
768
302
-828
-859
-856
-618
424
991
619
-299
848
217
-839
449
2
315
552
-998
867
-141
606
-485
692
-477
296
-322
837
400
-575
548
-831
-52
-537
820
260
480
-72
-953
-795
429
559
587
-994
-776
190
-202
892
-461
-658
185
595
-489
-632
785
-224
222
-317
883
149
584
40
-65
41
-713
512
-322
-564
128
-957
679
479
669
-415
459
-268
608
-181
-240
-903
-626
-555
-876
111
-20
-621
954
305
896
879
-989
-750
-455
974
-858
-352
-997
-785
-380
-581
317
156
302
246
886
-905
-273
-176
291
128
732
338
93
307
-373
929
443
-314
-900
648
-38
-366
265
745
-45
-409
-58
-562
872
-328
-110
639
-696
-354
-218
438
-908
272
699
-81
595
225
-590
-509
9
-59
799
376
-356
147
85
-183
-742
-518
529
537
793
481
902
198
884
382
-661
235
-192
944
-320
-622
638
856
-795
643
-156
-325
819
-321
485
739
-165
868
-708
987
-643
444
454
801
694
191
921
-613
743
-796
342
-79
-861
-218
111
-951
-519
-740
-47
928
689
649
339
704
901
15
388
-104
394
523
-231
-964
573
-77
301
-419
476
-602
-682
-601
-510
-532
-64
-852
-310
-668
554
-292
-41
452
78
686
643
73
-298
-614
-996
-59
134
870
638
-337
876
24
-703
-612
52
688
-290
373
-141
-749
-485
-549
-71
415
662
254
-87
-808
106
276
423
-206
431
-654
567
61
563
24
-733
-47
-544
934
283
774
515
252
367
-3
-38
-722
-412
361
-745
-665
-177
227
366
353
256
-744
529
-413
-455
-47
-426
154
905
-870
605
-482
248
-503
-222
-969
-687
953
-709
-818
-135
-361
987
-103
-735
248
509
122
-143
-76
-538
-196
-462
-146
516
40
182
564
621
-766
-993
696
448
315
148
957
-141
-615
654
128
78
525
626
486
-461
956
-619
-12
-175
-659
-71
-713
825
169
443
-354
169
838
-25
396
-928
644
-709
-967
-983
-912
-298
-268
659
-954
438
679
-244
-107
-193
-107
560
669
-407
-506
966
797
749
-739
-206
862
-706
956
411
571
919
-726
781
-100
-736
-283
-730
671
498
239
-457
53
-346
818
-776
-714
-68
878
892
742
290
-36
105
-203
-470
364
-247
-795
-130
407
-354
954
265
976
163
-491
-743
-177
938
156
174
40
289
-71
152
-677
-951
281
-816
-78
327
-137
448
-623
-47
500
3
699
80
415
600
739
76
471
630
575
-823
380
731
363
134
703
-403
133
-524
-68
-993
-379
532
665
105
473
9
904
209
-222
-130
-185
-32
-721
-219
-33
949
985
967
996
946
-353
-675
-399
-877
931
-899
-245
787
-839
-108
922
-637
-891
-261
-29
-61
867
-695
-972
888
-932
-724
-422
496
221
-486
-14
-754
-783
-497
926
-898
646
-412
518
225
791
-332
-164
-178
-433
232
491
-57
-705
439
464
129
988
432
-193
-661
959
901
821
861
-96
407
-432
215
371
-474
-48
650
-497
895
92
-27
901
-880
8
681
-187
45
257
462
970
-167
891
-759
-604
-431
-914
-452
-386
242
-74
852
716
-585
861
-953
687
554
642
671
-320
646
-912
-402
-431
398
-920
823
-851
-609
808
247
-386
778
468
978
-552
-375
-76
-116
-774
-69
468
682
652
735
557
660
-488
-28
-888
-97
336
610
602
-623
-944
423
936
-435
-749
401
-208
955
-852
5
342
237
927
-442
-277
-906
462
337
-788
340
-998
548
-507
-256
191
803
716
916
592
-524
128
795
465
-990
609
142
775
167
546
-993
-388
-623
542
99
249
356
407
321
989
477
-345
910
662
-755
204
650
249
-697
516
-278
-125
200
138
108
-184
-78
556
-353
418
-484
209
-567
-464
-602
766
450
218
775
-523
836
-820
-940
-255
299
-402
999
622
-774
-536
-66
960
-545
-871
535
-555
454
-990
-103
-41
974
-538
759
893
-246
-613
-83
886
-751
-300
-152
-363
-230
-354
-303
-440
-542
603
491
-186
629
-107
372
340
-750
115
847
862
-535
-115
315
-468
-886
159
272
-172
849
-966
272
-49
299
-277
-346
928
59
424
-950
584
-668
-271
792
545
722
567
-522
-720
485
-671
841
-417
994
979
-86
486
-10
-750
-200
-148
511
-620
36
206
690
56
829
137
668
-121
-384
-213
716
-549
-963
-542
-765
860
206
-26
-649
-133
261
6
90
-387
86
869
268
422
468
410
-830
91
-690
638
905
521
-745
-799
-7
-662
-491
600
5
694
339
-412
728
911
-973
-109
672
748
-862
-956
438
668
-205
40
995
-37
-543
-209
304
689
-373
860
-485
-166
-508
569
-445
-227
210
-213
-706
244
-51
-521
-629
986
65
-399
807
-249
-392
-614
-760
191
813
-880
-7
-121
282
767
908
-266
951
-523
-935
-427
-944
868
235
27
-168
-920
-735
291
-387
-633
-515
269
-268
-577
-270
586
-398
-622
-218
386
-260
-618
-700
-717
967
736
601
-301
854
-777
-235
-394
522
-618
18
-831
664
-979
-359
-156
-47
513
602
222
-44
285
-68
-264
48
-683
-240
50
-963
972
77
-1
373
477
-680
-136
403
356
452
414
855
-272
-963
55
-55
-601
157
609
820
-210
489
-576
119
716
905
776
283
-912
-74
-877
995
966
784
-739
-365
-808
295
99
669
-337
-2
390
-514
884
270
774
-943
474
-19
35
-162
591
-580
575
210
527
378
-851
-572
-538
849
811
405
-224
498
161
807
173
-146
-988
-365
-922
-136
340
-860
-550
543
206
-999
372
393
-214
989
-939
-488
-197
146
-949
244
991
872
518
-960
-363
-858
-161
325
-804
764
802
375
-458
470
-156
48
171
746
335
-117
665
-490
-578
-555
481
-478
-923
987
726
-788
-524
-735
-109
88
-539
-199
-180
-735
504
845
-961
974
-528
266
-419
-842
-596
-343
-762
206
989
-209
447
-633
235
642
-154
-434
929
993
459
-997
-116
465
-476
531
-429
692
-686
-885
507
-822
495
-48
309
477
-581
176
-519
576
-16
-165
-200
-27
-534
512
791
55
-591
-414
849
372
366
-479
-541
-585
867
708
-960
-954
999
-888
152
-780
-751
347
86
734
-620
42
621
-424
-730
908
219
536
680
-712
721
280
38
-777
-699
930
725
186
-952
539
446
-372
-661
-587
685
878
-495
-231
137
-658
-871
509
-265
-648
-9
-251
-987
472
883
-694
-710
327
-82
90
-270
-408
41
-443
-316
523
-982
132
749
-322
-15
-906
-588
634
144
-241
-826
908
-271
526
794
617
-528
450
-58
614
-788
855
-106
750
919
368
-994
-316
-332
557
-244
-256
981
-401
-831
-817
-240
348
-515
-300
442
-531
-650
-406
42
-109
-194
-410
-776
567
-531
578
409
-470
729
710
792
312
793
776
-385
-473
955
-459
398
-42
763
406
251
-449
999
-504
753
-937
-886
733
952
-907
-793
-343
745
-825
-710
33
812
294
993
-307
-966
644
958
-180
935
-170
806
-624
602
412
-385
-979
-279
360
424
-371
912
-947
97
-485
-214
-465
872
-925
-891
-491
-487
825
-96
-391
205
-262
-483
691
688
-965
-183
628
-872
-882
594
-391
196
-200
106
516
706
780
692
122
0
-987
-870
-943
872
-858
-902
900
522
94
-44
939
741
644
895
-517
-557
-134
824
-875
-902
-868
-687
607
573
190
-664
423
-553
-542
-537
47
-565
227
259
790
539
671
-483
141
-332
729
-813
106
-924
-167
709
-260
-749
-367
293
226
872
-412
-880
-115
236
-561
701
121
-669
-438
-855
-4
-538
669
233
-17
-145
165
-686
589
829
676
523
-155
438
922
-645
-954
-1
719
-870
-45
-869
392
-843
182
485
555
360
552
-657
795
752
-189
724
-340
-997
-962
-948
-126
689
-816
-871
886
435
381
616
-746
-630
-121
196
301
199
-413
-323
-291
200
-890
183
-654
-918
-62
267
-902
-96
-252
189
-838
521
240
143
208
695
766
-578
497
-511
-30
-720
676
-660
460
185
-294
-550
-255
-770
-388
-266
-344
-630
341
104
920
8
-992
228
574
-104
-176
755
52
-600
343
-299
-63
-232
-423
-481
-513
643
-862
311
-340
-656
-421
301
290
266
-119
-25
-846
-292
594
316
614
-318
-534
-616
-396
744
-37
-291
-650
-664
826
-656
299
-646
721
705
-274
516
652
35
758
218
-528
826
-770
300
-884
-972
257
428
933
18
-157
-719
668
-562
-238
925
-993
297
-945
-415
-258
-12
-358
845
575
-202
751
246
381
549
-293
738
-225
-754
985
0
-910
462
453
264
876
-465
-92
398
224
-445
421
509
-219
-520
-137
152
-237
-668
275
423
454
-130
-303
372
-179
-398
353
-950
874
481
695
-59
953
-974
715
-83
989
-69
445
821
963
576
-830
-592
700
-716
-764
-679
-559
-649
-755
797
-649
-38
-11
422
-782
-994
876
-668
-717
-676
865
-902
361
699
-987
-214
-714
434
-815
-52
-206
-561
338
-714
-966
240
746
256
-45
-928
156
20
746
-948
14
510
752
358
5
849
463
-507
231
20
-422
-660
-443
449
190
-103
-750
-128
741
-296
-910
-422
586
-934
-44
-797
-256
-45
-193
-241
595
-291
-15
552
-609
-855
346
-893
-558
454
487
68
-413
146
-311
-342
-437
605
405
-560
-358
-887
-396
342
312
-556
400
-246
-90
773
133
-661
101
-726
-127
-226
-406
895
245
-461
-385
-61
-994
-304
-53
-191
-896
460
822
-209
824
-787
900
89
-271
703
-919
-147
-425
703
232
-368
450
830
366
925
178
-477
-99
-224
468
-732
-396
653
34
-355
-306
98
-903
732
24
516
427
633
-911
-601
841
118
-564
763
-184
568
194
-599
-948
71
694
-527
932
999
-722
926
-286
-505
872
801
-90
900
-389
-86
-183
-661
-448
702
54
927
-655
44
249
-144
521
-531
20
248
-282
-450
-195
47
4
375
804
539
507
-104
-836
230
-899
320
544
-32
-254
997
-945
444
498
712
473
465
890
89
-523
-435
433
-45
-324
-508
911
-732
-902
-510
348
55
178
506
-794
-795
-267
91
339
-733
565
594
-99
-685
856
-754
-418
730
-33
-18
-536
-145
-748
-559
-725
751
887
-767
-376
340
0
789
255
719
-812
-468
-255
-504
203
443
709
571
-243
582
495
556
-368
-618
569
-264
779
82
50
-389
-3
886
378
-308
500
946
-165
195
-200
-509
855
-502
561
-20
524
217
-594
-591
265
298
-493
465
99
896
-178
-420
-882
371
211
407
-505
-966
-432
-423
-808
815
318
664
-293
68
317
-209
115
347
-324
414
-731
280
290
-213
-130
-752
661
-218
-329
-130
-479
198
625
-272
-652
-779
-771
251
467
-511
-845
-398
-385
-165
606
-361
-691
31
-809
266
342
-549
808
526
-265
-225
6
321
943
-105
486
-339
-731
494
27
706
861
-187
-55
297
103
136
-498
-500
296
-696
777
-663
758
-752
-621
-859
713
-504
-759
442
676
972
-387
-321
-783
-169
404
420
-694
300
-983
-150
-557
817
-808
532
-893
-363
681
-668
405
-376
23
-325
-321
-385
489
-352
-542
715
485
-539
456
12
-291
306
-870
858
831
-963
865
-808
236
752
-386
833
419
955
-979
-717
351
318
57
-467
-64
40
-131
635
-713
498
560
675
-56
559
-301
-9
651
875
-209
949
-477
907
-542
327
-282
-58
862
-526
68
-658
713
-23
-699
776
-944
-886
67
381
-687
568
591
-516
64
75
-479
-855
105
260
480
-65
-762
198
-96
790
992
-457
-337
-388
720
-238
901
-96
-675
-163
-746
284
883
42
-765
114
543
45
250
-985
602
-522
-21
214
-680
-556
-309
638
674
523
865
-902
-913
-640
85
-134
-553
-247
-979
624
-190
437
373
-395
-756
839
611
381
-393
40
999
-222
535
-479
-930
-878
636
-675
-391
408
44
473
-693
-532
-228
-621
-451
836
-664
-557
-771
-770
-750
-120
219
-346
128
270
378
-964
-80
-890
780
-574
42
742
-918
276
-309
-514
-276
143
-384
283
921
-721
185
236
-338
114
645
-249
369
-584
273
-559
311
659
-468
809
-893
742
-495
748
-493
918
-70
-702
397
-822
737
924
435
-447
229
-645
787
553
71
820
515
55
-609
377
-748
-381
-932
-237
-593
624
941
297
361
67
504
-349
329
606
514
649
-535
452
-687
187
726
455
-785
452
-955
-931
758
832
-684
729
125
166
112
-480
660
-432
-831
-758
-640
114
-433
-759
325
982
381
913
-794
-167
-697
-59
-667
97
379
-466
770
318
978
-747
-21
-17
145
262
361
-199
-429
769
-101
-298
425
-555
-48
-751
-656
-386
-579
432
-686
17
-476
-458
-826
-705
-797
464
471
-770
245
250
371
-931
391
676
-410
-829
-261
-143
-219
70
-555
591
-554
897
587
-405
-487
-910
-403
-660
983
699
-481
387
394
-420
-992
975
-78
401
-372
-976
846
-91
176
415
297
-459
661
-182
-304
5
-318
546
-558
-766
106
494
981
-554
-393
373
437
820
-31
506
-660
335
-197
79
-180
-741
-940
-943
525
-782
-819
-608
-340
59
486
-410
-781
-478
330
-437
755
-501
-767
320
293
211
-258
73
304
673
50
289
180
-162
677
724
482
-831
-669
894
-605
-780
628
-813
338
-75
273
-923
484
-667
389
649
617
473
-335
-954
824
-804
291
-89
160
-73
232
-239
-434
-581
-298
399
-414
259
-591
-690
-651
-219
167
-276
-824
-761
-698
477
-258
660
-993
177
283
-509
-1
641
749
298
-873
-596
628
-459
-61
-811
347
229
235
-453
546
449
-866
903
-656
884
-480
579
-190
786
327
276
-126
-71
615
584
839
-412
-477
-24
-220
-366
390
-512
688
-888
-601
394
-21
-440
-342
-501
763
590
580
77
875
205
-741
-550
17
-797
-955
697
-361
-965
514
-588
-732
869
144
-817
94
637
-741
-617
330
-80
-662
-613
914
-78
-397
-58
196
145
578
65
986
860
-946
-189
-948
-913
46
-986
457
-741
-83
687
432
325
795
387
796
-212
780
18
-670
692
-810
29
-447
825
274
515
-696
421
582
-977
-407
473
-591
268
127
330
-695
-556
482
377
-245
815
84
-137
-396
-397
-657
342
713
214
275
-129
256
-465
770
199
-735
-309
954
-190
913
-857
809
-171
162
-67
282
-760
586
-333
-420
76
-250
-678
183
-258
-807
-371
-315
195
-632
619
162
157
661
809
23
-940
-622
182
-191
606
556
319
224
53
-128
123
108
743
771
203
-437
773
467
-569
-748
-361
-857
528
547
290
-310
671
-46
540
-319
316
-240
168
-397
-717
-968
802
-464
612
616
391
-668
697
181
-883
981
608
641
-632
569
888
-133
364
-725
-960
230
620
-470
-964
555
-503
-48
462
592
-432
148
700
362
-230
-744
782
-247
577
-720
73
-389
-515
-40
-183
-128
-147
-287
-262
967
441
387
-389
-978
-56
860
-29
-57
391
-226
435
-541
982
133
181
89
-515
-550
815
223
282
0
684
-208
-507
353
140
228
74
71
-165
935
340
-937
-718
26
595
-664
-788
59
-658
942
307
976
884
-693
-911
82
818
-407
-531
-240
-516
109
776
-304
581
-936
768
973
312
-702
999
-476
-155
-57
-373
868
554
-546
146
469
-448
-967
-319
221
311
-855
411
832
-271
308
-892
-886
-154
-481
339
27
357
-357
-638
659
206
-965
-902
-536
743
522
-21
786
-545
-827
-570
-25
-552
307
16
-492
538
-192
311
-966
-924
-394
-248
824
-799
383
209
1
846
304
980
-85
-958
-958
709
-27
764
283
305
-511
-111
179
654
434
841
-714
886
691
-780
817
-278
-123
-970
-760
-217
733
-165
1
444
-671
-525
-163
537
-608
-209
-159
-974
586
-392
-925
-617
290
274
305
-430
-708
-66
366
-79
-624
104
831
417
-727
764
123
662
868
-56
-7
-206
-793
291
227
838
714
339
-724
-964
270
808
166
158
-759
913
-52
-538
-744
709
904
-527
841
-516
-976
721
-265
992
353
818
717
583
203
319
-654
-270
575
-881
-17
-685
582
-943
-289
-630
438
-458
-532
628
-866
-34
327
-783
807
374
414
169
-171
547
400
-806
978
-697
10
-950
-329
-749
-994
-263
901
-977
-401
-663
610
88
740
200
-863
-581
279
101
-221
616
-88
720
-221
-657
195
251
-235
-168
-586
45
-322
-322
863
561
626
-3
-113
56
772
-660
-737
124
251
651
-717
-638
-676
992
735
-327
786
132
-53
-585
-605
-144
509
19
265
301
368
725
-603
-639
974
-757
296
-12
-430
-526
-547
730
-642
521
-421
-593
466
-889
387
-113
494
826
111
491
139
-929
-391
-96
761
-645
144
-675
909
-385
-444
362
72
432
730
-77
644
-260
-665
-421
-678
-313
656
-785
-905
566
372
-344
820
-628
404
-123
-63
-788
444
-859
627
297
-514
553
605
-825
-399
774
-299
121
811
-104
-333
306
-454
-252
691
-70
-983
-328
95
270
-676
66
-150
-30
488
-187
380
-951
-363
-620
-456
963
18
84
150
-311
-750
-153
269
-213
-22
931
597
941
141
719
-956
-740
31
439
530
711
480
-884
751
-210
-201
880
79
464
87
-169
922
17
438
-838
558
-953
-765
139
-991
995
-195
-48
-401
847
399
-883
631
627
-60
-390
-367
-9
238
354
202
126
928
25
38
521
241
-464
360
294
909
-39
-732
762
900
-904
817
853
-557
131
-454
737
-761
272
997
-894
-955
535
-333
-362
-117
-40
-648
736
-475
-505
871
330
148
106
-873
403
-285
867
292
-907
495
-48
-193
701
-3
-951
-153
859
587
-150
669
-640
-548
-628
89
-603
-484
433
-140
-698
45
370
634
203
899
-34
610
-579
-535
352
-96
-913
662
-961
185
298
13
-132
250
-574
392
-775
635
513
914
-851
524
-646
-815
-341
972
-934
-660
-337
105
116
-872
203
-598
-734
638
-579
701
-702
-185
-868
-387
495
-220
661
-96
526
-373
179
503
188
498
-656
344
68
458
-39
-91
244
719
-341
-387
487
654
-436
-932
-2
95
982
73
970
340
376
248
447
-230
-486
-361
434
-991
876
847
-706
241
-735
-91
-846
418
-215
-547
985
-451
451
796
-531
108
-415
-638
251
-810
-194
395
685
968
480
-562
-349
-641
530
-685
929
-821
-454
466
-43
-43
-882
-982
-603
819
-170
253
-99
671
683
-396
-854
-662
-381
365
-109
365
550
-262
650
589
814
43
440
248
423
441
-565
938
-583
74
416
387
-788
120
82
315
-256
-515
-73
173
-759
-477
69
-623
71
-49
-137
-453
-790
-420
988
-473
-93
645
-103
718
136
-539
-611
562
211
521
103
-330
-253
470
837
-189
636
-153
357
306
68
-403
359
-66
280
-623
-914
-981
-56
760
-99
529
-137
178
-554
-340
33
6
61
667
11
430
-948
445
-567
-603
-860
753
-166
195
472
-47
-984
-250
-829
-91
263
119
637
-921
826
-222
-712
-35
-962
303
471
292
-108
852
-163
-131
-169
342
-518
-714
-843
-383
-615
-786
-2
-12
792
280
198
191
780
492
924
460
802
-139
-815
201
294
-9
-428
473
678
826
-237
-942
-339
-320
972
57
11
-420
-424
258
-312
-366
992
-17
944
251
860
-551
331
166
708
-430
-125
546
-175
-619
-775
-931
176
142
144
653
-290
-260
780
-277
-3
-208
261
-381
-263
627
337
510
-211
337
-398
65
-899
-662
752
520
-350
939
187
399
24
-192
937
-578
-708
-856
-610
147
247
541
805
811
-494
119
775
835
-249
513
-435
687
-711
-953
817
534
-615
-119
842
928
-385
722
271
-311
289
-59
620
-571
993
-356
978
578
-670
717
332
-553
-398
-229
536
893
-69
902
402
-724
-351
910
675
978
-891
-562
45
-293
-94
168
119
808
718
582
889
-869
91
-625
-972
816
650
439
-549
491
-958
977
-74
-971
201
265
564
-386
-618
126
614
454
376
312
-977
-920
-168
717
388
-738
594
383
-842
-166
132
51
-939
-362
-102
-241
831
718
764
-945
828
445
39
581
301
-694
392
-179
954
648
-568
487
107
-102
698
-727
-435
949
352
708
629
438
500
-706
-863
863
947
535
-261
-278
-389
-837
530
-650
-668
-888
114
-672
-648
773
84
-295
340
790
819
264
-779
32
-888
544
-394
-558
464
178
312
976
-941
484
101
234
695
481
951
784
548
100
817
154
593
-746
-637
358
-345
211
-116
-70
647
638
-65
790
-455
260
252
-906
-451
455
430
370
-655
573
378
287
-547
-976
700
-929
-360
132
660
810
394
-904
-782
951
-208
-912
-871
316
-126
382
-762
686
205
-86
-208
-329
865
130
-859
436
-661
358
901
303
-318
-557
701
-906
-413
476
593
-279
390
-810
194
-21
-299
-740
53
-931
784
507
-436
449
758
-175
731
-513
216
75
274
-618
476
478
457
957
602
-432
878
593
-806
339
-575
-363
880
-907
535
-80
588
-246
-319
-991
20
17
656
239
730
352
-136
-802
-506
523
938
757
-161
-276
911
-458
43
-534
-85
514
-57
-178
286
561
393
538
687
-210
3
-385
-105
901
-671
-848
-562
276
-933
-164
138
-364
162
215
550
-754
615
-171
334
221
-860
-466
783
745
-901
-289
-339
923
908
-54
-267
-363
299
954
958
-991
-596
-945
552
801
600
844
-95
-792
257
-813
-7
-758
-62
293
240
-192
-94
-569
-828
803
164
-72
-767
-615
-416
-253
-605
434
-76
-392
-716
506
74
-160
149
387
962
572
-29
-106
-968
-924
-722
-944
790
-820
-273
-20
-753
954
495
567
-505
187
-31
-35
-356
924
671
-582
557
320
80
530
-873
439
-530
-826
-497
-626
363
231
973
-503
728
-458
-191
-116
470
-808
483
-712
253
401
608
-983
40
-396
74
-10
336
-87
-598
150
-851
-764
205
-700
71
912
480
-355
814
534
650
-42
-365
-865
-685
-737
-973
223
-330
-988
376
784
-852
728
-891
-258
512
232
-134
-545
-113
708
-136
617
-558
-571
-211
-494
-847
786
837
-985
-49
-931
315
-354
-111
868
-697
-769
-443
893
-399
-422
-962
338
956
-853
-244
892
612
-341
-661
-26
694
-670
-487
-144
-655
-486
-478
-121
-203
144
-758
-7
636
-798
-909
360
620
94
-299
-698
157
924
-712
-774
-19
-363
-308
851
71
-945
826
-936
-41
257
269
-294
-492
-117
-263
120
163
763
206
-767
-616
609
370
-240
928
103
-806
-679
-968
-503
689
866
459
323
-597
294
-506
-360
-154
640
802
632
-494
259
108
694
-738
1
895
-215
470
761
-118
854
74
-706
-942
-837
-2
-899
210
-612
858
-203
-994
301
632
441
536
-374
494
839
-123
-225
-476
940
-69
691
221
737
-665
-680
-454
752
121
-953
-911
755
-524
512
456
390
-708
510
680
-145
-638
-347
651
787
929
91
236
-228
179
464
-545
-865
640
-183
623
18
858
-58
168
-985
-937
-291
-275
637
-963
793
-307
-114
34
-621
-330
623
61
402
-230
-679
-816
692
193
-897
-782
17
-702
389
-781
746
706
4
-106
-996
-795
-503
350
-55
228
53
347
99
202
138
555
-798
309
28
-210
-751
-405
-320
-153
-651
384
391
127
485
-35
-664
211
852
265
287
-610
-536
-996
-474
-936
-882
182
-756
-467
638
-568
446
-117
651
883
914
-680
212
-659
-177
-165
-972
-684
-9
321
-710
-654
-20
159
209
313
592
926
669
-843
-237
257
60
290
-797
68
-853
16
-549
-249
-921
234
908
670
450
-128
-226
-249
-31
707
504
-688
-202
-935
583
-862
-452
-722
609
290
609
99
-509
-825
240
721
12
454
-169
669
278
960
981
443
426
-354
-856
-575
-505
258
-989
842
92
-919
390
717
825
-103
-712
-100
-631
-878
-611
-205
-559
-215
146
-254
58
-203
466
172
950
-801
821
152
60
293
189
493
666
0
469
755
-780
679
-583
242
479
-547
649
106
434
-86
601
-723
-991
784
330
340
201
61
-575
669
-698
-708
620
762
565
30
-131
786
829
582
461
622
646
151
338
628
-741
-89
502
119
-403
-938
903
-656
646
244
-865
-825
902
-84
501
-630
401
-307
-922
-27
-928
-211
41
-267
-161
850
-731
-241
4
-226
-391
-99
575
-752
-185
174
-745
-648
-956
-530
-779
496
761
-848
-416
623
-283
655
-481
-708
-188
483
-972
776
750
-750
392
-744
689
270
-371
616
968
512
-679
819
-807
505
137
411
-292
769
113
189
810
259
705
-187
498
474
624
749
947
-914
240
-972
192
217
-607
-811
-570
951
-649
-301
-191
-29
-69
-951
-385
-453
-895
-510
-167
-96
837
-544
329
-388
-635
-478
-817
-345
-638
-256
-514
-353
487
201
-942
-132
557
-892
-525
217
321
-690
-906
-378
-684
-273
-47
-959
194
892
-810
-620
-54
605
-496
91
221
661
168
377
377
402
-980
663
874
-663
-932
-755
-500
917
-887
-870
141
941
274
-514
672
-780
631
-179
-350
894
-477
621
-714
-30
899
415
784
-703
-378
-62
134
702
-637
975
-75
974
-222
-586
-487
-891
-517
-779
366
359
700
794
-615
-656
730
296
-852
62
570
-363
-617
796
912
-787
-410
-374
272
-0
369
-196
-287
608
115
918
-672
95
-888
776
818
-783
-766
-690
678
631
-699
-498
-24
-830
129
176
734
795
866
478
-838
617
-771
-348
351
848
510
-389
804
25
-24
791
-529
-84
-509
785
176
9
-62
-748
688
-816
646
-85
129
441
368
264
-171
-646
264
732
833
740
-450
661
-789
-41
-35
-942
-940
22
-968
-207
-988
-171
636
692
997
717
625
938
-560
-553
-457
-464
231
-59
-125
-338
-823
717
118
632
-546
915
433
-289
537
941
-691
-97
595
-826
126
-538
378
-112
-370
-964
-798
792
789
577
-276
-26
-627
-594
983
295
936
114
-442
-163
674
-432
359
56
-306
-827
503
-254
680
-705
-268
828
-538
223
520
-144
-514
-20
153
-374
414
746
-759
752
848
-159
-161
-24
282
-384
987
701
810
727
502
775
-6
537
-873
909
450
541
407
-16
517
196
633
-358
323
-759
-538
-445
759
662
624
57
-343
742
867
144
-863
593
-941
292
36
441
-937
-471
-221
-32
-760
-975
39
-557
-180
995
745
892
-892
655
587
-207
687
924
-867
-457
-45
82
-503
694
693
727
983
182
-507
-508
286
-970
450
234
-850
297
-125
683
-372
-663
-771
208
-713
334
580
314
-614
-192
-530
-383
119
627
-412
224
40
-202
982
918
-505
620
-798
-303
923
-830
923
834
245
638
124
794
805
-327
-111
-187
-201
-405
93
-765
-556
-822
160
-225
-821
767
-429
813
-910
726
738
341
720
-292
-159
-534
-4
-547
364
921
-988
483
-603
-356
-790
591
-996
468
-383
587
169
257
-478
-689
929
380
-356
-38
-865
-176
-830
-535
-52
-599
-468
-329
308
-515
-447
-332
-872
-997
-633
-539
134
-857
835
495
-100
378
-633
-559
997
-431
335
-172
-532
-787
-557
-367
394
8
969
-172
-949
990
609
875
-328
-403
774
-223
-449
176
-689
401
-120
16
-616
510
-90
852
402
9
738
746
692
-523
331
851
946
455
-14
507
363
-900
-871
-856
185
-356
-982
140
775
-167
-66
-479
271
431
-110
-971
308
279
329
-157
-705
141
-319
362
648
552
900
79
318
512
-800
253
708
992
-372
255
-14
-765
-30
779
-714
745
-715
-490
-686
813
-190
-651
303
-639
-497
105
643
549
-54
703
-365
735
976
-818
931
205
402
-724
-852
85
610
566
-413
-630
-500
-588
-486
298
-900
-829
451
657
243
912
-450
-149
540
-18
-887
-124
-334
605
387
988
-371
-823
556
28
-918
246
-290
-429
167
-487
447
794
676
-307
654
-703
-168
-551
62
875
224
349
-574
48
929
-148
-499
511
-693
590
-169
76
-523
-62
-911
-567
-763
-354
-399
79
-290
-57
-873
-316
-90
-617
-552
-597
-24
662
-300
424
201
-401
533
281
763
965
-611
906
541
961
568
169
-921
233
116
-637
-139
270
575
849
-946
327
-448
258
-757
83
-481
623
140
-976
-865
926
4
-29
804
-271
45
-659
184
-483
489
-972
874
-725
803
623
667
376
802
-955
-636
-61
177
175
639
655
280
-803
574
-521
-230
-749
-397
-273
532
-511
455
202
645
-345
739
117
-628
525
-449
-932
542
281
160
196
783
-564
983
-574
-495
265
-624
957
-303
160
881
136
-126
420
-324
-330
-27
-401
13
-639
951
-447
-287
-180
240
47
785
249
305
-550
637
793
479
-675
-874
-58
-923
-401
614
505
-626
680
88
-674
951
-375
-161
-605
716
189
298
-768
105
785
-454
278
195
-843
-239
380
798
-131
277
-304
-368
287
-741
-888
-928
-269
-316
-167
857
850
-585
287
338
-47
-506
312
196
541
-359
-487
-455
-375
8
338
-257
-963
770
578
-373
-428
-328
754
-45
-166
76
-44
114
358
666
-341
-236
470
-258
-468
25
-511
-989
-581
-912
-143
105
-224
311
46
-631
-604
-43
578
474
-933
647
-908
-413
375
-589
18
-409
618
528
401
404
-83
-432
101
-412
-110
-183
-47
-861
978
644
-849
-942
-478
483
334
-238
-687
431
-929
175
254
59
12
428
722
339
830
742
-456
-189
465
-912
449
645
-538
771
235
798
-102
-590
-650
-100
562
142
420
514
-462
-94
122
-994
264
-805
-947
-99
181
-930
618
368
576
903
-545
-587
-196
975
125
-682
-87
-240
-794
-140
-28
511
-452
-883
-742
-377
-908
-999
350
-774
-295
-568
648
-121
500
770
-683
879
-512
867
-900
-246
-913
-264
-923
-442
847
305
-171
-289
391
-551
-692
913
-544
811
-377
-605
6
258
260
852
-63
-306
639
-905
655
-808
-591
905
-205
-933
478
-226
-408
118
-537
128
831
-187
383
-852
254
90
-85
-333
64
-225
805
82
640
234
-874
-130
-502
879
-115
627
95
-918
713
175
-870
375
-204
-241
10
-373
-542
-646
526
-633
961
714
-979
941
588
-526
-869
134
-711
-269
203
663
-850
-494
-187
-369
-388
-910
-772
116
672
819
247
-966
-33
-385
-933
-686
357
512
-659
398
669
-471
511
-802
581
76
-279
140
981
-901
-925
-51
119
531
-797
531
-589
612
590
-988
740
-704
-811
-684
73
-60
-877
985
-26
-128
-150
995
13
-544
-374
-479
302
-485
-732
258
-460
156
-133
686
9
-336
177
603
290
-146
-384
-482
-513
504
-842
754
137
991
755
-782
-196
628
505
917
-83
-164
-393
-858
-967
207
-180
463
-576
292
484
-800
897
407
12
-550
-91
-915
714
-94
191
842
615
-41
463
874
111
-981
-456
763
416
-268
-84
-344
-12
831
92
-926
-682
-250
-4
798
-151
124
-871
-132
-257
498
287
492
-633
-502
-701
-136
-100
-233
214
220
-162
-677
-288
-24
-561
-591
717
499
758
131
134
-547
357
338
164
-290
-256
-416
129
442
667
243
-468
439
-448
390
542
-816
421
472
-65
968
81
218
176
605
45
-581
-942
443
647
324
474
90
-999
185
28
738
889
-24
-320
-262
-829
-582
919
-866
-211
109
-683
581
465
-98
-272
-306
144
932
311
-181
93
616
141
931
24
37
-943
741
90
605
28
228
-946
989
-706
750
-638
-164
-200
-131
-840
636
844
896
-922
0
117
827
-93
-674
692
-951
495
-110
-267
624
-466
242
343
-596
-344
-567
882
-877
-564
127
-32
938
-250
926
-346
624
516
-475
-709
476
372
867
790
-582
352
-962
140
263
653
260
-796
-164
456
-523
-62
-571
-395
-41
-886
892
-685
974
-459
-920
131
464
-418
-592
-267
-743
467
469
104
399
838
581
-498
-52
-497
422
506
-260
-515
854
-319
-169
-264
-352
852
415
43
-917
257
851
295
735
512
-781
-199
-515
-584
9
674
921
-113
-921
-685
-402
160
-49
-231
608
779
123
-376
-848
674
-161
571
579
123
193
690
-455
553
658
640
-880
360
101
-994
-50
-159
369
998
766
152
633
260
45
296
950
-323
707
185
420
-110
848
34
-351
869
-857
781
215
283
207
965
-868
-339
-971
440
704
566
523
473
-336
695
715
-388
518
543
-954
234
148
454
450
568
796
58
-87
545
-577
321
69
-926
732
665
-330
213
825
-655
-913
781
357
380
-74
-572
869
295
954
231
-44
-76
500
557
-660
953
-435
-986
-278
-293
347
-356
-110
860
226
102
691
996
172
870
-766
-110
262
-699
519
246
-210
788
606
89
443
102
74
-678
-653
-784
76
325
-695
-231
-721
-434
432
307
222
-223
-940
-503
-776
965
82
-905
-996
849
311
258
910
667
914
84
-723
-505
337
-29
-543
-599
-96
136
438
-136
-417
133
-87
373
127
842
469
-865
-60
-624
593
581
79
-486
-702
267
369
799
-553
161
334
-882
407
-962
-345
-71
-809
981
-721
-758
442
-894
129
-971
922
66
-840
60
-399
66
-961
-684
493
-11
836
989
498
-145
-281
-662
601
812
381
392
247
526
-300
332
931
-8
-817
-102
-585
-295
-716
422
-391
462
459
-905
-16
619
-697
814
999
452
-523
483
-153
-976
-441
538
337
308
-206
-558
-701
-595
-481
-731
583
648
-89
216
263
112
646
888
-3
-483
114
489
-572
567
494
-534
-482
536
666
166
-648
985
-634
-982
-774
-903
212
56
477
837
922
752
-906
679
745
-206
-181
393
-769
-508
-545
135
-804
541
167
956
-454
197
702
-637
-779
897
386
479
-370
-402
-751
-377
-82
-541
-1
-691
-911
-168
-469
-764
-0
560
-656
-246
-379
-646
539
38
293
222
-430
751
154
658
429
872
788
520
-824
-823
-768
37
-844
-280
-360
433
768
-483
159
897
267
-74
-554
-853
65
-637
850
492
454
184
979
-956
-505
-373
-284
957
392
960
-330
380
-193
-229
43
90
-550
312
244
332
-412
-118
-327
-249
459
721
-726
537
-470
-315
-191
-716
679
-974
1
-25
363
111
571
114
273
-524
-289
918
179
-978
990
816
74
297
-449
490
818
856
313
124
-158
-937
-710
-912
793
965
-584
157
572
-86
129
-187
-529
689
365
-132
814
-324
-629
-119
478
-909
217
-424
522
516
791
951
98
867
157
339
773
-201
603
176
108
-495
-153
467
-135
30
-38
599
-973
-952
171
455
11
-347
680
-48
-961
465
-815
-845
620
-229
-857
-147
647
314
-447
763
-129
72
-337
949
-368
-117
51
486
191
-683
-895
583
-986
-713
370
-891
-290
-660
-788
279
-728
-691
63
-155
596
655
725
-739
488
144
633
-62
-350
255
36
646
635
-247
-219
953
-945
-660
198
-381
-203
-249
-912
464
-385
-105
254
537
794
-939
540
829
-852
-508
240
89
-119
984
353
-998
-168
-512
560
15
187
-367
-551
-916
-390
158
18
-779
-290
520
212
735
327
-506
-1
945
-179
619
213
-486
-960
939
244
-467
-481
531
-563
-777
217
481
-156
-407
-90
-66
-915
612
-901
558
-621
-736
717
-500
885
-874
913
-322
133
757
-812
-584
-432
-955
-99
-183
242
-526
539
-944
-8
231
878
-46
339
940
332
-879
424
-802
51
-947
256
605
-204
924
73
-189
413
-315
391
-903
835
840
-320
134
979
17
-555
87
876
675
870
605
451
387
232
918
-777
327
104
173
-543
375
517
913
-825
-399
-804
331
-276
-802
-361
928
535
-293
68
-427
361
765
264
-975
618
-137
730
-382
-538
867
609
-743
-402
-785
206
786
-719
797
230
-777
-851
623
734
-293
542
524
660
-296
7
237
-350
133
-576
404
-760
7
447
897
988
806
407
386
-654
833
468
579
-95
-887
348
829
825
-423
820
806
215
43
646
41
463
-314
298
-101
310
64
984
-470
-434
-81
-919
-767
-851
461
-943
150
-729
-42
-62
-772
188
-87
434
-981
-155
475
654
561
-108
355
228
-161
674
337
-51
813
-650
411
161
305
-510
743
-78
-374
-30
237
-939
-569
-954
-54
-720
-596
471
-807
455
302
-948
-834
-702
-212
641
-343
200
547
-875
863
-173
-318
170
-629
-294
942
329
-269
336
819
-283
-559
-779
-693
411
-602
367
581
-102
162
-846
-992
-233
262
95
548
596
-918
-917
734
-168
-265
-961
-425
112
812
-397
837
418
-200
-533
-596
-207
-857
-479
157
-280
887
972
-657
605
-395
626
632
684
-909
-285
-698
-725
-321
500
-555
252
374
460
309
-852
-419
288
226
588
-893
346
719
148
627
-871
780
977
-348
-889
-854
65
-924
-29
382
-639
-843
-867
760
-307
-15
921
-5
654
40
714
-638
872
837
65
-871
-494
-393
981
729
892
-170
-245
-769
881
-795
-408
-79
348
-534
-839
-822
-824
-399
-721
-149
-578
-131
-846
426
-62
27
359
-455
-78
825
-99
-602
-214
432
-483
253
252
-588
989
882
588
225
-719
7
-23
66
831
-750
-23
685
-468
919
27
-875
-873
-419
19
762
677
-240
954
-527
-328
-535
163
209
863
408
339
258
41
-26
674
504
262
756
-51
353
-912
82
-462
763
-123
568
454
-27
-856
-261
546
-233
-213
376
-624
348
-322
668
-74
814
-602
12
-560
-608
-797
298
338
503
225
-521
312
-90
-300
-771
-541
-925
-967
-904
-329
944
-86
-821
-479
-680
907
906
-423
-854
-107
-802
-211
-496
17
411
-617
-176
-302
-183
377
-486
769
503
93
268
688
202
150
-782
-451
569
901
-475
446
-337
874
459
919
188
24
-566
879
-964
818
-252
292
41
-270
-100
-175
-243
612
397
368
-897
394
457
-231
358
224
23
-135
413
-581
-825
-303
861
-122
-151
845
-236
-511
-217
171
-496
-538
-263
935
-431
-893
-976
-29
-816
97
-346
16
885
-332
974
678
898
-341
241
-541
497
633
983
663
-165
766
406
798
14
746
-633
-810
344
748
-131
-962
-724
-454
-609
-858
-230
-991
-111
-632
-272
-817
-155
-493
482
438
531
594
-348
-666
-165
84
-852
-88
569
792
451
-98
-588
811
833
36
-353
675
678
11
-217
-295
-875
385
455
-637
-787
-866
-679
-798
630
932
464
-37
948
-689
-847
586
367
870
501
-82
595
-15
977
-490
-999
942
29
-957
-379
-846
-631
653
756
-526
-383
-249
908
-956
-782
-196
868
-597
-470
578
553
780
-209
-888
-662
-926
-374
-80
791
-519
-835
-707
-205
-305
-210
877
660
-301
-795
186
-307
559
639
-315
675
-708
253
-918
-423
486
458
749
372
339
295
-681
341
987
879
115
-840
769
590
-552
-262
350
753
191
-854
349
112
104
-271
138
746
762
-76
32
-923
735
-974
-610
-538
909
37
-894
641
-307
-91
-120
-699
776
-469
-498
745
282
320
503
-46
602
-23
-937
-496
-281
-42
128
987
-222
-418
201
658
587
-376
188
855
210
640
-599
-743
779
-986
-232
516
-782
-230
450
-467
-219
-832
970
903
622
-679
735
454
912
773
-117
654
928
-236
126
-472
-251
105
344
753
-255
540
558
-856
138
671
-624
-508
563
-635
-151
-34
763
327
852
779
216
450
-370
-950
289
468
-299
-169
424
551
-263
-330
-430
839
442
-94
289
-138
556
872
-61
462
669
575
788
-669
417
430
-362
-185
-887
167
-529
-540
-745
634
-105
-872
79
-219
-278
271
-593
598
-971
463
416
91
-288
734
-748
545
168
-979
-568
-819
-440
246
-143
-692
-981
-29
-490
694
-456
-165
-500
58
-831
619
589
-302
-880
-414
746
-490
-965
476
-992
587
-950
5
166
-470
-806
-100
-880
776
304
784
0
-481
-498
-773
479
643
-464
-231
416
979
494
969
835
-135
287
893
-250
605
683
943
91
-943
-939
-538
-579
-578
-949
-800
-645
-627
910
572
598
-262
611
-443
496
-962
-912
790
369
269
620
807
-60
-901
11
-131
354
891
-951
-20
-73
234
-834
-181
-449
227
223
-38
173
606
-117
-147
483
-789
-725
585
-496
137
547
239
-473
-769
-204
-332
451
-267
-27
391
804
296
47
33
-404
578
840
-652
-987
362
933
-274
-984
304
307
-874
933
345
756
-227
900
-464
327
-758
-891
211
-518
-913
378
-218
-617
148
966
-882
224
587
-268
570
-872
614
-153
-292
14
-230
774
-429
892
-646
776
-285
991
829
627
910
432
-615
-54
-312
-464
461
-990
983
173
445
-510
949
306
464
882
-785
604
603
-660
-727
-458
68
136
387
-384
258
-266
-100
690
-858
644
-239
-748
-906
111
-238
879
-74
-709
676
646
340
493
837
710
-109
43
602
895
904
-198
632
-800
-796
-168
955
-406
-80
440
-436
965
-504
-949
-151
-671
-555
-198
-299
246
-212
568
-581
-815
578
-931
758
-263
256
73
-410
463
-965
505
717
712
-869
97
958
464
-871
-903
-643
-244
-732
-307
413
811
-488
-995
-123
-135
691
796
200
890
8
-53
665
-903
-318
595
684
-461
427
-730
867
-895
801
912
304
777
652
667
-831
418
-132
880
-124
342
150
805
-290
280
744
797
-698
64
756
20
-302
736
-156
-604
661
-183
370
-533
690
104
-357
835
-827
-110
983
522
-274
-425
226
-63
-975
-403
-235
-358
-101
64
-67
865
-502
-181
-811
476
-961
515
-930
-778
-177
954
469
394
478
28
-413
-143
-574
753
-27
822
-482
-879
268
-21
-839
-561
-640
-231
-117
16
858
798
484
169
485
852
-680
84
742
-449
785
594
-318
-249
-86
-318
-777
-80
372
478
-944
176
-766
277
-70
-442
-441
-633
214
900
500
948
-687
243
981
268
-756
902
57
31
-609
-334
213
-163
202
-432
985
332
113
-435
-649
20
-500
279
-805
388
-839
818
42
185
-748
-299
350
758
-911
911
249
669
558
-10
611
130
472
855
-633
464
10
-115
99
-528
770
-274
723
472
891
996
584
-305
-427
276
553
794
207
275
-838
20
-595
980
589
-951
639
687
779
633
-857
971
353
-677
379
571
-108
179
-238
-726
-316
12
-330
532
-748
-667
-778
-719
757
-747
-701
-706
-910
-217
397
679
974
669
96
765
-718
154
-423
683
270
669
749
-132
261
511
-646
723
587
-924
946
231
-473
-217
-259
429
684
-204
-474
-797
-390
97
-203
656
565
825
973
-233
-794
48
55
-286
-928
525
531
841
334
-958
110
-32
-251
892
-619
-375
279
-819
-253
-74
948
935
-625
-400
66
202
-29
556
796
208
-277
-181
-711
892
-457
-497
-270
884
-912
-559
699
211
348
-712
568
912
-209
754
93
-237
317
-308
-223
186
-181
-818
859
-313
-148
-704
-299
-914
61
-780
19
-56
-808
627
909
-518
263
-675
717
682
-719
-934
354
-230
-869
921
-732
576
694
-923
-72
398
-778
-811
-766
713
-584
207
200
-58
-152
-309
-661
-128
-144
663
-844
553
839
822
-209
-795
887
84
-496
509
473
-588
-408
-843
471
-770
-272
-290
39
420
999
-746
-274
327
676
-122
7
988
-778
321
42
916
118
-777
-318
-461
469
-909
389
-865
-776
-567
-49
-904
-739
-780
20
-799
255
-999
477
243
-20
41
92
-179
-245
-5
-5
177
-838
-229
-358
-700
956
538
863
732
638
997
32
-952
274
-276
-570
-376
-467
-618
-986
-790
369
-728
463
820
587
-184
345
-601
-797
250
-388
-127
-936
-681
415
568
-800
-721
-814
717
710
724
-742
-26
-556
-259
607
-799
-484
169
-304
-388
-90
-72
2
305
746
119
-708
-380
-125
912
729
627
896
-465
238
360
-314
585
-925
732
272
864
52
948
-587
262
-276
-882
390
-76
904
-660
573
-238
-488
874
877
-445
-335
-459
958
592
962
758
526
-684
974
-1
-590
398
914
543
11
425
-85
270
-605
981
-688
272
277
-997
653
-151
-589
-26
-822
-351
-261
-532
-12
94
-368
-888
-519
623
-821
753
970
-70
806
-119
18
165
598
979
204
-931
853
982
-684
-226
-930
-980
587
164
851
725
106
502
-293
19
-610
774
-475
-893
-66
-665
-450
-248
-751
431
49
-825
-751
-564
864
894
887
642
129
-873
-654
543
887
142
-908
-594
-433
465
-450
581
317
-140
-848
270
-318
524
-34
-429
562
265
848
-780
630
-171
979
98
-284
-853
373
461
619
-369
404
-928
-74
437
404
-908
-815
818
-536
-443
506
-304
123
-276
102
-397
-795
-824
-870
144
184
660
836
498
98
896
-293
188
-669
159
461
-981
-585
-478
-771
433
-379
-659
-275
-291
-802
-682
-91
863
687
-883
283
109
21
380
914
748
259
-860
-268
964
42
-517
869
893
-108
-408
992
964
162
-807
-159
-722
667
9
-790
358
972
-318
608
749
-692
460
732
-50
121
-322
117
-755
-331
-423
90
305
361
256
187
-38
-220
915
626
-198
175
732
917
-132
956
-73
-689
461
354
372
428
772
-964
-952
5
42
22
-177
966
243
218
-321
-47
310
204
646
148
632
809
-406
-86
-700
576
-752
539
-465
-664
-17
920
-168
-713
-109
936
677
-30
265
-532
-930
-194
3
382
-843
-606
814
-539
3
149
817
-207
536
-930
706
118
-275
23
-398
-98
156
454
582
306
-598
-51
-245
614
199
286
-359
-246
421
264
379
765
-66
210
214
-586
676
-932
247
-407
-91
-705
154
788
-925
746
766
543
84
833
-622
814
-761
-572
294
159
-376
540
520
-457
-733
-101
-420
684
750
-154
640
671
67
114
926
451
490
185
671
-807
-551
-256
904
179
-161
28
5
907
647
786
646
-228
-580
498
409
-360
565
-635
908
829
499
-575
260
929
-207
-481
305
342
-475
490
-850
900
-819
-589
-701
501
979
-409
262
-499
406
26
394
950
913
810
-642
882
598
541
594
556
-822
-166
655
-257
350
126
-4
-317
-516
-384
190
-972
-794
791
907
-667
-664
-165
202
734
57
0
288
330
-149
-666
-37
-479
503
572
618
843
-776
955
134
587
253
605
610
-49
-354
-451
706
575
201
-324
91
-807
-880
550
507
-558
78
653
804
151
769
902
-533
-37
-328
610
-880
-639
883
-127
679
-150
-201
-149
-857
516
-607
454
599
579
-556
-699
-959
-901
879
-233
-66
-20
-891
625
175
79
263
-275
729
-141
-395
427
530
-549
357
673
-869
42
215
-213
160
877
882
637
358
250
-323
-460
-357
968
-143
841
334
-477
255
644
-38
543
25
885
-664
-841
-516
545
-14
-292
-506
873
721
447
-744
97
-965
56
173
78
-780
-529
-572
-873
-292
-95
651
343
23
701
-234
254
143
893
-955
858
-890
-735
165
-752
-774
-608
-520
502
446
-662
706
-231
-931
-517
-448
-974
-466
505
671
-441
-457
575
-705
-520
984
535
803
-891
-594
974
488
733
-10
-939
495
831
134
-281
835
694
-688
-862
347
-930
866
984
-205
-662
-307
601
333
459
-190
658
-894
196
933
-777
164
574
964
737
979
-441
-352
792
-826
505
-344
-393
-220
-524
-0
138
713
546
-622
-551
387
239
738
778
635
-932
-151
-569
267
230
-747
431
433
-490
-965
361
738
445
-336
-393
210
-303
3
-438
318
889
-740
230
2
933
-466
-24
-598
34
-396
-611
-457
-321
491
-83
779
-579
-997
-45
882
23
-976
-905
-869
565
-71
-224
-795
-341
-656
-448
-102
-659
837
-803
-386
-420
225
-992
-969
-64
86
920
538
168
-391
-334
-996
-296
401
905
-629
-853
-3
-5
107
364
62
427
898
-498
-916
134
529
98
234
773
-681
-775
-176
360
554
829
-9
-272
-204
549
307
-33
-818
471
-487
621
-223
-557
880
-34
-642
754
121
-263
-149
798
-199
644
-314
-775
64
-323
-496
390
-798
515
640
-148
648
791
-575
-605
-772
145
-421
592
-20
-476
-148
-244
-994
-91
-381
748
3
530
480
-58
440
-43
827
-50
-903
-363
96
-701
71
-726
385
-185
718
-671
906
-155
-284
912
537
310
193
-195
-337
-380
-394
-564
637
871
-168
257
-624
124
666
-724
351
-348
412
-185
-145
-509
-376
-670
-526
72
-788
472
446
-26
985
669
-489
-232
913
-355
336
-949
642
430
-865
567
184
418
989
96
-547
-15
-486
-994
17
162
567
418
83
-82
702
954
-42
222
817
709
-787
456
324
25
153
-695
652
-633
-665
-388
-366
958
-66
791
-202
303
-577
615
563
242
-180
-788
754
624
-137
139
-58
-615
-630
-712
259
-174
-127
-89
781
758
621
-498
-320
147
-838
-17
-87
725
-39
-902
804
-838
217
-678
-610
-312
687
311
-637
521
-448
-76
-170
605
590
-211
-287
-31
328
-502
-498
-522
-330
897
-643
-499
308
-331
-377
-392
-147
-715
357
-290
-807
625
-311
-196
333
313
-864
124
740
-3
95
-790
352
-28
955
-747
462
772
872
-767
-62
885
-949
-450
-816
511
202
505
-510
-967
-203
-932
-439
144
673
220
-48
-365
-467
-38
-621
547
203
729
-938
-883
412
-864
520
219
-623
632
249
-20
-164
-705
-609
609
657
-582
-388
-794
633
355
-370
50
366
17
-383
-36
96
686
-346
-574
-338
-303
-974
-878
-459
-113
-160
175
-198
846
581
834
976
87
519
29
-170
-936
134
-752
-401
-127
382
144
846
866
576
810
924
-578
911
654
645
225
757
-77
-196
-424
-859
-862
-910
838
-133
-743
-897
502
-633
-241
98
-762
-797
366
-748
275
-710
-18
218
-811
856
410
-227
914
772
-843
974
-430
797
-468
-939
-505
233
-974
731
-507
-691
-45
533
484
-818
-232
285
268
811
-331
184
-105
-712
573
-217
87
702
531
-795
-245
695
-759
491
-766
468
-758
-286
774
-294
-147
780
-476
71
-69
-727
-184
495
754
-675
642
969
148
-615
-607
974
-477
692
-588
-664
334
676
-813
814
-863
-791
-984
609
-17
-760
-837
82
-841
971
890
-143
27
94
696
-464
-397
-416
721
-219
601
66
417
-809
922
744
768
-740
-59
-693
-743
-314
117
227
-107
-928
481
851
-494
861
-144
-933
-492
413
509
-307
967
97
-56
-627
826
-224
-902
-558
-439
-166
24
849
-125
420
-424
591
406
180
717
-626
716
203
982
719
180
-358
-689
-424
-525
-505
-629
-692
-488
-497
-385
-101
679
423
65
435
-732
-153
56
-292
126
-882
-245
-790
152
291
-116
990
-48
160
-908
-62
93
-766
144
-83
855
-378
893
186
-161
-934
-869
-128
-41
-734
236
-295
363
184
-472
-482
-585
780
-86
-875
-795
228
789
-285
996
-133
-167
-267
841
741
70
-345
-141
-486
-795
826
227
-254
-114
200
910
47
-113
959
117
620
980
-548
442
-700
-452
-179
636
49
676
-213
-934
15
-927
-353
-730
-288
642
-184
-575
-673
-115
59
637
-854
709
-251
680
-42
-944
-355
-721
386
832
800
-159
-787
-30
-379
307
-685
-5
-12
-555
996
450
527
347
-240
187
939
-218
-622
573
973
938
-248
-947
332
-667
59
-384
-993
851
263
-626
385
-281
-149
-64
438
133
-650
299
287
-663
-788
-284
131
-367
-526
949
541
975
789
-165
-394
-267
-731
-28
589
69
-795
158
-193
-672
-870
334
557
-455
-349
926
-271
-140
816
724
-916
782
499
637
170
763
987
-804
759
243
584
555
-419
-561
-568
-344
431
-195
770
326
846
333
-890
-82
101
-813
-198
244
-769
-556
-442
174
-730
-507
906
-145
626
289
-320
870
48
-162
-757
-568
-563
-215
-729
583
111
17
-628
121
-993
475
-134
-438
734
781
358
721
179
-630
30
-72
8
-862
-604
-946
-97
614
472
118
-356
-753
953
-987
114
-745
-535
-341
-259
-883
242
-164
603
-275
-534
337
645
604
-268
83
-264
-583
-645
-694
-832
-471
-111
-767
-765
846
-788
-189
978
-31
-88
981
-942
-504
842
548
-832
101
7
-362
-263
-424
743
484
111
-320
334
257
-570
920
664
-791
-841
792
113
325
-362
779
-716
-179
-834
-379
-505
-149
-102
-192
-538
615
227
-932
914
-772
-359
87
-870
-255
-118
-225
975
50
-444
195
577
66
-923
201
-607
466
-877
394
172
-805
988
265
109
-392
262
-239
-102
-348
-7
215
-524
286
587
205
682
753
745
985
37
-759
-316
491
8
-148
-389
-686
-749
371
-5
-799
-291
61
-922
-242
775
963
351
214
645
79
-78
-4
-442
-867
-656
-838
-218
-335
945
-804
930
-163
573
345
-445
957
-893
55
-689
134
-589
644
-871
-4
-908
240
-279
-120
486
-422
241
806
694
822
-136
-433
-929
-588
409
321
-752
156
669
-587
-445
438
-742
-524
-810
-523
-303
-23
386
384
-556
-464
-971
44
952
500
-994
787
-887
876
-658
644
60
545
-984
945
339
-201
734
-7
-878
-436
797
312
-535
-735
-291
859
103
-149
-687
628
-856
393
427
628
-259
881
-640
445
-381
73
264
376
-338
-807
-972
-107
-616
770
-252
-53
463
-272
128
-631
250
-887
-989
-233
-141
408
-179
-294
-368
-544
464
-836
-884
-735
-178
-579
-774
-294
433
-795
-272
393
72
-951
104
-765
445
200
62
-398
5
-20
795
-247
-546
156
599
-973
236
-463
772
-613
-183
251
-452
-838
-627
941
877
3
-583
-297
708
557
-547
990
602
889
-769
734
142
383
-135
543
864
-787
58
686
-706
64
-617
-926
9
-708
-660
352
719
-923
-411
-218
-365
-779
793
-543
62
-457
-365
-602
903
505
-456
-69
-944
381
-810
334
-660
304
580
-305
158
673
850
-249
-937
-20
315
-921
433
966
-958
475
-767
-72
-978
-341
-843
-363
641
150
71
323
-611
-998
-251
-992
-970
-827
-599
436
-332
-418
-495
221
-746
418
-894
557
-690
-902
576
-854
-66
635
-285
594
-552
145
-146
-887
91
-414
-751
843
231
-86
-344
706
325
427
117
932
386
-773
796
129
-670
-225
219
-566
518
609
296
-625
361
584
-427
-851
945
698
637
-685
-74
432
-331
-95
-354
-64
724
623
-95
-915
75
-687
391
-819
916
39
415
988
-821
-299
-845
-177
-758
7
360
727
-41
809
-152
-165
132
-115
-28
349
892
729
-717
-658
-60
-32
940
-856
525
-118
-997
450
841
-733
21
-423
-436
-354
-764
-332
382
244
475
8
822
-30
410
302
397
-177
822
388
-457
763
108
-45
163
517
-95
-991
-651
89
205
17
131
725
-499
564
-209
-530
-479
-511
569
-281
-553
286
-645
-971
119
156
887
907
-700
342
-503
578
152
976
470
-738
-881
932
-751
-80
596
-824
823
869
907
784
788
96
155
13
-682
353
-479
-794
893
-453
-816
324
-714
-514
460
-384
12
892
-553
-145
-9
-504
487
72
229
-221
-859
-36
90
195
200
-151
59
-732
-302
-905
79
-504
-411
-947
158
-38
-66
-591
-329
-411
717
-94
-311
-445
407
628
-111
-53
-413
516
872
-941
-333
799
374
545
125
-571
-170
-401
-71
64
-515
-410
821
-204
-184
-984
733
-885
-345
550
421
259
194
521
-691
-801
-406
838
-841
624
-243
599
-95
435
266
-264
811
983
-184
623
-441
137
-339
-778
722
262
-363
294
698
252
-67
-356
-391
236
-548
-155
636
189
-621
508
-723
13
-983
-249
390
350
-721
-688
102
41
783
-641
841
747
502
-510
-729
368
183
-98
823
-383
-858
9
699
612
951
-606
139
959
960
-923
344
753
261
805
-3
332
963
175
448
-849
-744
-544
-160
229
324
513
796
-900
-822
-845
-246
39
576
576
705
-776
232
37
175
-216
-123
519
700
329
478
-51
-409
990
-657
-361
344
-164
-809
321
172
835
-971
-567
479
-249
-128
737
-392
-874
295
-116
-77
568
-186
223
132
-358
-765
-831
-526
905
381
543
-723
-879
-5
-9
980
-320
-172
229
602
-111
-217
316
-375
750
-216
586
-63
-309
-812
-502
249
312
366
77
481
-39
483
-145
929
-318
-541
789
369
-24
769
-327
700
-791
-532
738
409
-63
133
454
456
264
-29
305
503
284
559
643
602
-678
-7
-500
-195
-364
477
-447
-295
987
764
426
-974
892
-26
-145
-675
-116
593
-803
884
-172
338
-999
330
-309
-630
-66
-150
-842
-198
-806
-515
260
-890
600
-582
488
744
-257
-825
-873
-6
764
-602
-333
946
26
765
-922
-701
135
-647
-908
167
-819
84
152
688
-246
875
442
423
-635
106
-901
-431
-795
715
175
220
-227
390
-394
296
720
925
345
983
593
889
-601
234
-104
451
-184
625
328
-791
-798
-420
611
-385
-749
-289
811
-541
204
-513
-78
-939
340
-674
283
-448
904
-304
-917
-825
-410
-361
645
338
-31
509
519
-723
716
-233
566
785
901
691
483
-836
-334
819
805
-533
-712
297
843
795
122
-912
-61
-863
491
484
-774
571
-223
793
-899
-216
369
-547
-237
477
371
-400
438
-99
170
-607
-608
-757
921
563
877
-136
-644
515
378
945
733
-885
313
-805
-624
-131
296
-768
-791
742
463
971
-266
-693
479
-745
688
88
671
836
-11
880
-209
-228
979
373
202
254
-830
-465
938
226
-545
-980
-912
-512
489
582
392
402
134
-518
-119
156
720
315
184
637
-560
-946
787
396
-555
326
-141
672
-856
963
-315
629
-93
-397
-190
-711
5
-575
820
420
-653
-324
-178
-422
-538
-714
210
-240
-992
-637
25
-285
357
174
-183
-906
-44
336
930
961
200
-26
370
-418
-608
-898
403
-15
748
642
487
-472
130
-810
271
233
798
234
229
235
-59
-823
373
926
732
-404
469
-807
389
-364
740
-132
-560
-411
370
-332
-484
-243
-346
-330
738
3
963
512
780
-365
178
-59
-215
232
-468
366
720
-513
-779
849
-578
429
367
598
-170
-19
-813
438
252
318
587
-377
-646
78
-734
-999
484
910
74
350
176
-944
800
723
757
125
-430
-4
-746
206
362
-497
-986
-49
619
656
-120
490
686
-677
958
141
657
-170
-580
-588
934
-140
196
684
-292
963
644
389
18
-126
-220
-70
-765
633
-968
639
10
526
-672
374
-902
-432
-143
229
887
-842
-679
338
504
141
-897
79
-263
-466
-168
955
529
-969
561
186
-610
-908
-293
-85
-274
-622
710
782
-660
-612
-440
-251
306
346
-123
668
913
-374
-527
-355
389
-324
-32
-424
59
-872
-307
173
697
481
404
-258
-78
875
-444
758
913
285
-892
-989
450
803
-689
-371
-848
-911
354
-922
801
389
-733
-431
-933
-943
-777
777
-849
337
-909
-277
-913
-10
709
-404
435
460
293
518
-959
53
-449
316
-115
-189
714
-781
-7
599
-429
932
-150
88
-636
-22
-771
-36
962
-870
-710
101
-879
108
-730
-955
-415
-727
-632
-361
125
-919
-163
-468
-13
-554
-399
-204
-241
516
371
483
-63
704
-730
-19
-801
-104
-247
-793
616
-687
-354
645
-203
271
-337
-714
22
-152
836
312
-111
-305
-694
-970
797
-677
549
802
187
-31
-533
-630
-516
11
306
341
-93
-775
-448
-801
-755
-100
-152
760
328
568
241
120
-685
813
808
761
504
-392
986
549
671
-749
-904
-866
5
-798
-689
-356
402
718
676
-463
367
-485
400
-446
684
-598
-57
-173
956
661
-241
372
-892
558
-569
101
-229
-994
974
53
988
951
-173
-811
-799
-774
547
-388
-588
-359
-321
798
400
884
-584
736
294
-673
-515
-948
662
707
-221
-0
-746
-319
-172
-322
613
-650
-496
-474
778
-961
336
-960
632
-911
-467
366
271
-633
506
-368
-161
669
109
-152
-346
534
23
385
-514
-212
560
-546
616
-627
-134
-594
-717
-658
-462
67
-276
844
447
-307
878
646
-803
622
724
-246
-596
859
-808
-493
679
432
-513
-608
209
-978
-139
879
169
66
103
753
-857
365
-481
641
122
468
-701
-652
344
350
-254
-482
83
-318
-564
237
387
-440
165
732
506
627
-629
821
-261
513
-105
-292
-895
374
-385
881
567
696
106
-724
981
171
335
-640
-869
465
148
-515
71
-503
-853
-284
762
209
-760
481
989
57
-701
-626
203
897
552
747
-653
135
-690
-631
751
321
126
605
-510
144
712
134
-213
970
-443
-444
-671
-308
350
-814
780
-613
-641
-373
233
-364
-640
-564
-882
675
-604
126
-51
637
374
207
-939
764
743
-733
-7
-625
947
-206
-75
507
-705
-307
-420
863
-748
652
-595
-621
-257
-666
-155
617
832
-636
-408
-939
480
-223
542
-46
860
331
-818
793
-10
-693
-102
971
837
-842
-454
711
-379
187
724
-212
-988
-40
-199
-235
-997
-726
590
386
-9
24
713
-751
374
14
-228
-684
-826
-24
-614
587
539
-416
715
260
-383
-893
-724
-541
286
-550
-485
-84
14
689
71
-945
293
443
867
438
691
699
-327
219
-499
480
59
-648
-376
-406
-317
57
416
971
555
886
-92
-719
529
-737
-411
-365
486
-247
54
-310
709
-685
-572
-114
-770
430
-290
-986
-439
-848
645
-672
930
345
278
-707
-727
817
753
130
932
739
62
-393
153
704
-158
-281
-1
-424
-338
618
-228
-68
719
505
111
-577
-674
28
-564
625
461
-163
588
-93
-71
343
-852
281
962
-927
-735
951
-827
-236
64
819
-823
340
570
-690
201
293
-797
-329
-65
-184
464
-561
819
-388
362
-761
-541
948
590
-458
24
549
30
932
-838
-247
956
947
-957
-11
894
208
-577
-251
147
-664
461
344
796
-938
744
-289
697
-181
-275
677
669
-661
-393
118
622
63
-348
-926
35
-130
753
185
360
-808
-910
-861
-722
178
-435
-8
-783
492
535
627
338
-54
881
-245
957
582
-890
447
966
-431
626
-810
-215
892
424
672
980
-205
318
456
-855
-144
-833
709
-273
552
932
660
-368
249
127
906
-0
673
265
-947
519
865
738
-504
67
-262
-123
850
530
-636
-724
117
-358
748
272
-744
490
496
-536
592
-762
306
-481
-377
607
-21
909
409
-632
-243
556
-48
-950
-626
-601
-794
425
601
-609
269
-696
252
-132
225
-522
21
-808
476
670
-949
25
-635
547
-60
-918
429
-324
220
-695
-574
-618
-648
-369
889
-931
310
-285
-759
885
45
854
419
155
339
141
-68
213
-889
192
973
320
-433
-933
142
716
-326
661
-453
-89
19
762
-693
-155
261
-65
175
-221
-343
153
-677
672
144
-101
-853
93
772
-311
-830
-399
518
677
202
-654
-405
-30
380
438
739
-473
729
-465
422
-318
-947
-48
-534
-510
-977
-633
675
169
-69
-932
-498
-400
-325
-432
-346
352
819
110
-831
793
489
-894
-441
-924
374
-318
615
451
640
39
-985
631
-497
214
418
-840
-434
775
-502
738
-909
-749
-832
168
788
-163
303
-282
240
-832
-505
917
111
519
96
489
-371
-233
143
27
961
56
-337
-121
-188
-939
-330
-336
252
-54
-170
706
134
744
-693
560
-666
-623
659
-284
-401
892
431
524
-789
-384
-474
852
383
-589
-71
83
-469
-92
154
-328
-599
639
802
-418
446
254
245
-232
-54
57
-26
215
-198
-328
684
-611
-230
18
118
-679
-590
188
-391
168
-945
-922
717
-170
-445
323
508
-116
889
-826
-274
-923
-790
405
883
-626
503
855
390
-840
-877
668
-450
-179
623
-699
-510
-114
438
833
797
854
711
872
88
288
-580
-406
445
-722
-590
317
749
104
-303
-861
748
-752
778
-265
-393
535
-214
708
-526
79
-204
-920
-828
-493
313
936
70
576
370
418
-747
441
246
-620
283
-592
95
145
-240
-112
-993
318
-793
-616
88
631
-340
796
-573
-711
-467
-696
-520
543
832
-18
-407
-241
583
-716
243
-859
-771
-874
-776
-905
-592
863
147
-577
765
-805
283
-725
-255
243
493
786
-462
313
-949
187
524
6
456
-3
530
745
207
385
-617
-666
434
79
-465
-488
-315
-308
725
-215
602
106
-731
651
26
-106
-16
458
928
-347
-634
-512
862
493
-191
824
631
631
486
653
318
212
587
784
-559
965
671
-496
-2
177
402
339
636
395
252
339
864
256
573
672
877
-30
467
-786
-220
14
318
655
676
429
155
555
671
176
-557
432
-837
686
-693
-477
789
535
-198
413
-945
507
962
-824
-579
933
-552
-274
181
398
137
-788
-368
-385
-218
144
-993
967
-419
645
-144
-486
-297
791
424
-704
65
840
-520
-703
729
-605
852
382
716
621
311
-262
-219
438
594
557
339
-797
976
301
-701
-779
-478
528
-246
408
-960
165
75
-526
-449
681
482
351
684
515
-910
-642
512
288
-23
-315
70
866
-139
518
476
81
383
-120
-789
-804
634
-145
-320
257
-833
30
-757
-752
-640
189
-174
779
-408
328
-239
953
-282
-724
883
649
-257
971
-927
-615
-698
37
427
-486
-420
737
299
237
141
888
998
-93
-921
974
492
120
98
-118
-678
65
-419
462
844
3
-365
362
-781
-324
871
254
-592
-257
884
-919
332
-365
490
-173
-879
-24
-420
-313
193
-607
-287
132
589
625
118
-740
233
-906
932
-763
608
-409
-878
582
711
840
-404
582
715
-818
104
-987
-663
414
-325
-760
316
314
243
-618
791
304
-783
-892
-446
683
973
240
-916
936
831
-527
569
46
442
-118
-827
-132
13
-461
439
-362
167
400
609
-677
737
644
-398
471
59
778
-69
849
639
894
-806
-842
-914
762
283
-668
996
32
3
586
797
301
-627
301
-812
-696
507
-649
484
297
202
-493
277
-944
380
48
-599
-396
-852
-844
-596
987
430
-877
-399
35
139
504
-405
401
-684
667
-503
862
-113
-723
599
517
51
296
568
757
-563
180
414
458
735
-86
-189
297
-358
717
-435
691
-981
-642
23
961
-364
259
74
-933
842
751
671
-39
421
-691
-694
695
-74
-577
-440
387
-383
-640
-363
971
-945
590
-123
350
89
400
-128
-811
137
3
630
87
37
-174
652
-959
-220
270
882
239
366
-810
-439
49
-713
-507
796
-708
-25
938
-380
-331
150
647
573
-59
878
435
-843
-246
-241
252
-51
927
-548
-458
-467
-881
-742
-706
-767
-255
-987
962
879
-92
314
214
-657
146
-358
-486
-97
-147
-599
155
-970
11
805
-493
-887
-508
281
271
567
848
-726
103
405
663
-807
723
-933
-440
-413
774
870
205
61
-794
-599
906
-329
501
-964
-92
687
-902
902
710
-275
-319
-823
-0
58
-864
-438
686
-133
-502
-57
869
762
717
113
-332
968
589
880
379
-385
947
-14
942
-174
-245
743
-975
-590
170
176
796
-505
-639
-327
-324
261
887
-258
775
979
15
839
228
-387
484
-604
411
-18
847
-420
410
148
-661
-831
-542
161
-885
899
-781
-215
-553
-250
280
366
-318
-4
-172
377
262
-622
-371
-713
-488
721
251
-240
107
121
111
-220
-978
509
80
-687
447
498
798
779
-175
556
-141
-935
639
-341
247
531
-137
79
-630
-911
429
601
-324
513
233
630
-570
-328
-973
-311
582
150
-586
936
-348
-999
-960
356
332
135
-644
-645
34
-776
-346
-932
-986
999
15
-493
-486
493
-444
82
-424
-399
-687
-634
721
81
-202
-347
-799
-112
-633
-882
-802
-917
-930
-728
568
-774
-523
-329
-171
15
127
913
-60
-92
335
-164
-703
737
-80
-339
-944
904
-873
415
995
417
144
400
60
249
-819
885
494
859
439
574
-15
554
-63
933
751
884
-385
803
-129
193
817
-527
53
-237
289
580
994
193
456
-820
-182
-159
-989
717
367
123
692
496
-388
-942
-249
982
8
-654
-6
-728
531
-812
201
695
-143
-753
-468
933
-38
-534
749
-236
-748
926
-68
999
541
177
692
663
-691
-22
369
-368
-182
-47
475
41
-525
-682
-621
898
492
-608
-299
723
39
-854
53
168
-181
-519
-203
584
527
-26
947
-14
703
679
598
345
-852
750
-126
-492
-837
668
923
473
871
302
128
-314
643
186
748
582
435
857
602
573
65
832
-846
-791
509
-241
-114
-172
-901
-702
595
-954
969
296
866
12
814
-272
854
-435
-862
-704
-231
-790
-587
487
481
565
605
23
786
-755
583
-317
-443
504
-428
-338
437
497
324
-559
-777
-609
41
854
-371
131
-989
-96
201
794
161
346
964
-974
531
-798
-361
-43
743
581
-211
773
514
337
-173
401
-615
-636
294
571
-848
486
481
-316
-779
-43
963
-543
-389
896
-363
-601
397
-261
201
869
907
-963
-885
965
-530
7
529
674
783
186
-220
-829
-377
662
276
332
887
-923
927
140
-602
302
403
-754
-547
37
-432
-737
310
-92
-931
-473
423
-294
637
808
-286
75
-439
-228
-474
-458
-836
-67
-299
436
287
752
658
-414
-832
239
-685
160
-495
-815
-358
-875
-173
-45
806
54
-95
-509
-204
752
-497
859
-305
12
760
-122
-157
665
645
154
895
601
718
447
385
14
-543
770
894
354
665
-125
826
504
204
979
-570
442
43
266
793
15
-507
-890
623
759
-72
463
378
-74
978
34
986
-893
69
513
145
-552
18
757
38
-283
753
-361
66
-66
-193
650
-928
912
-55
-564
307
-556
-262
671
182
763
-53
418
912
-220
-936
637
-766
918
328
726
-303
664
-596
-218
642
417
-105
-519
24
-828
962
-881
-719
-901
-633
-34
-262
-854
387
340
-53
-77
944
-232
39
633
878
-729
-665
997
962
939
82
-434
569
-851
883
484
228
-500
-129
-621
-351
957
-685
371
-337
872
807
-593
-785
350
76
201
903
924
-891
-744
247
963
655
-581
348
-765
-464
-531
155
623
67
-888
229
708
709
67
-154
241
-68
154
-980
-571
-630
398
-335
368
549
-77
420
-603
-238
438
404
-905
854
592
-331
-334
969
98
-106
-411
-723
-139
274
625
765
608
95
-346
925
-487
-454
922
-906
432
-840
373
-331
411
-606
-821
452
245
-647
200
233
-885
-861
-815
-181
-836
90
-640
73
731
793
107
-686
145
-647
-961
385
-920
-7
-717
-982
913
115
198
957
925
185
348
737
-908
-190
617
-69
-525
-625
-616
-501
-384
-434
509
215
494
819
976
-39
-644
459
861
-152
-956
-982
737
453
451
-408
983
747
377
-24
826
-590
998
-85
-929
-598
-718
809
-767
282
-854
532
-314
667
550
397
-460
-199
-389
669
-225
-556
552
-752
332
-891
-76
-375
406
-786
-439
-37
-875
-357
873
-934
998
394
560
-871
884
430
889
-56
-552
956
730
890
-581
-221
-978
-257
-350
527
502
506
-864
-51
445
-49
-6
-989
-350
693
831
-90
-773
-138
-350
-737
768
-943
883
-386
-806
-327
496
-900
-548
-481
211
541
-270
-164
49
177
-849
801
819
-61
-326
141
57
20
-338
689
777
589
262
373
359
480
-727
292
-821
875
94
-674
409
-813
-901
352
85
430
47
11
-58
614
-126
-683
-612
151
-278
-914
-225
-138
-582
156
-431
-719
-94
236
927
289
-461
56
586
-484
386
551
830
737
531
-784
-184
-145
-938
783
-584
-974
-101
471
-591
-552
-58
-588
-497
-653
-922
-696
-645
90
-223
-505
2
-557
862
-792
688
430
-152
-635
695
31
430
-781
-568
363
800
-304
699
907
242
367
747
28
168
-550
-9
538
-660
219
246
724
-154
849
594
-767
-511
-470
-637
-159
-866
373
-346
667
-286
-938
820
931
395
179
-241
-529
434
-363
850
228
-287
592
569
-639
-497
740
-593
643
804
682
-121
501
-211
-978
739
-129
-865
660
-684
994
582
-850
-758
-219
668
311
-113
697
-30
-89
-586
148
644
238
165
214
-319
-978
262
-344
99
-423
821
240
148
-972
-899
890
-634
928
-64
250
-910
-166
777
806
-518
440
-702
542
361
-289
988
-508
11
-773
-930
811
603
-365
840
609
458
402
434
715
-811
-408
-887
-773
-705
-973
-921
-829
-114
-609
-422
17
323
-393
-715
-905
-816
-326
934
601
998
-980
63
-148
355
-836
-679
658
624
112
511
-219
-35
-30
349
665
-262
-620
-454
855
230
940
-897
264
354
-214
-746
545
330
-807
263
380
-470
850
472
-86
102
-316
-329
873
-309
-252
-224
-893
-725
587
525
-865
-671
-271
-125
-902
-88
-579
-150
452
244
-220
-854
375
166
271
633
-390
556
152
371
613
624
229
996
586
91
-61
-272
-229
-103
481
-341
393
-884
-930
-951
-68
-439
-701
-683
380
-446
424
-582
508
-505
421
-564
743
711
-409
273
-941
478
-501
635
640
675
504
-69
294
-706
-421
882
-423
895
960
-13
881
248
358
-616
-669
415
-900
889
59
-261
570
350
89
-178
-765
302
-683
381
786
-744
-992
-684
995
438
-873
240
195
437
539
-685
-806
-655
539
-235
-386
-485
-490
-623
-95
893
-818
-764
427
650
-168
-974
-675
521
-19
-244
-88
-488
-250
64
-878
-19
-146
61
337
243
-751
-184
-200
-345
-814
-976
670
-832
929
-322
-558
207
-477
630
-36
-23
-796
917
-617
567
555
-685
-360
-850
767
152
-866
734
-332
-861
-943
859
-796
-87
743
197
-549
876
753
-255
602
-197
471
515
1
-523
-613
387
-511
175
128
552
-256
643
-858
-881
659
633
714
286
-229
-363
544
604
-224
-309
152
86
994
-121
628
17
-433
122
-856
-567
-569
280
681
-520
-367
314
395
632
481
945
108
-101
670
393
-983
963
890
666
831
-533
-720
-71
-951
208
809
-894
-821
-811
571
369
-516
460
-928
-682
-17
-958
-766
-205
-85
502
920
-164
744
-936
-884
-575
341
-512
-865
381
114
973
721
-302
-944
404
-552
309
-249
-669
-606
238
-631
569
-297
83
994
-995
-587
-225
453
100
-902
7
711
-989
-272
-265
-978
-103
-489
-38
-595
902
683
-418
-461
494
631
867
177
-12
-435
-704
-816
392
-699
493
816
-181
-227
987
-821
404
983
499
479
962
140
-680
-179
967
-855
524
208
-522
-8
476
-343
986
-503
-192
996
-249
-525
-797
-353
934
-577
231
-868
-925
-967
706
986
693
529
-824
-744
-366
706
678
280
620
-775
994
309
873
-26
-643
976
-854
-926
383
808
643
-264
927
-638
-753
-751
-761
20
41
-566
-410
373
-399
-0
321
-235
-323
990
748
150
745
602
-666
493
372
96
305
103
-472
-839
264
-462
-279
542
-432
881
-297
-388
809
24
645
20
294
-8
-931
-912
-274
486
178
933
424
139
650
-38
114
697
-886
-62
544
299
-270
374
289
450
-593
77
-549
-92
448
363
544
322
129
-963
159
501
-177
-325
-88
-933
862
404
930
-963
-978
-941
738
-304
-704
-245
233
-644
973
228
449
448
875
75
-348
-537
-717
200
-798
-27
476
717
-370
472
-34
110
-214
-499
-762
247
965
140
-967
195
-548
267
-199
-86
49
617
-610
-271
637
914
48
213
298
401
-45
-30
-170
-322
-337
643
-670
173
340
-809
-918
-81
-589
685
-0
-504
-34
-343
-535
-278
130
962
181
-786
284
-203
671
-873
282
499
996
32
889
-939
-97
-352
-490
381
801
-897
-114
992
-88
-397
128
-5
-603
-211
116
972
719
442
990
-584
342
581
-285
-594
-143
448
944
-451
-194
744
164
-228
41
796
197
527
-566
-348
34
929
-989
-504
-534
-833
618
-743
645
18
-346
-70
900
-435
-58
-22
-429
974
33
56
787
0
-170
-892
-419
854
-430
-660
225
-148
582
81
827
-134
238
780
-783
783
-580
-120
938
-468
602
50
-928
-464
722
-226
-952
761
254
568
-27
694
-731
-311
493
742
-612
276
343
404
-637
966
695
-484
-974
691
756
-312
-552
861
-755
494
-747
260
862
-860
999
-792
-907
-347
682
-234
776
-982
874
78
798
700
-694
340
-681
759
380
78
-533
-872
-464
-709
356
273
886
563
-276
934
929
879
827
643
-894
198
-147
346
528
-556
-99
819
-533
374
999
-483
-935
538
705
322
-255
731
943
-718
837
-60
-808
627
615
206
310
542
-52
359
-966
709
906
327
-869
-24
-25
-348
-317
-879
976
-898
-775
883
224
-289
628
763
142
735
489
423
197
699
-746
150
368
-713
-192
-675
-543
-959
19
58
165
-878
-258
520
-424
673
854
596
223
-718
-258
-183
62
325
217
-596
882
741
127
947
537
425
795
614
-35
785
430
446
815
278
860
-118
700
234
-825
82
153
-106
-881
318
-405
-561
-775
-384
483
974
889
-437
656
121
204
-548
-63
657
-375
-564
782
-672
484
-500
-71
-663
272
605
476
-114
634
742
-316
345
79
-529
34
124
610
190
803
-345
-659
708
-381
872
-836
-64
719
-548
318
-716
983
926
-817
-978
323
-48
977
-173
-930
-373
-13
-270
198
586
-600
572
-495
880
968
933
885
329
441
221
548
-489
736
349
-634
-803
-943
-522
-579
-751
-965
-542
369
66
725
-885
-586
-891
-837
610
881
-411
493
262
40
971
-49
209
736
-284
618
-440
-247
232
-924
261
-607
629
957
525
-905
-356
-362
-429
544
265
235
-71
388
272
-497
470
-205
910
344
-512
636
260
-137
802
756
-548
476
178
-627
881
983
581
156
407
631
101
-492
618
404
367
191
-855
-238
588
-484
342
525
712
119
-533
391
-369
349
216
-112
617
-850
27
-858
-306
789
-515
-924
-700
699
145
220
-325
206
378
-477
-975
-820
768
-970
-373
75
-777
468
-746
-63
609
-110
-909
-179
-987
-283
336
317
-781
-883
-750
395
-662
-709
-734
652
-407
981
-431
956
-521
-733
-694
666
-393
334
564
374
-297
340
855
727
-459
283
574
-660
-830
-305
-147
704
224
35
-472
368
493
154
52
668
646
753
543
-668
-511
-954
-648
551
400
-13
349
347
793
247
-438
-61
-219
-657
933
-839
2
455
803
-227
-946
781
-326
-193
-981
669
-708
504
-250
41
543
627
-378
900
442
-442
720
387
-351
517
725
-103
270
713
826
-55
-692
267
117
-956
-295
-299
-973
-413
323
8
-470
834
424
964
7
971
405
-473
407
434
532
-422
-476
-182
-118
200
7
-384
286
385
-423
-48
-947
704
-304
-761
-576
-694
722
-204
420
485
-143
562
922
-779
-655
-527
-349
661
-369
194
-309
-351
765
-577
-312
964
-636
-588
825
-609
547
-140
-367
254
-928
386
-688
-973
-645
991
-317
-116
186
864
424
549
961
-219
-842
-769
625
-360
-245
472
588
-551
-123
-210
723
-26
-900
-822
616
542
-219
229
-819
863
274
-306
502
-119
-228
640
757
-803
-945
-871
371
-371
77
140
-893
-312
42
734
179
522
-536
63
532
-654
-843
-390
-644
510
66
322
357
-184
957
-295
-124
248
684
305
-529
46
190
-291
903
259
507
985
-568
-967
-440
-717
785
-577
-628
38
-546
-234
-226
-922
-31
802
-115
107
-309
264
-689
666
947
296
-477
85
-771
-464
-197
-478
921
470
-773
-424
4
-184
670
520
445
-898
502
-650
7
-623
-854
136
-735
-515
536
-294
980
-585
680
-972
-273
400
-558
50
-869
-473
127
-850
567
-426
-657
347
-199
992
390
-357
539
-440
-160
366
867
-105
-800
-913
-25
175
-61
24
807
-492
685
214
-959
-25
200
853
-582
766
617
101
20
-678
503
45
423
-212
740
-388
784
-875
508
-404
38
824
-202
-2
258
7
87
423
943
-674
-766
86
827
239
-41
777
166
439
-582
295
826
953
707
-127
717
37
-863
-738
789
-729
973
-614
-811
860
-847
-586
-809
-938
-268
-519
-218
-173
385
475
241
357
-414
706
-377
-322
73
-249
-800
-752
308
758
-532
311
-546
-444
-694
355
-773
685
628
-727
916
-288
-220
489
-368
-407
882
-522
-857
-216
119
12
-985
-748
-706
-18
508
-43
51
962
-483
-672
-440
-145
864
554
-637
-932
264
587
212
-945
617
153
-224
-440
-837
776
-10
279
-987
913
-400
-951
-230
-987
497
515
-976
-134
136
-611
-390
-602
12
978
67
681
-90
836
523
-763
459
838
-650
987
-899
111
689
-394
652
757
-617
539
-423
-27
-902
319
772
-500
482
-561
141
-376
443
587
-495
-814
135
-819
784
-857
-341
-751
-37
889
794
254
-827
117
752
-365
-402
712
-237
800
83
-60
-889
242
-767
446
286
849
34
-384
-24
387
-633
667
335
-245
-180
-547
-821
996
625
855
199
376
23
372
-214
177
-915
-422
16
-21
-677
-618
709
-791
-761
-597
703
-545
-438
478
733
-852
852
251
-294
418
192
-173
3
-940
-315
-428
567
-449
-947
-10
286
33
-841
-360
-260
810
518
-58
652
989
-239
-338
-95
-165
770
-427
-742
548
-449
422
390
162
-919
782
922
892
541
673
-722
382
717
901
975
-746
709
-134
752
-712
573
596
-617
-362
422
-498
577
989
747
106
44
498
-373
-557
-986
-853
-115
-407
289
243
508
208
-678
-84
-144
147
-746
-293
983
949
471
880
-604
671
-761
-309
711
59
771
815
-685
-455
313
-903
-951
969
-359
65
-841
-912
-354
577
-796
-808
-132
187
-938
601
743
-251
-61
174
774
-87
-328
922
926
100
840
-993
884
493
175
-778
-952
965
-954
-138
379
-47
-281
741
-821
633
454
-337
-159
865
926
-253
376
-947
710
-114
367
148
-132
856
-435
319
468
-580
-487
-962
-440
-347
-786
-203
-84
-289
480
-100
30
-621
-149
60
301
598
-438
906
480
-751
-252
-466
-625
-140
-896
421
-900
448
687
-372
-853
128
586
-873
-344
-36
-932
285
-961
-366
-370
-840
533
-377
149
912
423
645
779
428
847
-72
23
-40
-487
-546
-897
-833
26
355
-311
-529
-661
-447
749
-564
-44
-432
-345
403
-583
43
39
-263
-438
945
239
-187
705
-692
214
-755
596
-29
11
479
86
427
-102
895
13
345
20
856
-870
884
861
-694
178
456
-508
-136
-161
-423
-957
859
864
575
88
961
-685
-395
-836
708
165
556
-451
971
607
-579
-417
-887
994
-517
599
393
-28
886
-581
-231
-111
-123
-831
-879
193
-707
249
-596
761
-678
296
700
-563
-894
-182
-243
-617
-560
-165
591
251
25
596
448
-438
-422
-902
764
-710
315
487
889
-629
905
-594
-209
-498
49
207
-804
-977
-733
702
-49
211
8
-275
-507
-51
403
-612
194
199
556
-94
405
292
-654
339
-758
420
-600
-367
-656
871
-768
24
945
559
983
-919
-428
878
557
-138
-767
785
-310
827
-275
378
886
359
626
-37
923
-349
519
-785
-444
-95
187
635
-737
816
864
56
596
-934
-685
536
632
-663
465
-932
725
-177
260
113
-626
-361
123
-241
185
-999
499
-831
773
-634
648
-853
946
989
-195
907
384
-664
-38
-283
785
95
-170
-119
-125
886
672
498
474
-528
-294
-842
-56
-889
-117
670
455
-891
-396
273
116
-999
603
-111
-41
98
-779
13
-151
634
427
-875
774
-860
776
395
645
34
-596
-677
-489
-972
419
-160
591
-543
-803
-254
-184
-747
952
206
-241
197
-89
-826
-1
552
487
343
859
-801
657
-591
874
803
-184
127
-953
614
550
973
590
-27
-590
212
962
815
-773
-461
-448
-177
977
410
980
-325
817
-137
-528
541
-887
271
-118
-469
196
242
899
-628
-723
159
767
585
-134
47
887
-132
-693
-976
193
-407
-727
385
-421
-855
-756
200
-850
-811
-860
-351
-799
226
591
9
999
-526
-418
705
629
337
-926
-613
-675
-464
-636
-339
-651
-632
119
378
410
549
520
-372
518
-239
599
-572
-982
-866
204
-757
-123
449
383
-65
84
-326
572
-457
760
-886
254
689
-847
-910
762
-258
-761
-480
-886
-290
864
-926
-667
-879
-785
-490
928
331
-87
530
260
87
199
-519
-817
-408
778
-823
-423
576
-172
-951
949
580
-523
590
-251
-509
949
-889
-838
-152
-336
-765
-30
319
759
7
552
-449
-51
915
69
105
-453
137
644
611
617
-92
-69
553
34
240
-853
366
82
558
705
522
10
-153
652
-987
844
-620
490
-445
-791
-463
728
548
462
-961
-122
30
494
-139
-4
-120
-557
114
-619
-276
597
-54
-272
487
60
606
636
-668
523
-982
-286
728
195
243
-105
928
611
732
936
970
-373
-884
564
844
711
-967
-633
-193
-241
-347
-660
-402
258
508
-706
-247
-407
441
35
-763
-168
448
130
629
782
-71
604
-714
959
112
-405
97
843
487
-880
978
-686
-849
-420
892
159
644
788
977
285
-118
801
-854
-458
524
-297
386
280
-151
417
254
-359
691
962
600
-462
642
285
-908
542
433
-990
-174
406
-323
722
752
181
933
-464
-94
-955
-542
937
688
-587
671
-293
-200
523
-876
-158
679
424
186
498
519
-721
398
-864
-489
561
732
358
-906
513
479
763
-714
-770
132
532
778
65
-263
615
-436
-617
-383
-806
-209
424
-694
-846
-430
-308
941
567
-446
895
266
166
391
223
-759
768
52
8
-83
-154
-175
780
-655
-835
332
514
297
4
465
167
-961
-249
-831
-112
-816
-132
81
459
-612
-541
-80
-598
-89
419
-534
-834
-226
214
-693
-676
-945
-852
-72
467
309
-332
-417
119
-533
-412
-829
-267
-682
464
-160
236
-300
-484
751
409
313
153
672
236
-163
329
246
-399
430
655
356
47
-331
382
188
846
237
231
625
-171
-819
133
-97
698
-748
-469
-597
-114
752
-715
343
441
265
843
843
31
867
-432
-48
195
-187
606
-532
417
-920
225
397
-196
-43
257
-758
253
-156
-941
-519
-706
-152
195
384
321
-448
-271
-918
-213
211
552
-111
-594
-195
-176
-375
126
-546
564
286
-290
-784
284
382
-368
320
915
430
402
-749
-45
-813
4
844
-994
805
-921
847
-644
55
526
-637
510
-303
45
843
880
-613
-369
804
644
648
-552
-771
-428
-913
-905
748
-969
31
-159
-809
532
628
585
-616
-747
-795
464
-551
96
552
718
120
-56
407
-26
-311
639
163
-77
806
-397
827
871
-106
-195
-672
311
953
-295
638
929
936
242
497
-232
847
608
842
-404
798
311
217
966
693
235
287
282
-84
28
195
236
593
68
-675
88
128
647
-374
219
227
104
-970
-442
-262
988
-730
-203
-773
463
-447
274
-303
272
887
802
650
-981
644
28
-894
-67
-945
652
893
-520
370
-620
420
56
-440
-422
764
64
-179
666
812
-401
355
-181
872
644
199
-269
861
-928
535
744
458
-411
-252
-62
-162
-175
-221
-821
761
-336
434
-932
-282
948
-915
-820
853
362
-660
-171
591
-395
54
-906
-386
127
552
819
-976
-708
164
-616
-112
476
106
-299
-697
-510
615
-270
715
-173
-513
157
111
-733
-746
646
32
334
-473
-837
32
-625
-820
-0
-996
-506
517
352
881
-608
-787
-189
432
-311
-861
-779
199
892
-651
906
769
862
-428
970
299
640
-537
-259
704
579
-70
-810
763
993
-650
-119
-664
409
547
105
-311
-637
926
-522
170
900
813
214
-117
-695
-458
-539
499
-918
-680
-245
120
544
-483
-381
520
246
-343
614
19
580
-828
304
-419
726
598
443
557
-821
406
694
-483
964
-104
-991
-591
304
-394
-99
831
-265
148
-203
-48
98
578
85
436
592
331
367
506
694
280
65
970
596
-392
-175
176
247
417
168
-85
97
-343
-690
-488
101
-177
-583
-497
-969
330
-682
-770
613
965
745
893
-818
-11
-437
-893
619
56
922
85
795
-388
-274
-110
-51
-372
-477
-343
-205
-804
558
-884
471
84
-847
989
938
-824
888
-156
714
-440
146
-839
842
-346
44
283
-523
-613
241
365
331
96
827
863
484
85
439
-334
271
34
-614
-182
-389
-860
749
-162
118
5
-214
-191
-172
-681
904
-596
-751
842
-652
-855
524
-24
-293
-59
148
-62
284
764
-234
-123
-516
666
-703
985
-237
101
260
-740
15
318
-567
229
985
-364
-143
-710
-207
-279
588
970
-456
940
-548
623
183
78
25
-657
356
934
861
863
372
683
758
-786
-428
-635
-110
-891
-903
99
980
-643
-130
-540
221
412
545
-905
-452
221
122
-208
-467
-582
420
651
439
-440
-223
913
-735
-741
772
-287
691
456
-718
750
-763
908
-15
639
-206
-727
412
578
-317
132
967
17
632
175
137
-888
611
-787
-708
-136
-858
-49
856
-121
-947
967
-25
628
-810
-360
-434
-200
-44
-727
118
20
-78
-598
-696
-164
-325
614
467
359
-399
-577
-319
-582
468
-469
-524
562
910
241
-584
-306
-536
611
-516
985
-42
452
691
-77
-695
-98
-739
173
-525
960
-819
-18
-539
-415
-951
674
-314
-707
-216
-516
35
482
627
-776
774
-613
354
653
964
301
-820
-261
-158
491
-456
638
974
618
833
457
-482
553
-405
-82
-627
-637
416
-286
570
301
-490
870
-765
122
-586
-557
-2
256
-670
777
-779
449
-664
-121
570
612
67
580
26
782
282
-32
-450
-43
332
770
938
306
11
-540
554
-993
339
453
-628
-330
279
898
-4
202
-466
799
-247
-711
-236
192
757
-412
-112
-166
157
-355
-564
518
195
608
396
-771
216
254
86
-595
985
644
-930
541
-11
-876
-150
847
-466
-711
214
857
317
235
559
599
190
345
405
-560
-783
-696
830
982
-999
862
-528
-348
-183
953
766
990
-147
-781
222
673
-129
290
266
959
-318
183
-892
748
-115
170
605
542
848
9
664
427
756
-456
342
-992
588
-211
59
908
-13
760
944
75
625
-215
823
786
64
306
-9
-770
-825
430
-646
764
-121
982
-827
-562
846
-446
-771
601
-827
-945
-557
-786
402
-619
-258
59
908
149
-100
243
-840
-968
274
-151
828
-289
-165
-119
-643
615
474
634
68
173
847
-819
-458
-3
708
-537
-252
-625
-254
-984
-187
152
977
-748
-921
566
339
-808
-172
234
318
120
950
-691
-842
-455
-978
-43
-745
2
-714
-139
-954
-554
-462
-711
560
55
929
-67
774
152
-481
-413
-340
-597
-335
-811
35
-472
-506
982
-366
-928
-137
-418
870
368
119
930
548
-569
-615
877
97
852
-884
-373
224
250
650
-977
592
-224
479
-874
-386
263
175
356
194
932
747
-386
959
-37
305
186
-711
312
269
-570
-981
-362
-678
-133
-279
-8
-722
701
30
-347
-752
937
296
6
-788
-573
762
-630
6
-369
-532
-367
-771
-641
159
-842
522
-79
-381
-735
662
292
-948
569
-38
-295
668
529
83
945
511
-505
271
-203
23
-174
-599
-814
-741
-206
25
53
-164
837
-105
489
-626
-1
-284
901
-143
-344
894
642
-597
-766
703
668
-755
-115
992
-829
-655
867
-35
-598
-196
-272
805
-726
-468
730
665
390
608
-632
814
922
292
-761
-909
-857
-6
549
100
-919
-120
-91
-399
557
-339
959
-3
327
-22
974
151
390
-313
322
566
334
-890
-176
-611
-649
628
808
194
-927
-279
500
85
941
533
-515
208
843
-979
-739
105
-893
349
717
-893
111
-897
308
558
84
216
896
-801
-874
110
-723
-354
-653
-374
302
366
145
729
-950
406
-84
635
750
-71
-569
941
101
-964
-54
-477
-959
122
-460
261
843
-445
-345
259
-221
775
864
-786
-716
424
441
831
746
208
-156
320
192
-279
-550
-984
221
913
-828
107
-154
370
-433
348
154
-441
730
367
528
-812
537
-202
260
-548
871
-336
-187
-972
260
856
581
-429
59
-585
-795
-370
546
795
-391
598
351
-639
344
863
284
19
-368
528
-949
367
863
-428
13
919
-920
-19
155
-514
271
-104
-800
-773
-276
948
-415
-321
757
392
677
880
-533
-221
-910
-189
816
89
-769
136
-515
-622
105
-914
396
-337
322
-23
-821
545
331
265
-27
-115
-920
193
-41
-718
-462
64
291
637
323
821
257
-876
-100
88
199
-628
-511
554
341
402
257
-367
221
866
-664
-41
406
-862
-762
338
209
-80
141
-977
611
638
-199
-121
9
-668
-675
947
330
939
815
53
-597
-98
472
-572
807
304
-568
-482
-413
956
564
-873
-417
-987
795
609
878
-834
487
-786
-969
5
-868
-468
990
74
-679
450
-817
-33
182
708
54
763
300
-187
640
512
-384
142
756
-281
-221
236
-873
2
-615
468
604
562
-133
230
998
634
74
-109
49
970
826
-660
179
458
-724
-168
863
289
-184
-122
614
-917
-236
-871
-769
908
-751
-646
583
-428
-735
-340
-31
-947
-501
-750
-177
-155
46
-51
-571
410
881
-956
865
-124
685
-903
-446
284
-271
-414
-406
213
948
-268
929
194
439
978
-240
961
-920
994
-66
18
-16
785
706
228
-967
-879
-527
-410
-928
-975
-492
-446
152
834
-422
907
-989
213
-395
54
290
963
-711
488
-762
160
-752
-722
-750
-827
761
-962
779
-798
969
889
-138
77
-577
-488
381
298
-958
743
578
232
-657
-442
-723
963
92
952
56
431
298
326
272
518
997
643
-535
-267
775
-982
-949
-542
150
-976
-579
-192
-679
910
847
535
745
420
758
-825
748
-383
-753
-442
-772
-813
178
-582
-228
809
-624
-272
227
1
-83
-871
986
880
532
346
-93
361
518
128
-787
526
338
-484
-842
-903
-16
-108
-732
798
-14
-922
-657
730
-578
625
-853
832
301
-109
857
420
-490
933
220
839
-228
694
-748
-412
-988
-395
541
-32
247
338
-857
683
-991
-922
347
151
-227
-461
-622
-654
616
-803
-629
-352
-681
333
-154
-886
-984
61
274
260
410
828
299
347
-884
777
690
-741
172
-911
-795
-824
662
-464
-450
789
149
-596
-452
-68
-798
-201
-975
212
-73
826
625
353
-239
-927
245
-605
37
195
497
529
-109
136
-377
-936
824
375
-468
-88
-249
-101
83
-241
260
-314
52
757
926
598
594
-457
-0
219
-913
-528
26
9
-39
581
39
-762
91
-605
-765
-672
442
-129
-962
615
-359
-391
-476
846
-355
-168
-27
189
-153
-487
703
-981
-288
292
162
831
755
610
678
-452
588
779
-606
-437
-116
30
-83
316
826
326
221
-214
-435
264
633
-499
40
-892
-600
-758
-605
887
-503
763
-516
22
-951
-770
-412
853
-103
970
-983
494
-543
651
-392
188
-94
577
394
-52
-187
436
856
349
346
159
886
617
257
282
511
248
-422
-919
-128
866
-145
619
296
-665
991
323
-829
11
-913
439
763
381
-569
58
-624
717
-579
-123
-656
869
-317
525
-485
-937
181
-174
-769
-835
207
388
170
-953
-794
-976
569
-99
-389
-738
-865
-976
-404
695
-409
216
-776
-152
-414
-47
886
-12
-220
46
791
540
-812
-407
-19
94
633
749
618
707
-711
-946
-481
757
773
-14
292
-925
423
24
434
-574
-780
-532
578
-136
-697
239
744
-583
-503
433
-856
-603
42
-777
-746
248
-28
982
-372
-599
552
952
-538
-165
486
-893
309
-326
125
180
807
-454
-562
-497
-906
-708
639
106
-549
924
-222
-81
666
-234
215
-367
548
914
610
396
-860
-327
118
-30
-409
-54
475
-218
247
933
571
188
-826
581
-514
-304
-787
578
-121
924
266
865
817
884
-887
-230
-822
-578
521
788
-490
466
-428
886
-5
431
492
-717
731
78
123
-429
-79
297
872
-340
529
-343
-203
-858
391
183
289
544
854
991
-283
626
132
315
-360
-718
166
551
-642
929
403
-916
718
713
435
-902
181
785
804
670
-108
110
-506
996
-776
-182
-743
872
263
-385
-346
-121
-168
-193
7
-192
-307
94
317
962
369
272
946
-925
787
909
950
661
-289
794
-421
-467
-641
542
5
-755
-352
190
-877
-508
777
-797
-152
197
16
441
-682
-518
-822
986
-268
905
121
-270
562
366
900
-419
326
-197
-312
-132
547
670
414
-901
101
-358
-254
-925
-112
860
808
769
-601
-181
957
-260
-668
577
-290
-821
285
318
161
-59
240
637
-904
-886
-725
-770
86
538
-664
-893
-594
-50
247
-122
-316
681
-453
956
-77
566
263
-836
719
807
-841
42
-768
666
-165
775
322
-38
-478
-837
-189
61
92
-505
623
-900
-718
252
-739
205
411
385
-788
-565
-122
526
157
-468
837
-766
342
-629
312
250
505
-307
-787
-354
-820
-194
673
606
659
-784
-103
309
-920
210
-172
988
-268
-298
-693
983
923
-808
-897
-130
-192
-405
-169
-445
357
-27
469
-911
-15
-145
-213
-574
-306
84
-148
113
481
339
937
-93
-793
527
487
351
999
-563
626
-700
871
-488
-703
63
176
187
-540
111
-752
947
781
-447
795
345
500
-706
534
-743
-852
-421
561
845
593
-138
-946
-290
-736
-860
451
-657
954
-27
-613
725
-928
-197
460
295
-350
103
-871
-728
-186
843
-497
293
567
292
442
-350
869
-213
-590
-86
942
941
-287
125
610
464
172
-912
430
-624
926
595
-873
476
669
108
105
-481
719
-866
927
142
440
-543
962
-94
-493
684
-202
182
76
539
340
573
979
93
-122
-711
993
136
-774
197
-625
986
-746
-403
459
355
314
-563
73
-905
-244
-462
-222
-545
-181
968
-976
690
475
897
-739
438
533
699
-10
506
572
-843
-918
-495
483
-610
-770
534
-745
884
387
890
676
231
-898
-644
705
-969
-229
-428
632
172
43
-352
841
-977
911
-853
160
-978
174
233
111
208
371
-52
378
-110
986
914
-51
760
110
-254
402
385
-856
-809
-172
-11
-357
-252
-344
509
825
-862
-666
542
-939
-102
734
-919
105
261
449
878
-39
541
492
66
-177
-897
-902
675
293
-183
-265
969
534
705
854
789
713
629
-437
-227
-975
-162
-620
-70
616
-940
412
-308
-491
282
-948
591
459
571
-619
-863
-274
-175
-864
-160
203
65
-10
267
739
199
-325
701
-714
33
70
-279
-274
-944
-404
970
-205
-575
-410
422
744
189
116
910
515
-868
-543
-987
-306
308
387
-669
-667
-865
-439
-578
-612
309
363
263
-866
168
-630
-579
-438
-998
-167
-771
265
-263
-275
944
-665
-968
-176
259
66
-803
-935
337
271
-199
355
624
958
-381
784
-473
282
478
-376
-852
869
-842
38
-529
-867
99
403
-547
314
947
957
901
-565
697
821
87
556
198
-461
-256
-808
-255
783
926
434
253
646
630
885
-505
-580
100
-522
-83
378
664
-400
-750
-73
-337
-902
898
-744
759
559
392
-857
-628
143
715
755
412
-651
43
-191
584
675
-641
-715
753
-17
-118
343
-957
-162
712
-405
777
-286
485
-904
922
-609
351
-316
-303
-954
911
-520
-136
893
-952
972
59
253
-440
-670
89
278
308
-896
631
737
500
762
-644
-484
-306
-29
-419
966
-792
-221
620
-321
-445
-891
-772
322
591
-909
-93
536
-202
-469
200
-832
775
873
-905
675
115
-131
-900
161
891
430
816
-735
884
344
343
-428
583
866
847
543
165
-850
-481
260
434
356
9
325
648
329
551
-814
-58
326
-927
219
897
509
-433
750
-811
-174
901
65
873
245
503
262
444
-818
459
-167
-460
-86
-149
-817
646
485
-194
801
297
-196
809
-714
48
977
-923
-215
-525
980
-489
-988
-492
-386
-376
-459
-937
-827
-114
353
426
21
179
-436
-889
-732
-918
865
897
802
-791
652
-916
828
724
545
215
-204
-155
452
-762
-775
608
147
-245
-483
-562
-117
318
-214
830
546
-678
793
-743
-583
-133
-890
351
-950
-987
337
921
-732
104
-283
-410
-332
579
-626
-74
180
-272
300
108
924
-37
348
-419
550
-731
162
14
-934
-676
621
474
310
-224
721
565
-483
258
913
616
905
649
-193
266
-609
688
44
736
-260
669
996
-627
541
-14
267
269
683
-944
-934
356
504
-126
910
607
174
-503
215
705
-720
-562
-54
512
-102
-318
-371
931
-70
-129
623
-502
-365
-671
488
-40
-448
547
137
944
221
979
288
820
-24
-690
-38
797
-549
39
-549
-597
-385
-204
261
-818
762
-778
412
760
-252
437
994
397
55
-933
-867
306
379
479
10
-826
446
-526
908
-0
88
-803
23
330
637
388
-145
461
-557
869
-237
-396
5
246
561
-73
683
-436
-429
-490
-381
-274
-924
-755
27
-105
673
300
-423
-943
-145
-338
597
-239
-244
796
-959
503
-510
-69
-884
154
-27
-587
704
139
-898
-382
-955
873
-703
824
444
250
939
843
-198
-84
-155
381
905
709
-350
3
-65
-209
250
-486
65
-0
113
531
193
-889
-990
208
-143
403
-713
-502
634
602
449
-930
178
871
774
954
-370
-667
466
-608
850
806
-417
398
724
640
441
40
501
614
-665
-946
-765
-396
545
897
-15
663
716
539
413
-966
-750
-178
269
878
-714
322
789
-766
-74
82
-719
-225
-510
-228
944
-483
553
297
-806
-462
351
351
855
180
-133
371
712
-640
713
-498
-415
704
-643
496
529
-322
94
-726
-495
-879
520
185
846
-807
694
-570
-287
-430
980
-83
236
-95
135
632
431
315
113
888
326
-224
352
482
-772
921
543
-967
466
814
587
-936
310
673
-752
88
-960
451
458
-952
550
-335
935
576
716
355
-190
25
894
628
-964
-78
-28
238
-167
421
-120
-162
-411
-457
-481
135
807
524
563
348
-221
-805
-660
440
-937
248
-617
113
500
212
86
-5
211
947
-386
-655
-426
208
-207
-617
509
-202
-627
-859
-942
813
770
626
404
461
221
-397
-280
-85
-606
631
-919
-947
-206
-377
-582
529
714
-390
-729
909
319
-949
968
-438
-792
395
960
609
-852
-666
-882
-491
-704
714
-85
-88
-634
-708
128
-529
920
632
618
398
284
-609
-613
762
-686
-102
452
879
-932
-393
86
980
-199
591
-910
-992
406
361
-406
-336
952
567
-685
-195
-386
677
215
183
-326
-935
-115
-783
882
893
971
85
373
33
-99
28
-521
-662
-67
-502
-323
-982
69
-665
261
-944
140
-509
-33
924
474
323
-361
-83
535
-527
-727
1
-979
-452
225
-177
-777
-583
580
-295
-163
-402
-956
-657
775
701
398
3
-721
-969
-203
-16
185
-790
-458
-173
56
-849
413
-207
43
395
316
-170
-205
336
-639
388
303
942
969
-86
-395
-742
-146
-701
210
-335
-495
-564
998
461
-604
813
-381
-372
575
-727
745
-131
419
434
-281
-508
-627
182
-324
614
493
539
-240
928
-721
-138
-125
62
-805
-878
-618
-568
-810
575
-393
118
-673
-817
920
-729
402
-163
-840
-128
-74
-84
744
642
-754
-392
110
91
519
-697
654
-136
-349
-640
-525
-539
126
-348
980
128
911
234
382
-158
586
-44
338
1
-831
229
-761
-661
-743
-813
352
810
-813
-989
-74
-800
59
-252
-728
84
-246
-268
-433
-950
-291
252
-56
962
811
768
-803
545
116
-611
-403
-756
713
713
-306
28
-427
944
47
-705
-210
-743
98
228
789
411
888
-898
543
100
626
-150
113
-889
705
-18
-123
281
105
788
-702
791
70
543
-4
-167
476
-36
-116
-749
575
-736
-232
272
-232
936
963
-876
120
350
767
-106
187
185
-419
-476
54
45
-934
-328
-377
-452
695
725
-452
-291
-945
-815
540
139
288
-306
179
685
-668
-984
-982
-89
-469
493
242
-845
-535
23
-13
739
129
-348
101
126
399
519
252
-412
775
-347
-42
556
-204
-357
741
-223
494
883
-957
-718
-472
-442
-550
150
-112
-695
-41
436
-183
167
-241
499
-666
36
392
-684
-695
-293
-333
924
-292
951
575
-930
-532
36
193
-214
-918
835
356
-878
997
1
966
-775
249
-943
466
-583
28
-477
507
432
-941
-439
-138
-52
-193
818
331
-122
25
-405
995
546
312
596
-714
596
-648
-656
-56
979
115
-113
-95
-379
356
-668
476
79
-238
-959
409
-664
-294
548
733
-304
-29
-647
356
-949
-514
-769
183
131
228
430
-350
47
766
-347
827
700
-421
-332
77
195
602
-934
-516
-263
-507
86
-139
854
-433
758
205
820
-510
109
-138
-531
324
-230
882
289
539
-951
-861
-937
710
-258
-857
-599
-583
307
716
165
7
-232
242
334
250
-164
794
758
-148
-477
-447
-725
136
103
926
-244
-16
-878
702
744
850
416
-362
854
542
868
-759
-371
-330
-99
-95
-542
523
426
-986
178
-782
-185
120
7
-74
-356
-173
-80
554
113
226
-465
428
328
413
-603
-805
692
-532
644
-278
144
81
-660
-460
989
-780
-140
-49
-975
679
361
-71
113
-456
-265
-111
891
338
827
324
-188
-974
-665
149
837
923
-16
-604
653
240
-148
680
895
942
520
-243
-74
-390
593
437
72
981
-59
-570
999
631
-865
538
34
187
-802
616
-351
-320
249
-375
822
-762
294
945
199
-792
-241
529
-866
-182
-850
-897
804
-498
679
727
581
382
-526
-873
-256
-493
-700
477
-794
-587
-810
-550
-406
-372
-921
938
941
434
-351
-248
326
809
-468
-297
650
-259
73
-426
857
-268
251
-337
878
716
431
542
-58
488
-342
-790
374
804
563
631
381
903
458
529
-715
-919
-209
608
516
-147
-586
-202
42
-112
-589
378
996
955
225
-143
81
791
227
262
848
954
-50
-99
515
50
307
-427
413
758
-570
283
316
645
-826
639
-21
-461
455
869
124
-427
700
-87
292
-104
98
-865
-461
662
474
667
-599
272
393
377
-412
-300
714
-226
-584
868
69
-449
299
522
117
-622
-670
-123
387
932
8
264
620
728
524
-239
-385
827
504
810
891
690
30
976
-665
-921
-493
-747
-731
-21
-775
552
302
-196
-81
-132
791
886
987
591
123
29
-401
-81
955
739
716
242
671
-528
797
77
-482
-763
179
-825
571
271
982
105
-159
-19
-488
245
52
615
-434
-790
-361
-90
612
-546
474
-507
-226
746
-161
-261
-731
-160
632
-985
-172
-688
-33
777
-750
-180
-845
-34
4
457
-602
166
928
-117
805
980
230
215
502
-260
21
830
-831
-290
-348
-352
521
637
-548
10
-209
388
714
54
-948
-822
458
540
-220
125
633
-223
700
955
967
-658
-660
-319
-650
-944
391
-624
-122
138
346
-262
445
-485
-698
97
-758
-193
802
498
589
107
912
829
247
728
-287
276
180
581
-553
896
139
435
954
450
727
-876
640
-377
-730
-832
-799
-102
221
-859
66
-438
-197
-499
158
-48
-858
-228
334
-89
710
434
733
-842
571
80
808
547
-96
-862
-347
844
-538
759
-30
-289
121
603
611
-160
-498
525
-816
16
471
-223
140
-80
-493
-904
688
-616
621
368
368
119
-825
877
69
-258
124
62
-901
295
334
270
449
-535
810
654
-784
749
-770
-603
-223
83
-694
-964
-640
342
-515
700
-203
-738
139
543
-518
237
270
832
405
-193
414
-47
-473
733
-706
656
-669
274
138
-788
-462
-650
-569
931
-398
778
986
-219
-919
799
-737
-239
-201
920
-684
348
-438
-583
-481
686
991
396
-641
-788
271
-891
-746
767
-996
-286
452
-179
985
601
-981
-698
103
301
-61
10
380
692
-735
73
203
116
-346
-897
762
-150
138
67
646
691
-161
743
658
-19
-952
829
-155
-163
945
186
-263
-154
889
348
-293
-595
444
347
478
-847
810
-938
-327
820
865
-684
-46
883
-764
823
-622
512
-460
520
-578
-721
100
-706
-112
-404
-236
459
-630
922
277
-452
219
-669
527
323
-260
198
704
-140
-135
146
336
-710
-299
-713
-82
-827
833
-686
389
-170
53
-363
-977
926
400
187
-678
55
-235
906
-638
-323
934
-185
-18
-325
76
533
896
-517
-884
-736
306
243
265
563
939
-375
-248
900
-620
-42
-266
-749
387
-162
26
-185
43
578
634
563
732
798
555
-598
-277
871
-569
410
-590
580
-823
-302
-898
878
726
458
-85
-790
308
816
-733
-480
12
611
815
571
-308
-857
-458
-444
-529
994
511
-607
-876
404
462
-616
479
-429
-770
637
578
342
-581
-924
392
429
406
-75
811
948
421
-100
144
899
-234
-50
382
904
882
-778
450
-530
-244
-194
-790
682
708
463
664
471
-898
414
617
-596
-498
774
-934
-156
-614
587
845
-967
-51
110
-145
317
-807
676
49
276
-351
847
-58
-816
58
429
672
-809
-180
143
-556
721
-544
140
-726
-493
-170
715
-48
901
-935
362
-80
35
794
937
992
418
-761
834
-678
-269
-373
76
867
-880
661
114
117
353
32
965
653
913
-293
-606
779
-819
211
-926
-226
-233
-752
-332
-200
-132
679
-609
833
99
-974
-450
932
-906
-517
926
-342
-686
858
315
407
-643
-248
124
479
-560
633
207
-983
-413
649
-948
850
-437
357
470
-903
-556
71
585
607
-4
211
510
380
-47
-966
-724
-335
228
265
161
-516
-671
-453
-138
457
5
-57
-215
-142
170
962
628
-55
-694
259
-192
-629
-67
824
-495
51
302
16
-249
131
-971
-313
95
808
-392
-349
-547
-151
60
-171
-961
57
-34
-484
-288
-54
413
-212
-439
650
792
-119
-329
305
598
-298
402
-526
-132
71
977
-681
548
604
-265
-522
-606
748
-263
-677
233
-124
-682
423
-12
-236
323
-85
514
-210
647
541
725
893
-47
554
898
-916
329
-747
186
-36
956
85
162
-954
-380
-415
-488
-798
-230
816
32
413
775
407
848
175
-916
979
259
240
-780
-97
-667
-156
-600
730
408
346
-655
-849
-549
-12
-988
896
-276
-239
-847
-676
583
763
508
168
-636
-804
972
-499
381
338
-854
-616
74
-538
543
-787
-399
15
44
528
50
677
689
-895
392
-439
-172
-81
-615
-872
-186
-990
-562
-198
-540
-992
411
964
901
523
797
244
722
-919
-944
849
803
-421
-844
-324
697
-679
41
-913
207
-588
-750
677
157
-163
740
937
851
260
-329
-783
-605
191
-458
942
-892
21
715
467
998
678
-642
-633
-677
-892
-183
-737
138
-139
-384
613
-964
-270
36
-255
-720
-773
-253
-560
5
641
129
32
-10
216
605
-670
816
952
383
239
846
-170
-124
382
536
-373
-106
-636
-929
511
-34
808
827
406
673
-665
11
-970
-567
-320
-81
472
-450
-656
313
267
-54
-901
892
-795
-305
788
-296
507
-816
-670
-872
788
955
-703
317
319
749
604
231
559
-211
-205
459
75
-892
-876
-944
-440
-813
519
465
853
-762
-208
560
-531
468
-632
-153
-906
-509
163
-150
705
-98
-446
-767
481
461
876
162
-146
199
909
541
-751
301
-209
221
-119
843
-938
570
-845
813
757
-184
-957
385
-88
-33
34
457
-138
861
-701
-175
-372
-411
-481
-642
-552
-494
-561
728
862
841
-800
491
33
-899
-762
-726
524
-55
-66
-244
875
831
-321
438
25
432
-635
467
-629
-403
145
229
323
675
333
711
-713
-996
-806
-571
419
360
927
-722
-898
-651
312
713
-516
377
-364
57
-335
-113
193
-325
39
-370
-217
579
-922
159
-463
222
613
181
-743
-408
-997
573
909
506
288
-971
-672
973
-134
181
-357
-281
58
652
54
233
933
-945
760
495
679
-259
369
298
-717
805
-939
-748
-901
